"method","variant","system","output","input","value","local_gradient_std","sample_count","allowed_by_graph","controls","runtime_seconds","basis_terms","operating_input","basis_coefficients","raw_value","source_row_index","u","x1","x2","kernel","ridge_alpha","epochs","hidden","layers","batch_size","learning_rate","window","fd_relative_step","depth","rollout_horizon","ridge","solve_method","ss_max_steps","ss_steps_done","ss_residual_mean","ss_residual_max","pinv_rcond"
"dml_basis","graph_control","low_dim","x1","u","2.229968215312452","0.8574784472340017","13.0","True","[]","0.0318496000254526","linear,square,cube,tanh,signed_log1p","0.11380862202514154","{""linear"": -2.589224574980508, ""square"": 0.0038900879292746724, ""cube"": 0.023282382351927325, ""tanh"": -1.3419959481605566, ""signed_log1p"": 6.841196920993524}","","","","","","","","","","","","","","","","","","","","","","",""
"dml_basis","graph_control","low_dim","x2","u","0.0","0.0","13.0","False","[]","0.0318496000254526","","","","","","","","","","","","","","","","","","","","","","","","","",""
"dml_basis","graph_zero","low_dim","x1","u","2.229968215312452","0.8574784472340017","13.0","True","[]","0.0468630000250414","linear,square,cube,tanh,signed_log1p","0.11380862202514154","{""linear"": -2.589224574980508, ""square"": 0.0038900879292746724, ""cube"": 0.023282382351927325, ""tanh"": -1.3419959481605566, ""signed_log1p"": 6.841196920993524}","2.229968215312452","","","","","","","","","","","","","","","","","","","","","",""
"dml_basis","graph_zero","low_dim","x2","u","0.0","0.2785608470699646","13.0","False","[]","0.0468630000250414","linear,square,cube,tanh,signed_log1p","0.11380862202514154","{""linear"": 0.7125947786829394, ""square"": -0.03506897867905643, ""cube"": -0.20514754883225478, ""tanh"": -3.555729853675783, ""signed_log1p"": 3.1992935746740394}","0.0589623615842036","","","","","","","","","","","","","","","","","","","","","",""
"dml_basis","pure","low_dim","x1","u","2.229968215312452","0.8574784472340017","13.0","","[]","0.0255503000225871","linear,square,cube,tanh,signed_log1p","0.11380862202514154","{""linear"": -2.589224574980508, ""square"": 0.0038900879292746724, ""cube"": 0.023282382351927325, ""tanh"": -1.3419959481605566, ""signed_log1p"": 6.841196920993524}","","","","","","","","","","","","","","","","","","","","","","",""
"dml_basis","pure","low_dim","x2","u","0.0589623615842036","0.2785608470699646","13.0","","[]","0.0255503000225871","linear,square,cube,tanh,signed_log1p","0.11380862202514154","{""linear"": 0.7125947786829394, ""square"": -0.03506897867905643, ""cube"": -0.20514754883225478, ""tanh"": -3.555729853675783, ""signed_log1p"": 3.1992935746740394}","","","","","","","","","","","","","","","","","","","","","","",""
"","","","","","","","","","","","","","","","3.0","0.0","1.6094637470293598","2.188433274403022","","","","","","","","","","","","","","","","","",""
"","","","","","","","","","","","","","","","11.0","0.5003818664186679","2.4816199107426606","2.206236521990606","","","","","","","","","","","","","","","","","",""
"","","","","","","","","","","","","","","","19.0","1.588855203878302","2.838549071145969","2.17128239641392","","","","","","","","","","","","","","","","","",""
"","","","","","","","","","","","","","","","27.0","1.102742760980774","2.807008611849329","2.202442620643412","","","","","","","","","","","","","","","","","",""
"","","","","","","","","","","","","","","","35.0","-1.0991712400376326","0.4680938511749171","2.10965266512686","","","","","","","","","","","","","","","","","",""
"","","","","","","","","","","","","","","","43.0","-0.7993348603550983","0.5563359403378797","2.1778995233441028","","","","","","","","","","","","","","","","","",""
"","","","","","","","","","","","","","","","51.0","1.4942137815850476","2.910103001164049","2.2843986621623573","","","","","","","","","","","","","","","","","",""
"","","","","","","","","","","","","","","","59.0","-1.978938781737701","0.3996486866294592","2.186173994043572","","","","","","","","","","","","","","","","","",""
"","","","","","","","","","","","","","","","67.0","1.2849136735310651","2.888236708614542","2.2318720075117167","","","","","","","","","","","","","","","","","",""
"","","","","","","","","","","","","","","","75.0","1.188277715008185","2.834169878615618","2.176941492972454","","","","","","","","","","","","","","","","","",""
"","","","","","","","","","","","","","","","83.0","-0.1282601886251169","1.2934820044066508","2.2150787263418628","","","","","","","","","","","","","","","","","",""
"","","","","","","","","","","","","","","","91.0","-0.7878702927227459","0.5661045258735347","2.175158502175819","","","","","","","","","","","","","","","","","",""
"","","","","","","","","","","","","","","","99.0","-0.8862975515969067","0.5017730435888611","2.2568887535645854","","","","","","","","","","","","","","","","","",""
"dml_basis","graph_control","low_dim","x1","u","2.2081795276336016","0.8453446906948632","13.0","True","[]","0.0288781999843195","linear,square,cube,tanh,signed_log1p","0.11380862202514154","{""linear"": -2.4993219811843175, ""square"": 0.004938837638403816, ""cube"": 0.020922211756582387, ""tanh"": -1.2479802750443385, ""signed_log1p"": 6.613259697721067}","","","","","","","","","","","","","","","","","","","","","","",""
"dml_basis","graph_control","low_dim","x2","u","0.0","0.0","13.0","False","[]","0.0288781999843195","","","","","","","","","","","","","","","","","","","","","","","","","",""
"dml_basis","graph_zero","low_dim","x1","u","2.2081795276336016","0.8453446906948632","13.0","True","[]","0.0409325000364333","linear,square,cube,tanh,signed_log1p","0.11380862202514154","{""linear"": -2.4993219811843175, ""square"": 0.004938837638403816, ""cube"": 0.020922211756582387, ""tanh"": -1.2479802750443385, ""signed_log1p"": 6.613259697721067}","2.2081795276336016","","","","","","","","","","","","","","","","","","","","","",""
"dml_basis","graph_zero","low_dim","x2","u","0.0","0.2953993751651663","13.0","False","[]","0.0409325000364333","linear,square,cube,tanh,signed_log1p","0.11380862202514154","{""linear"": 0.8766085083319708, ""square"": -0.037038911715620855, ""cube"": -0.22189565154432886, ""tanh"": -3.69872565212398, ""signed_log1p"": 3.144669108717001}","0.0316744253368694","","","","","","","","","","","","","","","","","","","","","",""
"dml_basis","pure","low_dim","x1","u","2.2081795276336016","0.8453446906948632","13.0","","[]","0.0256752000423148","linear,square,cube,tanh,signed_log1p","0.11380862202514154","{""linear"": -2.4993219811843175, ""square"": 0.004938837638403816, ""cube"": 0.020922211756582387, ""tanh"": -1.2479802750443385, ""signed_log1p"": 6.613259697721067}","","","","","","","","","","","","","","","","","","","","","","",""
"dml_basis","pure","low_dim","x2","u","0.0316744253368694","0.2953993751651663","13.0","","[]","0.0256752000423148","linear,square,cube,tanh,signed_log1p","0.11380862202514154","{""linear"": 0.8766085083319708, ""square"": -0.037038911715620855, ""cube"": -0.22189565154432886, ""tanh"": -3.69872565212398, ""signed_log1p"": 3.144669108717001}","","","","","","","","","","","","","","","","","","","","","","",""
"","","","","","","","","","","","","","","","3.0","0.0","1.6","2.18","","","","","","","","","","","","","","","","","",""
"","","","","","","","","","","","","","","","11.0","0.5003818664186679","2.48","2.2","","","","","","","","","","","","","","","","","",""
"","","","","","","","","","","","","","","","19.0","1.588855203878302","2.84","2.18","","","","","","","","","","","","","","","","","",""
"","","","","","","","","","","","","","","","27.0","1.102742760980774","2.8000000000000003","2.2","","","","","","","","","","","","","","","","","",""
"","","","","","","","","","","","","","","","35.0","-1.0991712400376326","0.46","2.1","","","","","","","","","","","","","","","","","",""
"","","","","","","","","","","","","","","","43.0","-0.7993348603550983","0.56","2.18","","","","","","","","","","","","","","","","","",""
"","","","","","","","","","","","","","","","51.0","1.4942137815850476","2.92","2.28","","","","","","","","","","","","","","","","","",""
"","","","","","","","","","","","","","","","59.0","-1.978938781737701","0.4","2.18","","","","","","","","","","","","","","","","","",""
"","","","","","","","","","","","","","","","67.0","1.2849136735310651","2.88","2.24","","","","","","","","","","","","","","","","","",""
"","","","","","","","","","","","","","","","75.0","1.188277715008185","2.84","2.18","","","","","","","","","","","","","","","","","",""
"","","","","","","","","","","","","","","","83.0","-0.1282601886251169","1.3","2.22","","","","","","","","","","","","","","","","","",""
"","","","","","","","","","","","","","","","91.0","-0.7878702927227459","0.56","2.18","","","","","","","","","","","","","","","","","",""
"","","","","","","","","","","","","","","","99.0","-0.8862975515969067","0.5","2.26","","","","","","","","","","","","","","","","","",""
"dml_basis","graph_control","low_dim","x1","u","2.2739682255049702","0.9405025760726952","13.0","True","[""x2""]","11.562724699964749","linear,square,cube,tanh,signed_log1p","0.11380862202514154","{""linear"": -2.6006482765813796, ""square"": -0.05465438941252296, ""cube"": -0.005290597494005109, ""tanh"": -1.5891836013523946, ""signed_log1p"": 7.190791524424238}","","","","","","","","","","","","","","","","","","","","","","",""
"dml_basis","graph_control","low_dim","x2","u","0.0","0.0","13.0","False","[]","11.562724699964749","","","","","","","","","","","","","","","","","","","","","","","","","",""
"dml_basis","graph_zero","low_dim","x1","u","2.8791160678807346","1.215174923486498","13.0","True","[]","0.0386894000694155","linear,square,cube,tanh,signed_log1p","0.11380862202514154","{""linear"": -5.46213698121546, ""square"": -0.02445312117872353, ""cube"": 0.20751671003615002, ""tanh"": -1.493389306552225, ""signed_log1p"": 10.929767938616196}","2.8791160678807346","","","","","","","","","","","","","","","","","","","","","",""
"dml_basis","graph_zero","low_dim","x2","u","0.0","0.5543063324560885","13.0","False","[]","0.0386894000694155","linear,square,cube,tanh,signed_log1p","0.11380862202514154","{""linear"": -3.5646158697094115, ""square"": 0.04706337109261114, ""cube"": 0.21662789595103, ""tanh"": -0.8980984043119968, ""signed_log1p"": 5.854131640236717}","0.8239068058760886","","","","","","","","","","","","","","","","","","","","","",""
"dml_basis","pure","low_dim","x1","u","2.8791160678807346","1.215174923486498","13.0","","[]","0.0256680999882519","linear,square,cube,tanh,signed_log1p","0.11380862202514154","{""linear"": -5.46213698121546, ""square"": -0.02445312117872353, ""cube"": 0.20751671003615002, ""tanh"": -1.493389306552225, ""signed_log1p"": 10.929767938616196}","","","","","","","","","","","","","","","","","","","","","","",""
"dml_basis","pure","low_dim","x2","u","0.8239068058760886","0.5543063324560885","13.0","","[]","0.0256680999882519","linear,square,cube,tanh,signed_log1p","0.11380862202514154","{""linear"": -3.5646158697094115, ""square"": 0.04706337109261114, ""cube"": 0.21662789595103, ""tanh"": -0.8980984043119968, ""signed_log1p"": 5.854131640236717}","","","","","","","","","","","","","","","","","","","","","","",""
"","","","","","","","","","","","","","","","3.0","0.0","1.5866858052845214","2.0904868646059733","","","","","","","","","","","","","","","","","",""
"","","","","","","","","","","","","","","","11.0","0.5003818664186679","2.3732551109643394","2.1191062480717267","","","","","","","","","","","","","","","","","",""
"","","","","","","","","","","","","","","","19.0","1.588855203878302","2.5584558780870816","2.0560487718976","","","","","","","","","","","","","","","","","",""
"","","","","","","","","","","","","","","","27.0","1.102742760980774","2.531151633631555","2.054815413110572","","","","","","","","","","","","","","","","","",""
"","","","","","","","","","","","","","","","35.0","-1.0991712400376326","0.1730772612649535","2.0460332196051496","","","","","","","","","","","","","","","","","",""
"","","","","","","","","","","","","","","","43.0","-0.7993348603550983","0.3041936951579988","2.002378251547833","","","","","","","","","","","","","","","","","",""
"","","","","","","","","","","","","","","","51.0","1.4942137815850476","2.580983127020092","1.9992388507220271","","","","","","","","","","","","","","","","","",""
"","","","","","","","","","","","","","","","59.0","-1.978938781737701","0.0193149918688783","1.9953076853295035","","","","","","","","","","","","","","","","","",""
"","","","","","","","","","","","","","","","67.0","1.2849136735310651","2.363039835778558","1.9577920476393","","","","","","","","","","","","","","","","","",""
"","","","","","","","","","","","","","","","75.0","1.188277715008185","2.4894132464766123","1.9018601684564755","","","","","","","","","","","","","","","","","",""
"","","","","","","","","","","","","","","","83.0","-0.1282601886251169","0.957516674425604","1.7898595518102125","","","","","","","","","","","","","","","","","",""
"","","","","","","","","","","","","","","","91.0","-0.7878702927227459","0.0505436653146835","1.7593032380654572","","","","","","","","","","","","","","","","","",""
"","","","","","","","","","","","","","","","99.0","-0.8862975515969067","0.1135084314269204","1.8341302305894391","","","","","","","","","","","","","","","","","",""
"dml_basis","graph_control","low_dim","x1","u","2.281204520208627","0.8447387428411236","13.0","True","[]","0.0301980000222101","linear,square,cube,tanh,signed_log1p","0.11380862202514154","{""linear"": -3.1792643010329744, ""square"": 0.023524120240845825, ""cube"": 0.1392977773555136, ""tanh"": 0.4361851115707382, ""signed_log1p"": 5.590336578224781}","","","","","","","","","","","","","","","","","","","","","","",""
"dml_basis","graph_control","low_dim","x2","u","0.0","0.0","13.0","False","[]","0.0301980000222101","","","","","","","","","","","","","","","","","","","","","","","","","",""
"dml_basis","graph_zero","low_dim","x1","u","2.281204520208627","0.8447387428411236","13.0","True","[]","0.0374562999932095","linear,square,cube,tanh,signed_log1p","0.11380862202514154","{""linear"": -3.1792643010329744, ""square"": 0.023524120240845825, ""cube"": 0.1392977773555136, ""tanh"": 0.4361851115707382, ""signed_log1p"": 5.590336578224781}","2.281204520208627","","","","","","","","","","","","","","","","","","","","","",""
"dml_basis","graph_zero","low_dim","x2","u","0.0","0.2219057966909302","13.0","False","[]","0.0374562999932095","linear,square,cube,tanh,signed_log1p","0.11380862202514154","{""linear"": 0.4721107657483162, ""square"": -0.02675901123959592, ""cube"": -0.15829908272771095, ""tanh"": -2.847812657830435, ""signed_log1p"": 2.708367960675303}","0.08025382105476","","","","","","","","","","","","","","","","","","","","","",""
"dml_basis","pure","low_dim","x1","u","2.281204520208627","0.8447387428411236","13.0","","[]","0.0253306999802589","linear,square,cube,tanh,signed_log1p","0.11380862202514154","{""linear"": -3.1792643010329744, ""square"": 0.023524120240845825, ""cube"": 0.1392977773555136, ""tanh"": 0.4361851115707382, ""signed_log1p"": 5.590336578224781}","","","","","","","","","","","","","","","","","","","","","","",""
"dml_basis","pure","low_dim","x2","u","0.08025382105476","0.2219057966909302","13.0","","[]","0.0253306999802589","linear,square,cube,tanh,signed_log1p","0.11380862202514154","{""linear"": 0.4721107657483162, ""square"": -0.02675901123959592, ""cube"": -0.15829908272771095, ""tanh"": -2.847812657830435, ""signed_log1p"": 2.708367960675303}","","","","","","","","","","","","","","","","","","","","","","",""
"","","","","","","","","","","","","","","","3.0","0.0","1.6423327690471845","2.199511659249488","","","","","","","","","","","","","","","","","",""
"","","","","","","","","","","","","","","","11.0","0.5003818664186679","2.4933467336394006","2.2096587319143617","","","","","","","","","","","","","","","","","",""
"","","","","","","","","","","","","","","","19.0","1.588855203878302","2.894566254551655","2.1934317060303203","","","","","","","","","","","","","","","","","",""
"","","","","","","","","","","","","","","","27.0","1.102742760980774","2.8580978502802203","2.223608151535239","","","","","","","","","","","","","","","","","",""
"","","","","","","","","","","","","","","","35.0","-1.0991712400376326","0.4797424851493434","2.1137575342716857","","","","","","","","","","","","","","","","","",""
"","","","","","","","","","","","","","","","43.0","-0.7993348603550983","0.5373183886218545","2.1707082973436296","","","","","","","","","","","","","","","","","",""
"","","","","","","","","","","","","","","","51.0","1.4942137815850476","2.8723757894991686","2.269433222390612","","","","","","","","","","","","","","","","","",""
"","","","","","","","","","","","","","","","59.0","-1.978938781737701","0.3915324770353733","2.1815734671082967","","","","","","","","","","","","","","","","","",""
"","","","","","","","","","","","","","","","67.0","1.2849136735310651","2.8874130493045675","2.2315299886402364","","","","","","","","","","","","","","","","","",""
"","","","","","","","","","","","","","","","75.0","1.188277715008185","2.7979539466047094","2.1607942919272167","","","","","","","","","","","","","","","","","",""
"","","","","","","","","","","","","","","","83.0","-0.1282601886251169","1.268597535691603","2.203258770697638","","","","","","","","","","","","","","","","","",""
"","","","","","","","","","","","","","","","91.0","-0.7878702927227459","0.5364954371302191","2.161786998145946","","","","","","","","","","","","","","","","","",""
"","","","","","","","","","","","","","","","99.0","-0.8862975515969067","0.4490777951598964","2.234460621633892","","","","","","","","","","","","","","","","","",""
"dml_basis","graph_control","low_dim","x1","u","2.3216351793161047","0.8683070856951322","13.0","True","[]","0.0322801999282091","linear,square,cube,tanh,signed_log1p","0.11380862202514154","{""linear"": -3.2855386353704814, ""square"": 0.02498378608611732, ""cube"": 0.13163616520755358, ""tanh"": 0.06743482278328758, ""signed_log1p"": 6.15914247494388}","","","","","","","","","","","","","","","","","","","","","","",""
"dml_basis","graph_control","low_dim","x2","u","0.0","0.0","13.0","False","[]","0.0322801999282091","","","","","","","","","","","","","","","","","","","","","","","","","",""
"dml_basis","graph_zero","low_dim","x1","u","2.3216351793161047","0.8683070856951322","13.0","True","[]","0.0341655000811442","linear,square,cube,tanh,signed_log1p","0.11380862202514154","{""linear"": -3.2855386353704814, ""square"": 0.02498378608611732, ""cube"": 0.13163616520755358, ""tanh"": 0.06743482278328758, ""signed_log1p"": 6.15914247494388}","2.3216351793161047","","","","","","","","","","","","","","","","","","","","","",""
"dml_basis","graph_zero","low_dim","x2","u","0.0","0.2164865693758555","13.0","False","[]","0.0341655000811442","linear,square,cube,tanh,signed_log1p","0.11380862202514154","{""linear"": 0.4991632943430729, ""square"": -0.02490485259287649, ""cube"": -0.15764803147553874, ""tanh"": -2.839593015159404, ""signed_log1p"": 2.653161967426741}","0.0663027154660067","","","","","","","","","","","","","","","","","","","","","",""
"dml_basis","pure","low_dim","x1","u","2.3216351793161047","0.8683070856951322","13.0","","[]","0.0255076999310404","linear,square,cube,tanh,signed_log1p","0.11380862202514154","{""linear"": -3.2855386353704814, ""square"": 0.02498378608611732, ""cube"": 0.13163616520755358, ""tanh"": 0.06743482278328758, ""signed_log1p"": 6.15914247494388}","","","","","","","","","","","","","","","","","","","","","","",""
"dml_basis","pure","low_dim","x2","u","0.0663027154660067","0.2164865693758555","13.0","","[]","0.0255076999310404","linear,square,cube,tanh,signed_log1p","0.11380862202514154","{""linear"": 0.4991632943430729, ""square"": -0.02490485259287649, ""cube"": -0.15764803147553874, ""tanh"": -2.839593015159404, ""signed_log1p"": 2.653161967426741}","","","","","","","","","","","","","","","","","","","","","","",""
"","","","","","","","","","","","","","","","3.0","0.0","1.64","2.2","","","","","","","","","","","","","","","","","",""
"","","","","","","","","","","","","","","","11.0","0.5003818664186679","2.5","2.2","","","","","","","","","","","","","","","","","",""
"","","","","","","","","","","","","","","","19.0","1.588855203878302","2.9","2.2","","","","","","","","","","","","","","","","","",""
"","","","","","","","","","","","","","","","27.0","1.102742760980774","2.86","2.22","","","","","","","","","","","","","","","","","",""
"","","","","","","","","","","","","","","","35.0","-1.0991712400376326","0.48","2.12","","","","","","","","","","","","","","","","","",""
"","","","","","","","","","","","","","","","43.0","-0.7993348603550983","0.54","2.18","","","","","","","","","","","","","","","","","",""
"","","","","","","","","","","","","","","","51.0","1.4942137815850476","2.88","2.26","","","","","","","","","","","","","","","","","",""
"","","","","","","","","","","","","","","","59.0","-1.978938781737701","0.4","2.18","","","","","","","","","","","","","","","","","",""
"","","","","","","","","","","","","","","","67.0","1.2849136735310651","2.88","2.24","","","","","","","","","","","","","","","","","",""
"","","","","","","","","","","","","","","","75.0","1.188277715008185","2.8000000000000003","2.16","","","","","","","","","","","","","","","","","",""
"","","","","","","","","","","","","","","","83.0","-0.1282601886251169","1.26","2.2","","","","","","","","","","","","","","","","","",""
"","","","","","","","","","","","","","","","91.0","-0.7878702927227459","0.54","2.16","","","","","","","","","","","","","","","","","",""
"","","","","","","","","","","","","","","","99.0","-0.8862975515969067","0.44","2.24","","","","","","","","","","","","","","","","","",""
"dml_basis","graph_control","low_dim","x1","u","2.018171703350469","0.7794004269509818","13.0","True","[""x2""]","11.571413400000893","linear,square,cube,tanh,signed_log1p","0.11380862202514154","{""linear"": -2.1794679402973443, ""square"": -0.04586051433277552, ""cube"": 0.1271395971020147, ""tanh"": 2.4354708527438995, ""signed_log1p"": 2.0036770420193464}","","","","","","","","","","","","","","","","","","","","","","",""
"dml_basis","graph_control","low_dim","x2","u","0.0","0.0","13.0","False","[]","11.571413400000893","","","","","","","","","","","","","","","","","","","","","","","","","",""
"dml_basis","graph_zero","low_dim","x1","u","2.930352372776876","1.2350109878849855","13.0","True","[]","0.0366820000344887","linear,square,cube,tanh,signed_log1p","0.11380862202514154","{""linear"": -6.0521767072679316, ""square"": -0.004819088867152531, ""cube"": 0.32353210503973645, ""tanh"": 0.2847917531790392, ""signed_log1p"": 9.678907595847456}","2.930352372776876","","","","","","","","","","","","","","","","","","","","","",""
"dml_basis","graph_zero","low_dim","x2","u","0.0","0.5871638350331795","13.0","False","[]","0.0366820000344887","linear,square,cube,tanh,signed_log1p","0.11380862202514154","{""linear"": -3.805099882644036, ""square"": 0.05537333853207175, ""cube"": 0.26347636205557395, ""tanh"": -0.19018120846664546, ""signed_log1p"": 5.36320602623798}","0.8451982653466468","","","","","","","","","","","","","","","","","","","","","",""
"dml_basis","pure","low_dim","x1","u","2.930352372776876","1.2350109878849855","13.0","","[]","0.0271580000407993","linear,square,cube,tanh,signed_log1p","0.11380862202514154","{""linear"": -6.0521767072679316, ""square"": -0.004819088867152531, ""cube"": 0.32353210503973645, ""tanh"": 0.2847917531790392, ""signed_log1p"": 9.678907595847456}","","","","","","","","","","","","","","","","","","","","","","",""
"dml_basis","pure","low_dim","x2","u","0.8451982653466468","0.5871638350331795","13.0","","[]","0.0271580000407993","linear,square,cube,tanh,signed_log1p","0.11380862202514154","{""linear"": -3.805099882644036, ""square"": 0.05537333853207175, ""cube"": 0.26347636205557395, ""tanh"": -0.19018120846664546, ""signed_log1p"": 5.36320602623798}","","","","","","","","","","","","","","","","","","","","","","",""
"","","","","","","","","","","","","","","","3.0","0.0","1.619554827302346","2.101565249452439","","","","","","","","","","","","","","","","","",""
"","","","","","","","","","","","","","","","11.0","0.5003818664186679","2.38498193386108","2.1225284579954824","","","","","","","","","","","","","","","","","",""
"","","","","","","","","","","","","","","","19.0","1.588855203878302","2.614473061492767","2.0781980815140004","","","","","","","","","","","","","","","","","",""
"","","","","","","","","","","","","","","","27.0","1.102742760980774","2.5822408720624463","2.0759809440024","","","","","","","","","","","","","","","","","",""
"","","","","","","","","","","","","","","","35.0","-1.0991712400376326","0.1847258952393798","2.0501380887499754","","","","","","","","","","","","","","","","","",""
"","","","","","","","","","","","","","","","43.0","-0.7993348603550983","0.2851761434419737","1.99518702554736","","","","","","","","","","","","","","","","","",""
"","","","","","","","","","","","","","","","51.0","1.4942137815850476","2.543255915355211","1.984273410950281","","","","","","","","","","","","","","","","","",""
"","","","","","","","","","","","","","","","59.0","-1.978938781737701","0.0111987822747924","1.9907071583942284","","","","","","","","","","","","","","","","","",""
"","","","","","","","","","","","","","","","67.0","1.2849136735310651","2.3622161764685834","1.95745002876782","","","","","","","","","","","","","","","","","",""
"","","","","","","","","","","","","","","","75.0","1.188277715008185","2.453197314465703","1.8857129674112376","","","","","","","","","","","","","","","","","",""
"","","","","","","","","","","","","","","","83.0","-0.1282601886251169","0.9326322057105564","1.7780395961659876","","","","","","","","","","","","","","","","","",""
"","","","","","","","","","","","","","","","91.0","-0.7878702927227459","0.0209345765713679","1.7459317340355844","","","","","","","","","","","","","","","","","",""
"","","","","","","","","","","","","","","","99.0","-0.8862975515969067","0.0608131829979556","1.811702098658745","","","","","","","","","","","","","","","","","",""
"dml_basis","graph_control","low_dim","x1","u","2.047600465872968","0.766185066092328","13.0","True","[]","0.0330263000214472","linear,square,cube,tanh,signed_log1p","0.11380862202514154","{""linear"": -1.8782014486937213, ""square"": 0.01058961140329497, ""cube"": 0.01361543066409212, ""tanh"": -0.22970857192105132, ""signed_log1p"": 4.621883956318852}","","","","","","","","","","","","","","","","","","","","","","",""
"dml_basis","graph_control","low_dim","x2","u","0.0","0.0","13.0","False","[]","0.0330263000214472","","","","","","","","","","","","","","","","","","","","","","","","","",""
"dml_basis","graph_zero","low_dim","x1","u","2.047600465872968","0.766185066092328","13.0","True","[]","0.0388526999158784","linear,square,cube,tanh,signed_log1p","0.11380862202514154","{""linear"": -1.8782014486937213, ""square"": 0.01058961140329497, ""cube"": 0.01361543066409212, ""tanh"": -0.22970857192105132, ""signed_log1p"": 4.621883956318852}","2.047600465872968","","","","","","","","","","","","","","","","","","","","","",""
"dml_basis","graph_zero","low_dim","x2","u","0.0","0.2770451962471606","13.0","False","[]","0.0388526999158784","linear,square,cube,tanh,signed_log1p","0.11380862202514154","{""linear"": 0.9631824773304811, ""square"": -0.03182284346896606, ""cube"": -0.20712462422752262, ""tanh"": -3.1291316504464213, ""signed_log1p"": 2.37856615226686}","-0.005533538295591","","","","","","","","","","","","","","","","","","","","","",""
"dml_basis","pure","low_dim","x1","u","2.047600465872968","0.766185066092328","13.0","","[]","0.0220716999610885","linear,square,cube,tanh,signed_log1p","0.11380862202514154","{""linear"": -1.8782014486937213, ""square"": 0.01058961140329497, ""cube"": 0.01361543066409212, ""tanh"": -0.22970857192105132, ""signed_log1p"": 4.621883956318852}","","","","","","","","","","","","","","","","","","","","","","",""
"dml_basis","pure","low_dim","x2","u","-0.005533538295591","0.2770451962471606","13.0","","[]","0.0220716999610885","linear,square,cube,tanh,signed_log1p","0.11380862202514154","{""linear"": 0.9631824773304811, ""square"": -0.03182284346896606, ""cube"": -0.20712462422752262, ""tanh"": -3.1291316504464213, ""signed_log1p"": 2.37856615226686}","","","","","","","","","","","","","","","","","","","","","","",""
"","","","","","","","","","","","","","","","3.0","0.0","1.627772773688431","2.1946875854966104","","","","","","","","","","","","","","","","","",""
"","","","","","","","","","","","","","","","11.0","0.5003818664186679","2.456877197758865","2.197537345144952","","","","","","","","","","","","","","","","","",""
"","","","","","","","","","","","","","","","19.0","1.588855203878302","2.895786934477079","2.193931152345705","","","","","","","","","","","","","","","","","",""
"","","","","","","","","","","","","","","","27.0","1.102742760980774","2.85837527467023","2.22464745636036","","","","","","","","","","","","","","","","","",""
"","","","","","","","","","","","","","","","35.0","-1.0991712400376326","0.4708740937552936","2.1104194573877604","","","","","","","","","","","","","","","","","",""
"","","","","","","","","","","","","","","","43.0","-0.7993348603550983","0.571043188055244","2.1815995018222827","","","","","","","","","","","","","","","","","",""
"","","","","","","","","","","","","","","","51.0","1.4942137815850476","2.9015232309725345","2.283763880704013","","","","","","","","","","","","","","","","","",""
"","","","","","","","","","","","","","","","59.0","-1.978938781737701","0.4552808679843553","2.206547808842416","","","","","","","","","","","","","","","","","",""
"","","","","","","","","","","","","","","","67.0","1.2849136735310651","2.945193824734148","2.2553152218070167","","","","","","","","","","","","","","","","","",""
"","","","","","","","","","","","","","","","75.0","1.188277715008185","2.829294116285015","2.173859325612641","","","","","","","","","","","","","","","","","",""
"","","","","","","","","","","","","","","","83.0","-0.1282601886251169","1.3313425265642238","2.227941331055371","","","","","","","","","","","","","","","","","",""
"","","","","","","","","","","","","","","","91.0","-0.7878702927227459","0.6002009207077468","2.1867576365628105","","","","","","","","","","","","","","","","","",""
"","","","","","","","","","","","","","","","99.0","-0.8862975515969067","0.4902005096858212","2.2525403727566826","","","","","","","","","","","","","","","","","",""
"dml_basis","graph_control","low_dim","x1","u","2.0247776803614825","0.739471021223996","13.0","True","[]","0.0292039000196382","linear,square,cube,tanh,signed_log1p","0.11380862202514154","{""linear"": -1.9491167003895908, ""square"": 0.016681144143956057, ""cube"": 0.04449482424958239, ""tanh"": 0.3409984146751719, ""signed_log1p"": 4.045073342343949}","","","","","","","","","","","","","","","","","","","","","","",""
"dml_basis","graph_control","low_dim","x2","u","0.0","0.0","13.0","False","[]","0.0292039000196382","","","","","","","","","","","","","","","","","","","","","","","","","",""
"dml_basis","graph_zero","low_dim","x1","u","2.0247776803614825","0.739471021223996","13.0","True","[]","0.0379036999074742","linear,square,cube,tanh,signed_log1p","0.11380862202514154","{""linear"": -1.9491167003895908, ""square"": 0.016681144143956057, ""cube"": 0.04449482424958239, ""tanh"": 0.3409984146751719, ""signed_log1p"": 4.045073342343949}","2.0247776803614825","","","","","","","","","","","","","","","","","","","","","",""
"dml_basis","graph_zero","low_dim","x2","u","0.0","0.254272727587584","13.0","False","[]","0.0379036999074742","linear,square,cube,tanh,signed_log1p","0.11380862202514154","{""linear"": 0.7921359353806572, ""square"": -0.028493703370066265, ""cube"": -0.18993124834623917, ""tanh"": -3.0646186160311424, ""signed_log1p"": 2.5266603008977127}","0.0214923085149369","","","","","","","","","","","","","","","","","","","","","",""
"dml_basis","pure","low_dim","x1","u","2.0247776803614825","0.739471021223996","13.0","","[]","0.0223448999458923","linear,square,cube,tanh,signed_log1p","0.11380862202514154","{""linear"": -1.9491167003895908, ""square"": 0.016681144143956057, ""cube"": 0.04449482424958239, ""tanh"": 0.3409984146751719, ""signed_log1p"": 4.045073342343949}","","","","","","","","","","","","","","","","","","","","","","",""
"dml_basis","pure","low_dim","x2","u","0.0214923085149369","0.254272727587584","13.0","","[]","0.0223448999458923","linear,square,cube,tanh,signed_log1p","0.11380862202514154","{""linear"": 0.7921359353806572, ""square"": -0.028493703370066265, ""cube"": -0.18993124834623917, ""tanh"": -3.0646186160311424, ""signed_log1p"": 2.5266603008977127}","","","","","","","","","","","","","","","","","","","","","","",""
"","","","","","","","","","","","","","","","3.0","0.0","1.62","2.2","","","","","","","","","","","","","","","","","",""
"","","","","","","","","","","","","","","","11.0","0.5003818664186679","2.46","2.2","","","","","","","","","","","","","","","","","",""
"","","","","","","","","","","","","","","","19.0","1.588855203878302","2.9","2.2","","","","","","","","","","","","","","","","","",""
"","","","","","","","","","","","","","","","27.0","1.102742760980774","2.86","2.22","","","","","","","","","","","","","","","","","",""
"","","","","","","","","","","","","","","","35.0","-1.0991712400376326","0.48","2.12","","","","","","","","","","","","","","","","","",""
"","","","","","","","","","","","","","","","43.0","-0.7993348603550983","0.58","2.18","","","","","","","","","","","","","","","","","",""
"","","","","","","","","","","","","","","","51.0","1.4942137815850476","2.9","2.28","","","","","","","","","","","","","","","","","",""
"","","","","","","","","","","","","","","","59.0","-1.978938781737701","0.46","2.2","","","","","","","","","","","","","","","","","",""
"","","","","","","","","","","","","","","","67.0","1.2849136735310651","2.94","2.26","","","","","","","","","","","","","","","","","",""
"","","","","","","","","","","","","","","","75.0","1.188277715008185","2.82","2.18","","","","","","","","","","","","","","","","","",""
"","","","","","","","","","","","","","","","83.0","-0.1282601886251169","1.34","2.22","","","","","","","","","","","","","","","","","",""
"","","","","","","","","","","","","","","","91.0","-0.7878702927227459","0.6","2.18","","","","","","","","","","","","","","","","","",""
"","","","","","","","","","","","","","","","99.0","-0.8862975515969067","0.5","2.26","","","","","","","","","","","","","","","","","",""
"dml_basis","graph_control","low_dim","x1","u","2.696748318441246","1.1060757968329586","13.0","True","[]","0.0340007999911904","linear,square,cube,tanh,signed_log1p","0.11380862202514154","{""linear"": -4.7511138549286756, ""square"": -0.017753597704703396, ""cube"": 0.19784975834831436, ""tanh"": -0.3811019303127339, ""signed_log1p"": 8.710454973941538}","","","","","","","","","","","","","","","","","","","","","","",""
"dml_basis","graph_control","low_dim","x2","u","0.0","0.0","13.0","False","[]","0.0340007999911904","","","","","","","","","","","","","","","","","","","","","","","","","",""
"dml_basis","graph_zero","low_dim","x1","u","2.696748318441246","1.1060757968329586","13.0","True","[]","0.0366609999909997","linear,square,cube,tanh,signed_log1p","0.11380862202514154","{""linear"": -4.7511138549286756, ""square"": -0.017753597704703396, ""cube"": 0.19784975834831436, ""tanh"": -0.3811019303127339, ""signed_log1p"": 8.710454973941538}","2.696748318441246","","","","","","","","","","","","","","","","","","","","","",""
"dml_basis","graph_zero","low_dim","x2","u","0.0","0.5132391393854518","13.0","False","[]","0.0366609999909997","linear,square,cube,tanh,signed_log1p","0.11380862202514154","{""linear"": -3.314028171061874, ""square"": 0.050309506302701465, ""cube"": 0.21465082055576234, ""tanh"": -0.47150020108263735, ""signed_log1p"": 5.033404217829547}","0.759410905996297","","","","","","","","","","","","","","","","","","","","","",""
"dml_basis","pure","low_dim","x1","u","2.696748318441246","1.1060757968329586","13.0","","[]","0.0265786999370902","linear,square,cube,tanh,signed_log1p","0.11380862202514154","{""linear"": -4.7511138549286756, ""square"": -0.017753597704703396, ""cube"": 0.19784975834831436, ""tanh"": -0.3811019303127339, ""signed_log1p"": 8.710454973941538}","","","","","","","","","","","","","","","","","","","","","","",""
"dml_basis","pure","low_dim","x2","u","0.759410905996297","0.5132391393854518","13.0","","[]","0.0265786999370902","linear,square,cube,tanh,signed_log1p","0.11380862202514154","{""linear"": -3.314028171061874, ""square"": 0.050309506302701465, ""cube"": 0.21465082055576234, ""tanh"": -0.47150020108263735, ""signed_log1p"": 5.033404217829547}","","","","","","","","","","","","","","","","","","","","","","",""
"","","","","","","","","","","","","","","","3.0","0.0","1.604994831943593","2.0967411756995618","","","","","","","","","","","","","","","","","",""
"","","","","","","","","","","","","","","","11.0","0.5003818664186679","2.348512397980544","2.110407071226073","","","","","","","","","","","","","","","","","",""
"","","","","","","","","","","","","","","","19.0","1.588855203878302","2.615693741418191","2.078697527829385","","","","","","","","","","","","","","","","","",""
"","","","","","","","","","","","","","","","27.0","1.102742760980774","2.582518296452456","2.07702024882752","","","","","","","","","","","","","","","","","",""
"","","","","","","","","","","","","","","","35.0","-1.0991712400376326","0.17585750384533","2.04680001186605","","","","","","","","","","","","","","","","","",""
"","","","","","","","","","","","","","","","43.0","-0.7993348603550983","0.3189009428753631","2.006078230026013","","","","","","","","","","","","","","","","","",""
"","","","","","","","","","","","","","","","51.0","1.4942137815850476","2.572403356828577","1.9986040692636824","","","","","","","","","","","","","","","","","",""
"","","","","","","","","","","","","","","","59.0","-1.978938781737701","0.0749471732237745","2.0156815001283475","","","","","","","","","","","","","","","","","",""
"","","","","","","","","","","","","","","","67.0","1.2849136735310651","2.419996951898164","1.9812352619346","","","","","","","","","","","","","","","","","",""
"","","","","","","","","","","","","","","","75.0","1.188277715008185","2.4845374841460086","1.8987780010966624","","","","","","","","","","","","","","","","","",""
"","","","","","","","","","","","","","","","83.0","-0.1282601886251169","0.995377196583177","1.8027221565237208","","","","","","","","","","","","","","","","","",""
"","","","","","","","","","","","","","","","91.0","-0.7878702927227459","0.0846400601488956","1.7709023724524489","","","","","","","","","","","","","","","","","",""
"","","","","","","","","","","","","","","","99.0","-0.8862975515969067","0.1019358975238804","1.8297818497815364","","","","","","","","","","","","","","","","","",""
"dml_basis","graph_control","low_dim","x1","u","2.105873471750052","0.7766887188438947","13.0","True","[]","0.0322586999973282","linear,square,cube,tanh,signed_log1p","0.11380862202514154","{""linear"": -2.3102937970724597, ""square"": 0.006321020231025007, ""cube"": 0.06865426873318876, ""tanh"": 0.3211488261780569, ""signed_log1p"": 4.56108634715532}","","","","","","","","","","","","","","","","","","","","","","",""
"dml_basis","graph_control","low_dim","x2","u","0.0","0.0","13.0","False","[]","0.0322586999973282","","","","","","","","","","","","","","","","","","","","","","","","","",""
"dml_basis","graph_zero","low_dim","x1","u","2.105873471750052","0.7766887188438947","13.0","True","[]","0.0398494000546634","linear,square,cube,tanh,signed_log1p","0.11380862202514154","{""linear"": -2.3102937970724597, ""square"": 0.006321020231025007, ""cube"": 0.06865426873318876, ""tanh"": 0.3211488261780569, ""signed_log1p"": 4.56108634715532}","2.105873471750052","","","","","","","","","","","","","","","","","","","","","",""
"dml_basis","graph_zero","low_dim","x2","u","0.0","0.2553537169062059","13.0","False","[]","0.0398494000546634","linear,square,cube,tanh,signed_log1p","0.11380862202514154","{""linear"": 0.8048924719124272, ""square"": -0.0335772435053005, ""cube"": -0.19004834677583646, ""tanh"": -3.0027437917632187, ""signed_log1p"": 2.442311094043774}","0.0184370291279671","","","","","","","","","","","","","","","","","","","","","",""
"dml_basis","pure","low_dim","x1","u","2.105873471750052","0.7766887188438947","13.0","","[]","0.0298113001044839","linear,square,cube,tanh,signed_log1p","0.11380862202514154","{""linear"": -2.3102937970724597, ""square"": 0.006321020231025007, ""cube"": 0.06865426873318876, ""tanh"": 0.3211488261780569, ""signed_log1p"": 4.56108634715532}","","","","","","","","","","","","","","","","","","","","","","",""
"dml_basis","pure","low_dim","x2","u","0.0184370291279671","0.2553537169062059","13.0","","[]","0.0298113001044839","linear,square,cube,tanh,signed_log1p","0.11380862202514154","{""linear"": 0.8048924719124272, ""square"": -0.0335772435053005, ""cube"": -0.19004834677583646, ""tanh"": -3.0027437917632187, ""signed_log1p"": 2.442311094043774}","","","","","","","","","","","","","","","","","","","","","","",""
"","","","","","","","","","","","","","","","3.0","0.0","1.6421213246444035","2.199515847831928","","","","","","","","","","","","","","","","","",""
"","","","","","","","","","","","","","","","11.0","0.5003818664186679","2.4849666882578023","2.207796508395289","","","","","","","","","","","","","","","","","",""
"","","","","","","","","","","","","","","","19.0","1.588855203878302","2.854764775134263","2.1801451484665897","","","","","","","","","","","","","","","","","",""
"","","","","","","","","","","","","","","","27.0","1.102742760980774","2.826729890082998","2.210009189013113","","","","","","","","","","","","","","","","","",""
"","","","","","","","","","","","","","","","35.0","-1.0991712400376326","0.493582644671277","2.117752414255844","","","","","","","","","","","","","","","","","",""
"","","","","","","","","","","","","","","","43.0","-0.7993348603550983","0.5702349445055891","2.181424854971948","","","","","","","","","","","","","","","","","",""
"","","","","","","","","","","","","","","","51.0","1.4942137815850476","2.9152844023836777","2.286738741040807","","","","","","","","","","","","","","","","","",""
"","","","","","","","","","","","","","","","59.0","-1.978938781737701","0.4116930822125038","2.1923230630754764","","","","","","","","","","","","","","","","","",""
"","","","","","","","","","","","","","","","67.0","1.2849136735310651","2.9103280921487986","2.240361064546215","","","","","","","","","","","","","","","","","",""
"","","","","","","","","","","","","","","","75.0","1.188277715008185","2.8574068276301805","2.1843817952227336","","","","","","","","","","","","","","","","","",""
"","","","","","","","","","","","","","","","83.0","-0.1282601886251169","1.3339297192240187","2.22856517226126","","","","","","","","","","","","","","","","","",""
"","","","","","","","","","","","","","","","91.0","-0.7878702927227459","0.5918015388217264","2.184873771800009","","","","","","","","","","","","","","","","","",""
"","","","","","","","","","","","","","","","99.0","-0.8862975515969067","0.4692426403353897","2.245212145877862","","","","","","","","","","","","","","","","","",""
"dml_basis","graph_control","low_dim","x1","u","2.076784816682724","0.7611563184876706","13.0","True","[]","0.0319890000391751","linear,square,cube,tanh,signed_log1p","0.11380862202514154","{""linear"": -2.203731974213124, ""square"": 0.008446099447208557, ""cube"": 0.06545697368050606, ""tanh"": 0.41097299317723357, ""signed_log1p"": 4.310835106594901}","","","","","","","","","","","","","","","","","","","","","","",""
"dml_basis","graph_control","low_dim","x2","u","0.0","0.0","13.0","False","[]","0.0319890000391751","","","","","","","","","","","","","","","","","","","","","","","","","",""
"dml_basis","graph_zero","low_dim","x1","u","2.076784816682724","0.7611563184876706","13.0","True","[]","0.0378850999986752","linear,square,cube,tanh,signed_log1p","0.11380862202514154","{""linear"": -2.203731974213124, ""square"": 0.008446099447208557, ""cube"": 0.06545697368050606, ""tanh"": 0.41097299317723357, ""signed_log1p"": 4.310835106594901}","2.076784816682724","","","","","","","","","","","","","","","","","","","","","",""
"dml_basis","graph_zero","low_dim","x2","u","0.0","0.2475193378651363","13.0","False","[]","0.0378850999986752","linear,square,cube,tanh,signed_log1p","0.11380862202514154","{""linear"": 0.7953062848973431, ""square"": -0.030593947643124526, ""cube"": -0.18308758425163743, ""tanh"": -2.8288682205675175, ""signed_log1p"": 2.256117261318859}","0.0142745330938631","","","","","","","","","","","","","","","","","","","","","",""
"dml_basis","pure","low_dim","x1","u","2.076784816682724","0.7611563184876706","13.0","","[]","0.0242993999272584","linear,square,cube,tanh,signed_log1p","0.11380862202514154","{""linear"": -2.203731974213124, ""square"": 0.008446099447208557, ""cube"": 0.06545697368050606, ""tanh"": 0.41097299317723357, ""signed_log1p"": 4.310835106594901}","","","","","","","","","","","","","","","","","","","","","","",""
"dml_basis","pure","low_dim","x2","u","0.0142745330938631","0.2475193378651363","13.0","","[]","0.0242993999272584","linear,square,cube,tanh,signed_log1p","0.11380862202514154","{""linear"": 0.7953062848973431, ""square"": -0.030593947643124526, ""cube"": -0.18308758425163743, ""tanh"": -2.8288682205675175, ""signed_log1p"": 2.256117261318859}","","","","","","","","","","","","","","","","","","","","","","",""
"","","","","","","","","","","","","","","","3.0","0.0","1.64","2.2","","","","","","","","","","","","","","","","","",""
"","","","","","","","","","","","","","","","11.0","0.5003818664186679","2.48","2.2","","","","","","","","","","","","","","","","","",""
"","","","","","","","","","","","","","","","19.0","1.588855203878302","2.86","2.18","","","","","","","","","","","","","","","","","",""
"","","","","","","","","","","","","","","","27.0","1.102742760980774","2.82","2.22","","","","","","","","","","","","","","","","","",""
"","","","","","","","","","","","","","","","35.0","-1.0991712400376326","0.5","2.12","","","","","","","","","","","","","","","","","",""
"","","","","","","","","","","","","","","","43.0","-0.7993348603550983","0.58","2.18","","","","","","","","","","","","","","","","","",""
"","","","","","","","","","","","","","","","51.0","1.4942137815850476","2.92","2.28","","","","","","","","","","","","","","","","","",""
"","","","","","","","","","","","","","","","59.0","-1.978938781737701","0.42","2.2","","","","","","","","","","","","","","","","","",""
"","","","","","","","","","","","","","","","67.0","1.2849136735310651","2.92","2.24","","","","","","","","","","","","","","","","","",""
"","","","","","","","","","","","","","","","75.0","1.188277715008185","2.86","2.18","","","","","","","","","","","","","","","","","",""
"","","","","","","","","","","","","","","","83.0","-0.1282601886251169","1.34","2.22","","","","","","","","","","","","","","","","","",""
"","","","","","","","","","","","","","","","91.0","-0.7878702927227459","0.6","2.18","","","","","","","","","","","","","","","","","",""
"","","","","","","","","","","","","","","","99.0","-0.8862975515969067","0.46","2.24","","","","","","","","","","","","","","","","","",""
"dml_basis","graph_control","low_dim","x1","u","2.116075725109126","0.8668165847022853","13.0","True","[""x2""]","11.5758169000037","linear,square,cube,tanh,signed_log1p","0.11380862202514154","{""linear"": -2.129661272261799, ""square"": -0.061761075005068784, ""cube"": 0.022661621388579974, ""tanh"": 0.09795738781019499, ""signed_log1p"": 4.635910770436233}","","","","","","","","","","","","","","","","","","","","","","",""
"dml_basis","graph_control","low_dim","x2","u","0.0","0.0","13.0","False","[]","11.5758169000037","","","","","","","","","","","","","","","","","","","","","","","","","",""
"dml_basis","graph_zero","low_dim","x1","u","2.7550213243183395","1.141339474576882","13.0","True","[]","0.038528100005351","linear,square,cube,tanh,signed_log1p","0.11380862202514154","{""linear"": -5.183206203307407, ""square"": -0.02202218887697334, ""cube"": 0.25288859641741124, ""tanh"": 0.16975546778638867, ""signed_log1p"": 8.649657364777994}","2.7550213243183395","","","","","","","","","","","","","","","","","","","","","",""
"dml_basis","graph_zero","low_dim","x2","u","0.0","0.536130316957497","13.0","False","[]","0.038528100005351","linear,square,cube,tanh,signed_log1p","0.11380862202514154","{""linear"": -3.4723181764799267, ""square"": 0.04855510626636725, ""cube"": 0.23172709800744878, ""tanh"": -0.3451123423994259, ""signed_log1p"": 5.097149159606451}","0.7833814734198556","","","","","","","","","","","","","","","","","","","","","",""
"dml_basis","pure","low_dim","x1","u","2.7550213243183395","1.141339474576882","13.0","","[]","0.0289459000341594","linear,square,cube,tanh,signed_log1p","0.11380862202514154","{""linear"": -5.183206203307407, ""square"": -0.02202218887697334, ""cube"": 0.25288859641741124, ""tanh"": 0.16975546778638867, ""signed_log1p"": 8.649657364777994}","","","","","","","","","","","","","","","","","","","","","","",""
"dml_basis","pure","low_dim","x2","u","0.7833814734198556","0.536130316957497","13.0","","[]","0.0289459000341594","linear,square,cube,tanh,signed_log1p","0.11380862202514154","{""linear"": -3.4723181764799267, ""square"": 0.04855510626636725, ""cube"": 0.23172709800744878, ""tanh"": -0.3451123423994259, ""signed_log1p"": 5.097149159606451}","","","","","","","","","","","","","","","","","","","","","","",""
"","","","","","","","","","","","","","","","3.0","0.0","1.6193433828995651","2.101569438034879","","","","","","","","","","","","","","","","","",""
"","","","","","","","","","","","","","","","11.0","0.5003818664186679","2.376601888479481","2.12066623447641","","","","","","","","","","","","","","","","","",""
"","","","","","","","","","","","","","","","19.0","1.588855203878302","2.574671582075375","2.06491152395027","","","","","","","","","","","","","","","","","",""
"","","","","","","","","","","","","","","","27.0","1.102742760980774","2.550872911865224","2.0623819814802733","","","","","","","","","","","","","","","","","",""
"","","","","","","","","","","","","","","","35.0","-1.0991712400376326","0.1985660547613134","2.054132968734134","","","","","","","","","","","","","","","","","",""
"","","","","","","","","","","","","","","","43.0","-0.7993348603550983","0.3180926993257082","2.005903583175678","","","","","","","","","","","","","","","","","",""
"","","","","","","","","","","","","","","","51.0","1.4942137815850476","2.58616452823972","2.001578929600477","","","","","","","","","","","","","","","","","",""
"","","","","","","","","","","","","","","","59.0","-1.978938781737701","0.031359387451923","2.001456754361408","","","","","","","","","","","","","","","","","",""
"","","","","","","","","","","","","","","","67.0","1.2849136735310651","2.3851312193128145","1.9662811046737985","","","","","","","","","","","","","","","","","",""
"","","","","","","","","","","","","","","","75.0","1.188277715008185","2.512650195491174","1.909300470706755","","","","","","","","","","","","","","","","","",""
"","","","","","","","","","","","","","","","83.0","-0.1282601886251169","0.997964389242972","1.8033459977296096","","","","","","","","","","","","","","","","","",""
"","","","","","","","","","","","","","","","91.0","-0.7878702927227459","0.0762406782628752","1.7690185076896472","","","","","","","","","","","","","","","","","",""
"","","","","","","","","","","","","","","","99.0","-0.8862975515969067","0.080978028173449","1.822453622902716","","","","","","","","","","","","","","","","","",""
"dml_basis","graph_control","low_dim","x1","u","2.295435253213767","0.8455262074208922","13.0","True","[]","0.0179959000088274","linear,square,cube,tanh,signed_log1p","0.11380862202514154","{""linear"": -3.2613210459325823, ""square"": 0.029838293442521327, ""cube"": 0.14185926283959255, ""tanh"": 0.20957251746121147, ""signed_log1p"": 5.945032618287199}","","","","","","","","","","","","","","","","","","","","","","",""
"dml_basis","graph_control","low_dim","x2","u","0.0","0.0","13.0","False","[]","0.0179959000088274","","","","","","","","","","","","","","","","","","","","","","","","","",""
"dml_basis","graph_zero","low_dim","x1","u","2.295435253213767","0.8455262074208922","13.0","True","[]","0.0235578999854624","linear,square,cube,tanh,signed_log1p","0.11380862202514154","{""linear"": -3.2613210459325823, ""square"": 0.029838293442521327, ""cube"": 0.14185926283959255, ""tanh"": 0.20957251746121147, ""signed_log1p"": 5.945032618287199}","2.295435253213767","","","","","","","","","","","","","","","","","","","","","",""
"dml_basis","graph_zero","low_dim","x2","u","0.0","0.2244672879915988","13.0","False","[]","0.0235578999854624","linear,square,cube,tanh,signed_log1p","0.11380862202514154","{""linear"": 0.45676159787838816, ""square"": -0.025092300361627302, ""cube"": -0.1607855603133656, ""tanh"": -2.981905376770815, ""signed_log1p"": 2.87856795170479}","0.085625632007956","","","","","","","","","","","","","","","","","","","","","",""
"dml_basis","pure","low_dim","x1","u","2.295435253213767","0.8455262074208922","13.0","","[]","0.014248999999836","linear,square,cube,tanh,signed_log1p","0.11380862202514154","{""linear"": -3.2613210459325823, ""square"": 0.029838293442521327, ""cube"": 0.14185926283959255, ""tanh"": 0.20957251746121147, ""signed_log1p"": 5.945032618287199}","","","","","","","","","","","","","","","","","","","","","","",""
"dml_basis","pure","low_dim","x2","u","0.085625632007956","0.2244672879915988","13.0","","[]","0.014248999999836","linear,square,cube,tanh,signed_log1p","0.11380862202514154","{""linear"": 0.45676159787838816, ""square"": -0.025092300361627302, ""cube"": -0.1607855603133656, ""tanh"": -2.981905376770815, ""signed_log1p"": 2.87856795170479}","","","","","","","","","","","","","","","","","","","","","","",""
"","","","","","","","","","","","","","","","3.0","0.0","1.6428672729603864","2.1996204746950307","","","","","","","","","","","","","","","","","",""
"","","","","","","","","","","","","","","","11.0","0.5003818664186679","2.4963104082570227","2.210282933741151","","","","","","","","","","","","","","","","","",""
"","","","","","","","","","","","","","","","19.0","1.588855203878302","2.9012497729212536","2.194966830962329","","","","","","","","","","","","","","","","","",""
"","","","","","","","","","","","","","","","27.0","1.102742760980774","2.870464690044279","2.2267513197551843","","","","","","","","","","","","","","","","","",""
"","","","","","","","","","","","","","","","35.0","-1.0991712400376326","0.5007796066090762","2.119738117700402","","","","","","","","","","","","","","","","","",""
"","","","","","","","","","","","","","","","43.0","-0.7993348603550983","0.5715526039364491","2.181691660148405","","","","","","","","","","","","","","","","","",""
"","","","","","","","","","","","","","","","51.0","1.4942137815850476","2.9266281436554467","2.289225174126824","","","","","","","","","","","","","","","","","",""
"","","","","","","","","","","","","","","","59.0","-1.978938781737701","0.3916034115545212","2.181603038452016","","","","","","","","","","","","","","","","","",""
"","","","","","","","","","","","","","","","67.0","1.2849136735310651","2.8874130519439394","2.2315299900515644","","","","","","","","","","","","","","","","","",""
"","","","","","","","","","","","","","","","75.0","1.188277715008185","2.797953946604808","2.160794291927284","","","","","","","","","","","","","","","","","",""
"","","","","","","","","","","","","","","","83.0","-0.1282601886251169","1.268597535691603","2.203258770697638","","","","","","","","","","","","","","","","","",""
"","","","","","","","","","","","","","","","91.0","-0.7878702927227459","0.5364954371302191","2.161786998145946","","","","","","","","","","","","","","","","","",""
"","","","","","","","","","","","","","","","99.0","-0.8862975515969067","0.4490777951598964","2.234460621633892","","","","","","","","","","","","","","","","","",""
"dml_basis","graph_control","low_dim","x1","u","2.323222006086619","0.8653765172421146","13.0","True","[]","0.0171555000124499","linear,square,cube,tanh,signed_log1p","0.11380862202514154","{""linear"": -3.309333265690006, ""square"": 0.02834004467299101, ""cube"": 0.13067562579915037, ""tanh"": -0.10423783135996097, ""signed_log1p"": 6.3753583236979505}","","","","","","","","","","","","","","","","","","","","","","",""
"dml_basis","graph_control","low_dim","x2","u","0.0","0.0","13.0","False","[]","0.0171555000124499","","","","","","","","","","","","","","","","","","","","","","","","","",""
"dml_basis","graph_zero","low_dim","x1","u","2.323222006086619","0.8653765172421146","13.0","True","[]","0.023615000071004","linear,square,cube,tanh,signed_log1p","0.11380862202514154","{""linear"": -3.309333265690006, ""square"": 0.02834004467299101, ""cube"": 0.13067562579915037, ""tanh"": -0.10423783135996097, ""signed_log1p"": 6.3753583236979505}","2.323222006086619","","","","","","","","","","","","","","","","","","","","","",""
"dml_basis","graph_zero","low_dim","x2","u","0.0","0.2342524754790093","13.0","False","[]","0.023615000071004","linear,square,cube,tanh,signed_log1p","0.11380862202514154","{""linear"": 0.3317017314911, ""square"": -0.02584179335663986, ""cube"": -0.16168498104411835, ""tanh"": -3.2272092193639685, ""signed_log1p"": 3.328609221971896}","0.1222626069258163","","","","","","","","","","","","","","","","","","","","","",""
"dml_basis","pure","low_dim","x1","u","2.323222006086619","0.8653765172421146","13.0","","[]","0.0143219999736174","linear,square,cube,tanh,signed_log1p","0.11380862202514154","{""linear"": -3.309333265690006, ""square"": 0.02834004467299101, ""cube"": 0.13067562579915037, ""tanh"": -0.10423783135996097, ""signed_log1p"": 6.3753583236979505}","","","","","","","","","","","","","","","","","","","","","","",""
"dml_basis","pure","low_dim","x2","u","0.1222626069258163","0.2342524754790093","13.0","","[]","0.0143219999736174","linear,square,cube,tanh,signed_log1p","0.11380862202514154","{""linear"": 0.3317017314911, ""square"": -0.02584179335663986, ""cube"": -0.16168498104411835, ""tanh"": -3.2272092193639685, ""signed_log1p"": 3.328609221971896}","","","","","","","","","","","","","","","","","","","","","","",""
"","","","","","","","","","","","","","","","3.0","0.0","1.64","2.2","","","","","","","","","","","","","","","","","",""
"","","","","","","","","","","","","","","","11.0","0.5003818664186679","2.5","2.22","","","","","","","","","","","","","","","","","",""
"","","","","","","","","","","","","","","","19.0","1.588855203878302","2.9","2.2","","","","","","","","","","","","","","","","","",""
"","","","","","","","","","","","","","","","27.0","1.102742760980774","2.88","2.22","","","","","","","","","","","","","","","","","",""
"","","","","","","","","","","","","","","","35.0","-1.0991712400376326","0.5","2.12","","","","","","","","","","","","","","","","","",""
"","","","","","","","","","","","","","","","43.0","-0.7993348603550983","0.58","2.18","","","","","","","","","","","","","","","","","",""
"","","","","","","","","","","","","","","","51.0","1.4942137815850476","2.92","2.28","","","","","","","","","","","","","","","","","",""
"","","","","","","","","","","","","","","","59.0","-1.978938781737701","0.4","2.18","","","","","","","","","","","","","","","","","",""
"","","","","","","","","","","","","","","","67.0","1.2849136735310651","2.88","2.24","","","","","","","","","","","","","","","","","",""
"","","","","","","","","","","","","","","","75.0","1.188277715008185","2.8000000000000003","2.16","","","","","","","","","","","","","","","","","",""
"","","","","","","","","","","","","","","","83.0","-0.1282601886251169","1.26","2.2","","","","","","","","","","","","","","","","","",""
"","","","","","","","","","","","","","","","91.0","-0.7878702927227459","0.54","2.16","","","","","","","","","","","","","","","","","",""
"","","","","","","","","","","","","","","","99.0","-0.8862975515969067","0.44","2.24","","","","","","","","","","","","","","","","","",""
"dml_basis","graph_control","low_dim","x1","u","2.2267512720432805","0.9419519784173472","13.0","True","[""x2""]","10.70182289998047","linear,square,cube,tanh,signed_log1p","0.11380862202514154","{""linear"": -2.217806326583989, ""square"": -0.06269150796437982, ""cube"": -0.05613823694517258, ""tanh"": -2.1169644595210166, ""signed_log1p"": 7.296324565017675}","","","","","","","","","","","","","","","","","","","","","","",""
"dml_basis","graph_control","low_dim","x2","u","0.0","0.0","13.0","False","[]","10.70182289998047","","","","","","","","","","","","","","","","","","","","","","","","","",""
"dml_basis","graph_zero","low_dim","x1","u","2.9445831057820486","1.2384298548176056","13.0","True","[]","0.0239826999604702","linear,square,cube,tanh,signed_log1p","0.11380862202514154","{""linear"": -6.134233452167537, ""square"": 0.001495084334523191, ""cube"": 0.3260935905238158, ""tanh"": 0.05817915906954094, ""signed_log1p"": 10.033603635909873}","2.9445831057820486","","","","","","","","","","","","","","","","","","","","","",""
"dml_basis","graph_zero","low_dim","x2","u","0.0","0.5908504604705612","13.0","False","[]","0.0239826999604702","linear,square,cube,tanh,signed_log1p","0.11380862202514154","{""linear"": -3.820449050513966, ""square"": 0.057040049410040004, ""cube"": 0.2609898844699187, ""tanh"": -0.32427392740704336, ""signed_log1p"": 5.5334060172674935}","0.8505700762998476","","","","","","","","","","","","","","","","","","","","","",""
"dml_basis","pure","low_dim","x1","u","2.9445831057820486","1.2384298548176056","13.0","","[]","0.0132625999394804","linear,square,cube,tanh,signed_log1p","0.11380862202514154","{""linear"": -6.134233452167537, ""square"": 0.001495084334523191, ""cube"": 0.3260935905238158, ""tanh"": 0.05817915906954094, ""signed_log1p"": 10.033603635909873}","","","","","","","","","","","","","","","","","","","","","","",""
"dml_basis","pure","low_dim","x2","u","0.8505700762998476","0.5908504604705612","13.0","","[]","0.0132625999394804","linear,square,cube,tanh,signed_log1p","0.11380862202514154","{""linear"": -3.820449050513966, ""square"": 0.057040049410040004, ""cube"": 0.2609898844699187, ""tanh"": -0.32427392740704336, ""signed_log1p"": 5.5334060172674935}","","","","","","","","","","","","","","","","","","","","","","",""
"","","","","","","","","","","","","","","","3.0","0.0","1.620089331215548","2.101674064897982","","","","","","","","","","","","","","","","","",""
"","","","","","","","","","","","","","","","11.0","0.5003818664186679","2.3879456084787014","2.123152659822272","","","","","","","","","","","","","","","","","",""
"","","","","","","","","","","","","","","","19.0","1.588855203878302","2.6211565798623657","2.079733206446009","","","","","","","","","","","","","","","","","",""
"","","","","","","","","","","","","","","","27.0","1.102742760980774","2.594607711826505","2.0791241122223445","","","","","","","","","","","","","","","","","",""
"","","","","","","","","","","","","","","","35.0","-1.0991712400376326","0.2057630166991126","2.056118672178692","","","","","","","","","","","","","","","","","",""
"","","","","","","","","","","","","","","","43.0","-0.7993348603550983","0.3194103587565682","2.006170388352136","","","","","","","","","","","","","","","","","",""
"","","","","","","","","","","","","","","","51.0","1.4942137815850476","2.597508269511489","2.004065362686493","","","","","","","","","","","","","","","","","",""
"","","","","","","","","","","","","","","","59.0","-1.978938781737701","0.0112697167939403","1.990736729737948","","","","","","","","","","","","","","","","","",""
"","","","","","","","","","","","","","","","67.0","1.2849136735310651","2.3622161791079552","1.957450030179148","","","","","","","","","","","","","","","","","",""
"","","","","","","","","","","","","","","","75.0","1.188277715008185","2.453197314465801","1.885712967411305","","","","","","","","","","","","","","","","","",""
"","","","","","","","","","","","","","","","83.0","-0.1282601886251169","0.9326322057105564","1.7780395961659876","","","","","","","","","","","","","","","","","",""
"","","","","","","","","","","","","","","","91.0","-0.7878702927227459","0.0209345765713679","1.7459317340355844","","","","","","","","","","","","","","","","","",""
"","","","","","","","","","","","","","","","99.0","-0.8862975515969067","0.0608131829979556","1.811702098658745","","","","","","","","","","","","","","","","","",""
"dml_linear","graph_control","low_dim","x1","u","0.9167155783836533","","13.0","True","[]","0.0260501999873667","","","","","","","","","","","","","","","","","","","","","","","","","",""
"dml_linear","graph_control","low_dim","x2","u","0.0","0.0","13.0","False","[]","0.0260501999873667","","","","","","","","","","","","","","","","","","","","","","","","","",""
"dml_linear","graph_zero","low_dim","x1","u","0.9167155783836533","","13.0","True","[]","0.0514964000321924","","","","0.9167155783836533","","","","","","","","","","","","","","","","","","","","","",""
"dml_linear","graph_zero","low_dim","x2","u","0.0","","13.0","False","[]","0.0514964000321924","","","","0.0130884058571979","","","","","","","","","","","","","","","","","","","","","",""
"dml_linear","pure","low_dim","x1","u","0.9167155783836533","","13.0","","[]","0.0229760000947862","","","","","","","","","","","","","","","","","","","","","","","","","",""
"dml_linear","pure","low_dim","x2","u","0.0130884058571979","","13.0","","[]","0.0229760000947862","","","","","","","","","","","","","","","","","","","","","","","","","",""
"","","","","","","","","","","","","","","","3.0","0.0","1.6094637470293598","2.188433274403022","","","","","","","","","","","","","","","","","",""
"","","","","","","","","","","","","","","","11.0","0.5003818664186679","2.4816199107426606","2.206236521990606","","","","","","","","","","","","","","","","","",""
"","","","","","","","","","","","","","","","19.0","1.588855203878302","2.838549071145969","2.17128239641392","","","","","","","","","","","","","","","","","",""
"","","","","","","","","","","","","","","","27.0","1.102742760980774","2.807008611849329","2.202442620643412","","","","","","","","","","","","","","","","","",""
"","","","","","","","","","","","","","","","35.0","-1.0991712400376326","0.4680938511749171","2.10965266512686","","","","","","","","","","","","","","","","","",""
"","","","","","","","","","","","","","","","43.0","-0.7993348603550983","0.5563359403378797","2.1778995233441028","","","","","","","","","","","","","","","","","",""
"","","","","","","","","","","","","","","","51.0","1.4942137815850476","2.910103001164049","2.2843986621623573","","","","","","","","","","","","","","","","","",""
"","","","","","","","","","","","","","","","59.0","-1.978938781737701","0.3996486866294592","2.186173994043572","","","","","","","","","","","","","","","","","",""
"","","","","","","","","","","","","","","","67.0","1.2849136735310651","2.888236708614542","2.2318720075117167","","","","","","","","","","","","","","","","","",""
"","","","","","","","","","","","","","","","75.0","1.188277715008185","2.834169878615618","2.176941492972454","","","","","","","","","","","","","","","","","",""
"","","","","","","","","","","","","","","","83.0","-0.1282601886251169","1.2934820044066508","2.2150787263418628","","","","","","","","","","","","","","","","","",""
"","","","","","","","","","","","","","","","91.0","-0.7878702927227459","0.5661045258735347","2.175158502175819","","","","","","","","","","","","","","","","","",""
"","","","","","","","","","","","","","","","99.0","-0.8862975515969067","0.5017730435888611","2.2568887535645854","","","","","","","","","","","","","","","","","",""
"dml_linear","graph_control","low_dim","x1","u","0.917781344957898","","13.0","True","[]","0.0288392000366002","","","","","","","","","","","","","","","","","","","","","","","","","",""
"dml_linear","graph_control","low_dim","x2","u","0.0","0.0","13.0","False","[]","0.0288392000366002","","","","","","","","","","","","","","","","","","","","","","","","","",""
"dml_linear","graph_zero","low_dim","x1","u","0.917781344957898","","13.0","True","[]","0.0465379999950528","","","","0.917781344957898","","","","","","","","","","","","","","","","","","","","","",""
"dml_linear","graph_zero","low_dim","x2","u","0.0","","13.0","False","[]","0.0465379999950528","","","","0.0149141904448625","","","","","","","","","","","","","","","","","","","","","",""
"dml_linear","pure","low_dim","x1","u","0.917781344957898","","13.0","","[]","0.0238769000861793","","","","","","","","","","","","","","","","","","","","","","","","","",""
"dml_linear","pure","low_dim","x2","u","0.0149141904448625","","13.0","","[]","0.0238769000861793","","","","","","","","","","","","","","","","","","","","","","","","","",""
"","","","","","","","","","","","","","","","3.0","0.0","1.6","2.18","","","","","","","","","","","","","","","","","",""
"","","","","","","","","","","","","","","","11.0","0.5003818664186679","2.48","2.2","","","","","","","","","","","","","","","","","",""
"","","","","","","","","","","","","","","","19.0","1.588855203878302","2.84","2.18","","","","","","","","","","","","","","","","","",""
"","","","","","","","","","","","","","","","27.0","1.102742760980774","2.8000000000000003","2.2","","","","","","","","","","","","","","","","","",""
"","","","","","","","","","","","","","","","35.0","-1.0991712400376326","0.46","2.1","","","","","","","","","","","","","","","","","",""
"","","","","","","","","","","","","","","","43.0","-0.7993348603550983","0.56","2.18","","","","","","","","","","","","","","","","","",""
"","","","","","","","","","","","","","","","51.0","1.4942137815850476","2.92","2.28","","","","","","","","","","","","","","","","","",""
"","","","","","","","","","","","","","","","59.0","-1.978938781737701","0.4","2.18","","","","","","","","","","","","","","","","","",""
"","","","","","","","","","","","","","","","67.0","1.2849136735310651","2.88","2.24","","","","","","","","","","","","","","","","","",""
"","","","","","","","","","","","","","","","75.0","1.188277715008185","2.84","2.18","","","","","","","","","","","","","","","","","",""
"","","","","","","","","","","","","","","","83.0","-0.1282601886251169","1.3","2.22","","","","","","","","","","","","","","","","","",""
"","","","","","","","","","","","","","","","91.0","-0.7878702927227459","0.56","2.18","","","","","","","","","","","","","","","","","",""
"","","","","","","","","","","","","","","","99.0","-0.8862975515969067","0.5","2.26","","","","","","","","","","","","","","","","","",""
"dml_linear","graph_control","low_dim","x1","u","0.8638539418904617","","13.0","True","[""x2""]","0.5432643999811262","","","","","","","","","","","","","","","","","","","","","","","","","",""
"dml_linear","graph_control","low_dim","x2","u","0.0","0.0","13.0","False","[]","0.5432643999811262","","","","","","","","","","","","","","","","","","","","","","","","","",""
"dml_linear","graph_zero","low_dim","x1","u","0.926128678905272","","13.0","True","[]","0.0512326000025495","","","","0.926128678905272","","","","","","","","","","","","","","","","","","","","","",""
"dml_linear","graph_zero","low_dim","x2","u","0.0","","13.0","False","[]","0.0512326000025495","","","","0.0246744492736515","","","","","","","","","","","","","","","","","","","","","",""
"dml_linear","pure","low_dim","x1","u","0.926128678905272","","13.0","","[]","0.0238347999984398","","","","","","","","","","","","","","","","","","","","","","","","","",""
"dml_linear","pure","low_dim","x2","u","0.0246744492736515","","13.0","","[]","0.0238347999984398","","","","","","","","","","","","","","","","","","","","","","","","","",""
"","","","","","","","","","","","","","","","3.0","0.0","1.5866858052845214","2.0904868646059733","","","","","","","","","","","","","","","","","",""
"","","","","","","","","","","","","","","","11.0","0.5003818664186679","2.3732551109643394","2.1191062480717267","","","","","","","","","","","","","","","","","",""
"","","","","","","","","","","","","","","","19.0","1.588855203878302","2.5584558780870816","2.0560487718976","","","","","","","","","","","","","","","","","",""
"","","","","","","","","","","","","","","","27.0","1.102742760980774","2.531151633631555","2.054815413110572","","","","","","","","","","","","","","","","","",""
"","","","","","","","","","","","","","","","35.0","-1.0991712400376326","0.1730772612649535","2.0460332196051496","","","","","","","","","","","","","","","","","",""
"","","","","","","","","","","","","","","","43.0","-0.7993348603550983","0.3041936951579988","2.002378251547833","","","","","","","","","","","","","","","","","",""
"","","","","","","","","","","","","","","","51.0","1.4942137815850476","2.580983127020092","1.9992388507220271","","","","","","","","","","","","","","","","","",""
"","","","","","","","","","","","","","","","59.0","-1.978938781737701","0.0193149918688783","1.9953076853295035","","","","","","","","","","","","","","","","","",""
"","","","","","","","","","","","","","","","67.0","1.2849136735310651","2.363039835778558","1.9577920476393","","","","","","","","","","","","","","","","","",""
"","","","","","","","","","","","","","","","75.0","1.188277715008185","2.4894132464766123","1.9018601684564755","","","","","","","","","","","","","","","","","",""
"","","","","","","","","","","","","","","","83.0","-0.1282601886251169","0.957516674425604","1.7898595518102125","","","","","","","","","","","","","","","","","",""
"","","","","","","","","","","","","","","","91.0","-0.7878702927227459","0.0505436653146835","1.7593032380654572","","","","","","","","","","","","","","","","","",""
"","","","","","","","","","","","","","","","99.0","-0.8862975515969067","0.1135084314269204","1.8341302305894391","","","","","","","","","","","","","","","","","",""
"dml_linear","graph_control","low_dim","x1","u","0.9257704093488508","","13.0","True","[]","0.030822500004433","","","","","","","","","","","","","","","","","","","","","","","","","",""
"dml_linear","graph_control","low_dim","x2","u","0.0","0.0","13.0","False","[]","0.030822500004433","","","","","","","","","","","","","","","","","","","","","","","","","",""
"dml_linear","graph_zero","low_dim","x1","u","0.9257704093488508","","13.0","True","[]","0.0507709999801591","","","","0.9257704093488508","","","","","","","","","","","","","","","","","","","","","",""
"dml_linear","graph_zero","low_dim","x2","u","0.0","","13.0","False","[]","0.0507709999801591","","","","0.0170027269388683","","","","","","","","","","","","","","","","","","","","","",""
"dml_linear","pure","low_dim","x1","u","0.9257704093488508","","13.0","","[]","0.0234592000488191","","","","","","","","","","","","","","","","","","","","","","","","","",""
"dml_linear","pure","low_dim","x2","u","0.0170027269388683","","13.0","","[]","0.0234592000488191","","","","","","","","","","","","","","","","","","","","","","","","","",""
"","","","","","","","","","","","","","","","3.0","0.0","1.6423327690471845","2.199511659249488","","","","","","","","","","","","","","","","","",""
"","","","","","","","","","","","","","","","11.0","0.5003818664186679","2.4933467336394006","2.2096587319143617","","","","","","","","","","","","","","","","","",""
"","","","","","","","","","","","","","","","19.0","1.588855203878302","2.894566254551655","2.1934317060303203","","","","","","","","","","","","","","","","","",""
"","","","","","","","","","","","","","","","27.0","1.102742760980774","2.8580978502802203","2.223608151535239","","","","","","","","","","","","","","","","","",""
"","","","","","","","","","","","","","","","35.0","-1.0991712400376326","0.4797424851493434","2.1137575342716857","","","","","","","","","","","","","","","","","",""
"","","","","","","","","","","","","","","","43.0","-0.7993348603550983","0.5373183886218545","2.1707082973436296","","","","","","","","","","","","","","","","","",""
"","","","","","","","","","","","","","","","51.0","1.4942137815850476","2.8723757894991686","2.269433222390612","","","","","","","","","","","","","","","","","",""
"","","","","","","","","","","","","","","","59.0","-1.978938781737701","0.3915324770353733","2.1815734671082967","","","","","","","","","","","","","","","","","",""
"","","","","","","","","","","","","","","","67.0","1.2849136735310651","2.8874130493045675","2.2315299886402364","","","","","","","","","","","","","","","","","",""
"","","","","","","","","","","","","","","","75.0","1.188277715008185","2.7979539466047094","2.1607942919272167","","","","","","","","","","","","","","","","","",""
"","","","","","","","","","","","","","","","83.0","-0.1282601886251169","1.268597535691603","2.203258770697638","","","","","","","","","","","","","","","","","",""
"","","","","","","","","","","","","","","","91.0","-0.7878702927227459","0.5364954371302191","2.161786998145946","","","","","","","","","","","","","","","","","",""
"","","","","","","","","","","","","","","","99.0","-0.8862975515969067","0.4490777951598964","2.234460621633892","","","","","","","","","","","","","","","","","",""
"dml_linear","graph_control","low_dim","x1","u","0.9260337507868602","","13.0","True","[]","0.0268106999574229","","","","","","","","","","","","","","","","","","","","","","","","","",""
"dml_linear","graph_control","low_dim","x2","u","0.0","0.0","13.0","False","[]","0.0268106999574229","","","","","","","","","","","","","","","","","","","","","","","","","",""
"dml_linear","graph_zero","low_dim","x1","u","0.9260337507868602","","13.0","True","[]","0.0476898000342771","","","","0.9260337507868602","","","","","","","","","","","","","","","","","","","","","",""
"dml_linear","graph_zero","low_dim","x2","u","0.0","","13.0","False","[]","0.0476898000342771","","","","0.0159276364536922","","","","","","","","","","","","","","","","","","","","","",""
"dml_linear","pure","low_dim","x1","u","0.9260337507868602","","13.0","","[]","0.0244251999538391","","","","","","","","","","","","","","","","","","","","","","","","","",""
"dml_linear","pure","low_dim","x2","u","0.0159276364536922","","13.0","","[]","0.0244251999538391","","","","","","","","","","","","","","","","","","","","","","","","","",""
"","","","","","","","","","","","","","","","3.0","0.0","1.64","2.2","","","","","","","","","","","","","","","","","",""
"","","","","","","","","","","","","","","","11.0","0.5003818664186679","2.5","2.2","","","","","","","","","","","","","","","","","",""
"","","","","","","","","","","","","","","","19.0","1.588855203878302","2.9","2.2","","","","","","","","","","","","","","","","","",""
"","","","","","","","","","","","","","","","27.0","1.102742760980774","2.86","2.22","","","","","","","","","","","","","","","","","",""
"","","","","","","","","","","","","","","","35.0","-1.0991712400376326","0.48","2.12","","","","","","","","","","","","","","","","","",""
"","","","","","","","","","","","","","","","43.0","-0.7993348603550983","0.54","2.18","","","","","","","","","","","","","","","","","",""
"","","","","","","","","","","","","","","","51.0","1.4942137815850476","2.88","2.26","","","","","","","","","","","","","","","","","",""
"","","","","","","","","","","","","","","","59.0","-1.978938781737701","0.4","2.18","","","","","","","","","","","","","","","","","",""
"","","","","","","","","","","","","","","","67.0","1.2849136735310651","2.88","2.24","","","","","","","","","","","","","","","","","",""
"","","","","","","","","","","","","","","","75.0","1.188277715008185","2.8000000000000003","2.16","","","","","","","","","","","","","","","","","",""
"","","","","","","","","","","","","","","","83.0","-0.1282601886251169","1.26","2.2","","","","","","","","","","","","","","","","","",""
"","","","","","","","","","","","","","","","91.0","-0.7878702927227459","0.54","2.16","","","","","","","","","","","","","","","","","",""
"","","","","","","","","","","","","","","","99.0","-0.8862975515969067","0.44","2.24","","","","","","","","","","","","","","","","","",""
"dml_linear","graph_control","low_dim","x1","u","0.8541640154510569","","13.0","True","[""x2""]","0.580651400028728","","","","","","","","","","","","","","","","","","","","","","","","","",""
"dml_linear","graph_control","low_dim","x2","u","0.0","0.0","13.0","False","[]","0.580651400028728","","","","","","","","","","","","","","","","","","","","","","","","","",""
"dml_linear","graph_zero","low_dim","x1","u","0.9351835098704696","","13.0","True","[]","0.0533480999292805","","","","0.9351835098704696","","","","","","","","","","","","","","","","","","","","","",""
"dml_linear","graph_zero","low_dim","x2","u","0.0","","13.0","False","[]","0.0533480999292805","","","","0.0285887703553219","","","","","","","","","","","","","","","","","","","","","",""
"dml_linear","pure","low_dim","x1","u","0.9351835098704696","","13.0","","[]","0.0291658999631181","","","","","","","","","","","","","","","","","","","","","","","","","",""
"dml_linear","pure","low_dim","x2","u","0.0285887703553219","","13.0","","[]","0.0291658999631181","","","","","","","","","","","","","","","","","","","","","","","","","",""
"","","","","","","","","","","","","","","","3.0","0.0","1.619554827302346","2.101565249452439","","","","","","","","","","","","","","","","","",""
"","","","","","","","","","","","","","","","11.0","0.5003818664186679","2.38498193386108","2.1225284579954824","","","","","","","","","","","","","","","","","",""
"","","","","","","","","","","","","","","","19.0","1.588855203878302","2.614473061492767","2.0781980815140004","","","","","","","","","","","","","","","","","",""
"","","","","","","","","","","","","","","","27.0","1.102742760980774","2.5822408720624463","2.0759809440024","","","","","","","","","","","","","","","","","",""
"","","","","","","","","","","","","","","","35.0","-1.0991712400376326","0.1847258952393798","2.0501380887499754","","","","","","","","","","","","","","","","","",""
"","","","","","","","","","","","","","","","43.0","-0.7993348603550983","0.2851761434419737","1.99518702554736","","","","","","","","","","","","","","","","","",""
"","","","","","","","","","","","","","","","51.0","1.4942137815850476","2.543255915355211","1.984273410950281","","","","","","","","","","","","","","","","","",""
"","","","","","","","","","","","","","","","59.0","-1.978938781737701","0.0111987822747924","1.9907071583942284","","","","","","","","","","","","","","","","","",""
"","","","","","","","","","","","","","","","67.0","1.2849136735310651","2.3622161764685834","1.95745002876782","","","","","","","","","","","","","","","","","",""
"","","","","","","","","","","","","","","","75.0","1.188277715008185","2.453197314465703","1.8857129674112376","","","","","","","","","","","","","","","","","",""
"","","","","","","","","","","","","","","","83.0","-0.1282601886251169","0.9326322057105564","1.7780395961659876","","","","","","","","","","","","","","","","","",""
"","","","","","","","","","","","","","","","91.0","-0.7878702927227459","0.0209345765713679","1.7459317340355844","","","","","","","","","","","","","","","","","",""
"","","","","","","","","","","","","","","","99.0","-0.8862975515969067","0.0608131829979556","1.811702098658745","","","","","","","","","","","","","","","","","",""
"dml_linear","graph_control","low_dim","x1","u","0.9174293276446942","","13.0","True","[]","0.0283066999400034","","","","","","","","","","","","","","","","","","","","","","","","","",""
"dml_linear","graph_control","low_dim","x2","u","0.0","0.0","13.0","False","[]","0.0283066999400034","","","","","","","","","","","","","","","","","","","","","","","","","",""
"dml_linear","graph_zero","low_dim","x1","u","0.9174293276446942","","13.0","True","[]","0.0512667999137192","","","","0.9174293276446942","","","","","","","","","","","","","","","","","","","","","",""
"dml_linear","graph_zero","low_dim","x2","u","0.0","","13.0","False","[]","0.0512667999137192","","","","0.0142163042452738","","","","","","","","","","","","","","","","","","","","","",""
"dml_linear","pure","low_dim","x1","u","0.9174293276446942","","13.0","","[]","0.0242652000160887","","","","","","","","","","","","","","","","","","","","","","","","","",""
"dml_linear","pure","low_dim","x2","u","0.0142163042452738","","13.0","","[]","0.0242652000160887","","","","","","","","","","","","","","","","","","","","","","","","","",""
"","","","","","","","","","","","","","","","3.0","0.0","1.627772773688431","2.1946875854966104","","","","","","","","","","","","","","","","","",""
"","","","","","","","","","","","","","","","11.0","0.5003818664186679","2.456877197758865","2.197537345144952","","","","","","","","","","","","","","","","","",""
"","","","","","","","","","","","","","","","19.0","1.588855203878302","2.895786934477079","2.193931152345705","","","","","","","","","","","","","","","","","",""
"","","","","","","","","","","","","","","","27.0","1.102742760980774","2.85837527467023","2.22464745636036","","","","","","","","","","","","","","","","","",""
"","","","","","","","","","","","","","","","35.0","-1.0991712400376326","0.4708740937552936","2.1104194573877604","","","","","","","","","","","","","","","","","",""
"","","","","","","","","","","","","","","","43.0","-0.7993348603550983","0.571043188055244","2.1815995018222827","","","","","","","","","","","","","","","","","",""
"","","","","","","","","","","","","","","","51.0","1.4942137815850476","2.9015232309725345","2.283763880704013","","","","","","","","","","","","","","","","","",""
"","","","","","","","","","","","","","","","59.0","-1.978938781737701","0.4552808679843553","2.206547808842416","","","","","","","","","","","","","","","","","",""
"","","","","","","","","","","","","","","","67.0","1.2849136735310651","2.945193824734148","2.2553152218070167","","","","","","","","","","","","","","","","","",""
"","","","","","","","","","","","","","","","75.0","1.188277715008185","2.829294116285015","2.173859325612641","","","","","","","","","","","","","","","","","",""
"","","","","","","","","","","","","","","","83.0","-0.1282601886251169","1.3313425265642238","2.227941331055371","","","","","","","","","","","","","","","","","",""
"","","","","","","","","","","","","","","","91.0","-0.7878702927227459","0.6002009207077468","2.1867576365628105","","","","","","","","","","","","","","","","","",""
"","","","","","","","","","","","","","","","99.0","-0.8862975515969067","0.4902005096858212","2.2525403727566826","","","","","","","","","","","","","","","","","",""
"dml_linear","graph_control","low_dim","x1","u","0.9144179687207592","","13.0","True","[]","0.0269573999103158","","","","","","","","","","","","","","","","","","","","","","","","","",""
"dml_linear","graph_control","low_dim","x2","u","0.0","0.0","13.0","False","[]","0.0269573999103158","","","","","","","","","","","","","","","","","","","","","","","","","",""
"dml_linear","graph_zero","low_dim","x1","u","0.9144179687207592","","13.0","True","[]","0.0491100000217556","","","","0.9144179687207592","","","","","","","","","","","","","","","","","","","","","",""
"dml_linear","graph_zero","low_dim","x2","u","0.0","","13.0","False","[]","0.0491100000217556","","","","0.0151786005204851","","","","","","","","","","","","","","","","","","","","","",""
"dml_linear","pure","low_dim","x1","u","0.9144179687207592","","13.0","","[]","0.0240028999978676","","","","","","","","","","","","","","","","","","","","","","","","","",""
"dml_linear","pure","low_dim","x2","u","0.0151786005204851","","13.0","","[]","0.0240028999978676","","","","","","","","","","","","","","","","","","","","","","","","","",""
"","","","","","","","","","","","","","","","3.0","0.0","1.62","2.2","","","","","","","","","","","","","","","","","",""
"","","","","","","","","","","","","","","","11.0","0.5003818664186679","2.46","2.2","","","","","","","","","","","","","","","","","",""
"","","","","","","","","","","","","","","","19.0","1.588855203878302","2.9","2.2","","","","","","","","","","","","","","","","","",""
"","","","","","","","","","","","","","","","27.0","1.102742760980774","2.86","2.22","","","","","","","","","","","","","","","","","",""
"","","","","","","","","","","","","","","","35.0","-1.0991712400376326","0.48","2.12","","","","","","","","","","","","","","","","","",""
"","","","","","","","","","","","","","","","43.0","-0.7993348603550983","0.58","2.18","","","","","","","","","","","","","","","","","",""
"","","","","","","","","","","","","","","","51.0","1.4942137815850476","2.9","2.28","","","","","","","","","","","","","","","","","",""
"","","","","","","","","","","","","","","","59.0","-1.978938781737701","0.46","2.2","","","","","","","","","","","","","","","","","",""
"","","","","","","","","","","","","","","","67.0","1.2849136735310651","2.94","2.26","","","","","","","","","","","","","","","","","",""
"","","","","","","","","","","","","","","","75.0","1.188277715008185","2.82","2.18","","","","","","","","","","","","","","","","","",""
"","","","","","","","","","","","","","","","83.0","-0.1282601886251169","1.34","2.22","","","","","","","","","","","","","","","","","",""
"","","","","","","","","","","","","","","","91.0","-0.7878702927227459","0.6","2.18","","","","","","","","","","","","","","","","","",""
"","","","","","","","","","","","","","","","99.0","-0.8862975515969067","0.5","2.26","","","","","","","","","","","","","","","","","",""
"dml_linear","graph_control","low_dim","x1","u","0.926842428166313","","13.0","True","[]","0.0305292000994086","","","","","","","","","","","","","","","","","","","","","","","","","",""
"dml_linear","graph_control","low_dim","x2","u","0.0","0.0","13.0","False","[]","0.0305292000994086","","","","","","","","","","","","","","","","","","","","","","","","","",""
"dml_linear","graph_zero","low_dim","x1","u","0.926842428166313","","13.0","True","[]","0.0469654999906197","","","","0.926842428166313","","","","","","","","","","","","","","","","","","","","","",""
"dml_linear","graph_zero","low_dim","x2","u","0.0","","13.0","False","[]","0.0469654999906197","","","","0.0258023476617275","","","","","","","","","","","","","","","","","","","","","",""
"dml_linear","pure","low_dim","x1","u","0.926842428166313","","13.0","","[]","0.0257017000112682","","","","","","","","","","","","","","","","","","","","","","","","","",""
"dml_linear","pure","low_dim","x2","u","0.0258023476617275","","13.0","","[]","0.0257017000112682","","","","","","","","","","","","","","","","","","","","","","","","","",""
"","","","","","","","","","","","","","","","3.0","0.0","1.604994831943593","2.0967411756995618","","","","","","","","","","","","","","","","","",""
"","","","","","","","","","","","","","","","11.0","0.5003818664186679","2.348512397980544","2.110407071226073","","","","","","","","","","","","","","","","","",""
"","","","","","","","","","","","","","","","19.0","1.588855203878302","2.615693741418191","2.078697527829385","","","","","","","","","","","","","","","","","",""
"","","","","","","","","","","","","","","","27.0","1.102742760980774","2.582518296452456","2.07702024882752","","","","","","","","","","","","","","","","","",""
"","","","","","","","","","","","","","","","35.0","-1.0991712400376326","0.17585750384533","2.04680001186605","","","","","","","","","","","","","","","","","",""
"","","","","","","","","","","","","","","","43.0","-0.7993348603550983","0.3189009428753631","2.006078230026013","","","","","","","","","","","","","","","","","",""
"","","","","","","","","","","","","","","","51.0","1.4942137815850476","2.572403356828577","1.9986040692636824","","","","","","","","","","","","","","","","","",""
"","","","","","","","","","","","","","","","59.0","-1.978938781737701","0.0749471732237745","2.0156815001283475","","","","","","","","","","","","","","","","","",""
"","","","","","","","","","","","","","","","67.0","1.2849136735310651","2.419996951898164","1.9812352619346","","","","","","","","","","","","","","","","","",""
"","","","","","","","","","","","","","","","75.0","1.188277715008185","2.4845374841460086","1.8987780010966624","","","","","","","","","","","","","","","","","",""
"","","","","","","","","","","","","","","","83.0","-0.1282601886251169","0.995377196583177","1.8027221565237208","","","","","","","","","","","","","","","","","",""
"","","","","","","","","","","","","","","","91.0","-0.7878702927227459","0.0846400601488956","1.7709023724524489","","","","","","","","","","","","","","","","","",""
"","","","","","","","","","","","","","","","99.0","-0.8862975515969067","0.1019358975238804","1.8297818497815364","","","","","","","","","","","","","","","","","",""
"dml_linear","graph_control","low_dim","x1","u","0.9185401001744646","","13.0","True","[]","0.02894180000294","","","","","","","","","","","","","","","","","","","","","","","","","",""
"dml_linear","graph_control","low_dim","x2","u","0.0","0.0","13.0","False","[]","0.02894180000294","","","","","","","","","","","","","","","","","","","","","","","","","",""
"dml_linear","graph_zero","low_dim","x1","u","0.9185401001744646","","13.0","True","[]","0.0498471000464633","","","","0.9185401001744646","","","","","","","","","","","","","","","","","","","","","",""
"dml_linear","graph_zero","low_dim","x2","u","0.0","","13.0","False","[]","0.0498471000464633","","","","0.0139964232432579","","","","","","","","","","","","","","","","","","","","","",""
"dml_linear","pure","low_dim","x1","u","0.9185401001744646","","13.0","","[]","0.0261095000896602","","","","","","","","","","","","","","","","","","","","","","","","","",""
"dml_linear","pure","low_dim","x2","u","0.0139964232432579","","13.0","","[]","0.0261095000896602","","","","","","","","","","","","","","","","","","","","","","","","","",""
"","","","","","","","","","","","","","","","3.0","0.0","1.6421213246444035","2.199515847831928","","","","","","","","","","","","","","","","","",""
"","","","","","","","","","","","","","","","11.0","0.5003818664186679","2.4849666882578023","2.207796508395289","","","","","","","","","","","","","","","","","",""
"","","","","","","","","","","","","","","","19.0","1.588855203878302","2.854764775134263","2.1801451484665897","","","","","","","","","","","","","","","","","",""
"","","","","","","","","","","","","","","","27.0","1.102742760980774","2.826729890082998","2.210009189013113","","","","","","","","","","","","","","","","","",""
"","","","","","","","","","","","","","","","35.0","-1.0991712400376326","0.493582644671277","2.117752414255844","","","","","","","","","","","","","","","","","",""
"","","","","","","","","","","","","","","","43.0","-0.7993348603550983","0.5702349445055891","2.181424854971948","","","","","","","","","","","","","","","","","",""
"","","","","","","","","","","","","","","","51.0","1.4942137815850476","2.9152844023836777","2.286738741040807","","","","","","","","","","","","","","","","","",""
"","","","","","","","","","","","","","","","59.0","-1.978938781737701","0.4116930822125038","2.1923230630754764","","","","","","","","","","","","","","","","","",""
"","","","","","","","","","","","","","","","67.0","1.2849136735310651","2.9103280921487986","2.240361064546215","","","","","","","","","","","","","","","","","",""
"","","","","","","","","","","","","","","","75.0","1.188277715008185","2.8574068276301805","2.1843817952227336","","","","","","","","","","","","","","","","","",""
"","","","","","","","","","","","","","","","83.0","-0.1282601886251169","1.3339297192240187","2.22856517226126","","","","","","","","","","","","","","","","","",""
"","","","","","","","","","","","","","","","91.0","-0.7878702927227459","0.5918015388217264","2.184873771800009","","","","","","","","","","","","","","","","","",""
"","","","","","","","","","","","","","","","99.0","-0.8862975515969067","0.4692426403353897","2.245212145877862","","","","","","","","","","","","","","","","","",""
"dml_linear","graph_control","low_dim","x1","u","0.9177002726009814","","13.0","True","[]","0.0268514999188482","","","","","","","","","","","","","","","","","","","","","","","","","",""
"dml_linear","graph_control","low_dim","x2","u","0.0","0.0","13.0","False","[]","0.0268514999188482","","","","","","","","","","","","","","","","","","","","","","","","","",""
"dml_linear","graph_zero","low_dim","x1","u","0.9177002726009814","","13.0","True","[]","0.0472438000142574","","","","0.9177002726009814","","","","","","","","","","","","","","","","","","","","","",""
"dml_linear","graph_zero","low_dim","x2","u","0.0","","13.0","False","[]","0.0472438000142574","","","","0.0131594344904511","","","","","","","","","","","","","","","","","","","","","",""
"dml_linear","pure","low_dim","x1","u","0.9177002726009814","","13.0","","[]","0.0257115000858902","","","","","","","","","","","","","","","","","","","","","","","","","",""
"dml_linear","pure","low_dim","x2","u","0.0131594344904511","","13.0","","[]","0.0257115000858902","","","","","","","","","","","","","","","","","","","","","","","","","",""
"","","","","","","","","","","","","","","","3.0","0.0","1.64","2.2","","","","","","","","","","","","","","","","","",""
"","","","","","","","","","","","","","","","11.0","0.5003818664186679","2.48","2.2","","","","","","","","","","","","","","","","","",""
"","","","","","","","","","","","","","","","19.0","1.588855203878302","2.86","2.18","","","","","","","","","","","","","","","","","",""
"","","","","","","","","","","","","","","","27.0","1.102742760980774","2.82","2.22","","","","","","","","","","","","","","","","","",""
"","","","","","","","","","","","","","","","35.0","-1.0991712400376326","0.5","2.12","","","","","","","","","","","","","","","","","",""
"","","","","","","","","","","","","","","","43.0","-0.7993348603550983","0.58","2.18","","","","","","","","","","","","","","","","","",""
"","","","","","","","","","","","","","","","51.0","1.4942137815850476","2.92","2.28","","","","","","","","","","","","","","","","","",""
"","","","","","","","","","","","","","","","59.0","-1.978938781737701","0.42","2.2","","","","","","","","","","","","","","","","","",""
"","","","","","","","","","","","","","","","67.0","1.2849136735310651","2.92","2.24","","","","","","","","","","","","","","","","","",""
"","","","","","","","","","","","","","","","75.0","1.188277715008185","2.86","2.18","","","","","","","","","","","","","","","","","",""
"","","","","","","","","","","","","","","","83.0","-0.1282601886251169","1.34","2.22","","","","","","","","","","","","","","","","","",""
"","","","","","","","","","","","","","","","91.0","-0.7878702927227459","0.6","2.18","","","","","","","","","","","","","","","","","",""
"","","","","","","","","","","","","","","","99.0","-0.8862975515969067","0.46","2.24","","","","","","","","","","","","","","","","","",""
"dml_linear","graph_control","low_dim","x1","u","0.8609502994385655","","13.0","True","[""x2""]","0.5767546999268234","","","","","","","","","","","","","","","","","","","","","","","","","",""
"dml_linear","graph_control","low_dim","x2","u","0.0","0.0","13.0","False","[]","0.5767546999268234","","","","","","","","","","","","","","","","","","","","","","","","","",""
"dml_linear","graph_zero","low_dim","x1","u","0.9279532006960832","","13.0","True","[]","0.050868900027126","","","","0.9279532006960832","","","","","","","","","","","","","","","","","","","","","",""
"dml_linear","graph_zero","low_dim","x2","u","0.0","","13.0","False","[]","0.050868900027126","","","","0.0255824666597115","","","","","","","","","","","","","","","","","","","","","",""
"dml_linear","pure","low_dim","x1","u","0.9279532006960832","","13.0","","[]","0.0249547000275924","","","","","","","","","","","","","","","","","","","","","","","","","",""
"dml_linear","pure","low_dim","x2","u","0.0255824666597115","","13.0","","[]","0.0249547000275924","","","","","","","","","","","","","","","","","","","","","","","","","",""
"","","","","","","","","","","","","","","","3.0","0.0","1.6193433828995651","2.101569438034879","","","","","","","","","","","","","","","","","",""
"","","","","","","","","","","","","","","","11.0","0.5003818664186679","2.376601888479481","2.12066623447641","","","","","","","","","","","","","","","","","",""
"","","","","","","","","","","","","","","","19.0","1.588855203878302","2.574671582075375","2.06491152395027","","","","","","","","","","","","","","","","","",""
"","","","","","","","","","","","","","","","27.0","1.102742760980774","2.550872911865224","2.0623819814802733","","","","","","","","","","","","","","","","","",""
"","","","","","","","","","","","","","","","35.0","-1.0991712400376326","0.1985660547613134","2.054132968734134","","","","","","","","","","","","","","","","","",""
"","","","","","","","","","","","","","","","43.0","-0.7993348603550983","0.3180926993257082","2.005903583175678","","","","","","","","","","","","","","","","","",""
"","","","","","","","","","","","","","","","51.0","1.4942137815850476","2.58616452823972","2.001578929600477","","","","","","","","","","","","","","","","","",""
"","","","","","","","","","","","","","","","59.0","-1.978938781737701","0.031359387451923","2.001456754361408","","","","","","","","","","","","","","","","","",""
"","","","","","","","","","","","","","","","67.0","1.2849136735310651","2.3851312193128145","1.9662811046737985","","","","","","","","","","","","","","","","","",""
"","","","","","","","","","","","","","","","75.0","1.188277715008185","2.512650195491174","1.909300470706755","","","","","","","","","","","","","","","","","",""
"","","","","","","","","","","","","","","","83.0","-0.1282601886251169","0.997964389242972","1.8033459977296096","","","","","","","","","","","","","","","","","",""
"","","","","","","","","","","","","","","","91.0","-0.7878702927227459","0.0762406782628752","1.7690185076896472","","","","","","","","","","","","","","","","","",""
"","","","","","","","","","","","","","","","99.0","-0.8862975515969067","0.080978028173449","1.822453622902716","","","","","","","","","","","","","","","","","",""
"dml_linear","graph_control","low_dim","x1","u","0.9282934855193128","","13.0","True","[]","0.0151630999753251","","","","","","","","","","","","","","","","","","","","","","","","","",""
"dml_linear","graph_control","low_dim","x2","u","0.0","0.0","13.0","False","[]","0.0151630999753251","","","","","","","","","","","","","","","","","","","","","","","","","",""
"dml_linear","graph_zero","low_dim","x1","u","0.9282934855193128","","13.0","True","[]","0.0309564999770373","","","","0.9282934855193128","","","","","","","","","","","","","","","","","","","","","",""
"dml_linear","graph_zero","low_dim","x2","u","0.0","","13.0","False","[]","0.0309564999770373","","","","0.0179581241555357","","","","","","","","","","","","","","","","","","","","","",""
"dml_linear","pure","low_dim","x1","u","0.9282934855193128","","13.0","","[]","0.0139268999919295","","","","","","","","","","","","","","","","","","","","","","","","","",""
"dml_linear","pure","low_dim","x2","u","0.0179581241555357","","13.0","","[]","0.0139268999919295","","","","","","","","","","","","","","","","","","","","","","","","","",""
"","","","","","","","","","","","","","","","3.0","0.0","1.6428672729603864","2.1996204746950307","","","","","","","","","","","","","","","","","",""
"","","","","","","","","","","","","","","","11.0","0.5003818664186679","2.4963104082570227","2.210282933741151","","","","","","","","","","","","","","","","","",""
"","","","","","","","","","","","","","","","19.0","1.588855203878302","2.9012497729212536","2.194966830962329","","","","","","","","","","","","","","","","","",""
"","","","","","","","","","","","","","","","27.0","1.102742760980774","2.870464690044279","2.2267513197551843","","","","","","","","","","","","","","","","","",""
"","","","","","","","","","","","","","","","35.0","-1.0991712400376326","0.5007796066090762","2.119738117700402","","","","","","","","","","","","","","","","","",""
"","","","","","","","","","","","","","","","43.0","-0.7993348603550983","0.5715526039364491","2.181691660148405","","","","","","","","","","","","","","","","","",""
"","","","","","","","","","","","","","","","51.0","1.4942137815850476","2.9266281436554467","2.289225174126824","","","","","","","","","","","","","","","","","",""
"","","","","","","","","","","","","","","","59.0","-1.978938781737701","0.3916034115545212","2.181603038452016","","","","","","","","","","","","","","","","","",""
"","","","","","","","","","","","","","","","67.0","1.2849136735310651","2.8874130519439394","2.2315299900515644","","","","","","","","","","","","","","","","","",""
"","","","","","","","","","","","","","","","75.0","1.188277715008185","2.797953946604808","2.160794291927284","","","","","","","","","","","","","","","","","",""
"","","","","","","","","","","","","","","","83.0","-0.1282601886251169","1.268597535691603","2.203258770697638","","","","","","","","","","","","","","","","","",""
"","","","","","","","","","","","","","","","91.0","-0.7878702927227459","0.5364954371302191","2.161786998145946","","","","","","","","","","","","","","","","","",""
"","","","","","","","","","","","","","","","99.0","-0.8862975515969067","0.4490777951598964","2.234460621633892","","","","","","","","","","","","","","","","","",""
"dml_linear","graph_control","low_dim","x1","u","0.9269052773231642","","13.0","True","[]","0.0149227000074461","","","","","","","","","","","","","","","","","","","","","","","","","",""
"dml_linear","graph_control","low_dim","x2","u","0.0","0.0","13.0","False","[]","0.0149227000074461","","","","","","","","","","","","","","","","","","","","","","","","","",""
"dml_linear","graph_zero","low_dim","x1","u","0.9269052773231642","","13.0","True","[]","0.0296695000724867","","","","0.9269052773231642","","","","","","","","","","","","","","","","","","","","","",""
"dml_linear","graph_zero","low_dim","x2","u","0.0","","13.0","False","[]","0.0296695000724867","","","","0.0180951481393272","","","","","","","","","","","","","","","","","","","","","",""
"dml_linear","pure","low_dim","x1","u","0.9269052773231642","","13.0","","[]","0.0123796999687328","","","","","","","","","","","","","","","","","","","","","","","","","",""
"dml_linear","pure","low_dim","x2","u","0.0180951481393272","","13.0","","[]","0.0123796999687328","","","","","","","","","","","","","","","","","","","","","","","","","",""
"","","","","","","","","","","","","","","","3.0","0.0","1.64","2.2","","","","","","","","","","","","","","","","","",""
"","","","","","","","","","","","","","","","11.0","0.5003818664186679","2.5","2.22","","","","","","","","","","","","","","","","","",""
"","","","","","","","","","","","","","","","19.0","1.588855203878302","2.9","2.2","","","","","","","","","","","","","","","","","",""
"","","","","","","","","","","","","","","","27.0","1.102742760980774","2.88","2.22","","","","","","","","","","","","","","","","","",""
"","","","","","","","","","","","","","","","35.0","-1.0991712400376326","0.5","2.12","","","","","","","","","","","","","","","","","",""
"","","","","","","","","","","","","","","","43.0","-0.7993348603550983","0.58","2.18","","","","","","","","","","","","","","","","","",""
"","","","","","","","","","","","","","","","51.0","1.4942137815850476","2.92","2.28","","","","","","","","","","","","","","","","","",""
"","","","","","","","","","","","","","","","59.0","-1.978938781737701","0.4","2.18","","","","","","","","","","","","","","","","","",""
"","","","","","","","","","","","","","","","67.0","1.2849136735310651","2.88","2.24","","","","","","","","","","","","","","","","","",""
"","","","","","","","","","","","","","","","75.0","1.188277715008185","2.8000000000000003","2.16","","","","","","","","","","","","","","","","","",""
"","","","","","","","","","","","","","","","83.0","-0.1282601886251169","1.26","2.2","","","","","","","","","","","","","","","","","",""
"","","","","","","","","","","","","","","","91.0","-0.7878702927227459","0.54","2.16","","","","","","","","","","","","","","","","","",""
"","","","","","","","","","","","","","","","99.0","-0.8862975515969067","0.44","2.24","","","","","","","","","","","","","","","","","",""
"dml_linear","graph_control","low_dim","x1","u","0.8601696082928445","","13.0","True","[""x2""]","0.3596094999229535","","","","","","","","","","","","","","","","","","","","","","","","","",""
"dml_linear","graph_control","low_dim","x2","u","0.0","0.0","13.0","False","[]","0.3596094999229535","","","","","","","","","","","","","","","","","","","","","","","","","",""
"dml_linear","graph_zero","low_dim","x1","u","0.9377065860409312","","13.0","True","[]","0.0331142999930307","","","","0.9377065860409312","","","","","","","","","","","","","","","","","","","","","",""
"dml_linear","graph_zero","low_dim","x2","u","0.0","","13.0","False","[]","0.0331142999930307","","","","0.0295441675719892","","","","","","","","","","","","","","","","","","","","","",""
"dml_linear","pure","low_dim","x1","u","0.9377065860409312","","13.0","","[]","0.0134707000106573","","","","","","","","","","","","","","","","","","","","","","","","","",""
"dml_linear","pure","low_dim","x2","u","0.0295441675719892","","13.0","","[]","0.0134707000106573","","","","","","","","","","","","","","","","","","","","","","","","","",""
"","","","","","","","","","","","","","","","3.0","0.0","1.620089331215548","2.101674064897982","","","","","","","","","","","","","","","","","",""
"","","","","","","","","","","","","","","","11.0","0.5003818664186679","2.3879456084787014","2.123152659822272","","","","","","","","","","","","","","","","","",""
"","","","","","","","","","","","","","","","19.0","1.588855203878302","2.6211565798623657","2.079733206446009","","","","","","","","","","","","","","","","","",""
"","","","","","","","","","","","","","","","27.0","1.102742760980774","2.594607711826505","2.0791241122223445","","","","","","","","","","","","","","","","","",""
"","","","","","","","","","","","","","","","35.0","-1.0991712400376326","0.2057630166991126","2.056118672178692","","","","","","","","","","","","","","","","","",""
"","","","","","","","","","","","","","","","43.0","-0.7993348603550983","0.3194103587565682","2.006170388352136","","","","","","","","","","","","","","","","","",""
"","","","","","","","","","","","","","","","51.0","1.4942137815850476","2.597508269511489","2.004065362686493","","","","","","","","","","","","","","","","","",""
"","","","","","","","","","","","","","","","59.0","-1.978938781737701","0.0112697167939403","1.990736729737948","","","","","","","","","","","","","","","","","",""
"","","","","","","","","","","","","","","","67.0","1.2849136735310651","2.3622161791079552","1.957450030179148","","","","","","","","","","","","","","","","","",""
"","","","","","","","","","","","","","","","75.0","1.188277715008185","2.453197314465801","1.885712967411305","","","","","","","","","","","","","","","","","",""
"","","","","","","","","","","","","","","","83.0","-0.1282601886251169","0.9326322057105564","1.7780395961659876","","","","","","","","","","","","","","","","","",""
"","","","","","","","","","","","","","","","91.0","-0.7878702927227459","0.0209345765713679","1.7459317340355844","","","","","","","","","","","","","","","","","",""
"","","","","","","","","","","","","","","","99.0","-0.8862975515969067","0.0608131829979556","1.811702098658745","","","","","","","","","","","","","","","","","",""
"gp_matern","matern","low_dim","x1","u","2.115320140367341","0.8759967995859101","13.0","","","0.3783839999232441","","","","","","","","","0.566**2 * Matern(length_scale=1.18, nu=1.5) + DotProduct(sigma_0=3.81e-05) + WhiteKernel(noise_level=1e-08)","","","","","","","","","","","","","","","","",""
"gp_matern","matern","low_dim","x2","u","0.006140328240974","0.0063016192459346","13.0","","","0.3783839999232441","","","","","","","","","0.235**2 * Matern(length_scale=0.0186, nu=1.5) + DotProduct(sigma_0=1e-05) + WhiteKernel(noise_level=0.89)","","","","","","","","","","","","","","","","",""
"","","","","","","","","","","","","","","","3.0","0.0","1.6094637470293598","2.188433274403022","","","","","","","","","","","","","","","","","",""
"","","","","","","","","","","","","","","","11.0","0.5003818664186679","2.4816199107426606","2.206236521990606","","","","","","","","","","","","","","","","","",""
"","","","","","","","","","","","","","","","19.0","1.588855203878302","2.838549071145969","2.17128239641392","","","","","","","","","","","","","","","","","",""
"","","","","","","","","","","","","","","","27.0","1.102742760980774","2.807008611849329","2.202442620643412","","","","","","","","","","","","","","","","","",""
"","","","","","","","","","","","","","","","35.0","-1.0991712400376326","0.4680938511749171","2.10965266512686","","","","","","","","","","","","","","","","","",""
"","","","","","","","","","","","","","","","43.0","-0.7993348603550983","0.5563359403378797","2.1778995233441028","","","","","","","","","","","","","","","","","",""
"","","","","","","","","","","","","","","","51.0","1.4942137815850476","2.910103001164049","2.2843986621623573","","","","","","","","","","","","","","","","","",""
"","","","","","","","","","","","","","","","59.0","-1.978938781737701","0.3996486866294592","2.186173994043572","","","","","","","","","","","","","","","","","",""
"","","","","","","","","","","","","","","","67.0","1.2849136735310651","2.888236708614542","2.2318720075117167","","","","","","","","","","","","","","","","","",""
"","","","","","","","","","","","","","","","75.0","1.188277715008185","2.834169878615618","2.176941492972454","","","","","","","","","","","","","","","","","",""
"","","","","","","","","","","","","","","","83.0","-0.1282601886251169","1.2934820044066508","2.2150787263418628","","","","","","","","","","","","","","","","","",""
"","","","","","","","","","","","","","","","91.0","-0.7878702927227459","0.5661045258735347","2.175158502175819","","","","","","","","","","","","","","","","","",""
"","","","","","","","","","","","","","","","99.0","-0.8862975515969067","0.5017730435888611","2.2568887535645854","","","","","","","","","","","","","","","","","",""
"gp_matern","matern","low_dim","x1","u","2.1021247884077296","0.8498957437585787","13.0","","","0.3723903999198228","","","","","","","","","0.561**2 * Matern(length_scale=1.14, nu=1.5) + DotProduct(sigma_0=1e-05) + WhiteKernel(noise_level=2.27e-05)","","","","","","","","","","","","","","","","",""
"gp_matern","matern","low_dim","x2","u","0.0094627674091073","0.0101197433009961","13.0","","","0.3723903999198228","","","","","","","","","0.288**2 * Matern(length_scale=0.0186, nu=1.5) + DotProduct(sigma_0=3.81e-05) + WhiteKernel(noise_level=0.837)","","","","","","","","","","","","","","","","",""
"","","","","","","","","","","","","","","","3.0","0.0","1.6","2.18","","","","","","","","","","","","","","","","","",""
"","","","","","","","","","","","","","","","11.0","0.5003818664186679","2.48","2.2","","","","","","","","","","","","","","","","","",""
"","","","","","","","","","","","","","","","19.0","1.588855203878302","2.84","2.18","","","","","","","","","","","","","","","","","",""
"","","","","","","","","","","","","","","","27.0","1.102742760980774","2.8000000000000003","2.2","","","","","","","","","","","","","","","","","",""
"","","","","","","","","","","","","","","","35.0","-1.0991712400376326","0.46","2.1","","","","","","","","","","","","","","","","","",""
"","","","","","","","","","","","","","","","43.0","-0.7993348603550983","0.56","2.18","","","","","","","","","","","","","","","","","",""
"","","","","","","","","","","","","","","","51.0","1.4942137815850476","2.92","2.28","","","","","","","","","","","","","","","","","",""
"","","","","","","","","","","","","","","","59.0","-1.978938781737701","0.4","2.18","","","","","","","","","","","","","","","","","",""
"","","","","","","","","","","","","","","","67.0","1.2849136735310651","2.88","2.24","","","","","","","","","","","","","","","","","",""
"","","","","","","","","","","","","","","","75.0","1.188277715008185","2.84","2.18","","","","","","","","","","","","","","","","","",""
"","","","","","","","","","","","","","","","83.0","-0.1282601886251169","1.3","2.22","","","","","","","","","","","","","","","","","",""
"","","","","","","","","","","","","","","","91.0","-0.7878702927227459","0.56","2.18","","","","","","","","","","","","","","","","","",""
"","","","","","","","","","","","","","","","99.0","-0.8862975515969067","0.5","2.26","","","","","","","","","","","","","","","","","",""
"gp_matern","matern","low_dim","x1","u","2.1899335572297285","0.8518536034270567","13.0","","","0.4433213999727741","","","","","","","","","0.543**2 * Matern(length_scale=0.888, nu=1.5) + DotProduct(sigma_0=1e-05) + WhiteKernel(noise_level=0.0132)","","","","","","","","","","","","","","","","",""
"gp_matern","matern","low_dim","x2","u","0.000316848459412","3.363684010924304e-10","13.0","","","0.4433213999727741","","","","","","","","","0.0316**2 * Matern(length_scale=0.00135, nu=1.5) + DotProduct(sigma_0=3.81e-05) + WhiteKernel(noise_level=0.998)","","","","","","","","","","","","","","","","",""
"","","","","","","","","","","","","","","","3.0","0.0","1.5866858052845214","2.0904868646059733","","","","","","","","","","","","","","","","","",""
"","","","","","","","","","","","","","","","11.0","0.5003818664186679","2.3732551109643394","2.1191062480717267","","","","","","","","","","","","","","","","","",""
"","","","","","","","","","","","","","","","19.0","1.588855203878302","2.5584558780870816","2.0560487718976","","","","","","","","","","","","","","","","","",""
"","","","","","","","","","","","","","","","27.0","1.102742760980774","2.531151633631555","2.054815413110572","","","","","","","","","","","","","","","","","",""
"","","","","","","","","","","","","","","","35.0","-1.0991712400376326","0.1730772612649535","2.0460332196051496","","","","","","","","","","","","","","","","","",""
"","","","","","","","","","","","","","","","43.0","-0.7993348603550983","0.3041936951579988","2.002378251547833","","","","","","","","","","","","","","","","","",""
"","","","","","","","","","","","","","","","51.0","1.4942137815850476","2.580983127020092","1.9992388507220271","","","","","","","","","","","","","","","","","",""
"","","","","","","","","","","","","","","","59.0","-1.978938781737701","0.0193149918688783","1.9953076853295035","","","","","","","","","","","","","","","","","",""
"","","","","","","","","","","","","","","","67.0","1.2849136735310651","2.363039835778558","1.9577920476393","","","","","","","","","","","","","","","","","",""
"","","","","","","","","","","","","","","","75.0","1.188277715008185","2.4894132464766123","1.9018601684564755","","","","","","","","","","","","","","","","","",""
"","","","","","","","","","","","","","","","83.0","-0.1282601886251169","0.957516674425604","1.7898595518102125","","","","","","","","","","","","","","","","","",""
"","","","","","","","","","","","","","","","91.0","-0.7878702927227459","0.0505436653146835","1.7593032380654572","","","","","","","","","","","","","","","","","",""
"","","","","","","","","","","","","","","","99.0","-0.8862975515969067","0.1135084314269204","1.8341302305894391","","","","","","","","","","","","","","","","","",""
"gp_matern","matern","low_dim","x1","u","2.084442883533583","0.771258414776068","13.0","","","0.5164917999645695","","","","","","","","","0.545**2 * Matern(length_scale=1.16, nu=1.5) + DotProduct(sigma_0=1e-05) + WhiteKernel(noise_level=0.00134)","","","","","","","","","","","","","","","","",""
"gp_matern","matern","low_dim","x2","u","0.0116837564028391","0.0352404391015443","13.0","","","0.5164917999645695","","","","","","","","","0.507**2 * Matern(length_scale=0.0203, nu=1.5) + DotProduct(sigma_0=3.81e-05) + WhiteKernel(noise_level=0.54)","","","","","","","","","","","","","","","","",""
"","","","","","","","","","","","","","","","3.0","0.0","1.6423327690471845","2.199511659249488","","","","","","","","","","","","","","","","","",""
"","","","","","","","","","","","","","","","11.0","0.5003818664186679","2.4933467336394006","2.2096587319143617","","","","","","","","","","","","","","","","","",""
"","","","","","","","","","","","","","","","19.0","1.588855203878302","2.894566254551655","2.1934317060303203","","","","","","","","","","","","","","","","","",""
"","","","","","","","","","","","","","","","27.0","1.102742760980774","2.8580978502802203","2.223608151535239","","","","","","","","","","","","","","","","","",""
"","","","","","","","","","","","","","","","35.0","-1.0991712400376326","0.4797424851493434","2.1137575342716857","","","","","","","","","","","","","","","","","",""
"","","","","","","","","","","","","","","","43.0","-0.7993348603550983","0.5373183886218545","2.1707082973436296","","","","","","","","","","","","","","","","","",""
"","","","","","","","","","","","","","","","51.0","1.4942137815850476","2.8723757894991686","2.269433222390612","","","","","","","","","","","","","","","","","",""
"","","","","","","","","","","","","","","","59.0","-1.978938781737701","0.3915324770353733","2.1815734671082967","","","","","","","","","","","","","","","","","",""
"","","","","","","","","","","","","","","","67.0","1.2849136735310651","2.8874130493045675","2.2315299886402364","","","","","","","","","","","","","","","","","",""
"","","","","","","","","","","","","","","","75.0","1.188277715008185","2.7979539466047094","2.1607942919272167","","","","","","","","","","","","","","","","","",""
"","","","","","","","","","","","","","","","83.0","-0.1282601886251169","1.268597535691603","2.203258770697638","","","","","","","","","","","","","","","","","",""
"","","","","","","","","","","","","","","","91.0","-0.7878702927227459","0.5364954371302191","2.161786998145946","","","","","","","","","","","","","","","","","",""
"","","","","","","","","","","","","","","","99.0","-0.8862975515969067","0.4490777951598964","2.234460621633892","","","","","","","","","","","","","","","","","",""
"gp_matern","matern","low_dim","x1","u","2.1134056181515097","0.7840265098603115","13.0","","","0.5422314999159425","","","","","","","","","0.542**2 * Matern(length_scale=1.12, nu=1.5) + DotProduct(sigma_0=1e-05) + WhiteKernel(noise_level=0.00136)","","","","","","","","","","","","","","","","",""
"gp_matern","matern","low_dim","x2","u","0.0108347515687067","0.0247892119466129","13.0","","","0.5422314999159425","","","","","","","","","0.442**2 * Matern(length_scale=0.0188, nu=1.5) + DotProduct(sigma_0=1e-05) + WhiteKernel(noise_level=0.624)","","","","","","","","","","","","","","","","",""
"","","","","","","","","","","","","","","","3.0","0.0","1.64","2.2","","","","","","","","","","","","","","","","","",""
"","","","","","","","","","","","","","","","11.0","0.5003818664186679","2.5","2.2","","","","","","","","","","","","","","","","","",""
"","","","","","","","","","","","","","","","19.0","1.588855203878302","2.9","2.2","","","","","","","","","","","","","","","","","",""
"","","","","","","","","","","","","","","","27.0","1.102742760980774","2.86","2.22","","","","","","","","","","","","","","","","","",""
"","","","","","","","","","","","","","","","35.0","-1.0991712400376326","0.48","2.12","","","","","","","","","","","","","","","","","",""
"","","","","","","","","","","","","","","","43.0","-0.7993348603550983","0.54","2.18","","","","","","","","","","","","","","","","","",""
"","","","","","","","","","","","","","","","51.0","1.4942137815850476","2.88","2.26","","","","","","","","","","","","","","","","","",""
"","","","","","","","","","","","","","","","59.0","-1.978938781737701","0.4","2.18","","","","","","","","","","","","","","","","","",""
"","","","","","","","","","","","","","","","67.0","1.2849136735310651","2.88","2.24","","","","","","","","","","","","","","","","","",""
"","","","","","","","","","","","","","","","75.0","1.188277715008185","2.8000000000000003","2.16","","","","","","","","","","","","","","","","","",""
"","","","","","","","","","","","","","","","83.0","-0.1282601886251169","1.26","2.2","","","","","","","","","","","","","","","","","",""
"","","","","","","","","","","","","","","","91.0","-0.7878702927227459","0.54","2.16","","","","","","","","","","","","","","","","","",""
"","","","","","","","","","","","","","","","99.0","-0.8862975515969067","0.44","2.24","","","","","","","","","","","","","","","","","",""
"gp_matern","matern","low_dim","x1","u","2.2167575924756537","0.9026120871305467","13.0","","","0.3888748000608757","","","","","","","","","0.54**2 * Matern(length_scale=0.826, nu=1.5) + DotProduct(sigma_0=1e-05) + WhiteKernel(noise_level=0.0159)","","","","","","","","","","","","","","","","",""
"gp_matern","matern","low_dim","x2","u","0.0003671676033601","7.271805063251762e-10","13.0","","","0.3888748000608757","","","","","","","","","0.0316**2 * Matern(length_scale=0.00141, nu=1.5) + DotProduct(sigma_0=3.81e-05) + WhiteKernel(noise_level=0.998)","","","","","","","","","","","","","","","","",""
"","","","","","","","","","","","","","","","3.0","0.0","1.619554827302346","2.101565249452439","","","","","","","","","","","","","","","","","",""
"","","","","","","","","","","","","","","","11.0","0.5003818664186679","2.38498193386108","2.1225284579954824","","","","","","","","","","","","","","","","","",""
"","","","","","","","","","","","","","","","19.0","1.588855203878302","2.614473061492767","2.0781980815140004","","","","","","","","","","","","","","","","","",""
"","","","","","","","","","","","","","","","27.0","1.102742760980774","2.5822408720624463","2.0759809440024","","","","","","","","","","","","","","","","","",""
"","","","","","","","","","","","","","","","35.0","-1.0991712400376326","0.1847258952393798","2.0501380887499754","","","","","","","","","","","","","","","","","",""
"","","","","","","","","","","","","","","","43.0","-0.7993348603550983","0.2851761434419737","1.99518702554736","","","","","","","","","","","","","","","","","",""
"","","","","","","","","","","","","","","","51.0","1.4942137815850476","2.543255915355211","1.984273410950281","","","","","","","","","","","","","","","","","",""
"","","","","","","","","","","","","","","","59.0","-1.978938781737701","0.0111987822747924","1.9907071583942284","","","","","","","","","","","","","","","","","",""
"","","","","","","","","","","","","","","","67.0","1.2849136735310651","2.3622161764685834","1.95745002876782","","","","","","","","","","","","","","","","","",""
"","","","","","","","","","","","","","","","75.0","1.188277715008185","2.453197314465703","1.8857129674112376","","","","","","","","","","","","","","","","","",""
"","","","","","","","","","","","","","","","83.0","-0.1282601886251169","0.9326322057105564","1.7780395961659876","","","","","","","","","","","","","","","","","",""
"","","","","","","","","","","","","","","","91.0","-0.7878702927227459","0.0209345765713679","1.7459317340355844","","","","","","","","","","","","","","","","","",""
"","","","","","","","","","","","","","","","99.0","-0.8862975515969067","0.0608131829979556","1.811702098658745","","","","","","","","","","","","","","","","","",""
"gp_matern","matern","low_dim","x1","u","1.9035240349583848","0.6598285054577222","13.0","","","0.4459681999869644","","","","","","","","","0.559**2 * Matern(length_scale=1.37, nu=1.5) + DotProduct(sigma_0=1e-05) + WhiteKernel(noise_level=0.00109)","","","","","","","","","","","","","","","","",""
"gp_matern","matern","low_dim","x2","u","0.0082943925216487","0.0085536689488424","13.0","","","0.4459681999869644","","","","","","","","","0.28**2 * Matern(length_scale=0.0185, nu=1.5) + DotProduct(sigma_0=1e-05) + WhiteKernel(noise_level=0.845)","","","","","","","","","","","","","","","","",""
"","","","","","","","","","","","","","","","3.0","0.0","1.627772773688431","2.1946875854966104","","","","","","","","","","","","","","","","","",""
"","","","","","","","","","","","","","","","11.0","0.5003818664186679","2.456877197758865","2.197537345144952","","","","","","","","","","","","","","","","","",""
"","","","","","","","","","","","","","","","19.0","1.588855203878302","2.895786934477079","2.193931152345705","","","","","","","","","","","","","","","","","",""
"","","","","","","","","","","","","","","","27.0","1.102742760980774","2.85837527467023","2.22464745636036","","","","","","","","","","","","","","","","","",""
"","","","","","","","","","","","","","","","35.0","-1.0991712400376326","0.4708740937552936","2.1104194573877604","","","","","","","","","","","","","","","","","",""
"","","","","","","","","","","","","","","","43.0","-0.7993348603550983","0.571043188055244","2.1815995018222827","","","","","","","","","","","","","","","","","",""
"","","","","","","","","","","","","","","","51.0","1.4942137815850476","2.9015232309725345","2.283763880704013","","","","","","","","","","","","","","","","","",""
"","","","","","","","","","","","","","","","59.0","-1.978938781737701","0.4552808679843553","2.206547808842416","","","","","","","","","","","","","","","","","",""
"","","","","","","","","","","","","","","","67.0","1.2849136735310651","2.945193824734148","2.2553152218070167","","","","","","","","","","","","","","","","","",""
"","","","","","","","","","","","","","","","75.0","1.188277715008185","2.829294116285015","2.173859325612641","","","","","","","","","","","","","","","","","",""
"","","","","","","","","","","","","","","","83.0","-0.1282601886251169","1.3313425265642238","2.227941331055371","","","","","","","","","","","","","","","","","",""
"","","","","","","","","","","","","","","","91.0","-0.7878702927227459","0.6002009207077468","2.1867576365628105","","","","","","","","","","","","","","","","","",""
"","","","","","","","","","","","","","","","99.0","-0.8862975515969067","0.4902005096858212","2.2525403727566826","","","","","","","","","","","","","","","","","",""
"gp_matern","matern","low_dim","x1","u","1.8932183884375728","0.6405733560814728","13.0","","","0.4254669999936595","","","","","","","","","0.563**2 * Matern(length_scale=1.4, nu=1.5) + DotProduct(sigma_0=1e-05) + WhiteKernel(noise_level=0.00109)","","","","","","","","","","","","","","","","",""
"gp_matern","matern","low_dim","x2","u","0.0107470745132817","0.0163413078054726","13.0","","","0.4254669999936595","","","","","","","","","0.355**2 * Matern(length_scale=0.0197, nu=1.5) + DotProduct(sigma_0=3.81e-05) + WhiteKernel(noise_level=0.756)","","","","","","","","","","","","","","","","",""
"","","","","","","","","","","","","","","","3.0","0.0","1.62","2.2","","","","","","","","","","","","","","","","","",""
"","","","","","","","","","","","","","","","11.0","0.5003818664186679","2.46","2.2","","","","","","","","","","","","","","","","","",""
"","","","","","","","","","","","","","","","19.0","1.588855203878302","2.9","2.2","","","","","","","","","","","","","","","","","",""
"","","","","","","","","","","","","","","","27.0","1.102742760980774","2.86","2.22","","","","","","","","","","","","","","","","","",""
"","","","","","","","","","","","","","","","35.0","-1.0991712400376326","0.48","2.12","","","","","","","","","","","","","","","","","",""
"","","","","","","","","","","","","","","","43.0","-0.7993348603550983","0.58","2.18","","","","","","","","","","","","","","","","","",""
"","","","","","","","","","","","","","","","51.0","1.4942137815850476","2.9","2.28","","","","","","","","","","","","","","","","","",""
"","","","","","","","","","","","","","","","59.0","-1.978938781737701","0.46","2.2","","","","","","","","","","","","","","","","","",""
"","","","","","","","","","","","","","","","67.0","1.2849136735310651","2.94","2.26","","","","","","","","","","","","","","","","","",""
"","","","","","","","","","","","","","","","75.0","1.188277715008185","2.82","2.18","","","","","","","","","","","","","","","","","",""
"","","","","","","","","","","","","","","","83.0","-0.1282601886251169","1.34","2.22","","","","","","","","","","","","","","","","","",""
"","","","","","","","","","","","","","","","91.0","-0.7878702927227459","0.6","2.18","","","","","","","","","","","","","","","","","",""
"","","","","","","","","","","","","","","","99.0","-0.8862975515969067","0.5","2.26","","","","","","","","","","","","","","","","","",""
"gp_matern","matern","low_dim","x1","u","2.0961523881238957","0.8214319271831729","13.0","","","0.3757451999699697","","","","","","","","","0.543**2 * Matern(length_scale=0.927, nu=1.5) + DotProduct(sigma_0=1e-05) + WhiteKernel(noise_level=0.0118)","","","","","","","","","","","","","","","","",""
"gp_matern","matern","low_dim","x2","u","0.0003313613372783","9.719014321238184e-10","13.0","","","0.3757451999699697","","","","","","","","","0.0316**2 * Matern(length_scale=0.00144, nu=1.5) + DotProduct(sigma_0=3.81e-05) + WhiteKernel(noise_level=0.998)","","","","","","","","","","","","","","","","",""
"","","","","","","","","","","","","","","","3.0","0.0","1.604994831943593","2.0967411756995618","","","","","","","","","","","","","","","","","",""
"","","","","","","","","","","","","","","","11.0","0.5003818664186679","2.348512397980544","2.110407071226073","","","","","","","","","","","","","","","","","",""
"","","","","","","","","","","","","","","","19.0","1.588855203878302","2.615693741418191","2.078697527829385","","","","","","","","","","","","","","","","","",""
"","","","","","","","","","","","","","","","27.0","1.102742760980774","2.582518296452456","2.07702024882752","","","","","","","","","","","","","","","","","",""
"","","","","","","","","","","","","","","","35.0","-1.0991712400376326","0.17585750384533","2.04680001186605","","","","","","","","","","","","","","","","","",""
"","","","","","","","","","","","","","","","43.0","-0.7993348603550983","0.3189009428753631","2.006078230026013","","","","","","","","","","","","","","","","","",""
"","","","","","","","","","","","","","","","51.0","1.4942137815850476","2.572403356828577","1.9986040692636824","","","","","","","","","","","","","","","","","",""
"","","","","","","","","","","","","","","","59.0","-1.978938781737701","0.0749471732237745","2.0156815001283475","","","","","","","","","","","","","","","","","",""
"","","","","","","","","","","","","","","","67.0","1.2849136735310651","2.419996951898164","1.9812352619346","","","","","","","","","","","","","","","","","",""
"","","","","","","","","","","","","","","","75.0","1.188277715008185","2.4845374841460086","1.8987780010966624","","","","","","","","","","","","","","","","","",""
"","","","","","","","","","","","","","","","83.0","-0.1282601886251169","0.995377196583177","1.8027221565237208","","","","","","","","","","","","","","","","","",""
"","","","","","","","","","","","","","","","91.0","-0.7878702927227459","0.0846400601488956","1.7709023724524489","","","","","","","","","","","","","","","","","",""
"","","","","","","","","","","","","","","","99.0","-0.8862975515969067","0.1019358975238804","1.8297818497815364","","","","","","","","","","","","","","","","","",""
"gp_matern","matern","low_dim","x1","u","2.042965350270729","0.8918595890247917","13.0","","","0.4575257999822497","","","","","","","","","0.497**2 * Matern(length_scale=0.883, nu=1.5) + DotProduct(sigma_0=1e-05) + WhiteKernel(noise_level=1.04e-05)","","","","","","","","","","","","","","","","",""
"gp_matern","matern","low_dim","x2","u","0.0085581354405267","0.0103309629405274","13.0","","","0.4575257999822497","","","","","","","","","0.314**2 * Matern(length_scale=0.0188, nu=1.5) + DotProduct(sigma_0=3.81e-05) + WhiteKernel(noise_level=0.806)","","","","","","","","","","","","","","","","",""
"","","","","","","","","","","","","","","","3.0","0.0","1.6421213246444035","2.199515847831928","","","","","","","","","","","","","","","","","",""
"","","","","","","","","","","","","","","","11.0","0.5003818664186679","2.4849666882578023","2.207796508395289","","","","","","","","","","","","","","","","","",""
"","","","","","","","","","","","","","","","19.0","1.588855203878302","2.854764775134263","2.1801451484665897","","","","","","","","","","","","","","","","","",""
"","","","","","","","","","","","","","","","27.0","1.102742760980774","2.826729890082998","2.210009189013113","","","","","","","","","","","","","","","","","",""
"","","","","","","","","","","","","","","","35.0","-1.0991712400376326","0.493582644671277","2.117752414255844","","","","","","","","","","","","","","","","","",""
"","","","","","","","","","","","","","","","43.0","-0.7993348603550983","0.5702349445055891","2.181424854971948","","","","","","","","","","","","","","","","","",""
"","","","","","","","","","","","","","","","51.0","1.4942137815850476","2.9152844023836777","2.286738741040807","","","","","","","","","","","","","","","","","",""
"","","","","","","","","","","","","","","","59.0","-1.978938781737701","0.4116930822125038","2.1923230630754764","","","","","","","","","","","","","","","","","",""
"","","","","","","","","","","","","","","","67.0","1.2849136735310651","2.9103280921487986","2.240361064546215","","","","","","","","","","","","","","","","","",""
"","","","","","","","","","","","","","","","75.0","1.188277715008185","2.8574068276301805","2.1843817952227336","","","","","","","","","","","","","","","","","",""
"","","","","","","","","","","","","","","","83.0","-0.1282601886251169","1.3339297192240187","2.22856517226126","","","","","","","","","","","","","","","","","",""
"","","","","","","","","","","","","","","","91.0","-0.7878702927227459","0.5918015388217264","2.184873771800009","","","","","","","","","","","","","","","","","",""
"","","","","","","","","","","","","","","","99.0","-0.8862975515969067","0.4692426403353897","2.245212145877862","","","","","","","","","","","","","","","","","",""
"gp_matern","matern","low_dim","x1","u","2.0273273799716005","0.9079351912067006","13.0","","","0.3667606000090018","","","","","","","","","0.486**2 * Matern(length_scale=0.83, nu=1.5) + DotProduct(sigma_0=3.81e-05) + WhiteKernel(noise_level=1e-08)","","","","","","","","","","","","","","","","",""
"gp_matern","matern","low_dim","x2","u","0.0076840651052821","0.0090195789813386","13.0","","","0.3667606000090018","","","","","","","","","0.306**2 * Matern(length_scale=0.0189, nu=1.5) + DotProduct(sigma_0=3.81e-05) + WhiteKernel(noise_level=0.816)","","","","","","","","","","","","","","","","",""
"","","","","","","","","","","","","","","","3.0","0.0","1.64","2.2","","","","","","","","","","","","","","","","","",""
"","","","","","","","","","","","","","","","11.0","0.5003818664186679","2.48","2.2","","","","","","","","","","","","","","","","","",""
"","","","","","","","","","","","","","","","19.0","1.588855203878302","2.86","2.18","","","","","","","","","","","","","","","","","",""
"","","","","","","","","","","","","","","","27.0","1.102742760980774","2.82","2.22","","","","","","","","","","","","","","","","","",""
"","","","","","","","","","","","","","","","35.0","-1.0991712400376326","0.5","2.12","","","","","","","","","","","","","","","","","",""
"","","","","","","","","","","","","","","","43.0","-0.7993348603550983","0.58","2.18","","","","","","","","","","","","","","","","","",""
"","","","","","","","","","","","","","","","51.0","1.4942137815850476","2.92","2.28","","","","","","","","","","","","","","","","","",""
"","","","","","","","","","","","","","","","59.0","-1.978938781737701","0.42","2.2","","","","","","","","","","","","","","","","","",""
"","","","","","","","","","","","","","","","67.0","1.2849136735310651","2.92","2.24","","","","","","","","","","","","","","","","","",""
"","","","","","","","","","","","","","","","75.0","1.188277715008185","2.86","2.18","","","","","","","","","","","","","","","","","",""
"","","","","","","","","","","","","","","","83.0","-0.1282601886251169","1.34","2.22","","","","","","","","","","","","","","","","","",""
"","","","","","","","","","","","","","","","91.0","-0.7878702927227459","0.6","2.18","","","","","","","","","","","","","","","","","",""
"","","","","","","","","","","","","","","","99.0","-0.8862975515969067","0.46","2.24","","","","","","","","","","","","","","","","","",""
"gp_matern","matern","low_dim","x1","u","2.128647335249924","0.8373608725236868","13.0","","","0.4048192000482231","","","","","","","","","0.541**2 * Matern(length_scale=0.9, nu=1.5) + DotProduct(sigma_0=0.000141) + WhiteKernel(noise_level=0.0131)","","","","","","","","","","","","","","","","",""
"gp_matern","matern","low_dim","x2","u","0.0003285258861811","7.131166441958091e-10","13.0","","","0.4048192000482231","","","","","","","","","0.0316**2 * Matern(length_scale=0.00142, nu=1.5) + DotProduct(sigma_0=3.81e-05) + WhiteKernel(noise_level=0.998)","","","","","","","","","","","","","","","","",""
"","","","","","","","","","","","","","","","3.0","0.0","1.6193433828995651","2.101569438034879","","","","","","","","","","","","","","","","","",""
"","","","","","","","","","","","","","","","11.0","0.5003818664186679","2.376601888479481","2.12066623447641","","","","","","","","","","","","","","","","","",""
"","","","","","","","","","","","","","","","19.0","1.588855203878302","2.574671582075375","2.06491152395027","","","","","","","","","","","","","","","","","",""
"","","","","","","","","","","","","","","","27.0","1.102742760980774","2.550872911865224","2.0623819814802733","","","","","","","","","","","","","","","","","",""
"","","","","","","","","","","","","","","","35.0","-1.0991712400376326","0.1985660547613134","2.054132968734134","","","","","","","","","","","","","","","","","",""
"","","","","","","","","","","","","","","","43.0","-0.7993348603550983","0.3180926993257082","2.005903583175678","","","","","","","","","","","","","","","","","",""
"","","","","","","","","","","","","","","","51.0","1.4942137815850476","2.58616452823972","2.001578929600477","","","","","","","","","","","","","","","","","",""
"","","","","","","","","","","","","","","","59.0","-1.978938781737701","0.031359387451923","2.001456754361408","","","","","","","","","","","","","","","","","",""
"","","","","","","","","","","","","","","","67.0","1.2849136735310651","2.3851312193128145","1.9662811046737985","","","","","","","","","","","","","","","","","",""
"","","","","","","","","","","","","","","","75.0","1.188277715008185","2.512650195491174","1.909300470706755","","","","","","","","","","","","","","","","","",""
"","","","","","","","","","","","","","","","83.0","-0.1282601886251169","0.997964389242972","1.8033459977296096","","","","","","","","","","","","","","","","","",""
"","","","","","","","","","","","","","","","91.0","-0.7878702927227459","0.0762406782628752","1.7690185076896472","","","","","","","","","","","","","","","","","",""
"","","","","","","","","","","","","","","","99.0","-0.8862975515969067","0.080978028173449","1.822453622902716","","","","","","","","","","","","","","","","","",""
"gp_matern","matern","low_dim","x1","u","2.0600507634894747","0.7386012529389923","13.0","","","0.2591951000504195","","","","","","","","","0.542**2 * Matern(length_scale=1.17, nu=1.5) + DotProduct(sigma_0=1e-05) + WhiteKernel(noise_level=0.00202)","","","","","","","","","","","","","","","","",""
"gp_matern","matern","low_dim","x2","u","0.0133034181633658","0.0285065643858695","13.0","","","0.2591951000504195","","","","","","","","","0.461**2 * Matern(length_scale=0.0188, nu=1.5) + DotProduct(sigma_0=3.81e-05) + WhiteKernel(noise_level=0.593)","","","","","","","","","","","","","","","","",""
"","","","","","","","","","","","","","","","3.0","0.0","1.6428672729603864","2.1996204746950307","","","","","","","","","","","","","","","","","",""
"","","","","","","","","","","","","","","","11.0","0.5003818664186679","2.4963104082570227","2.210282933741151","","","","","","","","","","","","","","","","","",""
"","","","","","","","","","","","","","","","19.0","1.588855203878302","2.9012497729212536","2.194966830962329","","","","","","","","","","","","","","","","","",""
"","","","","","","","","","","","","","","","27.0","1.102742760980774","2.870464690044279","2.2267513197551843","","","","","","","","","","","","","","","","","",""
"","","","","","","","","","","","","","","","35.0","-1.0991712400376326","0.5007796066090762","2.119738117700402","","","","","","","","","","","","","","","","","",""
"","","","","","","","","","","","","","","","43.0","-0.7993348603550983","0.5715526039364491","2.181691660148405","","","","","","","","","","","","","","","","","",""
"","","","","","","","","","","","","","","","51.0","1.4942137815850476","2.9266281436554467","2.289225174126824","","","","","","","","","","","","","","","","","",""
"","","","","","","","","","","","","","","","59.0","-1.978938781737701","0.3916034115545212","2.181603038452016","","","","","","","","","","","","","","","","","",""
"","","","","","","","","","","","","","","","67.0","1.2849136735310651","2.8874130519439394","2.2315299900515644","","","","","","","","","","","","","","","","","",""
"","","","","","","","","","","","","","","","75.0","1.188277715008185","2.797953946604808","2.160794291927284","","","","","","","","","","","","","","","","","",""
"","","","","","","","","","","","","","","","83.0","-0.1282601886251169","1.268597535691603","2.203258770697638","","","","","","","","","","","","","","","","","",""
"","","","","","","","","","","","","","","","91.0","-0.7878702927227459","0.5364954371302191","2.161786998145946","","","","","","","","","","","","","","","","","",""
"","","","","","","","","","","","","","","","99.0","-0.8862975515969067","0.4490777951598964","2.234460621633892","","","","","","","","","","","","","","","","","",""
"gp_matern","matern","low_dim","x1","u","2.066950351938054","0.7371211487719379","13.0","","","0.2198076000204309","","","","","","","","","0.543**2 * Matern(length_scale=1.16, nu=1.5) + DotProduct(sigma_0=3.81e-05) + WhiteKernel(noise_level=0.00235)","","","","","","","","","","","","","","","","",""
"gp_matern","matern","low_dim","x2","u","0.0135534107263129","0.034301618783556","13.0","","","0.2198076000204309","","","","","","","","","0.482**2 * Matern(length_scale=0.0196, nu=1.5) + DotProduct(sigma_0=3.81e-05) + WhiteKernel(noise_level=0.563)","","","","","","","","","","","","","","","","",""
"","","","","","","","","","","","","","","","3.0","0.0","1.64","2.2","","","","","","","","","","","","","","","","","",""
"","","","","","","","","","","","","","","","11.0","0.5003818664186679","2.5","2.22","","","","","","","","","","","","","","","","","",""
"","","","","","","","","","","","","","","","19.0","1.588855203878302","2.9","2.2","","","","","","","","","","","","","","","","","",""
"","","","","","","","","","","","","","","","27.0","1.102742760980774","2.88","2.22","","","","","","","","","","","","","","","","","",""
"","","","","","","","","","","","","","","","35.0","-1.0991712400376326","0.5","2.12","","","","","","","","","","","","","","","","","",""
"","","","","","","","","","","","","","","","43.0","-0.7993348603550983","0.58","2.18","","","","","","","","","","","","","","","","","",""
"","","","","","","","","","","","","","","","51.0","1.4942137815850476","2.92","2.28","","","","","","","","","","","","","","","","","",""
"","","","","","","","","","","","","","","","59.0","-1.978938781737701","0.4","2.18","","","","","","","","","","","","","","","","","",""
"","","","","","","","","","","","","","","","67.0","1.2849136735310651","2.88","2.24","","","","","","","","","","","","","","","","","",""
"","","","","","","","","","","","","","","","75.0","1.188277715008185","2.8000000000000003","2.16","","","","","","","","","","","","","","","","","",""
"","","","","","","","","","","","","","","","83.0","-0.1282601886251169","1.26","2.2","","","","","","","","","","","","","","","","","",""
"","","","","","","","","","","","","","","","91.0","-0.7878702927227459","0.54","2.16","","","","","","","","","","","","","","","","","",""
"","","","","","","","","","","","","","","","99.0","-0.8862975515969067","0.44","2.24","","","","","","","","","","","","","","","","","",""
"gp_matern","matern","low_dim","x1","u","2.172353499951359","0.8459875643048189","13.0","","","0.1922722000163048","","","","","","","","","0.535**2 * Matern(length_scale=0.843, nu=1.5) + DotProduct(sigma_0=0.0003) + WhiteKernel(noise_level=0.0187)","","","","","","","","","","","","","","","","",""
"gp_matern","matern","low_dim","x2","u","0.0003794748070717","2.2037392648794533e-09","13.0","","","0.1922722000163048","","","","","","","","","0.0316**2 * Matern(length_scale=0.00152, nu=1.5) + DotProduct(sigma_0=3.81e-05) + WhiteKernel(noise_level=0.998)","","","","","","","","","","","","","","","","",""
"","","","","","","","","","","","","","","","3.0","0.0","1.620089331215548","2.101674064897982","","","","","","","","","","","","","","","","","",""
"","","","","","","","","","","","","","","","11.0","0.5003818664186679","2.3879456084787014","2.123152659822272","","","","","","","","","","","","","","","","","",""
"","","","","","","","","","","","","","","","19.0","1.588855203878302","2.6211565798623657","2.079733206446009","","","","","","","","","","","","","","","","","",""
"","","","","","","","","","","","","","","","27.0","1.102742760980774","2.594607711826505","2.0791241122223445","","","","","","","","","","","","","","","","","",""
"","","","","","","","","","","","","","","","35.0","-1.0991712400376326","0.2057630166991126","2.056118672178692","","","","","","","","","","","","","","","","","",""
"","","","","","","","","","","","","","","","43.0","-0.7993348603550983","0.3194103587565682","2.006170388352136","","","","","","","","","","","","","","","","","",""
"","","","","","","","","","","","","","","","51.0","1.4942137815850476","2.597508269511489","2.004065362686493","","","","","","","","","","","","","","","","","",""
"","","","","","","","","","","","","","","","59.0","-1.978938781737701","0.0112697167939403","1.990736729737948","","","","","","","","","","","","","","","","","",""
"","","","","","","","","","","","","","","","67.0","1.2849136735310651","2.3622161791079552","1.957450030179148","","","","","","","","","","","","","","","","","",""
"","","","","","","","","","","","","","","","75.0","1.188277715008185","2.453197314465801","1.885712967411305","","","","","","","","","","","","","","","","","",""
"","","","","","","","","","","","","","","","83.0","-0.1282601886251169","0.9326322057105564","1.7780395961659876","","","","","","","","","","","","","","","","","",""
"","","","","","","","","","","","","","","","91.0","-0.7878702927227459","0.0209345765713679","1.7459317340355844","","","","","","","","","","","","","","","","","",""
"","","","","","","","","","","","","","","","99.0","-0.8862975515969067","0.0608131829979556","1.811702098658745","","","","","","","","","","","","","","","","","",""
"state_space","ridge_delta_state","low_dim","x1","u","0.9834495283885852","","108.0","","","0.0243036000756546","","","","","","","","","","","","","","","","","","","","0.001","solve","","","","",""
"state_space","ridge_delta_state","low_dim","x2","u","-0.0017246688853683","","108.0","","","0.0243036000756546","","","","","","","","","","","","","","","","","","","","0.001","solve","","","","",""
"state_space","ridge_delta_state","low_dim","x1","u","0.9840917612286038","","108.0","","","0.0200595000060275","","","","","","","","","","","","","","","","","","","","0.001","solve","","","","",""
"state_space","ridge_delta_state","low_dim","x2","u","-0.0022777193411593","","108.0","","","0.0200595000060275","","","","","","","","","","","","","","","","","","","","0.001","solve","","","","",""
"state_space","ridge_delta_state","low_dim","x1","u","1.0157706962673487","","108.0","","","0.0224621000234037","","","","","","","","","","","","","","","","","","","","0.001","solve","","","","",""
"state_space","ridge_delta_state","low_dim","x2","u","0.0456623764453535","","108.0","","","0.0224621000234037","","","","","","","","","","","","","","","","","","","","0.001","solve","","","","",""
"state_space","ridge_delta_state","low_dim","x1","u","0.999808961063444","","108.0","","","0.0206425000214949","","","","","","","","","","","","","","","","","","","","0.001","solve","","","","",""
"state_space","ridge_delta_state","low_dim","x2","u","0.0043852180904271","","108.0","","","0.0206425000214949","","","","","","","","","","","","","","","","","","","","0.001","solve","","","","",""
"state_space","ridge_delta_state","low_dim","x1","u","0.9995756162394877","","108.0","","","0.0236134000588208","","","","","","","","","","","","","","","","","","","","0.001","solve","","","","",""
"state_space","ridge_delta_state","low_dim","x2","u","0.0033729620311589","","108.0","","","0.0236134000588208","","","","","","","","","","","","","","","","","","","","0.001","solve","","","","",""
"state_space","ridge_delta_state","low_dim","x1","u","1.0332111043372696","","108.0","","","0.0238015999784693","","","","","","","","","","","","","","","","","","","","0.001","solve","","","","",""
"state_space","ridge_delta_state","low_dim","x2","u","0.0526627476216963","","108.0","","","0.0238015999784693","","","","","","","","","","","","","","","","","","","","0.001","solve","","","","",""
"state_space","ridge_delta_state","low_dim","x1","u","0.9908405748777912","","108.0","","","0.0204675999702885","","","","","","","","","","","","","","","","","","","","0.001","solve","","","","",""
"state_space","ridge_delta_state","low_dim","x2","u","0.0094373387376448","","108.0","","","0.0204675999702885","","","","","","","","","","","","","","","","","","","","0.001","solve","","","","",""
"state_space","ridge_delta_state","low_dim","x1","u","0.9904532207188472","","108.0","","","0.0209164000116288","","","","","","","","","","","","","","","","","","","","0.001","solve","","","","",""
"state_space","ridge_delta_state","low_dim","x2","u","0.0094048379055665","","108.0","","","0.0209164000116288","","","","","","","","","","","","","","","","","","","","0.001","solve","","","","",""
"state_space","ridge_delta_state","low_dim","x1","u","1.026205626747212","","108.0","","","0.0223777999635785","","","","","","","","","","","","","","","","","","","","0.001","solve","","","","",""
"state_space","ridge_delta_state","low_dim","x2","u","0.0578006879746024","","108.0","","","0.0223777999635785","","","","","","","","","","","","","","","","","","","","0.001","solve","","","","",""
"state_space","ridge_delta_state","low_dim","x1","u","0.9908134957687638","","108.0","","","0.0239359999541193","","","","","","","","","","","","","","","","","","","","0.001","solve","","","","",""
"state_space","ridge_delta_state","low_dim","x2","u","0.0009536542450127","","108.0","","","0.0239359999541193","","","","","","","","","","","","","","","","","","","","0.001","solve","","","","",""
"state_space","ridge_delta_state","low_dim","x1","u","0.9890839333859393","","108.0","","","0.0232425000285729","","","","","","","","","","","","","","","","","","","","0.001","solve","","","","",""
"state_space","ridge_delta_state","low_dim","x2","u","0.0015307622033053","","108.0","","","0.0232425000285729","","","","","","","","","","","","","","","","","","","","0.001","solve","","","","",""
"state_space","ridge_delta_state","low_dim","x1","u","1.0222250768952137","","108.0","","","0.020928299985826","","","","","","","","","","","","","","","","","","","","0.001","solve","","","","",""
"state_space","ridge_delta_state","low_dim","x2","u","0.0478954683030361","","108.0","","","0.020928299985826","","","","","","","","","","","","","","","","","","","","0.001","solve","","","","",""
"state_space","ridge_delta_state","low_dim","x1","u","1.0016159658815005","","108.0","","","0.0184302000561729","","","","","","","","","","","","","","","","","","","","0.001","solve","","","","",""
"state_space","ridge_delta_state","low_dim","x2","u","0.0050343837663904","","108.0","","","0.0184302000561729","","","","","","","","","","","","","","","","","","","","0.001","solve","","","","",""
"state_space","ridge_delta_state","low_dim","x1","u","1.001135047544299","","108.0","","","0.0129741999553516","","","","","","","","","","","","","","","","","","","","0.001","solve","","","","",""
"state_space","ridge_delta_state","low_dim","x2","u","0.0046071048044421","","108.0","","","0.0129741999553516","","","","","","","","","","","","","","","","","","","","0.001","solve","","","","",""
"state_space","ridge_delta_state","low_dim","x1","u","1.0355986900258654","","108.0","","","0.0141929999226704","","","","","","","","","","","","","","","","","","","","0.001","solve","","","","",""
"state_space","ridge_delta_state","low_dim","x2","u","0.0537158539262278","","108.0","","","0.0141929999226704","","","","","","","","","","","","","","","","","","","","0.001","solve","","","","",""
"","","","","","","","","","","","","","","","3.0","0.0","1.6094637470293598","2.188433274403022","","","","","","","","","","","","","","","","","",""
"","","","","","","","","","","","","","","","11.0","0.5003818664186679","2.4816199107426606","2.206236521990606","","","","","","","","","","","","","","","","","",""
"","","","","","","","","","","","","","","","19.0","1.588855203878302","2.838549071145969","2.17128239641392","","","","","","","","","","","","","","","","","",""
"","","","","","","","","","","","","","","","27.0","1.102742760980774","2.807008611849329","2.202442620643412","","","","","","","","","","","","","","","","","",""
"","","","","","","","","","","","","","","","35.0","-1.0991712400376326","0.4680938511749171","2.10965266512686","","","","","","","","","","","","","","","","","",""
"","","","","","","","","","","","","","","","43.0","-0.7993348603550983","0.5563359403378797","2.1778995233441028","","","","","","","","","","","","","","","","","",""
"","","","","","","","","","","","","","","","51.0","1.4942137815850476","2.910103001164049","2.2843986621623573","","","","","","","","","","","","","","","","","",""
"","","","","","","","","","","","","","","","59.0","-1.978938781737701","0.3996486866294592","2.186173994043572","","","","","","","","","","","","","","","","","",""
"","","","","","","","","","","","","","","","67.0","1.2849136735310651","2.888236708614542","2.2318720075117167","","","","","","","","","","","","","","","","","",""
"","","","","","","","","","","","","","","","75.0","1.188277715008185","2.834169878615618","2.176941492972454","","","","","","","","","","","","","","","","","",""
"","","","","","","","","","","","","","","","83.0","-0.1282601886251169","1.2934820044066508","2.2150787263418628","","","","","","","","","","","","","","","","","",""
"","","","","","","","","","","","","","","","91.0","-0.7878702927227459","0.5661045258735347","2.175158502175819","","","","","","","","","","","","","","","","","",""
"","","","","","","","","","","","","","","","99.0","-0.8862975515969067","0.5017730435888611","2.2568887535645854","","","","","","","","","","","","","","","","","",""
"","","","","","","","","","","","","","","","3.0","0.0","1.6","2.18","","","","","","","","","","","","","","","","","",""
"","","","","","","","","","","","","","","","11.0","0.5003818664186679","2.48","2.2","","","","","","","","","","","","","","","","","",""
"","","","","","","","","","","","","","","","19.0","1.588855203878302","2.84","2.18","","","","","","","","","","","","","","","","","",""
"","","","","","","","","","","","","","","","27.0","1.102742760980774","2.8000000000000003","2.2","","","","","","","","","","","","","","","","","",""
"","","","","","","","","","","","","","","","35.0","-1.0991712400376326","0.46","2.1","","","","","","","","","","","","","","","","","",""
"","","","","","","","","","","","","","","","43.0","-0.7993348603550983","0.56","2.18","","","","","","","","","","","","","","","","","",""
"","","","","","","","","","","","","","","","51.0","1.4942137815850476","2.92","2.28","","","","","","","","","","","","","","","","","",""
"","","","","","","","","","","","","","","","59.0","-1.978938781737701","0.4","2.18","","","","","","","","","","","","","","","","","",""
"","","","","","","","","","","","","","","","67.0","1.2849136735310651","2.88","2.24","","","","","","","","","","","","","","","","","",""
"","","","","","","","","","","","","","","","75.0","1.188277715008185","2.84","2.18","","","","","","","","","","","","","","","","","",""
"","","","","","","","","","","","","","","","83.0","-0.1282601886251169","1.3","2.22","","","","","","","","","","","","","","","","","",""
"","","","","","","","","","","","","","","","91.0","-0.7878702927227459","0.56","2.18","","","","","","","","","","","","","","","","","",""
"","","","","","","","","","","","","","","","99.0","-0.8862975515969067","0.5","2.26","","","","","","","","","","","","","","","","","",""
"","","","","","","","","","","","","","","","3.0","0.0","1.5866858052845214","2.0904868646059733","","","","","","","","","","","","","","","","","",""
"","","","","","","","","","","","","","","","11.0","0.5003818664186679","2.3732551109643394","2.1191062480717267","","","","","","","","","","","","","","","","","",""
"","","","","","","","","","","","","","","","19.0","1.588855203878302","2.5584558780870816","2.0560487718976","","","","","","","","","","","","","","","","","",""
"","","","","","","","","","","","","","","","27.0","1.102742760980774","2.531151633631555","2.054815413110572","","","","","","","","","","","","","","","","","",""
"","","","","","","","","","","","","","","","35.0","-1.0991712400376326","0.1730772612649535","2.0460332196051496","","","","","","","","","","","","","","","","","",""
"","","","","","","","","","","","","","","","43.0","-0.7993348603550983","0.3041936951579988","2.002378251547833","","","","","","","","","","","","","","","","","",""
"","","","","","","","","","","","","","","","51.0","1.4942137815850476","2.580983127020092","1.9992388507220271","","","","","","","","","","","","","","","","","",""
"","","","","","","","","","","","","","","","59.0","-1.978938781737701","0.0193149918688783","1.9953076853295035","","","","","","","","","","","","","","","","","",""
"","","","","","","","","","","","","","","","67.0","1.2849136735310651","2.363039835778558","1.9577920476393","","","","","","","","","","","","","","","","","",""
"","","","","","","","","","","","","","","","75.0","1.188277715008185","2.4894132464766123","1.9018601684564755","","","","","","","","","","","","","","","","","",""
"","","","","","","","","","","","","","","","83.0","-0.1282601886251169","0.957516674425604","1.7898595518102125","","","","","","","","","","","","","","","","","",""
"","","","","","","","","","","","","","","","91.0","-0.7878702927227459","0.0505436653146835","1.7593032380654572","","","","","","","","","","","","","","","","","",""
"","","","","","","","","","","","","","","","99.0","-0.8862975515969067","0.1135084314269204","1.8341302305894391","","","","","","","","","","","","","","","","","",""
"","","","","","","","","","","","","","","","3.0","0.0","1.6423327690471845","2.199511659249488","","","","","","","","","","","","","","","","","",""
"","","","","","","","","","","","","","","","11.0","0.5003818664186679","2.4933467336394006","2.2096587319143617","","","","","","","","","","","","","","","","","",""
"","","","","","","","","","","","","","","","19.0","1.588855203878302","2.894566254551655","2.1934317060303203","","","","","","","","","","","","","","","","","",""
"","","","","","","","","","","","","","","","27.0","1.102742760980774","2.8580978502802203","2.223608151535239","","","","","","","","","","","","","","","","","",""
"","","","","","","","","","","","","","","","35.0","-1.0991712400376326","0.4797424851493434","2.1137575342716857","","","","","","","","","","","","","","","","","",""
"","","","","","","","","","","","","","","","43.0","-0.7993348603550983","0.5373183886218545","2.1707082973436296","","","","","","","","","","","","","","","","","",""
"","","","","","","","","","","","","","","","51.0","1.4942137815850476","2.8723757894991686","2.269433222390612","","","","","","","","","","","","","","","","","",""
"","","","","","","","","","","","","","","","59.0","-1.978938781737701","0.3915324770353733","2.1815734671082967","","","","","","","","","","","","","","","","","",""
"","","","","","","","","","","","","","","","67.0","1.2849136735310651","2.8874130493045675","2.2315299886402364","","","","","","","","","","","","","","","","","",""
"","","","","","","","","","","","","","","","75.0","1.188277715008185","2.7979539466047094","2.1607942919272167","","","","","","","","","","","","","","","","","",""
"","","","","","","","","","","","","","","","83.0","-0.1282601886251169","1.268597535691603","2.203258770697638","","","","","","","","","","","","","","","","","",""
"","","","","","","","","","","","","","","","91.0","-0.7878702927227459","0.5364954371302191","2.161786998145946","","","","","","","","","","","","","","","","","",""
"","","","","","","","","","","","","","","","99.0","-0.8862975515969067","0.4490777951598964","2.234460621633892","","","","","","","","","","","","","","","","","",""
"","","","","","","","","","","","","","","","3.0","0.0","1.64","2.2","","","","","","","","","","","","","","","","","",""
"","","","","","","","","","","","","","","","11.0","0.5003818664186679","2.5","2.2","","","","","","","","","","","","","","","","","",""
"","","","","","","","","","","","","","","","19.0","1.588855203878302","2.9","2.2","","","","","","","","","","","","","","","","","",""
"","","","","","","","","","","","","","","","27.0","1.102742760980774","2.86","2.22","","","","","","","","","","","","","","","","","",""
"","","","","","","","","","","","","","","","35.0","-1.0991712400376326","0.48","2.12","","","","","","","","","","","","","","","","","",""
"","","","","","","","","","","","","","","","43.0","-0.7993348603550983","0.54","2.18","","","","","","","","","","","","","","","","","",""
"","","","","","","","","","","","","","","","51.0","1.4942137815850476","2.88","2.26","","","","","","","","","","","","","","","","","",""
"","","","","","","","","","","","","","","","59.0","-1.978938781737701","0.4","2.18","","","","","","","","","","","","","","","","","",""
"","","","","","","","","","","","","","","","67.0","1.2849136735310651","2.88","2.24","","","","","","","","","","","","","","","","","",""
"","","","","","","","","","","","","","","","75.0","1.188277715008185","2.8000000000000003","2.16","","","","","","","","","","","","","","","","","",""
"","","","","","","","","","","","","","","","83.0","-0.1282601886251169","1.26","2.2","","","","","","","","","","","","","","","","","",""
"","","","","","","","","","","","","","","","91.0","-0.7878702927227459","0.54","2.16","","","","","","","","","","","","","","","","","",""
"","","","","","","","","","","","","","","","99.0","-0.8862975515969067","0.44","2.24","","","","","","","","","","","","","","","","","",""
"","","","","","","","","","","","","","","","3.0","0.0","1.619554827302346","2.101565249452439","","","","","","","","","","","","","","","","","",""
"","","","","","","","","","","","","","","","11.0","0.5003818664186679","2.38498193386108","2.1225284579954824","","","","","","","","","","","","","","","","","",""
"","","","","","","","","","","","","","","","19.0","1.588855203878302","2.614473061492767","2.0781980815140004","","","","","","","","","","","","","","","","","",""
"","","","","","","","","","","","","","","","27.0","1.102742760980774","2.5822408720624463","2.0759809440024","","","","","","","","","","","","","","","","","",""
"","","","","","","","","","","","","","","","35.0","-1.0991712400376326","0.1847258952393798","2.0501380887499754","","","","","","","","","","","","","","","","","",""
"","","","","","","","","","","","","","","","43.0","-0.7993348603550983","0.2851761434419737","1.99518702554736","","","","","","","","","","","","","","","","","",""
"","","","","","","","","","","","","","","","51.0","1.4942137815850476","2.543255915355211","1.984273410950281","","","","","","","","","","","","","","","","","",""
"","","","","","","","","","","","","","","","59.0","-1.978938781737701","0.0111987822747924","1.9907071583942284","","","","","","","","","","","","","","","","","",""
"","","","","","","","","","","","","","","","67.0","1.2849136735310651","2.3622161764685834","1.95745002876782","","","","","","","","","","","","","","","","","",""
"","","","","","","","","","","","","","","","75.0","1.188277715008185","2.453197314465703","1.8857129674112376","","","","","","","","","","","","","","","","","",""
"","","","","","","","","","","","","","","","83.0","-0.1282601886251169","0.9326322057105564","1.7780395961659876","","","","","","","","","","","","","","","","","",""
"","","","","","","","","","","","","","","","91.0","-0.7878702927227459","0.0209345765713679","1.7459317340355844","","","","","","","","","","","","","","","","","",""
"","","","","","","","","","","","","","","","99.0","-0.8862975515969067","0.0608131829979556","1.811702098658745","","","","","","","","","","","","","","","","","",""
"","","","","","","","","","","","","","","","3.0","0.0","1.627772773688431","2.1946875854966104","","","","","","","","","","","","","","","","","",""
"","","","","","","","","","","","","","","","11.0","0.5003818664186679","2.456877197758865","2.197537345144952","","","","","","","","","","","","","","","","","",""
"","","","","","","","","","","","","","","","19.0","1.588855203878302","2.895786934477079","2.193931152345705","","","","","","","","","","","","","","","","","",""
"","","","","","","","","","","","","","","","27.0","1.102742760980774","2.85837527467023","2.22464745636036","","","","","","","","","","","","","","","","","",""
"","","","","","","","","","","","","","","","35.0","-1.0991712400376326","0.4708740937552936","2.1104194573877604","","","","","","","","","","","","","","","","","",""
"","","","","","","","","","","","","","","","43.0","-0.7993348603550983","0.571043188055244","2.1815995018222827","","","","","","","","","","","","","","","","","",""
"","","","","","","","","","","","","","","","51.0","1.4942137815850476","2.9015232309725345","2.283763880704013","","","","","","","","","","","","","","","","","",""
"","","","","","","","","","","","","","","","59.0","-1.978938781737701","0.4552808679843553","2.206547808842416","","","","","","","","","","","","","","","","","",""
"","","","","","","","","","","","","","","","67.0","1.2849136735310651","2.945193824734148","2.2553152218070167","","","","","","","","","","","","","","","","","",""
"","","","","","","","","","","","","","","","75.0","1.188277715008185","2.829294116285015","2.173859325612641","","","","","","","","","","","","","","","","","",""
"","","","","","","","","","","","","","","","83.0","-0.1282601886251169","1.3313425265642238","2.227941331055371","","","","","","","","","","","","","","","","","",""
"","","","","","","","","","","","","","","","91.0","-0.7878702927227459","0.6002009207077468","2.1867576365628105","","","","","","","","","","","","","","","","","",""
"","","","","","","","","","","","","","","","99.0","-0.8862975515969067","0.4902005096858212","2.2525403727566826","","","","","","","","","","","","","","","","","",""
"","","","","","","","","","","","","","","","3.0","0.0","1.62","2.2","","","","","","","","","","","","","","","","","",""
"","","","","","","","","","","","","","","","11.0","0.5003818664186679","2.46","2.2","","","","","","","","","","","","","","","","","",""
"","","","","","","","","","","","","","","","19.0","1.588855203878302","2.9","2.2","","","","","","","","","","","","","","","","","",""
"","","","","","","","","","","","","","","","27.0","1.102742760980774","2.86","2.22","","","","","","","","","","","","","","","","","",""
"","","","","","","","","","","","","","","","35.0","-1.0991712400376326","0.48","2.12","","","","","","","","","","","","","","","","","",""
"","","","","","","","","","","","","","","","43.0","-0.7993348603550983","0.58","2.18","","","","","","","","","","","","","","","","","",""
"","","","","","","","","","","","","","","","51.0","1.4942137815850476","2.9","2.28","","","","","","","","","","","","","","","","","",""
"","","","","","","","","","","","","","","","59.0","-1.978938781737701","0.46","2.2","","","","","","","","","","","","","","","","","",""
"","","","","","","","","","","","","","","","67.0","1.2849136735310651","2.94","2.26","","","","","","","","","","","","","","","","","",""
"","","","","","","","","","","","","","","","75.0","1.188277715008185","2.82","2.18","","","","","","","","","","","","","","","","","",""
"","","","","","","","","","","","","","","","83.0","-0.1282601886251169","1.34","2.22","","","","","","","","","","","","","","","","","",""
"","","","","","","","","","","","","","","","91.0","-0.7878702927227459","0.6","2.18","","","","","","","","","","","","","","","","","",""
"","","","","","","","","","","","","","","","99.0","-0.8862975515969067","0.5","2.26","","","","","","","","","","","","","","","","","",""
"","","","","","","","","","","","","","","","3.0","0.0","1.604994831943593","2.0967411756995618","","","","","","","","","","","","","","","","","",""
"","","","","","","","","","","","","","","","11.0","0.5003818664186679","2.348512397980544","2.110407071226073","","","","","","","","","","","","","","","","","",""
"","","","","","","","","","","","","","","","19.0","1.588855203878302","2.615693741418191","2.078697527829385","","","","","","","","","","","","","","","","","",""
"","","","","","","","","","","","","","","","27.0","1.102742760980774","2.582518296452456","2.07702024882752","","","","","","","","","","","","","","","","","",""
"","","","","","","","","","","","","","","","35.0","-1.0991712400376326","0.17585750384533","2.04680001186605","","","","","","","","","","","","","","","","","",""
"","","","","","","","","","","","","","","","43.0","-0.7993348603550983","0.3189009428753631","2.006078230026013","","","","","","","","","","","","","","","","","",""
"","","","","","","","","","","","","","","","51.0","1.4942137815850476","2.572403356828577","1.9986040692636824","","","","","","","","","","","","","","","","","",""
"","","","","","","","","","","","","","","","59.0","-1.978938781737701","0.0749471732237745","2.0156815001283475","","","","","","","","","","","","","","","","","",""
"","","","","","","","","","","","","","","","67.0","1.2849136735310651","2.419996951898164","1.9812352619346","","","","","","","","","","","","","","","","","",""
"","","","","","","","","","","","","","","","75.0","1.188277715008185","2.4845374841460086","1.8987780010966624","","","","","","","","","","","","","","","","","",""
"","","","","","","","","","","","","","","","83.0","-0.1282601886251169","0.995377196583177","1.8027221565237208","","","","","","","","","","","","","","","","","",""
"","","","","","","","","","","","","","","","91.0","-0.7878702927227459","0.0846400601488956","1.7709023724524489","","","","","","","","","","","","","","","","","",""
"","","","","","","","","","","","","","","","99.0","-0.8862975515969067","0.1019358975238804","1.8297818497815364","","","","","","","","","","","","","","","","","",""
"","","","","","","","","","","","","","","","3.0","0.0","1.6421213246444035","2.199515847831928","","","","","","","","","","","","","","","","","",""
"","","","","","","","","","","","","","","","11.0","0.5003818664186679","2.4849666882578023","2.207796508395289","","","","","","","","","","","","","","","","","",""
"","","","","","","","","","","","","","","","19.0","1.588855203878302","2.854764775134263","2.1801451484665897","","","","","","","","","","","","","","","","","",""
"","","","","","","","","","","","","","","","27.0","1.102742760980774","2.826729890082998","2.210009189013113","","","","","","","","","","","","","","","","","",""
"","","","","","","","","","","","","","","","35.0","-1.0991712400376326","0.493582644671277","2.117752414255844","","","","","","","","","","","","","","","","","",""
"","","","","","","","","","","","","","","","43.0","-0.7993348603550983","0.5702349445055891","2.181424854971948","","","","","","","","","","","","","","","","","",""
"","","","","","","","","","","","","","","","51.0","1.4942137815850476","2.9152844023836777","2.286738741040807","","","","","","","","","","","","","","","","","",""
"","","","","","","","","","","","","","","","59.0","-1.978938781737701","0.4116930822125038","2.1923230630754764","","","","","","","","","","","","","","","","","",""
"","","","","","","","","","","","","","","","67.0","1.2849136735310651","2.9103280921487986","2.240361064546215","","","","","","","","","","","","","","","","","",""
"","","","","","","","","","","","","","","","75.0","1.188277715008185","2.8574068276301805","2.1843817952227336","","","","","","","","","","","","","","","","","",""
"","","","","","","","","","","","","","","","83.0","-0.1282601886251169","1.3339297192240187","2.22856517226126","","","","","","","","","","","","","","","","","",""
"","","","","","","","","","","","","","","","91.0","-0.7878702927227459","0.5918015388217264","2.184873771800009","","","","","","","","","","","","","","","","","",""
"","","","","","","","","","","","","","","","99.0","-0.8862975515969067","0.4692426403353897","2.245212145877862","","","","","","","","","","","","","","","","","",""
"","","","","","","","","","","","","","","","3.0","0.0","1.64","2.2","","","","","","","","","","","","","","","","","",""
"","","","","","","","","","","","","","","","11.0","0.5003818664186679","2.48","2.2","","","","","","","","","","","","","","","","","",""
"","","","","","","","","","","","","","","","19.0","1.588855203878302","2.86","2.18","","","","","","","","","","","","","","","","","",""
"","","","","","","","","","","","","","","","27.0","1.102742760980774","2.82","2.22","","","","","","","","","","","","","","","","","",""
"","","","","","","","","","","","","","","","35.0","-1.0991712400376326","0.5","2.12","","","","","","","","","","","","","","","","","",""
"","","","","","","","","","","","","","","","43.0","-0.7993348603550983","0.58","2.18","","","","","","","","","","","","","","","","","",""
"","","","","","","","","","","","","","","","51.0","1.4942137815850476","2.92","2.28","","","","","","","","","","","","","","","","","",""
"","","","","","","","","","","","","","","","59.0","-1.978938781737701","0.42","2.2","","","","","","","","","","","","","","","","","",""
"","","","","","","","","","","","","","","","67.0","1.2849136735310651","2.92","2.24","","","","","","","","","","","","","","","","","",""
"","","","","","","","","","","","","","","","75.0","1.188277715008185","2.86","2.18","","","","","","","","","","","","","","","","","",""
"","","","","","","","","","","","","","","","83.0","-0.1282601886251169","1.34","2.22","","","","","","","","","","","","","","","","","",""
"","","","","","","","","","","","","","","","91.0","-0.7878702927227459","0.6","2.18","","","","","","","","","","","","","","","","","",""
"","","","","","","","","","","","","","","","99.0","-0.8862975515969067","0.46","2.24","","","","","","","","","","","","","","","","","",""
"","","","","","","","","","","","","","","","3.0","0.0","1.6193433828995651","2.101569438034879","","","","","","","","","","","","","","","","","",""
"","","","","","","","","","","","","","","","11.0","0.5003818664186679","2.376601888479481","2.12066623447641","","","","","","","","","","","","","","","","","",""
"","","","","","","","","","","","","","","","19.0","1.588855203878302","2.574671582075375","2.06491152395027","","","","","","","","","","","","","","","","","",""
"","","","","","","","","","","","","","","","27.0","1.102742760980774","2.550872911865224","2.0623819814802733","","","","","","","","","","","","","","","","","",""
"","","","","","","","","","","","","","","","35.0","-1.0991712400376326","0.1985660547613134","2.054132968734134","","","","","","","","","","","","","","","","","",""
"","","","","","","","","","","","","","","","43.0","-0.7993348603550983","0.3180926993257082","2.005903583175678","","","","","","","","","","","","","","","","","",""
"","","","","","","","","","","","","","","","51.0","1.4942137815850476","2.58616452823972","2.001578929600477","","","","","","","","","","","","","","","","","",""
"","","","","","","","","","","","","","","","59.0","-1.978938781737701","0.031359387451923","2.001456754361408","","","","","","","","","","","","","","","","","",""
"","","","","","","","","","","","","","","","67.0","1.2849136735310651","2.3851312193128145","1.9662811046737985","","","","","","","","","","","","","","","","","",""
"","","","","","","","","","","","","","","","75.0","1.188277715008185","2.512650195491174","1.909300470706755","","","","","","","","","","","","","","","","","",""
"","","","","","","","","","","","","","","","83.0","-0.1282601886251169","0.997964389242972","1.8033459977296096","","","","","","","","","","","","","","","","","",""
"","","","","","","","","","","","","","","","91.0","-0.7878702927227459","0.0762406782628752","1.7690185076896472","","","","","","","","","","","","","","","","","",""
"","","","","","","","","","","","","","","","99.0","-0.8862975515969067","0.080978028173449","1.822453622902716","","","","","","","","","","","","","","","","","",""
"","","","","","","","","","","","","","","","3.0","0.0","1.6428672729603864","2.1996204746950307","","","","","","","","","","","","","","","","","",""
"","","","","","","","","","","","","","","","11.0","0.5003818664186679","2.4963104082570227","2.210282933741151","","","","","","","","","","","","","","","","","",""
"","","","","","","","","","","","","","","","19.0","1.588855203878302","2.9012497729212536","2.194966830962329","","","","","","","","","","","","","","","","","",""
"","","","","","","","","","","","","","","","27.0","1.102742760980774","2.870464690044279","2.2267513197551843","","","","","","","","","","","","","","","","","",""
"","","","","","","","","","","","","","","","35.0","-1.0991712400376326","0.5007796066090762","2.119738117700402","","","","","","","","","","","","","","","","","",""
"","","","","","","","","","","","","","","","43.0","-0.7993348603550983","0.5715526039364491","2.181691660148405","","","","","","","","","","","","","","","","","",""
"","","","","","","","","","","","","","","","51.0","1.4942137815850476","2.9266281436554467","2.289225174126824","","","","","","","","","","","","","","","","","",""
"","","","","","","","","","","","","","","","59.0","-1.978938781737701","0.3916034115545212","2.181603038452016","","","","","","","","","","","","","","","","","",""
"","","","","","","","","","","","","","","","67.0","1.2849136735310651","2.8874130519439394","2.2315299900515644","","","","","","","","","","","","","","","","","",""
"","","","","","","","","","","","","","","","75.0","1.188277715008185","2.797953946604808","2.160794291927284","","","","","","","","","","","","","","","","","",""
"","","","","","","","","","","","","","","","83.0","-0.1282601886251169","1.268597535691603","2.203258770697638","","","","","","","","","","","","","","","","","",""
"","","","","","","","","","","","","","","","91.0","-0.7878702927227459","0.5364954371302191","2.161786998145946","","","","","","","","","","","","","","","","","",""
"","","","","","","","","","","","","","","","99.0","-0.8862975515969067","0.4490777951598964","2.234460621633892","","","","","","","","","","","","","","","","","",""
"","","","","","","","","","","","","","","","3.0","0.0","1.64","2.2","","","","","","","","","","","","","","","","","",""
"","","","","","","","","","","","","","","","11.0","0.5003818664186679","2.5","2.22","","","","","","","","","","","","","","","","","",""
"","","","","","","","","","","","","","","","19.0","1.588855203878302","2.9","2.2","","","","","","","","","","","","","","","","","",""
"","","","","","","","","","","","","","","","27.0","1.102742760980774","2.88","2.22","","","","","","","","","","","","","","","","","",""
"","","","","","","","","","","","","","","","35.0","-1.0991712400376326","0.5","2.12","","","","","","","","","","","","","","","","","",""
"","","","","","","","","","","","","","","","43.0","-0.7993348603550983","0.58","2.18","","","","","","","","","","","","","","","","","",""
"","","","","","","","","","","","","","","","51.0","1.4942137815850476","2.92","2.28","","","","","","","","","","","","","","","","","",""
"","","","","","","","","","","","","","","","59.0","-1.978938781737701","0.4","2.18","","","","","","","","","","","","","","","","","",""
"","","","","","","","","","","","","","","","67.0","1.2849136735310651","2.88","2.24","","","","","","","","","","","","","","","","","",""
"","","","","","","","","","","","","","","","75.0","1.188277715008185","2.8000000000000003","2.16","","","","","","","","","","","","","","","","","",""
"","","","","","","","","","","","","","","","83.0","-0.1282601886251169","1.26","2.2","","","","","","","","","","","","","","","","","",""
"","","","","","","","","","","","","","","","91.0","-0.7878702927227459","0.54","2.16","","","","","","","","","","","","","","","","","",""
"","","","","","","","","","","","","","","","99.0","-0.8862975515969067","0.44","2.24","","","","","","","","","","","","","","","","","",""
"","","","","","","","","","","","","","","","3.0","0.0","1.620089331215548","2.101674064897982","","","","","","","","","","","","","","","","","",""
"","","","","","","","","","","","","","","","11.0","0.5003818664186679","2.3879456084787014","2.123152659822272","","","","","","","","","","","","","","","","","",""
"","","","","","","","","","","","","","","","19.0","1.588855203878302","2.6211565798623657","2.079733206446009","","","","","","","","","","","","","","","","","",""
"","","","","","","","","","","","","","","","27.0","1.102742760980774","2.594607711826505","2.0791241122223445","","","","","","","","","","","","","","","","","",""
"","","","","","","","","","","","","","","","35.0","-1.0991712400376326","0.2057630166991126","2.056118672178692","","","","","","","","","","","","","","","","","",""
"","","","","","","","","","","","","","","","43.0","-0.7993348603550983","0.3194103587565682","2.006170388352136","","","","","","","","","","","","","","","","","",""
"","","","","","","","","","","","","","","","51.0","1.4942137815850476","2.597508269511489","2.004065362686493","","","","","","","","","","","","","","","","","",""
"","","","","","","","","","","","","","","","59.0","-1.978938781737701","0.0112697167939403","1.990736729737948","","","","","","","","","","","","","","","","","",""
"","","","","","","","","","","","","","","","67.0","1.2849136735310651","2.3622161791079552","1.957450030179148","","","","","","","","","","","","","","","","","",""
"","","","","","","","","","","","","","","","75.0","1.188277715008185","2.453197314465801","1.885712967411305","","","","","","","","","","","","","","","","","",""
"","","","","","","","","","","","","","","","83.0","-0.1282601886251169","0.9326322057105564","1.7780395961659876","","","","","","","","","","","","","","","","","",""
"","","","","","","","","","","","","","","","91.0","-0.7878702927227459","0.0209345765713679","1.7459317340355844","","","","","","","","","","","","","","","","","",""
"","","","","","","","","","","","","","","","99.0","-0.8862975515969067","0.0608131829979556","1.811702098658745","","","","","","","","","","","","","","","","","",""
"neural_ode","steady_state_jacobian","low_dim","x1","u","0.5891528694102397","0.6702511379808876","13.0","","","8.06180449994281","","","","","","","","","","","160.0","96.0","","108.0","0.001","","","3.0","","","","250.0","183.0","1.8040434497379465e-06","6.59748911857605e-06","1e-06"
"neural_ode","steady_state_jacobian","low_dim","x2","u","0.0063728269440336","0.0178166128416116","13.0","","","8.06180449994281","","","","","","","","","","","160.0","96.0","","108.0","0.001","","","3.0","","","","250.0","183.0","1.8040434497379465e-06","6.59748911857605e-06","1e-06"
"","","","","","","","","","","","","","","","3.0","0.0","1.6094637470293598","2.188433274403022","","","","","","","","","","","","","","","","","",""
"","","","","","","","","","","","","","","","11.0","0.5003818664186679","2.4816199107426606","2.206236521990606","","","","","","","","","","","","","","","","","",""
"","","","","","","","","","","","","","","","19.0","1.588855203878302","2.838549071145969","2.17128239641392","","","","","","","","","","","","","","","","","",""
"","","","","","","","","","","","","","","","27.0","1.102742760980774","2.807008611849329","2.202442620643412","","","","","","","","","","","","","","","","","",""
"","","","","","","","","","","","","","","","35.0","-1.0991712400376326","0.4680938511749171","2.10965266512686","","","","","","","","","","","","","","","","","",""
"","","","","","","","","","","","","","","","43.0","-0.7993348603550983","0.5563359403378797","2.1778995233441028","","","","","","","","","","","","","","","","","",""
"","","","","","","","","","","","","","","","51.0","1.4942137815850476","2.910103001164049","2.2843986621623573","","","","","","","","","","","","","","","","","",""
"","","","","","","","","","","","","","","","59.0","-1.978938781737701","0.3996486866294592","2.186173994043572","","","","","","","","","","","","","","","","","",""
"","","","","","","","","","","","","","","","67.0","1.2849136735310651","2.888236708614542","2.2318720075117167","","","","","","","","","","","","","","","","","",""
"","","","","","","","","","","","","","","","75.0","1.188277715008185","2.834169878615618","2.176941492972454","","","","","","","","","","","","","","","","","",""
"","","","","","","","","","","","","","","","83.0","-0.1282601886251169","1.2934820044066508","2.2150787263418628","","","","","","","","","","","","","","","","","",""
"","","","","","","","","","","","","","","","91.0","-0.7878702927227459","0.5661045258735347","2.175158502175819","","","","","","","","","","","","","","","","","",""
"","","","","","","","","","","","","","","","99.0","-0.8862975515969067","0.5017730435888611","2.2568887535645854","","","","","","","","","","","","","","","","","",""
"neural_ode","steady_state_jacobian","low_dim","x1","u","0.6036345351200837","0.643182953854484","13.0","","","5.562004399951547","","","","","","","","","","","160.0","96.0","","108.0","0.001","","","3.0","","","","250.0","180.0","2.2543738396052504e-06","8.188188076019287e-06","1e-06"
"neural_ode","steady_state_jacobian","low_dim","x2","u","0.0015802842636521","0.0165108289058972","13.0","","","5.562004399951547","","","","","","","","","","","160.0","96.0","","108.0","0.001","","","3.0","","","","250.0","180.0","2.2543738396052504e-06","8.188188076019287e-06","1e-06"
"","","","","","","","","","","","","","","","3.0","0.0","1.6","2.18","","","","","","","","","","","","","","","","","",""
"","","","","","","","","","","","","","","","11.0","0.5003818664186679","2.48","2.2","","","","","","","","","","","","","","","","","",""
"","","","","","","","","","","","","","","","19.0","1.588855203878302","2.84","2.18","","","","","","","","","","","","","","","","","",""
"","","","","","","","","","","","","","","","27.0","1.102742760980774","2.8000000000000003","2.2","","","","","","","","","","","","","","","","","",""
"","","","","","","","","","","","","","","","35.0","-1.0991712400376326","0.46","2.1","","","","","","","","","","","","","","","","","",""
"","","","","","","","","","","","","","","","43.0","-0.7993348603550983","0.56","2.18","","","","","","","","","","","","","","","","","",""
"","","","","","","","","","","","","","","","51.0","1.4942137815850476","2.92","2.28","","","","","","","","","","","","","","","","","",""
"","","","","","","","","","","","","","","","59.0","-1.978938781737701","0.4","2.18","","","","","","","","","","","","","","","","","",""
"","","","","","","","","","","","","","","","67.0","1.2849136735310651","2.88","2.24","","","","","","","","","","","","","","","","","",""
"","","","","","","","","","","","","","","","75.0","1.188277715008185","2.84","2.18","","","","","","","","","","","","","","","","","",""
"","","","","","","","","","","","","","","","83.0","-0.1282601886251169","1.3","2.22","","","","","","","","","","","","","","","","","",""
"","","","","","","","","","","","","","","","91.0","-0.7878702927227459","0.56","2.18","","","","","","","","","","","","","","","","","",""
"","","","","","","","","","","","","","","","99.0","-0.8862975515969067","0.5","2.26","","","","","","","","","","","","","","","","","",""
"neural_ode","steady_state_jacobian","low_dim","x1","u","0.6568739282397124","0.7450334928914663","13.0","","","9.300270000007004","","","","","","","","","","","160.0","96.0","","108.0","0.001","","","3.0","","","","250.0","166.0","2.290623797307489e-06","9.611248970031738e-06","1e-06"
"neural_ode","steady_state_jacobian","low_dim","x2","u","0.0003580104273099","0.2475377969650924","13.0","","","9.300270000007004","","","","","","","","","","","160.0","96.0","","108.0","0.001","","","3.0","","","","250.0","166.0","2.290623797307489e-06","9.611248970031738e-06","1e-06"
"","","","","","","","","","","","","","","","3.0","0.0","1.5866858052845214","2.0904868646059733","","","","","","","","","","","","","","","","","",""
"","","","","","","","","","","","","","","","11.0","0.5003818664186679","2.3732551109643394","2.1191062480717267","","","","","","","","","","","","","","","","","",""
"","","","","","","","","","","","","","","","19.0","1.588855203878302","2.5584558780870816","2.0560487718976","","","","","","","","","","","","","","","","","",""
"","","","","","","","","","","","","","","","27.0","1.102742760980774","2.531151633631555","2.054815413110572","","","","","","","","","","","","","","","","","",""
"","","","","","","","","","","","","","","","35.0","-1.0991712400376326","0.1730772612649535","2.0460332196051496","","","","","","","","","","","","","","","","","",""
"","","","","","","","","","","","","","","","43.0","-0.7993348603550983","0.3041936951579988","2.002378251547833","","","","","","","","","","","","","","","","","",""
"","","","","","","","","","","","","","","","51.0","1.4942137815850476","2.580983127020092","1.9992388507220271","","","","","","","","","","","","","","","","","",""
"","","","","","","","","","","","","","","","59.0","-1.978938781737701","0.0193149918688783","1.9953076853295035","","","","","","","","","","","","","","","","","",""
"","","","","","","","","","","","","","","","67.0","1.2849136735310651","2.363039835778558","1.9577920476393","","","","","","","","","","","","","","","","","",""
"","","","","","","","","","","","","","","","75.0","1.188277715008185","2.4894132464766123","1.9018601684564755","","","","","","","","","","","","","","","","","",""
"","","","","","","","","","","","","","","","83.0","-0.1282601886251169","0.957516674425604","1.7898595518102125","","","","","","","","","","","","","","","","","",""
"","","","","","","","","","","","","","","","91.0","-0.7878702927227459","0.0505436653146835","1.7593032380654572","","","","","","","","","","","","","","","","","",""
"","","","","","","","","","","","","","","","99.0","-0.8862975515969067","0.1135084314269204","1.8341302305894391","","","","","","","","","","","","","","","","","",""
"neural_ode","steady_state_jacobian","low_dim","x1","u","0.5823458849738997","0.682353068866386","13.0","","","8.59517029998824","","","","","","","","","","","160.0","96.0","","108.0","0.001","","","3.0","","","","250.0","179.0","1.92282300304214e-06","8.121132850646973e-06","1e-06"
"neural_ode","steady_state_jacobian","low_dim","x2","u","0.0043857523828941","0.0063423257315145","13.0","","","8.59517029998824","","","","","","","","","","","160.0","96.0","","108.0","0.001","","","3.0","","","","250.0","179.0","1.92282300304214e-06","8.121132850646973e-06","1e-06"
"","","","","","","","","","","","","","","","3.0","0.0","1.6423327690471845","2.199511659249488","","","","","","","","","","","","","","","","","",""
"","","","","","","","","","","","","","","","11.0","0.5003818664186679","2.4933467336394006","2.2096587319143617","","","","","","","","","","","","","","","","","",""
"","","","","","","","","","","","","","","","19.0","1.588855203878302","2.894566254551655","2.1934317060303203","","","","","","","","","","","","","","","","","",""
"","","","","","","","","","","","","","","","27.0","1.102742760980774","2.8580978502802203","2.223608151535239","","","","","","","","","","","","","","","","","",""
"","","","","","","","","","","","","","","","35.0","-1.0991712400376326","0.4797424851493434","2.1137575342716857","","","","","","","","","","","","","","","","","",""
"","","","","","","","","","","","","","","","43.0","-0.7993348603550983","0.5373183886218545","2.1707082973436296","","","","","","","","","","","","","","","","","",""
"","","","","","","","","","","","","","","","51.0","1.4942137815850476","2.8723757894991686","2.269433222390612","","","","","","","","","","","","","","","","","",""
"","","","","","","","","","","","","","","","59.0","-1.978938781737701","0.3915324770353733","2.1815734671082967","","","","","","","","","","","","","","","","","",""
"","","","","","","","","","","","","","","","67.0","1.2849136735310651","2.8874130493045675","2.2315299886402364","","","","","","","","","","","","","","","","","",""
"","","","","","","","","","","","","","","","75.0","1.188277715008185","2.7979539466047094","2.1607942919272167","","","","","","","","","","","","","","","","","",""
"","","","","","","","","","","","","","","","83.0","-0.1282601886251169","1.268597535691603","2.203258770697638","","","","","","","","","","","","","","","","","",""
"","","","","","","","","","","","","","","","91.0","-0.7878702927227459","0.5364954371302191","2.161786998145946","","","","","","","","","","","","","","","","","",""
"","","","","","","","","","","","","","","","99.0","-0.8862975515969067","0.4490777951598964","2.234460621633892","","","","","","","","","","","","","","","","","",""
"neural_ode","steady_state_jacobian","low_dim","x1","u","0.5738971431273967","0.7001754366582119","13.0","","","8.055621899897233","","","","","","","","","","","160.0","96.0","","108.0","0.001","","","3.0","","","","250.0","178.0","2.2660869944957085e-06","8.841045200824738e-06","1e-06"
"neural_ode","steady_state_jacobian","low_dim","x2","u","0.0046139403174702","0.0152568577759953","13.0","","","8.055621899897233","","","","","","","","","","","160.0","96.0","","108.0","0.001","","","3.0","","","","250.0","178.0","2.2660869944957085e-06","8.841045200824738e-06","1e-06"
"","","","","","","","","","","","","","","","3.0","0.0","1.64","2.2","","","","","","","","","","","","","","","","","",""
"","","","","","","","","","","","","","","","11.0","0.5003818664186679","2.5","2.2","","","","","","","","","","","","","","","","","",""
"","","","","","","","","","","","","","","","19.0","1.588855203878302","2.9","2.2","","","","","","","","","","","","","","","","","",""
"","","","","","","","","","","","","","","","27.0","1.102742760980774","2.86","2.22","","","","","","","","","","","","","","","","","",""
"","","","","","","","","","","","","","","","35.0","-1.0991712400376326","0.48","2.12","","","","","","","","","","","","","","","","","",""
"","","","","","","","","","","","","","","","43.0","-0.7993348603550983","0.54","2.18","","","","","","","","","","","","","","","","","",""
"","","","","","","","","","","","","","","","51.0","1.4942137815850476","2.88","2.26","","","","","","","","","","","","","","","","","",""
"","","","","","","","","","","","","","","","59.0","-1.978938781737701","0.4","2.18","","","","","","","","","","","","","","","","","",""
"","","","","","","","","","","","","","","","67.0","1.2849136735310651","2.88","2.24","","","","","","","","","","","","","","","","","",""
"","","","","","","","","","","","","","","","75.0","1.188277715008185","2.8000000000000003","2.16","","","","","","","","","","","","","","","","","",""
"","","","","","","","","","","","","","","","83.0","-0.1282601886251169","1.26","2.2","","","","","","","","","","","","","","","","","",""
"","","","","","","","","","","","","","","","91.0","-0.7878702927227459","0.54","2.16","","","","","","","","","","","","","","","","","",""
"","","","","","","","","","","","","","","","99.0","-0.8862975515969067","0.44","2.24","","","","","","","","","","","","","","","","","",""
"neural_ode","steady_state_jacobian","low_dim","x1","u","0.7305861863379295","0.6783844409255178","13.0","","","7.475907500018366","","","","","","","","","","","160.0","96.0","","108.0","0.001","","","3.0","","","","250.0","166.0","1.9805650026683e-06","6.75395131111145e-06","1e-06"
"neural_ode","steady_state_jacobian","low_dim","x2","u","0.0760454001048436","0.1224009596265805","13.0","","","7.475907500018366","","","","","","","","","","","160.0","96.0","","108.0","0.001","","","3.0","","","","250.0","166.0","1.9805650026683e-06","6.75395131111145e-06","1e-06"
"","","","","","","","","","","","","","","","3.0","0.0","1.619554827302346","2.101565249452439","","","","","","","","","","","","","","","","","",""
"","","","","","","","","","","","","","","","11.0","0.5003818664186679","2.38498193386108","2.1225284579954824","","","","","","","","","","","","","","","","","",""
"","","","","","","","","","","","","","","","19.0","1.588855203878302","2.614473061492767","2.0781980815140004","","","","","","","","","","","","","","","","","",""
"","","","","","","","","","","","","","","","27.0","1.102742760980774","2.5822408720624463","2.0759809440024","","","","","","","","","","","","","","","","","",""
"","","","","","","","","","","","","","","","35.0","-1.0991712400376326","0.1847258952393798","2.0501380887499754","","","","","","","","","","","","","","","","","",""
"","","","","","","","","","","","","","","","43.0","-0.7993348603550983","0.2851761434419737","1.99518702554736","","","","","","","","","","","","","","","","","",""
"","","","","","","","","","","","","","","","51.0","1.4942137815850476","2.543255915355211","1.984273410950281","","","","","","","","","","","","","","","","","",""
"","","","","","","","","","","","","","","","59.0","-1.978938781737701","0.0111987822747924","1.9907071583942284","","","","","","","","","","","","","","","","","",""
"","","","","","","","","","","","","","","","67.0","1.2849136735310651","2.3622161764685834","1.95745002876782","","","","","","","","","","","","","","","","","",""
"","","","","","","","","","","","","","","","75.0","1.188277715008185","2.453197314465703","1.8857129674112376","","","","","","","","","","","","","","","","","",""
"","","","","","","","","","","","","","","","83.0","-0.1282601886251169","0.9326322057105564","1.7780395961659876","","","","","","","","","","","","","","","","","",""
"","","","","","","","","","","","","","","","91.0","-0.7878702927227459","0.0209345765713679","1.7459317340355844","","","","","","","","","","","","","","","","","",""
"","","","","","","","","","","","","","","","99.0","-0.8862975515969067","0.0608131829979556","1.811702098658745","","","","","","","","","","","","","","","","","",""
"neural_ode","steady_state_jacobian","low_dim","x1","u","0.5849873036719285","0.6267439515955254","13.0","","","7.617048499989323","","","","","","","","","","","160.0","96.0","","108.0","0.001","","","3.0","","","","250.0","176.0","2.3048085040500155e-06","8.493661880493164e-06","1e-06"
"neural_ode","steady_state_jacobian","low_dim","x2","u","0.0101871348451823","0.0226269159621574","13.0","","","7.617048499989323","","","","","","","","","","","160.0","96.0","","108.0","0.001","","","3.0","","","","250.0","176.0","2.3048085040500155e-06","8.493661880493164e-06","1e-06"
"","","","","","","","","","","","","","","","3.0","0.0","1.627772773688431","2.1946875854966104","","","","","","","","","","","","","","","","","",""
"","","","","","","","","","","","","","","","11.0","0.5003818664186679","2.456877197758865","2.197537345144952","","","","","","","","","","","","","","","","","",""
"","","","","","","","","","","","","","","","19.0","1.588855203878302","2.895786934477079","2.193931152345705","","","","","","","","","","","","","","","","","",""
"","","","","","","","","","","","","","","","27.0","1.102742760980774","2.85837527467023","2.22464745636036","","","","","","","","","","","","","","","","","",""
"","","","","","","","","","","","","","","","35.0","-1.0991712400376326","0.4708740937552936","2.1104194573877604","","","","","","","","","","","","","","","","","",""
"","","","","","","","","","","","","","","","43.0","-0.7993348603550983","0.571043188055244","2.1815995018222827","","","","","","","","","","","","","","","","","",""
"","","","","","","","","","","","","","","","51.0","1.4942137815850476","2.9015232309725345","2.283763880704013","","","","","","","","","","","","","","","","","",""
"","","","","","","","","","","","","","","","59.0","-1.978938781737701","0.4552808679843553","2.206547808842416","","","","","","","","","","","","","","","","","",""
"","","","","","","","","","","","","","","","67.0","1.2849136735310651","2.945193824734148","2.2553152218070167","","","","","","","","","","","","","","","","","",""
"","","","","","","","","","","","","","","","75.0","1.188277715008185","2.829294116285015","2.173859325612641","","","","","","","","","","","","","","","","","",""
"","","","","","","","","","","","","","","","83.0","-0.1282601886251169","1.3313425265642238","2.227941331055371","","","","","","","","","","","","","","","","","",""
"","","","","","","","","","","","","","","","91.0","-0.7878702927227459","0.6002009207077468","2.1867576365628105","","","","","","","","","","","","","","","","","",""
"","","","","","","","","","","","","","","","99.0","-0.8862975515969067","0.4902005096858212","2.2525403727566826","","","","","","","","","","","","","","","","","",""
"neural_ode","steady_state_jacobian","low_dim","x1","u","0.5940183906887586","0.6189350222112646","13.0","","","5.551684199948795","","","","","","","","","","","160.0","96.0","","108.0","0.001","","","3.0","","","","250.0","189.0","1.5313809171857429e-06","6.752088665962219e-06","1e-06"
"neural_ode","steady_state_jacobian","low_dim","x2","u","0.0034205034652796","0.0191939696163171","13.0","","","5.551684199948795","","","","","","","","","","","160.0","96.0","","108.0","0.001","","","3.0","","","","250.0","189.0","1.5313809171857429e-06","6.752088665962219e-06","1e-06"
"","","","","","","","","","","","","","","","3.0","0.0","1.62","2.2","","","","","","","","","","","","","","","","","",""
"","","","","","","","","","","","","","","","11.0","0.5003818664186679","2.46","2.2","","","","","","","","","","","","","","","","","",""
"","","","","","","","","","","","","","","","19.0","1.588855203878302","2.9","2.2","","","","","","","","","","","","","","","","","",""
"","","","","","","","","","","","","","","","27.0","1.102742760980774","2.86","2.22","","","","","","","","","","","","","","","","","",""
"","","","","","","","","","","","","","","","35.0","-1.0991712400376326","0.48","2.12","","","","","","","","","","","","","","","","","",""
"","","","","","","","","","","","","","","","43.0","-0.7993348603550983","0.58","2.18","","","","","","","","","","","","","","","","","",""
"","","","","","","","","","","","","","","","51.0","1.4942137815850476","2.9","2.28","","","","","","","","","","","","","","","","","",""
"","","","","","","","","","","","","","","","59.0","-1.978938781737701","0.46","2.2","","","","","","","","","","","","","","","","","",""
"","","","","","","","","","","","","","","","67.0","1.2849136735310651","2.94","2.26","","","","","","","","","","","","","","","","","",""
"","","","","","","","","","","","","","","","75.0","1.188277715008185","2.82","2.18","","","","","","","","","","","","","","","","","",""
"","","","","","","","","","","","","","","","83.0","-0.1282601886251169","1.34","2.22","","","","","","","","","","","","","","","","","",""
"","","","","","","","","","","","","","","","91.0","-0.7878702927227459","0.6","2.18","","","","","","","","","","","","","","","","","",""
"","","","","","","","","","","","","","","","99.0","-0.8862975515969067","0.5","2.26","","","","","","","","","","","","","","","","","",""
"neural_ode","steady_state_jacobian","low_dim","x1","u","-6.814002170737904","26.528305348492225","13.0","","","9.222525499993935","","","","","","","","","","","160.0","96.0","","108.0","0.001","","","3.0","","","","250.0","250.0","0.000341930630384","0.0072819367051124","1e-06"
"neural_ode","steady_state_jacobian","low_dim","x2","u","-5.153452972845676","18.34302403768629","13.0","","","9.222525499993935","","","","","","","","","","","160.0","96.0","","108.0","0.001","","","3.0","","","","250.0","250.0","0.000341930630384","0.0072819367051124","1e-06"
"","","","","","","","","","","","","","","","3.0","0.0","1.604994831943593","2.0967411756995618","","","","","","","","","","","","","","","","","",""
"","","","","","","","","","","","","","","","11.0","0.5003818664186679","2.348512397980544","2.110407071226073","","","","","","","","","","","","","","","","","",""
"","","","","","","","","","","","","","","","19.0","1.588855203878302","2.615693741418191","2.078697527829385","","","","","","","","","","","","","","","","","",""
"","","","","","","","","","","","","","","","27.0","1.102742760980774","2.582518296452456","2.07702024882752","","","","","","","","","","","","","","","","","",""
"","","","","","","","","","","","","","","","35.0","-1.0991712400376326","0.17585750384533","2.04680001186605","","","","","","","","","","","","","","","","","",""
"","","","","","","","","","","","","","","","43.0","-0.7993348603550983","0.3189009428753631","2.006078230026013","","","","","","","","","","","","","","","","","",""
"","","","","","","","","","","","","","","","51.0","1.4942137815850476","2.572403356828577","1.9986040692636824","","","","","","","","","","","","","","","","","",""
"","","","","","","","","","","","","","","","59.0","-1.978938781737701","0.0749471732237745","2.0156815001283475","","","","","","","","","","","","","","","","","",""
"","","","","","","","","","","","","","","","67.0","1.2849136735310651","2.419996951898164","1.9812352619346","","","","","","","","","","","","","","","","","",""
"","","","","","","","","","","","","","","","75.0","1.188277715008185","2.4845374841460086","1.8987780010966624","","","","","","","","","","","","","","","","","",""
"","","","","","","","","","","","","","","","83.0","-0.1282601886251169","0.995377196583177","1.8027221565237208","","","","","","","","","","","","","","","","","",""
"","","","","","","","","","","","","","","","91.0","-0.7878702927227459","0.0846400601488956","1.7709023724524489","","","","","","","","","","","","","","","","","",""
"","","","","","","","","","","","","","","","99.0","-0.8862975515969067","0.1019358975238804","1.8297818497815364","","","","","","","","","","","","","","","","","",""
"neural_ode","steady_state_jacobian","low_dim","x1","u","0.5835748995439365","0.6469158805274415","13.0","","","5.623013500007801","","","","","","","","","","","160.0","96.0","","108.0","0.001","","","3.0","","","","250.0","176.0","2.983814283652464e-06","8.925795555114746e-06","1e-06"
"neural_ode","steady_state_jacobian","low_dim","x2","u","0.008141838461877","0.0070976411598644","13.0","","","5.623013500007801","","","","","","","","","","","160.0","96.0","","108.0","0.001","","","3.0","","","","250.0","176.0","2.983814283652464e-06","8.925795555114746e-06","1e-06"
"","","","","","","","","","","","","","","","3.0","0.0","1.6421213246444035","2.199515847831928","","","","","","","","","","","","","","","","","",""
"","","","","","","","","","","","","","","","11.0","0.5003818664186679","2.4849666882578023","2.207796508395289","","","","","","","","","","","","","","","","","",""
"","","","","","","","","","","","","","","","19.0","1.588855203878302","2.854764775134263","2.1801451484665897","","","","","","","","","","","","","","","","","",""
"","","","","","","","","","","","","","","","27.0","1.102742760980774","2.826729890082998","2.210009189013113","","","","","","","","","","","","","","","","","",""
"","","","","","","","","","","","","","","","35.0","-1.0991712400376326","0.493582644671277","2.117752414255844","","","","","","","","","","","","","","","","","",""
"","","","","","","","","","","","","","","","43.0","-0.7993348603550983","0.5702349445055891","2.181424854971948","","","","","","","","","","","","","","","","","",""
"","","","","","","","","","","","","","","","51.0","1.4942137815850476","2.9152844023836777","2.286738741040807","","","","","","","","","","","","","","","","","",""
"","","","","","","","","","","","","","","","59.0","-1.978938781737701","0.4116930822125038","2.1923230630754764","","","","","","","","","","","","","","","","","",""
"","","","","","","","","","","","","","","","67.0","1.2849136735310651","2.9103280921487986","2.240361064546215","","","","","","","","","","","","","","","","","",""
"","","","","","","","","","","","","","","","75.0","1.188277715008185","2.8574068276301805","2.1843817952227336","","","","","","","","","","","","","","","","","",""
"","","","","","","","","","","","","","","","83.0","-0.1282601886251169","1.3339297192240187","2.22856517226126","","","","","","","","","","","","","","","","","",""
"","","","","","","","","","","","","","","","91.0","-0.7878702927227459","0.5918015388217264","2.184873771800009","","","","","","","","","","","","","","","","","",""
"","","","","","","","","","","","","","","","99.0","-0.8862975515969067","0.4692426403353897","2.245212145877862","","","","","","","","","","","","","","","","","",""
"neural_ode","steady_state_jacobian","low_dim","x1","u","0.5774227594240353","0.6551392703236125","13.0","","","6.645228699897416","","","","","","","","","","","160.0","96.0","","108.0","0.001","","","3.0","","","","250.0","181.0","1.4909758192516165e-06","7.27921724319458e-06","1e-06"
"neural_ode","steady_state_jacobian","low_dim","x2","u","0.0087772130263357","0.0112725348780581","13.0","","","6.645228699897416","","","","","","","","","","","160.0","96.0","","108.0","0.001","","","3.0","","","","250.0","181.0","1.4909758192516165e-06","7.27921724319458e-06","1e-06"
"","","","","","","","","","","","","","","","3.0","0.0","1.64","2.2","","","","","","","","","","","","","","","","","",""
"","","","","","","","","","","","","","","","11.0","0.5003818664186679","2.48","2.2","","","","","","","","","","","","","","","","","",""
"","","","","","","","","","","","","","","","19.0","1.588855203878302","2.86","2.18","","","","","","","","","","","","","","","","","",""
"","","","","","","","","","","","","","","","27.0","1.102742760980774","2.82","2.22","","","","","","","","","","","","","","","","","",""
"","","","","","","","","","","","","","","","35.0","-1.0991712400376326","0.5","2.12","","","","","","","","","","","","","","","","","",""
"","","","","","","","","","","","","","","","43.0","-0.7993348603550983","0.58","2.18","","","","","","","","","","","","","","","","","",""
"","","","","","","","","","","","","","","","51.0","1.4942137815850476","2.92","2.28","","","","","","","","","","","","","","","","","",""
"","","","","","","","","","","","","","","","59.0","-1.978938781737701","0.42","2.2","","","","","","","","","","","","","","","","","",""
"","","","","","","","","","","","","","","","67.0","1.2849136735310651","2.92","2.24","","","","","","","","","","","","","","","","","",""
"","","","","","","","","","","","","","","","75.0","1.188277715008185","2.86","2.18","","","","","","","","","","","","","","","","","",""
"","","","","","","","","","","","","","","","83.0","-0.1282601886251169","1.34","2.22","","","","","","","","","","","","","","","","","",""
"","","","","","","","","","","","","","","","91.0","-0.7878702927227459","0.6","2.18","","","","","","","","","","","","","","","","","",""
"","","","","","","","","","","","","","","","99.0","-0.8862975515969067","0.46","2.24","","","","","","","","","","","","","","","","","",""
"neural_ode","steady_state_jacobian","low_dim","x1","u","13140.625020393958","45518.88159255421","13.0","","","6.475476399995387","","","","","","","","","","","160.0","96.0","","108.0","0.001","","","3.0","","","","250.0","250.0","0.0005218790611252","0.0098473727703094","1e-06"
"neural_ode","steady_state_jacobian","low_dim","x2","u","6794.111334044343","23535.536565869912","13.0","","","6.475476399995387","","","","","","","","","","","160.0","96.0","","108.0","0.001","","","3.0","","","","250.0","250.0","0.0005218790611252","0.0098473727703094","1e-06"
"","","","","","","","","","","","","","","","3.0","0.0","1.6193433828995651","2.101569438034879","","","","","","","","","","","","","","","","","",""
"","","","","","","","","","","","","","","","11.0","0.5003818664186679","2.376601888479481","2.12066623447641","","","","","","","","","","","","","","","","","",""
"","","","","","","","","","","","","","","","19.0","1.588855203878302","2.574671582075375","2.06491152395027","","","","","","","","","","","","","","","","","",""
"","","","","","","","","","","","","","","","27.0","1.102742760980774","2.550872911865224","2.0623819814802733","","","","","","","","","","","","","","","","","",""
"","","","","","","","","","","","","","","","35.0","-1.0991712400376326","0.1985660547613134","2.054132968734134","","","","","","","","","","","","","","","","","",""
"","","","","","","","","","","","","","","","43.0","-0.7993348603550983","0.3180926993257082","2.005903583175678","","","","","","","","","","","","","","","","","",""
"","","","","","","","","","","","","","","","51.0","1.4942137815850476","2.58616452823972","2.001578929600477","","","","","","","","","","","","","","","","","",""
"","","","","","","","","","","","","","","","59.0","-1.978938781737701","0.031359387451923","2.001456754361408","","","","","","","","","","","","","","","","","",""
"","","","","","","","","","","","","","","","67.0","1.2849136735310651","2.3851312193128145","1.9662811046737985","","","","","","","","","","","","","","","","","",""
"","","","","","","","","","","","","","","","75.0","1.188277715008185","2.512650195491174","1.909300470706755","","","","","","","","","","","","","","","","","",""
"","","","","","","","","","","","","","","","83.0","-0.1282601886251169","0.997964389242972","1.8033459977296096","","","","","","","","","","","","","","","","","",""
"","","","","","","","","","","","","","","","91.0","-0.7878702927227459","0.0762406782628752","1.7690185076896472","","","","","","","","","","","","","","","","","",""
"","","","","","","","","","","","","","","","99.0","-0.8862975515969067","0.080978028173449","1.822453622902716","","","","","","","","","","","","","","","","","",""
"neural_ode","steady_state_jacobian","low_dim","x1","u","0.6142596596708665","0.643431651732691","13.0","","","6.718436499941163","","","","","","","","","","","160.0","96.0","","108.0","0.001","","","3.0","","","","250.0","176.0","2.2131089281174354e-06","4.984438419342041e-06","1e-06"
"neural_ode","steady_state_jacobian","low_dim","x2","u","0.011887281732365","0.0127129529685974","13.0","","","6.718436499941163","","","","","","","","","","","160.0","96.0","","108.0","0.001","","","3.0","","","","250.0","176.0","2.2131089281174354e-06","4.984438419342041e-06","1e-06"
"","","","","","","","","","","","","","","","3.0","0.0","1.6428672729603864","2.1996204746950307","","","","","","","","","","","","","","","","","",""
"","","","","","","","","","","","","","","","11.0","0.5003818664186679","2.4963104082570227","2.210282933741151","","","","","","","","","","","","","","","","","",""
"","","","","","","","","","","","","","","","19.0","1.588855203878302","2.9012497729212536","2.194966830962329","","","","","","","","","","","","","","","","","",""
"","","","","","","","","","","","","","","","27.0","1.102742760980774","2.870464690044279","2.2267513197551843","","","","","","","","","","","","","","","","","",""
"","","","","","","","","","","","","","","","35.0","-1.0991712400376326","0.5007796066090762","2.119738117700402","","","","","","","","","","","","","","","","","",""
"","","","","","","","","","","","","","","","43.0","-0.7993348603550983","0.5715526039364491","2.181691660148405","","","","","","","","","","","","","","","","","",""
"","","","","","","","","","","","","","","","51.0","1.4942137815850476","2.9266281436554467","2.289225174126824","","","","","","","","","","","","","","","","","",""
"","","","","","","","","","","","","","","","59.0","-1.978938781737701","0.3916034115545212","2.181603038452016","","","","","","","","","","","","","","","","","",""
"","","","","","","","","","","","","","","","67.0","1.2849136735310651","2.8874130519439394","2.2315299900515644","","","","","","","","","","","","","","","","","",""
"","","","","","","","","","","","","","","","75.0","1.188277715008185","2.797953946604808","2.160794291927284","","","","","","","","","","","","","","","","","",""
"","","","","","","","","","","","","","","","83.0","-0.1282601886251169","1.268597535691603","2.203258770697638","","","","","","","","","","","","","","","","","",""
"","","","","","","","","","","","","","","","91.0","-0.7878702927227459","0.5364954371302191","2.161786998145946","","","","","","","","","","","","","","","","","",""
"","","","","","","","","","","","","","","","99.0","-0.8862975515969067","0.4490777951598964","2.234460621633892","","","","","","","","","","","","","","","","","",""
"neural_ode","steady_state_jacobian","low_dim","x1","u","0.5973543530473342","0.647628566478576","13.0","","","7.272592499968596","","","","","","","","","","","160.0","96.0","","108.0","0.001","","","3.0","","","","250.0","183.0","1.8069090401695576e-06","8.210539817810059e-06","1e-06"
"neural_ode","steady_state_jacobian","low_dim","x2","u","-0.0002003783055652","0.0103923706834567","13.0","","","7.272592499968596","","","","","","","","","","","160.0","96.0","","108.0","0.001","","","3.0","","","","250.0","183.0","1.8069090401695576e-06","8.210539817810059e-06","1e-06"
"","","","","","","","","","","","","","","","3.0","0.0","1.64","2.2","","","","","","","","","","","","","","","","","",""
"","","","","","","","","","","","","","","","11.0","0.5003818664186679","2.5","2.22","","","","","","","","","","","","","","","","","",""
"","","","","","","","","","","","","","","","19.0","1.588855203878302","2.9","2.2","","","","","","","","","","","","","","","","","",""
"","","","","","","","","","","","","","","","27.0","1.102742760980774","2.88","2.22","","","","","","","","","","","","","","","","","",""
"","","","","","","","","","","","","","","","35.0","-1.0991712400376326","0.5","2.12","","","","","","","","","","","","","","","","","",""
"","","","","","","","","","","","","","","","43.0","-0.7993348603550983","0.58","2.18","","","","","","","","","","","","","","","","","",""
"","","","","","","","","","","","","","","","51.0","1.4942137815850476","2.92","2.28","","","","","","","","","","","","","","","","","",""
"","","","","","","","","","","","","","","","59.0","-1.978938781737701","0.4","2.18","","","","","","","","","","","","","","","","","",""
"","","","","","","","","","","","","","","","67.0","1.2849136735310651","2.88","2.24","","","","","","","","","","","","","","","","","",""
"","","","","","","","","","","","","","","","75.0","1.188277715008185","2.8000000000000003","2.16","","","","","","","","","","","","","","","","","",""
"","","","","","","","","","","","","","","","83.0","-0.1282601886251169","1.26","2.2","","","","","","","","","","","","","","","","","",""
"","","","","","","","","","","","","","","","91.0","-0.7878702927227459","0.54","2.16","","","","","","","","","","","","","","","","","",""
"","","","","","","","","","","","","","","","99.0","-0.8862975515969067","0.44","2.24","","","","","","","","","","","","","","","","","",""
"neural_ode","steady_state_jacobian","low_dim","x1","u","0.6587008335269414","0.5810915212362672","13.0","","","6.212584699969739","","","","","","","","","","","160.0","96.0","","108.0","0.001","","","3.0","","","","250.0","250.0","0.0002238635788671","0.0050422959029674","1e-06"
"neural_ode","steady_state_jacobian","low_dim","x2","u","0.0599317500511041","0.083960978716241","13.0","","","6.212584699969739","","","","","","","","","","","160.0","96.0","","108.0","0.001","","","3.0","","","","250.0","250.0","0.0002238635788671","0.0050422959029674","1e-06"
"","","","","","","","","","","","","","","","3.0","0.0","1.620089331215548","2.101674064897982","","","","","","","","","","","","","","","","","",""
"","","","","","","","","","","","","","","","11.0","0.5003818664186679","2.3879456084787014","2.123152659822272","","","","","","","","","","","","","","","","","",""
"","","","","","","","","","","","","","","","19.0","1.588855203878302","2.6211565798623657","2.079733206446009","","","","","","","","","","","","","","","","","",""
"","","","","","","","","","","","","","","","27.0","1.102742760980774","2.594607711826505","2.0791241122223445","","","","","","","","","","","","","","","","","",""
"","","","","","","","","","","","","","","","35.0","-1.0991712400376326","0.2057630166991126","2.056118672178692","","","","","","","","","","","","","","","","","",""
"","","","","","","","","","","","","","","","43.0","-0.7993348603550983","0.3194103587565682","2.006170388352136","","","","","","","","","","","","","","","","","",""
"","","","","","","","","","","","","","","","51.0","1.4942137815850476","2.597508269511489","2.004065362686493","","","","","","","","","","","","","","","","","",""
"","","","","","","","","","","","","","","","59.0","-1.978938781737701","0.0112697167939403","1.990736729737948","","","","","","","","","","","","","","","","","",""
"","","","","","","","","","","","","","","","67.0","1.2849136735310651","2.3622161791079552","1.957450030179148","","","","","","","","","","","","","","","","","",""
"","","","","","","","","","","","","","","","75.0","1.188277715008185","2.453197314465801","1.885712967411305","","","","","","","","","","","","","","","","","",""
"","","","","","","","","","","","","","","","83.0","-0.1282601886251169","0.9326322057105564","1.7780395961659876","","","","","","","","","","","","","","","","","",""
"","","","","","","","","","","","","","","","91.0","-0.7878702927227459","0.0209345765713679","1.7459317340355844","","","","","","","","","","","","","","","","","",""
"","","","","","","","","","","","","","","","99.0","-0.8862975515969067","0.0608131829979556","1.811702098658745","","","","","","","","","","","","","","","","","",""
"gp_rbf","rbf","low_dim","x1","u","2.196745789478593","0.8527713951577625","13.0","","","0.382116200053133","","{""u"": 0.11380862202514154}","","","","","","","0.832**2 * RBF(length_scale=0.593) + WhiteKernel(noise_level=0.000297)","","","","","","","","","","","","","","","","",""
"gp_rbf","rbf","low_dim","x2","u","0.0148827530888233","0.1432807664364208","13.0","","","0.382116200053133","","{""u"": 0.11380862202514154}","","","","","","","1.01**2 * RBF(length_scale=0.0366) + WhiteKernel(noise_level=1e-08)","","","","","","","","","","","","","","","","",""
"","","","","","","","","","","","","","","","3.0","0.0","1.6094637470293598","2.188433274403022","","","","","","","","","","","","","","","","","",""
"","","","","","","","","","","","","","","","11.0","0.5003818664186679","2.4816199107426606","2.206236521990606","","","","","","","","","","","","","","","","","",""
"","","","","","","","","","","","","","","","19.0","1.588855203878302","2.838549071145969","2.17128239641392","","","","","","","","","","","","","","","","","",""
"","","","","","","","","","","","","","","","27.0","1.102742760980774","2.807008611849329","2.202442620643412","","","","","","","","","","","","","","","","","",""
"","","","","","","","","","","","","","","","35.0","-1.0991712400376326","0.4680938511749171","2.10965266512686","","","","","","","","","","","","","","","","","",""
"","","","","","","","","","","","","","","","43.0","-0.7993348603550983","0.5563359403378797","2.1778995233441028","","","","","","","","","","","","","","","","","",""
"","","","","","","","","","","","","","","","51.0","1.4942137815850476","2.910103001164049","2.2843986621623573","","","","","","","","","","","","","","","","","",""
"","","","","","","","","","","","","","","","59.0","-1.978938781737701","0.3996486866294592","2.186173994043572","","","","","","","","","","","","","","","","","",""
"","","","","","","","","","","","","","","","67.0","1.2849136735310651","2.888236708614542","2.2318720075117167","","","","","","","","","","","","","","","","","",""
"","","","","","","","","","","","","","","","75.0","1.188277715008185","2.834169878615618","2.176941492972454","","","","","","","","","","","","","","","","","",""
"","","","","","","","","","","","","","","","83.0","-0.1282601886251169","1.2934820044066508","2.2150787263418628","","","","","","","","","","","","","","","","","",""
"","","","","","","","","","","","","","","","91.0","-0.7878702927227459","0.5661045258735347","2.175158502175819","","","","","","","","","","","","","","","","","",""
"","","","","","","","","","","","","","","","99.0","-0.8862975515969067","0.5017730435888611","2.2568887535645854","","","","","","","","","","","","","","","","","",""
"gp_rbf","rbf","low_dim","x1","u","2.1846360560677915","0.8352450920581588","13.0","","","0.4028054000809788","","{""u"": 0.11380862202514154}","","","","","","","0.838**2 * RBF(length_scale=0.591) + WhiteKernel(noise_level=0.000247)","","","","","","","","","","","","","","","","",""
"gp_rbf","rbf","low_dim","x2","u","0.0274201711121224","0.1297147829477878","13.0","","","0.4028054000809788","","{""u"": 0.11380862202514154}","","","","","","","1.01**2 * RBF(length_scale=0.0368) + WhiteKernel(noise_level=2.68e-08)","","","","","","","","","","","","","","","","",""
"","","","","","","","","","","","","","","","3.0","0.0","1.6","2.18","","","","","","","","","","","","","","","","","",""
"","","","","","","","","","","","","","","","11.0","0.5003818664186679","2.48","2.2","","","","","","","","","","","","","","","","","",""
"","","","","","","","","","","","","","","","19.0","1.588855203878302","2.84","2.18","","","","","","","","","","","","","","","","","",""
"","","","","","","","","","","","","","","","27.0","1.102742760980774","2.8000000000000003","2.2","","","","","","","","","","","","","","","","","",""
"","","","","","","","","","","","","","","","35.0","-1.0991712400376326","0.46","2.1","","","","","","","","","","","","","","","","","",""
"","","","","","","","","","","","","","","","43.0","-0.7993348603550983","0.56","2.18","","","","","","","","","","","","","","","","","",""
"","","","","","","","","","","","","","","","51.0","1.4942137815850476","2.92","2.28","","","","","","","","","","","","","","","","","",""
"","","","","","","","","","","","","","","","59.0","-1.978938781737701","0.4","2.18","","","","","","","","","","","","","","","","","",""
"","","","","","","","","","","","","","","","67.0","1.2849136735310651","2.88","2.24","","","","","","","","","","","","","","","","","",""
"","","","","","","","","","","","","","","","75.0","1.188277715008185","2.84","2.18","","","","","","","","","","","","","","","","","",""
"","","","","","","","","","","","","","","","83.0","-0.1282601886251169","1.3","2.22","","","","","","","","","","","","","","","","","",""
"","","","","","","","","","","","","","","","91.0","-0.7878702927227459","0.56","2.18","","","","","","","","","","","","","","","","","",""
"","","","","","","","","","","","","","","","99.0","-0.8862975515969067","0.5","2.26","","","","","","","","","","","","","","","","","",""
"gp_rbf","rbf","low_dim","x1","u","2.200051316033189","0.8096550514082185","13.0","","","0.2484324999386444","","{""u"": 0.11380862202514154}","","","","","","","0.967**2 * RBF(length_scale=0.722) + WhiteKernel(noise_level=0.0139)","","","","","","","","","","","","","","","","",""
"gp_rbf","rbf","low_dim","x2","u","-0.0007318125374492","0.0006693605053743","13.0","","","0.2484324999386444","","{""u"": 0.11380862202514154}","","","","","","","0.0316**2 * RBF(length_scale=0.0654) + WhiteKernel(noise_level=0.999)","","","","","","","","","","","","","","","","",""
"","","","","","","","","","","","","","","","3.0","0.0","1.5866858052845214","2.0904868646059733","","","","","","","","","","","","","","","","","",""
"","","","","","","","","","","","","","","","11.0","0.5003818664186679","2.3732551109643394","2.1191062480717267","","","","","","","","","","","","","","","","","",""
"","","","","","","","","","","","","","","","19.0","1.588855203878302","2.5584558780870816","2.0560487718976","","","","","","","","","","","","","","","","","",""
"","","","","","","","","","","","","","","","27.0","1.102742760980774","2.531151633631555","2.054815413110572","","","","","","","","","","","","","","","","","",""
"","","","","","","","","","","","","","","","35.0","-1.0991712400376326","0.1730772612649535","2.0460332196051496","","","","","","","","","","","","","","","","","",""
"","","","","","","","","","","","","","","","43.0","-0.7993348603550983","0.3041936951579988","2.002378251547833","","","","","","","","","","","","","","","","","",""
"","","","","","","","","","","","","","","","51.0","1.4942137815850476","2.580983127020092","1.9992388507220271","","","","","","","","","","","","","","","","","",""
"","","","","","","","","","","","","","","","59.0","-1.978938781737701","0.0193149918688783","1.9953076853295035","","","","","","","","","","","","","","","","","",""
"","","","","","","","","","","","","","","","67.0","1.2849136735310651","2.363039835778558","1.9577920476393","","","","","","","","","","","","","","","","","",""
"","","","","","","","","","","","","","","","75.0","1.188277715008185","2.4894132464766123","1.9018601684564755","","","","","","","","","","","","","","","","","",""
"","","","","","","","","","","","","","","","83.0","-0.1282601886251169","0.957516674425604","1.7898595518102125","","","","","","","","","","","","","","","","","",""
"","","","","","","","","","","","","","","","91.0","-0.7878702927227459","0.0505436653146835","1.7593032380654572","","","","","","","","","","","","","","","","","",""
"","","","","","","","","","","","","","","","99.0","-0.8862975515969067","0.1135084314269204","1.8341302305894391","","","","","","","","","","","","","","","","","",""
"gp_rbf","rbf","low_dim","x1","u","2.0104657914145343","0.7017050840970311","13.0","","","0.290255400002934","","{""u"": 0.11380862202514154}","","","","","","","0.944**2 * RBF(length_scale=0.816) + WhiteKernel(noise_level=0.00178)","","","","","","","","","","","","","","","","",""
"gp_rbf","rbf","low_dim","x2","u","-0.0035237963395959","0.2885391101593272","13.0","","","0.290255400002934","","{""u"": 0.11380862202514154}","","","","","","","1.01**2 * RBF(length_scale=0.0353) + WhiteKernel(noise_level=2.53e-07)","","","","","","","","","","","","","","","","",""
"","","","","","","","","","","","","","","","3.0","0.0","1.6423327690471845","2.199511659249488","","","","","","","","","","","","","","","","","",""
"","","","","","","","","","","","","","","","11.0","0.5003818664186679","2.4933467336394006","2.2096587319143617","","","","","","","","","","","","","","","","","",""
"","","","","","","","","","","","","","","","19.0","1.588855203878302","2.894566254551655","2.1934317060303203","","","","","","","","","","","","","","","","","",""
"","","","","","","","","","","","","","","","27.0","1.102742760980774","2.8580978502802203","2.223608151535239","","","","","","","","","","","","","","","","","",""
"","","","","","","","","","","","","","","","35.0","-1.0991712400376326","0.4797424851493434","2.1137575342716857","","","","","","","","","","","","","","","","","",""
"","","","","","","","","","","","","","","","43.0","-0.7993348603550983","0.5373183886218545","2.1707082973436296","","","","","","","","","","","","","","","","","",""
"","","","","","","","","","","","","","","","51.0","1.4942137815850476","2.8723757894991686","2.269433222390612","","","","","","","","","","","","","","","","","",""
"","","","","","","","","","","","","","","","59.0","-1.978938781737701","0.3915324770353733","2.1815734671082967","","","","","","","","","","","","","","","","","",""
"","","","","","","","","","","","","","","","67.0","1.2849136735310651","2.8874130493045675","2.2315299886402364","","","","","","","","","","","","","","","","","",""
"","","","","","","","","","","","","","","","75.0","1.188277715008185","2.7979539466047094","2.1607942919272167","","","","","","","","","","","","","","","","","",""
"","","","","","","","","","","","","","","","83.0","-0.1282601886251169","1.268597535691603","2.203258770697638","","","","","","","","","","","","","","","","","",""
"","","","","","","","","","","","","","","","91.0","-0.7878702927227459","0.5364954371302191","2.161786998145946","","","","","","","","","","","","","","","","","",""
"","","","","","","","","","","","","","","","99.0","-0.8862975515969067","0.4490777951598964","2.234460621633892","","","","","","","","","","","","","","","","","",""
"gp_rbf","rbf","low_dim","x1","u","2.030662842726266","0.7070619437844613","13.0","","","0.3003304000012576","","{""u"": 0.11380862202514154}","","","","","","","0.942**2 * RBF(length_scale=0.808) + WhiteKernel(noise_level=0.00193)","","","","","","","","","","","","","","","","",""
"gp_rbf","rbf","low_dim","x2","u","-9.619518550207765e-08","0.5958281594509318","13.0","","","0.3003304000012576","","{""u"": 0.11380862202514154}","","","","","","","1.01**2 * RBF(length_scale=0.018) + WhiteKernel(noise_level=2.53e-07)","","","","","","","","","","","","","","","","",""
"","","","","","","","","","","","","","","","3.0","0.0","1.64","2.2","","","","","","","","","","","","","","","","","",""
"","","","","","","","","","","","","","","","11.0","0.5003818664186679","2.5","2.2","","","","","","","","","","","","","","","","","",""
"","","","","","","","","","","","","","","","19.0","1.588855203878302","2.9","2.2","","","","","","","","","","","","","","","","","",""
"","","","","","","","","","","","","","","","27.0","1.102742760980774","2.86","2.22","","","","","","","","","","","","","","","","","",""
"","","","","","","","","","","","","","","","35.0","-1.0991712400376326","0.48","2.12","","","","","","","","","","","","","","","","","",""
"","","","","","","","","","","","","","","","43.0","-0.7993348603550983","0.54","2.18","","","","","","","","","","","","","","","","","",""
"","","","","","","","","","","","","","","","51.0","1.4942137815850476","2.88","2.26","","","","","","","","","","","","","","","","","",""
"","","","","","","","","","","","","","","","59.0","-1.978938781737701","0.4","2.18","","","","","","","","","","","","","","","","","",""
"","","","","","","","","","","","","","","","67.0","1.2849136735310651","2.88","2.24","","","","","","","","","","","","","","","","","",""
"","","","","","","","","","","","","","","","75.0","1.188277715008185","2.8000000000000003","2.16","","","","","","","","","","","","","","","","","",""
"","","","","","","","","","","","","","","","83.0","-0.1282601886251169","1.26","2.2","","","","","","","","","","","","","","","","","",""
"","","","","","","","","","","","","","","","91.0","-0.7878702927227459","0.54","2.16","","","","","","","","","","","","","","","","","",""
"","","","","","","","","","","","","","","","99.0","-0.8862975515969067","0.44","2.24","","","","","","","","","","","","","","","","","",""
"gp_rbf","rbf","low_dim","x1","u","2.241675927143338","0.8314513049557519","13.0","","","0.2674917000113055","","{""u"": 0.11380862202514154}","","","","","","","0.973**2 * RBF(length_scale=0.716) + WhiteKernel(noise_level=0.0175)","","","","","","","","","","","","","","","","",""
"gp_rbf","rbf","low_dim","x2","u","-0.0008107599945161","0.000760400411428","13.0","","","0.2674917000113055","","{""u"": 0.11380862202514154}","","","","","","","0.0316**2 * RBF(length_scale=0.0635) + WhiteKernel(noise_level=0.999)","","","","","","","","","","","","","","","","",""
"","","","","","","","","","","","","","","","3.0","0.0","1.619554827302346","2.101565249452439","","","","","","","","","","","","","","","","","",""
"","","","","","","","","","","","","","","","11.0","0.5003818664186679","2.38498193386108","2.1225284579954824","","","","","","","","","","","","","","","","","",""
"","","","","","","","","","","","","","","","19.0","1.588855203878302","2.614473061492767","2.0781980815140004","","","","","","","","","","","","","","","","","",""
"","","","","","","","","","","","","","","","27.0","1.102742760980774","2.5822408720624463","2.0759809440024","","","","","","","","","","","","","","","","","",""
"","","","","","","","","","","","","","","","35.0","-1.0991712400376326","0.1847258952393798","2.0501380887499754","","","","","","","","","","","","","","","","","",""
"","","","","","","","","","","","","","","","43.0","-0.7993348603550983","0.2851761434419737","1.99518702554736","","","","","","","","","","","","","","","","","",""
"","","","","","","","","","","","","","","","51.0","1.4942137815850476","2.543255915355211","1.984273410950281","","","","","","","","","","","","","","","","","",""
"","","","","","","","","","","","","","","","59.0","-1.978938781737701","0.0111987822747924","1.9907071583942284","","","","","","","","","","","","","","","","","",""
"","","","","","","","","","","","","","","","67.0","1.2849136735310651","2.3622161764685834","1.95745002876782","","","","","","","","","","","","","","","","","",""
"","","","","","","","","","","","","","","","75.0","1.188277715008185","2.453197314465703","1.8857129674112376","","","","","","","","","","","","","","","","","",""
"","","","","","","","","","","","","","","","83.0","-0.1282601886251169","0.9326322057105564","1.7780395961659876","","","","","","","","","","","","","","","","","",""
"","","","","","","","","","","","","","","","91.0","-0.7878702927227459","0.0209345765713679","1.7459317340355844","","","","","","","","","","","","","","","","","",""
"","","","","","","","","","","","","","","","99.0","-0.8862975515969067","0.0608131829979556","1.811702098658745","","","","","","","","","","","","","","","","","",""
"gp_rbf","rbf","low_dim","x1","u","1.788938158462716","0.6366248994034704","13.0","","","0.3097045999020338","","{""u"": 0.11380862202514154}","","","","","","","0.913**2 * RBF(length_scale=0.922) + WhiteKernel(noise_level=0.00143)","","","","","","","","","","","","","","","","",""
"gp_rbf","rbf","low_dim","x2","u","0.0062235959175641","0.192260144939496","13.0","","","0.3097045999020338","","{""u"": 0.11380862202514154}","","","","","","","1**2 * RBF(length_scale=0.0315) + WhiteKernel(noise_level=2.53e-07)","","","","","","","","","","","","","","","","",""
"","","","","","","","","","","","","","","","3.0","0.0","1.627772773688431","2.1946875854966104","","","","","","","","","","","","","","","","","",""
"","","","","","","","","","","","","","","","11.0","0.5003818664186679","2.456877197758865","2.197537345144952","","","","","","","","","","","","","","","","","",""
"","","","","","","","","","","","","","","","19.0","1.588855203878302","2.895786934477079","2.193931152345705","","","","","","","","","","","","","","","","","",""
"","","","","","","","","","","","","","","","27.0","1.102742760980774","2.85837527467023","2.22464745636036","","","","","","","","","","","","","","","","","",""
"","","","","","","","","","","","","","","","35.0","-1.0991712400376326","0.4708740937552936","2.1104194573877604","","","","","","","","","","","","","","","","","",""
"","","","","","","","","","","","","","","","43.0","-0.7993348603550983","0.571043188055244","2.1815995018222827","","","","","","","","","","","","","","","","","",""
"","","","","","","","","","","","","","","","51.0","1.4942137815850476","2.9015232309725345","2.283763880704013","","","","","","","","","","","","","","","","","",""
"","","","","","","","","","","","","","","","59.0","-1.978938781737701","0.4552808679843553","2.206547808842416","","","","","","","","","","","","","","","","","",""
"","","","","","","","","","","","","","","","67.0","1.2849136735310651","2.945193824734148","2.2553152218070167","","","","","","","","","","","","","","","","","",""
"","","","","","","","","","","","","","","","75.0","1.188277715008185","2.829294116285015","2.173859325612641","","","","","","","","","","","","","","","","","",""
"","","","","","","","","","","","","","","","83.0","-0.1282601886251169","1.3313425265642238","2.227941331055371","","","","","","","","","","","","","","","","","",""
"","","","","","","","","","","","","","","","91.0","-0.7878702927227459","0.6002009207077468","2.1867576365628105","","","","","","","","","","","","","","","","","",""
"","","","","","","","","","","","","","","","99.0","-0.8862975515969067","0.4902005096858212","2.2525403727566826","","","","","","","","","","","","","","","","","",""
"gp_rbf","rbf","low_dim","x1","u","1.8050124549331317","0.6351781854814217","13.0","","","0.2546394999371841","","{""u"": 0.11380862202514154}","","","","","","","0.914**2 * RBF(length_scale=0.903) + WhiteKernel(noise_level=0.00129)","","","","","","","","","","","","","","","","",""
"gp_rbf","rbf","low_dim","x2","u","0.0084399014363701","0.1168870772599116","13.0","","","0.2546394999371841","","{""u"": 0.11380862202514154}","","","","","","","0.996**2 * RBF(length_scale=0.035) + WhiteKernel(noise_level=2.53e-07)","","","","","","","","","","","","","","","","",""
"","","","","","","","","","","","","","","","3.0","0.0","1.62","2.2","","","","","","","","","","","","","","","","","",""
"","","","","","","","","","","","","","","","11.0","0.5003818664186679","2.46","2.2","","","","","","","","","","","","","","","","","",""
"","","","","","","","","","","","","","","","19.0","1.588855203878302","2.9","2.2","","","","","","","","","","","","","","","","","",""
"","","","","","","","","","","","","","","","27.0","1.102742760980774","2.86","2.22","","","","","","","","","","","","","","","","","",""
"","","","","","","","","","","","","","","","35.0","-1.0991712400376326","0.48","2.12","","","","","","","","","","","","","","","","","",""
"","","","","","","","","","","","","","","","43.0","-0.7993348603550983","0.58","2.18","","","","","","","","","","","","","","","","","",""
"","","","","","","","","","","","","","","","51.0","1.4942137815850476","2.9","2.28","","","","","","","","","","","","","","","","","",""
"","","","","","","","","","","","","","","","59.0","-1.978938781737701","0.46","2.2","","","","","","","","","","","","","","","","","",""
"","","","","","","","","","","","","","","","67.0","1.2849136735310651","2.94","2.26","","","","","","","","","","","","","","","","","",""
"","","","","","","","","","","","","","","","75.0","1.188277715008185","2.82","2.18","","","","","","","","","","","","","","","","","",""
"","","","","","","","","","","","","","","","83.0","-0.1282601886251169","1.34","2.22","","","","","","","","","","","","","","","","","",""
"","","","","","","","","","","","","","","","91.0","-0.7878702927227459","0.6","2.18","","","","","","","","","","","","","","","","","",""
"","","","","","","","","","","","","","","","99.0","-0.8862975515969067","0.5","2.26","","","","","","","","","","","","","","","","","",""
"gp_rbf","rbf","low_dim","x1","u","2.064053234478735","0.7560377951479487","13.0","","","0.2343326000263914","","{""u"": 0.11380862202514154}","","","","","","","0.961**2 * RBF(length_scale=0.762) + WhiteKernel(noise_level=0.013)","","","","","","","","","","","","","","","","",""
"gp_rbf","rbf","low_dim","x2","u","-0.0007197801552999","0.0006973596147093","13.0","","","0.2343326000263914","","{""u"": 0.11380862202514154}","","","","","","","0.0316**2 * RBF(length_scale=0.0663) + WhiteKernel(noise_level=0.999)","","","","","","","","","","","","","","","","",""
"","","","","","","","","","","","","","","","3.0","0.0","1.604994831943593","2.0967411756995618","","","","","","","","","","","","","","","","","",""
"","","","","","","","","","","","","","","","11.0","0.5003818664186679","2.348512397980544","2.110407071226073","","","","","","","","","","","","","","","","","",""
"","","","","","","","","","","","","","","","19.0","1.588855203878302","2.615693741418191","2.078697527829385","","","","","","","","","","","","","","","","","",""
"","","","","","","","","","","","","","","","27.0","1.102742760980774","2.582518296452456","2.07702024882752","","","","","","","","","","","","","","","","","",""
"","","","","","","","","","","","","","","","35.0","-1.0991712400376326","0.17585750384533","2.04680001186605","","","","","","","","","","","","","","","","","",""
"","","","","","","","","","","","","","","","43.0","-0.7993348603550983","0.3189009428753631","2.006078230026013","","","","","","","","","","","","","","","","","",""
"","","","","","","","","","","","","","","","51.0","1.4942137815850476","2.572403356828577","1.9986040692636824","","","","","","","","","","","","","","","","","",""
"","","","","","","","","","","","","","","","59.0","-1.978938781737701","0.0749471732237745","2.0156815001283475","","","","","","","","","","","","","","","","","",""
"","","","","","","","","","","","","","","","67.0","1.2849136735310651","2.419996951898164","1.9812352619346","","","","","","","","","","","","","","","","","",""
"","","","","","","","","","","","","","","","75.0","1.188277715008185","2.4845374841460086","1.8987780010966624","","","","","","","","","","","","","","","","","",""
"","","","","","","","","","","","","","","","83.0","-0.1282601886251169","0.995377196583177","1.8027221565237208","","","","","","","","","","","","","","","","","",""
"","","","","","","","","","","","","","","","91.0","-0.7878702927227459","0.0846400601488956","1.7709023724524489","","","","","","","","","","","","","","","","","",""
"","","","","","","","","","","","","","","","99.0","-0.8862975515969067","0.1019358975238804","1.8297818497815364","","","","","","","","","","","","","","","","","",""
"gp_rbf","rbf","low_dim","x1","u","1.8646465234360776","0.6635507111859942","13.0","","","0.2480145000154152","","{""u"": 0.11380862202514154}","","","","","","","0.915**2 * RBF(length_scale=0.867) + WhiteKernel(noise_level=0.00146)","","","","","","","","","","","","","","","","",""
"gp_rbf","rbf","low_dim","x2","u","0.0036874020118141","0.1514604466808871","13.0","","","0.2480145000154152","","{""u"": 0.11380862202514154}","","","","","","","1**2 * RBF(length_scale=0.033) + WhiteKernel(noise_level=2.53e-07)","","","","","","","","","","","","","","","","",""
"","","","","","","","","","","","","","","","3.0","0.0","1.6421213246444035","2.199515847831928","","","","","","","","","","","","","","","","","",""
"","","","","","","","","","","","","","","","11.0","0.5003818664186679","2.4849666882578023","2.207796508395289","","","","","","","","","","","","","","","","","",""
"","","","","","","","","","","","","","","","19.0","1.588855203878302","2.854764775134263","2.1801451484665897","","","","","","","","","","","","","","","","","",""
"","","","","","","","","","","","","","","","27.0","1.102742760980774","2.826729890082998","2.210009189013113","","","","","","","","","","","","","","","","","",""
"","","","","","","","","","","","","","","","35.0","-1.0991712400376326","0.493582644671277","2.117752414255844","","","","","","","","","","","","","","","","","",""
"","","","","","","","","","","","","","","","43.0","-0.7993348603550983","0.5702349445055891","2.181424854971948","","","","","","","","","","","","","","","","","",""
"","","","","","","","","","","","","","","","51.0","1.4942137815850476","2.9152844023836777","2.286738741040807","","","","","","","","","","","","","","","","","",""
"","","","","","","","","","","","","","","","59.0","-1.978938781737701","0.4116930822125038","2.1923230630754764","","","","","","","","","","","","","","","","","",""
"","","","","","","","","","","","","","","","67.0","1.2849136735310651","2.9103280921487986","2.240361064546215","","","","","","","","","","","","","","","","","",""
"","","","","","","","","","","","","","","","75.0","1.188277715008185","2.8574068276301805","2.1843817952227336","","","","","","","","","","","","","","","","","",""
"","","","","","","","","","","","","","","","83.0","-0.1282601886251169","1.3339297192240187","2.22856517226126","","","","","","","","","","","","","","","","","",""
"","","","","","","","","","","","","","","","91.0","-0.7878702927227459","0.5918015388217264","2.184873771800009","","","","","","","","","","","","","","","","","",""
"","","","","","","","","","","","","","","","99.0","-0.8862975515969067","0.4692426403353897","2.245212145877862","","","","","","","","","","","","","","","","","",""
"gp_rbf","rbf","low_dim","x1","u","1.8239896765132373","0.6491768716810755","13.0","","","0.2318028999725356","","{""u"": 0.11380862202514154}","","","","","","","0.923**2 * RBF(length_scale=0.89) + WhiteKernel(noise_level=0.00186)","","","","","","","","","","","","","","","","",""
"gp_rbf","rbf","low_dim","x2","u","0.0031699759226578","0.0981937150625451","13.0","","","0.2318028999725356","","{""u"": 0.11380862202514154}","","","","","","","0.999**2 * RBF(length_scale=0.0346) + WhiteKernel(noise_level=2.53e-07)","","","","","","","","","","","","","","","","",""
"","","","","","","","","","","","","","","","3.0","0.0","1.64","2.2","","","","","","","","","","","","","","","","","",""
"","","","","","","","","","","","","","","","11.0","0.5003818664186679","2.48","2.2","","","","","","","","","","","","","","","","","",""
"","","","","","","","","","","","","","","","19.0","1.588855203878302","2.86","2.18","","","","","","","","","","","","","","","","","",""
"","","","","","","","","","","","","","","","27.0","1.102742760980774","2.82","2.22","","","","","","","","","","","","","","","","","",""
"","","","","","","","","","","","","","","","35.0","-1.0991712400376326","0.5","2.12","","","","","","","","","","","","","","","","","",""
"","","","","","","","","","","","","","","","43.0","-0.7993348603550983","0.58","2.18","","","","","","","","","","","","","","","","","",""
"","","","","","","","","","","","","","","","51.0","1.4942137815850476","2.92","2.28","","","","","","","","","","","","","","","","","",""
"","","","","","","","","","","","","","","","59.0","-1.978938781737701","0.42","2.2","","","","","","","","","","","","","","","","","",""
"","","","","","","","","","","","","","","","67.0","1.2849136735310651","2.92","2.24","","","","","","","","","","","","","","","","","",""
"","","","","","","","","","","","","","","","75.0","1.188277715008185","2.86","2.18","","","","","","","","","","","","","","","","","",""
"","","","","","","","","","","","","","","","83.0","-0.1282601886251169","1.34","2.22","","","","","","","","","","","","","","","","","",""
"","","","","","","","","","","","","","","","91.0","-0.7878702927227459","0.6","2.18","","","","","","","","","","","","","","","","","",""
"","","","","","","","","","","","","","","","99.0","-0.8862975515969067","0.46","2.24","","","","","","","","","","","","","","","","","",""
"gp_rbf","rbf","low_dim","x1","u","1.593873939229086","0.7373574352043656","13.0","","","0.234353500069119","","{""u"": 0.11380862202514154}","","","","","","","0.958**2 * RBF(length_scale=1.13) + WhiteKernel(noise_level=0.0251)","","","","","","","","","","","","","","","","",""
"gp_rbf","rbf","low_dim","x2","u","-0.0007575241054095","0.0006881162437454","13.0","","","0.234353500069119","","{""u"": 0.11380862202514154}","","","","","","","0.0316**2 * RBF(length_scale=0.0696) + WhiteKernel(noise_level=0.999)","","","","","","","","","","","","","","","","",""
"","","","","","","","","","","","","","","","3.0","0.0","1.6193433828995651","2.101569438034879","","","","","","","","","","","","","","","","","",""
"","","","","","","","","","","","","","","","11.0","0.5003818664186679","2.376601888479481","2.12066623447641","","","","","","","","","","","","","","","","","",""
"","","","","","","","","","","","","","","","19.0","1.588855203878302","2.574671582075375","2.06491152395027","","","","","","","","","","","","","","","","","",""
"","","","","","","","","","","","","","","","27.0","1.102742760980774","2.550872911865224","2.0623819814802733","","","","","","","","","","","","","","","","","",""
"","","","","","","","","","","","","","","","35.0","-1.0991712400376326","0.1985660547613134","2.054132968734134","","","","","","","","","","","","","","","","","",""
"","","","","","","","","","","","","","","","43.0","-0.7993348603550983","0.3180926993257082","2.005903583175678","","","","","","","","","","","","","","","","","",""
"","","","","","","","","","","","","","","","51.0","1.4942137815850476","2.58616452823972","2.001578929600477","","","","","","","","","","","","","","","","","",""
"","","","","","","","","","","","","","","","59.0","-1.978938781737701","0.031359387451923","2.001456754361408","","","","","","","","","","","","","","","","","",""
"","","","","","","","","","","","","","","","67.0","1.2849136735310651","2.3851312193128145","1.9662811046737985","","","","","","","","","","","","","","","","","",""
"","","","","","","","","","","","","","","","75.0","1.188277715008185","2.512650195491174","1.909300470706755","","","","","","","","","","","","","","","","","",""
"","","","","","","","","","","","","","","","83.0","-0.1282601886251169","0.997964389242972","1.8033459977296096","","","","","","","","","","","","","","","","","",""
"","","","","","","","","","","","","","","","91.0","-0.7878702927227459","0.0762406782628752","1.7690185076896472","","","","","","","","","","","","","","","","","",""
"","","","","","","","","","","","","","","","99.0","-0.8862975515969067","0.080978028173449","1.822453622902716","","","","","","","","","","","","","","","","","",""
"gp_rbf","rbf","low_dim","x1","u","1.9987242788452624","0.6900555917791958","13.0","","","0.1817797999829054","","{""u"": 0.11380862202514154}","","","","","","","0.943**2 * RBF(length_scale=0.809) + WhiteKernel(noise_level=0.00236)","","","","","","","","","","","","","","","","",""
"gp_rbf","rbf","low_dim","x2","u","3.085129582836242e-08","0.5981692685651531","13.0","","","0.1817797999829054","","{""u"": 0.11380862202514154}","","","","","","","1.02**2 * RBF(length_scale=0.0201) + WhiteKernel(noise_level=2.53e-07)","","","","","","","","","","","","","","","","",""
"","","","","","","","","","","","","","","","3.0","0.0","1.6428672729603864","2.1996204746950307","","","","","","","","","","","","","","","","","",""
"","","","","","","","","","","","","","","","11.0","0.5003818664186679","2.4963104082570227","2.210282933741151","","","","","","","","","","","","","","","","","",""
"","","","","","","","","","","","","","","","19.0","1.588855203878302","2.9012497729212536","2.194966830962329","","","","","","","","","","","","","","","","","",""
"","","","","","","","","","","","","","","","27.0","1.102742760980774","2.870464690044279","2.2267513197551843","","","","","","","","","","","","","","","","","",""
"","","","","","","","","","","","","","","","35.0","-1.0991712400376326","0.5007796066090762","2.119738117700402","","","","","","","","","","","","","","","","","",""
"","","","","","","","","","","","","","","","43.0","-0.7993348603550983","0.5715526039364491","2.181691660148405","","","","","","","","","","","","","","","","","",""
"","","","","","","","","","","","","","","","51.0","1.4942137815850476","2.9266281436554467","2.289225174126824","","","","","","","","","","","","","","","","","",""
"","","","","","","","","","","","","","","","59.0","-1.978938781737701","0.3916034115545212","2.181603038452016","","","","","","","","","","","","","","","","","",""
"","","","","","","","","","","","","","","","67.0","1.2849136735310651","2.8874130519439394","2.2315299900515644","","","","","","","","","","","","","","","","","",""
"","","","","","","","","","","","","","","","75.0","1.188277715008185","2.797953946604808","2.160794291927284","","","","","","","","","","","","","","","","","",""
"","","","","","","","","","","","","","","","83.0","-0.1282601886251169","1.268597535691603","2.203258770697638","","","","","","","","","","","","","","","","","",""
"","","","","","","","","","","","","","","","91.0","-0.7878702927227459","0.5364954371302191","2.161786998145946","","","","","","","","","","","","","","","","","",""
"","","","","","","","","","","","","","","","99.0","-0.8862975515969067","0.4490777951598964","2.234460621633892","","","","","","","","","","","","","","","","","",""
"gp_rbf","rbf","low_dim","x1","u","1.999973631533209","0.6940895284456908","13.0","","","0.1817802999867126","","{""u"": 0.11380862202514154}","","","","","","","0.943**2 * RBF(length_scale=0.813) + WhiteKernel(noise_level=0.00272)","","","","","","","","","","","","","","","","",""
"gp_rbf","rbf","low_dim","x2","u","3.354998466791013e-65","0.6023669386807391","13.0","","","0.1817802999867126","","{""u"": 0.11380862202514154}","","","","","","","1.01**2 * RBF(length_scale=0.0198) + WhiteKernel(noise_level=2.53e-07)","","","","","","","","","","","","","","","","",""
"","","","","","","","","","","","","","","","3.0","0.0","1.64","2.2","","","","","","","","","","","","","","","","","",""
"","","","","","","","","","","","","","","","11.0","0.5003818664186679","2.5","2.22","","","","","","","","","","","","","","","","","",""
"","","","","","","","","","","","","","","","19.0","1.588855203878302","2.9","2.2","","","","","","","","","","","","","","","","","",""
"","","","","","","","","","","","","","","","27.0","1.102742760980774","2.88","2.22","","","","","","","","","","","","","","","","","",""
"","","","","","","","","","","","","","","","35.0","-1.0991712400376326","0.5","2.12","","","","","","","","","","","","","","","","","",""
"","","","","","","","","","","","","","","","43.0","-0.7993348603550983","0.58","2.18","","","","","","","","","","","","","","","","","",""
"","","","","","","","","","","","","","","","51.0","1.4942137815850476","2.92","2.28","","","","","","","","","","","","","","","","","",""
"","","","","","","","","","","","","","","","59.0","-1.978938781737701","0.4","2.18","","","","","","","","","","","","","","","","","",""
"","","","","","","","","","","","","","","","67.0","1.2849136735310651","2.88","2.24","","","","","","","","","","","","","","","","","",""
"","","","","","","","","","","","","","","","75.0","1.188277715008185","2.8000000000000003","2.16","","","","","","","","","","","","","","","","","",""
"","","","","","","","","","","","","","","","83.0","-0.1282601886251169","1.26","2.2","","","","","","","","","","","","","","","","","",""
"","","","","","","","","","","","","","","","91.0","-0.7878702927227459","0.54","2.16","","","","","","","","","","","","","","","","","",""
"","","","","","","","","","","","","","","","99.0","-0.8862975515969067","0.44","2.24","","","","","","","","","","","","","","","","","",""
"gp_rbf","rbf","low_dim","x1","u","2.201832714512087","0.8090569391915581","13.0","","","0.1631710000801831","","{""u"": 0.11380862202514154}","","","","","","","0.969**2 * RBF(length_scale=0.719) + WhiteKernel(noise_level=0.0201)","","","","","","","","","","","","","","","","",""
"gp_rbf","rbf","low_dim","x2","u","-0.000793811048594","0.0007689790139517","13.0","","","0.1631710000801831","","{""u"": 0.11380862202514154}","","","","","","","0.0316**2 * RBF(length_scale=0.0659) + WhiteKernel(noise_level=0.999)","","","","","","","","","","","","","","","","",""
"","","","","","","","","","","","","","","","3.0","0.0","1.620089331215548","2.101674064897982","","","","","","","","","","","","","","","","","",""
"","","","","","","","","","","","","","","","11.0","0.5003818664186679","2.3879456084787014","2.123152659822272","","","","","","","","","","","","","","","","","",""
"","","","","","","","","","","","","","","","19.0","1.588855203878302","2.6211565798623657","2.079733206446009","","","","","","","","","","","","","","","","","",""
"","","","","","","","","","","","","","","","27.0","1.102742760980774","2.594607711826505","2.0791241122223445","","","","","","","","","","","","","","","","","",""
"","","","","","","","","","","","","","","","35.0","-1.0991712400376326","0.2057630166991126","2.056118672178692","","","","","","","","","","","","","","","","","",""
"","","","","","","","","","","","","","","","43.0","-0.7993348603550983","0.3194103587565682","2.006170388352136","","","","","","","","","","","","","","","","","",""
"","","","","","","","","","","","","","","","51.0","1.4942137815850476","2.597508269511489","2.004065362686493","","","","","","","","","","","","","","","","","",""
"","","","","","","","","","","","","","","","59.0","-1.978938781737701","0.0112697167939403","1.990736729737948","","","","","","","","","","","","","","","","","",""
"","","","","","","","","","","","","","","","67.0","1.2849136735310651","2.3622161791079552","1.957450030179148","","","","","","","","","","","","","","","","","",""
"","","","","","","","","","","","","","","","75.0","1.188277715008185","2.453197314465801","1.885712967411305","","","","","","","","","","","","","","","","","",""
"","","","","","","","","","","","","","","","83.0","-0.1282601886251169","0.9326322057105564","1.7780395961659876","","","","","","","","","","","","","","","","","",""
"","","","","","","","","","","","","","","","91.0","-0.7878702927227459","0.0209345765713679","1.7459317340355844","","","","","","","","","","","","","","","","","",""
"","","","","","","","","","","","","","","","99.0","-0.8862975515969067","0.0608131829979556","1.811702098658745","","","","","","","","","","","","","","","","","",""
"lsr_basis","graph_control","low_dim","x1","u","1.228545165491476","0.2458783733586237","13.0","True","[""u_before"", ""x1_before""]","0.0701560999987123","linear,square,cube,tanh,signed_log1p","","","","","","","","","1.0","","","","","","","","","","","","","","","",""
"lsr_basis","graph_control","low_dim","x2","u","0.0","0.0","13.0","False","[""u_before"", ""x2_before""]","0.0701560999987123","","","","","","","","","","","","","","","","","","","","","","","","","",""
"lsr_basis","graph_zero","low_dim","x1","u","1.227278820406561","0.2494460667415577","13.0","True","[""x1_before"", ""x2_before"", ""u_before""]","0.054043799998908","linear,square,cube,tanh,signed_log1p","","","1.227278820406561","","","","","","1.0","","","","","","","","","","","","","","","",""
"lsr_basis","graph_zero","low_dim","x2","u","0.0","0.1873854135670218","13.0","False","[""x1_before"", ""x2_before"", ""u_before""]","0.054043799998908","linear,square,cube,tanh,signed_log1p","","","0.0315072303468217","","","","","","1.0","","","","","","","","","","","","","","","",""
"lsr_basis","pure","low_dim","x1","u","1.227278820406561","0.2494460667415577","13.0","","[""x1_before"", ""x2_before"", ""u_before""]","0.0409103000001778","linear,square,cube,tanh,signed_log1p","","","","","","","","","1.0","","","","","","","","","","","","","","","",""
"lsr_basis","pure","low_dim","x2","u","0.0315072303468217","0.1873854135670218","13.0","","[""x1_before"", ""x2_before"", ""u_before""]","0.0409103000001778","linear,square,cube,tanh,signed_log1p","","","","","","","","","1.0","","","","","","","","","","","","","","","",""
"lsr_basis","graph_control","low_dim","x1","u","1.2291886773678429","0.2531234273458648","13.0","True","[""u_before"", ""x1_before""]","0.0384803999986615","linear,square,cube,tanh,signed_log1p","","","","","","","","","1.0","","","","","","","","","","","","","","","",""
"lsr_basis","graph_control","low_dim","x2","u","0.0","0.0","13.0","False","[""u_before"", ""x2_before""]","0.0384803999986615","","","","","","","","","","","","","","","","","","","","","","","","","",""
"lsr_basis","graph_zero","low_dim","x1","u","1.2290332394637622","0.2536570528179985","13.0","True","[""x1_before"", ""x2_before"", ""u_before""]","0.040536599999541","linear,square,cube,tanh,signed_log1p","","","1.2290332394637622","","","","","","1.0","","","","","","","","","","","","","","","",""
"lsr_basis","graph_zero","low_dim","x2","u","0.0","0.1721982775056","13.0","False","[""x1_before"", ""x2_before"", ""u_before""]","0.040536599999541","linear,square,cube,tanh,signed_log1p","","","0.0481013008672104","","","","","","1.0","","","","","","","","","","","","","","","",""
"lsr_basis","pure","low_dim","x1","u","1.2290332394637622","0.2536570528179985","13.0","","[""x1_before"", ""x2_before"", ""u_before""]","0.0377174999994167","linear,square,cube,tanh,signed_log1p","","","","","","","","","1.0","","","","","","","","","","","","","","","",""
"lsr_basis","pure","low_dim","x2","u","0.0481013008672104","0.1721982775056","13.0","","[""x1_before"", ""x2_before"", ""u_before""]","0.0377174999994167","linear,square,cube,tanh,signed_log1p","","","","","","","","","1.0","","","","","","","","","","","","","","","",""
"lsr_basis","graph_control","low_dim","x1","u","1.1975659404227976","0.3356271247404564","13.0","True","[""u_before"", ""x1_before"", ""x2_before""]","0.0338174000025901","linear,square,cube,tanh,signed_log1p","","","","","","","","","1.0","","","","","","","","","","","","","","","",""
"lsr_basis","graph_control","low_dim","x2","u","0.0","0.0","13.0","False","[""u_before"", ""x2_before""]","0.0338174000025901","","","","","","","","","","","","","","","","","","","","","","","","","",""
"lsr_basis","graph_zero","low_dim","x1","u","1.1975659404227958","0.3356271247404557","13.0","True","[""x1_before"", ""x2_before"", ""u_before""]","0.040973600000143","linear,square,cube,tanh,signed_log1p","","","1.1975659404227958","","","","","","1.0","","","","","","","","","","","","","","","",""
"lsr_basis","graph_zero","low_dim","x2","u","0.0","0.1900205753459948","13.0","False","[""x1_before"", ""x2_before"", ""u_before""]","0.040973600000143","linear,square,cube,tanh,signed_log1p","","","0.0005035640157667","","","","","","1.0","","","","","","","","","","","","","","","",""
"lsr_basis","pure","low_dim","x1","u","1.1975659404227958","0.3356271247404557","13.0","","[""x1_before"", ""x2_before"", ""u_before""]","0.0392044999989593","linear,square,cube,tanh,signed_log1p","","","","","","","","","1.0","","","","","","","","","","","","","","","",""
"lsr_basis","pure","low_dim","x2","u","0.0005035640157667","0.1900205753459948","13.0","","[""x1_before"", ""x2_before"", ""u_before""]","0.0392044999989593","linear,square,cube,tanh,signed_log1p","","","","","","","","","1.0","","","","","","","","","","","","","","","",""
"lsr_basis","graph_control","low_dim","x1","u","1.259986226255796","0.2407157637856076","13.0","True","[""u_before"", ""x1_before""]","0.0494221999979345","linear,square,cube,tanh,signed_log1p","","","","","","","","","1.0","","","","","","","","","","","","","","","",""
"lsr_basis","graph_control","low_dim","x2","u","0.0","0.0","13.0","False","[""u_before"", ""x2_before""]","0.0494221999979345","","","","","","","","","","","","","","","","","","","","","","","","","",""
"lsr_basis","graph_zero","low_dim","x1","u","1.256326744943276","0.2502021450611509","13.0","True","[""x1_before"", ""x2_before"", ""u_before""]","0.0516258999996352","linear,square,cube,tanh,signed_log1p","","","1.256326744943276","","","","","","1.0","","","","","","","","","","","","","","","",""
"lsr_basis","graph_zero","low_dim","x2","u","0.0","0.2006502689195069","13.0","False","[""x1_before"", ""x2_before"", ""u_before""]","0.0516258999996352","linear,square,cube,tanh,signed_log1p","","","0.0215985782442593","","","","","","1.0","","","","","","","","","","","","","","","",""
"lsr_basis","pure","low_dim","x1","u","1.256326744943276","0.2502021450611509","13.0","","[""x1_before"", ""x2_before"", ""u_before""]","0.0481232000001909","linear,square,cube,tanh,signed_log1p","","","","","","","","","1.0","","","","","","","","","","","","","","","",""
"lsr_basis","pure","low_dim","x2","u","0.0215985782442593","0.2006502689195069","13.0","","[""x1_before"", ""x2_before"", ""u_before""]","0.0481232000001909","linear,square,cube,tanh,signed_log1p","","","","","","","","","1.0","","","","","","","","","","","","","","","",""
"lsr_basis","graph_control","low_dim","x1","u","1.2592700229818126","0.2398099567632706","13.0","True","[""u_before"", ""x1_before""]","0.0321937999979127","linear,square,cube,tanh,signed_log1p","","","","","","","","","1.0","","","","","","","","","","","","","","","",""
"lsr_basis","graph_control","low_dim","x2","u","0.0","0.0","13.0","False","[""u_before"", ""x2_before""]","0.0321937999979127","","","","","","","","","","","","","","","","","","","","","","","","","",""
"lsr_basis","graph_zero","low_dim","x1","u","1.2606381740198995","0.241850830611036","13.0","True","[""x1_before"", ""x2_before"", ""u_before""]","0.0371467000004486","linear,square,cube,tanh,signed_log1p","","","1.2606381740198995","","","","","","1.0","","","","","","","","","","","","","","","",""
"lsr_basis","graph_zero","low_dim","x2","u","0.0","0.262431707137631","13.0","False","[""x1_before"", ""x2_before"", ""u_before""]","0.0371467000004486","linear,square,cube,tanh,signed_log1p","","","0.0333371652854186","","","","","","1.0","","","","","","","","","","","","","","","",""
"lsr_basis","pure","low_dim","x1","u","1.2606381740198995","0.241850830611036","13.0","","[""x1_before"", ""x2_before"", ""u_before""]","0.0425082999990991","linear,square,cube,tanh,signed_log1p","","","","","","","","","1.0","","","","","","","","","","","","","","","",""
"lsr_basis","pure","low_dim","x2","u","0.0333371652854186","0.262431707137631","13.0","","[""x1_before"", ""x2_before"", ""u_before""]","0.0425082999990991","linear,square,cube,tanh,signed_log1p","","","","","","","","","1.0","","","","","","","","","","","","","","","",""
"lsr_basis","graph_control","low_dim","x1","u","1.243903659472939","0.316315462415547","13.0","True","[""u_before"", ""x1_before"", ""x2_before""]","0.0539145000002463","linear,square,cube,tanh,signed_log1p","","","","","","","","","1.0","","","","","","","","","","","","","","","",""
"lsr_basis","graph_control","low_dim","x2","u","0.0","0.0","13.0","False","[""u_before"", ""x2_before""]","0.0539145000002463","","","","","","","","","","","","","","","","","","","","","","","","","",""
"lsr_basis","graph_zero","low_dim","x1","u","1.2439036594729411","0.3163154624155482","13.0","True","[""x1_before"", ""x2_before"", ""u_before""]","0.0383674999993672","linear,square,cube,tanh,signed_log1p","","","1.2439036594729411","","","","","","1.0","","","","","","","","","","","","","","","",""
"lsr_basis","graph_zero","low_dim","x2","u","0.0","0.1923367018260413","13.0","False","[""x1_before"", ""x2_before"", ""u_before""]","0.0383674999993672","linear,square,cube,tanh,signed_log1p","","","0.035516711510432","","","","","","1.0","","","","","","","","","","","","","","","",""
"lsr_basis","pure","low_dim","x1","u","1.2439036594729411","0.3163154624155482","13.0","","[""x1_before"", ""x2_before"", ""u_before""]","0.0349214000016218","linear,square,cube,tanh,signed_log1p","","","","","","","","","1.0","","","","","","","","","","","","","","","",""
"lsr_basis","pure","low_dim","x2","u","0.035516711510432","0.1923367018260413","13.0","","[""x1_before"", ""x2_before"", ""u_before""]","0.0349214000016218","linear,square,cube,tanh,signed_log1p","","","","","","","","","1.0","","","","","","","","","","","","","","","",""
"lsr_basis","graph_control","low_dim","x1","u","1.2317906196488568","0.2387847249034837","13.0","True","[""u_before"", ""x1_before""]","0.0334430000002612","linear,square,cube,tanh,signed_log1p","","","","","","","","","1.0","","","","","","","","","","","","","","","",""
"lsr_basis","graph_control","low_dim","x2","u","0.0","0.0","13.0","False","[""u_before"", ""x2_before""]","0.0334430000002612","","","","","","","","","","","","","","","","","","","","","","","","","",""
"lsr_basis","graph_zero","low_dim","x1","u","1.2340842396715188","0.2469715325976058","13.0","True","[""x1_before"", ""x2_before"", ""u_before""]","0.0418257999990601","linear,square,cube,tanh,signed_log1p","","","1.2340842396715188","","","","","","1.0","","","","","","","","","","","","","","","",""
"lsr_basis","graph_zero","low_dim","x2","u","0.0","0.1938231251027781","13.0","False","[""x1_before"", ""x2_before"", ""u_before""]","0.0418257999990601","linear,square,cube,tanh,signed_log1p","","","0.0053428699988645","","","","","","1.0","","","","","","","","","","","","","","","",""
"lsr_basis","pure","low_dim","x1","u","1.2340842396715188","0.2469715325976058","13.0","","[""x1_before"", ""x2_before"", ""u_before""]","0.0390597999994497","linear,square,cube,tanh,signed_log1p","","","","","","","","","1.0","","","","","","","","","","","","","","","",""
"lsr_basis","pure","low_dim","x2","u","0.0053428699988645","0.1938231251027781","13.0","","[""x1_before"", ""x2_before"", ""u_before""]","0.0390597999994497","linear,square,cube,tanh,signed_log1p","","","","","","","","","1.0","","","","","","","","","","","","","","","",""
"lsr_basis","graph_control","low_dim","x1","u","1.2433045070696918","0.2425277341971545","13.0","True","[""u_before"", ""x1_before""]","0.0341521999980614","linear,square,cube,tanh,signed_log1p","","","","","","","","","1.0","","","","","","","","","","","","","","","",""
"lsr_basis","graph_control","low_dim","x2","u","0.0","0.0","13.0","False","[""u_before"", ""x2_before""]","0.0341521999980614","","","","","","","","","","","","","","","","","","","","","","","","","",""
"lsr_basis","graph_zero","low_dim","x1","u","1.2464822418018573","0.2462639762102613","13.0","True","[""x1_before"", ""x2_before"", ""u_before""]","0.0333148000008804","linear,square,cube,tanh,signed_log1p","","","1.2464822418018573","","","","","","1.0","","","","","","","","","","","","","","","",""
"lsr_basis","graph_zero","low_dim","x2","u","0.0","0.2346983643752922","13.0","False","[""x1_before"", ""x2_before"", ""u_before""]","0.0333148000008804","linear,square,cube,tanh,signed_log1p","","","0.0053139220913411","","","","","","1.0","","","","","","","","","","","","","","","",""
"lsr_basis","pure","low_dim","x1","u","1.2464822418018573","0.2462639762102613","13.0","","[""x1_before"", ""x2_before"", ""u_before""]","0.0395195000000967","linear,square,cube,tanh,signed_log1p","","","","","","","","","1.0","","","","","","","","","","","","","","","",""
"lsr_basis","pure","low_dim","x2","u","0.0053139220913411","0.2346983643752922","13.0","","[""x1_before"", ""x2_before"", ""u_before""]","0.0395195000000967","linear,square,cube,tanh,signed_log1p","","","","","","","","","1.0","","","","","","","","","","","","","","","",""
"lsr_basis","graph_control","low_dim","x1","u","1.1906595035173155","0.3056624006861902","13.0","True","[""u_before"", ""x1_before""]","0.0321020999981556","linear,square,cube,tanh,signed_log1p","","","","","","","","","1.0","","","","","","","","","","","","","","","",""
"lsr_basis","graph_control","low_dim","x2","u","0.0","0.0","13.0","False","[""u_before"", ""x2_before""]","0.0321020999981556","","","","","","","","","","","","","","","","","","","","","","","","","",""
"lsr_basis","graph_zero","low_dim","x1","u","1.2141230082264995","0.3107027512559275","13.0","True","[""x1_before"", ""x2_before"", ""u_before""]","0.0380894999998417","linear,square,cube,tanh,signed_log1p","","","1.2141230082264995","","","","","","1.0","","","","","","","","","","","","","","","",""
"lsr_basis","graph_zero","low_dim","x2","u","0.0","0.1937163685981726","13.0","False","[""x1_before"", ""x2_before"", ""u_before""]","0.0380894999998417","linear,square,cube,tanh,signed_log1p","","","0.026451352706395","","","","","","1.0","","","","","","","","","","","","","","","",""
"lsr_basis","pure","low_dim","x1","u","1.2141230082264995","0.3107027512559275","13.0","","[""x1_before"", ""x2_before"", ""u_before""]","0.0516078000000561","linear,square,cube,tanh,signed_log1p","","","","","","","","","1.0","","","","","","","","","","","","","","","",""
"lsr_basis","pure","low_dim","x2","u","0.026451352706395","0.1937163685981726","13.0","","[""x1_before"", ""x2_before"", ""u_before""]","0.0516078000000561","linear,square,cube,tanh,signed_log1p","","","","","","","","","1.0","","","","","","","","","","","","","","","",""
"lsr_basis","graph_control","low_dim","x1","u","1.237681320239555","0.2671069705930107","13.0","True","[""u_before"", ""x1_before""]","0.0324953000017558","linear,square,cube,tanh,signed_log1p","","","","","","","","","1.0","","","","","","","","","","","","","","","",""
"lsr_basis","graph_control","low_dim","x2","u","0.0","0.0","13.0","False","[""u_before"", ""x2_before""]","0.0324953000017558","","","","","","","","","","","","","","","","","","","","","","","","","",""
"lsr_basis","graph_zero","low_dim","x1","u","1.2326986246758376","0.2748930712652987","13.0","True","[""x1_before"", ""x2_before"", ""u_before""]","0.0581906000006711","linear,square,cube,tanh,signed_log1p","","","1.2326986246758376","","","","","","1.0","","","","","","","","","","","","","","","",""
"lsr_basis","graph_zero","low_dim","x2","u","0.0","0.1653381140780013","13.0","False","[""x1_before"", ""x2_before"", ""u_before""]","0.0581906000006711","linear,square,cube,tanh,signed_log1p","","","0.0015793372058456","","","","","","1.0","","","","","","","","","","","","","","","",""
"lsr_basis","pure","low_dim","x1","u","1.2326986246758376","0.2748930712652987","13.0","","[""x1_before"", ""x2_before"", ""u_before""]","0.0414807999986805","linear,square,cube,tanh,signed_log1p","","","","","","","","","1.0","","","","","","","","","","","","","","","",""
"lsr_basis","pure","low_dim","x2","u","0.0015793372058456","0.1653381140780013","13.0","","[""x1_before"", ""x2_before"", ""u_before""]","0.0414807999986805","linear,square,cube,tanh,signed_log1p","","","","","","","","","1.0","","","","","","","","","","","","","","","",""
"lsr_basis","graph_control","low_dim","x1","u","1.248474421894392","0.2723841687056971","13.0","True","[""u_before"", ""x1_before""]","0.0321284999990894","linear,square,cube,tanh,signed_log1p","","","","","","","","","1.0","","","","","","","","","","","","","","","",""
"lsr_basis","graph_control","low_dim","x2","u","0.0","0.0","13.0","False","[""u_before"", ""x2_before""]","0.0321284999990894","","","","","","","","","","","","","","","","","","","","","","","","","",""
"lsr_basis","graph_zero","low_dim","x1","u","1.2486340455334446","0.2804452780687748","13.0","True","[""x1_before"", ""x2_before"", ""u_before""]","0.0531692000004113","linear,square,cube,tanh,signed_log1p","","","1.2486340455334446","","","","","","1.0","","","","","","","","","","","","","","","",""
"lsr_basis","graph_zero","low_dim","x2","u","0.0","0.1507027398289327","13.0","False","[""x1_before"", ""x2_before"", ""u_before""]","0.0531692000004113","linear,square,cube,tanh,signed_log1p","","","0.0013698737490856","","","","","","1.0","","","","","","","","","","","","","","","",""
"lsr_basis","pure","low_dim","x1","u","1.2486340455334446","0.2804452780687748","13.0","","[""x1_before"", ""x2_before"", ""u_before""]","0.0468380000002071","linear,square,cube,tanh,signed_log1p","","","","","","","","","1.0","","","","","","","","","","","","","","","",""
"lsr_basis","pure","low_dim","x2","u","0.0013698737490856","0.1507027398289327","13.0","","[""x1_before"", ""x2_before"", ""u_before""]","0.0468380000002071","linear,square,cube,tanh,signed_log1p","","","","","","","","","1.0","","","","","","","","","","","","","","","",""
"lsr_basis","graph_control","low_dim","x1","u","1.1698841785327634","0.3563253103192536","13.0","True","[""u_before"", ""x1_before"", ""x2_before""]","0.0327010000000882","linear,square,cube,tanh,signed_log1p","","","","","","","","","1.0","","","","","","","","","","","","","","","",""
"lsr_basis","graph_control","low_dim","x2","u","0.0","0.0","13.0","False","[""u_before"", ""x2_before""]","0.0327010000000882","","","","","","","","","","","","","","","","","","","","","","","","","",""
"lsr_basis","graph_zero","low_dim","x1","u","1.1698841785327647","0.3563253103192543","13.0","True","[""x1_before"", ""x2_before"", ""u_before""]","0.0344303000001673","linear,square,cube,tanh,signed_log1p","","","1.1698841785327647","","","","","","1.0","","","","","","","","","","","","","","","",""
"lsr_basis","graph_zero","low_dim","x2","u","0.0","0.2089127507561412","13.0","False","[""x1_before"", ""x2_before"", ""u_before""]","0.0344303000001673","linear,square,cube,tanh,signed_log1p","","","0.0200625648288757","","","","","","1.0","","","","","","","","","","","","","","","",""
"lsr_basis","pure","low_dim","x1","u","1.1698841785327647","0.3563253103192543","13.0","","[""x1_before"", ""x2_before"", ""u_before""]","0.039924400000018","linear,square,cube,tanh,signed_log1p","","","","","","","","","1.0","","","","","","","","","","","","","","","",""
"lsr_basis","pure","low_dim","x2","u","0.0200625648288757","0.2089127507561412","13.0","","[""x1_before"", ""x2_before"", ""u_before""]","0.039924400000018","linear,square,cube,tanh,signed_log1p","","","","","","","","","1.0","","","","","","","","","","","","","","","",""
"lsr_basis","graph_control","low_dim","x1","u","1.2490945699151097","0.2387253056585735","13.0","True","[""u_before"", ""x1_before""]","0.0365172999991045","linear,square,cube,tanh,signed_log1p","","","","","","","","","1.0","","","","","","","","","","","","","","","",""
"lsr_basis","graph_control","low_dim","x2","u","0.0","0.0","13.0","False","[""u_before"", ""x2_before""]","0.0365172999991045","","","","","","","","","","","","","","","","","","","","","","","","","",""
"lsr_basis","graph_zero","low_dim","x1","u","1.2548489083063377","0.2485308300562284","13.0","True","[""x1_before"", ""x2_before"", ""u_before""]","0.0446757000026991","linear,square,cube,tanh,signed_log1p","","","1.2548489083063377","","","","","","1.0","","","","","","","","","","","","","","","",""
"lsr_basis","graph_zero","low_dim","x2","u","0.0","0.1826435016872936","13.0","False","[""x1_before"", ""x2_before"", ""u_before""]","0.0446757000026991","linear,square,cube,tanh,signed_log1p","","","0.0499849888049695","","","","","","1.0","","","","","","","","","","","","","","","",""
"lsr_basis","pure","low_dim","x1","u","1.2548489083063377","0.2485308300562284","13.0","","[""x1_before"", ""x2_before"", ""u_before""]","0.0420068000003084","linear,square,cube,tanh,signed_log1p","","","","","","","","","1.0","","","","","","","","","","","","","","","",""
"lsr_basis","pure","low_dim","x2","u","0.0499849888049695","0.1826435016872936","13.0","","[""x1_before"", ""x2_before"", ""u_before""]","0.0420068000003084","linear,square,cube,tanh,signed_log1p","","","","","","","","","1.0","","","","","","","","","","","","","","","",""
"lsr_basis","graph_control","low_dim","x1","u","1.2489391257070006","0.2414925841537583","13.0","True","[""u_before"", ""x1_before""]","0.0330768999992869","linear,square,cube,tanh,signed_log1p","","","","","","","","","1.0","","","","","","","","","","","","","","","",""
"lsr_basis","graph_control","low_dim","x2","u","0.0","0.0","13.0","False","[""u_before"", ""x2_before""]","0.0330768999992869","","","","","","","","","","","","","","","","","","","","","","","","","",""
"lsr_basis","graph_zero","low_dim","x1","u","1.2498208526702588","0.2419009141863563","13.0","True","[""x1_before"", ""x2_before"", ""u_before""]","0.0352232000004733","linear,square,cube,tanh,signed_log1p","","","1.2498208526702588","","","","","","1.0","","","","","","","","","","","","","","","",""
"lsr_basis","graph_zero","low_dim","x2","u","0.0","0.236184151501112","13.0","False","[""x1_before"", ""x2_before"", ""u_before""]","0.0352232000004733","linear,square,cube,tanh,signed_log1p","","","0.036438619808191","","","","","","1.0","","","","","","","","","","","","","","","",""
"lsr_basis","pure","low_dim","x1","u","1.2498208526702588","0.2419009141863563","13.0","","[""x1_before"", ""x2_before"", ""u_before""]","0.0367927000006602","linear,square,cube,tanh,signed_log1p","","","","","","","","","1.0","","","","","","","","","","","","","","","",""
"lsr_basis","pure","low_dim","x2","u","0.036438619808191","0.236184151501112","13.0","","[""x1_before"", ""x2_before"", ""u_before""]","0.0367927000006602","linear,square,cube,tanh,signed_log1p","","","","","","","","","1.0","","","","","","","","","","","","","","","",""
"lsr_basis","graph_control","low_dim","x1","u","1.2232573175250248","0.3168764467005557","13.0","True","[""u_before"", ""x1_before"", ""x2_before""]","0.0352026000000478","linear,square,cube,tanh,signed_log1p","","","","","","","","","1.0","","","","","","","","","","","","","","","",""
"lsr_basis","graph_control","low_dim","x2","u","0.0","0.0","13.0","False","[""u_before"", ""x2_before""]","0.0352026000000478","","","","","","","","","","","","","","","","","","","","","","","","","",""
"lsr_basis","graph_zero","low_dim","x1","u","1.2232573175250252","0.3168764467005563","13.0","True","[""x1_before"", ""x2_before"", ""u_before""]","0.0371357000003627","linear,square,cube,tanh,signed_log1p","","","1.2232573175250252","","","","","","1.0","","","","","","","","","","","","","","","",""
"lsr_basis","graph_zero","low_dim","x2","u","0.0","0.1938199501135765","13.0","False","[""x1_before"", ""x2_before"", ""u_before""]","0.0371357000003627","linear,square,cube,tanh,signed_log1p","","","0.0387069179911658","","","","","","1.0","","","","","","","","","","","","","","","",""
"lsr_basis","pure","low_dim","x1","u","1.2232573175250252","0.3168764467005563","13.0","","[""x1_before"", ""x2_before"", ""u_before""]","0.0385710999998991","linear,square,cube,tanh,signed_log1p","","","","","","","","","1.0","","","","","","","","","","","","","","","",""
"lsr_basis","pure","low_dim","x2","u","0.0387069179911658","0.1938199501135765","13.0","","[""x1_before"", ""x2_before"", ""u_before""]","0.0385710999998991","linear,square,cube,tanh,signed_log1p","","","","","","","","","1.0","","","","","","","","","","","","","","","",""
"lsr_linear","graph_control","low_dim","x1","u","0.9126239976312828","0.0","13.0","True","[""u_before"", ""x1_before""]","0.0296416000001045","","","","","","","","","","","","","","","","","","","","","","","","","",""
"lsr_linear","graph_control","low_dim","x2","u","0.0","0.0","13.0","False","[""u_before"", ""x2_before""]","0.0296416000001045","","","","","","","","","","","","","","","","","","","","","","","","","",""
"lsr_linear","graph_zero","low_dim","x1","u","0.769444219018708","0.4646238447227194","13.0","True","[]","0.0429339000002073","","","","0.769444219018708","","","","","","","","","","","","","","","","","","","","","",""
"lsr_linear","graph_zero","low_dim","x2","u","0.0","0.4469612112748528","13.0","False","[]","0.0429339000002073","","","","0.1737030868418053","","","","","","","","","","","","","","","","","","","","","",""
"lsr_linear","pure","low_dim","x1","u","0.769444219018708","0.4646238447227194","13.0","","[]","0.0767745000011927","","","","","","","","","","","","","","","","","","","","","","","","","",""
"lsr_linear","pure","low_dim","x2","u","0.1737030868418053","0.4469612112748528","13.0","","[]","0.0767745000011927","","","","","","","","","","","","","","","","","","","","","","","","","",""
"lsr_linear","graph_control","low_dim","x1","u","0.9113915662562988","0.0","13.0","True","[""u_before"", ""x1_before""]","0.0322347999990597","","","","","","","","","","","","","","","","","","","","","","","","","",""
"lsr_linear","graph_control","low_dim","x2","u","0.0","0.0","13.0","False","[""u_before"", ""x2_before""]","0.0322347999990597","","","","","","","","","","","","","","","","","","","","","","","","","",""
"lsr_linear","graph_zero","low_dim","x1","u","0.752567270345166","0.4750372545925599","13.0","True","[]","0.033753900001102","","","","0.752567270345166","","","","","","","","","","","","","","","","","","","","","",""
"lsr_linear","graph_zero","low_dim","x2","u","0.0","0.4463705918586587","13.0","False","[]","0.033753900001102","","","","0.174861814594177","","","","","","","","","","","","","","","","","","","","","",""
"lsr_linear","pure","low_dim","x1","u","0.752567270345166","0.4750372545925599","13.0","","[]","0.0811828000005334","","","","","","","","","","","","","","","","","","","","","","","","","",""
"lsr_linear","pure","low_dim","x2","u","0.174861814594177","0.4463705918586587","13.0","","[]","0.0811828000005334","","","","","","","","","","","","","","","","","","","","","","","","","",""
"lsr_linear","graph_control","low_dim","x1","u","0.8647343915090098","0.0","13.0","True","[""u_before"", ""x1_before"", ""x2_before""]","0.0631936000008863","","","","","","","","","","","","","","","","","","","","","","","","","",""
"lsr_linear","graph_control","low_dim","x2","u","0.0","0.0","13.0","False","[""u_before"", ""x2_before""]","0.0631936000008863","","","","","","","","","","","","","","","","","","","","","","","","","",""
"lsr_linear","graph_zero","low_dim","x1","u","0.5849586076347666","0.685841614261069","13.0","True","[]","0.0352260999989084","","","","0.5849586076347666","","","","","","","","","","","","","","","","","","","","","",""
"lsr_linear","graph_zero","low_dim","x2","u","0.0","0.3865129454298986","13.0","False","[]","0.0352260999989084","","","","-0.1126581066586698","","","","","","","","","","","","","","","","","","","","","",""
"lsr_linear","pure","low_dim","x1","u","0.5849586076347666","0.685841614261069","13.0","","[]","0.0850876000004063","","","","","","","","","","","","","","","","","","","","","","","","","",""
"lsr_linear","pure","low_dim","x2","u","-0.1126581066586698","0.3865129454298986","13.0","","[]","0.0850876000004063","","","","","","","","","","","","","","","","","","","","","","","","","",""
"lsr_linear","graph_control","low_dim","x1","u","0.9252715413498948","0.0","13.0","True","[""u_before"", ""x1_before""]","0.063598800001273","","","","","","","","","","","","","","","","","","","","","","","","","",""
"lsr_linear","graph_control","low_dim","x2","u","0.0","0.0","13.0","False","[""u_before"", ""x2_before""]","0.063598800001273","","","","","","","","","","","","","","","","","","","","","","","","","",""
"lsr_linear","graph_zero","low_dim","x1","u","0.8053930837675243","0.4644740146003144","13.0","True","[]","0.0342615999998088","","","","0.8053930837675243","","","","","","","","","","","","","","","","","","","","","",""
"lsr_linear","graph_zero","low_dim","x2","u","0.0","0.4585536508584968","13.0","False","[]","0.0342615999998088","","","","0.1889264441544978","","","","","","","","","","","","","","","","","","","","","",""
"lsr_linear","pure","low_dim","x1","u","0.8053930837675243","0.4644740146003144","13.0","","[]","0.080953299999237","","","","","","","","","","","","","","","","","","","","","","","","","",""
"lsr_linear","pure","low_dim","x2","u","0.1889264441544978","0.4585536508584968","13.0","","[]","0.080953299999237","","","","","","","","","","","","","","","","","","","","","","","","","",""
"lsr_linear","graph_control","low_dim","x1","u","0.921871349212819","0.0","13.0","True","[""u_before"", ""x1_before""]","0.0242189000000507","","","","","","","","","","","","","","","","","","","","","","","","","",""
"lsr_linear","graph_control","low_dim","x2","u","0.0","0.0","13.0","False","[""u_before"", ""x2_before""]","0.0242189000000507","","","","","","","","","","","","","","","","","","","","","","","","","",""
"lsr_linear","graph_zero","low_dim","x1","u","0.7872030642685429","0.4650584082176614","13.0","True","[]","0.0403165999996417","","","","0.7872030642685429","","","","","","","","","","","","","","","","","","","","","",""
"lsr_linear","graph_zero","low_dim","x2","u","0.0","0.5087629369130885","13.0","False","[]","0.0403165999996417","","","","0.2003454266824882","","","","","","","","","","","","","","","","","","","","","",""
"lsr_linear","pure","low_dim","x1","u","0.7872030642685429","0.4650584082176614","13.0","","[]","0.0168991999998979","","","","","","","","","","","","","","","","","","","","","","","","","",""
"lsr_linear","pure","low_dim","x2","u","0.2003454266824882","0.5087629369130885","13.0","","[]","0.0168991999998979","","","","","","","","","","","","","","","","","","","","","","","","","",""
"lsr_linear","graph_control","low_dim","x1","u","0.8751435220706093","0.0","13.0","True","[""u_before"", ""x1_before"", ""x2_before""]","0.0253533999984938","","","","","","","","","","","","","","","","","","","","","","","","","",""
"lsr_linear","graph_control","low_dim","x2","u","0.0","0.0","13.0","False","[""u_before"", ""x2_before""]","0.0253533999984938","","","","","","","","","","","","","","","","","","","","","","","","","",""
"lsr_linear","graph_zero","low_dim","x1","u","0.6209074723835831","0.6243095282155396","13.0","True","[]","0.0420333999991271","","","","0.6209074723835831","","","","","","","","","","","","","","","","","","","","","",""
"lsr_linear","graph_zero","low_dim","x2","u","0.0","0.3846539624708863","13.0","False","[]","0.0420333999991271","","","","-0.0974347493459774","","","","","","","","","","","","","","","","","","","","","",""
"lsr_linear","pure","low_dim","x1","u","0.6209074723835831","0.6243095282155396","13.0","","[]","0.0170212000011815","","","","","","","","","","","","","","","","","","","","","","","","","",""
"lsr_linear","pure","low_dim","x2","u","-0.0974347493459774","0.3846539624708863","13.0","","[]","0.0170212000011815","","","","","","","","","","","","","","","","","","","","","","","","","",""
"lsr_linear","graph_control","low_dim","x1","u","0.9077529061735212","0.0","13.0","True","[""u_before"", ""x1_before""]","0.0267416999995475","","","","","","","","","","","","","","","","","","","","","","","","","",""
"lsr_linear","graph_control","low_dim","x2","u","0.0","0.0","13.0","False","[""u_before"", ""x2_before""]","0.0267416999995475","","","","","","","","","","","","","","","","","","","","","","","","","",""
"lsr_linear","graph_zero","low_dim","x1","u","0.7946602751756344","0.4605675491218315","13.0","True","[]","0.0326952000013989","","","","0.7946602751756344","","","","","","","","","","","","","","","","","","","","","",""
"lsr_linear","graph_zero","low_dim","x2","u","0.0","0.4444907626599466","13.0","False","[]","0.0326952000013989","","","","0.1857227365038755","","","","","","","","","","","","","","","","","","","","","",""
"lsr_linear","pure","low_dim","x1","u","0.7946602751756344","0.4605675491218315","13.0","","[]","0.0183278000004065","","","","","","","","","","","","","","","","","","","","","","","","","",""
"lsr_linear","pure","low_dim","x2","u","0.1857227365038755","0.4444907626599466","13.0","","[]","0.0183278000004065","","","","","","","","","","","","","","","","","","","","","","","","","",""
"lsr_linear","graph_control","low_dim","x1","u","0.9079553852095597","0.0","13.0","True","[""u_before"", ""x1_before""]","0.0275093999989621","","","","","","","","","","","","","","","","","","","","","","","","","",""
"lsr_linear","graph_control","low_dim","x2","u","0.0","0.0","13.0","False","[""u_before"", ""x2_before""]","0.0275093999989621","","","","","","","","","","","","","","","","","","","","","","","","","",""
"lsr_linear","graph_zero","low_dim","x1","u","0.8005021036510457","0.4684890100335638","13.0","True","[]","0.0363018000007286","","","","0.8005021036510457","","","","","","","","","","","","","","","","","","","","","",""
"lsr_linear","graph_zero","low_dim","x2","u","0.0","0.4710505220336974","13.0","False","[]","0.0363018000007286","","","","0.1788325505324503","","","","","","","","","","","","","","","","","","","","","",""
"lsr_linear","pure","low_dim","x1","u","0.8005021036510457","0.4684890100335638","13.0","","[]","0.0176974000005429","","","","","","","","","","","","","","","","","","","","","","","","","",""
"lsr_linear","pure","low_dim","x2","u","0.1788325505324503","0.4710505220336974","13.0","","[]","0.0176974000005429","","","","","","","","","","","","","","","","","","","","","","","","","",""
"lsr_linear","graph_control","low_dim","x1","u","0.907946260094092","0.0","13.0","True","[""u_before"", ""x1_before""]","0.0283300999999482","","","","","","","","","","","","","","","","","","","","","","","","","",""
"lsr_linear","graph_control","low_dim","x2","u","0.0","0.0","13.0","False","[""u_before"", ""x2_before""]","0.0283300999999482","","","","","","","","","","","","","","","","","","","","","","","","","",""
"lsr_linear","graph_zero","low_dim","x1","u","0.6101746637916938","0.6223666224939023","13.0","True","[]","0.0609911999999894","","","","0.6101746637916938","","","","","","","","","","","","","","","","","","","","","",""
"lsr_linear","graph_zero","low_dim","x2","u","0.0","0.4007406279918242","13.0","False","[]","0.0609911999999894","","","","-0.1006384569965992","","","","","","","","","","","","","","","","","","","","","",""
"lsr_linear","pure","low_dim","x1","u","0.6101746637916938","0.6223666224939023","13.0","","[]","0.0211951000001135","","","","","","","","","","","","","","","","","","","","","","","","","",""
"lsr_linear","pure","low_dim","x2","u","-0.1006384569965992","0.4007406279918242","13.0","","[]","0.0211951000001135","","","","","","","","","","","","","","","","","","","","","","","","","",""
"lsr_linear","graph_control","low_dim","x1","u","0.9185337305587632","0.0","13.0","True","[""u_before"", ""x1_before""]","0.0267879000002722","","","","","","","","","","","","","","","","","","","","","","","","","",""
"lsr_linear","graph_control","low_dim","x2","u","0.0","0.0","13.0","False","[""u_before"", ""x2_before""]","0.0267879000002722","","","","","","","","","","","","","","","","","","","","","","","","","",""
"lsr_linear","graph_zero","low_dim","x1","u","0.7229183835568076","0.5203705657287175","13.0","True","[]","0.0461648000000423","","","","0.7229183835568076","","","","","","","","","","","","","","","","","","","","","",""
"lsr_linear","graph_zero","low_dim","x2","u","0.0","0.4112156625363199","13.0","False","[]","0.0461648000000423","","","","0.1596057752028022","","","","","","","","","","","","","","","","","","","","","",""
"lsr_linear","pure","low_dim","x1","u","0.7229183835568076","0.5203705657287175","13.0","","[]","0.022971200000029","","","","","","","","","","","","","","","","","","","","","","","","","",""
"lsr_linear","pure","low_dim","x2","u","0.1596057752028022","0.4112156625363199","13.0","","[]","0.022971200000029","","","","","","","","","","","","","","","","","","","","","","","","","",""
"lsr_linear","graph_control","low_dim","x1","u","0.916450738287984","0.0","13.0","True","[""u_before"", ""x1_before""]","0.0290915000005043","","","","","","","","","","","","","","","","","","","","","","","","","",""
"lsr_linear","graph_control","low_dim","x2","u","0.0","0.0","13.0","False","[""u_before"", ""x2_before""]","0.0290915000005043","","","","","","","","","","","","","","","","","","","","","","","","","",""
"lsr_linear","graph_zero","low_dim","x1","u","0.7198169784215401","0.5310438688060705","13.0","True","[]","0.0370796000006521","","","","0.7198169784215401","","","","","","","","","","","","","","","","","","","","","",""
"lsr_linear","graph_zero","low_dim","x2","u","0.0","0.4013929507839416","13.0","False","[]","0.0370796000006521","","","","0.1439454103703426","","","","","","","","","","","","","","","","","","","","","",""
"lsr_linear","pure","low_dim","x1","u","0.7198169784215401","0.5310438688060705","13.0","","[]","0.0235032000000501","","","","","","","","","","","","","","","","","","","","","","","","","",""
"lsr_linear","pure","low_dim","x2","u","0.1439454103703426","0.4013929507839416","13.0","","[]","0.0235032000000501","","","","","","","","","","","","","","","","","","","","","","","","","",""
"lsr_linear","graph_control","low_dim","x1","u","0.8737063956072187","0.0","13.0","True","[""u_before"", ""x1_before"", ""x2_before""]","0.0259186000002955","","","","","","","","","","","","","","","","","","","","","","","","","",""
"lsr_linear","graph_control","low_dim","x2","u","0.0","0.0","13.0","False","[""u_before"", ""x2_before""]","0.0259186000002955","","","","","","","","","","","","","","","","","","","","","","","","","",""
"lsr_linear","graph_zero","low_dim","x1","u","0.5384327721728664","0.7178948665932139","13.0","True","[]","0.0327817999987019","","","","0.5384327721728664","","","","","","","","","","","","","","","","","","","","","",""
"lsr_linear","graph_zero","low_dim","x2","u","0.0","0.4196342304349562","13.0","False","[]","0.0327817999987019","","","","-0.1267554182976731","","","","","","","","","","","","","","","","","","","","","",""
"lsr_linear","pure","low_dim","x1","u","0.5384327721728664","0.7178948665932139","13.0","","[]","0.0177626999993663","","","","","","","","","","","","","","","","","","","","","","","","","",""
"lsr_linear","pure","low_dim","x2","u","-0.1267554182976731","0.4196342304349562","13.0","","[]","0.0177626999993663","","","","","","","","","","","","","","","","","","","","","","","","","",""
"lsr_linear","graph_control","low_dim","x1","u","0.9252742069238838","0.0","13.0","True","[""u_before"", ""x1_before""]","0.0240294999985053","","","","","","","","","","","","","","","","","","","","","","","","","",""
"lsr_linear","graph_control","low_dim","x2","u","0.0","0.0","13.0","False","[""u_before"", ""x2_before""]","0.0240294999985053","","","","","","","","","","","","","","","","","","","","","","","","","",""
"lsr_linear","graph_zero","low_dim","x1","u","0.8078991765341156","0.4632412304189133","13.0","True","[]","0.0401972999989084","","","","0.8078991765341156","","","","","","","","","","","","","","","","","","","","","",""
"lsr_linear","graph_zero","low_dim","x2","u","0.0","0.4587548046960407","13.0","False","[]","0.0401972999989084","","","","0.1898574920796556","","","","","","","","","","","","","","","","","","","","","",""
"lsr_linear","pure","low_dim","x1","u","0.8078991765341156","0.4632412304189133","13.0","","[]","0.017075300000215","","","","","","","","","","","","","","","","","","","","","","","","","",""
"lsr_linear","pure","low_dim","x2","u","0.1898574920796556","0.4587548046960407","13.0","","[]","0.017075300000215","","","","","","","","","","","","","","","","","","","","","","","","","",""
"lsr_linear","graph_control","low_dim","x1","u","0.9244927341098812","0.0","13.0","True","[""u_before"", ""x1_before""]","0.0223449999994045","","","","","","","","","","","","","","","","","","","","","","","","","",""
"lsr_linear","graph_control","low_dim","x2","u","0.0","0.0","13.0","False","[""u_before"", ""x2_before""]","0.0223449999994045","","","","","","","","","","","","","","","","","","","","","","","","","",""
"lsr_linear","graph_zero","low_dim","x1","u","0.7849241542495589","0.4703692603952249","13.0","True","[]","0.0330742000005557","","","","0.7849241542495589","","","","","","","","","","","","","","","","","","","","","",""
"lsr_linear","graph_zero","low_dim","x2","u","0.0","0.5092226012725932","13.0","False","[]","0.0330742000005557","","","","0.1993470576549903","","","","","","","","","","","","","","","","","","","","","",""
"lsr_linear","pure","low_dim","x1","u","0.7849241542495589","0.4703692603952249","13.0","","[]","0.0155407000002014","","","","","","","","","","","","","","","","","","","","","","","","","",""
"lsr_linear","pure","low_dim","x2","u","0.1993470576549903","0.5092226012725932","13.0","","[]","0.0155407000002014","","","","","","","","","","","","","","","","","","","","","","","","","",""
"lsr_linear","graph_control","low_dim","x1","u","0.8774613131776914","0.0","13.0","True","[""u_before"", ""x1_before"", ""x2_before""]","0.0252885999998397","","","","","","","","","","","","","","","","","","","","","","","","","",""
"lsr_linear","graph_control","low_dim","x2","u","0.0","0.0","13.0","False","[""u_before"", ""x2_before""]","0.0252885999998397","","","","","","","","","","","","","","","","","","","","","","","","","",""
"lsr_linear","graph_zero","low_dim","x1","u","0.6234135651501743","0.624600799140952","13.0","True","[]","0.0362769999992451","","","","0.6234135651501743","","","","","","","","","","","","","","","","","","","","","",""
"lsr_linear","graph_zero","low_dim","x2","u","0.0","0.3846285731857156","13.0","False","[]","0.0362769999992451","","","","-0.0965037014208199","","","","","","","","","","","","","","","","","","","","","",""
"lsr_linear","pure","low_dim","x1","u","0.6234135651501743","0.624600799140952","13.0","","[]","0.0153140000002167","","","","","","","","","","","","","","","","","","","","","","","","","",""
"lsr_linear","pure","low_dim","x2","u","-0.0965037014208199","0.3846285731857156","13.0","","[]","0.0153140000002167","","","","","","","","","","","","","","","","","","","","","","","","","",""
"lstm","rollout_fd","low_dim","x1","u","0.8728269192407716","0.0906187587766749","106.0","","","4.608375478012022","","","","","","","","","","","160.0","96.0","2.0","106.0","0.001","3.0","0.05","","4.0","","","","","","",""
"lstm","rollout_fd","low_dim","x2","u","0.0115939714695449","0.004955158136703","106.0","","","4.608375478012022","","","","","","","","","","","160.0","96.0","2.0","106.0","0.001","3.0","0.05","","4.0","","","","","","",""
"lstm","rollout_fd","low_dim","x1","u","0.8659402075803505","0.0780720280199012","106.0","","","3.8646841250010766","","","","","","","","","","","160.0","96.0","2.0","106.0","0.001","3.0","0.05","","4.0","","","","","","",""
"lstm","rollout_fd","low_dim","x2","u","0.0095208293674865","0.0028397645915039","106.0","","","3.8646841250010766","","","","","","","","","","","160.0","96.0","2.0","106.0","0.001","3.0","0.05","","4.0","","","","","","",""
"lstm","rollout_fd","low_dim","x1","u","0.9128989656016512","0.1186132316951179","106.0","","","3.327105929987738","","","","","","","","","","","160.0","96.0","2.0","106.0","0.001","3.0","0.05","","4.0","","","","","","",""
"lstm","rollout_fd","low_dim","x2","u","0.0037945742819057","0.0040986714845825","106.0","","","3.327105929987738","","","","","","","","","","","160.0","96.0","2.0","106.0","0.001","3.0","0.05","","4.0","","","","","","",""
"lstm","rollout_fd","low_dim","x1","u","0.8719954867407961","0.0888378808103075","106.0","","","3.503628500009654","","","","","","","","","","","160.0","96.0","2.0","106.0","0.001","3.0","0.05","","4.0","","","","","","",""
"lstm","rollout_fd","low_dim","x2","u","0.009996072200285","0.0038673188006001","106.0","","","3.503628500009654","","","","","","","","","","","160.0","96.0","2.0","106.0","0.001","3.0","0.05","","4.0","","","","","","",""
"lstm","rollout_fd","low_dim","x1","u","0.8736175630452498","0.0800920568063206","106.0","","","4.783380387001671","","","","","","","","","","","160.0","96.0","2.0","106.0","0.001","3.0","0.05","","4.0","","","","","","",""
"lstm","rollout_fd","low_dim","x2","u","0.0119507305218644","0.0026218177874797","106.0","","","4.783380387001671","","","","","","","","","","","160.0","96.0","2.0","106.0","0.001","3.0","0.05","","4.0","","","","","","",""
"lstm","rollout_fd","low_dim","x1","u","0.9022386203396996","0.0755576045376975","106.0","","","4.916529437992722","","","","","","","","","","","160.0","96.0","2.0","106.0","0.001","3.0","0.05","","4.0","","","","","","",""
"lstm","rollout_fd","low_dim","x2","u","0.0050261785267448","0.0025896147967803","106.0","","","4.916529437992722","","","","","","","","","","","160.0","96.0","2.0","106.0","0.001","3.0","0.05","","4.0","","","","","","",""
"lstm","rollout_fd","low_dim","x1","u","0.878207376543081","0.0826248634920353","106.0","","","3.1514284419827163","","","","","","","","","","","160.0","96.0","2.0","106.0","0.001","3.0","0.05","","4.0","","","","","","",""
"lstm","rollout_fd","low_dim","x2","u","0.009239018259939","0.0248247676977366","106.0","","","3.1514284419827163","","","","","","","","","","","160.0","96.0","2.0","106.0","0.001","3.0","0.05","","4.0","","","","","","",""
"lstm","rollout_fd","low_dim","x1","u","0.8633604223998088","0.090777387823874","106.0","","","3.190471895999508","","","","","","","","","","","160.0","96.0","2.0","106.0","0.001","3.0","0.05","","4.0","","","","","","",""
"lstm","rollout_fd","low_dim","x2","u","0.0101173005675246","0.0223163590531622","106.0","","","3.190471895999508","","","","","","","","","","","160.0","96.0","2.0","106.0","0.001","3.0","0.05","","4.0","","","","","","",""
"lstm","rollout_fd","low_dim","x1","u","1.011759101782205","0.2629770925995962","106.0","","","3.128287736995844","","","","","","","","","","","160.0","96.0","2.0","106.0","0.001","3.0","0.05","","4.0","","","","","","",""
"lstm","rollout_fd","low_dim","x2","u","0.0461437608623868","0.0540256044961232","106.0","","","3.128287736995844","","","","","","","","","","","160.0","96.0","2.0","106.0","0.001","3.0","0.05","","4.0","","","","","","",""
"lstm","rollout_fd","low_dim","x1","u","0.8575148616196975","0.0776881694817358","106.0","","","3.171332113997778","","","","","","","","","","","160.0","96.0","2.0","106.0","0.001","3.0","0.05","","4.0","","","","","","",""
"lstm","rollout_fd","low_dim","x2","u","0.0113131305387349","0.0019351819878576","106.0","","","3.171332113997778","","","","","","","","","","","160.0","96.0","2.0","106.0","0.001","3.0","0.05","","4.0","","","","","","",""
"lstm","rollout_fd","low_dim","x1","u","0.8607438049226437","0.0949473026563489","106.0","","","3.2191566029796377","","","","","","","","","","","160.0","96.0","2.0","106.0","0.001","3.0","0.05","","4.0","","","","","","",""
"lstm","rollout_fd","low_dim","x2","u","0.0124099706123881","0.0021495811459047","106.0","","","3.2191566029796377","","","","","","","","","","","160.0","96.0","2.0","106.0","0.001","3.0","0.05","","4.0","","","","","","",""
"lstm","rollout_fd","low_dim","x1","u","0.8924950411859548","0.1208629105101462","106.0","","","3.150318275002064","","","","","","","","","","","160.0","96.0","2.0","106.0","0.001","3.0","0.05","","4.0","","","","","","",""
"lstm","rollout_fd","low_dim","x2","u","0.0025984454780384","0.0043503314054474","106.0","","","3.150318275002064","","","","","","","","","","","160.0","96.0","2.0","106.0","0.001","3.0","0.05","","4.0","","","","","","",""
"lstm","rollout_fd","low_dim","x1","u","0.876693068247921","0.0734401765358305","106.0","","","4.886687994992826","","","","","","","","","","","160.0","96.0","2.0","106.0","0.001","3.0","0.05","","4.0","","","","","","",""
"lstm","rollout_fd","low_dim","x2","u","0.0153256838280215","0.0025143254714066","106.0","","","4.886687994992826","","","","","","","","","","","160.0","96.0","2.0","106.0","0.001","3.0","0.05","","4.0","","","","","","",""
"lstm","rollout_fd","low_dim","x1","u","0.8748260162911325","0.0808815732027622","106.0","","","3.4875620270031504","","","","","","","","","","","160.0","96.0","2.0","106.0","0.001","3.0","0.05","","4.0","","","","","","",""
"lstm","rollout_fd","low_dim","x2","u","0.0148872351186033","0.0025391482813939","106.0","","","3.4875620270031504","","","","","","","","","","","160.0","96.0","2.0","106.0","0.001","3.0","0.05","","4.0","","","","","","",""
"lstm","rollout_fd","low_dim","x1","u","0.8903354788726231","0.0722782019428622","106.0","","","3.2204924630059395","","","","","","","","","","","160.0","96.0","2.0","106.0","0.001","3.0","0.05","","4.0","","","","","","",""
"lstm","rollout_fd","low_dim","x2","u","0.0053637434787749","0.0029157340832044","106.0","","","3.2204924630059395","","","","","","","","","","","160.0","96.0","2.0","106.0","0.001","3.0","0.05","","4.0","","","","","","",""
