source_row_index,time,X1A,Y1A,X2A,Y2A,X3A,Y3A,X4A,Y4A,X5A,Y5A,X1B,Y1B,X2B,Y2B,X3B,Y3B,X4B,Y4B,s1,c1,s2,c2,s3,c3,L_A,G_A,X0_A,Y6_A,L_B,G_B,X0_B,Y5_B,H1,H2,H3,time_hours
4,2.2222222222222223,0.2624842292768436,0.1502813042940267,0.1360114168281634,0.0913416634041874,0.0868793475810366,0.067671535136426,0.0661093660801896,0.0572275956138228,0.0563588696164328,0.0518308781657705,0.2477096608784848,0.1375157154673619,0.1209326703858461,0.0812205813373328,0.0758058092311338,0.0608827038270094,0.058959239333395,0.0528695702301694,0.3894183423086505,0.9210609940028852,0.7621752729138397,0.6473707232789524,0.9992983441292992,0.0374542310085335,8.0,50.0,0.6,0.05,7.5,50.0,0.6,0.05,0.1168255026925951,0.1524350545827679,0.1798737019432738,2.2222222222222223
14,7.777777777777778,0.263510047845424,0.1453563527486843,0.1301932475381978,0.0846111038104415,0.0796279968601512,0.0629636381125931,0.061110906313789,0.0541235339339203,0.0537310633620419,0.0506635751242253,0.2478135593757167,0.1353516219216309,0.1170847599257895,0.0786399966249423,0.0722894485157172,0.0584712532254865,0.0568267163162791,0.0523074232307776,0.98544972998846,0.169967142900241,0.9992983441292992,0.0374542310085335,0.6996631969312388,-0.7144728202387818,8.400305493134933,50.0,0.6,0.05,7.5,50.0,0.6,0.05,0.295634918996538,0.1998596688258598,0.125939375447623,7.777777777777778
24,13.333333333333332,0.2516581333396185,0.1315853320582581,0.1226845462455272,0.0780304509550857,0.0759495779491416,0.0601839839462157,0.0589718919829382,0.0529625747382762,0.0529810548989579,0.0505213299615888,0.2456187686168263,0.134423334080503,0.1165828413180155,0.0784571242279109,0.0724267405847415,0.0584865728436896,0.0569475343169847,0.0522245270129658,0.675463180551151,-0.7373937155412454,0.8084964038195901,-0.5885011172553458,-0.05837414342758,-0.9982947757947532,8.400305493134933,57.94427601939151,0.6,0.05,7.5,50.0,0.6,0.05,0.2026389541653452,0.161699280763918,-0.0105073458169644,13.333333333333332
34,18.88888888888889,0.2645813978060126,0.1364788008017152,0.1273292736143955,0.0800741803099237,0.0776438946458261,0.0611283588726844,0.0597100175604177,0.0530310101690035,0.0529880946100099,0.0505687474374069,0.237964943451203,0.1313714842863486,0.1146126577764552,0.0773549633167292,0.0715685234021776,0.0584581729788941,0.0567120816329477,0.0518994991304272,-0.2555411020268312,-0.9667981925794612,0.2714757041622825,-0.9624452930164876,-0.7781661744883689,-0.6280584406583017,8.400305493134933,57.94427601939151,0.6551371380490387,0.05,7.5,50.0,0.6,0.05,-0.0766623306080493,0.0542951408324565,-0.1400699114079064,18.88888888888889
44,24.444444444444443,0.2492316778638049,0.119947631134987,0.1110181822652355,0.0640108021693744,0.0615829534112138,0.0451654697324675,0.043641833355971,0.0366941437913032,0.0369345327154202,0.0343498377048505,0.2324908365078909,0.1285028421173355,0.1126810367141501,0.0768510033388699,0.0710401426410305,0.0581543861298485,0.0562460409537639,0.0522126211799976,-0.9516020738895158,-0.3073328699784202,-0.3817978087964113,-0.9242458726974436,-0.9881227838869232,0.1536664047980449,8.400305493134933,57.94427601939151,0.6551371380490387,0.0337810784985887,7.5,50.0,0.6,0.05,-0.2854806221668547,-0.0763595617592822,-0.1778621010996462,24.444444444444443
54,30.0,0.2513045883882155,0.1201301700890137,0.1117088757849949,0.0643122048882302,0.0613659026137889,0.0449230092432067,0.0435354432928907,0.0366095405520877,0.0367049106701379,0.0345775233748552,0.2221650951009753,0.1230630910272442,0.1052538820801255,0.0731605720535216,0.067292522439823,0.0569842150070644,0.0547826324814738,0.0520316194358941,-0.7727644875559877,0.6346928759426339,-0.8715757724135877,-0.4902608213407002,-0.5506855425976376,0.8347127848391598,8.400305493134933,57.94427601939151,0.6551371380490387,0.0337810784985887,6.9004988547336765,50.0,0.6,0.05,-0.2318293462667963,-0.1743151544827175,-0.0991233976675747,30.0
64,35.55555555555556,0.2591949837518972,0.1231469656345976,0.1143985347023288,0.0651478444138682,0.0624886966507463,0.0453460400738192,0.0439832654500154,0.0363078090391833,0.037443005125033,0.0345627160231507,0.2209719736569794,0.1160855268693028,0.101689470427221,0.0701195372167835,0.0655358360224244,0.0560548119432641,0.0542636626607429,0.0514927795997919,0.1165492048504936,0.9931849187581926,-0.9881227838869232,0.1536664047980449,0.2475473809225765,0.9688757888389888,8.400305493134933,57.94427601939151,0.6551371380490387,0.0337810784985887,6.9004988547336765,57.47106890792524,0.6,0.05,0.034964761455148,-0.1976245567773846,0.0445585285660637,35.55555555555556
74,41.11111111111111,0.2653600157214659,0.1262032991515229,0.1167415592383365,0.0661047186725163,0.0633501732157556,0.0454349294076779,0.0445417652353253,0.0363650632129688,0.0376616387301823,0.0344285039169141,0.1961579858748426,0.1064996481785119,0.094337768394457,0.0675308477795788,0.0634426212678766,0.0552752106145547,0.0534373546208891,0.0511608999010508,0.8987080958116269,0.4385473275743903,-0.6815304434667846,0.7317897612210544,0.883593322443704,0.4682551019827723,8.400305493134933,57.94427601939151,0.6551371380490387,0.0337810784985887,6.9004988547336765,57.47106890792524,0.501053060913115,0.05,0.269612428743488,-0.1363060886933569,0.1590467980398667,41.11111111111111
84,46.66666666666666,0.2639667946559068,0.1265817090147393,0.1161808762170051,0.0661685502000393,0.0631411207296412,0.0455475473075342,0.0445226334409766,0.0363288718361772,0.037621137250569,0.0345376173551693,0.2466277677090994,0.1709145687292637,0.1606491998914448,0.1382978484061083,0.1346494607050317,0.1277935212351665,0.1261393524652174,0.1242928687177792,0.8545989080882814,-0.5192886541166841,-0.0830894028174972,0.9965420970232174,0.9407305566797732,-0.3391548609838345,8.400305493134933,57.94427601939151,0.6551371380490387,0.0337810784985887,6.9004988547336765,57.47106890792524,0.501053060913115,0.1231842627574149,0.2563796724264844,-0.0166178805634994,0.1693315002023591,46.66666666666666
94,52.22222222222222,0.2662705765993596,0.1296300870335821,0.1210970700303535,0.0680146082834726,0.0660936424953601,0.0467500189569036,0.0461146768533514,0.0368144131845805,0.0384392081599832,0.0347773093027583,0.2406946360548092,0.1687618621436855,0.1588583837750372,0.1374215303396728,0.134031036801271,0.1278984156594962,0.1259843429753083,0.1241808016070178,0.0247754254533577,-0.9996930420352064,0.5509326371071146,0.8345497165359296,0.3815241669453948,-0.9243588643144082,8.950622172006547,57.94427601939151,0.6551371380490387,0.0337810784985887,6.9004988547336765,57.47106890792524,0.501053060913115,0.1231842627574149,0.0074326276360073,0.1101865274214229,0.068674350050171,52.22222222222222
104,57.77777777777777,0.2695263473981218,0.1427242468378,0.1266465903729898,0.0745184052590241,0.0699977143313403,0.0500955260734894,0.047823950599099,0.0381136441621412,0.0389363199456872,0.0353840025671066,0.2339843227179857,0.1660380546868127,0.1569233462089724,0.1364262601073294,0.1331870292216333,0.1277737598321779,0.1255230030841251,0.1235325345818455,-0.8278264690856537,-0.5609842574272288,0.9490312849149584,0.3151818843979825,-0.4276475141444285,-0.9039455755995992,8.950622172006547,49.358699056874414,0.6551371380490387,0.0337810784985887,6.9004988547336765,57.47106890792524,0.501053060913115,0.1231842627574149,-0.2483479407256961,0.1898062569829917,-0.0769765525459971,57.77777777777777
114,63.33333333333333,0.2307018724139792,0.1252736950868985,0.1112422046958598,0.0673463770925991,0.0638369869121451,0.047348001486017,0.0456374774582066,0.0371956661487983,0.0383483308437925,0.0350192240700986,0.2327206761691946,0.1657757388665935,0.1564481673718365,0.1360639344799864,0.1330209272205179,0.1276967775307733,0.1254726162934245,0.1234817696488754,-0.9193285256646756,0.3934908663478909,0.9407305566797732,-0.3391548609838345,-0.956635016270188,-0.2912892817213455,8.950622172006547,49.358699056874414,0.5606064853638627,0.0337810784985887,6.9004988547336765,57.47106890792524,0.501053060913115,0.1231842627574149,-0.2757985576994027,0.1881461113359546,-0.1721943029286338,63.33333333333333
124,68.88888888888889,0.2431911361722916,0.1347964963755383,0.1202018717006451,0.0757079836551419,0.0724220375159615,0.0555366651875255,0.0537448340311991,0.0451132922891981,0.0466029140960865,0.0429154768864836,0.2378240640679382,0.167715481213724,0.157498263303108,0.1367184271400561,0.1333375902466262,0.1278746460659362,0.1257698296727064,0.1237516508066354,-0.1656041754483111,0.9861923022788632,0.529585035721523,-0.8482568537535274,-0.8588586819729085,0.5122126164004147,8.950622172006547,49.358699056874414,0.5606064853638627,0.041763841815116,6.9004988547336765,57.47106890792524,0.501053060913115,0.1231842627574149,-0.0496812526344933,0.1059170071443046,-0.1545945627551235,68.88888888888889
134,74.44444444444444,0.2534569552727232,0.1390921351378594,0.1244732967328337,0.0774440873009764,0.0741580630184002,0.0565545477589547,0.0545004464872475,0.0454851874237223,0.0471826885120758,0.0429668063991957,0.2427566862561803,0.1695321411069015,0.1586015721600292,0.136842778946459,0.1335064953123089,0.1274376088614402,0.1257316917153166,0.1239038142736684,0.7403758899524474,0.6721930835534694,-0.1083422905364747,-0.9941136494794296,-0.1983791711210513,0.9801253514042604,8.950622172006547,49.358699056874414,0.5606064853638627,0.041763841815116,6.764608762962374,57.47106890792524,0.501053060913115,0.1231842627574149,0.2221127669857342,-0.0216684581072949,-0.0357082508017892,74.44444444444444
144,80.0,0.2571833759917085,0.1404683500631789,0.1263427648675712,0.0788622867245651,0.0751574182334988,0.0565919194206452,0.0549134035886686,0.0455152333208867,0.0474957507190839,0.0428431325993818,0.2510820105804705,0.1786139291466242,0.1631171021366002,0.1404679727396746,0.1355539505825966,0.1286690811271695,0.1264191918373627,0.1240679871168237,0.965657776549278,-0.2598173562137541,-0.6998746875935423,-0.7142656520272002,0.592073514707223,0.8058839576404507,8.950622172006547,49.358699056874414,0.5606064853638627,0.041763841815116,6.764608762962374,48.901526117652935,0.501053060913115,0.1231842627574149,0.2896973329647834,-0.1399749375187084,0.1065732326473001,80.0
154,85.55555555555556,0.2524124469514852,0.1381642812866265,0.1245207432214952,0.078032982800868,0.0740792465254498,0.0565086954324866,0.0548815484310331,0.0453160659025657,0.0472108070858323,0.0424961656614796,0.2784804592767955,0.1907429532394504,0.171949272096531,0.144228984269086,0.138165705652009,0.1295263217345903,0.1271711262698894,0.124484771180606,0.3031183567457022,-0.9529529168871804,-0.9917029117035484,-0.1285509039980052,0.9946141324939038,0.10364712945084,8.950622172006547,49.358699056874414,0.5606064853638627,0.041763841815116,6.764608762962374,48.901526117652935,0.6009096517915906,0.1231842627574149,0.0909355070237106,-0.1983405823407096,0.1790305438489026,85.55555555555556
164,91.1111111111111,0.2432889427712272,0.133818472935692,0.1211370964149963,0.0762862221940145,0.0726401395929411,0.0557458779649272,0.0543290847313804,0.0446339870073245,0.0472765156237273,0.0422940787122096,0.2436012102049065,0.1530041573430016,0.1336563146884084,0.1050656140262716,0.0986227837789931,0.0895082316881177,0.0874422511348277,0.0840839029341372,-0.6381066823479474,-0.7699479605420717,-0.8588586819729076,0.5122126164004163,0.7455079269466744,-0.6664967598268366,8.950622172006547,49.358699056874414,0.5606064853638627,0.041763841815116,6.764608762962374,48.901526117652935,0.6009096517915906,0.0830246028111738,-0.1914320047043842,-0.1717717363945815,0.1341914268504014,91.1111111111111
174,96.66666666666666,0.2482224266541286,0.1376427303244761,0.1269073771318495,0.0795748217627518,0.0763008452419745,0.0573625108540845,0.056100720929937,0.0454757426263986,0.0483034909727213,0.0427441314214634,0.2406944602196923,0.151440607475626,0.1329034502306924,0.1048328651616451,0.0987785245857995,0.089565281424393,0.0873391371494925,0.0840745015375138,-0.9926593804706332,0.1209435999284741,-0.3582292822368287,0.9336336440746372,0.0079631837859373,-0.99996829334934,9.585600906990056,49.358699056874414,0.5606064853638627,0.041763841815116,6.764608762962374,48.901526117652935,0.6009096517915906,0.0830246028111738,-0.2977978141411899,-0.0716458564473657,0.0014333730814687,96.66666666666666
184,102.2222222222222,0.2437860658530168,0.1289044413721101,0.1220586889573054,0.0744834883296929,0.0731749355483203,0.0548097484432523,0.0545438173187411,0.0444373815059081,0.0473966904135876,0.0423995701429656,0.2451523132091565,0.1536425314177734,0.1345255910324905,0.1051560184952195,0.0990560934190361,0.0896993536430977,0.0876188123985713,0.0840220895330857,-0.4345656220718935,0.90064017238477,0.295803023278522,0.9552489578216172,-0.7347988423875798,-0.678285088459029,9.585600906990056,55.85323838427506,0.5606064853638627,0.041763841815116,6.764608762962374,48.901526117652935,0.6009096517915906,0.0830246028111738,-0.130369686621568,0.0591606046557044,-0.1322637916297643,102.2222222222222
194,107.77777777777776,0.2775156379024698,0.1435724656324069,0.1355717484447635,0.0800794820489998,0.0781632082941255,0.0574418564433585,0.0565090597380059,0.045238361224437,0.0482105153767853,0.0423847108799732,0.252173730102457,0.1563910141222081,0.1373481417489816,0.1058325146364648,0.0998522490213736,0.0901880105768515,0.0875120689697346,0.0845350572813318,0.5230657651576964,0.8522923238654644,0.8231649376246212,0.5678023295702946,-0.9961386609048648,0.0877938964317145,9.585600906990056,55.85323838427506,0.6244358458882325,0.041763841815116,6.764608762962374,48.901526117652935,0.6009096517915906,0.0830246028111738,0.1569197295473089,0.1646329875249242,-0.1793049589628756,107.77777777777776
204,113.33333333333331,0.3461495013843301,0.2343395940240298,0.2269444143833918,0.1802652283675357,0.1787749096690785,0.1620311297504626,0.1609104857399927,0.1510743871991865,0.153710848503317,0.1489020001228137,0.2562863614935602,0.158137793531729,0.1384566210281771,0.1065550835974228,0.1002538398766059,0.0904804423741851,0.0878688004682991,0.0848223749512966,0.9997929001426692,0.0203508433316829,0.9980266527163616,-0.0627917229240817,-0.6048328224062841,0.7963524702919231,9.585600906990056,55.85323838427506,0.6244358458882325,0.1483440221522827,6.764608762962374,48.901526117652935,0.6009096517915906,0.0830246028111738,0.2999378700428007,0.1996053305432723,-0.1088699080331311,113.33333333333331
214,118.88888888888889,0.3428756999167985,0.2327749284093952,0.2260394514567674,0.1796480403995499,0.178245488348706,0.1620809605576284,0.1612433881802957,0.1507683471967117,0.1538883416368265,0.1488318873652892,0.251084311321662,0.1555990717781342,0.1357595332317125,0.1055538684668372,0.0987544795976037,0.0899647354470204,0.0879225973548738,0.0846704381986488,0.5573150535176614,-0.8303011087085252,0.7455079269466744,-0.6664967598268366,0.1827446700862667,0.983160406828439,9.585600906990056,55.85323838427506,0.6244358458882325,0.1483440221522827,6.645926094706796,48.901526117652935,0.6009096517915906,0.0830246028111738,0.1671945160552984,0.1491015853893349,0.032894040615528,118.88888888888889
224,124.44444444444444,0.3345364073791191,0.2294619000071394,0.2224614300346457,0.1781014216383961,0.1770998987222533,0.1613918176780771,0.1605609935703524,0.1507065458585913,0.1536163456390065,0.1488526397120551,0.2511291910635967,0.1614412327534595,0.1377022675802945,0.1083738667931252,0.1001184081720899,0.0904453710084273,0.0882231162407931,0.0850070737721663,-0.3975556831214329,-0.9175780505318611,0.1737437124748847,-0.9847909028699668,0.8505923298201333,0.5258257206063217,9.585600906990056,55.85323838427506,0.6244358458882325,0.1483440221522827,6.645926094706796,43.20424067715689,0.6009096517915906,0.0830246028111738,-0.1192667049364298,0.0347487424949769,0.153106619367624,124.44444444444444
234,130.0,0.3297196291091636,0.2267878945954408,0.2206476810330002,0.1773844218236553,0.1763330395125646,0.1611439681596144,0.1604483049077286,0.1507191790912637,0.1537479018468079,0.1485408928116264,0.2535359146904571,0.1621733222093193,0.1381536019768841,0.1088744654237352,0.1003054622574472,0.0905544549375125,0.0881850729511238,0.0847384602006694,-0.9869155581206488,-0.1612379643241888,-0.4724219863984661,-0.8813724903622346,0.9611527245021164,-0.276017101249467,9.585600906990056,55.85323838427506,0.6244358458882325,0.1483440221522827,6.645926094706796,43.20424067715689,0.6225079208546062,0.0830246028111738,-0.2960746674361946,-0.0944843972796932,0.1730074904103809,130.0
244,135.55555555555554,0.3334074358798126,0.227687461064523,0.2222710912061232,0.1777394550937428,0.1764692300696973,0.1610350301017255,0.1603663074706877,0.1508579104741428,0.153925236174296,0.1487300530348795,0.204205958766222,0.0982606141743485,0.0706143010666417,0.0363985311541945,0.0267983973214036,0.0153665137275022,0.0123378811245489,0.0085962120741133,-0.6689098203780243,0.743343562696173,-0.9162845541178744,-0.400527921479899,0.4419893909578907,-0.897020277519228,9.585600906990056,55.85323838427506,0.6244358458882325,0.1483440221522827,6.645926094706796,43.20424067715689,0.6225079208546062,0.0065913011942075,-0.2006729461134072,-0.1832569108235748,0.0795580903724203,135.55555555555554
254,141.11111111111111,0.293543664685612,0.2058035707511649,0.1916118567216758,0.1635683652092086,0.1598786390484148,0.1542074003651245,0.1532538088730237,0.1478680311583677,0.150895593755811,0.1476493560868819,0.2113309263583351,0.1013225863245649,0.0735889417199348,0.0374763959560568,0.0277845544765122,0.0151432128611048,0.0124437749976059,0.0083752808581359,0.2640885213844694,0.9644984462781496,-0.9677707302573794,0.2518329082091905,-0.3667545680323215,-0.930317734339954,6.514176892075508,55.85323838427506,0.6244358458882325,0.1483440221522827,6.645926094706796,43.20424067715689,0.6225079208546062,0.0065913011942075,0.0792265564153408,-0.1935541460514759,-0.0660158222458178,141.11111111111111
264,146.66666666666666,0.3032380159667555,0.2146304631848616,0.1959326819890474,0.1665559373609209,0.1617298510234288,0.155486561488634,0.1537854863881906,0.1481145299910547,0.1512998802779268,0.14759044120642,0.2175469224065025,0.1043339889420928,0.0759533535028741,0.0382715446471955,0.0287329090980306,0.015431956440192,0.0129185345580706,0.0088076307269882,0.9542850944926968,0.2988979063644716,-0.6048328224062841,0.7963524702919231,-0.9352099151945376,-0.3540937933963622,6.514176892075508,50.297776405427406,0.6244358458882325,0.1483440221522827,6.645926094706796,43.20424067715689,0.6225079208546062,0.0065913011942075,0.286285528347809,-0.1209665644812568,-0.1683377847350167,146.66666666666666
274,152.2222222222222,0.2915632643197072,0.2105079188393099,0.1920016814763837,0.1651236363300261,0.1607991539144554,0.1548855638855346,0.1530242252957664,0.1480690095599496,0.1511631232314546,0.1475292193620646,0.2164756751281864,0.1038872650408291,0.0754892510317466,0.038497180079127,0.0287630194321687,0.0150369473663128,0.0128231484113411,0.0085645337679202,0.7671163526355301,-0.641507990222383,0.0171099101996514,0.9998536147721624,-0.8909386274970502,0.4541237298728974,6.514176892075508,50.297776405427406,0.5932412050650578,0.1483440221522827,6.645926094706796,43.20424067715689,0.6225079208546062,0.0065913011942075,0.230134905790659,0.0034219820399302,-0.160368952949469,152.2222222222222
284,157.77777777777777,0.276788500391297,0.1986708843338805,0.1800559274724581,0.1539165473635373,0.1496995979339959,0.1437869611669689,0.1421697708868507,0.1375308173749679,0.1404502190727338,0.1369865046148323,0.2101221725562601,0.1007707548577718,0.0734795326556908,0.037555851137685,0.0278664637897461,0.014605053360275,0.0124136936720358,0.0084310289988973,-0.1253356260964291,-0.9921143990644506,0.6317257433241713,0.7751919666905245,-0.2629461685166028,0.9648105059867654,6.514176892075508,50.297776405427406,0.5932412050650578,0.1375751659789278,6.645926094706796,43.20424067715689,0.6225079208546062,0.0065913011942075,-0.0376006878289287,0.1263451486648342,-0.0473303103329885,157.77777777777777
294,163.33333333333331,0.2700813991147135,0.1964587178785759,0.1780761542665824,0.1531340964927566,0.1492876442718173,0.1432740333287139,0.1420854230208378,0.1372416654934789,0.1403102066205744,0.1370554027855373,0.2312096444361639,0.1137426200782649,0.089711569561535,0.046485646221086,0.0364199998805033,0.0186643794349818,0.0161500800237524,0.0096770707800829,-0.902554608210187,-0.4305754047766267,0.9758205177669764,0.2185733677852591,0.5373221810064718,0.843377065018043,6.514176892075508,50.297776405427406,0.5932412050650578,0.1375751659789278,7.887678763473032,43.20424067715689,0.6225079208546062,0.0065913011942075,-0.270766382463056,0.1951641035533952,0.0967179925811649,163.33333333333331
304,168.88888888888889,0.2698040680052521,0.1962986078478161,0.1785948356505038,0.1528842005614527,0.1494684293529191,0.1430926930414464,0.142259245643749,0.1369814466735328,0.1404080314013217,0.1377108165186668,0.2195182049960979,0.0988072331217641,0.0810276477147818,0.0392340022308348,0.0319483843994767,0.0160259504653164,0.0143053960482527,0.0083750610161966,-0.8499690458793281,0.5268326309626091,0.9020440841114932,-0.4316439161154221,0.9855501955689284,0.1693836238071637,6.514176892075508,50.297776405427406,0.5932412050650578,0.1375751659789278,7.887678763473032,50.28235293199028,0.6225079208546062,0.0065913011942075,-0.2549907137637984,0.1804088168222986,0.1773990352024071,168.88888888888889
314,174.44444444444443,0.276311855947507,0.1987079147124122,0.1804841759628829,0.1534293314540414,0.1499597851879852,0.1434746985167857,0.142433470846978,0.1368255949285299,0.1404020756287193,0.1376103183392479,0.2180962958748951,0.0983475418425211,0.0805227623807976,0.0389761218384534,0.0319981820507944,0.0156024803844304,0.0139916995837024,0.0082731816455276,-0.0159258626000982,0.9998731754079828,0.4419893909578875,-0.8970202775192296,0.7880698563115249,-0.6155858198278551,6.514176892075508,50.297776405427406,0.5932412050650578,0.1375751659789278,7.887678763473032,50.28235293199028,0.5993746870787008,0.0065913011942075,-0.0047777587800294,0.0883978781915775,0.1418525741360745,174.44444444444443
324,180.0,0.2835380757501729,0.2014024545348602,0.182920657642914,0.1550364540970562,0.1508674258238937,0.1438772705828103,0.1428147222737244,0.1368486866258885,0.1401779899668158,0.1375161626334513,0.2449117269744822,0.1273634358250966,0.1098712631802803,0.0688178110236762,0.0625507251753259,0.0462811858034291,0.044455332217423,0.03867450992805,0.8327594853077798,0.5536349335346549,-0.2073364206067587,-0.9782697014065076,0.0742654455843613,-0.9972385088794736,6.514176892075508,50.297776405427406,0.5932412050650578,0.1375751659789278,7.887678763473032,50.28235293199028,0.5993746870787008,0.0371272383040996,0.2498278455923339,-0.0414672841213517,0.013367780205185,180.0
334,185.55555555555557,0.2837591890260695,0.2013733348109647,0.183305119774375,0.154713569854232,0.1510538050861017,0.1436473842973613,0.1427074896480185,0.1366906720032793,0.1401861461881392,0.1377988912961763,0.2462903692797648,0.1279296525549606,0.1105711337764342,0.0691123486917707,0.0635266579410273,0.0470053279874804,0.0444813390654315,0.0389844060475593,0.915809602890819,-0.4016127130121261,-0.767875494257776,-0.6405991143596564,-0.6881958664651078,-0.7255249474555231,6.437740881736019,50.297776405427406,0.5932412050650578,0.1375751659789278,7.887678763473032,50.28235293199028,0.5993746870787008,0.0371272383040996,0.2747428808672457,-0.1535750988515552,-0.1238752559637194,185.55555555555557
344,191.11111111111111,0.2853343512412891,0.2076984861055745,0.1863611856907465,0.1580256613007369,0.1526898526679452,0.1451090965045316,0.1435950004277198,0.1370549436550952,0.140182138369441,0.1378936713952333,0.2400445353901057,0.1257219258939688,0.1084888495925084,0.0681437556342113,0.0633576536176991,0.0468639753411864,0.0446931348483922,0.0385012911537927,0.15686859504841,-0.9876194833474772,-0.9995907169932172,-0.0286076650739901,-0.999768099461336,0.0215347927658558,6.437740881736019,43.84804287970621,0.5932412050650578,0.1375751659789278,7.887678763473032,50.28235293199028,0.5993746870787008,0.0371272383040996,0.047060578514523,-0.1999181433986434,-0.1799582579030404,191.11111111111111
354,196.66666666666663,0.2926245277140014,0.2111476565687777,0.1886104698534035,0.1588024625474288,0.1534289563737166,0.1451888351325382,0.144142714552853,0.1371971016923144,0.1402260034036017,0.1382191230411399,0.2320068611954863,0.1226771548602889,0.105379958763793,0.0672592679776951,0.0625682755343423,0.0461873289731834,0.0441851102733144,0.0383879435987399,-0.7462966756449163,-0.6656134553337595,-0.8032557266939547,0.5956343152752086,-0.6563167561777931,0.7544854641146238,6.437740881736019,43.84804287970621,0.6384064241763678,0.1375751659789278,7.887678763473032,50.28235293199028,0.5993746870787008,0.0371272383040996,-0.2238890026934749,-0.1606511453387909,-0.1181370161120027,196.66666666666663
364,202.2222222222222,0.2171051822167621,0.1183799846886201,0.0914517025643943,0.0557788946059731,0.0490194085318422,0.0392747581251087,0.0380010488489025,0.0304120169423648,0.0332747542171047,0.0307838002469782,0.2297101565626826,0.1216796955391028,0.1042432728305632,0.0670906421771751,0.0619289054318513,0.0459491860782134,0.0434178623015809,0.0384834698945967,-0.9633202244737608,0.2683545138800967,-0.2629461685165993,0.9648105059867664,0.1171372537596939,0.99311573534087,6.437740881736019,43.84804287970621,0.6384064241763678,0.0300910085980492,7.887678763473032,50.28235293199028,0.5993746870787008,0.0371272383040996,-0.2889960673421282,-0.0525892337033198,0.0210847056767449,202.2222222222222
374,207.77777777777777,0.2204350580496348,0.1201247080703157,0.0923031369294795,0.0561928474323251,0.0488901289416124,0.0392082161155555,0.038427939642686,0.0302794385298077,0.0332124717477353,0.0303930122083591,0.220056932213823,0.1162802717510148,0.0951845545790914,0.063236153960565,0.0576837695354039,0.0442870758274477,0.0414373166137873,0.0377418581607747,-0.2946716015002576,0.9555985806128394,0.3899636384793438,0.9208302561623134,0.8138458035103572,0.5810808963548716,6.437740881736019,43.84804287970621,0.6384064241763678,0.0300910085980492,7.10860893180662,50.28235293199028,0.5993746870787008,0.0371272383040996,-0.0884014804500772,0.0779927276958687,0.1464922446318642,207.77777777777777
384,213.3333333333333,0.2266186556775103,0.1231772539886838,0.0947666048611034,0.0573033846054905,0.0500561663258369,0.0394770245300812,0.0386377105859132,0.0303146943867498,0.0332098462199313,0.0301201681222213,0.2432687574746943,0.1394981091410649,0.1079798204472106,0.073140174620753,0.0632176648338994,0.0479958897608633,0.0435957418561262,0.0387673654818459,0.6448967329448674,0.7642697192987803,0.875881079810891,0.4825270293251016,0.9773425123922588,-0.2116639163173255,6.437740881736019,43.84804287970621,0.6384064241763678,0.0300910085980492,7.10860893180662,40.07468484104152,0.5993746870787008,0.0371272383040996,0.1934690198834602,0.1751762159621782,0.1759216522306065,213.3333333333333
394,218.88888888888889,0.2294513131322986,0.1245759471304105,0.0961895703485063,0.0579822677150491,0.0502593376351171,0.0394979402270383,0.0385267022938713,0.0303703062824603,0.0329182437012647,0.0299698623356456,0.2707937094008927,0.1530891013666988,0.1181056908850021,0.0777530885558582,0.0665147004842104,0.0493061495884179,0.0448843354218882,0.038898597821259,0.9915499852141412,-0.1297251973281856,0.9867239266785252,-0.1624065655080247,0.500508340480548,-0.8657317142795496,6.437740881736019,43.84804287970621,0.6384064241763678,0.0300910085980492,7.10860893180662,40.07468484104152,0.6660095459603491,0.0371272383040996,0.2974649955642423,0.197344785335705,0.0900915012864986,218.88888888888889
404,224.44444444444443,0.2259444773552283,0.1225258196565682,0.0950833061628709,0.0575408488666563,0.0500803154174601,0.0394624945823622,0.0385176950803219,0.0303715462547168,0.0327717015618631,0.0302229990438247,0.2576542081423904,0.1395987282895961,0.1054035110599086,0.0638670080429004,0.052920034524584,0.0355161847631941,0.0308324857437773,0.0250040749016902,0.4265767538445731,-0.9044513657900166,0.6750264479500299,-0.7377935311236916,-0.304246639582638,-0.9525932932278456,6.437740881736019,43.84804287970621,0.6384064241763678,0.0300910085980492,7.10860893180662,40.07468484104152,0.6660095459603491,0.0231691621592159,0.1279730261533719,0.135005289590006,-0.0547643951248748,224.44444444444443
414,230.0,0.2385870782888591,0.1305236750809216,0.1057568631330172,0.0632491743777879,0.0561337461801426,0.0419785598927983,0.0408172131754087,0.031386834506461,0.0336218278040924,0.0304895195612003,0.2497557021857668,0.1355341647302641,0.1028870968251797,0.0623113324485322,0.05180946329076,0.0351360543699764,0.0308840015460784,0.0252583094233634,-0.5305891777502036,-0.8476291196356829,0.0742654455843613,-0.9972385088794736,-0.9096666718335282,-0.4153390737160569,7.256317774604113,43.84804287970621,0.6384064241763678,0.0300910085980492,7.10860893180662,40.07468484104152,0.6660095459603491,0.0231691621592159,-0.1591767533250611,0.0148530891168722,-0.163740000930035,230.0
424,235.55555555555557,0.2175730327311784,0.10559390852689,0.0927393090082095,0.0525672020864273,0.0502130071966665,0.0380193091612084,0.037899193879915,0.0296757410058788,0.0330808514862962,0.0299247449624097,0.2454428281472473,0.1332225580915546,0.1011995964409642,0.0616380847344012,0.051042399352172,0.0350426583021116,0.0306802055842796,0.025061889292952,-0.9999338662588036,-0.0115005699302648,-0.5582979127486861,-0.8296405490454649,-0.919095376767658,0.3940351360022567,7.256317774604113,57.606643079616575,0.6384064241763678,0.0300910085980492,7.10860893180662,40.07468484104152,0.6660095459603491,0.0231691621592159,-0.2999801598776411,-0.1116595825497372,-0.1654371678181784,235.55555555555557
434,241.1111111111111,0.2095539967172089,0.1022226523394001,0.0901574393086865,0.0517688042443273,0.0494116892696235,0.0376323422169427,0.0377866818760614,0.0295529870844837,0.033100687433682,0.0297320163067242,0.2485019673169041,0.1348404200396762,0.1021661164749267,0.0622163339521454,0.0507126079474626,0.0350498102423306,0.0304059347517872,0.0250132396861653,-0.5499439695603477,0.8352015507314431,-0.9517838802794656,-0.3067693681581722,-0.3263552978038782,0.9452471738097618,7.256317774604113,57.606643079616575,0.6019581619736846,0.0300910085980492,7.10860893180662,40.07468484104152,0.6660095459603491,0.0231691621592159,-0.1649831908681043,-0.1903567760558931,-0.058743953604698,241.1111111111111
444,246.66666666666663,0.2824602135699842,0.1897968419952435,0.1793309609376469,0.1457918202157322,0.1435600480997911,0.1338223106995964,0.1341335230573438,0.1261297819311947,0.1300158124421454,0.1267684576699875,0.257020230698152,0.1390016079121586,0.1045578457142501,0.0634819636518349,0.0514204912555643,0.0357242886871595,0.0304654481574985,0.0253424875729635,0.4056618765553358,0.9140232173799544,-0.9376917403002812,0.3474682721812599,0.480204780438259,0.8771564107069181,7.256317774604113,57.606643079616575,0.6019581619736846,0.1270725369548803,7.10860893180662,40.07468484104152,0.6660095459603491,0.0231691621592159,0.1216985629666007,-0.1875383480600562,0.0864368604788866,246.66666666666663
454,252.2222222222222,0.2864713375599126,0.1916600119186711,0.1806795151218036,0.1460795597551489,0.1443081563567026,0.1338349749493914,0.1342356094742691,0.125907167406223,0.1298098016955867,0.127183902120691,0.2824091613304944,0.1542968135507806,0.1211303094024558,0.0722236258179118,0.059468572797495,0.039950706419014,0.0338908391588407,0.0265576545445927,0.988304064171637,0.1524961532033674,-0.5220561061960487,0.8529111454210339,0.9721464458716792,0.2343742472607913,7.256317774604113,57.606643079616575,0.6019581619736846,0.1270725369548803,7.919151500827579,40.07468484104152,0.6660095459603491,0.0231691621592159,0.2964912192514911,-0.1044112212392097,0.1749863602569022,252.2222222222222
464,257.77777777777777,0.2829323837501142,0.1914256576079391,0.1797003313396845,0.1458800219151553,0.1442265524534176,0.1333822367032273,0.1341433336157243,0.1261278629776797,0.129996525620831,0.1265970759619425,0.2541756547805877,0.1190003795788826,0.1021603530114968,0.0555476053952559,0.0500667113030049,0.0330566031264981,0.0298866030598376,0.0246455445093452,0.6623040529862428,-0.7492351709563533,0.1171372537596939,0.99311573534087,0.8271615660536287,-0.5619641835951011,7.256317774604113,57.606643079616575,0.6019581619736846,0.1270725369548803,7.919151500827579,54.83541894723714,0.6660095459603491,0.0231691621592159,0.1986912158958728,0.0234274507519387,0.1488890818896531,257.77777777777777
474,263.3333333333333,0.2748945098149455,0.1885254706923893,0.1770098554491936,0.144873737112127,0.1436415594647514,0.1332370354372881,0.1341497026684541,0.1261545377259544,0.1299658725113015,0.1263671601349914,0.195064325938472,0.0947866596381984,0.0821086174700754,0.0472384373412677,0.0434427061079646,0.0306775957434391,0.0277338132814694,0.0238901995755198,-0.2726152501430668,-0.9621231342138246,0.7061694571803293,0.7080428643420107,0.1402406838270786,-0.990117442831765,7.256317774604113,57.606643079616575,0.6019581619736846,0.1270725369548803,7.919151500827579,54.83541894723714,0.5182991210126091,0.0231691621592159,-0.08178457504292,0.1412338914360658,0.0252433230888741,263.3333333333333
484,268.88888888888886,0.2689150732751408,0.1862109786428358,0.1752305705203834,0.1439094523859714,0.1429180423023571,0.1328103835064464,0.133850338424779,0.1264850269188246,0.1297904209632625,0.1261326176632045,0.227156039977185,0.1418686663538811,0.1310411572712649,0.1016042810913309,0.0983824083028256,0.0874358177762059,0.0847348772217235,0.0815054807200702,-0.9568933495204898,-0.2904395249332599,0.9928019069358957,0.1197679989999389,-0.6385624602058219,-0.769569999685466,7.256317774604113,57.606643079616575,0.6019581619736846,0.1270725369548803,7.919151500827579,54.83541894723714,0.5182991210126091,0.0811715732064733,-0.2870680048561469,0.1985603813871791,-0.1149412428370479,268.88888888888886
494,274.44444444444446,0.2821129595308191,0.1926062918581695,0.1832616006539193,0.1474411419844061,0.1467179297088497,0.1352012167877162,0.1355538840257189,0.1269714514042281,0.1301924366352381,0.1266036195442631,0.2285791274575979,0.1423589604143422,0.1310062202747625,0.1019793940246921,0.0987270557391387,0.087448305624305,0.0846037314283158,0.0817821182728676,-0.7614081162885409,0.6482728441404405,0.8542912850916277,-0.5197945750164148,-0.9989951175354576,-0.0448191381032413,8.02487115616112,57.606643079616575,0.6019581619736846,0.1270725369548803,7.919151500827579,54.83541894723714,0.5182991210126091,0.0811715732064733,-0.2284224348865622,0.1708582570183255,-0.1798191211563823,274.44444444444446
504,280.0,0.2901408987353747,0.1957535854284434,0.1862577519874146,0.148568245813537,0.1475393271816429,0.1355203317734323,0.1360502900401887,0.1272426013230553,0.1304223316131726,0.1264746772237662,0.2362576599442774,0.1453045693229755,0.1332442419718553,0.103122094524755,0.09989458505038,0.0877802429718001,0.085051622694545,0.0818813713017285,0.1341122276456571,0.990966149974821,0.3499513689566622,-0.9367678684526696,-0.7049106374142481,0.7092961252257328,8.02487115616112,57.42678753385761,0.6019581619736846,0.1270725369548803,7.919151500827579,54.83541894723714,0.5182991210126091,0.0811715732064733,0.0402336682936971,0.0699902737913324,-0.1268839147345646,280.0
514,285.55555555555554,0.2875889278841503,0.1940881878012302,0.185299804951679,0.1480328542459648,0.1470386981791034,0.1354426990970397,0.1356245910253032,0.1271442694673897,0.1300315965937737,0.1263835144441095,0.2431138851444633,0.1481512185486823,0.1349555178897451,0.1038373859799836,0.1005906640987315,0.0881140981591596,0.0852396271808124,0.0817827772995335,0.9063304079726636,0.4225697475968966,-0.304246639582638,-0.9525932932278456,0.0510140303719879,0.9986979366681428,8.02487115616112,57.42678753385761,0.5722528118028315,0.1270725369548803,7.919151500827579,54.83541894723714,0.5182991210126091,0.0811715732064733,0.2718991223917991,-0.0608493279165276,0.0091825254669578,285.55555555555554
524,291.1111111111111,0.2645497689135702,0.1620645084138998,0.1527960898389719,0.1125729850224912,0.1115380463014201,0.0989256543016986,0.0988155991614995,0.0902124321359818,0.0933933263099851,0.0892186351974906,0.243054482992517,0.1485506955888829,0.1347896951864516,0.1043446763097953,0.1000203071869289,0.0884180263076797,0.0857889372093692,0.0815556068801394,0.8452725909664307,-0.534335331941373,-0.8281584853210446,-0.5604939992459804,0.7735155546985523,0.6337773162865574,8.02487115616112,57.42678753385761,0.5722528118028315,0.0897276100810819,7.919151500827579,54.83541894723714,0.5182991210126091,0.0811715732064733,0.2535817772899292,-0.1656316970642089,0.1392327998457394,291.1111111111111
534,296.66666666666663,0.258015972075747,0.1590514933377818,0.150536009261832,0.1117858977323668,0.1103312804876784,0.0986332786075236,0.0989116521483285,0.0896070270454744,0.0933054658984653,0.0892665999282487,0.2093926812677775,0.1320416129158783,0.1154932037833219,0.0964785793232359,0.091492848348165,0.0847752423143495,0.0825044820824095,0.0802997833055777,0.0070750519999309,-0.9999749715063864,-0.997431767453648,0.0716231057291704,0.9892286295640172,-0.1463786816817825,8.02487115616112,57.42678753385761,0.5722528118028315,0.0897276100810819,6.177754927036511,54.83541894723714,0.5182991210126091,0.0811715732064733,0.0021225155999792,-0.1994863534907296,0.178061153321523,296.66666666666663
544,302.22222222222223,0.2504280342642442,0.1556562296769668,0.147770485380547,0.1104039925673602,0.1090918527827021,0.098513668064507,0.0986777312998536,0.0896754534283421,0.09303366202958,0.0891199608345945,0.2086059091777584,0.1368171799777159,0.1171221646419222,0.0983310066971277,0.0923830105976384,0.0857280783166832,0.083182737864923,0.0805963956149123,-0.8376272571470276,-0.5462422338892768,-0.7395793537510688,0.6730693719856458,0.5568233307341394,-0.8306309519576905,8.02487115616112,57.42678753385761,0.5722528118028315,0.0897276100810819,6.177754927036511,47.752636022214574,0.5182991210126091,0.0811715732064733,-0.2512881771441083,-0.1479158707502137,0.100228199532145,302.22222222222223
554,307.77777777777777,0.2484993924957859,0.155090972073029,0.1469931260470377,0.1103007740040443,0.1086443841609794,0.0982792015195811,0.0988212643267966,0.0896752129508529,0.0930812672640044,0.089075390811115,0.221787343256417,0.1424224107530969,0.1216739880255333,0.0998255679826379,0.0939562119368588,0.0864007758929012,0.0834523472107015,0.080804308545941,-0.9122189289890194,0.4097030944405064,-0.1650202174395798,0.9862901843961512,-0.2403989788105227,-0.9706741631396488,8.02487115616112,57.42678753385761,0.5722528118028315,0.0897276100810819,6.177754927036511,47.752636022214574,0.5646072692516413,0.0811715732064733,-0.2736656786967057,-0.0330040434879159,-0.043271816185894,307.77777777777777
564,313.3333333333333,0.2532094232424722,0.157561672736106,0.1487067737310671,0.1113372683695619,0.1090393828173556,0.098808512760602,0.0989956942787818,0.0901423768231705,0.0928940282779769,0.0893787478562211,0.1862887497527282,0.0933914444576337,0.0699898326565739,0.0438446063679742,0.0371387636883586,0.0289702975314664,0.0253279290510732,0.0221566926985656,-0.1481207244316433,0.9889692871843117,0.4802047804382527,0.8771564107069214,-0.8801177643686586,-0.4747554326626651,8.02487115616112,57.42678753385761,0.5722528118028315,0.0897276100810819,6.177754927036511,47.752636022214574,0.5646072692516413,0.0225299593605677,-0.044436217329493,0.0960409560876505,-0.1584211975863585,313.3333333333333
574,318.88888888888886,0.275418767587115,0.1686457933014022,0.1626505195104101,0.117452481538238,0.1160755242238053,0.101455573161079,0.101968100112875,0.09105116633019,0.0938797735953083,0.0895981758931449,0.1930159325575296,0.0964889086703102,0.072331768630491,0.0445216634736221,0.0380723522173107,0.0295714355217765,0.0253437547323363,0.0222886731585082,0.7521589910744791,0.6589816781563973,0.9197938564608124,0.392401913370649,-0.943204943182464,0.3322114314050087,9.01228193222104,57.42678753385761,0.5722528118028315,0.0897276100810819,6.177754927036511,47.752636022214574,0.5646072692516413,0.0225299593605677,0.2256476973223437,0.1839587712921625,-0.1697768897728435,318.88888888888886
584,324.4444444444444,0.2898263346810154,0.1857662788598787,0.1724658726167787,0.1258119265540012,0.1213780850304186,0.1050322217563172,0.1048987033690975,0.0923329466398189,0.0946863164539297,0.0902827026158852,0.1951837988082054,0.097179508683234,0.0727691013080948,0.0446205243164513,0.0382937079576532,0.0295935379969502,0.0251695759644988,0.0222010034970865,0.9609071989456204,-0.2768706467187912,0.96550376822865,-0.2603890810619316,-0.3883273405824465,0.9215215008648276,9.01228193222104,47.58892343100625,0.5722528118028315,0.0897276100810819,6.177754927036511,47.752636022214574,0.5646072692516413,0.0225299593605677,0.2882721596836861,0.19310075364573,-0.0698989213048403,324.4444444444444
594,330.0,0.3332793646394834,0.2063554858426433,0.1901527073034433,0.1346926827152546,0.1286435042423342,0.1084534690909769,0.1080372782324137,0.0935869415281875,0.0955527403934126,0.0908938298251413,0.1904048197433559,0.0956021476112098,0.0712580548460301,0.0439413552556327,0.0379408223471074,0.0293269462917786,0.0254721154189086,0.0222597324386904,0.2862017595567536,-0.9581693758551346,0.5977603669052548,-0.8016748366746302,0.4209728261427711,0.9070732493296052,9.01228193222104,47.58892343100625,0.6957495768822443,0.0897276100810819,6.177754927036511,47.752636022214574,0.5646072692516413,0.0225299593605677,0.085860527867026,0.1195520733810509,0.0757751087056988,330.0
604,335.55555555555554,0.3248665698322848,0.2008806080889954,0.18620815044872,0.132008368284197,0.1262257075565283,0.1067912274750964,0.1064926093738775,0.0921177499833305,0.0937751590968418,0.0894497768208788,0.1834233415379769,0.0925594141175782,0.0689136255213944,0.0428098453615563,0.0374769917210855,0.0287737999907124,0.0258282551894329,0.0223765129951713,-0.6516362576815548,-0.7585315996547397,-0.0259592535322582,-0.9996630017941286,0.9544619060317372,0.2983328173940356,9.01228193222104,47.58892343100625,0.6957495768822443,0.0884987539515915,6.177754927036511,47.752636022214574,0.5646072692516413,0.0225299593605677,-0.1954908773044664,-0.0051918507064516,0.1718031430857127,335.55555555555554
614,341.1111111111111,0.3225448923531804,0.1993719380329736,0.1851381613814759,0.1311445433149321,0.1259349800944176,0.1063244491263187,0.1063264158785596,0.0920897959149323,0.093767613787788,0.0887124807418734,0.2116052476285948,0.108406673526079,0.0882946924220915,0.0518087759523138,0.0465517918629507,0.0328572892820855,0.0294582021291824,0.0234383680439516,-0.9903629047820132,0.1384966311205186,-0.6385624602058163,-0.7695699996854706,0.8626109181104161,-0.5058679708745207,9.01228193222104,47.58892343100625,0.6957495768822443,0.0884987539515915,7.815168761489554,47.752636022214574,0.5646072692516413,0.0225299593605677,-0.2971088714346039,-0.1277124920411632,0.1552699652598749,341.1111111111111
624,346.66666666666663,0.3282153917986453,0.2019543890019079,0.1871609358387878,0.1321622779682327,0.1267088813771429,0.1066323597541956,0.106972027425622,0.0925506645269586,0.0936366723462307,0.0886269685371952,0.2102203686210903,0.1023415051432442,0.0860280071433154,0.0488459032089842,0.0449046704298681,0.0320016978334739,0.0286784925205164,0.0231936752352625,-0.4185544645184254,0.908191697953518,-0.9777169518400208,-0.2099275162637291,0.2055983804026011,-0.9786364524049916,9.01228193222104,47.58892343100625,0.6957495768822443,0.0884987539515915,7.815168761489554,52.75993161576665,0.5646072692516413,0.0225299593605677,-0.1255663393555276,-0.1955433903680042,0.0370077084724682,346.66666666666663
634,352.22222222222223,0.3372565336552311,0.2059561624084082,0.1912097391209581,0.1340061797838102,0.1279952879747989,0.1071672022812924,0.1073349036073661,0.0926897219247283,0.0939495230876939,0.0888233386425786,0.2429666737717967,0.1159611457587016,0.0975232121548074,0.0532183150728207,0.0493146223102292,0.0336893922426952,0.0298424735079175,0.0238094748704681,0.5380710201605928,0.842899506028648,-0.8981881339876635,0.4396112782490448,-0.5861171814177069,-0.8102262953317196,9.01228193222104,47.58892343100625,0.6957495768822443,0.0884987539515915,7.815168761489554,52.75993161576665,0.6352900487625577,0.0225299593605677,0.1614213060481778,-0.1796376267975327,-0.1055010926551872,352.22222222222223
644,357.77777777777777,0.3412731983550526,0.2080691202008899,0.1925666735795912,0.1346098318277244,0.1288701756568545,0.107688282535485,0.10779385530438,0.0927857894425685,0.0940169342503767,0.0890672665183467,0.2473959199094482,0.1180991925431192,0.0996705758971941,0.0540821361393352,0.0498530215322987,0.0342159550198695,0.0301871649718952,0.0239336206907575,0.9999964903456066,0.002649395491278,-0.4340322727238281,0.9008973228033196,-0.993823118908031,-0.1109757105132186,9.01228193222104,47.58892343100625,0.6957495768822443,0.0884987539515915,7.815168761489554,52.75993161576665,0.6352900487625577,0.0226182028752553,0.2999989471036819,-0.0868064545447656,-0.1788881614034455,357.77777777777777
654,363.3333333333333,0.3111612802246007,0.1912803459883249,0.1711361254057146,0.124111807651676,0.1177329836064386,0.1024257340136322,0.1021092326802228,0.0904206909226157,0.0917658137072386,0.0879426130946232,0.2437797565365939,0.117236772536082,0.0983695863953938,0.0537852277464032,0.0498399800788661,0.0343845338002528,0.0296353838899097,0.0239491908171098,0.5425297990269695,-0.8400365570424635,0.2159872661882171,0.9763961802693312,-0.7504004857954433,0.6609834422419087,7.8090030950022,47.58892343100625,0.6957495768822443,0.0884987539515915,7.815168761489554,52.75993161576665,0.6352900487625577,0.0226182028752553,0.1627589397080908,0.0431974532376434,-0.1350720874431797,363.3333333333333
664,368.88888888888886,0.3060841674826777,0.19364628303768,0.1708849404232376,0.125782742703872,0.1187382244729052,0.1030608894710807,0.1024156205401958,0.0905343516339747,0.091505471761953,0.0879026441052156,0.2360669166838292,0.1143606948015317,0.095453524806043,0.0524922273113474,0.0484816835949473,0.0340496443684412,0.0290028190140824,0.0238755764939799,-0.4137362875127194,-0.9103967730584244,0.7735155546985523,0.6337773162865574,-0.0153338303214199,0.9998824299124742,7.8090030950022,44.79127923659047,0.6957495768822443,0.0884987539515915,7.815168761489554,52.75993161576665,0.6352900487625577,0.0226182028752553,-0.1241208862538158,0.1547031109397104,-0.0027600894578555,368.88888888888886
674,374.4444444444444,0.2580343006054105,0.1707140706058362,0.1528960917208169,0.1173613035697231,0.1120524683116723,0.0997326122097194,0.1000642581500881,0.0893528942681429,0.0907159456847082,0.0874456054042124,0.2306402648819427,0.1120688859115836,0.0933624238532955,0.0517477361507381,0.0476456442964843,0.0336001041221036,0.0288417276180947,0.0235772313186841,-0.9896151393558494,-0.1437423944342891,0.9998047747125915,0.0197588578086882,0.7297791752818041,0.6836829347914205,7.8090030950022,44.79127923659047,0.5804996596207963,0.0884987539515915,7.815168761489554,52.75993161576665,0.6352900487625577,0.0226182028752553,-0.2968845418067548,0.1999609549425183,0.1313602515507247,374.4444444444444
684,380.0,0.2139357172639529,0.1109399241472216,0.0899528694954268,0.0483893647188068,0.0424542583764388,0.027619549646608,0.0273674786025464,0.0157552840858681,0.0174275943292134,0.0134954252062515,0.2328074952711629,0.1131920246647049,0.0936709227280823,0.0523030977813487,0.0476777959975614,0.0339961189029893,0.0291364137931412,0.024074079709662,-0.655646395919263,0.7550680787307069,0.7979521167226309,-0.6027208470078607,0.9967587361940652,-0.0804488770636981,7.8090030950022,44.79127923659047,0.5804996596207963,0.0145056140897618,7.815168761489554,52.75993161576665,0.6352900487625577,0.0226182028752553,-0.1966939187757788,0.1595904233445262,0.1794165725149317,380.0
694,385.55555555555554,0.2230637335887471,0.1143477560244578,0.0926713488038339,0.0495374719792447,0.0438101416416606,0.0284168325448022,0.0273077210561241,0.0156249066470857,0.0173778346658042,0.0140572097849705,0.2620592862547603,0.1283454647090889,0.1123711335097275,0.0604484700264557,0.056954386214604,0.0376151954867434,0.0333809923856595,0.0253011004058303,0.2811206202572212,0.9596724424855572,0.2543960317720423,-0.967100128745022,0.6106863819454836,-0.7918725547121424,7.8090030950022,44.79127923659047,0.5804996596207963,0.0145056140897618,8.903484153146465,52.75993161576665,0.6352900487625577,0.0226182028752553,0.0843361860771663,0.0508792063544084,0.109923548750187,385.55555555555554
704,391.1111111111111,0.2308461182117608,0.117289232685547,0.0955284493116131,0.0510078462255813,0.0453170665999079,0.0291642585246648,0.0276971900510393,0.0159653279016803,0.0177224552911436,0.01395386005726,0.2833737460995598,0.1506689791080246,0.1262951355128929,0.0714924734068051,0.0642339038573639,0.0421709864917948,0.0365509796768944,0.0271261225960321,0.9594266346233796,0.2819583883754056,-0.3980989155989186,-0.9173424951450604,-0.1754927351642102,-0.9844807260198568,7.8090030950022,44.79127923659047,0.5804996596207963,0.0145056140897618,8.903484153146465,44.300080747117605,0.6352900487625577,0.0226182028752553,0.2878279903870139,-0.0796197831197837,-0.0315886923295578,391.1111111111111
714,396.6666666666666,0.2304869310189964,0.1170858750291173,0.0956313259124258,0.0512055789818906,0.0451820663115919,0.0291342910844047,0.0278754040758135,0.0163501973505965,0.018042825543135,0.0138085884414847,0.2813680713654579,0.149989850062691,0.1263617750093492,0.071502359372627,0.0645937508949855,0.0426828414041619,0.0361118802276221,0.0270015005858557,0.7556402257394118,-0.6549869076893757,-0.880117764368662,-0.4747554326626588,-0.8466933096895727,-0.5320812337669102,7.8090030950022,44.79127923659047,0.5804996596207963,0.0145056140897618,8.903484153146465,44.300080747117605,0.6343530325222569,0.0226182028752553,0.2266920677218235,-0.1760235528737324,-0.152404795744123,396.6666666666666
724,402.2222222222222,0.2231563557214166,0.1136057602701524,0.0929415041456662,0.05012643111368,0.0439368872457183,0.0288590937429309,0.0276819945145207,0.0156465596296556,0.0178875784832878,0.0140663161652365,0.2859324419451125,0.1641673392898483,0.141909314557947,0.0905739252697842,0.0845887778350431,0.0637698007401478,0.0573602007307465,0.0490486661914987,-0.1428783218759178,-0.989740261451418,-0.9852477624027156,0.1711340021165926,-0.963161161672734,0.2689248531564714,7.8090030950022,44.79127923659047,0.5804996596207963,0.0145056140897618,8.903484153146465,44.300080747117605,0.6343530325222569,0.0450630122218605,-0.0428634965627753,-0.1970495524805431,-0.1733690091010921,402.2222222222222
734,407.77777777777777,0.2410811646675517,0.1263875875079814,0.1102636800019604,0.059662538546675,0.0544327894763319,0.0341692241815059,0.0328855026057883,0.0177279921086831,0.0200174277664949,0.0149654099640446,0.2780546193835267,0.1605782205713637,0.1381199692863895,0.0886645283999926,0.0832248144885055,0.0636914995088614,0.0567323894869703,0.0490015316007692,-0.9100351992756786,-0.4145309832561085,-0.6684695659939159,0.7437394969610701,-0.4485894065784412,0.8937379617682142,9.197046483678411,44.79127923659047,0.5804996596207963,0.0145056140897618,8.903484153146465,44.300080747117605,0.6343530325222569,0.0450630122218605,-0.2730105597827035,-0.1336939131987831,-0.0807460931841194,407.77777777777777
744,413.3333333333333,0.2272553349339249,0.1087413267774293,0.0991874904523017,0.0501253142259306,0.04766528194103,0.0294466535547753,0.0295541685402198,0.0155774565548192,0.0183876556338889,0.01454461461273,0.2780889850273463,0.1603595713645356,0.1372416838886436,0.0886917883545538,0.0828093069433385,0.0633984517287398,0.0563998896807994,0.0489203401015395,-0.8405099113037244,0.5417961692372929,-0.065435669860714,0.9978567898801308,0.359887142574136,0.932995843833092,9.197046483678411,53.24429476676907,0.5804996596207963,0.0145056140897618,8.903484153146465,44.300080747117605,0.6343530325222569,0.0450630122218605,-0.2521529733911173,-0.0130871339721428,0.0647796856633445,413.3333333333333
754,418.88888888888886,0.2126094407875475,0.1030316124896498,0.0930648871163603,0.0478739356422169,0.0448867240884568,0.0281889405136825,0.0284342241217934,0.0153679491826375,0.0183209820179732,0.0147562190953044,0.2863304890188897,0.1642515793617839,0.1396148233374927,0.0898298740230542,0.0839732700285317,0.0637588533528574,0.0564734368333762,0.0494663608525589,0.0017763129108369,0.9999984223549768,0.5656194473060391,0.824666381532078,0.932574448888274,0.3609776963757347,9.197046483678411,53.24429476676907,0.5263231631616612,0.0145056140897618,8.903484153146465,44.300080747117605,0.6343530325222569,0.0450630122218605,0.000532893873251,0.1131238894612078,0.1678634007998893,418.88888888888886
764,424.4444444444444,0.2882606835169675,0.1995692163001265,0.1907531117043014,0.1539548964286898,0.1514647561941962,0.1383784012815802,0.1388608746221679,0.1268918973232409,0.1296917528190114,0.1268722421632009,0.2947934997825105,0.1683557443330373,0.1431047776922582,0.091073979187432,0.0852602221021167,0.0644097183233167,0.057274975716608,0.0493981095048632,0.8424294032270538,0.538806737688487,0.9544619060317372,0.2983328173940356,0.8942618133288321,-0.4475441980652068,9.197046483678411,53.24429476676907,0.5263231631616612,0.1267611481311829,8.903484153146465,44.300080747117605,0.6343530325222569,0.0450630122218605,0.2527288209681161,0.1908923812063474,0.1609671263991897,424.4444444444444
774,430.0,0.2888548795205473,0.2004068168368257,0.1912470120810792,0.1547406600177872,0.1521516029404401,0.1388278872316309,0.1392608896039982,0.1269346418331781,0.1298464796599468,0.1268876978294008,0.2946595528946362,0.1679014421350374,0.1434915264556704,0.0909170959814662,0.0852616698902423,0.0642042582472607,0.0571294484655476,0.0494846902285708,0.9085567852785652,-0.4177613767742052,0.9345794583884148,-0.3557544602087475,0.2700507365081657,-0.9628460934704972,9.197046483678411,53.24429476676907,0.5263231631616612,0.1267611481311829,8.834844513434938,44.300080747117605,0.6343530325222569,0.0450630122218605,0.2725670355835695,0.1869158916776829,0.0486091325714698,430.0
784,435.55555555555554,0.2830076209337964,0.1974946914946596,0.1886881928292087,0.153878688746038,0.1512179853662568,0.1382896743584755,0.1388471062618934,0.1266157252228961,0.1299948557904444,0.1264072337149354,0.267484869417419,0.1373735121361879,0.1259334610277208,0.0766293017515468,0.0763501868554191,0.0581728024978653,0.0532718333162053,0.0472525456689078,0.1393612489692598,-0.9902416080360024,0.5144862750308131,-0.8574986138792987,-0.531090969825348,-0.8473148067689903,9.197046483678411,53.24429476676907,0.5263231631616612,0.1267611481311829,8.834844513434938,58.07833576391853,0.6343530325222569,0.0450630122218605,0.0418083746907779,0.1028972550061626,-0.0955963745685626,435.55555555555554
794,441.1111111111111,0.2756941968376388,0.193717841811026,0.1855370685217698,0.1520639771642765,0.1498321959564531,0.1373614710130139,0.1383136001674041,0.1265446057437168,0.1298801591459375,0.1263996231442069,0.251946952121283,0.1310846429368276,0.1197323434986789,0.0742567059443849,0.0747169407720744,0.0575498947314951,0.0523327235216862,0.0475884544662164,-0.7579623769450551,-0.6522982716026483,-0.1259230396058107,-0.9920400133545186,-0.9842748781731876,-0.1766436078581854,9.197046483678411,53.24429476676907,0.5263231631616612,0.1267611481311829,8.834844513434938,58.07833576391853,0.6139438295718554,0.0450630122218605,-0.2273887130835165,-0.0251846079211621,-0.1771694780711737,441.1111111111111
804,446.6666666666666,0.2741559445167667,0.1926969990197304,0.1847507072454541,0.1515320707103319,0.1493843957763997,0.13704080360177,0.1381482430617225,0.1263056121359723,0.1297557946079124,0.1262016400087541,0.2349414866483349,0.1107516936047749,0.0986772316039638,0.0520771326583135,0.052030846557626,0.03433065179549,0.0288862009264868,0.024170433768465,-0.9584188890186744,0.2853650875145902,-0.712408900359854,-0.7017646034733183,-0.7925859894286711,0.6097601572433005,9.197046483678411,53.24429476676907,0.5263231631616612,0.1267611481311829,8.834844513434938,58.07833576391853,0.6139438295718554,0.021818993064139,-0.2875256667056023,-0.1424817800719708,-0.1426654780971608,446.6666666666666
814,452.2222222222222,0.2520661804924785,0.1794212551440999,0.1673388614482411,0.1429334902266898,0.1394274179396039,0.1325374119445994,0.1333919911756907,0.124513422627521,0.1284220776281652,0.1254782764914216,0.2407309266412398,0.1128384497843292,0.100282258339542,0.0528968546060957,0.0522981964575086,0.0346772005430725,0.0292139877684141,0.0241605788011718,-0.2777094945036903,0.9606651011994268,-0.993823118908031,-0.1109757105132186,-0.0816141693878604,0.996663999226986,7.015883183898664,53.24429476676907,0.5263231631616612,0.1267611481311829,8.834844513434938,58.07833576391853,0.6139438295718554,0.021818993064139,-0.0833128483511071,-0.1987646237816062,-0.0146905504898148,452.2222222222222
824,457.77777777777777,0.2554010952475132,0.177289693431936,0.1670076353577688,0.1418549352174389,0.1392272426077205,0.1322620870038632,0.1330862548325384,0.1248086552678776,0.1283555926573959,0.1254545300734329,0.2490403676589989,0.1161680114138718,0.103027796704711,0.0541921092369214,0.0533400675745105,0.0348104540719333,0.0295830096563531,0.0243284017334621,0.6583247285350398,0.7527340511756234,-0.8496569568710199,0.5273358091772999,0.6828292558545386,0.7305779953907297,7.015883183898664,58.55811369489049,0.5263231631616612,0.1267611481311829,8.834844513434938,58.07833576391853,0.6139438295718554,0.021818993064139,0.1974974185605119,-0.169931391374204,0.1229092660538169,457.77777777777777
834,463.3333333333333,0.2840807782109729,0.1886278609431914,0.175815019697806,0.1448371483297298,0.1419514016944316,0.1331202994214249,0.1342165700347708,0.1257116621343132,0.1288447515377354,0.1257510882015482,0.2524363137566099,0.1175930719570656,0.103859290653299,0.0545465129351933,0.0540245539627879,0.0350584074804971,0.0297849800226452,0.0239014448869772,0.9890982321786884,-0.1472572140881154,-0.3416460379628582,0.9398286996811076,0.9998996738972932,-0.0141648205102319,7.015883183898664,58.55811369489049,0.6104652975334527,0.1267611481311829,8.834844513434938,58.07833576391853,0.6139438295718554,0.021818993064139,0.2967294696536065,-0.0683292075925716,0.1799819413015127,463.3333333333333
844,468.88888888888886,0.2104721352507635,0.0992860256040502,0.0844026201630814,0.0477963731314737,0.0449937616692293,0.0345000673509275,0.0354787391068403,0.0260692888630098,0.0297855562538536,0.0261930520552068,0.2477694018047411,0.1160186230237852,0.1026544952557335,0.0539074903338836,0.0534844623939613,0.034904408583406,0.0299090928564689,0.0240522790265167,0.4104993826174394,-0.9118608758306834,0.3126664190111701,0.9498629956065936,0.6618603113118487,-0.7496271928833576,7.015883183898664,58.55811369489049,0.6104652975334527,0.0270828747673367,8.834844513434938,58.07833576391853,0.6139438295718554,0.021818993064139,0.1231498147852318,0.062533283802234,0.1191348560361327,468.88888888888886
854,474.4444444444444,0.2021575552565145,0.0964069933807853,0.0816653892801579,0.0471583433069397,0.0442067783954447,0.0343116980369281,0.0353946279879579,0.0260053746475382,0.0297451876942739,0.0261352944355649,0.2358428607357743,0.1109737239032526,0.0975461210880456,0.0518046459985169,0.0515575234408371,0.033810241437188,0.0288843031598565,0.023323656883624,-0.545510706207386,-0.83810385359639,0.8330871491101043,0.5531417557801968,-0.1098137194998809,-0.9939521854745336,7.015883183898664,58.55811369489049,0.6104652975334527,0.0270828747673367,8.65217068258941,58.07833576391853,0.6139438295718554,0.021818993064139,-0.1636532118622158,0.1666174298220208,-0.0197664695099785,474.4444444444444
864,480.0,0.1978968429650655,0.0949498554517677,0.0801117107483105,0.0465484785251638,0.0437368495300039,0.0341157197643153,0.0345568204602828,0.02604831348123,0.0299053458739479,0.0261694462896188,0.2374087071454332,0.1174400787122091,0.1002444794300717,0.0547754688201104,0.0535884287166525,0.0354215226207442,0.0295574325624563,0.0239272282243169,-0.9999807674966554,0.0062019865204627,0.9967587361940656,-0.0804488770636911,-0.8095404904318835,-0.5870640462090193,7.015883183898664,58.55811369489049,0.6104652975334527,0.0270828747673367,8.65217068258941,52.83143410444961,0.6139438295718554,0.021818993064139,-0.2999942302489966,0.1993517472388131,-0.145717288277739,480.0
874,485.55555555555554,0.2013314067035551,0.0963697405275688,0.0809218177394937,0.0470267911758039,0.0440156202892506,0.0345171714511282,0.0347875957277345,0.0264039589510209,0.0298352259399066,0.0261174624160535,0.240825008406277,0.1188095915307277,0.1017175350225068,0.0555901976680382,0.0542558551011361,0.035251300958763,0.0298260305537786,0.0241196386394148,-0.535073122797096,0.844805748832336,0.7335928365759875,-0.6795892510365334,-0.9788761561949268,0.2044540800107575,7.015883183898664,58.55811369489049,0.6104652975334527,0.0270828747673367,8.65217068258941,52.83143410444961,0.6139388548947615,0.021818993064139,-0.1605219368391287,0.1467185673151975,-0.1761977081150868,485.55555555555554
884,491.1111111111111,0.209612027295714,0.0990290720936372,0.0833142046730998,0.0479460779232233,0.0449090730487899,0.0348446893408093,0.035199663423333,0.026144315372585,0.0299692935801103,0.0265769355331121,0.2706030882864679,0.151652910694353,0.1339369149593994,0.089298396275366,0.08784553597395,0.0692378520498991,0.0640975686382548,0.0580285771143748,0.4217782833859809,0.9066990016890804,0.1562837935305251,-0.9877121928374216,-0.5068761353009783,0.8620188997129613,7.015883183898664,58.55811369489049,0.6104652975334527,0.0270828747673367,8.65217068258941,52.83143410444961,0.6139388548947615,0.056443175419488,0.1265334850157942,0.031256758706105,-0.0912377043541761,491.1111111111111
894,496.6666666666666,0.2299693500469833,0.1077679146621555,0.0944097369671954,0.0530700537257977,0.0496388263426379,0.0370090001763174,0.0373394725583881,0.0268474765653408,0.0308732490060333,0.0271694480733885,0.2757872577780397,0.1538515678361452,0.1358447918625498,0.0899504491208282,0.0887603572821431,0.0694193569767416,0.0644763928015339,0.0583095639500496,0.9908486809542004,0.1349773738495509,-0.4879499517729242,-0.872871608293454,0.2972167169751811,0.9548100455852436,7.715056902902815,58.55811369489049,0.6104652975334527,0.0270828747673367,8.65217068258941,52.83143410444961,0.6139388548947615,0.056443175419488,0.2972546042862601,-0.0975899903545848,0.0534990090555325,496.6666666666666
904,502.2222222222222,0.247086915443862,0.131461881967233,0.1064633285707818,0.0642123173076703,0.0559077464038326,0.0417504678034849,0.0402150652816095,0.028904449202964,0.0320230850501264,0.0276081641747951,0.2734162269078152,0.1529778387599726,0.1341836502138206,0.0896793330471115,0.0883321850798084,0.0690680757507342,0.064382040378719,0.0585714515326485,0.6489373707859352,-0.7608418290271886,-0.923231095520654,-0.384245161666003,0.9065804545815286,0.4220330311370769,7.715056902902815,44.789784253636896,0.6104652975334527,0.0270828747673367,8.65217068258941,52.83143410444961,0.6139388548947615,0.056443175419488,0.1946812112357805,-0.1846462191041308,0.1631844818246751,502.2222222222222
914,507.77777777777777,0.2006936855182506,0.1099496633170758,0.089722762646399,0.0565397031907703,0.0499209292661515,0.0394450815571177,0.0382137591892364,0.0282270571157577,0.0315755458454399,0.0272989130198411,0.2652557904484058,0.1496585584180735,0.131133931212455,0.0885281699372779,0.0870100137112582,0.0683218990631872,0.0634682378209863,0.0585157885952482,-0.2896039653549008,-0.9571465630982108,-0.963161161672734,0.2689248531564714,0.921974878838832,-0.3872496904971278,7.715056902902815,44.789784253636896,0.5076114573382479,0.0270828747673367,8.65217068258941,52.83143410444961,0.6139388548947615,0.056443175419488,-0.0868811896064702,-0.1926322323345468,0.1659554781909897,507.77777777777777
924,513.3333333333333,0.2594534120907132,0.1931052473596565,0.17738061522409,0.1533084096341279,0.1479399223884563,0.1408220826888124,0.1402569168009984,0.1315048053774968,0.1352549556122257,0.1313879061284474,0.258936422490809,0.1471974839730769,0.129081918252372,0.087461280225244,0.0861852363310832,0.0676927208472141,0.0633584901286513,0.0583762675020024,-0.9618847513255586,-0.2734551611642541,-0.5906410785467989,0.8069343940699728,0.3333139399549109,-0.94281589795237,7.715056902902815,44.789784253636896,0.5076114573382479,0.1314328212163906,8.65217068258941,52.83143410444961,0.6139388548947615,0.056443175419488,-0.2885654253976675,-0.1181282157093597,0.0599965091918839,513.3333333333333
934,518.8888888888889,0.2603593909223602,0.1938865959386491,0.1770708081282144,0.1532731673679805,0.1478960700755228,0.1406542172325762,0.1399294058323729,0.131439096721653,0.1354048227410618,0.131450458066075,0.2381398161542653,0.1354838875187412,0.1144061739700498,0.0806350471938757,0.0785799612835621,0.0644796626461589,0.0601368368061095,0.0570994777518082,-0.7498131328862885,0.6616496548410261,0.0348065630297582,0.9993940680082384,-0.4737261301403302,-0.8806722169015364,7.715056902902815,44.789784253636896,0.5076114573382479,0.1314328212163906,7.403190650442289,52.83143410444961,0.6139388548947615,0.056443175419488,-0.2249439398658865,0.0069613126059516,-0.0852707034252594,518.8888888888889
944,524.4444444444445,0.2671765723046211,0.1972990951377488,0.1794567570137919,0.154321649871909,0.1486566721783325,0.1410169277890323,0.1398794941471686,0.1318667904364737,0.1357421336102044,0.1317016980404086,0.2475591176864235,0.1416308216091751,0.1187725404792081,0.0829664203525159,0.0799011878361822,0.0652623363795111,0.0604402698118348,0.0573837370229927,0.1516332219882075,0.9884368295391844,0.6453491474998329,0.763887739017481,-0.970392440451801,-0.2415336653843474,7.715056902902815,44.789784253636896,0.5076114573382479,0.1314328212163906,7.403190650442289,50.95270398427471,0.6139388548947615,0.056443175419488,0.0454899665964622,0.1290698294999665,-0.1746706392813241,524.4444444444445
954,530.0,0.2736093338643894,0.2008135099632141,0.1819862395291127,0.1558351675159754,0.1496007498640038,0.1410770365814073,0.1399057173976635,0.132271051709309,0.1362654125045968,0.1314147833479827,0.2370564194039946,0.1369618432897364,0.1151998039808414,0.0813514396906744,0.0788357420498181,0.0650180014692109,0.060493920657648,0.0575635091811025,0.9136686918591708,0.4064597415690164,0.9795367845170068,0.2012652175068592,-0.8312813869105229,0.5558518289761377,7.715056902902815,44.789784253636896,0.5076114573382479,0.1314328212163906,7.403190650442289,50.95270398427471,0.564432661956045,0.056443175419488,0.2741006075577512,0.1959073569034013,-0.1496306496438941,530.0
964,535.5555555555555,0.2736639358091614,0.2006849179481878,0.182143451979959,0.1556665114360584,0.1495966721965991,0.1413400661034545,0.1397449994863388,0.1321153361670963,0.136056547506111,0.1314202612713178,0.2741912302828432,0.1853035054901787,0.1648161185483675,0.1350158832524792,0.1330332709770906,0.1202724109679079,0.116011155225707,0.1134941062636992,0.8356813800338802,-0.5492145583145713,0.8942618133288321,-0.4475441980652068,-0.1475351252221657,0.9890568167833838,7.715056902902815,44.789784253636896,0.5076114573382479,0.1314328212163906,7.403190650442289,50.95270398427471,0.564432661956045,0.1126987379782391,0.250704414010164,0.1788523626657664,-0.0265563225399898,535.5555555555555
974,541.1111111111111,0.249896759638161,0.18713497840692,0.1681809109700725,0.1485842120173199,0.1426327788854186,0.1381033394277679,0.1366918758572503,0.1308196011470393,0.1349535162835754,0.1309270196345472,0.2673843508838321,0.1820937397931131,0.1625124056875341,0.1344615729827701,0.132197219569269,0.119852005039065,0.1159952703293631,0.1132777641425372,-0.0106275386524216,-0.999943526116446,0.4260411492718455,-0.904703785295013,0.6328725376470995,0.7742559984217886,6.480629986565633,44.789784253636896,0.5076114573382479,0.1314328212163906,7.403190650442289,50.95270398427471,0.564432661956045,0.1126987379782391,-0.0031882615957264,0.0852082298543691,0.1139170567764779,541.1111111111111
984,546.6666666666666,0.2419310072626228,0.181401833254837,0.1647199516667232,0.1464824365184669,0.1414927011350656,0.1375604205074229,0.1359295929332075,0.1305690849973628,0.1347740059639194,0.1309966815046633,0.2596417873464248,0.1787260543148278,0.1599925912395808,0.1335470118110429,0.1310100499966333,0.1192879090961135,0.1154096495002382,0.1134592424490001,-0.8471655473130925,-0.531329027482697,-0.2246211897698139,-0.9744461612148684,0.99863761173782,0.0521816100037466,6.480629986565633,47.44370545130408,0.5076114573382479,0.1314328212163906,7.403190650442289,50.95270398427471,0.564432661956045,0.1126987379782391,-0.2541496641939277,-0.0449242379539627,0.1797547701128075,546.6666666666666
994,552.2222222222222,0.2410989990553097,0.1805924194340397,0.1641993273569141,0.1465001010028447,0.1411075813337674,0.1372228243008289,0.1357431570761036,0.1305996089168322,0.1347537990495833,0.1308389104705126,0.2587109066632378,0.1784723965370488,0.1595906913716195,0.1330791124948012,0.131090106676695,0.1192801463401802,0.1152454780595716,0.1136855831841025,-0.9048234586781954,0.4257869286692912,-0.7790950123531515,-0.6269058635285227,0.7101197774216412,-0.704080891456826,6.480629986565633,47.44370545130408,0.5060700588768223,0.1314328212163906,7.403190650442289,50.95270398427471,0.564432661956045,0.1126987379782391,-0.2714470376034586,-0.1558190024706303,0.1278215599358954,552.2222222222222
1004,557.7777777777777,0.1700444776206857,0.0854147161360992,0.0647299302410254,0.0387366315430605,0.0324475998594152,0.0261131379437339,0.0242707419384646,0.0183306206927832,0.0221303897221836,0.0180397531758462,0.2646653394384881,0.1810698623361634,0.1613357759195907,0.1336711547211209,0.1319598629607705,0.119639865703633,0.1157234138166236,0.1143405391694606,-0.1305908549417222,0.9914363462197612,-0.9999405005165968,-0.0109085024919863,-0.0436511455301369,-0.9990468344847035,6.480629986565633,47.44370545130408,0.5060700588768223,0.0184338153307514,7.403190650442289,50.95270398427471,0.564432661956045,0.1126987379782391,-0.0391772564825166,-0.1999881001033193,-0.0078572061954246,557.7777777777777
1014,563.3333333333333,0.1765976049982547,0.0885896885999867,0.0670225387075057,0.0400474301379896,0.0331957926689274,0.0264976520862564,0.0243921516918399,0.0183401902975081,0.0219954514591654,0.017814760886153,0.295138379291532,0.1972019121008106,0.1806919946915809,0.1427060714690955,0.1415754606751269,0.1238816639672645,0.1194233105521245,0.1159720126309188,0.7637063785775808,0.6455637592987364,-0.7925859894286711,0.6097601572433005,-0.7688229068670624,-0.6394617563830383,6.480629986565633,47.44370545130408,0.5060700588768223,0.0184338153307514,8.901444706192104,50.95270398427471,0.564432661956045,0.1126987379782391,0.2291119135732742,-0.1585171978857342,-0.1383881232360712,563.3333333333333
1024,568.8888888888889,0.1776471336432351,0.0897867431558369,0.0673066784449235,0.0400991495379626,0.0334494267681238,0.0270017667872948,0.0242709211167501,0.0182113557706865,0.0218170144554047,0.0176105381347399,0.2950814931133905,0.1947601925832687,0.17998322386379,0.1417947608958877,0.1414261459664474,0.1235837797633006,0.1193194611822615,0.1157032925382379,0.955855489645069,-0.2938371707517371,-0.245825963807983,0.9693139819056962,-0.9902807266877492,0.1390830052550758,6.480629986565633,47.44370545130408,0.5060700588768223,0.0184338153307514,8.901444706192104,53.15521460077029,0.564432661956045,0.1126987379782391,0.2867566468935206,-0.0491651927615966,-0.1782505308037948,568.8888888888889
1034,574.4444444444445,0.171815884481867,0.0875676878408505,0.0656896483224948,0.0391347139378724,0.0328203271631894,0.0266574749936987,0.0239443696727143,0.0184060463015373,0.0218233269486745,0.0170928781890115,0.297649752320713,0.1960254295403363,0.1809851514636212,0.1421050883717089,0.1414533430134955,0.1239736948747491,0.1195145067589871,0.1157202594494712,0.2691954716863338,-0.9630855611126004,0.4062030027788633,0.9137828629020324,-0.5629308645415518,0.8265039877378094,6.480629986565633,47.44370545130408,0.5060700588768223,0.0184338153307514,8.901444706192104,53.15521460077029,0.5856440492778963,0.1126987379782391,0.0807586415059001,0.0812406005557726,-0.1013275556174793,574.4444444444445
1044,580.0,0.1640679262195832,0.084355399078105,0.0632693069263759,0.03803150704234,0.0317896134016927,0.0261988576499764,0.0237691655001782,0.0184269231488741,0.0215625922297545,0.0169756171333689,0.268142332265294,0.1639972402861335,0.147929612903701,0.1086452601261941,0.1080516176784823,0.0901750605902226,0.0859880082952823,0.0815150020952316,-0.6649616214822976,-0.7468775280831748,0.8842854941544778,0.4669466402363026,0.2332375149077431,0.9724197970216673,6.480629986565633,47.44370545130408,0.5060700588768223,0.0184338153307514,8.901444706192104,53.15521460077029,0.5856440492778963,0.078561016186572,-0.1994884864446892,0.1768570988308955,0.0419827526833937,580.0
1054,585.5555555555555,0.2046893635157322,0.1086736998549811,0.0933358404298847,0.0538962778526459,0.0479305623074264,0.0340110919493144,0.0312137800520422,0.0220377819540329,0.024109895425151,0.0183263595051565,0.2648017370700065,0.1624148488451125,0.1464702266525803,0.1083481500989659,0.1074206302731005,0.0900461919795726,0.0861694966882124,0.0816866993709474,-0.987756066487739,0.1560062598637291,0.9836944067128494,-0.1798480308534273,0.8765943861484953,0.4812299680744567,9.192989467407278,47.44370545130408,0.5060700588768223,0.0184338153307514,8.901444706192104,53.15521460077029,0.5856440492778963,0.078561016186572,-0.2963268199463216,0.1967388813425699,0.1577869895067291,585.5555555555555
1064,591.1111111111111,0.2114510156447716,0.1123842035033758,0.0963570153066307,0.0553949421415162,0.0489193811919952,0.0346203190969506,0.0314372707354753,0.0225583564481377,0.0244879980185825,0.0183403593782065,0.2699073006355953,0.1643810920007987,0.1484931616171924,0.1090442655047914,0.1082548564011983,0.0900776476498482,0.086359865823692,0.0815473531946906,-0.4024121392348401,0.9154586119516488,0.6618603113118594,-0.7496271928833482,0.9456280817737016,-0.3252499515157374,9.192989467407278,46.88421333992052,0.5060700588768223,0.0184338153307514,8.901444706192104,53.15521460077029,0.5856440492778963,0.078561016186572,-0.120723641770452,0.1323720622623719,0.1702130547192663,591.1111111111111
1074,596.6666666666666,0.2678121671418463,0.1384711437776103,0.1193461659608171,0.0662749853487855,0.0581565928460567,0.0393019077602734,0.0352005667513556,0.0239681589895193,0.0263069054411006,0.0190361138123326,0.2784845343881763,0.1684076710233951,0.1520168703726132,0.1104065319181534,0.1089902778737812,0.0907337339380802,0.0870159270631332,0.0816377582782899,0.5529076530119089,0.8332425380649157,0.0566007674348547,-0.998396891584597,0.3951094149183332,-0.9186340676476638,9.192989467407278,46.88421333992052,0.6180581964579429,0.0184338153307514,8.901444706192104,53.15521460077029,0.5856440492778963,0.078561016186572,0.1658722959035726,0.0113201534869709,0.0711196946852999,596.6666666666666
1084,602.2222222222222,0.3238890899487576,0.2081978711513189,0.1918022804810236,0.1449035244176248,0.1378265049662909,0.1210589976132506,0.1174564151590142,0.1070897941953001,0.1096354794916859,0.1024170589217942,0.2827562224816362,0.1708088697601615,0.154297317520764,0.1111707997460328,0.1095188692172541,0.0909383817479625,0.0877482568138816,0.0814757828117191,0.9998866989437916,-0.0150528826238586,-0.5728966671573459,-0.819627603707931,-0.4142752650865518,-0.9101516383204872,9.192989467407278,46.88421333992052,0.6180581964579429,0.1025526560009315,8.901444706192104,53.15521460077029,0.5856440492778963,0.078561016186572,0.2999660096831374,-0.1145793334314691,-0.0745695477155793,602.2222222222222
1094,607.7777777777777,0.3208411995267312,0.2065297834899805,0.1906671665253641,0.1444770181221059,0.1375103531727032,0.1208187328256288,0.1177184357380834,0.1074812860198078,0.1096284561052543,0.1021753945295605,0.2472305721707875,0.1517265853846426,0.1310063641210994,0.1007012924551891,0.0981372542663716,0.0860431925598351,0.0831031826401438,0.0797912048738248,0.5275745250805048,-0.8495087524481897,-0.9570651523559288,-0.2898728930857849,-0.9522369362482304,-0.3053601435102224,9.192989467407278,46.88421333992052,0.6180581964579429,0.1025526560009315,7.066241331070536,53.15521460077029,0.5856440492778963,0.078561016186572,0.1582723575241514,-0.1914130304711857,-0.1714026485246814,607.7777777777777
1104,613.3333333333333,0.3116991647361595,0.2016745221611194,0.1864513281713068,0.1428346549436301,0.1358280230874884,0.1199847721132695,0.1172009427371736,0.1072737321390823,0.1094477916299806,0.1026262503072281,0.2428408140917041,0.1523419874766211,0.1306196976967525,0.1009720233327474,0.0977506258823831,0.0858227383893609,0.0830626950154173,0.0796739276630667,-0.4297872341072202,-0.9029301929819744,-0.9313939547827832,0.3640127758665712,-0.8663162853163362,0.4994958396180135,9.192989467407278,46.88421333992052,0.6180581964579429,0.1025526560009315,7.066241331070536,50.3819697299198,0.5856440492778963,0.078561016186572,-0.128936170232166,-0.1862787909565566,-0.1559369313569405,613.3333333333333
1114,618.8888888888888,0.3048380979844009,0.1987411721349423,0.1836311457454829,0.141736016906089,0.1344651136876802,0.1192509206728156,0.1171167603556616,0.1071843902853277,0.1097473734497385,0.1025332056657726,0.2605023827452196,0.1594928071508764,0.1361210571348284,0.1033322284274586,0.0994009180674227,0.0863016313580549,0.0836524349761826,0.0803020644990681,-0.9920045923221472,-0.1262017781640605,-0.5068761353009783,0.8620188997129613,-0.2128064187422862,0.977094380365624,9.192989467407278,46.88421333992052,0.6180581964579429,0.1025526560009315,7.066241331070536,50.3819697299198,0.6530494766557045,0.078561016186572,-0.2976013776966441,-0.1013752270601956,-0.0383051553736115,618.8888888888888
1124,624.4444444444445,0.3065781611149636,0.2000791162642352,0.1841543078377711,0.1420627144984531,0.1345091681113954,0.1193354069797635,0.1171003157198626,0.1072148671126588,0.1097951843248427,0.1024916386439502,0.3013601561105331,0.2099612745045427,0.1878028375485395,0.1584185181090649,0.154813796515474,0.1433102991720607,0.1406161783308538,0.1388160188105993,-0.6421775032196706,0.7665559694885625,0.1346989597330084,0.9908865678001924,0.5801290021527876,0.8145246103471712,9.192989467407278,46.88421333992052,0.6180581964579429,0.1025526560009315,7.066241331070536,50.3819697299198,0.6530494766557045,0.1363768970985825,-0.1926532509659011,0.0269397919466016,0.1044232203875017,624.4444444444445
1134,630.0,0.2727720783484294,0.1796570782797655,0.1567123513742348,0.1278107082342668,0.1189178244798078,0.1120861835708835,0.1093807881484923,0.1037574339407781,0.1067761762547139,0.1015372150885695,0.3088389833703852,0.2130209754031191,0.1901955128945675,0.1592662177692369,0.1556029000541669,0.1439819667146731,0.1409228933971517,0.1385556918830129,0.2980646207896799,0.95454569394739,0.7185925282891245,0.6954313613053728,0.9929781071327172,0.118298261843216,6.88339928984581,46.88421333992052,0.6180581964579429,0.1025526560009315,7.066241331070536,50.3819697299198,0.6530494766557045,0.1363768970985825,0.0894193862369039,0.1437185056578249,0.178736059283889,630.0
1144,635.5555555555555,0.2653016718220403,0.1666182012417563,0.1508126832519961,0.1219206248518931,0.1156178008995592,0.1096728482726869,0.1077096081746247,0.1028797828841066,0.1062030099053202,0.1012606228339416,0.3141500904289205,0.2153913747059289,0.192319267981098,0.1598283738965672,0.1562617451592351,0.1443337124999159,0.1411552774612671,0.1385381637533252,0.964267507040424,0.2649305095039942,0.9947664676108444,0.1021747273891284,0.7552522725321318,-0.6554342109129264,6.88339928984581,58.66838784614857,0.6180581964579429,0.1025526560009315,7.066241331070536,50.3819697299198,0.6530494766557045,0.1363768970985825,0.2892802521121271,0.1989532935221689,0.1359454090557837,635.5555555555555
1154,641.1111111111111,0.2286672229690691,0.1524624668188277,0.1397930217391474,0.1179208089288838,0.1117994327330047,0.1080275482618045,0.1070014926208953,0.1030150354749824,0.1059976569147276,0.1014985886976516,0.3131399342370168,0.2150854051804016,0.1925522998901265,0.159840340941684,0.1568606359602996,0.1441667988744315,0.1411487382535891,0.1388107082909797,0.7439272942656475,-0.6682605635877316,0.8449560603977716,-0.5348357280484143,0.0227036437116062,-0.9997422390607572,6.88339928984581,58.66838784614857,0.5010357731630865,0.1025526560009315,7.066241331070536,50.3819697299198,0.6530494766557045,0.1363768970985825,0.2231781882796942,0.1689912120795543,0.0040866558680891,641.1111111111111
1164,646.6666666666666,0.2303468018857053,0.1597426023658125,0.1473776078238391,0.1269876198614822,0.1212279757412518,0.118166094673155,0.1173779349111903,0.1132301759973139,0.1167169803553294,0.1120965290719069,0.3063046134376906,0.2120934657937415,0.1904120714127583,0.1589298408040654,0.1563586177175479,0.1437167918962269,0.1408313562208298,0.1386177138983474,-0.160376242060473,-0.9870559563583824,0.3333139399549243,-0.9428158979523654,-0.724719856498165,-0.6890436340300077,6.88339928984581,58.66838784614857,0.5010357731630865,0.112946625539663,7.066241331070536,50.3819697299198,0.6530494766557045,0.1363768970985825,-0.0481128726181418,0.0666627879909848,-0.1304495741696696,646.6666666666666
1174,652.2222222222222,0.2255511793902412,0.1574513530115874,0.1459688804589356,0.1264041859907897,0.1206325526004784,0.1178836352888812,0.1171512815343959,0.1135808820934483,0.1164938316990566,0.1122909387021639,0.3231766174150624,0.2219921976240806,0.2046515400651228,0.1658041036911301,0.1634014812847596,0.1471724466855722,0.1443086404243091,0.140521466633541,-0.9172306010491283,-0.3983566548949,-0.3210617018978648,-0.9470582788690708,-0.997324653790574,0.0730994866022428,6.88339928984581,58.66838784614857,0.5010357731630865,0.112946625539663,8.431580490951735,50.3819697299198,0.6530494766557045,0.1363768970985825,-0.2751691803147385,-0.0642123403795729,-0.1795184376823033,652.2222222222222
1184,657.7777777777777,0.226094333290376,0.1575871739407727,0.1461750154887184,0.1259065067265109,0.1209910619644178,0.1181395806504813,0.1175542003271433,0.1137512757017268,0.1164529616450835,0.1124862920666958,0.3340247202003882,0.2360502341617598,0.2122123980776796,0.1728596132457485,0.1672649158097621,0.1496762909626545,0.1459072031065479,0.1415888432022225,-0.8307873754588468,0.5565899179631275,-0.8379505428447398,-0.5457461752007118,-0.6165067605711761,0.7873496136850735,6.88339928984581,58.66838784614857,0.5010357731630865,0.112946625539663,8.431580490951735,42.73528103085163,0.6530494766557045,0.1363768970985825,-0.249236212637654,-0.1675901085689479,-0.1109712169028117,657.7777777777777
1194,663.3333333333333,0.2319649636135541,0.1600319618854478,0.1483036694448266,0.1266607062169054,0.1216231760725616,0.1182939882337301,0.1177594584375269,0.1138962536062898,0.1165318291926339,0.1126985408234247,0.3145090762893922,0.2261632658002375,0.2041340524893275,0.1691834472431191,0.1642025034527392,0.1480487367495191,0.1448562178357919,0.140982180119258,0.0194779317560243,0.99981028709176,-0.996007611667735,0.0892683454531019,0.1682312650544882,0.9857475546295646,6.88339928984581,58.66838784614857,0.5010357731630865,0.112946625539663,8.431580490951735,42.73528103085163,0.583780730182637,0.1363768970985825,0.0058433795268073,-0.199201522333547,0.0302816277098078,663.3333333333333
1204,668.8888888888888,0.2375900599639384,0.1628905497463557,0.1505201780999666,0.1270690808645561,0.1221695293331657,0.1183971597773324,0.1178685276157322,0.1136961671736229,0.1163306379720375,0.1127752752407692,0.3142495903838664,0.2185502300699116,0.1952462687785218,0.1574740481628384,0.1518248817312366,0.1352711705107634,0.1313847408124631,0.1269594890846424,0.8518353183414913,0.5238096891296019,-0.727548844448357,0.6860558861651581,0.8427482854916172,0.5383078369306356,6.88339928984581,58.66838784614857,0.5010357731630865,0.112946625539663,8.431580490951735,42.73528103085163,0.583780730182637,0.1222884416992568,0.2555505955024473,-0.1455097688896714,0.1516946913884911,668.8888888888888
1214,674.4444444444445,0.2311763484858236,0.16037260837747,0.1466994992821883,0.1254613476935201,0.1204232049704556,0.1177514425913161,0.1169078084588753,0.1132218810962481,0.1163449238882915,0.1125578786934226,0.3155161045918141,0.2193926853250386,0.1958109193540017,0.157751460032675,0.1519765907045975,0.135017016006288,0.1314209950787342,0.1270544214706242,0.901019241683639,-0.4337791213461526,-0.1475351252221657,0.9890568167833838,0.9651172666346476,-0.261817993353525,6.4456678069907545,58.66838784614857,0.5010357731630865,0.112946625539663,8.431580490951735,42.73528103085163,0.583780730182637,0.1222884416992568,0.2703057725050917,-0.0295070250444331,0.1737211079942365,674.4444444444445
1224,680.0,0.2290449353838325,0.1640000967694238,0.1472862011513372,0.1267750159786754,0.1208981131907491,0.117729261985512,0.1174761336164842,0.1126845549010095,0.116399570966103,0.1130495249903699,0.3084644001331902,0.2163464303271163,0.1937931979988277,0.156862816241675,0.1513144959720778,0.1345070281470894,0.1314732454721328,0.1268737295513309,0.1218102294849817,-0.9925534081311777,0.4956568935898819,0.8685184188241655,0.4551650486306003,-0.8904070858349585,6.4456678069907545,52.569238957325815,0.5010357731630865,0.112946625539663,8.431580490951735,42.73528103085163,0.583780730182637,0.1222884416992568,0.0365430688454945,0.0991313787179763,0.081929708753508,680.0
1234,685.5555555555555,0.2692125239440028,0.1810001824410674,0.1595282944028652,0.131657048627169,0.1247452425811669,0.1188661629878959,0.1187365538023162,0.1133698200190275,0.1165586128887726,0.113482969631113,0.2996918891076127,0.2122147653679622,0.190790746172097,0.1551387308862495,0.1503738578310622,0.1337962509494459,0.13093125984011,0.1267987706185289,-0.7693905459455131,-0.6387786688749595,0.9265960019993038,0.3760583054247122,-0.3530001630788932,-0.93562326011396,6.4456678069907545,52.569238957325815,0.6586047316196068,0.112946625539663,8.431580490951735,42.73528103085163,0.583780730182637,0.1222884416992568,-0.2308171637836539,0.1853192003998607,-0.0635400293542007,685.5555555555555
1244,691.1111111111111,0.2418106593381762,0.1485430860384785,0.1260711401547392,0.096576271992135,0.0897207883536637,0.083361202470306,0.0828388586502275,0.0770289419511182,0.0809992633993062,0.0776397810533574,0.2971187554627502,0.2110162166967651,0.1898910668664882,0.1540052553219863,0.1500882928126674,0.1340087428493797,0.130914889759973,0.1268005878519522,-0.9532172016599972,0.3022862326661346,0.9607430941263252,-0.2774395557388581,-0.92988831226573,-0.3678419860641145,6.4456678069907545,52.569238957325815,0.6586047316196068,0.0769505374233312,8.431580490951735,42.73528103085163,0.583780730182637,0.1222884416992568,-0.2859651604979991,0.192148618825265,-0.1673798962078314,691.1111111111111
1254,696.6666666666666,0.2471480396047864,0.1506908312453848,0.1276953434097373,0.0968478682130887,0.090055000324378,0.0833287163698326,0.0828564971623026,0.0769069047671446,0.0811503250020024,0.0776940406211741,0.2994981610842344,0.2112117151733652,0.1892270492650641,0.1533667637949532,0.1493098737559001,0.1333918472245043,0.1304336356643901,0.1264468813299032,-0.2606603581546308,0.9654305659583704,0.5834755151073104,-0.8121307304062929,-0.8975364105155246,0.4409403494792779,6.4456678069907545,52.569238957325815,0.6586047316196068,0.0769505374233312,8.17754826165326,42.73528103085163,0.583780730182637,0.1222884416992568,-0.0781981074463892,0.116695103021462,-0.1615565538927944,696.6666666666666
1264,702.2222222222222,0.2552764093390797,0.1535424338131287,0.1297514261970363,0.0975731916243672,0.0909530351680872,0.0835863938796907,0.0833217063418368,0.0767403084326262,0.0813226204168444,0.0781025238353466,0.3058922233049993,0.2118405640094062,0.1907414809152126,0.1534092756064235,0.149185824935853,0.1330765580333931,0.1303189225188513,0.1261962623625518,0.6715464165412728,0.7409624892196469,-0.0436511455301086,-0.9990468344847048,-0.2771406316162536,0.9608293658643786,6.4456678069907545,52.569238957325815,0.6586047316196068,0.0769505374233312,8.17754826165326,44.52846965394288,0.583780730182637,0.1222884416992568,0.2014639249623818,-0.0087302291060217,-0.0498853136909256,702.2222222222222
1274,707.7777777777777,0.2592772750802483,0.1543155485406322,0.1312439085937569,0.0978878367136451,0.0917351435520531,0.0835396195035155,0.0833995602311897,0.0763971865826062,0.0812194056839969,0.0783942479871239,0.2924127748969356,0.2054073397352167,0.1857453233824557,0.1516913796602652,0.1476723735497589,0.1320789998524556,0.1293609860686227,0.1261553471810799,0.9863365128641004,-0.1647430829840408,-0.6520852734881984,-0.7581456298758317,0.5248309024521668,0.8512065106842429,6.4456678069907545,52.569238957325815,0.6586047316196068,0.0769505374233312,8.17754826165326,44.52846965394288,0.5397042295985346,0.1222884416992568,0.2959009538592301,-0.1304170546976397,0.09446956244139,707.7777777777777
1284,713.3333333333333,0.2561241764999464,0.1528511158624035,0.1307233441548433,0.0978240827713414,0.0913342768981142,0.0835810795745764,0.0830757847297371,0.0761898634307251,0.0810563555797838,0.0784249008719726,0.2458047904579343,0.1478970822562571,0.1258170494178727,0.088147504057966,0.0826679979750666,0.065743307441281,0.062637529833012,0.0585635101317131,0.3942933679835435,-0.9189846244438444,-0.9812798732191252,-0.1925871501815676,0.9829460813802384,0.1838939941902237,6.4456678069907545,52.569238957325815,0.6586047316196068,0.0769505374233312,8.17754826165326,44.52846965394288,0.5397042295985346,0.0544690425825527,0.118288010395063,-0.196255974643825,0.1769302946484429,713.3333333333333
1294,718.8888888888888,0.2596303430116341,0.1559233726417291,0.1357197968263442,0.1004779223271186,0.0936293208814115,0.0846652431791964,0.0840878409587637,0.0766642799374715,0.0813979323117829,0.0783358326370834,0.236910868582142,0.1435518071162238,0.1225043446777492,0.0866104734301301,0.0816624967305648,0.0650029892190071,0.0628790942139413,0.0583633848904384,-0.5602612810440533,-0.8283159403047103,-0.8902654297512648,0.4554420540417802,0.7970590583349059,-0.6039013640705518,6.97409928821487,52.569238957325815,0.6586047316196068,0.0769505374233312,8.17754826165326,44.52846965394288,0.5397042295985346,0.0544690425825527,-0.1680783843132159,-0.1780530859502529,0.143470630500283,718.8888888888888
1304,724.4444444444445,0.262169132635211,0.1625533228776882,0.1385055175661888,0.1037981638982704,0.0954454405910606,0.0861250300115244,0.084733946236182,0.0773579500747861,0.0813867876909407,0.0779711727157691,0.2323868745705029,0.14140155884129,0.1209238178307193,0.0856538911155085,0.0810199146674397,0.0647128186670823,0.0626427885926775,0.0582410730853399,-0.9997142920570232,0.0239025993759018,-0.4180166466841374,0.9084393667686076,0.0889584587831572,-0.9960353370292268,6.97409928821487,46.92122878224957,0.6586047316196068,0.0769505374233312,8.17754826165326,44.52846965394288,0.5397042295985346,0.0544690425825527,-0.299914287617107,-0.0836033293368274,0.0160125225809683,724.4444444444445
1314,730.0,0.2747740120872458,0.1688403607724881,0.1422479894891362,0.1055099886051122,0.0968496245883541,0.0868611273067106,0.0854382047222511,0.0778157116431368,0.0813005558943678,0.0779346075593865,0.235921612801609,0.142937050687857,0.1225172852973789,0.0858255529030277,0.0813230718199014,0.0646222176629851,0.063385350673106,0.0584681455172356,-0.5200345933714359,0.8541451994227945,0.2332375149077293,0.9724197970216704,-0.6774255445337909,-0.735591348245136,6.97409928821487,46.92122878224957,0.6896248122821629,0.0769505374233312,8.17754826165326,44.52846965394288,0.5397042295985346,0.0544690425825527,-0.1560103780114307,0.0466475029815458,-0.1219365980160823,730.0
1324,735.5555555555555,0.2873444329058132,0.1796732148082831,0.1524075251974075,0.1149643091275311,0.1062636209231862,0.0963936230534526,0.0950202678236412,0.086893840381945,0.0902359868461532,0.0870073148106173,0.2442233615983218,0.1473023916326651,0.1259374740524212,0.087485106513202,0.0827733740902443,0.0649821774106228,0.0637437907239852,0.0586894119198017,0.4377625121974489,0.899090642212774,0.7846134300866648,0.6199852944446652,-0.999976919981468,0.0067940786260353,6.97409928821487,46.92122878224957,0.6896248122821629,0.0859999076416681,8.17754826165326,44.52846965394288,0.5397042295985346,0.0544690425825527,0.1313287536592346,0.1569226860173329,-0.1799958455966642,735.5555555555555
1334,741.1111111111111,0.2917176477941951,0.1819823249574913,0.1534874402120888,0.1156691647272845,0.1071716265089977,0.0965370375828523,0.0950610795786791,0.0869070056387247,0.0905209182992766,0.0870397022349087,0.2287999345920775,0.13749354664538,0.1130537196378417,0.0814172391960425,0.0751151416508888,0.0617687028159926,0.060803581121426,0.0576473497287873,0.993082782897255,0.1174162949212905,0.999997883771495,0.0020572925245551,-0.6673679050582203,0.7447281915559544,6.97409928821487,46.92122878224957,0.6896248122821629,0.0859999076416681,7.020204202262519,44.52846965394288,0.5397042295985346,0.0544690425825527,0.2979248348691765,0.199999576754299,-0.1201262229104796,741.1111111111111
1344,746.6666666666666,0.2893944821546601,0.1813071959857454,0.1529113602283194,0.115336507480279,0.1070097065278349,0.0963824747747704,0.0951046436947901,0.0869236648827994,0.0907082361080571,0.0874145161695373,0.2251540776242465,0.1348594838031035,0.1111685875492233,0.0806022726995002,0.0741686296915752,0.0612805713630073,0.0605786340205607,0.0575671404159328,0.6353673228372488,-0.7722100524278528,0.7871577652331881,-0.6167516944711973,0.1024842186430508,0.9947346304060812,6.97409928821487,46.92122878224957,0.6896248122821629,0.0859999076416681,7.020204202262519,45.43049239617571,0.5397042295985346,0.0544690425825527,0.1906101968511746,0.1574315530466376,0.0184471593557491,746.6666666666666
1354,752.2222222222222,0.283166480796828,0.1783093885544878,0.1509191604348408,0.1146786005451318,0.1062545688428162,0.0963732207075042,0.0951812993693903,0.0867648750416644,0.0908455447093435,0.0873787496110498,0.2687689294429339,0.154541717449444,0.1257821495982217,0.0867772512250808,0.0783657750429154,0.0634345597669694,0.0618275024989655,0.0583735739944227,-0.3065019236927904,-0.9518700388039424,0.2372366360653424,-0.9714518920195688,0.8051911919399743,0.5930152986410075,6.97409928821487,46.92122878224957,0.6896248122821629,0.0859999076416681,7.020204202262519,45.43049239617571,0.6904078981415044,0.0544690425825527,-0.0919505771078371,0.0474473272130684,0.1449344145491953,752.2222222222222
1364,757.7777777777777,0.2790198842835888,0.1755927834385368,0.1491849914708539,0.1138357061362196,0.1055766695966449,0.0961634540960017,0.0953738897402544,0.0866392701789596,0.0910171430548744,0.0868031324046149,0.2710431918088228,0.1620199481221773,0.1347483116022923,0.0977426799799325,0.0893895544599325,0.0751945118284932,0.0735831311150949,0.0702519420364098,-0.9665747150857268,-0.2563851012772511,-0.4142752650865518,-0.9101516383204872,0.9803566139334766,-0.1972331349365218,6.97409928821487,46.92122878224957,0.6896248122821629,0.0859999076416681,7.020204202262519,45.43049239617571,0.6904078981415044,0.0666717314470669,-0.289972414525718,-0.0828550530173103,0.1764641905080257,757.7777777777777
1374,763.3333333333333,0.3331602730750672,0.2069015708795951,0.1880122182471646,0.1341966761433788,0.1271351131501845,0.1068023714354526,0.105837970927215,0.0911860154965071,0.0954287893564878,0.0880356004133018,0.2720275491736595,0.1627513440874885,0.1353167089337756,0.0979720426060513,0.0891783309967598,0.0755717780775375,0.0735709292456194,0.0702586986206496,-0.7379831710164991,0.674819115983263,-0.8883839426383482,-0.4591012638431135,0.5132163896133758,-0.8582592483814034,9.537263202817886,46.92122878224957,0.6896248122821629,0.0859999076416681,7.020204202262519,45.43049239617571,0.6904078981415044,0.0666717314470669,-0.2213949513049497,-0.1776767885276696,0.0923789501304076,763.3333333333333
1384,768.8888888888888,0.3367002508751171,0.2030827522090684,0.1869889873363587,0.1316397384011148,0.1258728437613051,0.1051542799120686,0.1050031599185397,0.0903795200133911,0.0953545144945115,0.0882374136010645,0.2790110017980107,0.1659516258811664,0.1379889809589566,0.0992595344234586,0.090509449059135,0.0761499812082975,0.0739463792613667,0.0703503007038659,0.1691066971015343,0.9855977500965644,-0.9820639813100092,0.1885479689986971,-0.2901706454532042,-0.9569749194818382,9.537263202817886,50.31045338212542,0.6896248122821629,0.0859999076416681,7.020204202262519,45.43049239617571,0.6904078981415044,0.0666717314470669,0.0507320091304603,-0.1964127962620018,-0.0522307161815767,768.8888888888888
1394,774.4444444444445,0.3085081472807855,0.1907846880765767,0.1751633420623588,0.1264321581375355,0.1212418725644672,0.1029655122653977,0.1028453923471529,0.0895075080119024,0.0946075286189437,0.0877601480349587,0.2854318748809971,0.1688418076356218,0.1404294955495495,0.1004313671056479,0.0915371135348775,0.0764943510196523,0.0744028579498847,0.0704487984591673,0.9207206477799073,0.3902223580879855,-0.6551992017205003,0.7554561576059985,-0.903444979365814,-0.4287040578985739,9.537263202817886,50.31045338212542,0.6042332258052447,0.0859999076416681,7.020204202262519,45.43049239617571,0.6904078981415044,0.0666717314470669,0.2762161943339721,-0.1310398403441,-0.1626200962858465,774.4444444444445
1404,780.0,0.3356613175026404,0.229870802979232,0.2148303894188357,0.1713475168790588,0.1660974244280308,0.1497194848292272,0.1500474445851733,0.1374568103048056,0.1428487591358883,0.1361667555872132,0.2850814643413492,0.1686114975456146,0.1408619361383103,0.10068815187831,0.0916648832152937,0.0766211780439198,0.074130062505927,0.0705764208532785,0.825828281010248,-0.5639216703440815,-0.0477614304967349,0.9988587716774108,-0.9248042865086724,0.3804432042436628,9.537263202817886,50.31045338212542,0.6042332258052447,0.1344810785574001,7.020204202262519,45.43049239617571,0.6904078981415044,0.0666717314470669,0.2477484843030744,-0.0095522860993469,-0.166464771571561,780.0
1414,785.5555555555555,0.3260305664050921,0.2265430166130902,0.211316643169638,0.1695146599469348,0.1647916766277579,0.1489010833015602,0.1497771563119981,0.1374799550964441,0.1430759173588065,0.1358491717405108,0.3051169684628032,0.1817446232496866,0.1571870248461424,0.1091306782931117,0.1005808236956348,0.0806998279064717,0.077742365717096,0.0721183348909433,-0.0283267988179891,-0.9995987157198258,0.5801290021527761,0.8145246103471794,-0.3402544718920394,0.9403333953218238,9.537263202817886,50.31045338212542,0.6042332258052447,0.1344810785574001,8.228302254645119,45.43049239617571,0.6904078981415044,0.0666717314470669,-0.0084980396453967,0.1160258004305552,-0.061245804940567,785.5555555555555
1424,791.1111111111111,0.3172801102101746,0.2222857507845007,0.2076107316821245,0.1677334980088649,0.1631963260981264,0.1481332362034585,0.149327631585275,0.1374923829887554,0.1430666688460161,0.13567901884655,0.2878317978164396,0.1650532675170677,0.146978166794258,0.1016292392193311,0.0956218033296475,0.0777848122834013,0.0756272886832178,0.0716345058268769,-0.8564383504486782,-0.5162493117484488,0.9595934152949462,0.2813902580449096,0.4672217405002269,0.884140172825519,9.537263202817886,50.31045338212542,0.6042332258052447,0.1344810785574001,8.228302254645119,51.613057277056456,0.6904078981415044,0.0666717314470669,-0.2569315051346034,0.1919186830589892,0.0840999132900408,791.1111111111111
1434,796.6666666666666,0.3168973413344082,0.2219391939374742,0.2071142049707235,0.1670729582393633,0.1627960093082724,0.1479616298153085,0.1492794516350672,0.1374352252742276,0.1430321999494131,0.1355673577492745,0.2485865401517216,0.1482836011870678,0.1325239075052244,0.0957017664126767,0.0898075397896188,0.0755893224767486,0.0738362400068614,0.0704698070659085,-0.8971444323446928,0.4417373286387726,0.9281354790587132,-0.3722425721387241,0.968585709920341,0.24867996006536,9.537263202817886,50.31045338212542,0.6042332258052447,0.1344810785574001,8.228302254645119,51.613057277056456,0.5853299007672517,0.0666717314470669,-0.2691433297034078,0.1856270958117426,0.1743454277856613,796.6666666666666
1444,802.2222222222222,0.3247890990758438,0.224700908421364,0.2104378378462507,0.1681439979545149,0.1642712212131089,0.1489328542539042,0.1496064980665121,0.1375376321943607,0.143631383871517,0.1357162067244955,0.296291404123965,0.2057448542070271,0.1911455701156259,0.1583099164596824,0.1527192891431581,0.1396623185173043,0.1381091960543737,0.1352585684785412,-0.1130200605365233,0.9935927062515708,0.4992262832397654,-0.8664716487702351,0.835356041088414,-0.54970927281345,9.537263202817886,50.31045338212542,0.6042332258052447,0.1344810785574001,8.228302254645119,51.613057277056456,0.5853299007672517,0.131728178912742,-0.033906018160957,0.099845256647953,0.1503640873959145,802.2222222222222
1454,807.7777777777777,0.3057971964163017,0.2120868664142027,0.1927745513444544,0.1587896635989029,0.1538435713684746,0.1437927119664124,0.1442152233401233,0.1357663228501778,0.1413397003495943,0.1349576594830168,0.3043709138615771,0.2092517605259814,0.1945846186905002,0.1595842024613872,0.1541368657991762,0.1400764970924784,0.1387290035865025,0.1353585115320991,0.77501443371023,0.6319435319241834,-0.1434643265724233,-0.9896554890471336,0.1548215504728339,-0.9879424515168824,7.717267679702043,50.31045338212542,0.6042332258052447,0.1344810785574001,8.228302254645119,51.613057277056456,0.5853299007672517,0.131728178912742,0.232504330113069,-0.0286928653144846,0.0278678790851101,807.7777777777777
1464,813.3333333333333,0.3010442741412933,0.202867452116509,0.1885936966441758,0.1545938286138198,0.1517097616661221,0.1417811694603749,0.1430863246928637,0.1348257098713886,0.1413034609521612,0.1349131715269079,0.306653280041568,0.2101102123618599,0.1957280622731359,0.1598406308829316,0.1543716779491978,0.1404196325696161,0.1387797658506263,0.1354644190639352,0.9505042317659508,-0.3107116112973889,-0.724719856498165,-0.6890436340300077,-0.6271482287166843,-0.7788999288853,7.717267679702043,58.45519152336935,0.6042332258052447,0.1344810785574001,8.228302254645119,51.613057277056456,0.5853299007672517,0.131728178912742,0.2851512695297852,-0.144943971299633,-0.1128866811690031,813.3333333333333
1474,818.8888888888888,0.2657052807811912,0.1888247919653919,0.1770580625128585,0.1499847790010068,0.1476081659804898,0.140231097032263,0.1418288078812122,0.1341875177777484,0.1407038796135545,0.1347267051520254,0.3006701990922065,0.2078058168244059,0.193897092190947,0.1591399041755,0.1538492170801622,0.1400301236777817,0.1385982388707745,0.1353492750858473,0.2521048226109057,-0.967699932012152,-0.995631879135598,-0.0933657391601335,-0.998225846161038,-0.0595412466789186,7.717267679702043,58.45519152336935,0.5137430704243723,0.1344810785574001,8.228302254645119,51.613057277056456,0.5853299007672517,0.131728178912742,0.0756314467832717,-0.1991263758271196,-0.1796806523089868,818.8888888888888
1484,824.4444444444443,0.2118448027992088,0.1250020451504369,0.1125365992569878,0.0817627768576058,0.0794512729086681,0.0707206028626963,0.0721003704897982,0.0640107092182857,0.0711441879294106,0.0647046187554868,0.2925463776387834,0.2047156741590844,0.1906445046337681,0.1580003847614852,0.1527728221593982,0.1397991513803053,0.1382593465983119,0.1355911693858672,-0.6780785978116494,-0.7349893980118267,-0.84018896397399,0.5422937440320635,-0.7152903339210259,0.6988274022955505,7.717267679702043,58.45519152336935,0.5137430704243723,0.0644995292851744,8.228302254645119,51.613057277056456,0.5853299007672517,0.131728178912742,-0.2034235793434948,-0.168037792794798,-0.1287522601057846,824.4444444444443
1494,830.0,0.2083008979905797,0.1236665757043331,0.1112715522739491,0.0810364737144865,0.079315196355156,0.0708277505858471,0.0719462473639196,0.0640403385139102,0.0712161168901152,0.0649271113604367,0.2798804414644941,0.1980787824702029,0.1820704940841067,0.1544945469170794,0.1489802036505471,0.1379000615410851,0.1369968580515896,0.1348126174930032,-0.984839682525844,0.1734669989433003,-0.3249557277294924,0.9457292292277932,0.036285888955535,0.9993414502874912,7.717267679702043,58.45519152336935,0.5137430704243723,0.0644995292851744,7.558544459633577,51.613057277056456,0.5853299007672517,0.131728178912742,-0.2954519047577532,-0.0649911455458984,0.0065314600119963,830.0
1504,835.5555555555555,0.2113226879171576,0.125329868788587,0.1121612447954351,0.0816674561469659,0.0798178204114272,0.0708672159186591,0.0718321644451267,0.0640590664363251,0.0716211984060191,0.0648967606267728,0.2785110273271984,0.1918852405292726,0.1791558408455124,0.1518128019075085,0.1471521192881294,0.1368289139374729,0.1363473373307956,0.1346632164016397,-0.3861437049466708,0.9224386370540094,0.3294318304957787,0.9441793627569924,0.7640884859632961,0.6451114520905034,7.717267679702043,58.45519152336935,0.5137430704243723,0.0644995292851744,7.558544459633577,59.018763911637,0.5853299007672517,0.131728178912742,-0.1158431114840012,0.0658863660991557,0.1375359274733933,835.5555555555555
1514,841.1111111111111,0.2181384411582876,0.1284333949605427,0.1142042879057267,0.0825371865608656,0.0807930068781246,0.0711948003092852,0.0718364843645713,0.0645376973117323,0.0716602215172497,0.064857794176201,0.2747483811065738,0.1902994545075411,0.1779412096174894,0.1515826466531114,0.1466227273823139,0.1370453239582929,0.1361077830077224,0.1344007536052284,0.5675710141675148,0.8233244463010063,0.8427482854916095,0.5383078369306475,0.9912790180936806,-0.1317797719197775,7.717267679702043,58.45519152336935,0.5137430704243723,0.0644995292851744,7.558544459633577,59.018763911637,0.5501998493329516,0.131728178912742,0.1702713042502544,0.1685496570983219,0.1784302232568625,841.1111111111111
1524,846.6666666666666,0.2215878516868113,0.1303773785499083,0.1152526000801598,0.0830686976155841,0.0811383485515951,0.0718064464527506,0.0717281801786513,0.0647514877711343,0.0716189918763883,0.0649204405004271,0.2715166030480971,0.1824440193126857,0.1697992290845793,0.1418930577185581,0.1368624446945159,0.1261098655486839,0.1256593553303819,0.1234886766812401,0.9994635603439508,-0.0327504434259121,0.9951784527231704,-0.0980808199166192,0.5690078121743521,-0.8223321164131662,7.717267679702043,58.45519152336935,0.5137430704243723,0.0644995292851744,7.558544459633577,59.018763911637,0.5501998493329516,0.1209058720893163,0.2998390681031852,0.1990356905446341,0.1024214061913833,846.6666666666666
1534,852.2222222222222,0.2308796172593291,0.1355226651758425,0.1231296079077935,0.0862638836323976,0.0854711459521519,0.0736481848540037,0.073958941850389,0.0659752063960881,0.0725178158097045,0.0656152409397496,0.2682551433547804,0.1810357034942204,0.1691257264602821,0.1417219703283056,0.1372169098375892,0.1260648953793624,0.1255901314210649,0.1234762041082502,0.5124539184025196,-0.8587147265034552,0.7214478508981023,-0.6924687707286947,-0.2260633783237695,-0.9741125956381244,8.5647078399955,58.45519152336935,0.5137430704243723,0.0644995292851744,7.558544459633577,59.018763911637,0.5501998493329516,0.1209058720893163,0.1537361755207558,0.1442895701796204,-0.0406914080982785,852.2222222222222
1544,857.7777777777777,0.2270832913283111,0.1369245617310406,0.1230723369454956,0.0875414358313399,0.0862095695032771,0.0744912698791279,0.0743537642121891,0.0664001299703545,0.0727025826426788,0.0655816071747367,0.2607825952788838,0.1778320079437561,0.1668490300749003,0.1410158437899066,0.1365695271167786,0.1256148822203803,0.125371895904682,0.12338756856907,-0.4457034928158865,-0.8951806501995667,0.138774897948261,-0.9903239508865016,-0.8730233792217382,-0.4876783564320412,8.5647078399955,54.34171808562246,0.5137430704243723,0.0644995292851744,7.558544459633577,59.018763911637,0.5501998493329516,0.1209058720893163,-0.1337110478447659,0.0277549795896522,-0.1571442082599128,857.7777777777777
1554,863.3333333333333,0.2646863447164077,0.1522128762116446,0.1369723566054229,0.0933048650251552,0.0913738942778363,0.07683951514284,0.0761776302376653,0.0670829837917661,0.0729933164513862,0.0655496117724157,0.2557108523159814,0.1759673588615682,0.1649908349617726,0.1403559470239074,0.1356634859735495,0.1252633807201364,0.1254786821690665,0.1234293370135841,-0.9940831682063098,-0.1086216124392632,-0.5033250020717622,-0.8640971833592912,-0.947999840795143,0.31827079955972,8.5647078399955,54.34171808562246,0.6259244365680406,0.0644995292851744,7.558544459633577,59.018763911637,0.5501998493329516,0.1209058720893163,-0.2982249504618929,-0.1006650004143524,-0.1706399713431257,863.3333333333333
1564,868.8888888888888,0.3190812105913027,0.2219693756262318,0.2082499876997532,0.1704539086766578,0.168769283754928,0.1564483398661762,0.1559054462525075,0.1477461062351577,0.1544354763170965,0.1467524163255417,0.2580392615014855,0.176809293616605,0.1654795717948233,0.1407952173401395,0.1357835248569027,0.1252883795316633,0.1257169884790833,0.1231315368987784,-0.6285073631972635,0.777803634863468,-0.92988831226573,-0.3678419860641145,-0.4018700214571337,0.915696721548157,8.5647078399955,54.34171808562246,0.6259244365680406,0.145734106269237,7.558544459633577,59.018763911637,0.5501998493329516,0.1209058720893163,-0.188552208959179,-0.185977662453146,-0.072336603862284,868.8888888888888
1574,874.4444444444443,0.3274940349505809,0.2255299689194853,0.2114932350897758,0.1712577853736366,0.1700087578675576,0.1566167042018817,0.1563552824598703,0.1480468163995457,0.1545623624516768,0.1468919130711856,0.2573044140302713,0.1758111258897201,0.1623903872998653,0.1397485262535591,0.1339866901159356,0.1246083529931766,0.1249466175010829,0.122916242984087,0.3149152130251381,0.949119807297968,-0.95824975503826,0.2859325217059348,0.4075551948797279,0.913180575311667,8.5647078399955,54.34171808562246,0.6259244365680406,0.145734106269237,6.998044377633975,59.018763911637,0.5501998493329516,0.1209058720893163,0.0944745639075414,-0.191649951007652,0.073359935078351,874.4444444444443
1584,880.0,0.3332206848870343,0.2284331324296343,0.2134624626221991,0.1720361200610376,0.1709780912213754,0.1570308461104742,0.1570475158900958,0.1479472349111549,0.1549788096710029,0.1472806290715324,0.2718868876002751,0.1900914547530576,0.1697478145357845,0.1453840723281888,0.1373727351043457,0.1263580027890764,0.1259456210994303,0.1233713858152762,0.9688061946981408,0.247819605992965,-0.576264237988675,0.8172634385651494,0.9499602278107246,0.312370878248591,8.5647078399955,54.34171808562246,0.6259244365680406,0.145734106269237,6.998044377633975,47.96551119358741,0.5501998493329516,0.1209058720893163,0.2906418584094422,-0.115252847597735,0.1709928410059304,880.0
1594,885.5555555555555,0.3304486737728141,0.2274187138746405,0.2124158310363495,0.171773488585138,0.1702131479101446,0.1566135609590321,0.1567083888168131,0.1483828401921739,0.1550551893689053,0.1471960860982777,0.2674118930470442,0.1880754966294789,0.1684207448092041,0.1448328796934481,0.137012154841245,0.1261811761856318,0.1254068291811831,0.1230558408996562,0.7319812288443485,-0.6813247981833023,0.0524923080849972,0.9986213284283036,0.869974582263995,-0.4930965688529857,8.5647078399955,54.34171808562246,0.6259244365680406,0.145734106269237,6.998044377633975,47.96551119358741,0.5405823504427032,0.1209058720893163,0.2195943686533045,0.0104984616169994,0.1565954248075191,885.5555555555555
1604,891.1111111111111,0.321122898300541,0.2238951113110129,0.2089441946965275,0.1705090659257434,0.1693325631251642,0.1564485489792321,0.1561316241820102,0.1483627173387375,0.1548615212120154,0.147036687723402,0.1848784384087593,0.0878382963654119,0.0653632559580936,0.0363918047289969,0.0269616774383784,0.0145619002532455,0.0130581982207981,0.0103566619144606,-0.1778239031045208,-0.9840623250001364,0.6587703104142202,0.752344122138767,0.2200028944999774,-0.9754992190727944,8.5647078399955,54.34171808562246,0.6259244365680406,0.145734106269237,6.998044377633975,47.96551119358741,0.5405823504427032,0.0076056082908405,-0.0533471709313562,0.131754062082844,0.0396005210099959,891.1111111111111
1614,896.6666666666666,0.2910277188242439,0.2093366245944029,0.1904147985313524,0.1618243722130267,0.1603404041417197,0.1523627565405256,0.1518058433746099,0.1466997328837208,0.1532000715588936,0.146360307405103,0.1788168037705273,0.0849176170974255,0.0638307978480713,0.0354027464537586,0.0267010194430143,0.0143223929079977,0.0129384489288495,0.0098587300516368,-0.9241385586160584,-0.3820574884477913,0.9829460813802356,0.1838939941902376,-0.5741093022730025,-0.8187786691430147,7.081306223921086,54.34171808562246,0.6259244365680406,0.145734106269237,6.998044377633975,47.96551119358741,0.5405823504427032,0.0076056082908405,-0.2772415675848175,0.1965892162760471,-0.1033396744091404,896.6666666666666
1624,902.2222222222222,0.2885694961268025,0.2055053368031832,0.1879751040474087,0.1604142871020891,0.1596631747195405,0.1514177333501031,0.1512824622985909,0.1466597806016441,0.153331125603336,0.146574591767193,0.1790008017424094,0.0851646451870926,0.0639491379700594,0.0350934230670872,0.0266550976885283,0.0142769847189801,0.0128331546733245,0.0098999593214006,-0.8208044852193098,0.5712092410350728,0.8861992963604775,-0.4633042274037597,-0.9920791430806608,-0.1256143855788084,7.081306223921086,58.30928794247816,0.6259244365680406,0.145734106269237,6.998044377633975,47.96551119358741,0.5405823504427032,0.0076056082908405,-0.2462413455657929,0.1772398592720955,-0.1785742457545189,902.2222222222222
1634,907.7777777777776,0.3083483172602645,0.2128575397180269,0.1941706678793294,0.1629497269113541,0.1618008500766664,0.1522578337420692,0.1518523513093924,0.1468763158511062,0.1535270671721424,0.1467612313539734,0.1858152958515465,0.088153319451031,0.065933555323489,0.0361996573271304,0.0274273470020794,0.0140745375624315,0.012904332305762,0.0098461332399445,0.0371734465542777,0.99930882857667,0.4099593936581375,-0.9121037745516968,-0.760063023540733,0.6498493673507109,7.081306223921086,58.30928794247816,0.6680337634316779,0.145734106269237,6.998044377633975,47.96551119358741,0.5405823504427032,0.0076056082908405,0.0111520339662833,0.0819918787316275,-0.1368113442373319,907.7777777777776
1644,913.3333333333331,0.2280090453510397,0.1019158156119271,0.0804499873674494,0.039680941729037,0.0377827457339943,0.0253424836061586,0.0245586829034815,0.0185236405190639,0.0248914907711818,0.0181712259977659,0.192515412589878,0.0907583767579925,0.0682810223642989,0.0372856616804592,0.0279687484432424,0.0147558542662806,0.0133150384174796,0.0099070297091811,0.8609742829999781,0.5086484876736325,-0.241835566536915,-0.9703172464497214,-0.0300722235264832,0.9995477284112916,7.081306223921086,58.30928794247816,0.6680337634316779,0.0168608612238868,6.998044377633975,47.96551119358741,0.5405823504427032,0.0076056082908405,0.2582922848999934,-0.048367113307383,-0.0054130002347669,913.3333333333331
1654,918.8888888888888,0.2298252554135071,0.1019996697398619,0.0812284160531987,0.0400781352483948,0.0381088212694221,0.025913781713826,0.0245343341022886,0.0179823861504526,0.0246476500516239,0.0181668850919299,0.2092073888111693,0.1001489677916556,0.0789491742243915,0.0427088331060895,0.0334708525682719,0.0171380293949022,0.0155237474889921,0.010693018075632,0.8931993342418353,-0.4496609270438585,-0.7900703755464241,-0.6130161512423081,0.7196211609287135,0.6943668949075916,7.081306223921086,58.30928794247816,0.6680337634316779,0.0168608612238868,7.811337075950596,47.96551119358741,0.5405823504427032,0.0076056082908405,0.2679598002725505,-0.1580140751092848,0.1295318089671684,918.8888888888888
1664,924.4444444444443,0.224582112041412,0.0999240736445969,0.0799135349432707,0.039500184827264,0.037180607458101,0.0254424287241821,0.0241579405199083,0.017988896106576,0.0245368887394182,0.0181743036590466,0.2002867797522134,0.0943068694548814,0.0749309246251359,0.0403653168325069,0.0319471116198804,0.0162402512374799,0.0151149898584288,0.0104304919036491,0.1042210367815234,-0.9945541591548368,-0.999976919981468,0.0067940786260353,0.9978363829459366,-0.0657461243676775,7.081306223921086,58.30928794247816,0.6680337634316779,0.0168608612238868,7.811337075950596,49.583929897792494,0.5405823504427032,0.0076056082908405,0.031266311034457,-0.1999953839962936,0.1796105489302685,924.4444444444443
1674,930.0,0.2170288023857089,0.0977062381399306,0.0776114718108229,0.0387044924286083,0.0364163694276714,0.0249903320352747,0.0238007637833949,0.0177496026069273,0.0244389943370418,0.0181670621498009,0.2210119266978399,0.1032801597941527,0.0823644378049543,0.0433369662408788,0.0348777399783949,0.0173371631257603,0.0157902232319821,0.0108827313021212,-0.7805776012557846,-0.6250588839603557,-0.7816678694223893,0.6236949109241333,0.6222936420400873,-0.7827838929592789,7.081306223921086,58.30928794247816,0.6680337634316779,0.0168608612238868,7.811337075950596,49.583929897792494,0.6189369740976557,0.0076056082908405,-0.2341732803767353,-0.1563335738844778,0.1120128555672157,930.0
1684,935.5555555555557,0.2139956287023879,0.0973084052258224,0.0764542227245043,0.038071265708348,0.0361571456931392,0.0245851751191345,0.0238357545301705,0.0177093863662315,0.0242424926954956,0.0186270938836783,0.2779473177993992,0.1796602368489125,0.1618932408285711,0.1289254863749319,0.1219600702831297,0.1065476595684807,0.1057354611498811,0.1016456065381355,-0.9477167925165668,0.3191126465405444,-0.2286287214939565,0.9735136915873546,-0.1609606543003303,-0.9869608238259558,7.081306223921086,58.30928794247816,0.6680337634316779,0.0168608612238868,7.811337075950596,49.583929897792494,0.6189369740976557,0.0988912509913594,-0.2843150377549701,-0.0457257442987913,-0.0289729177740594,935.5555555555557
1694,941.1111111111112,0.2242021066724375,0.1028886528354134,0.0812611274898141,0.0404953870521666,0.0388247784368314,0.025170919481855,0.0246170656876494,0.0180920422566674,0.0246381818759348,0.0183592851927338,0.2832970991950877,0.1821996974687368,0.1642392419036296,0.1299285528589394,0.1228050004642059,0.1068923521664662,0.1059256483603074,0.101942027716778,-0.2435295353575599,0.9698934814754304,0.4223150700827353,0.9064491058967484,-0.8387574715744317,-0.5445051917824717,7.38131037084439,58.30928794247816,0.6680337634316779,0.0168608612238868,7.811337075950596,49.583929897792494,0.6189369740976557,0.0988912509913594,-0.0730588606072679,0.084463014016547,-0.1509763448833977,941.1111111111112
1704,946.6666666666666,0.2291104033639728,0.1046243723850813,0.0822542305201404,0.0408098199571768,0.0392511084424012,0.0253453048724106,0.0247162545455341,0.0179023586386704,0.0243513606691885,0.0187010200755506,0.2914758685601754,0.185178365772978,0.1672510465353383,0.1309610699971909,0.123800807135384,0.1072715807997692,0.1063298126632108,0.1019651437299078,0.6845576535152035,0.7289587224347882,0.8924127887182592,0.4512199181464617,-0.9670209331052464,0.2546969079833096,7.38131037084439,59.22701689472914,0.6680337634316779,0.0168608612238868,7.811337075950596,49.583929897792494,0.6189369740976557,0.0988912509913594,0.205367296054561,0.1784825577436518,-0.1740637679589443,946.6666666666666
1714,952.2222222222222,0.2076912731567821,0.0963482036021493,0.0753134165820037,0.0381237391231313,0.0369903225688258,0.0245846924129593,0.0239642228488387,0.0173978539575738,0.0240388265106298,0.0189350142473852,0.2943685725378538,0.1867245170316237,0.1684101288218588,0.1318318470662019,0.1236920338861534,0.1071260365711616,0.1060131396143874,0.1017291225588223,0.9832656927454548,-0.1821773242470117,0.9803566139334824,-0.197233134936494,-0.4617159598347603,0.887027830698601,7.38131037084439,59.22701689472914,0.5931680070122249,0.0168608612238868,7.811337075950596,49.583929897792494,0.6189369740976557,0.0988912509913594,0.2949797078236364,0.1960713227866964,-0.0831088727702568,952.2222222222222
1724,957.7777777777776,0.2563961187180351,0.162494112281048,0.1434673682243346,0.1119376612338551,0.1113566737008214,0.1004726172517,0.1003393037033164,0.0947429887940583,0.1015062221618001,0.0958234399186066,0.2894906270119086,0.1842973362581667,0.1664932972483675,0.130882034868989,0.1233584496367964,0.1069469109427303,0.1055626365287824,0.1018844731472096,0.3779637886275763,-0.9258203791698952,0.6484867590992273,-0.7612259344458653,0.3460940037423528,0.9381998404250494,7.38131037084439,59.22701689472914,0.5931680070122249,0.094215128229736,7.811337075950596,49.583929897792494,0.6189369740976557,0.0988912509913594,0.1133891365882728,0.1296973518198454,0.0622969206736235,957.7777777777776
1734,963.3333333333331,0.2501561165364177,0.1599120221110863,0.1415627423829856,0.1114838310749082,0.1103212379194857,0.0999174443283033,0.1002567214169895,0.0947594060570883,0.101777327022162,0.0957259781996242,0.2826463026378824,0.1815050218968253,0.1640409840121608,0.1303603268315559,0.1223265687616413,0.1068126830685658,0.1052054804696407,0.1017587319041594,-0.5748362796851744,-0.8182684471233801,0.0389183515837554,-0.9992423939715545,0.927151651274926,0.3746862894985322,7.38131037084439,59.22701689472914,0.5931680070122249,0.094215128229736,7.90567855169914,49.583929897792494,0.6189369740976557,0.0988912509913594,-0.1724508839055523,0.007783670316751,0.1668872972294866,963.3333333333331
1744,968.8888888888888,0.2478750630489082,0.1585636956001951,0.1411638197910811,0.111016047919606,0.1096475373074961,0.0993757250891737,0.1001141955402626,0.0950383400280222,0.1016506287075574,0.0958960495161462,0.2862436837214226,0.1902803214246211,0.1683230567516258,0.1348152023374906,0.1245112758837343,0.1086724352078131,0.106138437891429,0.1021462005314339,-0.9991345234487016,0.0415957215700868,-0.5873158856590147,-0.8093578012551477,0.9007622411358036,-0.4343125429273309,7.38131037084439,59.22701689472914,0.5931680070122249,0.094215128229736,7.90567855169914,43.67778793019382,0.6189369740976557,0.0988912509913594,-0.2997403570346104,-0.1174631771318029,0.1621372034044446,968.8888888888888
1754,974.4444444444443,0.252192945800942,0.1598038049713666,0.1427336426239548,0.1113746571843789,0.1098999819339958,0.0997354194108675,0.1000969330968787,0.0950744032407838,0.1013448000344584,0.0955791033443725,0.2501454407866335,0.1731395143731701,0.1553693730710875,0.128718579902354,0.1196382091757613,0.1064748340737584,0.1040542872304367,0.1012699503299707,-0.5048330940984223,0.8632169756805143,-0.9620464967664526,-0.2728855768621638,0.2842154686199066,-0.958760432744889,7.38131037084439,59.22701689472914,0.5931680070122249,0.094215128229736,7.90567855169914,43.67778793019382,0.5123730836312749,0.0988912509913594,-0.1514499282295266,-0.1924092993532905,0.0511587843515831,974.4444444444443
1764,980.0,0.2595659361050745,0.1627119352050489,0.145019730519686,0.111929734305688,0.1109116080855823,0.0999656627512141,0.1003657734504294,0.095031104091178,0.1014060938806855,0.0958406320504864,0.2353746755405055,0.146706126176681,0.1267087704951675,0.0950622548383587,0.0855349743564904,0.070690392038911,0.0679204132606884,0.0642338523208769,0.4536095538088512,0.8912005232793206,-0.924804286508678,0.3804432042436497,-0.5185423190201618,-0.855051965312748,7.38131037084439,59.22701689472914,0.5931680070122249,0.094215128229736,7.90567855169914,43.67778793019382,0.5123730836312749,0.0617275235246962,0.1360828661426553,-0.1849608573017356,-0.0933376174236291,980.0
1774,985.5555555555557,0.2880420151596968,0.1770850025152794,0.1635089537624741,0.1202591849647843,0.1196542879576197,0.1033479891025908,0.104309404225627,0.0966098595237511,0.1031740861949758,0.0960239868829307,0.2403769200224733,0.1497014923452573,0.1290423091917271,0.096053799132629,0.0863656780313799,0.0712320680133214,0.0685171116356782,0.064148795002621,0.9950056698719,0.0998184197569333,-0.4915373181917151,0.870856512190669,-0.9815638773886524,-0.1911343888622725,8.844896283003099,59.22701689472914,0.5931680070122249,0.094215128229736,7.90567855169914,43.67778793019382,0.5123730836312749,0.0617275235246962,0.29850170096157,-0.098307463638343,-0.1766814979299574,985.5555555555557
1784,991.1111111111112,0.2865512349085048,0.1801226797847817,0.1637795632789436,0.1211580941344804,0.1201850380311516,0.1042154400020936,0.105131885473153,0.0966616228761251,0.1030595692878153,0.0960253490972409,0.2371204984571834,0.1487309025215615,0.1278396855755131,0.0955065834387014,0.086303260133606,0.0716321115721758,0.0684439566671823,0.0639658195366296,0.6215981617584952,-0.7833362785537635,0.1522184533819985,0.9883468735469304,-0.801488819991389,0.5980097586401169,8.844896283003099,56.30443576583544,0.5931680070122249,0.094215128229736,7.90567855169914,43.67778793019382,0.5123730836312749,0.0617275235246962,0.1864794485275485,0.0304436906763997,-0.14426798759845,991.1111111111112
1794,996.6666666666666,0.296685719670369,0.1850909561610023,0.1680771532821876,0.1228199868205109,0.1216491172705911,0.1048242087813879,0.1054972433234438,0.0969589470628138,0.1032057122019636,0.0959184571914005,0.2288864960391035,0.1447969851224892,0.1246042497221724,0.0940660128740784,0.0849237171310467,0.0712345193663473,0.0685632035770058,0.0637393624599714,-0.3233038296288762,-0.946295214902465,0.7307904049278914,0.682601922107848,-0.0962979147271181,0.9953525564438004,8.844896283003099,56.30443576583544,0.645997849800413,0.094215128229736,7.90567855169914,43.67778793019382,0.5123730836312749,0.0617275235246962,-0.0969911488886628,0.1461580809855782,-0.0173336246508812,996.6666666666666
1804,1002.2222222222222,0.2412195757680383,0.1170615217469169,0.0985503070759555,0.0488876077700417,0.0475667518301315,0.0290927118517362,0.0292518586565996,0.0198760603088384,0.0261869231113926,0.0186631317525836,0.2226860963699281,0.141809504650129,0.1223575547678892,0.0926902819027161,0.0837406162714601,0.0707558908715694,0.067949562719455,0.0636399385418429,-0.9709617710474594,-0.2392346947338137,0.9964192856797104,0.0845494359859122,0.6719850261070086,0.7405647336242545,8.844896283003099,56.30443576583544,0.645997849800413,0.0169807428787834,7.90567855169914,43.67778793019382,0.5123730836312749,0.0617275235246962,-0.2912885313142378,0.199283857135942,0.1209573046992615,1002.2222222222222
1814,1007.7777777777776,0.2430220107131658,0.1177127571587066,0.0987657544863529,0.0494725605241507,0.0479266808705036,0.0292112442021203,0.0292882622909983,0.0200978319407241,0.0265271871770355,0.0185707896054938,0.236910155126162,0.1504729540669116,0.1319185243542157,0.097759525953434,0.0888215914897563,0.0734314779224362,0.0698724213473255,0.0648447360453098,-0.7259219379846142,0.6877771004858055,0.8353560410884062,-0.5497092728134618,0.9999998335167872,0.0005770324063041,8.844896283003099,56.30443576583544,0.645997849800413,0.0169807428787834,8.740064584593137,43.67778793019382,0.5123730836312749,0.0617275235246962,-0.2177765813953842,0.1670712082176812,0.1799999700330217,1007.7777777777776
1824,1013.3333333333331,0.2528122376426505,0.1209404345390341,0.1024119273294357,0.0510089901143841,0.0494764647200738,0.0297019053546892,0.0295315537117506,0.0203841832040152,0.0266741277499777,0.018481784455273,0.2311352023622658,0.1353079741301849,0.1249065886315301,0.0895618845663464,0.0844598190047224,0.0700228566705454,0.0679741647970849,0.0641313213194183,0.1865271771007545,0.982449801365354,0.3165720561291834,-0.9485684652560096,0.6728392381683893,-0.7397887263137912,8.844896283003099,56.30443576583544,0.645997849800413,0.0169807428787834,8.740064584593137,56.04073155994568,0.5123730836312749,0.0617275235246962,0.0559581531302263,0.0633144112258366,0.12111106287031,1013.3333333333331
1834,1018.8888888888888,0.2614676222274325,0.1238669296285318,0.1056989161993996,0.052802383192709,0.050507407262176,0.030427203403524,0.0298826488921527,0.0205067662993796,0.0269078093066025,0.0186263221770008,0.2984535469551024,0.1630331003455979,0.1503267270204191,0.0997907591033645,0.0936953172563861,0.0734943319388834,0.0709703628396156,0.0649653014425232,0.9274840657738394,0.3738626856689878,-0.3377761490286354,-0.941226472825422,-0.0951491494289148,-0.995463027622299,8.844896283003099,56.30443576583544,0.645997849800413,0.0169807428787834,8.740064584593137,56.04073155994568,0.6755382733299067,0.0617275235246962,0.2782452197321517,-0.067555229805727,-0.0171268468972046,1018.8888888888888
1844,1024.4444444444443,0.262516632633174,0.1237955788430892,0.1056612600109966,0.052830086483618,0.0508086307719054,0.0307230190165391,0.0303168348778385,0.0209206334278314,0.026771552112924,0.0188399859318638,0.3082533841946526,0.1770022038009507,0.165312128339977,0.1155838723754363,0.1097885597956993,0.0903383555424071,0.0876906002020787,0.0815793820497363,0.8157163816863875,-0.5784520590753117,-0.8474800011609749,-0.530827323743036,-0.8007981443485523,-0.5989343302966654,8.844896283003099,56.30443576583544,0.645997849800413,0.0169807428787834,8.740064584593137,56.04073155994568,0.6755382733299067,0.0784956229462765,0.2447149145059162,-0.169496000232195,-0.1441436659827394,1024.4444444444443
1854,1030.0,0.264575812893306,0.1262488260737535,0.1102262145100391,0.0549895714748907,0.0539357157842647,0.0322674769425277,0.0317422768055219,0.0214144594907668,0.0277452187679428,0.0189775164314786,0.3008976446342469,0.1738902817669032,0.1627698563808755,0.1149279590031357,0.10899120809514,0.0897206480865011,0.0877029840379568,0.0815882922207934,-0.0460171818547157,-0.9989406483741414,-0.9942713243226596,0.1068856100214845,-0.9817838051690176,0.1900014734359831,9.330033392322344,56.30443576583544,0.645997849800413,0.0169807428787834,8.740064584593137,56.04073155994568,0.6755382733299067,0.0784956229462765,-0.0138051545564147,-0.1988542648645319,-0.1767210849304231,1030.0
1864,1035.5555555555554,0.2829301044119929,0.1599615792329635,0.1286395979460801,0.0738269746302756,0.0658908246473781,0.0415314144867617,0.037999922534292,0.0254087899134071,0.0301949850334626,0.0202433202324073,0.2932406087611668,0.1706184887814662,0.1599084395460241,0.1140854044882757,0.1080048391565769,0.0893487901927073,0.087432500708782,0.0811976594583539,-0.8654427606176839,-0.5010078124085915,-0.715290333921016,0.6988274022955606,-0.5195287589276371,0.8544529645610162,9.330033392322344,40.93304475907775,0.645997849800413,0.0169807428787834,8.740064584593137,56.04073155994568,0.6755382733299067,0.0784956229462765,-0.2596328281853051,-0.1430580667842032,-0.0935151766069746,1035.5555555555554
1874,1041.111111111111,0.2196636287986938,0.1277985819744042,0.1013522746836887,0.0594835963031315,0.0538008425254048,0.0357081319251142,0.0328950313865503,0.0233467063230844,0.0285179526509112,0.0198510816931248,0.2922557340043532,0.1704619940664937,0.1590905708033981,0.1139187461165096,0.1077059944781935,0.0894974522204309,0.0872260886754651,0.0806466258576747,-0.8891842564625434,0.4575492957694874,-0.1300037980481974,0.9915134958703504,0.2831088078565619,0.9590877972917996,9.330033392322344,40.93304475907775,0.5060577667863204,0.0169807428787834,8.740064584593137,56.04073155994568,0.6755382733299067,0.0784956229462765,-0.266755276938763,-0.0260007596096394,0.0509595854141811,1041.111111111111
1884,1046.6666666666663,0.2183607608327771,0.12097250325192,0.0927818585452828,0.0481711618314129,0.0418963353672645,0.0225878204793923,0.0199892085203585,0.0101530116470326,0.0150818838579579,0.0060497996236899,0.2988611713622833,0.1728450320124052,0.1611465601220428,0.1152383993731606,0.1081348102533156,0.0895087032373745,0.0872800289239031,0.08052614761464,-0.095413847599021,0.9954376915138138,0.510953676443654,0.8596082482902975,0.9002604165486768,0.4353517915382948,9.330033392322344,40.93304475907775,0.5060577667863204,0.003032336003422,8.740064584593137,56.04073155994568,0.6755382733299067,0.0784956229462765,-0.0286241542797063,0.1021907352887308,0.1620468749787618,1046.6666666666663
1894,1052.2222222222222,0.2269520666806928,0.125766402789936,0.0963622306226804,0.0500064412198809,0.0436634064486722,0.0231912271212945,0.0206305275032375,0.0103335942207089,0.0150806488429982,0.0058603085096982,0.2665099774255981,0.155695367788488,0.1376359648448228,0.1046747029825352,0.0961374351289518,0.0847867543898003,0.0823860044005612,0.0793648824224471,0.7860796127235081,0.6181252643764528,0.9331077683765986,0.3595968473099342,0.9275834460447224,-0.3736160470640917,9.330033392322344,40.93304475907775,0.5060577667863204,0.003032336003422,6.7583060338573695,56.04073155994568,0.6755382733299067,0.0784956229462765,0.2358238838170524,0.1866215536753197,0.16696502028805,1052.2222222222222
1904,1057.7777777777778,0.2289290258084618,0.1272930331107406,0.0979879331236589,0.0510005379880348,0.0440608176353125,0.0233356001598914,0.020938322640203,0.01038384612346,0.0152938140427739,0.0058367488762301,0.2823774680715398,0.1737497528286262,0.1470440331382292,0.1123311314891993,0.1006378493035732,0.0870927153372754,0.0841331941028555,0.0799147468830427,0.9448551022999314,-0.3274886801979362,0.9556813397547126,-0.2944030856574665,0.347176516509776,-0.9377998008019288,9.330033392322344,40.93304475907775,0.5060577667863204,0.003032336003422,6.7583060338573695,44.97139546417966,0.6755382733299067,0.0784956229462765,0.2834565306899794,0.1911362679509425,0.0624917729717596,1057.7777777777778
1914,1063.3333333333333,0.2223258697007424,0.1237119750696605,0.0949374921384783,0.0499271441534813,0.0428987240984649,0.0228769529262637,0.0206491044422434,0.0099358050599525,0.0155353009382478,0.0056629836291459,0.2318831148695338,0.1506421272666645,0.1314182180651025,0.1051136746073181,0.0954340676379329,0.0846466148375367,0.0828079250535376,0.0796475537261621,0.2349351682443619,-0.9720110424897412,0.5690078121743521,-0.8223321164131662,-0.4606919649261483,-0.8875600900516452,9.330033392322344,40.93304475907775,0.5060577667863204,0.003032336003422,6.7583060338573695,44.97139546417966,0.5375006668711932,0.0784956229462765,0.0704805504733085,0.1138015624348704,-0.0829245536867067,1063.3333333333333
1924,1068.888888888889,0.2139605201808456,0.1186393897819314,0.0909464396644172,0.0483049178353617,0.0411028431595976,0.0220883098396604,0.0200155653632655,0.0101879201875105,0.0150699831827817,0.005507296608441,0.2287857780096314,0.153001908921958,0.1353044208801349,0.1102936733872594,0.1007876401077037,0.0906301782722837,0.0895082488392284,0.0860343910021704,-0.690983076036065,-0.7228709349750739,-0.0613293580139344,-0.9981175831762502,-0.966726352443852,-0.2558127430184144,9.330033392322344,40.93304475907775,0.5060577667863204,0.003032336003422,6.7583060338573695,44.97139546417966,0.5375006668711932,0.0850583727578093,-0.2072949228108195,-0.0122658716027868,-0.1740107434398933,1068.888888888889
1934,1074.4444444444443,0.1622315315858267,0.0847389945398728,0.0524600854015155,0.0269589808878404,0.0194245367303852,0.0105208511026184,0.0092914777296701,0.0054447827401345,0.0105514280221318,0.0039379530402766,0.2265655895922276,0.1514345587497099,0.1339698923171338,0.1099337470258334,0.100299472594809,0.0905431297588568,0.0891177585409203,0.0859594332101052,-0.9816146668406318,0.1908733764655388,-0.6654037345239122,-0.746483670338227,-0.8393853071958253,0.5435368488555031,6.524754691305746,40.93304475907775,0.5060577667863204,0.003032336003422,6.7583060338573695,44.97139546417966,0.5375006668711932,0.0850583727578093,-0.2944844000521895,-0.1330807469047824,-0.1510893552952485,1074.4444444444443
1944,1080.0,0.1548495050786637,0.070217116805728,0.0457064330689877,0.0207612099741281,0.0159823421936572,0.0081389565470744,0.0077722260694743,0.0044961349374441,0.0101179782481338,0.0035826169598678,0.2306017381027043,0.1530703186710587,0.1351837802873864,0.1104736706045927,0.1007531636322127,0.0907548211588687,0.0892904608212857,0.086410817120713,-0.3697542598998873,0.9291295858414405,-0.9845352784575762,-0.1751864306173937,-0.1620995636799251,0.9867744075799584,6.524754691305746,51.80775735669704,0.5060577667863204,0.003032336003422,6.7583060338573695,44.97139546417966,0.5375006668711932,0.0850583727578093,-0.1109262779699662,-0.1969070556915152,-0.0291779214623865,1080.0
1954,1085.5555555555554,0.1701379791001789,0.0761121813105034,0.0503837354928836,0.0227513784521057,0.0174733147146948,0.0086098669403466,0.0086171804084518,0.0043621645616407,0.0107960976213261,0.0035556257172713,0.237876532877338,0.1565786541046448,0.1371874452077855,0.1115904750533483,0.1016640842195816,0.0911528516038878,0.0899131344173965,0.0868538210564551,0.5820565083836733,0.813148338895313,-0.8820637317266533,0.4711301021718424,0.6213898444380219,0.7835015387536204,6.524754691305746,51.80775735669704,0.5332022306094434,0.003032336003422,6.7583060338573695,44.97139546417966,0.5375006668711932,0.0850583727578093,0.1746169525151019,-0.1764127463453306,0.1118501719988439,1085.5555555555554
1964,1091.111111111111,0.2409449154791606,0.1638202231487148,0.1402549405320113,0.1180230057403412,0.113704910376196,0.1059612654299162,0.1063103667484238,0.1025357239776598,0.1093757011030897,0.101872790446104,0.2411962225968466,0.1585707865126692,0.138153069264384,0.1125511569451416,0.1018036637115684,0.0915405418329048,0.0898438775655767,0.0868114660069064,0.9987272071504024,-0.0504377408054416,-0.4018700214571337,0.915696721548157,0.9977598431778982,0.0668976482517587,6.524754691305746,51.80775735669704,0.5332022306094434,0.1016810562850964,6.7583060338573695,44.97139546417966,0.5375006668711932,0.0850583727578093,0.2996181621451207,-0.0803740042914267,0.1795967717720216,1091.111111111111
1974,1096.6666666666663,0.2362832478798923,0.1623910972477208,0.1391208158832226,0.1177370108626554,0.1134304866511764,0.1057957477672261,0.106252379545784,0.1023693437551495,0.1094460686960046,0.101909676502955,0.2250126159270368,0.1499693843690883,0.1292616267108859,0.1082540175112863,0.0979291736888976,0.0897858874467902,0.0884747949449595,0.0863126663622124,0.4971727175295446,-0.8676515942152632,0.2504146710240084,0.968138674227994,0.7204220259764048,-0.6935359431839508,6.524754691305746,51.80775735669704,0.5332022306094434,0.1016810562850964,6.0632260633316735,44.97139546417966,0.5375006668711932,0.0850583727578093,0.1491518152588633,0.0500829342048016,0.1296759646757528,1096.6666666666663
1984,1102.2222222222222,0.2287474425289873,0.159176893088544,0.1369156242277822,0.1167687952227439,0.1126012408333199,0.105428004084395,0.1063478290530364,0.1023872659899932,0.1093098016066655,0.1017838629882411,0.2165711955032318,0.1447700823000768,0.1266351139632008,0.1071337296800064,0.0970887764751701,0.0892775702301818,0.0885121300192703,0.086075861819185,-0.4614800757584913,-0.8871505732838914,0.7954654211959736,0.6059989799343827,-0.0289186608305668,-0.9995817680689092,6.524754691305746,51.80775735669704,0.5332022306094434,0.1016810562850964,6.0632260633316735,46.2114039410639,0.5375006668711932,0.0850583727578093,-0.1384440227275474,0.1590930842391947,-0.005205358949502,1102.2222222222222
1994,1107.7777777777778,0.2241813129958585,0.1574878282446229,0.1354594964203335,0.1162252954680409,0.1121711755009671,0.1055973393621934,0.106342821472643,0.102009130134554,0.1094189838591897,0.1016095091169463,0.2569635140160984,0.1625317089745832,0.1387974379595082,0.1126462806864547,0.1009085027226503,0.0905287898937819,0.0893883982402002,0.0865718195605015,-0.9958502156186052,-0.0910074065797798,0.9998776107889704,-0.0156449174795019,-0.7593125492263406,-0.6507260964395051,6.524754691305746,51.80775735669704,0.5332022306094434,0.1016810562850964,6.0632260633316735,46.2114039410639,0.6876682573729227,0.0850583727578093,-0.2987550646855816,0.199975522157794,-0.1366762588607413,1107.7777777777778
2004,1113.3333333333333,0.2268886143920138,0.1583531967290635,0.1362365070342923,0.1165400678485188,0.1126328735560462,0.1054696479505406,0.1065757028198818,0.1022814768424636,0.1091196546129311,0.1012591916044221,0.256529470308721,0.1596403900533786,0.1353908283841068,0.108784345540358,0.0968062723965077,0.0861156232606073,0.0852195849895147,0.0824814047060314,-0.6146402598375389,0.7888075500315921,0.7761167321143073,-0.6305892626204546,-0.9922234495408464,0.1244693784882997,6.524754691305746,51.80775735669704,0.5332022306094434,0.1016810562850964,6.0632260633316735,46.2114039410639,0.6876682573729227,0.0807594569815867,-0.1843920779512616,0.1552233464228614,-0.1786002209173523,1113.3333333333333
2014,1118.888888888889,0.2712603145640594,0.1818177035714947,0.1642189422515216,0.1302351666060226,0.1260597588547674,0.1116013015695988,0.1126478225817167,0.1050207326482294,0.1115949865330691,0.1020715322754844,0.2635758628104214,0.1627056924232694,0.1371449818816918,0.1095750447622112,0.0969296845204173,0.0861699827774949,0.0849847839358817,0.0823327882503422,0.3316671162793998,0.943396482916333,0.2200028944999774,-0.9754992190727944,-0.5750538434488248,0.8181155646574233,8.997079688789603,51.80775735669704,0.5332022306094434,0.1016810562850964,6.0632260633316735,46.2114039410639,0.6876682573729227,0.0807594569815867,0.0995001348838199,0.0440005788999954,-0.1035096918207884,1118.888888888889
2024,1124.4444444444443,0.2772784175740064,0.1827181578072909,0.1662958027450779,0.1305835398932085,0.1266552377274006,0.1118147691450042,0.1126795900123411,0.10544330730968,0.1115622750784738,0.1021530753111706,0.268423189777185,0.1649459195844549,0.1385241823127685,0.1103897075534032,0.0968755192885903,0.0864104866491452,0.084847378027718,0.0819522250964328,0.9730412752503024,0.2306310401035937,-0.4303217878711304,-0.9026755557138976,0.218876958856801,0.9757524670128168,8.997079688789603,53.16052163223452,0.5332022306094434,0.1016810562850964,6.0632260633316735,46.2114039410639,0.6876682573729227,0.0807594569815867,0.2919123825750906,-0.086064357574226,0.0393978525942241,1124.4444444444443
2034,1130.0,0.3110036343473368,0.1968477004884361,0.1795772951321551,0.1362006891751509,0.1316595502010175,0.113798665324926,0.1149630783764866,0.1059067175286876,0.1123865547543718,0.1024958347216337,0.2672788649702969,0.1641259599185947,0.1379869355049555,0.1106110041429923,0.0964521802364491,0.0859348822454468,0.0846213472050197,0.0816243922439529,0.7198057731658344,-0.6941755173708847,-0.8963717167453582,-0.4433032206277992,0.8694049376147979,0.4941002473699132,8.997079688789603,53.16052163223452,0.6221501571227053,0.1016810562850964,6.0632260633316735,46.2114039410639,0.6876682573729227,0.0807594569815867,0.2159417319497503,-0.1792743433490716,0.1564928887706636,1130.0
2044,1135.5555555555554,0.2580469212458975,0.1327237683963377,0.1142415790154621,0.0663826449958252,0.061386814434476,0.0425883301012953,0.0436826818430732,0.0335570785789235,0.0400977880748541,0.0297352984155147,0.2606126206486903,0.1614205399106124,0.135957414681475,0.1095394640126357,0.0959526071890178,0.0853638186851786,0.0844175268934932,0.0812660629001458,-0.1952158372129099,-0.980760305528962,-0.9785724383507284,0.2059028482083476,0.9503200913800992,-0.3112743547408302,8.997079688789603,53.16052163223452,0.6221501571227053,0.0286879020127346,6.0632260633316735,46.2114039410639,0.6876682573729227,0.0807594569815867,-0.0585647511638729,-0.1957144876701456,0.1710576164484178,1135.5555555555554
2054,1141.111111111111,0.2497991066302428,0.1294519989023589,0.1113461189082112,0.0650834826611549,0.0600331459716716,0.0419977450541184,0.0433136008481862,0.033360595158812,0.0400599779746658,0.0293368524588886,0.2910854426763662,0.1790457429627017,0.1582146793351065,0.1206287642557679,0.1067327379080286,0.0896789971218904,0.088901348764586,0.0827253222411619,-0.9307569071420532,-0.3656385917916204,-0.6417235093491862,0.7669360713570362,0.4086087928694306,-0.9127096221634714,8.997079688789603,53.16052163223452,0.6221501571227053,0.0286879020127346,7.723184244773418,46.2114039410639,0.6876682573729227,0.0807594569815867,-0.279227072142616,-0.1283447018698372,0.0735495827164975,1141.111111111111
2064,1146.6666666666663,0.2494201833902157,0.1294822969061447,0.1110323246943128,0.0646233007358527,0.0599064795947398,0.0418059169752721,0.0434167850859056,0.0335153135387445,0.0399822589663311,0.0295343396875067,0.3011594042957311,0.1918433911970385,0.1651385324418549,0.1267855417168431,0.1108166780047794,0.0926905240961714,0.0901712409440157,0.083535251215334,-0.8105643690502,0.5856495570102065,-0.0300722235264832,0.9995477284112916,-0.4008129806493082,-0.9161598957294612,8.997079688789603,53.16052163223452,0.6221501571227053,0.0286879020127346,7.723184244773418,40.79372836918,0.6876682573729227,0.0807594569815867,-0.2431693107150599,-0.0060144447052966,-0.0721463365168754,1146.6666666666663
2074,1152.2222222222222,0.2559730338441256,0.1329202201375864,0.1133552638163368,0.0659666687507344,0.0603987274880328,0.0421752121659712,0.0433799178844382,0.0339989962043682,0.0400360172202579,0.0295414425628118,0.2983429835011987,0.1903771078978677,0.1640670856998993,0.1257099770408548,0.1102481155815738,0.0922041469362132,0.0895077092390789,0.0835471777461629,0.0548573118372815,0.9984942039581338,0.5944567546037858,0.804127581236917,-0.947631904421456,-0.3193646406892351,8.997079688789603,53.16052163223452,0.6221501571227053,0.0286879020127346,7.723184244773418,40.79372836918,0.6603328810183746,0.0807594569815867,0.0164571935511844,0.1188913509207571,-0.170573742795862,1152.2222222222222
2084,1157.7777777777776,0.2626621708730973,0.136291242222988,0.1161160385489622,0.0672323095380071,0.0611575578065553,0.0428986440782491,0.043383655162531,0.0342805242952604,0.0403521143854809,0.0296902086560244,0.3452156317768687,0.2459531450192653,0.2215206036988295,0.1863581467324053,0.171429791177681,0.1541364683126289,0.1517112167089744,0.1467419891609859,0.8698434332090523,0.4933278845788963,0.9644242045783448,0.2643595158556371,-0.8735856101841685,0.4866705062762217,8.997079688789603,53.16052163223452,0.6221501571227053,0.0286879020127346,7.723184244773418,40.79372836918,0.6603328810183746,0.1440106375539264,0.2609530299627157,0.192884840915669,-0.1572454098331503,1157.7777777777776
2094,1163.3333333333333,0.2660130787941784,0.1378963741977844,0.1188568648610221,0.0683337417793674,0.0623039423864423,0.0438672943714096,0.0436255858073197,0.034494638549869,0.040511808149008,0.0297708822532667,0.3460501731155287,0.2463038777862035,0.2216392559863192,0.1867360843276202,0.1718023079666109,0.1541313677600782,0.1516185510554587,0.1466675102814172,0.8850995135769236,-0.4654018167840487,0.9214006381223274,-0.3886140296846833,-0.2271874166637655,0.973851055197685,9.132829028293903,53.16052163223452,0.6221501571227053,0.0286879020127346,7.723184244773418,40.79372836918,0.6603328810183746,0.1440106375539264,0.265529854073077,0.1842801276244655,-0.0408937349994778,1163.3333333333333
2104,1168.888888888889,0.2820369536853849,0.1639693198221076,0.1340684385045943,0.0839840685795576,0.0724344515834585,0.0514964556252399,0.0488765296414012,0.0379971647858849,0.0422296153785984,0.0303536673347725,0.3390275067357274,0.2430591329800954,0.2190600671436143,0.1856386358901288,0.1706318772150169,0.1534926681746951,0.1508841047608131,0.1468155389123115,0.0865991830076946,-0.9962432341062096,0.4838098425658416,-0.8751731464324163,0.5680584088515789,0.8229882405800295,9.132829028293903,41.014192919321225,0.6221501571227053,0.0286879020127346,7.723184244773418,40.79372836918,0.6603328810183746,0.1440106375539264,0.0259797549023084,0.0967619685131683,0.1022505135932842,1168.888888888889
2114,1174.4444444444443,0.2508145589054176,0.1478771123491651,0.1208734824328074,0.0773678216947164,0.0664671938950591,0.0489907091966427,0.0467519951726967,0.0367364705176536,0.0415997353123707,0.0301513348993164,0.3308988263615313,0.2390083207401103,0.2162122815110425,0.1840741468151835,0.1695065433883661,0.1532697075535907,0.1504775593392452,0.1463322695282723,-0.7915200370461841,-0.6111432164021845,-0.1609606543003303,-0.9869608238259558,0.9911262755960074,0.1329236842070935,9.132829028293903,41.014192919321225,0.5677320166760437,0.0286879020127346,7.723184244773418,40.79372836918,0.6603328810183746,0.1440106375539264,-0.2374560111138552,-0.032192130860066,0.1784027296072813,1174.4444444444443
2124,1180.0,0.2608217634988981,0.1611507988766687,0.1353095402303729,0.0941989735654178,0.083230217749006,0.0667344312468218,0.0648455351393681,0.0548187167717937,0.0604051306191746,0.0488829025351478,0.3288929794611932,0.237963059188699,0.2158565300415345,0.183800597775277,0.1690368989144357,0.1529993758368719,0.1501167819801196,0.1463055877531848,-0.9419193853214908,0.3358390560306902,-0.7368036979677665,-0.6761067302290552,0.7648324774348176,-0.6442292150010889,9.132829028293903,41.014192919321225,0.5677320166760437,0.0477004796793423,7.723184244773418,40.79372836918,0.6603328810183746,0.1440106375539264,-0.2825758155964472,-0.1473607395935533,0.1376698459382671,1180.0
2134,1185.5555555555554,0.268541687072138,0.1645578548597064,0.1385929519723481,0.0955990674494188,0.0844473721426474,0.0676410833864163,0.0651505258749703,0.0550165873260301,0.0604710137006017,0.049119345967373,0.3080725954554615,0.224417630171015,0.1991865624494148,0.1750030319353914,0.1610509754681191,0.1491624296710502,0.1466897848169576,0.1452642884244241,-0.226322394616003,0.9740524491500846,-0.9971286255520798,-0.0757265085991705,0.0374391694030808,-0.9992989085325809,9.132829028293903,41.014192919321225,0.5677320166760437,0.0477004796793423,6.33815097516861,40.79372836918,0.6603328810183746,0.1440106375539264,-0.0678967183848009,-0.1994257251104159,0.0067390504925545,1185.5555555555554
2144,1191.111111111111,0.2774150868519252,0.1696820173134457,0.1424244883896465,0.0978358223244147,0.0862689140359386,0.0685803932872692,0.0660567376115092,0.0553829156269344,0.0607325798136542,0.0492941378176492,0.3010985639433067,0.2096911802785366,0.1929875489973846,0.168519519483396,0.1578838350599883,0.1469305367213482,0.145454997514725,0.1445803908921532,0.6973543619602194,0.7167265125939288,-0.8304576703870402,0.5570817334066251,-0.7144833656049355,-0.6996524281912012,9.132829028293903,41.014192919321225,0.5677320166760437,0.0477004796793423,6.33815097516861,52.53223638656242,0.6603328810183746,0.1440106375539264,0.2092063085880658,-0.166091534077408,-0.1286070058088884,1191.111111111111
2154,1196.6666666666663,0.279950228241916,0.1720073371728659,0.1440086566607965,0.0984580729191894,0.0870463336394827,0.0688659463084684,0.0664439658930316,0.0549629971866395,0.0606473949173062,0.0491919063766192,0.3032970659321351,0.2107052700043184,0.1939393834134313,0.1688474293881176,0.1583815724836489,0.1470803072314826,0.1454030270357484,0.1446209766545038,0.9798867341646488,-0.1995544742874459,-0.308163581991283,0.9513333835907904,-0.9982938958559588,0.058389189896179,9.132829028293903,41.014192919321225,0.5677320166760437,0.0477004796793423,6.33815097516861,52.53223638656242,0.6594916350732667,0.1440106375539264,0.2939660202493946,-0.0616327163982566,-0.1796929012540725,1196.6666666666663
2164,1202.2222222222222,0.2725729168864632,0.1696821754287192,0.1410880730620049,0.0966209683514651,0.0856113808552193,0.0680398258748564,0.0657488260773023,0.0547185876648187,0.0603164295978691,0.0488860510483449,0.230799646098941,0.1236906101775423,0.1041776514614567,0.074567664104932,0.06356006318972,0.0507621463382244,0.0491183694499075,0.0478729058096005,0.3615157619573079,-0.9323659978015216,0.3460940037423528,0.9381998404250494,-0.6280467119289176,0.7781756406077456,9.132829028293903,41.014192919321225,0.5677320166760437,0.0477004796793423,6.33815097516861,52.53223638656242,0.6594916350732667,0.0470582208003365,0.1084547285871923,0.0692188007484705,-0.1130484081472051,1202.2222222222222
2174,1207.7777777777776,0.2624096457034055,0.1649816492278843,0.1367419846578869,0.094838844271092,0.0845153678535391,0.0673458781800524,0.0647101027640443,0.0542521542460191,0.0596967414361622,0.0487316656298933,0.2238241274837503,0.1209914094154754,0.1019768366697081,0.0737588277386973,0.0625099735077811,0.0504543460656711,0.049250507960226,0.0477027877494696,-0.5892311345782555,-0.8079645227629872,0.8521453191361109,0.5233052217152201,0.1536812979417521,0.9881204676874872,9.16098955173995,41.014192919321225,0.5677320166760437,0.0477004796793423,6.33815097516861,52.53223638656242,0.6594916350732667,0.0470582208003365,-0.1767693403734766,0.1704290638272222,0.0276626336295153,1207.7777777777776
2184,1213.3333333333333,0.236127396161064,0.1330412259659727,0.1170515545697828,0.0780641547449483,0.0731217308949959,0.0590922132183527,0.0593447327637245,0.0508085250465217,0.0577548361870993,0.0477563490558841,0.2208172486684425,0.1196941460329288,0.1007025946443287,0.0730055844074981,0.0617853283471643,0.0506570265178165,0.0486456610077907,0.047415254704564,-0.9982416433611464,0.0592758083845174,0.9932862975371832,-0.1156820259369378,0.8347210847741207,0.5506729615965499,9.16098955173995,55.9425382569226,0.5677320166760437,0.0477004796793423,6.33815097516861,52.53223638656242,0.6594916350732667,0.0470582208003365,-0.2994724930083439,0.1986572595074366,0.1502497952593417,1213.3333333333333
2194,1218.888888888889,0.2251140959915977,0.127705662860676,0.1121042737089031,0.0762658050809681,0.071408759321824,0.058654484650719,0.0584454541745192,0.0502700313228485,0.0572040889171717,0.047653000019062,0.2238555151419254,0.1210175740108511,0.1014541501676788,0.0731634421599458,0.0620913270488413,0.0504953119774196,0.048939662366444,0.0476806335103085,-0.4894733888649996,0.8720182346677234,0.7090767759414477,-0.7051312826846374,0.968872057651077,-0.2475619839615288,9.16098955173995,55.9425382569226,0.525827588294865,0.0477004796793423,6.33815097516861,52.53223638656242,0.6594916350732667,0.0470582208003365,-0.1468420166594999,0.1418153551882895,0.1743969703771938,1218.888888888889
2204,1224.4444444444443,0.2758626664938897,0.1879542076594052,0.1728714131730773,0.1406806702123287,0.1364949115721602,0.1249106175307646,0.1247288148343505,0.1172089500611146,0.1247359854273743,0.1148915693255112,0.2307461076296006,0.1238553928909152,0.1042555989117803,0.0741195953810521,0.0625634904565979,0.050809955257172,0.0492989278616813,0.0476524860846067,0.4693144420314156,0.8830311175155386,0.1212225127131731,-0.9926253585374012,0.4682417842549338,-0.88360037996696,9.16098955173995,55.9425382569226,0.525827588294865,0.1150288735107232,6.33815097516861,52.53223638656242,0.6594916350732667,0.0470582208003365,0.1407943326094246,0.0242445025426346,0.0842835211658881,1224.4444444444443
2214,1230.0,0.2822093854498093,0.1906062007313071,0.1753658823942311,0.1416596794172419,0.1373638319313423,0.1250195804272737,0.1249761631797155,0.117256963785125,0.124856994700827,0.1151246989281399,0.2853215743114619,0.1519516267809592,0.1395278576241256,0.0897469065000684,0.0795672344073695,0.0577878881930025,0.0560905139854853,0.0498997196204115,0.9966167392786132,0.0821892632261937,-0.5185423190201618,-0.855051965312748,-0.3391690398024614,-0.9407254447709366,9.16098955173995,55.9425382569226,0.525827588294865,0.1150288735107232,8.647862159705754,52.53223638656242,0.6594916350732667,0.0470582208003365,0.298985021783584,-0.1037084638040323,-0.061050427164443,1230.0
2224,1235.5555555555554,0.2796015724606333,0.1892204962950965,0.1748335941337884,0.1416572974908594,0.1370380917257291,0.1252499050751738,0.1249541078333303,0.1175236910262584,0.1248565690968162,0.1149947586202981,0.2966613601393759,0.1700363262056926,0.1496441136900081,0.0991377727816638,0.0854850209616038,0.0615984783440334,0.0586068557963555,0.0511341816265474,0.607634202566602,-0.7942170206380934,-0.9362541180965236,-0.3513235351457415,-0.9243646146090664,-0.3815102348019409,9.16098955173995,55.9425382569226,0.525827588294865,0.1150288735107232,8.647862159705754,43.94565139663493,0.6594916350732667,0.0470582208003365,0.1822902607699806,-0.1872508236193047,-0.1663856306296319,1235.5555555555554
2234,1241.111111111111,0.2711611669369735,0.1855779576218027,0.171808436230522,0.1405359969366883,0.1354951439176945,0.1248301643250191,0.1244601633256689,0.117217989725349,0.1248274207115278,0.1146503720866872,0.2697136254058434,0.1573112979635672,0.1389327824326219,0.0938596555776973,0.0816802522475897,0.0601468837319618,0.0570657041598229,0.0505530954070253,-0.3400044177364198,-0.9404238384471748,-0.9530380495038528,0.3028505839484078,-0.9039391299180422,0.4276611385232622,9.16098955173995,55.9425382569226,0.525827588294865,0.1150288735107232,8.647862159705754,43.94565139663493,0.6147282358997046,0.0470582208003365,-0.1020013253209259,-0.1906076099007705,-0.1627090433852475,1241.111111111111
2244,1246.6666666666663,0.2645963069500174,0.1828894668209299,0.1690417107746898,0.1391840641709331,0.1344482446537286,0.1244425292942166,0.1239156506791567,0.1167560006902503,0.1247833732952915,0.1145480418384045,0.292711468795765,0.1933270132866891,0.1770094776520306,0.1379678657330542,0.1258068578149686,0.1070574596169929,0.1045097101787711,0.0987157420969648,-0.9750445443833146,-0.2220093161746472,-0.5617068061850643,0.8273363668335718,-0.2912748631162846,0.9566394065250446,9.16098955173995,55.9425382569226,0.525827588294865,0.1150288735107232,8.647862159705754,43.94565139663493,0.6147282358997046,0.0958124949033154,-0.2925133633149943,-0.1123413612370128,-0.0524294753609312,1246.6666666666663
2254,1252.2222222222222,0.2559290056039078,0.1782000608703135,0.1616908894259866,0.1352048267276908,0.1307761868179538,0.122310801244474,0.1220243957247869,0.115865381518965,0.1237968709601013,0.1143002739735361,0.2946986925774465,0.194310521407974,0.1770628870472724,0.1380261400933952,0.1256704908055524,0.1067759454576207,0.1044375844703422,0.0983888765646608,-0.7136332135724825,0.7005195475404035,0.0701616029587498,0.9975356381955778,0.5122255612120096,0.8588509617163166,8.34986962397632,55.9425382569226,0.525827588294865,0.1150288735107232,8.647862159705754,43.94565139663493,0.6147282358997046,0.0958124949033154,-0.2140899640717447,0.0140323205917499,0.0922006010181617,1252.2222222222222
2264,1257.7777777777776,0.2780833044505893,0.2015655390248941,0.1754977432777859,0.1463854722028547,0.1379053218638348,0.1270451570337379,0.125469138478946,0.1177448300277543,0.1252355146622443,0.114939259228631,0.3031266234446638,0.198333301408487,0.1802157763314121,0.1394627383246464,0.1267441859575481,0.1074413749842374,0.1041616451872431,0.0985252291141793,0.2038892027087302,0.9789939698582408,0.6719850261070296,0.7405647336242354,0.9801283412988456,0.1983643984760712,8.34986962397632,41.92491355256087,0.525827588294865,0.1150288735107232,8.647862159705754,43.94565139663493,0.6147282358997046,0.0958124949033154,0.061166760812619,0.1343970052214059,0.1764231014337922,1257.7777777777776
2274,1263.3333333333333,0.3265007077100355,0.2263266585460437,0.1949282250358242,0.1557140626871082,0.1457509121507311,0.1312457861866992,0.1287084866804832,0.1187571145679565,0.1262705989107677,0.1152478335871818,0.3105783859044413,0.2019467530551696,0.1829216147877697,0.1412345380680252,0.1277067221936504,0.1082356036146932,0.1045545211989605,0.0985304762117569,0.9339568263027396,0.3573858511504261,0.9860473399419885,0.1664651416763538,0.8058750337123153,-0.592085661065335,8.34986962397632,41.92491355256087,0.6322382922029898,0.1150288735107232,8.647862159705754,43.94565139663493,0.6147282358997046,0.0958124949033154,0.2801870478908218,0.1972094679883977,0.1450575060682167,1263.3333333333333
2284,1268.888888888889,0.3141075116703351,0.2099525322077258,0.1781219077782649,0.1374905604821095,0.126854425763101,0.1112665986302658,0.1088512453092194,0.0986383058566927,0.106105670748002,0.0955600220538202,0.3099009900909217,0.2017755579165382,0.1831480531239835,0.1416791589604316,0.1280799533613185,0.1082388076155494,0.1046304362205586,0.0985728758301977,0.8053488509566002,-0.5928011709358236,0.8778590598597927,-0.4789190652104808,0.1036321384391341,-0.9946156945687776,8.34986962397632,41.92491355256087,0.6322382922029898,0.0947932087019278,8.647862159705754,43.94565139663493,0.6147282358997046,0.0958124949033154,0.24160465528698,0.1755718119719585,0.0186537849190441,1268.888888888889
2294,1274.4444444444443,0.3070398386122975,0.2061385332640788,0.1748952137358541,0.1361957273875132,0.1256846486593647,0.1111094922969745,0.108375437725826,0.0982708795066978,0.1057391096546005,0.095833872787422,0.2986468164173678,0.1961387785552314,0.1784553995362859,0.1387261365285807,0.1259383039127675,0.1068605773420386,0.1041074941128305,0.0984586873758582,-0.0636931439025054,-0.9979695303063189,0.3937491638609005,-0.9192179262606022,-0.6665079961783102,-0.745497881305087,8.34986962397632,41.92491355256087,0.6322382922029898,0.0947932087019278,8.471656467006042,43.94565139663493,0.6147282358997046,0.0958124949033154,-0.0191079431707516,0.0787498327721801,-0.1199714393120958,1274.4444444444443
2304,1280.0,0.2998686556901232,0.202307466295221,0.1721999002522789,0.1346759324180003,0.1247114928921649,0.1108534845768132,0.1080815432716732,0.098111221478151,0.1055353876203041,0.0957795879285355,0.2761432011268909,0.1723517260313067,0.1643223976231064,0.1279274842852387,0.1186968051700942,0.1018476431661309,0.1015287659328901,0.0970349912012929,-0.874175955993647,-0.4856093058854961,-0.2589741562201021,-0.9658842510415449,-0.9999684132582712,-0.0079481120862502,8.34986962397632,41.92491355256087,0.6322382922029898,0.0947932087019278,8.471656467006042,56.070253982606566,0.6147282358997046,0.0958124949033154,-0.262252786798094,-0.0517948312440204,-0.1799943143864888,1280.0
2314,1285.5555555555554,0.3003726475033048,0.2018698043823495,0.1721785142062042,0.1348124430779309,0.1242728944809668,0.1105179978800826,0.1079906926934104,0.098227016788251,0.1056575614280345,0.0958273434668793,0.2579566204107411,0.1647489901210823,0.1575224485815209,0.1251651010137678,0.1164404176946565,0.1010175819333588,0.100316516727357,0.0967796177448599,-0.8809454256131869,0.4732178748644232,-0.8007981443485693,-0.5989343302966427,-0.6782740133640106,0.7348090655368087,8.34986962397632,41.92491355256087,0.6322382922029898,0.0947932087019278,8.471656467006042,56.070253982606566,0.5654336415865311,0.0958124949033154,-0.2642836276839561,-0.1601596288697138,-0.1220893224055219,1285.5555555555554
2324,1291.111111111111,0.3083910043432578,0.2054214549576972,0.1749503340693327,0.1362685273553872,0.1254943785278972,0.1108408480368453,0.1083353533852813,0.0983550220426894,0.1056580133062787,0.0958530579234783,0.272633103838921,0.1780365004816408,0.1706179547918052,0.1376258076270046,0.1287689726143482,0.113692724104563,0.1128556302546789,0.1089482942916465,-0.0777777336119568,0.9969707238200064,-0.9996999639746,0.0244945305973218,0.0878089103996211,0.9961373375466012,8.34986962397632,41.92491355256087,0.6322382922029898,0.0947932087019278,8.471656467006042,56.070253982606566,0.5654336415865311,0.108307099938983,-0.023333320083587,-0.19993999279492,0.0158056038719318,1291.111111111111
2334,1296.6666666666663,0.3319000190171189,0.2198733201677813,0.190955832967108,0.1452742075197265,0.1347205497104606,0.115746993911048,0.1133535961443806,0.100413430749864,0.1074137625028455,0.0965990621071567,0.2805528370894056,0.1813741134627814,0.1727753797614775,0.1387483792653348,0.1296914984967157,0.113805591979141,0.1132351027490353,0.1088885569758343,0.7968984479817411,0.6041132870615347,-0.7705047882250665,0.6374342094069358,0.7963615863486249,0.6048208195724596,9.17527484023154,41.92491355256087,0.6322382922029898,0.0947932087019278,8.471656467006042,56.070253982606566,0.5654336415865311,0.108307099938983,0.2390695343945223,-0.1541009576450133,0.1433450855427524,1296.6666666666663
2344,1302.2222222222222,0.3086622720519912,0.1877629407349014,0.1725105078507362,0.1280491484128167,0.1239626943092608,0.107398356534129,0.1075644602845518,0.0968611518452773,0.1051493020046994,0.0954978043776227,0.2819680942596015,0.1820537318040463,0.1738252139085877,0.1396209535157994,0.1302685523307298,0.1139365528136617,0.113218068109362,0.1089396973992082,0.9389098715864914,-0.3441631198101247,-0.2113598308928488,0.977408318915358,0.9831576523568164,-0.1827594884328396,9.17527484023154,57.85895516381579,0.6322382922029898,0.0947932087019278,8.471656467006042,56.070253982606566,0.5654336415865311,0.108307099938983,0.2816729614759474,-0.0422719661785697,0.1769683774242269,1302.2222222222222
2354,1307.7777777777776,0.2626933417718969,0.1689805487800185,0.1550821438215528,0.1212047943958123,0.1176089918944056,0.1051984234684614,0.1050429213326746,0.096159245413577,0.1042876133101748,0.0954402293983725,0.2758253889923359,0.1798538980404662,0.1718679970070885,0.1385726452771361,0.1295325062976166,0.1138887119245178,0.1131164139888034,0.1089077927458389,0.2176918892593287,-0.97601754151793,0.4382947911477697,0.8988312834190479,0.5258129002687318,-0.8506002550616739,9.17527484023154,57.85895516381579,0.5323024653893998,0.0947932087019278,8.471656467006042,56.070253982606566,0.5654336415865311,0.108307099938983,0.0653075667777986,0.0876589582295539,0.0946463220483717,1307.7777777777776
2364,1313.3333333333333,0.1973416476200873,0.0892181124341605,0.0741938584382507,0.0340964532187933,0.0301129481365842,0.0156145012647078,0.0154824009777004,0.0060469731711567,0.0139718694911542,0.0049472658191914,0.2676537947077007,0.1764443458365476,0.1692419156299029,0.1372822025261663,0.1286841998917092,0.1137862026722981,0.1133336083084769,0.10903856336868,-0.7036710121152473,-0.7105259366896493,0.9002604165486768,0.4353517915382948,-0.2760315878817596,-0.9611485642144374,9.17527484023154,57.85895516381579,0.5323024653893998,0.0040053525129426,8.471656467006042,56.070253982606566,0.5654336415865311,0.108307099938983,-0.2111013036345742,0.1800520833097353,-0.0496856858187167,1313.3333333333333
2374,1318.888888888889,0.1944860868580057,0.0878419245693327,0.0727927799804925,0.0335662973737315,0.0290265596946768,0.0150285460717605,0.0154055227385328,0.0059483564219801,0.0137172298559029,0.0049749277988889,0.2577357064544683,0.1715333793752841,0.1633819720329551,0.1346731267166514,0.1258532107328858,0.1127029662441298,0.1123766054797861,0.1084863194582095,-0.9780820300962222,0.2082199375728768,0.9767115943469484,-0.214556429566308,-0.8970269391595316,-0.4419758708595775,9.17527484023154,57.85895516381579,0.5323024653893998,0.0040053525129426,7.952422330266685,56.070253982606566,0.5654336415865311,0.108307099938983,-0.2934246090288666,0.1953423188693897,-0.1614648490487157,1318.888888888889
2384,1324.4444444444443,0.2005182846991347,0.0899234304155084,0.0750506167179154,0.0343102533392423,0.0296657797933106,0.0154252526161515,0.0158673506053122,0.0059628284636208,0.0139408968629337,0.004980630900208,0.274501249066826,0.1895366588571769,0.1734342895713413,0.1429313148207542,0.1307758226591127,0.1157510013757737,0.1139763959466256,0.1092122394184543,-0.3532489402631192,0.9355293614863102,0.6349099823521525,-0.7725861209661934,-0.9303122064446432,0.3667685899039056,9.17527484023154,57.85895516381579,0.5323024653893998,0.0040053525129426,7.952422330266685,44.29352545487527,0.5654336415865311,0.108307099938983,-0.1059746820789357,0.1269819964704304,-0.1674561971600358,1324.4444444444443
2394,1330.0,0.2105802009739614,0.093208782078145,0.0786295899871177,0.0356321012047982,0.0312425818675571,0.016151620899499,0.0162923815934018,0.0060564235971709,0.0138598258605061,0.0051001815120636,0.3009168747230926,0.2015321280901501,0.1826568750367768,0.1474092312017854,0.1342487417445743,0.1171925808640251,0.1150316212113955,0.1097069646451417,0.596359596156948,0.8027174048639546,0.0212237393943775,-0.9997747510745204,-0.354079697707073,0.935215252052525,9.17527484023154,57.85895516381579,0.5323024653893998,0.0040053525129426,7.952422330266685,44.29352545487527,0.6127419448534138,0.108307099938983,0.1789078788470844,0.0042447478788755,-0.0637343455872731,1330.0
2404,1335.5555555555554,0.2159773906774777,0.094492646713508,0.080793265513607,0.0364442124665102,0.0319857983960825,0.0164136342085744,0.0169808264158216,0.0066651182611908,0.0138374002662302,0.0052184553075106,0.3262636151708296,0.2306255510728991,0.2125761594999229,0.1793937017096117,0.1661167656337186,0.1502450033141641,0.1481424350080891,0.1430173619517054,0.9976778701235004,-0.0681092318693711,-0.6015510495199706,-0.7988343600656033,0.4541371582057217,0.8909317827627609,9.17527484023154,57.85895516381579,0.5323024653893998,0.0040053525129426,7.952422330266685,44.29352545487527,0.6127419448534138,0.1417206794710261,0.2993033610370501,-0.1203102099039941,0.0817446884770299,1335.5555555555554
2414,1341.111111111111,0.1850015846975283,0.0787499409719494,0.0604939133431414,0.0273254896879753,0.0214939570444176,0.011996849829828,0.0122605099575541,0.0050591986122143,0.0119087200001941,0.0047037247473527,0.3220058565591502,0.2285593447713561,0.210571620011714,0.1790016784588488,0.1652546424358316,0.1499577139034325,0.1478217171401465,0.1427708953277314,0.4817357113257375,-0.8763165549237819,-0.966726352443852,-0.2558127430184144,0.964814469048282,0.2629316266923427,7.613822797608217,57.85895516381579,0.5323024653893998,0.0040053525129426,7.952422330266685,44.29352545487527,0.6127419448534138,0.1417206794710261,0.1445207133977212,-0.1933452704887704,0.1736666044286907,1341.111111111111
2424,1346.6666666666663,0.1920490880962021,0.0948405879848336,0.0679024491443031,0.0350444596561336,0.0264666225811769,0.0153318172799004,0.0140399341169744,0.0065227996035097,0.0130141300372925,0.0052648036176385,0.313670186196231,0.2242472910117643,0.2068931901331722,0.1775846646186245,0.1643918585383338,0.14933019293998,0.1472190519704631,0.1428545712655999,-0.4771120388268783,-0.8788424787221311,-0.9179248005660192,0.3967544083004422,0.8433689663074065,-0.537334892473564,7.613822797608217,45.055491007686136,0.5323024653893998,0.0040053525129426,7.952422330266685,44.29352545487527,0.6127419448534138,0.1417206794710261,-0.1431336116480635,-0.1835849601132038,0.1518064139353331,1346.6666666666663
2434,1352.2222222222222,0.2072893838006898,0.1022515011310228,0.0737067860577617,0.0378833374657287,0.0286296014588147,0.016089198905229,0.0148849257829507,0.0068602011255641,0.0131644892013647,0.0055148814569904,0.3086536547342521,0.221768305553324,0.2054333243918666,0.1765522394359562,0.1636843096056255,0.1489736330635645,0.1467501216501034,0.1424655667379478,-0.997305180796934,-0.0733646805731105,-0.476044461788269,0.8794212132992456,0.1693687694012761,-0.9855527484368848,7.613822797608217,45.055491007686136,0.5913020099923738,0.0040053525129426,7.952422330266685,44.29352545487527,0.6127419448534138,0.1417206794710261,-0.2991915542390802,-0.0952088923576538,0.0304863784922297,1352.2222222222222
2444,1357.7777777777776,0.2693755776500181,0.1820382912749431,0.1563253420781287,0.1270222047641581,0.1189920515755097,0.1084005766255378,0.1077084728850027,0.1006323189885091,0.1073395474608917,0.100052557743773,0.3114830519021732,0.2233780489023455,0.2064105153051167,0.1766072912860369,0.1641061228995126,0.1489489135576407,0.1468364415917084,0.1424860916552344,-0.6005805388507749,0.7995642665562993,0.1696902444004032,0.985497448477332,-0.6155976976860285,-0.7880605780037859,7.613822797608217,45.055491007686136,0.5913020099923738,0.09858658699061,7.952422330266685,44.29352545487527,0.6127419448534138,0.1417206794710261,-0.1801741616552324,0.0339380488800806,-0.1108075855834851,1357.7777777777776
2454,1363.3333333333333,0.2767994420974329,0.1856445870735178,0.1592041585759945,0.128066165017791,0.1201150392888771,0.1086569933776235,0.1080890076843165,0.1008708591816205,0.1070260740614897,0.0997372218335961,0.2903636428355658,0.2104126306115378,0.1898818693441848,0.1682778557995079,0.1554318765146027,0.1449541531568922,0.1431064428194229,0.1413078161690092,0.3483150807957025,0.937377514393365,0.7427592644930534,0.6695585672737959,-0.9972396281081164,-0.0742504150209654,7.613822797608217,45.055491007686136,0.5913020099923738,0.09858658699061,6.303296903563976,44.29352545487527,0.6127419448534138,0.1417206794710261,0.1044945242387107,0.1485518528986107,-0.1795031330594609,1363.3333333333333
2464,1368.888888888889,0.2817696183362025,0.188916407632464,0.1610697960826119,0.1291871616236619,0.1207229281291438,0.108862738639337,0.1084880428209265,0.1009466064686039,0.1068415478117088,0.0997244351132138,0.2914609079378057,0.2080425169162339,0.1893637757376965,0.1670337676286291,0.1546923674432317,0.1446181129069986,0.1429780261887918,0.1413460957518197,0.9769714214959344,0.2133701984350508,0.9977598431778982,0.0668976482517587,-0.7255145747634234,0.6882068016271337,7.613822797608217,45.055491007686136,0.5913020099923738,0.09858658699061,6.303296903563976,47.611695270010856,0.6127419448534138,0.1417206794710261,0.2930914264487803,0.1995519686355796,-0.1305926234574162,1368.888888888889
2474,1374.4444444444443,0.2803671492641753,0.1880949229113791,0.1604719814937296,0.129678909485031,0.1205062896603951,0.1088846248854993,0.1089315942092157,0.1011842665552972,0.1065324974812557,0.0993724433393531,0.263602450855492,0.1959081841551524,0.1808157547370442,0.1636647830238101,0.1520441031696359,0.1435602229760351,0.1424206668000593,0.1411080393282192,0.7074047428073463,-0.706808693957334,0.8254942356435895,-0.5644105481998063,0.021549861444824,0.999767774771576,7.613822797608217,45.055491007686136,0.5913020099923738,0.09858658699061,6.303296903563976,47.611695270010856,0.5267442377677045,0.1417206794710261,0.2122214228422038,0.1650988471287179,0.0038789750600683,1374.4444444444443
2484,1380.0,0.2733785563507724,0.1842525037157115,0.1578948831472245,0.1286720792446822,0.1197389586579393,0.1089149614359592,0.1085751499624064,0.1007879273720512,0.1063094058053685,0.0993273637540009,0.2271769200340077,0.1558386992201159,0.1404400333315722,0.1217171123505233,0.1100118359312533,0.1014535290205811,0.1001221544289811,0.0983474780440134,-0.2125465940541934,-0.9771509327406702,0.2997309640962864,-0.9540237676084966,0.7544953561510288,0.6563053843650318,7.613822797608217,45.055491007686136,0.5913020099923738,0.09858658699061,6.303296903563976,47.611695270010856,0.5267442377677045,0.099366933242138,-0.063763978216258,0.0599461928192572,0.1358091641071852,1380.0
2494,1385.5555555555554,0.2914471600586954,0.1956057675121982,0.1733709101058825,0.1374622624323603,0.1295181312250939,0.1134664461301831,0.1133558592634295,0.102942254025332,0.1087082716403768,0.100011113295554,0.2220787632492792,0.1533338988743162,0.138625124138613,0.1206317830008504,0.1101757017057321,0.1008665400458852,0.1001136576633151,0.0983793229881047,-0.9370835725511564,-0.3491051103246146,-0.354384742956268,-0.9350997026840612,0.993113969714682,-0.117152222162217,9.05776810324219,45.055491007686136,0.5913020099923738,0.09858658699061,6.303296903563976,47.611695270010856,0.5267442377677045,0.099366933242138,-0.2811250717653469,-0.0708769485912536,0.1787605145486427,1385.5555555555554
2504,1391.111111111111,0.289363252758586,0.190964644088504,0.1708179700203312,0.1349079023752395,0.1281755378847148,0.1121823096987159,0.1124199908390653,0.1018487188101296,0.1084593354306534,0.100002995566178,0.2228016288407946,0.1537001557375472,0.1386773053235487,0.1202838770242505,0.110137315634133,0.1006964461629311,0.100006372713604,0.0987073519667133,-0.800070236026884,0.5999063405431603,-0.856743873902352,-0.5157421201829367,0.5810686298611447,-0.81385456157184,9.05776810324219,47.53707562817565,0.5913020099923738,0.09858658699061,6.303296903563976,47.611695270010856,0.5267442377677045,0.099366933242138,-0.2400210708080651,-0.1713487747804704,0.104592353375006,1391.111111111111
2514,1396.6666666666663,0.291264161036728,0.1916678868499992,0.1712528665340512,0.1353598100242774,0.1282587793258378,0.1123834405368186,0.1126201495687792,0.1019620834451178,0.1087385631477962,0.099852663758689,0.2289718154385272,0.1560883438426951,0.1407770064518639,0.1210623298604661,0.1109901829752206,0.1007780583602356,0.1002518185018492,0.0990176430445714,0.0725239857875905,0.9973666685254132,-0.9922234495408429,0.1244693784883279,-0.2116786469722948,-0.9773393220453062,9.05776810324219,47.53707562817565,0.5743447905548836,0.09858658699061,6.303296903563976,47.611695270010856,0.5267442377677045,0.099366933242138,0.0217571957362771,-0.1984446899081685,-0.038102156455013,1396.6666666666663
2524,1402.2222222222222,0.288435896124686,0.1813459826887188,0.1599177981875489,0.1205889461512553,0.1133100703126877,0.0960411671268331,0.0957660856127325,0.0847683767836792,0.0912756502181176,0.0822955778654956,0.2347912167494412,0.1587481413872372,0.1425485142611801,0.1217054078092163,0.1117675173955759,0.1013829851255305,0.100433938566479,0.099365178272249,0.87843998953042,0.4778526810574525,-0.702807663774274,0.7113799180045407,-0.8657392579313393,-0.500495291962366,9.05776810324219,47.53707562817565,0.5743447905548836,0.0809282488421151,6.303296903563976,47.611695270010856,0.5267442377677045,0.099366933242138,0.263531996859126,-0.1405615327548548,-0.155833066427641,1402.2222222222222
2534,1407.7777777777776,0.2873783509845097,0.1817273303624281,0.1597553086844397,0.1207270006007223,0.1136152328350067,0.0960674821423074,0.0952710218981241,0.0848938460979539,0.0915419451525496,0.0826849972965436,0.2409917057366339,0.1618983531221411,0.146304990355343,0.1232519855022093,0.1131706657377079,0.1021363235519923,0.1012952005160239,0.0999126246304433,0.8767223180325651,-0.4809968576442114,-0.1124317299323581,0.9936594517763202,-0.952588707460545,0.3042609972024809,9.05776810324219,47.53707562817565,0.5743447905548836,0.0809282488421151,6.64517333891428,47.611695270010856,0.5267442377677045,0.099366933242138,0.2630166954097695,-0.0224863459864716,-0.1714659673428981,1407.7777777777776
2544,1413.3333333333333,0.278519064358707,0.1789736034335577,0.1564335057930599,0.118981946016562,0.1123070357052772,0.0953695666405032,0.0950116202880233,0.0846018150404777,0.091300276992108,0.0825758636602928,0.238220402556168,0.162938601075144,0.1459783256378222,0.1240677983537034,0.112977243239148,0.1025963343816386,0.1011318370244796,0.1000340992401887,0.0689501905477056,-0.9976201036584192,0.5260903352523434,0.8504286913986834,-0.4153253630121202,0.9096729317940876,9.05776810324219,47.53707562817565,0.5743447905548836,0.0809282488421151,6.64517333891428,44.94819183233542,0.5267442377677045,0.099366933242138,0.0206850571643116,0.1052180670504686,-0.0747585653421816,1413.3333333333333
2554,1418.888888888889,0.2693404810305336,0.1751499784336052,0.1525338637860407,0.1169607747072585,0.1105341894274478,0.0946634500781096,0.0941436323675657,0.0840975659322195,0.0910641795745588,0.0821682473111353,0.244285233940095,0.1652666402401013,0.1476308555974869,0.1250641682894038,0.1133429094155476,0.1028080255469575,0.1014174910981009,0.100014032547741,-0.8022144241466499,-0.5970360271299036,0.9393271149177452,0.3430226977625611,0.3940489887254059,0.9190894376960737,9.05776810324219,47.53707562817565,0.5743447905548836,0.0809282488421151,6.64517333891428,44.94819183233542,0.5659704566564828,0.099366933242138,-0.2406643272439949,0.187865422983549,0.070928817970573,1418.888888888889
2564,1424.4444444444443,0.2674800761959794,0.1743321120922069,0.1513851406212669,0.1159756908321291,0.1097006400255038,0.0946242245553399,0.0943395953832815,0.0841910562845832,0.0908041002855518,0.0822964713766962,0.2221080789001395,0.1382856190630705,0.119350453343627,0.0953807452386157,0.082927643458299,0.0721047491766659,0.071021524670318,0.0696671060654404,-0.9358267968819208,0.3524602193691143,0.950320091380108,-0.3112743547408031,0.945252092587098,0.3263410508344179,9.05776810324219,47.53707562817565,0.5743447905548836,0.0809282488421151,6.64517333891428,44.94819183233542,0.5659704566564828,0.0686138547207326,-0.2807480390645762,0.1900640182760216,0.1701453766656776,1424.4444444444443
2574,1430.0,0.2341252181174417,0.1536435868888477,0.1253056590299661,0.1021107848735832,0.095413304632126,0.0880409843413519,0.0877516839285273,0.0812201001274102,0.0879554774197577,0.0814641204722394,0.2276029228502079,0.1403695663785959,0.120749472038581,0.096503765802598,0.0830233197534946,0.0718454018195002,0.0712751789936123,0.0695355419475495,-0.2090443283503611,0.977906165633772,0.5543617920342663,-0.8322757977573041,0.8771491728759988,-0.4802180010401018,6.660900672968236,47.53707562817565,0.5743447905548836,0.0809282488421151,6.64517333891428,44.94819183233542,0.5659704566564828,0.0686138547207326,-0.0627132985051083,0.1108723584068532,0.1578868511176797,1430.0
2584,1435.5555555555554,0.2345686069125519,0.146804408868968,0.1233367245463908,0.0988977679644925,0.0942725810920148,0.087035403189148,0.0870915589797186,0.0809859045871415,0.0875242806030872,0.0814067750055925,0.23522164827075,0.1435457723915994,0.123741249814639,0.0974640878925627,0.0838969836636864,0.0725580102565252,0.0713713705342433,0.0693304539657539,0.7099325316092474,0.7042696930600414,-0.0789883509377017,-0.9968755390800512,0.2343595948711843,-0.9721499782913202,6.660900672968236,55.05464272734011,0.5743447905548836,0.0809282488421151,6.64517333891428,44.94819183233542,0.5659704566564828,0.0686138547207326,0.2129797594827742,-0.0157976701875403,0.0421847270768131,1435.5555555555554
2594,1441.111111111111,0.250592893727473,0.1525274021724104,0.1283738499994273,0.1014245578276324,0.0960526496876846,0.0877341778154662,0.0875471811347247,0.0810851518503314,0.0879877717497576,0.0815163600181781,0.2380088344512045,0.1446116735915087,0.1249445209384825,0.0981028534300376,0.0846635491239619,0.0725208898865763,0.0712443023960555,0.0696782116315009,0.9762006960288828,-0.2168690874069537,-0.6785136695376808,-0.7345877757290213,-0.5619766506565204,-0.8271530959362234,6.660900672968236,55.05464272734011,0.6158109148858508,0.0809282488421151,6.64517333891428,44.94819183233542,0.5659704566564828,0.0686138547207326,0.2928602088086648,-0.1357027339075361,-0.1011557971181736,1441.111111111111
2604,1446.6666666666663,0.2220425682520386,0.1191508350459953,0.0945267834216729,0.0665077189088314,0.0608012096840073,0.0521722849281028,0.0519458389938581,0.0450090211999157,0.0518292442581228,0.0455863644641758,0.233523238867079,0.1426032718815202,0.1240813128087638,0.0976410944702783,0.0840040198123059,0.0724273363407503,0.0712215595055359,0.0698477274508358,0.3449544424997691,-0.9386194290550742,-0.9874821473676728,-0.1577308106557806,-0.9901195564516658,-0.1402257605861226,6.660900672968236,55.05464272734011,0.6158109148858508,0.0449540809335751,6.64517333891428,44.94819183233542,0.5659704566564828,0.0686138547207326,0.1034863327499307,-0.1974964294735345,-0.1782215201612998,1446.6666666666663
2614,1452.2222222222222,0.2147412093576295,0.1163217034896064,0.092174841549489,0.0655795167740174,0.0599956790978767,0.0523606936081726,0.0518600548166222,0.0448244276431887,0.0515970141647691,0.0452900433649052,0.2183064754826713,0.1345829717597065,0.1167618094156406,0.0946106322820928,0.0810219798794304,0.0711209139832746,0.0700978960048991,0.0697199266996811,-0.6034413346247149,-0.7974073962952329,-0.8735856101841685,0.4866705062762217,-0.7695603750718546,0.6385740592282672,6.660900672968236,55.05464272734011,0.6158109148858508,0.0449540809335751,6.232639717053009,44.94819183233542,0.5659704566564828,0.0686138547207326,-0.1810324003874144,-0.1747171220368337,-0.1385208675129338,1452.2222222222222
2624,1457.7777777777776,0.2107499149334547,0.1146929243027496,0.0908172918224001,0.0652472896725566,0.0595324615835675,0.0522847241635741,0.0518191543035121,0.0448899366190195,0.0514761899702087,0.0454591489074739,0.2050083419074378,0.1208640635310339,0.1098058857374856,0.0893429796885268,0.0777370956656398,0.0693965439701288,0.0691554976020533,0.0692112088090539,-0.9970359316075316,0.0769373191858264,-0.385597457115901,0.922667112812498,-0.0448040810672564,0.9989957929439536,6.660900672968236,55.05464272734011,0.6158109148858508,0.0449540809335751,6.232639717053009,55.26361902802962,0.5659704566564828,0.0686138547207326,-0.2991107794822594,-0.0771194914231802,-0.0080647345921061,1457.7777777777776
2634,1463.3333333333333,0.2128398081281468,0.1161286531559124,0.0915581589847452,0.0655539936754254,0.0596986681367803,0.0521905227481677,0.0517040878556663,0.0447886637658299,0.0517316903887959,0.0453167515109061,0.1966326760348082,0.1178112858748457,0.1069539356223565,0.0886395955410136,0.0768039271640599,0.0694394716175753,0.0686974093606142,0.0691740954509475,-0.4739602911371612,0.8805462182220631,0.267513351513406,0.9635541535181428,0.7093067496828089,0.704899946697692,6.660900672968236,55.05464272734011,0.6158109148858508,0.0449540809335751,6.232639717053009,55.26361902802962,0.5262157976582641,0.0686138547207326,-0.1421880873411483,0.0535026703026812,0.1276752149429056,1463.3333333333333
2644,1468.888888888889,0.2191056777709428,0.1191864310490524,0.093429941461848,0.0659776852582789,0.0604248419799873,0.052123504007811,0.0518079013397044,0.0449404801416713,0.0515714825471368,0.0456100825108288,0.1689526021508362,0.0770566092190937,0.0641339610782661,0.0423669651076049,0.0298159631609061,0.0217783687126778,0.0205754511572672,0.0207674111016455,0.4848722552248454,0.8745849850718753,0.806068127200167,0.5918227558247616,0.9986971676622264,-0.0510290829179463,6.660900672968236,55.05464272734011,0.6158109148858508,0.0449540809335751,6.232639717053009,55.26361902802962,0.5262157976582641,0.0199809963524517,0.1454616765674536,0.1612136254400334,0.1797654901792007,1468.888888888889
2654,1474.4444444444443,0.2260227163980178,0.1226150670541207,0.0967416258032045,0.0674244746882301,0.0615910133337145,0.052248498191843,0.0523156547766908,0.0452806495269481,0.0514358171083007,0.045894389627183,0.1728396730756061,0.0785699765872092,0.065641786494264,0.0429011690100626,0.0301823886726676,0.0216871412316204,0.0207499919367918,0.0208665733659802,0.9979154862360996,0.0645343500019103,0.9994439934564908,-0.0333422246369631,0.6337656576514799,-0.7735251070143665,6.818189586583285,55.05464272734011,0.6158109148858508,0.0449540809335751,6.232639717053009,55.26361902802962,0.5262157976582641,0.0199809963524517,0.2993746458708298,0.1998887986912982,0.1140778183772663,1474.4444444444443
2664,1480.0,0.2420955890710984,0.144510691282877,0.1077946894582458,0.0772392832463608,0.0668677425546493,0.05610487702429,0.0547090420292743,0.0464714960686675,0.0521299919448846,0.046409804952288,0.1702994394030892,0.0775342635014536,0.0651287656136745,0.0425786560854098,0.0301200829799722,0.0219997969796525,0.0209758554891537,0.0211690439179129,0.5934798213249355,-0.8048488688444078,0.7648324774348176,-0.6442292150010889,-0.1463935914938251,-0.9892264232063048,6.818189586583285,41.62524622231981,0.6158109148858508,0.0449540809335751,6.232639717053009,55.26361902802962,0.5262157976582641,0.0199809963524517,0.1780439463974806,0.1529664954869635,-0.0263508464688885,1480.0
2674,1485.5555555555554,0.2577250137438596,0.1515107106563362,0.1126541767222665,0.0797342832765327,0.0688537907027613,0.0570769827139337,0.0552860260596605,0.0467882372079162,0.0523598275177034,0.0462389115056087,0.1637760997156008,0.07505129679636,0.063237416437559,0.0416982836911559,0.029499045285546,0.0216456697987153,0.0207964251665186,0.020887924294457,-0.3565984543400042,-0.9342577494258852,0.2027002078324825,-0.9792408415424004,-0.8306393444029604,-0.5568108112544333,6.818189586583285,41.62524622231981,0.6812784730800514,0.0449540809335751,6.232639717053009,55.26361902802962,0.5262157976582641,0.0199809963524517,-0.1069795363020012,0.0405400415664965,-0.1495150819925328,1485.5555555555554
2684,1491.111111111111,0.2504092144715208,0.1448780168440816,0.1070394694952433,0.0749194423646844,0.0640408461791808,0.0519147913316058,0.0509483961037076,0.0426834886011424,0.0474186623201395,0.0416610631859372,0.1590923692179098,0.0730360928381496,0.061953434080765,0.0412955472309663,0.0294718522606906,0.0213296934570483,0.0205181471011773,0.0209558929036603,-0.9788217556227158,-0.2047143637355829,-0.4462334552500214,-0.8949165902002416,-0.9706705396935172,0.2404136089556832,6.818189586583285,41.62524622231981,0.6812784730800514,0.0403866449510085,6.232639717053009,55.26361902802962,0.5262157976582641,0.0199809963524517,-0.2936465266868147,-0.0892466910500042,-0.174720697144833,1491.111111111111
2694,1496.6666666666663,0.2530381228311947,0.1453913598674442,0.1075591724734311,0.0754627521675945,0.0641663844797985,0.0519775625101623,0.0511286775692072,0.0425421286148991,0.0474993938742855,0.041255055846101,0.1728022794705795,0.0794532171565366,0.0692869882355722,0.0442770075451467,0.0327922701350597,0.0222993590239955,0.0217646236879864,0.0210990399135662,-0.7011208488537569,0.7130424638845763,-0.904078583459432,-0.4273662538502389,-0.4747421673183011,0.8801249198664484,6.818189586583285,41.62524622231981,0.6812784730800514,0.0403866449510085,6.9192317376205805,55.26361902802962,0.5262157976582641,0.0199809963524517,-0.210336254656127,-0.1808157166918864,-0.0854535901172942,1496.6666666666663
2704,1502.2222222222222,0.261089468772835,0.1486568975285455,0.109889713813168,0.0767833508112334,0.065040045670109,0.0523196625441802,0.0515910301207678,0.0424793048359043,0.0478839344194864,0.0412160011174541,0.1780945251371351,0.0808199932024654,0.0702680998664347,0.0444082130771195,0.0330190078615187,0.0220815944679577,0.022088263055291,0.0212068975235931,0.221187332966891,0.9752313385730556,-0.974774227714062,0.2231932010264964,0.3322256475187913,0.943199935925952,6.818189586583285,41.62524622231981,0.6812784730800514,0.0403866449510085,6.9192317376205805,56.65588620004135,0.5262157976582641,0.0199809963524517,0.0663561998900673,-0.1949548455428124,0.0598006165533824,1502.2222222222222
2714,1507.7777777777776,0.2667384526804893,0.1518629655250342,0.1115453787236932,0.0775630446826785,0.0660118082424207,0.0527822573441526,0.0518056456274979,0.042841219552951,0.0479568614254284,0.0414097625148594,0.2140202652514286,0.0946668686386369,0.0811131130597575,0.0487160051097071,0.0363234229588432,0.0229754542636915,0.0235753224077313,0.0219152472168422,0.9401369009154276,0.3407970180872124,-0.6280467119288955,0.7781756406077633,0.9215273536984356,0.3883134512034811,6.818189586583285,41.62524622231981,0.6812784730800514,0.0403866449510085,6.9192317376205805,56.65588620004135,0.6239846919423603,0.0199809963524517,0.2820410702746282,-0.1256093423857791,0.1658749236657184,1507.7777777777776
2724,1513.3333333333333,0.2647977825401869,0.151621525327861,0.1110751789440891,0.0773417618810063,0.0659375255422146,0.0526514593487872,0.0516144435614449,0.0429887418524199,0.0476225868477111,0.0412307065415581,0.2185298267001017,0.1011211828549476,0.0888516350606455,0.0564373434917124,0.0440875036134557,0.0310682720605595,0.031679914690444,0.0302923593504973,0.7947289378257734,-0.6069645091620415,-0.012373592441489,0.9999234441746488,0.9070669042497792,-0.420986497663193,6.818189586583285,41.62524622231981,0.6812784730800514,0.0403866449510085,6.9192317376205805,56.65588620004135,0.6239846919423603,0.0280715079811078,0.238418681347732,-0.0024747184882978,0.1632720427649602,1513.3333333333333
2734,1518.888888888889,0.2802873988758416,0.1627603763201139,0.1254973894344891,0.0849899929611981,0.0738259599159351,0.056712910979845,0.0552920746979477,0.04492359298277,0.0489727168040305,0.0416543370433965,0.2123645177705568,0.0987788049309312,0.0873816693303876,0.0556303891469143,0.0434532068654687,0.0311977380723322,0.0317851915611645,0.0301076169053953,-0.0813491456206217,-0.9966856658479616,0.608598214589271,0.7934785524503807,0.298318431541666,-0.9544664024482582,7.791402919605084,41.62524622231981,0.6812784730800514,0.0403866449510085,6.9192317376205805,56.65588620004135,0.6239846919423603,0.0280715079811078,-0.0244047436861865,0.1217196429178542,0.0536973176774998,1518.888888888889
2744,1524.4444444444443,0.2477142638877947,0.126843401555238,0.1051414055228625,0.067865369534583,0.0632547230535202,0.0498861491454352,0.050735850457872,0.0421329546160785,0.0475555215967554,0.0407653133116328,0.2062126378795849,0.0957440902242493,0.0857143963160771,0.054825253857771,0.0431710388146604,0.0308586444841696,0.031908151466839,0.0301855665434892,-0.8826351997442234,-0.4700586178047103,0.968952759996103,0.2472459279663356,-0.5058809722412083,-0.8626032934810125,7.791402919605084,57.678449294442935,0.6812784730800514,0.0403866449510085,6.9192317376205805,56.65588620004135,0.6239846919423603,0.0280715079811078,-0.264790559923267,0.1937905519992206,-0.0910585750034174,1524.4444444444443
2754,1530.0,0.2115844640379383,0.112315657590086,0.092853791327275,0.0628260946867735,0.0592224239979823,0.0484105987169791,0.0497194845638473,0.0420729461586538,0.0470025907018894,0.0403227703129317,0.2057979588506518,0.095515114532145,0.0854286575698593,0.0546315513349046,0.0433035333378274,0.0306785012671833,0.0320259223048506,0.0300268147280534,-0.8724305217037582,0.4887381556618105,0.9143770461619306,-0.4048637023149675,-0.9786395511089448,-0.2055836301977445,7.791402919605084,57.678449294442935,0.5750748034038927,0.0403866449510085,6.9192317376205805,56.65588620004135,0.6239846919423603,0.0280715079811078,-0.2617291565111274,0.1828754092323861,-0.17615511919961,1530.0
2764,1535.5555555555554,0.2628805541361182,0.1721942505382659,0.1538331313258443,0.1267252640397195,0.1236705688634126,0.113907406602227,0.1152768137930235,0.1082537248020394,0.1131238927561819,0.1065264212019452,0.2116461495284416,0.0977951400734704,0.0868925411690902,0.0556389519872332,0.0434098233306382,0.0308477570751944,0.0324107956737139,0.0299722420025289,-0.0601172454282891,0.99819132274435,0.4682417842549087,-0.8836003799669733,-0.8102174611779797,0.586129393225002,7.791402919605084,57.678449294442935,0.5750748034038927,0.10663223297948,6.9192317376205805,56.65588620004135,0.6239846919423603,0.0280715079811078,-0.0180351736284867,0.0936483568509817,-0.1458391430120363,1535.5555555555554
2774,1541.111111111111,0.271082443755316,0.1750579316121716,0.1568964678958091,0.1281130371025328,0.1251030205838909,0.1141600559615944,0.115926873952962,0.1086154889800595,0.1133151312475979,0.1066409757888265,0.2042578900477992,0.0940077922695288,0.0802480582403146,0.0529105338227723,0.039798120210432,0.0295997606392221,0.0315469698309301,0.0297170364646218,0.8074675490490059,0.5899119910908671,-0.1784065397431118,-0.9839568621524468,-0.1109607314229963,0.9938247914406612,7.791402919605084,57.678449294442935,0.5750748034038927,0.10663223297948,6.290423126509404,56.65588620004135,0.6239846919423603,0.0280715079811078,0.2422402647147017,-0.0356813079486223,-0.0199729316561393,1541.111111111111
2784,1546.6666666666663,0.2732865135677738,0.1758477938146627,0.1580446631104914,0.1280540827202873,0.1255990137105853,0.1144599766257623,0.1154870026397609,0.109017709884813,0.1137705229893869,0.1066914547967878,0.2074045680994394,0.097559249525351,0.0813711492660064,0.0540876705509915,0.0402790553734438,0.0296255959900117,0.0318128114987355,0.02949350209441,0.932670402758092,-0.3607297046530244,-0.7486566379017265,-0.6629579462723734,0.6609947523355292,0.7503905232509885,7.791402919605084,57.678449294442935,0.5750748034038927,0.10663223297948,6.290423126509404,54.54649553477088,0.6239846919423603,0.0280715079811078,0.2798011208274276,-0.1497313275803453,0.1189790554203952,1546.6666666666663
2794,1552.2222222222222,0.2680005278242358,0.1732128082497078,0.1562890192230639,0.1276410824140988,0.1251547662568686,0.1146818599215192,0.1148187949788396,0.1089697398751175,0.1138396013961598,0.1063928257768803,0.2117715325051947,0.0988457038790558,0.0823432209999426,0.0546043920859855,0.0407834283312405,0.0299951787715704,0.0318650695030812,0.0297627947270631,0.2003803894013216,-0.9797181735291912,-0.9983128891030316,-0.0580635466601739,0.9998826609131016,0.0153187599150694,7.791402919605084,57.678449294442935,0.5750748034038927,0.10663223297948,6.290423126509404,54.54649553477088,0.6552947048130493,0.0280715079811078,0.0601141168203964,-0.1996625778206063,0.1799788789643583,1552.2222222222222
2804,1557.7777777777776,0.2598684324829512,0.1700042925579467,0.1534460211840265,0.1265774223767948,0.123669660638281,0.1148691569102929,0.114604744282013,0.1087883585464801,0.113701131868372,0.1063399230282979,0.2729142899588408,0.1811885510766323,0.1683774853950873,0.1465614335654229,0.1336484078622388,0.1248207594666197,0.1268185291062378,0.1248954839076604,-0.7161384298695125,-0.6979582718644642,-0.8204661257292739,0.5716951430008788,0.6836719353531114,-0.7297894797888848,7.791402919605084,57.678449294442935,0.5750748034038927,0.10663223297948,6.290423126509404,54.54649553477088,0.6552947048130493,0.1238650172553198,-0.2148415289608537,-0.1640932251458547,0.12306094836356,1557.7777777777776
2814,1563.3333333333333,0.2674984548654999,0.1746612773354962,0.1598907760179724,0.1293503638443398,0.1271651011360202,0.1163280231778258,0.1160523645992098,0.1095395984961402,0.1146329241163089,0.1070723430167209,0.270686987335055,0.1800002688321399,0.167909225801706,0.1461629772335115,0.1332143895672117,0.1249165970007739,0.12693682547117,0.1246442943486015,-0.974242879359895,0.2255012461529674,-0.2912748631162846,0.9566394065250446,-0.0804639003782985,-0.9967575235411624,8.557443169392675,57.678449294442935,0.5750748034038927,0.10663223297948,6.290423126509404,54.54649553477088,0.6552947048130493,0.1238650172553198,-0.2922728638079684,-0.0582549726232569,-0.0144835020680937,1563.3333333333333
2824,1568.888888888889,0.2823820653308611,0.1912167588413115,0.1694252899213189,0.1367564591480942,0.1318784670523673,0.1196429128654157,0.1180486914047933,0.1105275043477479,0.1153499520425234,0.1069898688209525,0.2749096217845363,0.1813630963539532,0.169718093477184,0.1463487057572989,0.1341064765181736,0.1253960147231947,0.1273053410900609,0.1246775561251398,-0.3366329185180217,0.9416359584096388,0.3626477171139957,0.9319263024896376,-0.7918817589952256,-0.6106744466330873,8.557443169392675,47.41465589652505,0.5750748034038927,0.10663223297948,6.290423126509404,54.54649553477088,0.6552947048130493,0.1238650172553198,-0.1009898755554065,0.0725295434227991,-0.1425387166191406,1568.888888888889
2834,1574.4444444444443,0.2662675445780232,0.1840590359019016,0.1629050750741577,0.1344868574507634,0.1296905746583459,0.1190502172431491,0.1171602987918815,0.1099270408674517,0.1151277344131478,0.107190516655293,0.2816466553977827,0.1843256163290678,0.1715390531148599,0.1472202789111364,0.1348276470599064,0.1259016009635206,0.1273841294097168,0.1247594338236147,0.6104757951470775,0.7920349130811997,0.8612753051757521,0.5081386116941077,-0.9844780808505312,0.1755075734116769,8.557443169392675,47.41465589652505,0.5128424000332207,0.10663223297948,6.290423126509404,54.54649553477088,0.6552947048130493,0.1238650172553198,0.1831427385441232,0.1722550610351504,-0.1772060545530956,1574.4444444444443
2844,1580.0,0.2525498373397379,0.1626689690091985,0.13966166305717,0.1088973125559625,0.1032291424431399,0.0911442331015992,0.088742248267118,0.0809854386711673,0.0862463046024838,0.0784085145268485,0.2846030748133175,0.1858316827833806,0.1722866198408252,0.1473056028952279,0.1352914842291959,0.1259011383480734,0.1271434132478826,0.1251545292525661,0.9963158781073258,-0.0857593786779512,0.991082863604814,-0.1332469792110927,-0.5320684721953269,0.8467013292157575,8.557443169392675,47.41465589652505,0.5128424000332207,0.0778164351090442,6.290423126509404,54.54649553477088,0.6552947048130493,0.1238650172553198,0.2988947634321977,0.1982165727209628,-0.0957723249951588,1580.0
2854,1585.5555555555554,0.2487654693885747,0.1606737213507792,0.1380839513245554,0.1083516360890581,0.1028687754124827,0.0909875948499631,0.0888503467116396,0.0812016833238484,0.0860939850778368,0.0781227615113117,0.3183460976177358,0.203561004969957,0.1946943832891457,0.1577649468495295,0.1461075361356204,0.129888906585889,0.1313154768925493,0.1264195758916327,0.4661477374817293,-0.8847068931802582,0.6964834885869465,-0.7175728186921217,0.268939370061127,0.9631571082804322,8.557443169392675,47.41465589652505,0.5128424000332207,0.0778164351090442,8.272379719146606,54.54649553477088,0.6552947048130493,0.1238650172553198,0.1398443212445188,0.1392966977173893,0.0484090866110028,1585.5555555555554
2864,1591.111111111111,0.2409613536346631,0.1566361363503378,0.1349804893427027,0.1069810800097562,0.1019605665512493,0.0905985904930586,0.0880916300835127,0.0810009295017407,0.0857958379204917,0.0780318446613656,0.3240911533022195,0.218502377375332,0.2014281382628495,0.1655995311296083,0.1500822911303675,0.133243778967538,0.1330439149875461,0.1270621060702246,-0.4925944832340822,-0.8702589701274831,0.1036321384391341,-0.9946156945687776,0.8937447228854826,0.4485759359510404,8.557443169392675,47.41465589652505,0.5128424000332207,0.0778164351090442,8.272379719146606,43.81676406979354,0.6552947048130493,0.1238650172553198,-0.1477783449702246,0.0207264276878268,0.1608740501193868,1591.111111111111
2874,1596.6666666666663,0.2369947337307568,0.154090335958757,0.1337040575318044,0.1061890189925725,0.1012368136459581,0.0904514551378617,0.0875555203505724,0.0804407610663624,0.0855726095224053,0.077752936818189,0.2791589066006771,0.1968057768981289,0.1841241244141804,0.1573253392497578,0.1438911526830123,0.1301747803841522,0.1308157252657928,0.1262438586894684,-0.9984476077803784,-0.0556989633443915,-0.5335971337741682,-0.8457387887687264,0.9329904194445218,-0.3599012048114529,8.557443169392675,47.41465589652505,0.5128424000332207,0.0778164351090442,8.272379719146606,43.81676406979354,0.5532474453225887,0.1238650172553198,-0.2995342823341135,-0.1067194267548336,0.1679382755000139,1596.6666666666663
2884,1602.2222222222222,0.2409273175079057,0.1560617204828798,0.1349597819861982,0.1065833674843292,0.1016631862750529,0.0906692888799972,0.088471558137838,0.0801955274395531,0.0855911497811338,0.0776769900100417,0.2557099911501603,0.1627906395823428,0.1484967358936515,0.117582124894697,0.1031154139441865,0.0876732702833919,0.0879489541193488,0.0831832546373909,-0.5863326063104505,0.8100704134686035,-0.9423265180795638,-0.3346949855077687,0.3609636404078972,-0.9325798895019548,8.557443169392675,47.41465589652505,0.5128424000332207,0.0778164351090442,8.272379719146606,43.81676406979354,0.5532474453225887,0.0804180063569058,-0.1758997818931351,-0.1884653036159127,0.0649734552734215,1602.2222222222222
2894,1607.7777777777776,0.2534964590463627,0.1620613576400653,0.1413570934560502,0.1096078812160216,0.1047140975741542,0.0917759037150123,0.0898396264853747,0.0808032617710378,0.0860925906582382,0.0779068958020003,0.2644267651078668,0.1670808197242891,0.1521125550601307,0.1194786065643813,0.1042038028416894,0.0886001928571249,0.0882967073764375,0.083357064450005,0.3648538893899531,0.9310647879696792,-0.947527678327889,0.3196737380557881,-0.4475576764864096,-0.8942550677620376,8.794661001273342,47.41465589652505,0.5128424000332207,0.0778164351090442,8.272379719146606,43.81676406979354,0.5532474453225887,0.0804180063569058,0.1094561668169859,-0.1895055356655778,-0.0805603817675537,1607.7777777777776
2904,1613.3333333333333,0.2477233793343543,0.1501572962765853,0.135461773293873,0.1033736141005579,0.1009679097194805,0.0886157692194092,0.0878273256178234,0.0792755166837644,0.0856762360749659,0.0774535359519117,0.2707981095937225,0.1700603822311275,0.1547976205909375,0.1205264054321468,0.1054143638411422,0.0890287435760825,0.0889095694461415,0.0837709019686114,0.9805954017951524,0.196042490236693,-0.5469733451833293,0.8371500221937276,-0.962850163613534,-0.2700362242910951,8.794661001273342,57.93173461518359,0.5128424000332207,0.0778164351090442,8.272379719146606,43.81676406979354,0.5532474453225887,0.0804180063569058,0.2941786205385456,-0.1093946690366658,-0.1733130294504361,1613.3333333333333
2914,1618.8888888888887,0.2489341525713775,0.1511170889312739,0.1359443222661154,0.1036855013505403,0.1012777814498625,0.0885624587361365,0.0875527931335801,0.079463471129222,0.0855323067373882,0.0774333458461684,0.268665132650585,0.1691331965775094,0.1543367080172919,0.1199683959939273,0.1053302371643032,0.0890085111962468,0.0890155649376433,0.0838750502029496,0.6947820240372783,-0.7192203689236442,0.0878089103996211,0.9961373375466012,-0.8473068019758317,0.5311037406434722,8.794661001273342,57.93173461518359,0.5251483035068338,0.0778164351090442,8.272379719146606,43.81676406979354,0.5532474453225887,0.0804180063569058,0.2084346072111834,0.0175617820799242,-0.1525152243556497,1618.8888888888887
2924,1624.4444444444443,0.2082110471324282,0.1053393406574818,0.0893737923858033,0.0551743783420582,0.0525808981820737,0.038595034989132,0.0380904434413656,0.0294580773524825,0.0354137126150025,0.0271238740632605,0.26046775879758,0.1648613788276222,0.1506315034777728,0.1187802970431377,0.1037565360912881,0.088369914533368,0.0885702005413871,0.0838264240378459,-0.2298107424690028,-0.9732353377502512,0.6849891533148638,0.728553264930565,-0.1766287726732963,0.9842775404650485,8.794661001273342,57.93173461518359,0.5251483035068338,0.0276405319299744,8.272379719146606,43.81676406979354,0.5532474453225887,0.0804180063569058,-0.0689432227407008,0.1369978306629727,-0.0317931790811933,1624.4444444444443
2934,1630.0,0.201055766063838,0.1025412028084417,0.0868628600105484,0.0545616679792213,0.0514362755322885,0.0382130493367399,0.037040217595319,0.0296815940723916,0.0354243500350885,0.0271265143752875,0.2556468278568788,0.1631029506560027,0.1491519268155348,0.1179217972240004,0.1033394916014876,0.0881469946072473,0.0887548317046467,0.0837600985928574,-0.9431165721758212,-0.3324622253539928,0.9888395883214692,0.1489841218661469,0.6097721031700973,0.7925767989258304,8.794661001273342,57.93173461518359,0.5251483035068338,0.0276405319299744,8.39861091416443,43.81676406979354,0.5532474453225887,0.0804180063569058,-0.2829349716527463,0.1977679176642938,0.1097589785706175,1630.0
2944,1635.5555555555554,0.2027031498435413,0.1025216146380159,0.0868525423108286,0.0544412429202705,0.0515699033842084,0.0380024316710916,0.0372696973896007,0.0300399297065988,0.0355024546965859,0.0269259408847219,0.2455916971639836,0.1488908618042048,0.1412224279147727,0.1108611968772895,0.0989735590094118,0.0855152970190731,0.0870942539827972,0.0830150949537261,-0.7893253748290663,0.6139751238046652,0.8692437175126422,-0.4943838180652781,0.9966652292169604,0.0815991474827019,8.794661001273342,57.93173461518359,0.5251483035068338,0.0276405319299744,8.39861091416443,52.8904324604695,0.5532474453225887,0.0804180063569058,-0.2367976124487198,0.1738487435025284,0.1793997412590528,1635.5555555555554
2954,1641.111111111111,0.210551451099562,0.1057307717206506,0.0899728025279336,0.05508429267742,0.0524541957008636,0.0383528997628317,0.0378900181483119,0.0300992431061265,0.0359485520165327,0.0267322642454498,0.2869114447937061,0.1661726822774743,0.1559402572982512,0.1175361633355648,0.1040292602872575,0.0875200724218764,0.0883639811557438,0.083573679822035,0.090167931975027,0.9959265756286187,0.3774155398856996,-0.9260440109696656,0.730567703584569,-0.6828402671775949,8.794661001273342,57.93173461518359,0.5251483035068338,0.0276405319299744,8.39861091416443,52.8904324604695,0.6441945583619955,0.0804180063569058,0.0270503795925081,0.0754831079771399,0.1315021866452224,1641.111111111111
2964,1646.6666666666663,0.2191809273209193,0.108634837946724,0.0929942264674481,0.0564422007512619,0.0536393912982112,0.0388240771730516,0.0385279380311609,0.0304249665984965,0.0364978068204903,0.0264144496231833,0.3379189005316427,0.2279833101221054,0.2188673039282497,0.1841230575958149,0.1709516417542489,0.1557471996464883,0.1569748964789023,0.1526766916776536,0.8867612579520385,0.4622277267703855,-0.2760315878817869,-0.9611485642144296,-0.0141798911731574,-0.999899460289042,8.794661001273342,57.93173461518359,0.5251483035068338,0.0276405319299744,8.39861091416443,52.8904324604695,0.6441945583619955,0.149515674754697,0.2660283773856115,-0.0552063175763573,-0.0025523804111683,1646.6666666666663
2974,1652.2222222222222,0.2300690024390821,0.1137955783967182,0.1009211756625452,0.0600461690668247,0.0578058142705885,0.0407179263660415,0.0402524240421824,0.0311116325676388,0.0376489729667503,0.0263014394208868,0.3381184066800994,0.2281611665952651,0.2198970719819488,0.1842300204242907,0.171410693168328,0.1561173740076346,0.1573037489469063,0.1523794989328475,0.8680703728770103,-0.4964411624081633,-0.8112749568623606,-0.5846648136906949,-0.7496371684737427,-0.6618490127231962,9.405375867810818,57.93173461518359,0.5251483035068338,0.0276405319299744,8.39861091416443,52.8904324604695,0.6441945583619955,0.149515674754697,0.260421111863103,-0.1622549913724721,-0.1349346903252737,1652.2222222222222
2984,1657.7777777777776,0.2239821298780626,0.112430609865721,0.0992964163109141,0.0594596581533878,0.0574468536539017,0.0409145944305454,0.0402714248870822,0.0309057998453657,0.0373567210849716,0.0261301560820232,0.3308812820788935,0.2253622669488143,0.2176981981887494,0.1827372221067434,0.1708165370172817,0.1559001879185594,0.1574142479700065,0.1527303082100161,0.0512795902904904,-0.998684336324366,-0.999109719289216,0.0421873064063614,-0.993950530229856,0.1098287005103319,9.405375867810818,56.860501336831724,0.5251483035068338,0.0276405319299744,8.39861091416443,52.8904324604695,0.6441945583619955,0.149515674754697,0.0153838770871471,-0.1998219438578432,-0.178911095441374,1657.7777777777776
2994,1663.3333333333333,0.2665942836340493,0.1306697932666104,0.1163021751786933,0.0667206228129829,0.0637127044508609,0.0436199779044287,0.0427832742475367,0.0317669337015505,0.0378849901067446,0.0261262005266732,0.3227661141466419,0.2222808264538797,0.214353741122981,0.1814934764915775,0.1695721591083621,0.1556603287359696,0.1571739955189996,0.1530463499203636,-0.8126574111211593,-0.5827417370927321,-0.7591002441532891,0.6509737470331787,-0.5870518446050694,0.8095493386729344,9.405375867810818,56.860501336831724,0.6554231618106363,0.0276405319299744,8.39861091416443,52.8904324604695,0.6441945583619955,0.149515674754697,-0.2437972233363478,-0.1518200488306578,-0.1056693320289124,1663.3333333333333
3004,1668.8888888888887,0.2829821025244645,0.1563809857377902,0.1415927260364713,0.0957019350388538,0.0929789982174214,0.0738524225390669,0.0728758978660004,0.0631165804109973,0.0691000755370925,0.0577015880216285,0.3215885966061089,0.2216525271808698,0.2133898508201615,0.1809331978733648,0.1692549733451719,0.1555123791822049,0.1569447141676762,0.1531200360106149,-0.9294409365096808,0.3689709277707491,-0.1940247037762746,0.9809966433808676,0.2044688337818821,0.9788730745157296,9.405375867810818,56.860501336831724,0.6554231618106363,0.0592528822809655,8.39861091416443,52.8904324604695,0.6441945583619955,0.149515674754697,-0.2788322809529042,-0.0388049407552549,0.0368043900807387,1668.8888888888887
3014,1674.4444444444443,0.2881533601234653,0.1590957804253983,0.1429950323948294,0.0965477010395674,0.0938288150699525,0.0742261298184187,0.0728855958055086,0.0634530202740451,0.0684219632233122,0.0579854067446558,0.3200214898120124,0.2197577768177037,0.2099342400079678,0.1794478086734525,0.1668960761286574,0.1545048026857717,0.1556826740203533,0.1527134312879134,-0.1917007512076882,0.9814534232384172,0.4541371582056964,0.8909317827627737,0.8620265393416938,0.5068631427422822,9.405375867810818,56.860501336831724,0.6554231618106363,0.0592528822809655,7.923687331829445,52.8904324604695,0.6441945583619955,0.149515674754697,-0.0575102253623064,0.0908274316411392,0.1551647770815049,1674.4444444444443
3024,1680.0,0.2957764448718866,0.1630451947362662,0.1461810836035319,0.0974418843484622,0.0950365836439569,0.0746749339229285,0.0730636199959647,0.0635070461301938,0.0685458376153006,0.0582120341007835,0.3393856322969614,0.2384789450735281,0.2206548179837297,0.1878443365759534,0.1720102995222481,0.1577428053941482,0.157786404537895,0.1538977444799157,0.7222882206813438,0.6915921675850432,0.9078259183348962,0.4193472332082355,0.9548055657739246,-0.2972311080071123,9.405375867810818,56.860501336831724,0.6554231618106363,0.0592528822809655,7.923687331829445,43.68891284893158,0.6441945583619955,0.149515674754697,0.2166864662044031,0.1815651836669792,0.1718650018393064,1680.0
3034,1685.5555555555554,0.2983942122150195,0.1639758658583785,0.1478165963792317,0.0977641418030588,0.0953834463244983,0.0748638351590399,0.072942476055622,0.0638715098800057,0.0685213303255718,0.058378990651569,0.3452723750793475,0.2412205167746733,0.2230320459166544,0.188884913836046,0.1730906130532772,0.1582894291323649,0.1580285115133897,0.1539823693163898,0.9722087334787266,-0.2341157375053851,0.9727604902393402,-0.2318124859219592,0.4220193669483528,-0.9065868154349652,9.405375867810818,56.860501336831724,0.6554231618106363,0.0592528822809655,7.923687331829445,43.68891284893158,0.6518988930561611,0.149515674754697,0.291662620043618,0.194552098047868,0.0759634860507035,1685.5555555555554
3044,1691.111111111111,0.2934170294548732,0.1614487225765391,0.1460228749669758,0.096757756746658,0.0945884706219305,0.074653958105564,0.0732255064566834,0.0640852525045052,0.0684762706890206,0.0584311970027759,0.3174510150157839,0.2091036634331507,0.1906556195399485,0.1547530002502893,0.1383433838195706,0.1231231318886771,0.122430010786502,0.1184142266815227,0.3282850202860699,-0.9445787132133427,0.6211342357975977,-0.7837041923584014,-0.3872635866213986,-0.9219690420383596,9.405375867810818,56.860501336831724,0.6554231618106363,0.0592528822809655,7.923687331829445,43.68891284893158,0.6518988930561611,0.1136535996777583,0.0984855060858209,0.1242268471595195,-0.0697074455918517,1691.111111111111
3054,1696.6666666666663,0.2734091817374078,0.1506712345151467,0.1336397222958665,0.0909087587024779,0.0885037091466759,0.0719824654057478,0.0700566071531483,0.0629729651636748,0.0670122649014283,0.0581029967156142,0.3089066708439916,0.2050628232487912,0.1879719372327451,0.1535411508038717,0.1371525566871405,0.1225239975087649,0.1223118010221958,0.1180180551407182,-0.6174624265936747,-0.7866003761409289,0.003522476052146,-0.9999937960619866,-0.9428209216118688,-0.3332997296292728,8.708144683631101,56.860501336831724,0.6554231618106363,0.0592528822809655,7.923687331829445,43.68891284893158,0.6518988930561611,0.1136535996777583,-0.1852387279781024,0.0007044952104292,-0.1697077658901364,1696.6666666666663
3064,1702.2222222222222,0.2813264532636667,0.1627639107834106,0.1400524756487036,0.0974412787124367,0.0923260137651448,0.0752627523717942,0.0719078407924998,0.0637595940321561,0.0673416514613701,0.0580751913016601,0.3047217304973575,0.2026901760167475,0.1860839384877607,0.1527819556694889,0.1366227270606789,0.1225525301383564,0.121851222346157,0.118269369166601,-0.9955177660370688,0.0945747191619629,-0.6155976976860285,-0.7880605780037859,-0.8806650767175864,0.4737394037337485,8.708144683631101,48.89598048853558,0.6554231618106363,0.0592528822809655,7.923687331829445,43.68891284893158,0.6518988930561611,0.1136535996777583,-0.2986553298111206,-0.1231195395372057,-0.1585197138091655,1702.2222222222222
3074,1707.7777777777776,0.2553288042073307,0.1504830210103551,0.1298611968999361,0.0927894702820509,0.0887923851015768,0.0736539299854638,0.0705654334096104,0.0631069609614599,0.0666445407069553,0.0578723900983604,0.3095014275994683,0.204625618631741,0.187599592951613,0.1534475394554675,0.1372335224949793,0.122830583028712,0.1219464937596771,0.1185787123296142,-0.4582986624513802,0.8887982538210096,-0.9711032528022974,-0.2386597418853823,-0.2415190394305999,0.970396080779658,8.708144683631101,48.89598048853558,0.5756360657581642,0.0592528822809655,7.923687331829445,43.68891284893158,0.6518988930561611,0.1136535996777583,-0.137489598735414,-0.1942206505604594,-0.0434734270975079,1707.7777777777776
3084,1713.3333333333333,0.2663275135272264,0.1578892102685448,0.1368209617802903,0.0978898906619001,0.0933793953497229,0.0777080644259703,0.0745869508522635,0.0673664912434483,0.0702221235312537,0.0615913276527609,0.3182286857520851,0.2086989061613536,0.1904214467174821,0.1550517431917491,0.137817967750764,0.1233660082179806,0.1224180724860583,0.1187830006695562,0.5002781178395388,0.8658647728201723,-0.9107576528667236,0.4129412763876924,0.5558643581329249,0.8312730089191345,8.708144683631101,48.89598048853558,0.5756360657581642,0.0629656398554912,7.923687331829445,43.68891284893158,0.6518988930561611,0.1136535996777583,0.1500834353518616,-0.1821515305733447,0.1000555844639264,1713.3333333333333
3094,1718.8888888888887,0.2705939957855277,0.1602541238111458,0.1387644794204809,0.0989386060151716,0.0938869434160874,0.078220266250756,0.0746926045918218,0.0677431042319035,0.0704850579707111,0.0622902956499307,0.2850296500845103,0.1887636967796562,0.1663667909191804,0.1426485959841192,0.1260327983076223,0.1182093552487284,0.1176461946393542,0.1167149384735807,0.9989015037395316,0.0468592128284544,-0.460402421283857,0.8877103190095076,0.9890590403465114,0.1475202179663454,8.708144683631101,48.89598048853558,0.5756360657581642,0.0629656398554912,6.10001770533374,43.68891284893158,0.6518988930561611,0.1136535996777583,0.2996704511218594,-0.0920804842567714,0.178030627262372,1718.8888888888887
3104,1724.4444444444443,0.2656169805225287,0.1586134842768235,0.1370104785630462,0.0981071950739313,0.0937218959888266,0.0781881313320143,0.0744443751765065,0.0678714682662897,0.0702599738592333,0.0622559318795358,0.2683272750308929,0.1697308872123026,0.1573109151355952,0.1357979633425599,0.1222542723604664,0.1160108030034106,0.1164365589105855,0.1163159332227004,0.5791394537717035,-0.8152284913354126,0.1871088574310284,0.9823391855519432,0.7742464595671672,-0.6328842072983863,8.708144683631101,48.89598048853558,0.5756360657581642,0.0629656398554912,6.10001770533374,56.88640232822986,0.6518988930561611,0.1136535996777583,0.173741836131511,0.0374217714862057,0.1393643627220901,1724.4444444444443
3114,1730.0,0.2558419201521215,0.1546121754925146,0.1333500577509418,0.0968314213728862,0.0921586275372763,0.077983896621327,0.0739094834624295,0.0676640701635887,0.0701390124703438,0.0622094022145403,0.2496893728031649,0.1626234650664202,0.1523509450964893,0.1338436058810883,0.1212542781340771,0.1159414622845805,0.116143397872406,0.1162715768606106,-0.3730807391553991,-0.9277988801843108,0.7544953561510288,0.6563053843650318,0.0521665583552947,-0.998638398114835,8.708144683631101,48.89598048853558,0.5756360657581642,0.0629656398554912,6.10001770533374,56.88640232822986,0.6084739755109543,0.1136535996777583,-0.1119242217466197,0.1508990712302057,0.009389980503953,1730.0
3124,1735.5555555555554,0.2499640332061825,0.1516338068991134,0.1305307701832877,0.0952946282110003,0.0913450155597936,0.0775729181720589,0.0735190306583962,0.0677926764863218,0.0697332668891521,0.0625743459485067,0.2055092556840969,0.111362010874683,0.1000142961745168,0.0796847329124726,0.066405454944016,0.0611845058098433,0.0607160372665179,0.0607416208989525,-0.9822922210530184,-0.1873552573554535,0.9987877199978736,0.0492248959516351,-0.704091594427583,-0.7101091653094079,8.708144683631101,48.89598048853558,0.5756360657581642,0.0629656398554912,6.10001770533374,56.88640232822986,0.6084739755109543,0.0581277958502597,-0.2946876663159055,0.1997575439995747,-0.1267364869969649,1735.5555555555554
3134,1741.111111111111,0.2432703020397513,0.1471929863277109,0.1243535136982811,0.0922788104582865,0.0879033505539294,0.0758883459616354,0.0722089263536673,0.0671106294952087,0.0690498065085696,0.062226459485514,0.2073985689287527,0.111983666770523,0.1004461692344822,0.0798003132099853,0.0665287882259684,0.0612981711528003,0.0606894199628842,0.0606557302437387,-0.6883887649871538,0.7253419250529098,0.815373734582545,-0.5789349470820649,-0.9990461764534514,0.0436662033355244,8.153692058451325,48.89598048853558,0.5756360657581642,0.0629656398554912,6.10001770533374,56.88640232822986,0.6084739755109543,0.0581277958502597,-0.2065166294961461,0.163074746916509,-0.1798283117616212,1741.111111111111
3144,1746.6666666666663,0.2454251555102047,0.1424084827909742,0.1229475824963713,0.0893241987423946,0.0866988072081094,0.0746899552075217,0.0714183827906204,0.0664249224561919,0.0686544948952887,0.0619547985023025,0.2132177160424756,0.114472561643608,0.1018922576598551,0.0802801619668765,0.0671919812978207,0.0614687374502802,0.060933420361774,0.0605352238152897,0.2384161469404473,0.9711630866533544,0.2827959415632032,-0.9591800954124212,-0.6394501684757267,0.7688325448602997,8.153692058451325,54.43280437039324,0.5756360657581642,0.0629656398554912,6.10001770533374,56.88640232822986,0.6084739755109543,0.0581277958502597,0.0715248440821342,0.0565591883126406,-0.1151010303256308,1746.6666666666663
3154,1752.2222222222222,0.2534986728721852,0.1451674669432012,0.1258715604738524,0.0905467072224957,0.0874277496308036,0.074976475678413,0.0719368514271852,0.0670021124103842,0.069030208925233,0.0621398793378362,0.2181148953883254,0.1163901924571929,0.1032853232977391,0.0809613465043394,0.0672283998325008,0.0617718028587615,0.060948614033613,0.0601323678130471,0.9460223528833958,0.324101385132745,-0.370882278834638,-0.9286798884688016,0.1390979309253268,0.9902786302916432,8.153692058451325,54.43280437039324,0.5762921738796791,0.0629656398554912,6.10001770533374,56.88640232822986,0.6084739755109543,0.0581277958502597,0.2838067058650187,-0.0741764557669276,0.0250376275665588,1752.2222222222222
3164,1757.7777777777776,0.2927879312774356,0.196888566594172,0.1799888859792477,0.1494421822475279,0.1462236394146179,0.1354584468137787,0.1325608522943278,0.1286583123581821,0.1302330727287603,0.1236416096323772,0.2173241108750987,0.1163462381790735,0.1028886126354575,0.0811128688718421,0.0668627717938116,0.0616422253064976,0.0604751514070907,0.0604365652941163,0.783859970390956,-0.6209376352087942,-0.8657392579313535,-0.5004952919623413,0.8265124722373806,0.5629184072634801,8.153692058451325,54.43280437039324,0.5762921738796791,0.1245961010117987,6.10001770533374,56.88640232822986,0.6084739755109543,0.0581277958502597,0.2351579911172868,-0.1731478515862707,0.1487722450027284,1757.7777777777776
3174,1763.3333333333333,0.285384494101389,0.1937013496484051,0.1777818823999641,0.1484999803687045,0.1453413283989366,0.135529525394636,0.1325297511539273,0.1287395616527073,0.1300069082264452,0.1234257661619354,0.2606710647060462,0.1387539441638738,0.1328463676902047,0.0941603690934302,0.0812387985181453,0.0674637234863435,0.0662908339339931,0.0624969589577717,-0.0989796539234652,-0.9950894573399875,-0.989864629090824,0.1420141404046987,0.9724162815141844,-0.2332521713642262,8.153692058451325,54.43280437039324,0.5762921738796791,0.1245961010117987,8.758390038916161,56.88640232822986,0.6084739755109543,0.0581277958502597,-0.0296938961770395,-0.1979729258181648,0.1750349306725531,1763.3333333333333
3184,1768.8888888888887,0.2776856893800317,0.1906847460497104,0.1749314155477109,0.1474030000399829,0.1443200630624767,0.1352877896250901,0.1323948426124093,0.1285843576552321,0.1298840444166289,0.1234891535207105,0.2643597741351859,0.1508996354788594,0.1385583350835857,0.1001971951059523,0.0847175081963774,0.0701272457756673,0.0679655368349864,0.063549950802665,-0.8908178408887134,-0.4543606214829481,-0.6901047458610126,0.7237094995508261,0.481216755834355,-0.8766016392320167,8.153692058451325,54.43280437039324,0.5762921738796791,0.1245961010117987,8.758390038916161,47.74864594621289,0.6084739755109543,0.0581277958502597,-0.267245352266614,-0.1380209491722025,0.0866190160501839,1768.8888888888887
3194,1774.4444444444443,0.2761583512854513,0.1902940045408823,0.1740593393639743,0.1472209675369601,0.1438310306866923,0.1349619017314995,0.1320511353988645,0.128322402463178,0.1297432440171708,0.1234044326792415,0.2321812167429349,0.1361484011777291,0.1261789955872929,0.0945283549200858,0.0799443002159949,0.0682780330486579,0.0663074958980988,0.0628890515233249,-0.8636422131578337,0.5041052743741519,-0.0948244276569502,0.995494011995819,-0.3252642041522769,-0.9456231794415711,8.153692058451325,54.43280437039324,0.5762921738796791,0.1245961010117987,8.758390038916161,47.74864594621289,0.5275632308699862,0.0581277958502597,-0.2590926639473501,-0.01896488553139,-0.0585475567474098,1774.4444444444443
3204,1780.0,0.2814686927917929,0.1932183997309856,0.1760147361082883,0.1476523897795595,0.1449190655896757,0.1349740497846572,0.1321353725847903,0.1284277237145635,0.1296815447102622,0.1234217812712538,0.2734764207296767,0.1857511019887682,0.1760408163536944,0.1478366286429805,0.1339360639716077,0.1231672807584087,0.1213108458872561,0.118396160589753,-0.0424379175397685,0.9990991057722391,0.5410621264489105,0.840982624863667,-0.9186400227022308,-0.3950955690584813,8.153692058451325,54.43280437039324,0.5762921738796791,0.1245961010117987,8.758390038916161,47.74864594621289,0.5275632308699862,0.1140559943985273,-0.0127313752619305,0.1082124252897821,-0.1653552040864015,1780.0
3214,1785.5555555555554,0.3093806434880067,0.2084132302639313,0.1941757869005572,0.1563084028661957,0.1544782008289792,0.1396139448903369,0.1364015102135838,0.1303106249370406,0.131502067942623,0.1239887570771818,0.2814539976338802,0.1898578474773435,0.1794176757144244,0.1494035607025881,0.1350891163720909,0.1235063012386762,0.1217764979375529,0.1183464777313242,0.8177836037519086,0.5755258269048761,0.9452520925871074,0.3263410508343911,-0.9101453941871293,0.4142889830057701,9.57743634799554,54.43280437039324,0.5762921738796791,0.1245961010117987,8.758390038916161,47.74864594621289,0.5275632308699862,0.1140559943985273,0.2453350811255725,0.1890504185174215,-0.1638261709536832,1785.5555555555554
3224,1791.111111111111,0.3266127702646287,0.230959286981393,0.2082070773330527,0.1685187959053614,0.1625748834763546,0.145746912725419,0.1406866077604133,0.1329979759088307,0.1332867287189913,0.1249862762434827,0.2830789843515249,0.1905757233648098,0.1798550779344513,0.1499857201062691,0.1350154596851441,0.123239589996829,0.122243752162714,0.1184205950200003,0.9261386511563596,-0.3771832430454441,0.9446610291250056,-0.3280480758250003,-0.3053457911922464,0.9522415385820874,9.57743634799554,42.95976297524129,0.5762921738796791,0.1245961010117987,8.758390038916161,47.74864594621289,0.5275632308699862,0.1140559943985273,0.2778415953469079,0.1889322058250011,-0.0549622424146043,1791.111111111111
3234,1796.6666666666663,0.3488743760112751,0.2420605816843156,0.2175848516142015,0.1734415031997392,0.166968626645859,0.1477518979435823,0.1423988985763145,0.1336552978323467,0.1339551925717971,0.1251470386543279,0.2764519709390961,0.1879150804338878,0.1770346519303919,0.1486871014958594,0.1339349059436778,0.1229912987772852,0.1219410823343363,0.1185553357654711,0.1830060937949038,-0.9831117788094754,0.5395420444964559,-0.8419586582609531,0.4995088968333801,0.8663087567283962,9.57743634799554,42.95976297524129,0.642535135212293,0.1245961010117987,8.758390038916161,47.74864594621289,0.5275632308699862,0.1140559943985273,0.0549018281384711,0.1079084088992912,0.0899116014300084,1796.6666666666663
3244,1802.2222222222224,0.3402567556185358,0.2368506897278,0.2134801188001444,0.1710504489317474,0.1648578231830396,0.146216550323929,0.1408443244531789,0.132578418125793,0.1327259975037782,0.1241068967427947,0.2679674515424837,0.1839105773681617,0.1736455821832172,0.1473241523350898,0.1322947832514615,0.1226379420699679,0.1213922691866332,0.1179619611555189,-0.7283814222257445,-0.6851718789883321,-0.0966225902783622,-0.9953210914312524,0.9770975877105766,0.212791691779007,9.57743634799554,42.95976297524129,0.642535135212293,0.123798510045006,8.758390038916161,47.74864594621289,0.5275632308699862,0.1140559943985273,-0.2185144266677233,-0.0193245180556724,0.1758775657879037,1802.2222222222224
3254,1807.7777777777776,0.3382458689402507,0.2350474697142923,0.2123108027365358,0.1702345504840112,0.1644621480643495,0.14614185800204,0.1404069276814564,0.1322717298680425,0.1326141202316116,0.1239781465331608,0.265188059441395,0.1826909830283024,0.172565116347399,0.1469063476394011,0.1313374657844044,0.1225144089016502,0.1210106715626591,0.1175138044650495,-0.9700984177550735,0.2427118865426717,-0.6914109701025484,-0.7224616740158974,0.8145158664478347,-0.5801412787457321,9.57743634799554,42.95976297524129,0.642535135212293,0.123798510045006,8.761715834989083,47.74864594621289,0.5275632308699862,0.1140559943985273,-0.291029525326522,-0.1382821940205096,0.1466128559606102,1807.7777777777776
3264,1813.3333333333333,0.3450085220756548,0.2379896024203455,0.2152341125153239,0.1714673907060268,0.1653776950082973,0.1465444774906527,0.1411639332374342,0.1326418905182682,0.1327238909258526,0.1239732340763742,0.2775904036687829,0.193834707100989,0.1798394387958874,0.1524151789451641,0.1348903268864627,0.1251176381669039,0.1223555188509416,0.1182557234422004,-0.3199114018384557,0.9474474629095558,-0.9901195564516658,-0.1402257605861226,0.1182832954883216,-0.9929798900322314,9.57743634799554,42.95976297524129,0.642535135212293,0.123798510045006,8.761715834989083,42.46762828555149,0.5275632308699862,0.1140559943985273,-0.0959734205515367,-0.1980239112903331,0.0212909931878978,1813.3333333333333
3274,1818.8888888888887,0.3544571706063862,0.243006050415548,0.2198587447970913,0.1734756411299663,0.1669324480226898,0.1476331928357502,0.1419977969251758,0.1329608749776472,0.1332177357135524,0.1239988460500726,0.2831917619749676,0.1967938057974262,0.1821406937431315,0.153581555857863,0.1356997555165505,0.1256464713846747,0.1226618043364335,0.1180793640738475,0.6244006815814203,0.7811042112552318,-0.8648337220204358,0.5020583962611117,-0.655445594134148,-0.755242393626135,9.57743634799554,42.95976297524129,0.642535135212293,0.123798510045006,8.761715834989083,42.46762828555149,0.5183619826303218,0.1140559943985273,0.187320204474426,-0.1729667444040871,-0.1179802069441466,1818.8888888888887
3284,1824.4444444444443,0.3579244852903944,0.2452052898167245,0.2218580134141727,0.174689577142735,0.1676945438542579,0.1480258247812818,0.1421245477967422,0.1331520877642955,0.1337261739672107,0.124254965575805,0.3075789369812472,0.2261237229819265,0.2124776024204399,0.1856652005353525,0.1687609235573255,0.1591725304436479,0.1562856543370012,0.1521388247604645,0.9946416579266146,-0.1033826499805232,-0.36920405320069,0.9293483561615536,-0.9997425811405296,-0.022688575417407,9.57743634799554,42.95976297524129,0.642535135212293,0.123798510045006,8.761715834989083,42.46762828555149,0.5183619826303218,0.14818073727698,0.2983924973779844,-0.073840810640138,-0.1799536646052953,1824.4444444444443
3294,1830.0,0.2986346470583897,0.2091145567210554,0.1786283109322011,0.150986503478104,0.1437583649760291,0.1359786855042801,0.1305363808856353,0.1277815730653698,0.1288393352276567,0.1224179627566354,0.3029024499098383,0.223853493352836,0.2105564887653386,0.1848249670498671,0.1680563084390694,0.1587643441288745,0.155787644907372,0.1524177695381356,0.4504136809990983,-0.8928199795977028,0.2845281979451851,0.9586676716016168,-0.6890327108460208,0.7247302418032409,6.773620752325083,42.95976297524129,0.642535135212293,0.123798510045006,8.761715834989083,42.46762828555149,0.5183619826303218,0.14818073727698,0.1351241042997294,0.056905639589037,-0.1240258879522837,1830.0
3304,1835.5555555555557,0.2889167838242202,0.2043338302887255,0.1748116958281957,0.1490019205731369,0.1424188995858219,0.1353147329079966,0.1301138224894797,0.1276777632199186,0.1285499169401383,0.1222037513249607,0.2938207677153936,0.2196343342442645,0.2065961584771654,0.1833443489304767,0.1664019563789492,0.1584948231736525,0.1553653667240737,0.152157710744031,-0.5079225570499245,-0.8614027374230164,0.8164182253945689,0.5774610646992427,0.0731145184473021,0.9973235519089174,6.773620752325083,43.536151182737925,0.642535135212293,0.123798510045006,8.761715834989083,42.46762828555149,0.5183619826303218,0.14818073727698,-0.1523767671149773,0.1632836450789138,0.0131606133205143,1835.5555555555557
3314,1841.111111111111,0.2749630929698551,0.1979267462374906,0.1700997229589963,0.1466886747462828,0.1403890042483562,0.1343980206557323,0.1295867753739024,0.127255258077986,0.1287899939920335,0.1219394000784376,0.2883193109443148,0.217211231923114,0.2041406494835475,0.1820471984342245,0.1649153672097738,0.1574929941677041,0.1547680831952249,0.1517286362042584,-0.9992771385520772,-0.0380157910238953,0.998697167662228,-0.051029082917918,0.7873589056944278,0.6164948934287072,6.773620752325083,43.536151182737925,0.6149905867658038,0.123798510045006,8.761715834989083,42.46762828555149,0.5183619826303218,0.14818073727698,-0.2997831415656232,0.1997394335324456,0.141724603024997,1841.111111111111
3324,1846.6666666666663,0.2408605770500866,0.1512320116386172,0.1203650223900638,0.0934429328324212,0.0861025663800063,0.0782048962487167,0.0734468260552866,0.0709232491104639,0.0724359774544239,0.0651175656790527,0.2922280944131117,0.2189829223103933,0.2053414591276621,0.182280333456478,0.1649186035040947,0.1577847871704229,0.1549224140539694,0.1519644228146125,-0.5719009272721323,0.8203226983238213,0.75330853748497,-0.6576672770879326,0.9857450189062504,-0.1682461223966723,6.773620752325083,43.536151182737925,0.6149905867658038,0.0669409554434452,8.761715834989083,42.46762828555149,0.5183619826303218,0.14818073727698,-0.1715702781816396,0.150661707496994,0.177434103403125,1846.6666666666663
3334,1852.2222222222224,0.2491778824344653,0.1543816145452895,0.1229365009441371,0.0944222990212358,0.086827799487047,0.0786600553221752,0.0740493727610776,0.0708509502991748,0.0727214078720247,0.0654040482408036,0.2950419284168453,0.2192494365051094,0.2039636902658165,0.1813340915224195,0.1638517052213803,0.1569544774287001,0.1540064280496786,0.1517871182118731,0.3812783590855566,0.9244602819445654,0.1853339984256861,-0.9826755868686,0.5382951348184587,-0.8427563988667054,6.773620752325083,43.536151182737925,0.6149905867658038,0.0669409554434452,8.2511765739835,42.46762828555149,0.5183619826303218,0.14818073727698,0.1143835077256669,0.0370667996851372,0.0968931242673225,1852.2222222222224
3344,1857.7777777777776,0.2556289041555331,0.15655308974629,0.1252306187815779,0.0955884608143002,0.08739723077427,0.0787914145916735,0.0745298824047717,0.0714263400708131,0.0729782133988967,0.0653922647328741,0.2994222135376654,0.2201040315004795,0.2056373422306195,0.1814448039627389,0.1640326951559428,0.1575176407077634,0.1541143200627278,0.1522031916707933,0.983912080455226,0.1786533457124971,-0.4620052807817896,-0.8868771733051538,-0.2618325397417474,-0.9651133203579704,6.773620752325083,43.536151182737925,0.6149905867658038,0.0669409554434452,8.2511765739835,43.81114496316227,0.5183619826303218,0.14818073727698,0.2951736241365678,-0.0924010561563579,-0.0471298571535145,1857.7777777777776
3354,1863.3333333333333,0.2546439957699291,0.1555133081019509,0.1251032472794235,0.0955057948959755,0.0871529120209483,0.0786623382302588,0.07478356605879,0.071619879045977,0.0732381998105601,0.0656495533393115,0.360734802475164,0.2491232233319515,0.2298818383054082,0.1924510341430151,0.1733646715133185,0.1616909518743437,0.157197714839987,0.153314182023408,0.6819415725973977,-0.7314066526655251,-0.9115021275818344,-0.4112953578801847,-0.8904139460618472,-0.4551516282059968,6.773620752325083,43.536151182737925,0.6149905867658038,0.0669409554434452,8.2511765739835,43.81114496316227,0.6828855523119839,0.14818073727698,0.2045824717792193,-0.1823004255163669,-0.1602745102911325,1863.3333333333333
3364,1868.8888888888887,0.2473452217312007,0.15180920099951,0.1225968614981547,0.0942640665865193,0.0863699454778211,0.0785631278407766,0.0749881955395523,0.0714470826211394,0.073400167046002,0.0655361476984881,0.2816397822750779,0.1510496579395363,0.1282663671524287,0.0835862391378966,0.0630623636219524,0.0483924811250234,0.0438486406299292,0.0383721440357599,-0.2470028721717871,-0.9690147476374588,-0.9706705396935172,0.2404136089556832,-0.9356179395268704,0.3530142649178548,6.773620752325083,43.536151182737925,0.6149905867658038,0.0669409554434452,8.2511765739835,43.81114496316227,0.6828855523119839,0.0325792269461583,-0.0741008616515361,-0.1941341079387034,-0.1684112291148366,1868.8888888888887
3374,1874.4444444444443,0.2802664186078083,0.1731712841527015,0.1496082414608365,0.1090024079832583,0.1019702487051101,0.0866753186367941,0.0824730257365236,0.0747965151253603,0.0764922627730193,0.0667198234879369,0.2745354285503247,0.1475673921103271,0.1249677664636793,0.0821919566571006,0.061697031018233,0.047875890157778,0.0436963598035928,0.0384946416445209,-0.9488540153783376,-0.3157151524719798,-0.6141730955314169,0.7891713430715519,-0.3678279705814363,0.9298938563394976,8.861155168597247,43.536151182737925,0.6149905867658038,0.0669409554434452,8.2511765739835,43.81114496316227,0.6828855523119839,0.0325792269461583,-0.2846562046135013,-0.1228346191062833,-0.0662090347046585,1874.4444444444443
3384,1880.0,0.2839457337593289,0.1791027916854626,0.1524210156607854,0.111456376071294,0.1040206130571942,0.0883625725577687,0.0836567373288269,0.0755443683505956,0.0769980133804536,0.0668016735300577,0.2757155678703893,0.1479818166701548,0.124746256322548,0.08232954188847,0.0612002281510104,0.048005458779489,0.043092851355634,0.0383283330098621,-0.7783331527105312,0.6278514978812147,0.0053289163133703,0.99998580122466,0.4409538772565509,0.8975297644827244,8.861155168597247,41.352070505481215,0.6149905867658038,0.0669409554434452,8.2511765739835,43.81114496316227,0.6828855523119839,0.0325792269461583,-0.2334999458131593,0.001065783262674,0.0793716979061791,1880.0
3394,1885.5555555555557,0.2828790937188679,0.1788593712151735,0.1518177065529676,0.1112017001933707,0.1037891302846042,0.08843628111507,0.0833835956043094,0.0752140277652779,0.0768824408932675,0.0666014783993935,0.2835793188840024,0.1516892120505466,0.1271199382839803,0.0836168424196535,0.0617083242298531,0.0485484936979758,0.0435916286838279,0.0381568775160369,0.1077836210920998,0.9941743765679512,0.6225489504202653,0.7825808612090038,0.9608335428678,0.2771261497948388,8.861155168597247,41.352070505481215,0.594680517551433,0.0669409554434452,8.2511765739835,43.81114496316227,0.6828855523119839,0.0325792269461583,0.0323350863276299,0.124509790084053,0.172950037716204,1885.5555555555557
3404,1891.111111111111,0.2539700967197559,0.1341434240171456,0.1041220490060963,0.0562188281844964,0.0476611954524046,0.0295210735422891,0.0236383815798121,0.0142991402025192,0.0159249872609319,0.0044873485283156,0.2906174077926247,0.1548502814432137,0.1302469352095745,0.0852262463330082,0.0630267527524412,0.0493149619755824,0.0442036146267467,0.0385789105050111,0.8948046307322899,0.4464579183081539,0.9731776623772944,0.230054857479395,0.8511986002434986,-0.5248437319274268,8.861155168597247,41.352070505481215,0.594680517551433,0.0048837489967789,8.2511765739835,43.81114496316227,0.6828855523119839,0.0325792269461583,0.2684413892196869,0.1946355324754589,0.1532157480438297,1891.111111111111
3414,1896.6666666666663,0.2539712396455493,0.1342908288657798,0.1043536986506673,0.0566107052862864,0.047967321851785,0.0295693242549972,0.0240821918650295,0.0144296349744772,0.0157683209616964,0.0044258461764139,0.2589636072779293,0.1357241291099923,0.1083995520386826,0.0740052241587547,0.0520254693330419,0.0440790779513339,0.0397988647193206,0.0367701564736711,0.8591463894801912,-0.5117298910979811,0.9070669042497672,-0.4209864976632188,0.1838791790323431,-0.9829488529513586,8.861155168597247,41.352070505481215,0.594680517551433,0.0048837489967789,6.941432119191309,43.81114496316227,0.6828855523119839,0.0325792269461583,0.2577439168440573,0.1814133808499534,0.0330982522258217,1896.6666666666663
3424,1902.2222222222224,0.2468763107483776,0.1299165027334516,0.1020107882336892,0.0551419502757806,0.0468122601243134,0.0295219564180384,0.0236408879597988,0.0142789759791997,0.015653450107387,0.0043001701420481,0.2481676729597818,0.1273902060769258,0.1041944753964347,0.0703817830638309,0.0505539258482345,0.0430849841254711,0.0392084253713474,0.0367562049241463,0.0335929198965784,-0.9994355985919364,0.4525269870672613,-0.8917507084246284,-0.6039133774168877,-0.7970499561363315,8.861155168597247,41.352070505481215,0.594680517551433,0.0048837489967789,6.941432119191309,46.24461348350058,0.6828855523119839,0.0325792269461583,0.0100778759689735,0.0905053974134522,-0.1087044079350397,1902.2222222222224
3434,1907.7777777777776,0.2391275812150983,0.1251886655087455,0.0987837837690481,0.0537122317168628,0.0455171863672622,0.0285186780450236,0.0230293532169776,0.0141098060786112,0.0155779342511566,0.0038674785729534,0.2277565792352513,0.1185904218766641,0.0978617479495462,0.0673907916717588,0.0481268216226886,0.0422502534497954,0.0385921981095862,0.0365561578189593,-0.8228457253182612,-0.5682648258738743,-0.1957965156619191,-0.9806445454162542,-0.9960366777137,-0.0889434463524721,8.861155168597247,41.352070505481215,0.594680517551433,0.0048837489967789,6.941432119191309,46.24461348350058,0.6439496878277151,0.0325792269461583,-0.2468537175954783,-0.0391593031323838,-0.1792866019884659,1907.7777777777776
3444,1913.3333333333333,0.2386001283585802,0.1242585897785384,0.0985234311090038,0.0534394039178047,0.0456411671143042,0.0283011371540488,0.0231187176235191,0.0137833834702925,0.0154699007459846,0.0039241137225123,0.2503650765880787,0.1481596596948333,0.1286851298852222,0.1011080772546482,0.0822504649440871,0.0774653896092848,0.073681836274157,0.0721333016929124,-0.9227638054229752,0.3853660070651139,-0.7602749617936712,-0.649601402761441,-0.7355811378840975,0.677436631419601,8.861155168597247,41.352070505481215,0.594680517551433,0.0048837489967789,6.941432119191309,46.24461348350058,0.6439496878277151,0.0682526224728599,-0.2768291416268925,-0.1520549923587342,-0.1324046048191375,1913.3333333333333
3454,1918.8888888888887,0.1970402759033298,0.0969322300255868,0.0646860274073382,0.034215289726006,0.0263338325642882,0.0183859880796367,0.0138420475271525,0.0095232552647968,0.0120348865017046,0.0030732351986475,0.2557937527092716,0.1505766208541138,0.1301076892090585,0.101723610652449,0.0830322267589113,0.0774250835037389,0.0735647276869027,0.071660306708834,-0.1742970983651247,0.984693110314832,-0.9991842986607438,-0.040382388609857,0.0068091504540505,0.9999768174663322,6.581677959657334,41.352070505481215,0.594680517551433,0.0048837489967789,6.941432119191309,46.24461348350058,0.6439496878277151,0.0682526224728599,-0.0522891295095374,-0.1998368597321487,0.0012256470817291,1918.8888888888887
3464,1924.4444444444443,0.180512916299245,0.0711150263075315,0.0527653191780443,0.0231411761821242,0.0201303991042013,0.0138702319949057,0.0113034789672453,0.0077429920223482,0.0113964267316671,0.0024922898642818,0.2634892894000362,0.1537443097465937,0.132426296987774,0.1026287696171575,0.0833870993768126,0.0779852451231162,0.0735402447316876,0.0719072786861327,0.7344175571173696,0.6786979090860346,-0.8102174611779963,0.586129393224979,0.7447382501583123,0.6673566803075661,6.581677959657334,59.90723318857994,0.594680517551433,0.0048837489967789,6.941432119191309,46.24461348350058,0.6439496878277151,0.0682526224728599,0.2203252671352108,-0.1620434922355992,0.1340528850284962,1924.4444444444443
3474,1930.0,0.2056275797980622,0.0806115802062177,0.0603597296117905,0.025827546829876,0.0225359694766902,0.0145331294558579,0.0121137338693321,0.0077402790039462,0.0116788498628019,0.0028763514717,0.265950980289546,0.1551084970990839,0.1333420897106254,0.1025957881235413,0.0836797632976913,0.0783276068820875,0.0734592425974821,0.0721163449153648,0.9679120975262466,-0.251289019780693,-0.2742948637368957,0.9616456352147384,0.9947330856328438,-0.1024992114475107,6.581677959657334,59.90723318857994,0.6777398613416665,0.0048837489967789,6.941432119191309,46.24461348350058,0.6439496878277151,0.0682526224728599,0.2903736292578739,-0.0548589727473791,0.1790519554139119,1930.0
3484,1935.5555555555557,0.2932604736510946,0.1969227862395354,0.1796445274901119,0.1539745307409061,0.1518128450371298,0.1453005723216265,0.1437384712167207,0.1399082654092937,0.1439532522082025,0.1352163450413134,0.2610487973467083,0.1534334248919378,0.1319306327119633,0.1020431912845745,0.0834539957592579,0.0781633750495465,0.0732054836771747,0.0721408221887429,0.311512719224828,-0.9502419827397406,0.3790877829632522,0.9253607149690364,0.5930031625897654,-0.8052001298798556,6.581677959657334,59.90723318857994,0.6777398613416665,0.1374485902460104,6.941432119191309,46.24461348350058,0.6439496878277151,0.0682526224728599,0.0934538157674484,0.0758175565926504,0.1067405692661577,1935.5555555555557
3494,1941.111111111111,0.2859482139061752,0.1944423170169606,0.1775158447886047,0.1532537462415569,0.1508302783443805,0.1454762765451774,0.1433915289131312,0.1394017173611763,0.1437650080061742,0.13535367510334,0.2492481473510206,0.1478596603836188,0.1270229905754973,0.0994770843373843,0.0817583700866308,0.0769669740263738,0.0721918223386575,0.0717037119226364,-0.6312900165173887,-0.7755468490332967,0.8701353824308519,0.4928127598205176,-0.1972479110221593,-0.9803536410894766,6.581677959657334,59.90723318857994,0.6777398613416665,0.1374485902460104,6.739726590220917,46.24461348350058,0.6439496878277151,0.0682526224728599,-0.1893870049552166,0.1740270764861703,-0.0355046239839886,1941.111111111111
3504,1946.6666666666663,0.2830992772314676,0.1932122107506381,0.1767018242493677,0.1525529287987511,0.1510339423736095,0.1453184211643641,0.1430040455057807,0.1394262201384409,0.1438076573240587,0.134867151235812,0.2440325751735493,0.1434356214532129,0.1250406935878608,0.0974074421944911,0.0808084368172279,0.0761615202365331,0.0718466557384322,0.0721363196530701,-0.9936876224165904,0.1121824810568201,0.9885688414441484,-0.1507701751865203,-0.8582669835720107,-0.5132034537200642,6.581677959657334,59.90723318857994,0.6777398613416665,0.1374485902460104,6.739726590220917,47.88220509449936,0.6439496878277151,0.0682526224728599,-0.2981062867249771,0.1977137682888297,-0.1544880570429619,1946.6666666666663
3514,1952.2222222222224,0.2871231469620476,0.1945082540210192,0.1775627490238766,0.1531246411568907,0.1513732692641081,0.1456229652636421,0.1430374731135163,0.1392148210653066,0.1444227425737274,0.135187206335313,0.2160909535004911,0.1312646359275581,0.115962347164026,0.093955288317711,0.0780599921992988,0.0745126145502399,0.071251655146698,0.0718121807120577,-0.4424934108912375,0.8967717554193143,0.6836719353531114,-0.7297894797888848,-0.9569705458699124,0.2901850691152841,6.581677959657334,59.90723318857994,0.6777398613416665,0.1374485902460104,6.739726590220917,47.88220509449936,0.5454359001826706,0.0682526224728599,-0.1327480232673712,0.1367343870706223,-0.1722546982565842,1952.2222222222224
3524,1957.7777777777776,0.2949960182234763,0.1972158903659794,0.1798916342604237,0.1539231926924589,0.1522160514187847,0.1463066944046216,0.1431185919313002,0.1389515657367444,0.1443071021259911,0.1356174436226778,0.1900861658552777,0.0916999314942307,0.073420241791762,0.0475582757347002,0.0307955229031442,0.0258609365981307,0.022230064429348,0.022274175166795,0.5155272019446027,0.8568732135241298,0.086009287645294,-0.9962943352437316,-0.4286904409675157,0.9034514407665069,6.581677959657334,59.90723318857994,0.6777398613416665,0.1374485902460104,6.739726590220917,47.88220509449936,0.5454359001826706,0.0187359573266498,0.1546581605833808,0.0172018575290588,-0.0771642793741528,1957.7777777777776
3534,1963.3333333333333,0.2980371995683076,0.1979014153087314,0.1806300216771486,0.1545234842278657,0.1520664979344551,0.1463870942814403,0.1434344474138933,0.1394566141612378,0.1441050999632018,0.1354826081705258,0.1946202068465377,0.0936315088129367,0.0746366007102331,0.0480315171003605,0.0309011962037773,0.0261722877156,0.0223331730082931,0.0222734475633534,0.9995744827880754,0.029169390788146,-0.5484847284152161,-0.8361605723156806,0.380457143014039,0.924798552296442,6.505676558930355,59.90723318857994,0.6777398613416665,0.1374485902460104,6.739726590220917,47.88220509449936,0.5454359001826706,0.0187359573266498,0.2998723448364226,-0.1096969456830432,0.068482285742527,1963.3333333333333
3544,1968.8888888888887,0.3051991491788139,0.2086434202611135,0.1851278029806105,0.1590891980943271,0.1543535217606718,0.1479843636481761,0.1446402704323721,0.1396911018740331,0.1441623051879322,0.1352837337865286,0.1918918456634279,0.0923227135517769,0.0734060798445178,0.0478045544688146,0.0303998995407858,0.0257843266048651,0.0221090216414828,0.0220725615094387,0.5646175939300979,-0.8253526353169214,-0.9481036092297456,-0.3179615482499889,0.9403385235905232,0.3402402989823445,6.505676558930355,50.06672895972814,0.6777398613416665,0.1374485902460104,6.739726590220917,47.88220509449936,0.5454359001826706,0.0187359573266498,0.1693852781790293,-0.1896207218459491,0.1692609342462941,1968.8888888888887
3554,1974.4444444444443,0.2503151630745769,0.1859586321335504,0.1682340784023394,0.1519598253608558,0.1494330856132684,0.1458960313990197,0.1426707555112611,0.1389563346484477,0.1438652950999999,0.1354717498457128,0.1847856236794381,0.0890464711998735,0.0713204621114155,0.0470979308394708,0.0292500131784045,0.0255871522806025,0.0220797531853006,0.0220664161733888,-0.3894461069197696,-0.921049254820303,-0.9417203683654002,0.3363967119425144,0.8841331306764914,-0.4672350663640157,6.505676558930355,50.06672895972814,0.524626731213278,0.1374485902460104,6.739726590220917,47.88220509449936,0.5454359001826706,0.0187359573266498,-0.1168338320759309,-0.18834407367308,0.1591439635217684,1974.4444444444443
3564,1980.0,0.1686049403170309,0.0874586499221495,0.0667120767637639,0.0449388953927734,0.0411681975880396,0.0359863918238831,0.0324335511140709,0.0281628735901956,0.0332577781747627,0.0248420459207776,0.1795734378687791,0.0867489046423209,0.0697361322600052,0.0462694519363885,0.0288011894004304,0.0252728373377561,0.0220065886465792,0.0222121697042638,-0.9854548530903412,-0.1699374370781615,-0.5320684721953269,0.8467013292157575,0.2486653613421625,-0.9685894579586192,6.505676558930355,50.06672895972814,0.524626731213278,0.026445655705219,6.739726590220917,47.88220509449936,0.5454359001826706,0.0187359573266498,-0.2956364559271023,-0.1064136944390654,0.0447597650415892,1980.0
3574,1985.5555555555557,0.1694412045872516,0.0880216254640443,0.0664187210669361,0.0451570140725782,0.0404834224077681,0.036064615466188,0.0321421238421196,0.0280774450164403,0.0330735676592583,0.0245917826941774,0.2145378720445594,0.105915651399195,0.0937098634862539,0.057496686222462,0.0410964045315069,0.0302016427420864,0.0267692406988975,0.0242206830876027,-0.6754409519875507,0.7374140766069978,0.1054287000466901,0.9944268646846108,-0.5497218633848424,-0.8353477556782544,6.505676558930355,50.06672895972814,0.524626731213278,0.026445655705219,8.581427041372862,47.88220509449936,0.5454359001826706,0.0187359573266498,-0.2026322855962652,0.021085740009338,-0.0989499354092716,1985.5555555555557
3584,1991.111111111111,0.1754199151720643,0.0911387626584016,0.0677456363338243,0.0459577168842459,0.0412647066738712,0.0363526750839722,0.0323274267720914,0.0283371289437466,0.0328832805240066,0.0244653490583684,0.2207039438886262,0.105907169604627,0.0951779342394424,0.0576158582323444,0.0414363725175215,0.0301405147351672,0.0269432512427997,0.0240550696544032,0.255570245417051,0.9667904890189334,0.6977786167692194,0.7163134802442537,-0.9879447849024208,-0.1548066600121242,6.505676558930355,50.06672895972814,0.524626731213278,0.026445655705219,8.581427041372862,49.68485537267863,0.5454359001826706,0.0187359573266498,0.0766710736251152,0.1395557233538439,-0.1778300612824357,1991.111111111111
3594,1996.6666666666663,0.1805420278913398,0.0937666822762919,0.0690011362986639,0.0466220036284215,0.0418849413535009,0.0366908436394944,0.0325998844811646,0.0282855878470388,0.0328049467122878,0.0246245958018177,0.2241227815243629,0.1073856222371198,0.0965414016397193,0.058194697940502,0.0421130300627196,0.0301299577001849,0.0274605602668782,0.0241471437727852,0.9516113378077888,0.3073041844096344,0.9913219514763292,0.1314564130088845,-0.7788904763079287,0.6271599683627838,6.505676558930355,50.06672895972814,0.524626731213278,0.026445655705219,8.581427041372862,49.68485537267863,0.5367407042040498,0.0187359573266498,0.2854834013423366,0.1982643902952658,-0.1402002857354271,1996.6666666666663
3604,2002.2222222222224,0.1798490578046598,0.0932853351822685,0.0689928902052475,0.0468546303437378,0.0418130118583408,0.0366791691320565,0.0325154974753061,0.0284954922579894,0.0330536592391938,0.0247816284054958,0.2736532782784454,0.1746085926150519,0.1656459923589324,0.1344872318299143,0.1193753999158638,0.1099903926199327,0.1076111490077229,0.1054725281102499,0.772745354798576,-0.6347161701400263,0.8603559692183537,-0.5096936395820015,-0.0595262012358626,0.9982267434638424,6.505676558930355,50.06672895972814,0.524626731213278,0.026445655705219,8.581427041372862,49.68485537267863,0.5367407042040498,0.1004796839725968,0.2318236064395727,0.1720711938436707,-0.0107147162224552,2002.2222222222224
3614,2007.7777777777776,0.1879106755132026,0.0979228424173973,0.0761689194285931,0.0504690535065218,0.0455039649473252,0.0383401600942047,0.0337973941849878,0.0294448773133736,0.0334241871081857,0.0250099710132166,0.2652296310995571,0.1713107110574403,0.1630252802403418,0.1334284736169842,0.1178579023065337,0.1093558314208968,0.1072138643862325,0.1054326846112721,-0.1165791437146599,-0.9931814050065358,0.3609636404078707,-0.932579889501965,0.6988381831984756,0.7152798009896923,7.2507676086234225,50.06672895972814,0.524626731213278,0.026445655705219,8.581427041372862,49.68485537267863,0.5367407042040498,0.1004796839725968,-0.0349737431143979,0.0721927280815741,0.1257908729757256,2007.7777777777776
3624,2013.3333333333333,0.1816613882440561,0.0943480127261654,0.0738657448391037,0.0493175745170915,0.0445676393697054,0.037956396059218,0.0336641561791876,0.0292944194534952,0.0332728842225733,0.0251230101340568,0.2580352514940138,0.1678841544161773,0.1603675217394355,0.1324225711154758,0.1168119906317195,0.1090028774500565,0.10672015177903,0.1049365279675803,-0.8987213151289041,-0.4385202364007539,-0.2930025160179014,-0.9561116700507214,0.999340903266652,-0.0363009512023031,7.2507676086234225,50.53874400100114,0.524626731213278,0.026445655705219,8.581427041372862,49.68485537267863,0.5367407042040498,0.1004796839725968,-0.2696163945386712,-0.0586005032035802,0.1798813625879973,2013.3333333333333
3634,2018.8888888888887,0.1931983663448261,0.0985889278315935,0.0776184165242397,0.0505619740966167,0.0457378201571817,0.0378459223066896,0.034200441864548,0.029174336120255,0.0332983295521475,0.0253035668885215,0.2579609072519872,0.167404180725089,0.1601366891041697,0.1322360350017264,0.1166039081326223,0.108999680768312,0.1068983578286999,0.104975119061786,-0.8545832540793279,0.5193144152121978,-0.8214975298359989,-0.5702120732441152,0.6450999355405892,-0.7640982091102738,7.2507676086234225,50.53874400100114,0.5565905735724689,0.026445655705219,8.581427041372862,49.68485537267863,0.5367407042040498,0.1004796839725968,-0.2563749762237983,-0.1642995059671997,0.116117988397306,2018.8888888888887
3644,2024.4444444444443,0.2335139565038676,0.1450120914274335,0.1250544763720092,0.1000806336511429,0.095633897280421,0.0882082314429479,0.0848852009046664,0.0800907822918491,0.0839509763200487,0.0758077851183347,0.2653076827023621,0.170807790373001,0.1630029803320033,0.1329808441804094,0.1177535109253602,0.1092836228562048,0.1070960557536378,0.1052304844318403,-0.0247452903418142,0.999693788420184,-0.9982063708977928,0.0598668614431904,-0.1317947126372683,-0.991277031773086,7.2507676086234225,50.53874400100114,0.5565905735724689,0.0774241781266415,8.581427041372862,49.68485537267863,0.5367407042040498,0.1004796839725968,-0.0074235871025442,-0.1996412741795585,-0.0237230482747082,2024.4444444444443
3654,2030.0,0.2405145993744271,0.1482248276105467,0.1273830303381773,0.1008696734884415,0.0964358866027605,0.0891464984440068,0.0848716437200582,0.0803171592411747,0.0836297424539862,0.0759432633048176,0.2625443369098392,0.1683436521216929,0.1587004201966061,0.1308485437766867,0.1155225594443019,0.1082069999082893,0.1057044180393402,0.1046410390386596,0.8278433792172102,0.5609593028787653,-0.7474578111939231,0.6643092807459412,-0.8223406925060397,-0.5689954177747719,7.2507676086234225,50.53874400100114,0.5565905735724689,0.0774241781266415,7.885600772247455,49.68485537267863,0.5367407042040498,0.1004796839725968,0.248353013765163,-0.1494915622387846,-0.1480213246510871,2030.0
3664,2035.5555555555557,0.2408150029430091,0.1485626639692429,0.1277199596998983,0.1013770407243155,0.0965671297458595,0.0895787024037043,0.0851512678109405,0.0802980374427424,0.0837246992785031,0.0759817386819224,0.2626481409299586,0.1679352320609889,0.1584464991183568,0.1302642763952982,0.1152534870030446,0.1080908283602954,0.1055435170962318,0.1048375462729744,0.9193166637192772,-0.3935185787330217,-0.1766287726732404,0.9842775404650584,-0.9741091882603004,0.2260780602952411,7.2507676086234225,50.53874400100114,0.5565905735724689,0.0774241781266415,7.885600772247455,50.72416159082536,0.5367407042040498,0.1004796839725968,0.2757949991157831,-0.035325754534648,-0.175339653886854,2035.5555555555557
3674,2041.111111111111,0.2339557334734402,0.1461064788486857,0.1257183298330807,0.1002541637134266,0.095709550325857,0.0890338617005692,0.0849024128780117,0.0808539805663322,0.0836375057826622,0.0762271261357311,0.2712629801525821,0.1716177871645392,0.1613626799477051,0.1314041079091875,0.1166536404026726,0.1083521705609657,0.1052577807556157,0.1051189362024428,0.1655744472438511,-0.9861972938615748,0.4698372065327427,0.8827530794947752,-0.4876651980140543,0.8730307294969136,7.2507676086234225,50.53874400100114,0.5565905735724689,0.0774241781266415,7.885600772247455,50.72416159082536,0.5791208214589801,0.1004796839725968,0.0496723341731553,0.0939674413065485,-0.0877797356425297,2041.111111111111
3684,2046.6666666666663,0.2257444518293147,0.1429758003193894,0.12270505540294,0.0991604581407276,0.0948442875380854,0.0889111412400387,0.0845189869365083,0.0809784994144312,0.0835832375732172,0.0765297589134787,0.2751152079517068,0.1837775892968698,0.1742555969149456,0.1475605840452866,0.1329390736195652,0.1259971687327967,0.1227534417583644,0.1229500717225035,-0.7403961524418864,-0.6721707650956347,0.915106923179506,0.4032112587080595,0.3182850879446636,0.9479950436537408,7.2507676086234225,50.53874400100114,0.5565905735724689,0.0774241781266415,7.885600772247455,50.72416159082536,0.5791208214589801,0.1186220698155793,-0.2221188457325659,0.1830213846359012,0.0572913158300394,2046.6666666666663
3694,2052.222222222222,0.2531090281795111,0.1585534883375213,0.1428718626010743,0.1093415737551811,0.1060143224443453,0.09412741808788,0.0894595455605681,0.0829362069624875,0.0856804730963157,0.0776067951424687,0.2725502581817245,0.1824885987904078,0.1727287587502595,0.1474237401226746,0.1321851358233207,0.1258377480483092,0.122776905586708,0.1225800035645337,-0.9656499440843508,0.2598464652249285,0.9685045398183688,-0.2489958962537526,0.9157027785001024,0.4018562198687394,9.19499983726619,50.53874400100114,0.5565905735724689,0.0774241781266415,7.885600772247455,50.72416159082536,0.5791208214589801,0.1186220698155793,-0.2896949832253052,0.1937009079636737,0.1648265001300184,2052.222222222222
3704,2057.777777777778,0.2692868124582951,0.1742535283726871,0.1528965766161408,0.1174880764576983,0.1117331268997561,0.0976301296409029,0.092245678644982,0.0844396061267037,0.0868858052870561,0.0783361553973166,0.2779076893703268,0.1849065431524824,0.174506998035548,0.1481254436874713,0.1326135154842982,0.1260393465133496,0.1230863101380143,0.1231465374198071,-0.3030896304585436,0.9529620537610632,0.6071638365162757,-0.7945766644112053,0.9131744324640269,-0.4075689584524348,9.19499983726619,43.587425273764126,0.5565905735724689,0.0774241781266415,7.885600772247455,50.72416159082536,0.5791208214589801,0.1186220698155793,-0.090926889137563,0.1214327673032551,0.1643713978435248,2057.777777777778
3714,2063.333333333333,0.2671443412302736,0.1726611550833813,0.152684384067762,0.1171427551698513,0.1113122889766921,0.0973847531735141,0.0920033325032672,0.084261238622191,0.0870804770951106,0.0783030586444679,0.2859366194036141,0.1882184966390378,0.1775465400697969,0.1489525689435607,0.1338911110808156,0.1265519661593672,0.1236591978076363,0.1235694315417689,0.6381298916414477,0.7699287248789164,-0.0141798911731859,-0.9998994602890416,0.3123565602447164,-0.9499649358118902,9.19499983726619,43.587425273764126,0.5272617449636061,0.0774241781266415,7.885600772247455,50.72416159082536,0.5791208214589801,0.1186220698155793,0.1914389674924343,-0.0028359782346371,0.0562241808440489,2063.333333333333
3724,2068.8888888888887,0.2378802966723004,0.1270018165320008,0.1054185950261672,0.0630889418832727,0.056091359654378,0.0394876217892729,0.0343371429268815,0.0245855550262323,0.0277162806679713,0.0181772914562352,0.2894028336201703,0.1892223142609152,0.1792152665461625,0.149652228863978,0.1353198827940846,0.1268361561573982,0.1238687129502021,0.1239748059198055,0.992655734253017,-0.1209735229486338,-0.6294514281806297,-0.777039831386632,-0.4931096812075895,-0.869967150126572,9.19499983726619,43.587425273764126,0.5272617449636061,0.0169787461173064,7.885600772247455,50.72416159082536,0.5791208214589801,0.1186220698155793,0.2977967202759051,-0.1258902856361259,-0.0887597426173661,2068.8888888888887
3734,2074.4444444444443,0.2333831324450582,0.1244604019404792,0.1034175835191434,0.0625975809089767,0.0556646353091362,0.0391985148260079,0.0340660178247802,0.0246510007246368,0.0276163497560432,0.0180379099017243,0.301179554991303,0.1967178693409233,0.1900207263499642,0.154548509106292,0.1415463873890116,0.1294573234626481,0.1263729350052882,0.1246575316034264,0.4345384726588688,-0.900653271675231,-0.9751758261969103,-0.2214319489169826,-0.9755025348844822,-0.2199881915784336,9.19499983726619,43.587425273764126,0.5272617449636061,0.0169787461173064,8.938790191344951,50.72416159082536,0.5791208214589801,0.1186220698155793,0.1303615417976606,-0.1950351652393821,-0.1755904562792068,2074.4444444444443
3744,2080.0,0.2229871578625445,0.1197993881062413,0.0992418912694842,0.0606054759835639,0.0541584928825365,0.0386919494957498,0.0332025432833269,0.0243143591229965,0.0272799488720438,0.0180977215931381,0.2841387524290396,0.1822603420999234,0.1810511824682505,0.1481741962909624,0.1369164605409611,0.1271578635256644,0.1248177888443665,0.1237601236366879,-0.5230914567210042,-0.852276555998989,-0.9033050894709216,0.4289987358209001,-0.8187700159731751,0.5741216429845565,9.19499983726619,43.587425273764126,0.5272617449636061,0.0169787461173064,8.938790191344951,58.83182605711836,0.5791208214589801,0.1186220698155793,-0.1569274370163012,-0.1806610178941843,-0.1473786028751715,2080.0
3754,2085.555555555556,0.2166374588880938,0.1166644231984694,0.0965989096983399,0.059398511631265,0.0531922123068594,0.0382896957717889,0.032268676546558,0.0240269733579043,0.0272654926148387,0.0177960034438238,0.2674492063914577,0.1753510902791968,0.1742626395846238,0.1456805728351876,0.1341149717799738,0.1266860305688596,0.1238092952337036,0.1234656018116025,-0.9997935131514344,-0.0203207052119898,-0.4446160986234253,0.8957212316590941,-0.1255994327724139,0.9920810362501884,9.19499983726619,43.587425273764126,0.5272617449636061,0.0169787461173064,8.938790191344951,58.83182605711836,0.5461334364602205,0.1186220698155793,-0.2999380539454303,-0.088923219724685,-0.0226078978990345,2085.555555555556
3764,2091.111111111111,0.2193317970720019,0.1181725621909387,0.0979482852507432,0.059823944664392,0.0535424692272557,0.0389386146438429,0.0322118138431329,0.023927290948894,0.0270793626712942,0.0184116689503388,0.2876316252695574,0.199471855170394,0.1982397543113503,0.1715910605076056,0.1599362140458247,0.1528583551328332,0.1501766285235489,0.1498745127753241,-0.5572900243744051,0.8303179082332109,0.2044688337819099,0.9788730745157238,0.649860823081099,0.7600532288099016,9.19499983726619,43.587425273764126,0.5272617449636061,0.0169787461173064,8.938790191344951,58.83182605711836,0.5461334364602205,0.1454861360373257,-0.1671870073123215,0.0408937667563819,0.1169749481545978,2091.111111111111
3774,2096.6666666666665,0.1889934384213314,0.0987979803974814,0.0720939061556698,0.045286782320522,0.0382834135276993,0.0313188711906953,0.0248226424223019,0.0205257458698231,0.0239106466622384,0.0171259370115619,0.2963168392882174,0.2025907945419616,0.200802646223353,0.1732398570943149,0.1611313310260364,0.1534034329930787,0.1509284748072929,0.1498075868895748,0.3975833427377776,0.9175660660559842,0.765995002013654,0.6428465266998821,0.9995481815516224,0.0300571581631601,7.065016534794893,43.587425273764126,0.5272617449636061,0.0169787461173064,8.938790191344951,58.83182605711836,0.5461334364602205,0.1454861360373257,0.1192750028213332,0.1531990004027308,0.179918672679292,2096.6666666666665
3784,2102.222222222222,0.1848762377753155,0.0900298920112648,0.0677962518252451,0.0410114851507869,0.0359069376447031,0.0296127046710979,0.0236201495572666,0.0202612974640055,0.0235951073506482,0.0166800579052544,0.3021499502761217,0.2052214834988064,0.2027030054227395,0.1740452800335288,0.1622123776102717,0.1539857595608323,0.1508616973918676,0.1500234343881165,0.9869204180864206,0.1612082143196329,0.9995025940208144,0.0315367174205404,0.694356048571461,-0.7196316264674772,7.065016534794893,50.12952032376262,0.5272617449636061,0.0169787461173064,8.938790191344951,58.83182605711836,0.5461334364602205,0.1454861360373257,0.2960761254259261,0.1999005188041629,0.1249840887428629,2102.222222222222
3794,2107.777777777778,0.2067129775444784,0.0991328284432321,0.0750757926742842,0.0440969605300064,0.0381279978947167,0.0303933442130572,0.0243914491092387,0.0205571229446181,0.023769505917348,0.0166365111711628,0.2998228536757017,0.20468739768965,0.2024305462889084,0.1738266830681225,0.1619396728817518,0.1540032968002587,0.1507381430551397,0.1501074681802154,0.6688874124631056,-0.7433637262124184,0.8049977094952661,-0.5932779177648324,-0.065761163926501,-0.9978353918953926,7.065016534794893,50.12952032376262,0.599477008843903,0.0169787461173064,8.938790191344951,58.83182605711836,0.5461334364602205,0.1454861360373257,0.2006662237389316,0.1609995418990532,-0.0118370095067701,2107.777777777778
3804,2113.333333333333,0.2814904825061903,0.1996782459526974,0.1802453373570227,0.1581136065267913,0.1532007652160812,0.1484029906289201,0.1429455435208882,0.1402870265323464,0.1436750199868713,0.1369400559243158,0.291321568052902,0.2017016319848313,0.1992932900996076,0.1727389772127905,0.1612721511269889,0.1537784601433268,0.1505011192281454,0.1500695085771635,-0.2641175954464967,-0.9644904850622222,0.2657722956730707,-0.9640358327638376,-0.7827932721900868,-0.6222818437122658,7.065016534794893,50.12952032376262,0.599477008843903,0.137243385410826,8.938790191344951,58.83182605711836,0.5461334364602205,0.1454861360373257,-0.079235278633949,0.0531544591346141,-0.1409027889942156,2113.333333333333
3814,2118.8888888888887,0.2766614179653068,0.1971629372044674,0.179028491843401,0.1574280399333736,0.1529893874298587,0.1479300872515845,0.1428535108252146,0.1405422083712457,0.1432615154480157,0.1370303512980713,0.2494136323983963,0.1818303771271214,0.1744178495147437,0.1618773607016756,0.1500675259844159,0.1495796374380426,0.1459305945539375,0.1487378251146217,-0.9542941041432276,-0.2988691399215963,-0.3872635866213724,-0.9219690420383706,-0.9869583976864312,0.1609755299299619,7.065016534794893,50.12952032376262,0.599477008843903,0.137243385410826,6.12158657968433,58.83182605711836,0.5461334364602205,0.1454861360373257,-0.2862882312429682,-0.0774527173242744,-0.1776525115835576,2118.8888888888887
3824,2124.4444444444443,0.2779185867006996,0.1969915159238348,0.1798861641203554,0.158094355572156,0.1530977343723591,0.1478467048527819,0.143124584307948,0.1408177049313787,0.1428784484023655,0.1372644855437981,0.2587966190928742,0.1925273567388793,0.1792002620162286,0.1663079929732904,0.1519080190429506,0.1506406375539779,0.1466965577157005,0.1490868981124152,-0.7670970144434711,0.6415311141573049,-0.8744633342501972,-0.4850916171735273,-0.5444925498198433,0.8387656783576003,7.065016534794893,50.12952032376262,0.599477008843903,0.137243385410826,6.12158657968433,46.30701628868763,0.5461334364602205,0.1454861360373257,-0.2301291043330413,-0.1748926668500394,-0.0980086589675717,2124.4444444444443
3834,2130.0,0.2850501974032154,0.1999588395549335,0.1821153031807858,0.1591898169401896,0.1541835571239424,0.1479721346299976,0.143605130764523,0.1410831860387125,0.143004040535666,0.137419331802564,0.2872601868426136,0.2047413776294948,0.1874608153829025,0.170082786300328,0.1541093508627441,0.1516858135248784,0.1475668070654616,0.1494441238245392,0.1253655326864813,0.9921106204522936,-0.9871956021861354,0.1595143975456555,0.2547114830647382,0.9670170941586098,7.065016534794893,50.12952032376262,0.599477008843903,0.137243385410826,6.12158657968433,46.30701628868763,0.6199949396931455,0.1454861360373257,0.0376096598059443,-0.1974391204372271,0.0458480669516528,2130.0
3844,2135.555555555556,0.2909601184898791,0.2026332861719164,0.1839335088209527,0.1601235488875797,0.1546494591581196,0.1481963074122228,0.143713172206358,0.140983112049363,0.1427922647197931,0.1378190004245998,0.1983479985853084,0.0891173675279651,0.0661243314222316,0.0409423744209151,0.0224611345735823,0.0181026984773457,0.013168902760969,0.0141675865192073,0.9025675872172582,0.430548197655985,-0.6771855610560029,0.7358122830568041,0.887034789662371,0.4617025903421305,7.065016534794893,50.12952032376262,0.599477008843903,0.137243385410826,6.12158657968433,46.30701628868763,0.6199949396931455,0.0099597327754918,0.2707702761651774,-0.1354371122112005,0.1596662621392267,2135.555555555556
3854,2141.111111111111,0.2917079724057558,0.2038833943845532,0.1849794493417174,0.1602829329617889,0.1553987436924984,0.1484970886621023,0.143692654483751,0.1413424429667895,0.1429587458067672,0.1377481792647601,0.1986949246337047,0.0894377379872744,0.065881516379852,0.040786439146942,0.0228908864665957,0.0178730945496339,0.0132113189259266,0.0136387449049762,0.8499531644641445,-0.5268582524905412,-0.0771874090458543,0.9970166016094156,0.9381946239285012,-0.3461081444168257,7.1569618444992695,50.12952032376262,0.599477008843903,0.137243385410826,6.12158657968433,46.30701628868763,0.6199949396931455,0.0099597327754918,0.2549859493392433,-0.0154374818091708,0.1688750323071302,2141.111111111111
3864,2146.6666666666665,0.285249583391259,0.2021143195117977,0.1831508794012074,0.1595023357688737,0.1547869711634082,0.1485378338603515,0.1436100327498113,0.1408384424165105,0.1428900135590242,0.1376225150620373,0.1925830384638895,0.0868452501036066,0.0642852222430414,0.0395837193238895,0.0226613408601654,0.0177044590853473,0.0128108800601265,0.0134528306122271,0.0158957220625731,-0.9998736550285288,0.5558643581329249,0.8312730089191345,0.3746723152625275,-0.9271572985075496,7.1569618444992695,49.30126908195081,0.599477008843903,0.137243385410826,6.12158657968433,46.30701628868763,0.6199949396931455,0.0099597327754918,0.0047687166187719,0.1111728716265849,0.0674410167472549,2146.6666666666665
3874,2152.222222222222,0.3029735693393209,0.2099481549754053,0.1890240793288839,0.1620484971843863,0.1570188750761523,0.1495333986829438,0.1441678681869859,0.1414022134100279,0.1430132244052255,0.1377849778200619,0.1859801327774169,0.0836699869520966,0.0622574498898575,0.0389246572852476,0.0222636301149773,0.0178083725858069,0.0121298510614572,0.013544410464017,-0.8327761738964797,-0.553609830286945,0.9508808445991396,0.3095571342651095,-0.4343261193256202,-0.9007556949981204,7.1569618444992695,49.30126908195081,0.6761714053738455,0.137243385410826,6.12158657968433,46.30701628868763,0.6199949396931455,0.0099597327754918,-0.2498328521689439,0.1901761689198279,-0.0781787014786116,2152.222222222222
3884,2157.777777777778,0.2863438231025443,0.1897314652453983,0.167751364899926,0.1399022689413715,0.1348090596343422,0.1267410780224039,0.1215431849390207,0.1183387909982346,0.1199760697970246,0.1147724950249357,0.1852833241524105,0.0830951894795693,0.0619752443973167,0.0382293960282154,0.0219921905125749,0.017733934801095,0.0118567106371492,0.0131952842753886,-0.915797496119203,0.401640319317917,0.93870592644163,-0.344718992316004,-0.9587647163817546,-0.2842010179809591,7.1569618444992695,49.30126908195081,0.6761714053738455,0.1141439282486681,6.12158657968433,46.30701628868763,0.6199949396931455,0.0099597327754918,-0.2747392488357609,0.187741185288326,-0.1725776489487158,2157.777777777778
3894,2163.333333333333,0.292998009280455,0.192263320931096,0.1696571073001007,0.1408129149852631,0.1356206966739745,0.1271345224356355,0.1216282925848799,0.118459737492916,0.1198395032596727,0.1146456168490943,0.2422146760766,0.1146952568759902,0.098753852900142,0.0562533474407066,0.0397858092884657,0.0257251816870349,0.0190264265082628,0.0159607410158354,-0.1568388238264123,0.987624211601127,0.524553213813438,-0.8513776634831299,-0.8550441496541776,0.5185552064555561,7.1569618444992695,49.30126908195081,0.6761714053738455,0.1141439282486681,8.486941408685224,46.30701628868763,0.6199949396931455,0.0099597327754918,-0.0470516471479237,0.1049106427626876,-0.1539079469377519,2163.333333333333
3904,2168.8888888888887,0.3016133506266179,0.1951510262619623,0.1723634188402444,0.1419858686956851,0.1363481697387324,0.1273933987652361,0.1216773111965863,0.1183779258104509,0.1200475391244738,0.1147956302713063,0.2374241462367651,0.1009104582230964,0.0919702147860205,0.0494817417992335,0.0354147821892928,0.0226101237091649,0.0170428726092415,0.0148951752745141,0.7463167397930274,0.6655909584006583,-0.1142265497704106,-0.9934547273668528,-0.1911195945363783,0.9815667580884402,7.1569618444992695,49.30126908195081,0.6761714053738455,0.1141439282486681,8.486941408685224,55.22139545058625,0.6199949396931455,0.0099597327754918,0.2238950219379082,-0.0228453099540821,-0.034401527016548,2168.8888888888887
3914,2174.4444444444443,0.3054088785890991,0.1962081527170338,0.1738584290785179,0.1426542097709779,0.1366640323994802,0.1273548284255733,0.1216666345994536,0.1185212399193923,0.1199750381263397,0.1148386834903935,0.2475778906307092,0.1050872242338803,0.0952857429902228,0.0509716716508042,0.0363788384666998,0.022953576927105,0.0171048702200218,0.0152033154995912,0.9633121346627986,-0.2683835524233966,-0.7040915944276233,-0.710109165309368,0.5980218387532721,0.8014798065916292,7.1569618444992695,49.30126908195081,0.6761714053738455,0.1141439282486681,8.486941408685224,55.22139545058625,0.6415441552099566,0.0099597327754918,0.2889936403988395,-0.1408183188855246,0.1076439309755889,2174.4444444444443
3924,2180.0,0.301167626310461,0.1939817140828896,0.1726490460765859,0.1420019846749067,0.1366076503688798,0.126671503504971,0.1218222297232762,0.1186523112181442,0.1201562968502593,0.1148084346884096,0.3162787616492082,0.2024635206076653,0.1952563778809548,0.1616396689479776,0.1473076383300165,0.1380860120003466,0.1326498755353602,0.1320407386273423,0.2946427954651127,-0.955607462863546,-0.9924466791911633,-0.1226767661883552,0.9953540077499278,0.096282912586589,7.1569618444992695,49.30126908195081,0.6761714053738455,0.1141439282486681,8.486941408685224,55.22139545058625,0.6415441552099566,0.127454001396967,0.0883928386395338,-0.1984893358382326,0.1791637213949869,2180.0
3934,2185.555555555556,0.3201026371263826,0.2063482752337963,0.1891050226689685,0.1506858360119812,0.1464608936756272,0.1311281352349638,0.1259806427768147,0.1208480941033081,0.1221109696337843,0.1152840515629121,0.3080323281063771,0.1987042484388602,0.192257670792707,0.1603810630877488,0.1458013151201662,0.1375215997993387,0.132126606017526,0.132141664445315,-0.6449197710683285,-0.7642502789565567,-0.8558108099258374,0.5172889498279297,0.7405546052630965,-0.6719961879531903,8.580725410357404,49.30126908195081,0.6761714053738455,0.1141439282486681,8.486941408685224,55.22139545058625,0.6415441552099566,0.127454001396967,-0.1934759313204985,-0.1711621619851674,0.1332998289473573,2185.555555555556
3944,2191.111111111111,0.3086042286267029,0.1953524931351905,0.1819737872916794,0.1450960501683767,0.1428899319042003,0.1288589275544721,0.1240183161737998,0.1199476161532398,0.1217405286068826,0.115003880360239,0.3043979974095253,0.1967253908459612,0.1913576367910815,0.1598648295715029,0.1454996509369237,0.1375766379646788,0.1319784902363944,0.1323661572902855,-0.9915460742814468,0.1297550869024092,-0.3526949471206519,0.9357383578092546,0.000561960232038,-0.9999998421003364,8.580725410357404,54.71366118627202,0.6761714053738455,0.1141439282486681,8.486941408685224,55.22139545058625,0.6415441552099566,0.127454001396967,-0.297463822284434,-0.0705389894241303,0.0001011528417668,2191.111111111111
3954,2196.6666666666665,0.2688439672910788,0.1791800743909633,0.1670211819093542,0.1387399592869814,0.1376787995100312,0.1265894849964215,0.1218393034217801,0.1193837458040733,0.1207604104872966,0.1143752927791996,0.3091688710546287,0.1986549291905356,0.193354365315697,0.1606831830732777,0.1462264521478986,0.1378172062682709,0.1326099806636801,0.1324641073047562,-0.4265494895492143,0.904464224259481,0.3014538781607521,0.9534807598173348,-0.7397988673815998,-0.6728280878656168,8.580725410357404,54.71366118627202,0.5603289005504428,0.1141439282486681,8.486941408685224,55.22139545058625,0.6415441552099566,0.127454001396967,-0.1279648468647642,0.0602907756321504,-0.1331637961286879,2196.6666666666665
3964,2202.222222222222,0.2203281000895122,0.1077572963532648,0.0928742061989971,0.0559905675715418,0.0540813920661939,0.0395367592635526,0.0349141272373696,0.0310212664337213,0.0323838455090269,0.0254520492193594,0.3179175276019074,0.2019531092955352,0.1963836727723391,0.1618826830910454,0.1478628202559054,0.1383556613141613,0.13356500473253,0.1328389947466847,0.5306147287408172,0.8476131249829187,0.8265124722373806,0.5629184072634801,-0.9954615934044404,0.0951641532127111,8.580725410357404,54.71366118627202,0.5603289005504428,0.0251461084348112,8.486941408685224,55.22139545058625,0.6415441552099566,0.127454001396967,0.1591844186222451,0.1653024944474761,-0.1791830868127993,2202.222222222222
3974,2207.777777777778,0.2244031965924136,0.1099386730615151,0.0943141764414472,0.0566919507063557,0.0547391218932154,0.0395548979927252,0.0353670869617455,0.0311157004523842,0.0323682504896689,0.0250210257941312,0.3186316638399466,0.2019607396744129,0.1952336081909982,0.1612459843367618,0.1468199439700857,0.1382939765269225,0.1331528182016954,0.1327969278041804,0.9999342124817364,0.0114704275652603,0.9976373674484652,-0.0686999495669106,-0.5989222604574947,0.8008071715016574,8.580725410357404,54.71366118627202,0.5603289005504428,0.0251461084348112,8.269574937467365,55.22139545058625,0.6415441552099566,0.127454001396967,0.2999802637445208,0.199527473489693,-0.107806006882349,2207.777777777778
3984,2213.333333333333,0.2210312523280787,0.108120736777573,0.093913325797463,0.0557807855407305,0.0544313286676327,0.0391979443481545,0.0356237426374536,0.0310414150026282,0.0325064931556906,0.0251431203987358,0.3309514939867329,0.2217078741917541,0.2056174387870238,0.1712149415009037,0.1524766988181559,0.1420745162341482,0.135288784785373,0.1336707565986984,0.5499187926997843,-0.8352181280573426,0.7415485236681958,-0.6708992376247862,0.1900162710333762,0.981780941321724,8.580725410357404,54.71366118627202,0.5603289005504428,0.0251461084348112,8.269574937467365,43.316745915373225,0.6415441552099566,0.127454001396967,0.1649756378099352,0.1483097047336391,0.0342029287860077,2213.333333333333
3994,2218.8888888888887,0.2141883883393696,0.1040569756472851,0.0914399449373041,0.0545840197016353,0.0536243077320717,0.0392185060544049,0.0354137755172916,0.0307087847695685,0.0320863656024629,0.025146588456906,0.3382921128141575,0.2255033622457497,0.208094030761449,0.1726246062637161,0.1532286698847629,0.1421800204476908,0.1355313535552643,0.1339533202880152,-0.4056894290097991,-0.9140109885497566,0.1679097085491497,-0.985802378661636,0.8544607948931938,0.5195158804026027,8.580725410357404,54.71366118627202,0.5603289005504428,0.0251461084348112,8.269574937467365,43.316745915373225,0.6838911703039938,0.127454001396967,-0.1217068287029397,0.0335819417098299,0.1538029430807748,2218.8888888888887
4004,2224.4444444444443,0.2101281476831036,0.1016993464465829,0.0896636868927081,0.053890579347389,0.0526553184466059,0.0389431217996766,0.0353840368549823,0.0306313176911156,0.0320087841749787,0.0254950540647197,0.3092603834685068,0.1921734933848837,0.1732172840734167,0.1363586805310315,0.1164069012519087,0.1043687438626266,0.0980623020624641,0.0961568054787108,-0.9883086606205348,-0.1524663613471663,-0.4776323218491438,-0.8785598244428184,0.9590835301168974,-0.2831232633651115,8.580725410357404,54.71366118627202,0.5603289005504428,0.0251461084348112,8.269574937467365,43.316745915373225,0.6838911703039938,0.0894964256034182,-0.2964925981861604,-0.0955264643698287,0.1726350354210415,2224.4444444444443
4014,2230.0,0.1938991122394498,0.0919909516427088,0.0774925068447185,0.0475823841283263,0.0461970916324439,0.036014543370778,0.0324814824711813,0.0295095313057123,0.0312506256177484,0.0252436624053603,0.3116551558445801,0.1929569643472774,0.1748174677355855,0.1367230368469046,0.1163153270214581,0.1046138536920246,0.0979261507913323,0.0959449870007925,-0.6622814674756042,0.7492551353433355,-0.9186400227022308,-0.3950955690584813,0.4353382226047877,-0.9002669781455411,7.45418916118984,54.71366118627202,0.5603289005504428,0.0251461084348112,8.269574937467365,43.316745915373225,0.6838911703039938,0.0894964256034182,-0.1986844402426812,-0.1837280045404461,0.0783608800688617,2230.0
4024,2235.555555555556,0.1975299924982063,0.0898482577449605,0.0776708632415103,0.0465086336584902,0.046280893170717,0.0358324041811587,0.0324656461988202,0.0295689540913116,0.0313299860634356,0.0252891322056821,0.3200824348837348,0.1971556060965318,0.1785211779587941,0.1387028954134207,0.1179747803167814,0.104962121777435,0.0984607364104372,0.0964531226402688,0.272644252598926,0.962114915966265,-0.9662626603139431,0.2575586754178959,-0.3736300277232399,-0.9275778147322904,7.45418916118984,58.73286313304702,0.5603289005504428,0.0251461084348112,8.269574937467365,43.316745915373225,0.6838911703039938,0.0894964256034182,0.0817932757796778,-0.1932525320627886,-0.0672534049901831,2235.555555555556
4034,2241.111111111111,0.1932694630842042,0.088442975608099,0.0763517356468025,0.0460381418410351,0.0455417812459006,0.0357244842013867,0.0325642838384306,0.029505356633737,0.0309840966192745,0.0251137251324948,0.3268884970780109,0.2003973021046002,0.1814126147304367,0.1403468563349612,0.1194038368206995,0.1056477820417735,0.0987555812943479,0.0966376658631327,0.9569021041974112,0.2904106798700188,-0.6001070079080897,0.799919732885494,-0.9378050334012148,-0.3471623817860257,7.45418916118984,58.73286313304702,0.531026054387569,0.0251461084348112,8.269574937467365,43.316745915373225,0.6838911703039938,0.0894964256034182,0.2870706312592234,-0.1200214015816179,-0.1688049060122186,2241.111111111111
4044,2246.6666666666665,0.2261933384855179,0.1338989897613948,0.1222744831702943,0.0956006238926678,0.0960720143932889,0.0869064301933215,0.0844199999062778,0.0816330618705008,0.0827317519549928,0.0769545268176811,0.325572892734173,0.1999232776291438,0.1808186923521292,0.1402293710477967,0.119276263091359,0.1053347533555444,0.0989329684874938,0.0964754418117223,0.7613885741769286,-0.6482957960011955,0.0230297550780228,0.9997347800197042,-0.8875531463201535,0.4607053423362879,7.45418916118984,58.73286313304702,0.531026054387569,0.0771699506542869,8.269574937467365,43.316745915373225,0.6838911703039938,0.0894964256034182,0.2284165722530785,0.0046059510156045,-0.1597595663376276,2246.6666666666665
4054,2252.222222222222,0.2182667425424827,0.1317789211389709,0.1198463539615829,0.0946472752777716,0.095544639127393,0.0870009737009482,0.0836734767918922,0.0820384939849034,0.0825703254487738,0.0766305754115474,0.2737588854244452,0.1699889307936641,0.1468781634803038,0.1231656802508329,0.1028126044466318,0.0977993756597013,0.09185859354861,0.0941885186726032,-0.1341420996184954,-0.9909621067982072,0.6363045901773973,0.7714379226607767,-0.2557981723189987,0.966730207988899,7.45418916118984,58.73286313304702,0.531026054387569,0.0771699506542869,6.274662219648708,43.316745915373225,0.6838911703039938,0.0894964256034182,-0.0402426298855486,0.1272609180354794,-0.0460436710174197,2252.222222222222
4064,2257.777777777778,0.2112032408955319,0.1293371943176595,0.1171705575030975,0.0937764121384762,0.0943543712185661,0.0868888673541829,0.0835500725876107,0.082013107184108,0.0825380739481099,0.0764958219086489,0.250141232541469,0.1451904241813419,0.1339633037830725,0.114045974956532,0.0973172706568264,0.0944181104220779,0.0901216385317641,0.0936556638631706,-0.9063431456526624,-0.4225424266608468,0.9770975877105889,0.2127916917789514,0.5435495001574431,0.8393771148170492,7.45418916118984,58.73286313304702,0.531026054387569,0.0771699506542869,6.274662219648708,59.30855418169148,0.6838911703039938,0.0894964256034182,-0.2719029436957986,0.1954195175421177,0.0978389100283397,2257.777777777778
4074,2263.333333333333,0.2112685777480484,0.1289039795538553,0.1171190883756193,0.0934203056530272,0.0944202034328483,0.0868390334924204,0.083367388016581,0.0816606697718348,0.0826132387442062,0.0766864973120444,0.2306770104830752,0.1374099375823233,0.1278384393269634,0.1119519800941747,0.09554185304061,0.0940804339450805,0.0891705239243027,0.0937120835345801,-0.8452564833893074,0.5343608118943056,0.8994725032578564,-0.4369773631242761,0.9867768506611392,0.1620846908232972,7.45418916118984,58.73286313304702,0.531026054387569,0.0771699506542869,6.274662219648708,59.30855418169148,0.6150752123623258,0.0894964256034182,-0.2535769450167922,0.1798945006515713,0.177619833119005,2263.333333333333
4084,2268.8888888888887,0.2184844396455477,0.131351271121767,0.1193388296629988,0.0943473784169404,0.094932214738046,0.0870181250788875,0.0834945046154416,0.0816493678372536,0.0822795123786814,0.0763993199792012,0.2585579298163823,0.1677446344913478,0.1579182188287066,0.1426678303401872,0.1264849466005972,0.1248985806202223,0.120480109652354,0.1247501935175912,-0.0070449083979028,0.9999751843249236,0.4366703757484437,-0.8996215776334586,0.7834921729671204,-0.6214016534410413,7.45418916118984,58.73286313304702,0.531026054387569,0.0771699506542869,6.274662219648708,59.30855418169148,0.6150752123623258,0.1205499896700081,-0.0021134725193708,0.0873340751496887,0.1410285911340816,2268.8888888888887
4094,2274.4444444444443,0.2239587522533631,0.1330610649264514,0.1201749260503219,0.0945058902992468,0.0948449055878434,0.0869514974080742,0.0831300995205483,0.0815220672805402,0.082245515900382,0.076145303556587,0.2642532551023392,0.1698718937167615,0.159890015967954,0.1432569246521101,0.1270481125698442,0.1247261089592714,0.1208615950774851,0.1248954956394669,0.8376437228853657,0.5462169839090915,-0.2131251323391213,-0.9770249116401444,0.0668826098315464,-0.9977608513577396,7.30215173967265,58.73286313304702,0.531026054387569,0.0771699506542869,6.274662219648708,59.30855418169148,0.6150752123623258,0.1205499896700081,0.2512931168656097,-0.0426250264678242,0.0120388697696783,2274.4444444444443
4104,2280.0,0.2277386733706894,0.1363759228399452,0.1223581945861993,0.0956699178875233,0.0959386329434889,0.0877703160288339,0.0832742006091291,0.0816559073056648,0.0825808982938824,0.0763612559271457,0.2646129435223051,0.1702559943496393,0.1600358184333086,0.1433397033433434,0.1271917029780888,0.1251574382463076,0.1205590137425731,0.1252752656111756,0.9122065783397184,-0.4097305925040787,-0.7716550286618359,-0.6360412854059879,-0.6935468014332361,-0.7204115727983048,7.30215173967265,56.03593253337077,0.531026054387569,0.0771699506542869,6.274662219648708,59.30855418169148,0.6150752123623258,0.1205499896700081,0.2736619735019154,-0.1543310057323672,-0.1248384242579825,2280.0
4114,2285.555555555555,0.2583593460663101,0.1485619672085283,0.1325381697479652,0.0997844620570478,0.0992334836397629,0.088911884817998,0.0843241264552999,0.0819855170300161,0.0827495252336042,0.0763025952566326,0.2595407925027236,0.1680976784782875,0.1585569492840008,0.1427371698181687,0.1266251336412337,0.125011971219735,0.1207475263786785,0.1253474175059135,0.1480909125247055,-0.9889737517384372,-0.999742581140531,-0.0226885754173501,-0.999581332088206,0.028933726700298,7.30215173967265,56.03593253337077,0.6405683931178195,0.0771699506542869,6.274662219648708,59.30855418169148,0.6150752123623258,0.1205499896700081,0.0444272737574116,-0.1999485162281062,-0.179924639775877,2285.555555555555
4124,2291.111111111111,0.2638454530513675,0.162683045497312,0.1470590310431005,0.1174500853519596,0.1173070564076961,0.1081574607454426,0.1034909566805646,0.1011099510250202,0.1017981131352066,0.0953902264874017,0.2526067501619235,0.1660931360674093,0.1564430199146083,0.1424046469015814,0.1262331064305146,0.1247503327946802,0.1208528881507915,0.1254019087190128,-0.7521788553093249,-0.658959004510564,-0.799714888487356,0.6003799606346434,-0.6507146518726722,0.7593223569988091,7.30215173967265,56.03593253337077,0.6405683931178195,0.0965522204689027,6.274662219648708,59.30855418169148,0.6150752123623258,0.1205499896700081,-0.2256536565927974,-0.1599429776974712,-0.117128637337081,2291.111111111111
4134,2296.6666666666665,0.2609062467800875,0.1617649615583148,0.1457722383565901,0.1173030851399204,0.116851670643239,0.1080454448010615,0.1035383270010383,0.1014878568244416,0.1020567983054623,0.0956867224478674,0.2909972631961213,0.1852972289856728,0.1815469799221824,0.1531288805593528,0.1383331811505252,0.1292827990729631,0.1255875734746408,0.1267114760167065,-0.9608988524224372,0.2768996125191277,-0.2572289050912463,0.966350500794385,0.1244843334412726,0.992221573403684,7.30215173967265,56.03593253337077,0.6405683931178195,0.0965522204689027,8.851688444721095,59.30855418169148,0.6150752123623258,0.1205499896700081,-0.2882696557267312,-0.0514457810182492,0.022407180019429,2296.6666666666665
4144,2302.222222222222,0.2642909837639237,0.1639371658625567,0.146754427000943,0.1175697159266099,0.1173289230740498,0.1087758975766513,0.1037041015349296,0.1017514957991108,0.1019747852810432,0.0955479533829641,0.3084092354964554,0.2025564589245996,0.191385032118409,0.1613055437324244,0.1433390035738809,0.1324782991253131,0.1275078784176097,0.1276501437641785,-0.2861728760304968,0.958178002786765,0.3954090492577699,0.9185051354048416,0.8181242318776109,0.5750415126011941,7.30215173967265,56.03593253337077,0.6405683931178195,0.0965522204689027,8.851688444721095,48.66982676190486,0.6150752123623258,0.1205499896700081,-0.085851862809149,0.0790818098515539,0.1472623617379699,2302.222222222222
4154,2307.777777777778,0.2710631145193364,0.1666401079900495,0.1485903178915583,0.1179925178011397,0.118461482177415,0.1089809024336185,0.1035231994837791,0.1019465691997504,0.1019633444677545,0.0953996872794862,0.3045583067267576,0.2007547967492216,0.1899001824651192,0.160564619016911,0.1429515113427205,0.1322436879902545,0.1273368233471755,0.1273081506905115,0.6516591228300479,0.7585119561565081,0.8787227743064492,0.477332468951335,0.9757491679497842,-0.2188916655455477,7.30215173967265,56.03593253337077,0.6405683931178195,0.0965522204689027,8.851688444721095,48.66982676190486,0.5830176867184254,0.1205499896700081,0.1954977368490143,0.1757445548612898,0.1756348502309611,2307.777777777778
4164,2313.333333333333,0.2736052749513207,0.1680972349252834,0.1497532055687818,0.1185084611306329,0.1188080947489558,0.1094085423485033,0.1037085419415989,0.1020224664769052,0.1021625449023069,0.0957903469533493,0.297949965871773,0.1885606147174264,0.1775635809115984,0.1457274879740634,0.1280075739966737,0.1160703942712469,0.1110512625502605,0.1104465031137286,0.9903587294406572,-0.138526484906992,0.9857450189062408,-0.1682461223967283,0.4940871434889632,-0.869412384682273,7.30215173967265,56.03593253337077,0.6405683931178195,0.0965522204689027,8.851688444721095,48.66982676190486,0.5830176867184254,0.1038181693177525,0.2971076188321971,0.1971490037812482,0.0889356858280133,2313.333333333333
4174,2318.8888888888887,0.3019448239201668,0.1832898043121883,0.1714937219682,0.1284533740640731,0.1303634350465034,0.1145899941107145,0.1090477929781402,0.104034548741952,0.104434843863638,0.0966483731935761,0.2932428062400592,0.1865016650061262,0.1761895300492421,0.144922204384691,0.127897606733968,0.1158133079099476,0.110807209777363,0.1104215914080432,0.4185270874768687,-0.9082043145945352,0.6706461311590628,-0.7417774374847089,-0.3112886780977682,-0.9503153996900944,9.072176979657726,56.03593253337077,0.6405683931178195,0.0965522204689027,8.851688444721095,48.66982676190486,0.5830176867184254,0.1038181693177525,0.1255581262430606,0.1341292262318125,-0.0560319620575982,2318.8888888888887
4184,2324.4444444444443,0.3071029328717021,0.1964794298053092,0.1781941238428356,0.1361785653814713,0.1350713286835891,0.1181429605799091,0.11129288293566,0.1053734848979926,0.1050024696228923,0.0969966521616983,0.2843534263880293,0.1825179639038515,0.1729621070253861,0.1435615105699519,0.1266898857258309,0.1152339865140871,0.1103125570593125,0.1102432267914066,-0.5380964285766633,-0.8428832858427315,0.0683594830282411,-0.9976607545053136,-0.9127157806837092,-0.4085950363023604,9.072176979657726,46.70152040067589,0.6405683931178195,0.0965522204689027,8.851688444721095,48.66982676190486,0.5830176867184254,0.1038181693177525,-0.1614289285729989,0.0136718966056482,-0.1642888405230676,2324.4444444444443
4194,2330.0,0.3005323390062108,0.1924921097138228,0.175492346667294,0.1347948840464032,0.1342542502455516,0.1177183109725522,0.1111656938414086,0.1054866464441645,0.1045571664304149,0.0971906395168842,0.2797624671866465,0.1801951057502121,0.1710766714798528,0.1431824683312837,0.1254407688001952,0.1147553467109132,0.1097818042865563,0.1101554475875026,-0.9999965697555808,-0.0026192512425253,-0.563200437428632,-0.8263203176009879,-0.9161538545013383,0.4008267891275986,9.072176979657726,46.70152040067589,0.6339314109391478,0.0965522204689027,8.851688444721095,48.66982676190486,0.5830176867184254,0.1038181693177525,-0.2999989709266742,-0.1126400874857264,-0.1649076938102409,2330.0
4204,2335.555555555555,0.2670737338062985,0.1415271497642799,0.1232063901580298,0.0753446253120492,0.0743839124697302,0.0547021467376452,0.0483117464925967,0.0412233383198634,0.0400162166299821,0.0325290228269337,0.2835720813379576,0.1819078406544518,0.1719233410670343,0.1439749301070854,0.1259454049079421,0.1147966801923233,0.1098851283411966,0.1101567301843121,-0.5425044764216775,0.8400529108707627,-0.9535835811066176,-0.3011284673422271,-0.3193503577774676,0.9476367178341094,9.072176979657726,46.70152040067589,0.6339314109391478,0.0313556111796159,8.851688444721095,48.66982676190486,0.5830176867184254,0.1038181693177525,-0.1627513429265032,-0.1907167162213235,-0.0574830643999441,2335.555555555555
4214,2341.111111111111,0.276612465153346,0.1452837887759643,0.126756772609165,0.0771696211060014,0.0759747125121087,0.05546947073599,0.048465188290684,0.0413700404164607,0.0404230127670086,0.0323325167713337,0.273153923220479,0.174860605136271,0.1605575291338443,0.1386170357917199,0.1192587432553644,0.1116973876361378,0.1069585871550387,0.1089222763618651,0.4137637306467923,0.9103843008319336,-0.9356179395268504,0.353014264917908,0.486683673057631,0.873578274901072,9.072176979657726,46.70152040067589,0.6339314109391478,0.0313556111796159,7.65509992095865,48.66982676190486,0.5830176867184254,0.1038181693177525,0.1241291191940377,-0.1871235879053701,0.0876030611503735,2341.111111111111
4224,2346.6666666666665,0.2820524958492892,0.148252030887873,0.1290340500249061,0.0783499023081743,0.0766327079717842,0.0556178953701985,0.0488759930279904,0.0414586068508504,0.0408599971422111,0.0322843879084765,0.2715857581775151,0.1676812764460953,0.1573652357546629,0.1352586979636213,0.1175414336316395,0.1106352955288704,0.1061896122876922,0.108669564567279,0.9896194719277532,0.1437125630605586,-0.5169968581504664,0.8559872946852346,0.9738544792959472,0.2271727385828227,9.072176979657726,46.70152040067589,0.6339314109391478,0.0313556111796159,7.65509992095865,55.38343403736266,0.5830176867184254,0.1038181693177525,0.2968858415783259,-0.1033993716300932,0.1752938062732705,2346.6666666666665
4234,2352.222222222222,0.2776728791551694,0.147029842711628,0.1277148875832681,0.0775562964167424,0.0763466977877126,0.0559728481911149,0.0487985334386969,0.0411581326047458,0.0407181964265517,0.0324873761145226,0.2458501552157611,0.1574336944676602,0.148784426288802,0.1314356826562319,0.1149019822859551,0.1097234414781385,0.1054503185781796,0.1085938162792815,0.655623634582411,-0.7550878424242766,0.1230154501625658,0.9924047556422234,0.8229796786098628,-0.5680708130112012,9.072176979657726,46.70152040067589,0.6339314109391478,0.0313556111796159,7.65509992095865,55.38343403736266,0.513062990230034,0.1038181693177525,0.1966870903747233,0.0246030900325131,0.1481363421497752,2352.222222222222
4244,2357.777777777778,0.2671992849116534,0.1429560597733693,0.1236042078867515,0.0757508316344339,0.0747820535909686,0.0553428450082035,0.0484457073459343,0.0406610487111862,0.040373542598333,0.0323057417256761,0.2417076338216877,0.158979893114325,0.1515618849683458,0.1357696046776524,0.1193036842808655,0.1149632431476956,0.1101857230415964,0.1133811711231333,-0.2811495488346985,-0.959663967850229,0.7103494084734676,0.7038492153021091,0.1329087457616277,-0.9911282789326874,9.072176979657726,46.70152040067589,0.6339314109391478,0.0313556111796159,7.65509992095865,55.38343403736266,0.513062990230034,0.1091763098166407,-0.0843448646504095,0.1420698816946935,0.0239235742370929,2357.777777777778
4254,2363.333333333333,0.2059773852251962,0.1077533274176437,0.0817898451688995,0.054317953055143,0.0533158712221562,0.0449122472489464,0.0385011813241243,0.0365808193123665,0.0365590479861533,0.0308258877997627,0.2354974938556535,0.1562261156598741,0.1500314600241701,0.1348552457958705,0.1188425745797433,0.1148794756526423,0.1101180555249968,0.1134899422120352,-0.9594351336407766,-0.2819294669517629,0.9934936514768952,0.1138875079853176,-0.6442407426181456,-0.764822767411392,6.449383926241611,46.70152040067589,0.6339314109391478,0.0313556111796159,7.65509992095865,55.38343403736266,0.513062990230034,0.1091763098166407,-0.2878305400922329,0.198698730295379,-0.1159633336712662,2363.333333333333
4264,2368.8888888888887,0.1938013630074057,0.0908717269076903,0.0737940445631063,0.0473415979316652,0.0501684679498351,0.0428732694740804,0.0369740607297433,0.0358386792401207,0.0363388992377869,0.0308520005685584,0.2363145450287901,0.1569672272960187,0.1504752695545476,0.1350511092965085,0.1193089888790572,0.1149189726885401,0.1101075813942985,0.1137199491532145,-0.7556204812393581,0.6550096856777011,0.8511986002434687,-0.5248437319274751,-0.9992994727088502,-0.0374241077891497,6.449383926241611,59.16700057990582,0.6339314109391478,0.0313556111796159,7.65509992095865,55.38343403736266,0.513062990230034,0.1091763098166407,-0.2266861443718074,0.1702397200486937,-0.179873905087593,2368.8888888888887
4274,2374.4444444444443,0.189560827362784,0.0887002431979269,0.0724168355887241,0.0465684475740994,0.0496146058629312,0.0429549158655832,0.0366011609293349,0.0356195384357191,0.0361330980656125,0.0304823414653718,0.2436963967701138,0.159944231044979,0.1526250413605648,0.1359553853946458,0.1194810983309422,0.1152659534614589,0.1105001190695258,0.1137788900947233,0.1429081568911636,0.9897359540271186,0.3443986211681156,-0.9388235136262304,-0.699641659292229,0.7144939108087742,6.449383926241611,59.16700057990582,0.5937339600996857,0.0313556111796159,7.65509992095865,55.38343403736266,0.513062990230034,0.1091763098166407,0.042872447067349,0.0688797242336231,-0.1259354986726012,2374.4444444444443
4284,2380.0,0.2176569344843506,0.1180010573862259,0.1022345642747903,0.0762423369336453,0.0797265470591178,0.0728587352783698,0.0665924934320409,0.0651611642109337,0.0662035733243072,0.0596400147487556,0.24995084706351,0.1624806602194622,0.1546367685530923,0.1368529495921039,0.1202142696222956,0.115323303290853,0.1103460076983356,0.1138972082367612,0.910047694630644,0.4145035506451664,-0.3098816222330864,-0.9507751470259362,0.0584042363515252,0.998293015690381,6.449383926241611,59.16700057990582,0.5937339600996857,0.0613606284422068,7.65509992095865,55.38343403736266,0.513062990230034,0.1091763098166407,0.2730143083891932,-0.0619763244466172,0.0105127625432745,2380.0
4294,2385.555555555555,0.2185253241535749,0.1182305555409464,0.1026028966776102,0.0765703817380955,0.0798913861090167,0.0724795747861325,0.0665588374049415,0.0655776340996941,0.066432713479807,0.06009294364017,0.256982810408443,0.1663382909733813,0.1590136918578833,0.1390984310640397,0.1224227535208586,0.1162674424812084,0.1115474727677739,0.1141028710312728,0.8404935788266796,-0.5418215056188892,-0.8314626596919162,-0.555580638195793,0.7781851065503627,0.6280349830568364,6.449383926241611,59.16700057990582,0.5937339600996857,0.0613606284422068,8.161333952603156,55.38343403736266,0.513062990230034,0.1091763098166407,0.2521480736480039,-0.1662925319383832,0.1400733191790652,2385.555555555555
4304,2391.111111111111,0.2131487411572836,0.1162535697130939,0.1009726961339401,0.0756901787799595,0.0796009865263969,0.0723216190527102,0.0666547014586179,0.0659862181456844,0.0661311224491816,0.0599265136476198,0.2543204892717891,0.168994449099976,0.1594729953268372,0.1407195574343173,0.122908436021452,0.116913873254074,0.1116859462875409,0.114005300391651,-0.0018064572158607,-0.9999983683548324,-0.9969902018940856,0.0775276552411485,0.9881181512635716,-0.1536961910505958,6.449383926241611,59.16700057990582,0.5937339600996857,0.0613606284422068,8.161333952603156,50.46597739932183,0.513062990230034,0.1091763098166407,-0.0005419371647582,-0.1993980403788171,0.1778612672274429,2391.111111111111
4314,2396.6666666666665,0.2066191332611232,0.1140753659377514,0.0992659048967237,0.074620456843035,0.0791715514979827,0.0719685435780258,0.0664139596787589,0.0660910153619471,0.0661265845120951,0.0599042840564458,0.2955684602045708,0.1870345795359793,0.1745143540071883,0.1471734368244874,0.1279727643804558,0.1185619909197623,0.1131716539422031,0.114449244390466,-0.8424456448249816,-0.5387813429540975,-0.7355811378840975,0.677436631419601,0.5506603804703558,-0.8347293845194639,6.449383926241611,59.16700057990582,0.5937339600996857,0.0613606284422068,8.161333952603156,50.46597739932183,0.6461697710646527,0.1091763098166407,-0.2527336934474944,-0.1471162275768195,0.099118868484664,2396.6666666666665
4324,2402.222222222222,0.2044448209495701,0.1137641801324795,0.0982164332330926,0.0743475690936359,0.0787197975194729,0.0719861360506849,0.0660163949900061,0.0658016285502053,0.0657566386600835,0.0601809621534384,0.2330437279103342,0.1048036346752357,0.0903967153390842,0.0556157383562981,0.0357975481618232,0.0239898386210494,0.017948798313727,0.0179420507346742,-0.908544191719215,0.4177887644411687,-0.1591774891677404,0.9872499819915186,-0.2475765869442165,-0.9688683262430724,6.449383926241611,59.16700057990582,0.5937339600996857,0.0613606284422068,8.161333952603156,50.46597739932183,0.6461697710646527,0.0127136842100565,-0.2725632575157645,-0.031835497833548,-0.0445637856499589,2402.222222222222
4334,2407.777777777778,0.2396574257221275,0.1312785861583175,0.1189128793950303,0.0831130961098053,0.0882690662554091,0.0761277567119166,0.0699077803871062,0.0670843356138096,0.067170766419726,0.0602174936376102,0.2398687297290618,0.1071115237836613,0.0931335314964832,0.0569779413640166,0.0366154056742316,0.0243604128381609,0.0181388766443349,0.0178112719885665,-0.1393313987130124,0.9902458085408268,0.4853900160053255,0.8742977366791875,-0.8836074372895112,-0.4682284664206807,8.200933986121193,59.16700057990582,0.5937339600996857,0.0613606284422068,8.161333952603156,50.46597739932183,0.6461697710646527,0.0127136842100565,-0.0417994196139037,0.0970780032010651,-0.159049338712112,2407.777777777778
4344,2413.333333333333,0.2550730754235116,0.145998874325497,0.1274244179084044,0.0895339953693692,0.0918550149609322,0.0789400733401198,0.0717110061915166,0.0680558652749486,0.0681893102164067,0.0606640917014565,0.2479297594098559,0.1105748475476583,0.0963015232996549,0.0579425097481411,0.0375908968823297,0.0247984244137467,0.0185496313662671,0.0179578771933786,0.7579820397103044,0.6522754230205262,0.9221011493415376,0.3869489247730449,-0.9407203326483912,0.3391832185440491,8.200933986121193,51.16217385699176,0.5937339600996857,0.0613606284422068,8.161333952603156,50.46597739932183,0.6461697710646527,0.0127136842100565,0.2273946119130913,0.1844202298683075,-0.1693296598767104,2413.333333333333
4354,2418.8888888888887,0.2908082839089843,0.1616803432010736,0.1406304634257233,0.0952163900446013,0.0965857048062244,0.0804043220878718,0.0731751827380739,0.0689391910734321,0.0690260285080772,0.0608678251036669,0.2502539634558701,0.1113706249499724,0.0970849941653882,0.0586383130324782,0.0378564212587216,0.024699219090659,0.0186469493431076,0.0177773835262541,0.9584102864372152,-0.2853939783025124,0.9639450768252606,-0.2661012755781945,-0.3814963025718438,0.924370364693726,8.200933986121193,51.16217385699176,0.686422778341764,0.0613606284422068,8.161333952603156,50.46597739932183,0.6461697710646527,0.0127136842100565,0.2875230859311645,0.1927890153650521,-0.0686693344629318,2418.8888888888887
4364,2424.4444444444443,0.2511630681187864,0.1126986752603295,0.0911147171740668,0.041944363065609,0.0433664439695965,0.0260809275772402,0.0184795555492692,0.0138114604187781,0.0135096689524277,0.0057755737812809,0.2446560394803315,0.1091721044069419,0.0948248356589974,0.0581027462665149,0.0372263350956,0.0248564901136182,0.0182047947950239,0.0176840241938011,0.2776805357492585,-0.9606734721360868,0.5930031625897196,-0.8052001298798893,0.4276747628049359,0.9039326840311406,8.200933986121193,51.16217385699176,0.686422778341764,0.0059408367132947,8.161333952603156,50.46597739932183,0.6461697710646527,0.0127136842100565,0.0833041607247775,0.1186006325179439,0.0769814573048884,2424.4444444444443
4374,2430.0,0.2441165199791133,0.1092735275849149,0.0886168328605198,0.0412501296883447,0.0423546762097012,0.0258727527198653,0.0181095128420592,0.0136817735371502,0.0133778949352887,0.006010502277878,0.2193410437691719,0.0962203949884297,0.0799192814588664,0.0510020198680571,0.0297132187284399,0.0220803030732009,0.0152623443997485,0.0170852702246572,-0.6583474189171495,-0.7527142060603926,-0.031877814665814,-0.9994917733188864,0.9566437965625842,0.2912604444450445,8.200933986121193,51.16217385699176,0.686422778341764,0.0059408367132947,7.358458929169223,50.46597739932183,0.6461697710646527,0.0127136842100565,-0.1975042256751448,-0.0063755629331628,0.1721958833812651,2430.0
4384,2435.555555555555,0.2425101401300173,0.1078059184682365,0.0876712241400562,0.0407135676130797,0.042043157141424,0.0256586974757657,0.0183645263502834,0.0134782300355615,0.0128641073384508,0.0061384362949292,0.2136588230657629,0.0912530649820944,0.0766885021114392,0.0490271896478389,0.0282059115131131,0.0212852200156069,0.0147260037226207,0.0167689393199382,-0.9890937927558066,0.1472870297478144,-0.6431078994843082,-0.7657755739254686,0.8588432412646044,-0.5122385059072664,8.200933986121193,51.16217385699176,0.686422778341764,0.0059408367132947,7.358458929169223,52.62145824320065,0.6461697710646527,0.0127136842100565,-0.2967281378267419,-0.1286215798968616,0.1545917834276288,2435.555555555555
4394,2441.111111111111,0.2480709065053185,0.1100129940701288,0.0896485278482291,0.0415960339232492,0.0426552908026474,0.0260394305278045,0.0185622616797778,0.0135835264185229,0.0132949616985544,0.0065323092046115,0.2056994736389013,0.0879451386472817,0.0740066001988409,0.0477302010042508,0.0275018199318277,0.021201993603299,0.0142202207001073,0.0168249670682009,-0.410471894974451,0.9118732496548428,-0.9789427963536506,-0.2041347630054592,0.1983496257859815,-0.9801313309707844,8.200933986121193,51.16217385699176,0.686422778341764,0.0059408367132947,7.358458929169223,52.62145824320065,0.6101493902536503,0.0127136842100565,-0.1231415684923353,-0.1957885592707301,0.0357029326414766,2441.111111111111
4404,2446.6666666666665,0.2562755671934658,0.1133585920755502,0.0925985800014781,0.0429371012592248,0.044054002939367,0.0263318435790268,0.0188389888630199,0.014129797045459,0.01328303941826,0.0064444764895173,0.2124732813175628,0.0897791250352332,0.0755266173375952,0.0475103855222092,0.0267699810149998,0.0199345364981794,0.0125162764287302,0.015543795081994,0.5455359700582291,0.8380874091481312,-0.8955694458830863,0.4449217544699987,-0.5920978072889511,-0.8058661096011025,8.200933986121193,51.16217385699176,0.686422778341764,0.0059408367132947,7.358458929169223,52.62145824320065,0.6101493902536503,0.011124164672611,0.1636607910174687,-0.1791138891766172,-0.1065776053120112,2446.6666666666665
4414,2452.222222222222,0.2613537560758867,0.1167902198679336,0.0951664126596417,0.0445111701950065,0.0454662654229958,0.0266252686495415,0.0197930538370405,0.0144770649741672,0.0136672227144091,0.0061948349329356,0.2164523102346479,0.0917283874613632,0.0773052856965267,0.048178879256149,0.0271783277218797,0.0206387259779017,0.0122971802636887,0.0150512524370149,0.99998058008745,-0.0062321302912387,-0.4286904409675157,0.9034514407665069,-0.9946172564177016,-0.1036171474039126,8.298330858194065,51.16217385699176,0.686422778341764,0.0059408367132947,7.358458929169223,52.62145824320065,0.6101493902536503,0.011124164672611,0.299994174026235,-0.0857380881935031,-0.1790311061551862,2452.222222222222
4424,2457.777777777778,0.2682360551780011,0.132314306613905,0.1027449352866821,0.0518588999161359,0.0502923563734707,0.0304244816967081,0.0220073974422113,0.0162253413347835,0.0144610940932665,0.0064858967380704,0.2126116856725786,0.0902716413237525,0.0764637669845642,0.0475916143802004,0.0269960428768557,0.0204992844295318,0.0121813867232399,0.0150544327756555,0.5350476564309894,-0.8448218778817852,0.2217647331366506,0.9751002015879344,-0.7454878354941125,0.6665192323784087,8.298330858194065,44.44393770454528,0.686422778341764,0.0059408367132947,7.358458929169223,52.62145824320065,0.6101493902536503,0.011124164672611,0.1605142969292968,0.0443529466273301,-0.1341878103889402,2457.777777777778
4434,2463.333333333333,0.2010420549864727,0.1007064509475652,0.0765292219440429,0.0392768653270194,0.0401573770555968,0.025882722404803,0.018311606692694,0.0147185743213073,0.0133017829906554,0.0058570972419305,0.2054063449555928,0.0875238276892245,0.0733430146218109,0.0471148563441545,0.0259412766030529,0.0201886485972806,0.011469051524971,0.0148209225689976,-0.421805615049486,-0.9066862870434982,0.7772545982908969,0.6291862120514533,-0.0079330403847469,0.9999685329400392,8.298330858194065,44.44393770454528,0.5391098358673696,0.0059408367132947,7.358458929169223,52.62145824320065,0.6101493902536503,0.011124164672611,-0.1265416845148458,0.1554509196581794,-0.0014279472692544,2463.333333333333
4444,2468.8888888888887,0.2718954099562855,0.200356792473114,0.1813354330082302,0.1547968222689452,0.1574278559865095,0.1481671053239848,0.1413329167099821,0.1390924272734234,0.1383762484785799,0.1314729180141345,0.2006305436547497,0.085267760249973,0.0712963835746573,0.0463204956713699,0.0254082405636996,0.0197467344376388,0.0110652635084534,0.0147132414377055,-0.9908527493096584,-0.1349475052955452,0.9999042412175706,0.0138386558275889,0.7348192885190937,0.6782629381149267,8.298330858194065,44.44393770454528,0.5391098358673696,0.131803632712148,7.358458929169223,52.62145824320065,0.6101493902536503,0.011124164672611,-0.2972558247928975,0.1999808482435141,0.1322674719334368,2468.8888888888887
4454,2474.4444444444443,0.2747258275421332,0.2019442658213457,0.1821645344920204,0.1553949833600033,0.1579573120256779,0.1485790272019878,0.1418148056514073,0.1390106974796024,0.1386231569839529,0.1311592214789021,0.1871478848056472,0.0777325919323347,0.0616978759708211,0.0423669564292205,0.0208199513604052,0.0176745357361197,0.0090318082995713,0.014105860494851,-0.6489144354061622,0.7608613904789109,0.7943694120485737,-0.6074349654091401,0.9961360139620454,-0.0878239243475695,8.298330858194065,44.44393770454528,0.5391098358673696,0.131803632712148,6.593526323219059,52.62145824320065,0.6101493902536503,0.011124164672611,-0.1946743306218486,0.1588738824097147,0.1793044825131681,2474.4444444444443
4464,2480.0,0.2838265519983318,0.2058496084641041,0.1858242385532224,0.1571292827638873,0.1598357976433345,0.149402693036327,0.1423347919335067,0.139066331785072,0.1388288671488981,0.1311944914293763,0.1980594050635694,0.0857505286211829,0.0662180367755279,0.0452786248642403,0.0227701755534966,0.0190674412640099,0.0093694907715736,0.0144413348948938,0.2896328177875231,0.957137832739078,0.2486653613421625,-0.9685894579586192,0.6048088166012291,-0.7963707022244232,8.298330858194065,44.44393770454528,0.5391098358673696,0.131803632712148,6.593526323219059,49.08581504012943,0.6101493902536503,0.011124164672611,0.0868898453362569,0.0497330722684325,0.1088655869882212,2480.0
4474,2485.555555555555,0.2916553920369014,0.2088928194143525,0.1888225242691727,0.1583548156198856,0.1609824847633715,0.1502969726095137,0.1427904257326337,0.1389899506103199,0.1388540578492481,0.1311293051314826,0.215961770649133,0.0929967254352881,0.0724204979931884,0.0478096674706591,0.024625683676449,0.0202766244708119,0.0095576514301886,0.0149227838136419,0.9618929940175333,0.2734261656462045,-0.4035235326980099,-0.9149692664559383,-0.1827743067379228,-0.9831548976618444,8.298330858194065,44.44393770454528,0.5391098358673696,0.131803632712148,6.593526323219059,49.08581504012943,0.6500573764478406,0.011124164672611,0.2885678982052599,-0.0807047065396019,-0.0328993752128261,2485.555555555555
4484,2491.111111111111,0.2909012728137498,0.2081597781243109,0.1893332029309411,0.1584353230577342,0.1608111131726036,0.1500222382851321,0.1429057847174603,0.139136703096455,0.1383736784059766,0.1308227568060458,0.2797105154369376,0.1749145671621997,0.1584702654502484,0.1388786948507763,0.1165584883161319,0.1136473774287338,0.1037912348684395,0.1096915655422994,0.7497931875446031,-0.6616722571724641,-0.8829133688843055,-0.4695359230616612,-0.8506081801100074,-0.5258000798116536,8.298330858194065,44.44393770454528,0.5391098358673696,0.131803632712148,6.593526323219059,49.08581504012943,0.6500573764478406,0.1060973079036891,0.2249379562633809,-0.1765826737768611,-0.1531094724198013,2491.111111111111
4494,2496.6666666666665,0.2811634572051528,0.2034566558403626,0.1851027065853029,0.156201081575254,0.1589829703876271,0.149152175828604,0.1418663607353611,0.1386423543422769,0.1384389328964742,0.1303836108911935,0.2728542821458645,0.1725970485087413,0.1564827217446873,0.1383903068738074,0.1160971428683635,0.1137125024668595,0.1038051353831396,0.1097453996141023,-0.1516630177083494,-0.9884322582046768,-0.9842172052536472,0.1769646656332839,-0.9611444037084108,0.2760460744513561,8.171068818948156,44.44393770454528,0.5391098358673696,0.131803632712148,6.593526323219059,49.08581504012943,0.6500573764478406,0.1060973079036891,-0.0454989053125048,-0.1968434410507294,-0.1730059926675139,2496.6666666666665
4504,2502.222222222222,0.2620343294993743,0.1857097750037318,0.1741174157261192,0.1478837620691918,0.1532398504323213,0.1451872741348598,0.1394807799474709,0.1370832651481523,0.1374264577376805,0.1299649297113011,0.2667043288388809,0.1699615984315869,0.1541600627066092,0.1370663760555789,0.1151020772085348,0.1135510780769773,0.103516197436493,0.1097546275381487,-0.913680943910124,-0.4064321994324571,-0.6640541580083622,0.7476844757194074,-0.4419623506608861,0.8970336005960445,8.171068818948156,56.14091493852781,0.5391098358673696,0.131803632712148,6.593526323219059,49.08581504012943,0.6500573764478406,0.1060973079036891,-0.2741042831730372,-0.1328108316016724,-0.0795532231189595,2502.222222222222
4514,2507.777777777778,0.2802955729094132,0.1932207138253628,0.1801828214702015,0.1502313389862073,0.1553029161461695,0.1459659995799406,0.1403973977089289,0.1368611265226828,0.137848130495241,0.1300113486829224,0.2666551122870608,0.1699136252235533,0.154028228450671,0.1369694414961406,0.1148039748644928,0.1133715385736577,0.1035879515704558,0.1095549362973435,-0.8356648239364876,0.5492397491398444,-0.0595262012358059,0.9982267434638455,0.366782611692217,0.930306678337975,8.171068818948156,56.14091493852781,0.593163234840799,0.131803632712148,6.593526323219059,49.08581504012943,0.6500573764478406,0.1060973079036891,-0.2506994471809463,-0.0119052402471611,0.066020870104599,2507.777777777778
4524,2513.333333333333,0.2610997942787632,0.1629976405984917,0.1478124709753585,0.1141464898922424,0.1192044954430814,0.1083221795722265,0.1024054778383081,0.0983407025989895,0.0995054812735639,0.0915476481517737,0.2725854261813563,0.1724308109547229,0.1555465799212343,0.1379625835575242,0.1153560814453346,0.1134141295542578,0.1038661223108404,0.1097656824915424,0.0106576812986265,0.9999432053018495,0.5704923915410338,0.8213028863907589,0.9352205886980616,0.3540656019373406,8.171068818948156,56.14091493852781,0.593163234840799,0.0930578150609146,6.593526323219059,49.08581504012943,0.6500573764478406,0.1060973079036891,0.0031973043895879,0.1140984783082067,0.168339705965651,2513.333333333333
4534,2518.8888888888887,0.2678158400943644,0.1659331335543948,0.1504872032007651,0.1148598005428459,0.1197891706103373,0.1085184707205019,0.1024520864915444,0.0989094457509014,0.0996172623291333,0.0915704310760181,0.3157165996553833,0.1955219881372792,0.1823431690236104,0.1511389945548928,0.1286391209332107,0.1186075266066518,0.1092093226913332,0.1115094635116052,0.8471815634981072,0.5313034899837403,0.9562116070003224,0.2926762078438583,0.890924937826091,-0.454150586435354,8.171068818948156,56.14091493852781,0.593163234840799,0.0930578150609146,8.456749922156808,49.08581504012943,0.6500573764478406,0.1060973079036891,0.2541544690494322,0.1912423214000644,0.1603664888086963,2518.8888888888887
4544,2524.4444444444443,0.2686286369876248,0.1662373809757737,0.1510832951818537,0.1153848193017427,0.1201485171596672,0.1085099620793822,0.1024049685717462,0.0992600154052397,0.0996908472443681,0.0915424506504932,0.3108782774481994,0.1882863370515933,0.1789084907337311,0.1478541723736159,0.126948528042988,0.1174192384959567,0.1083429840250995,0.1110526875000063,0.9048106231954692,-0.4258142037938923,0.932456649556204,-0.3612818798368091,0.2629170848083627,-0.9648184318906186,8.171068818948156,56.14091493852781,0.593163234840799,0.0930578150609146,8.456749922156808,53.56183272025926,0.6500573764478406,0.1060973079036891,0.2714431869586408,0.1864913299112408,0.0473250752655052,2524.4444444444443
4554,2530.0,0.2632016858927695,0.1635092200194278,0.1495718440458816,0.1147473848006534,0.1197563891366493,0.1083501650887118,0.1019426161505058,0.0995075725353408,0.0997312771248023,0.0917939128596834,0.2965753309832962,0.1823318555473413,0.1743493207480715,0.1453294339015053,0.1255640401696652,0.1164960555703549,0.107794316334034,0.1112916091169685,0.1305609686748637,-0.991440282346184,0.5093999972256562,-0.8605298616704138,-0.5373476038185985,-0.8433608674051758,8.171068818948156,56.14091493852781,0.593163234840799,0.0930578150609146,8.456749922156808,53.56183272025926,0.6283656733414756,0.1060973079036891,0.0391682906024591,0.1018799994451312,-0.0967225686873477,2530.0
4564,2535.555555555555,0.2566357785494717,0.1607134007267274,0.1472529210987941,0.1139928852273921,0.1188123300722716,0.1079381185561189,0.1018119285804154,0.0989786418700163,0.0994994774218702,0.091800902307327,0.26001812600512,0.1412898267468583,0.1323970987007579,0.1013800994275586,0.081642887668148,0.0715080529575672,0.0632393962366681,0.0659826582982922,-0.7637258383326557,-0.6455407375705132,-0.1317947126373246,-0.9912770317730786,-0.9855553010809572,-0.169353914956885,8.171068818948156,56.14091493852781,0.593163234840799,0.0930578150609146,8.456749922156808,53.56183272025926,0.6283656733414756,0.0609193085605674,-0.2291177514997967,-0.0263589425274649,-0.1773999541945722,2535.555555555555
4574,2541.111111111111,0.2557783254899642,0.1598833616335812,0.1472578601209005,0.1137072280418438,0.1186747227787736,0.1071938597872187,0.1014399272621843,0.098833798464207,0.099147644367177,0.0918499855738006,0.2576757345935163,0.1400862285464746,0.1318010447509103,0.1009131681607566,0.081441131136145,0.0713483863821566,0.0629102699673434,0.0658995996265736,-0.9558466316792708,0.2938659842639025,-0.7165515686245173,-0.6975341206720598,-0.7880512995169922,0.6156095754043954,8.18663506589876,56.14091493852781,0.593163234840799,0.0930578150609146,8.456749922156808,53.56183272025926,0.6283656733414756,0.0609193085605674,-0.2867539895037812,-0.1433103137249034,-0.1418492339130586,2541.111111111111
4584,2546.6666666666665,0.2709892797225482,0.1746602839821538,0.1561463975907623,0.120401382457858,0.1226926993096637,0.1098033736968468,0.1031718618738589,0.1002525956125266,0.1000192448153364,0.0920510897274776,0.263505222260782,0.1423742834828387,0.1333836618627296,0.1018750395998485,0.0820063945149713,0.0714526695883794,0.0629548627016109,0.0659080113850156,-0.2691664399725714,0.9630936753984484,-0.994462786306147,-0.1050893270138058,-0.0742353844406914,0.9972407471102164,8.18663506589876,47.92165327952674,0.593163234840799,0.0930578150609146,8.456749922156808,53.56183272025926,0.6283656733414756,0.0609193085605674,-0.0807499319917714,-0.1988925572612294,-0.0133623691993244,2546.6666666666665
4594,2552.222222222222,0.3002826528494327,0.1877946354573938,0.1675548329070152,0.1248868073519101,0.1265906108530585,0.1115653286075058,0.1047288644358506,0.1004024123680776,0.1004706291656259,0.0921669489606038,0.2718845718224127,0.1461256761859819,0.1359104174160519,0.1029836472857814,0.0829056449735017,0.0715940097863574,0.0631531626687656,0.0663871256938472,0.6649841353202905,0.7468574829057586,-0.8465197015249976,0.5323573939845573,0.6882177366327987,0.7255042019065276,8.18663506589876,47.92165327952674,0.6488584510594297,0.0930578150609146,8.456749922156808,53.56183272025926,0.6283656733414756,0.0609193085605674,0.1994952405960871,-0.1693039403049995,0.1238791925939037,2552.222222222222
4604,2557.777777777778,0.2802361370326544,0.159648173229651,0.1376129200190678,0.091787414567513,0.0929595413676612,0.0766420955056045,0.0692155449770645,0.0649679299851419,0.064858229680728,0.0560547643372001,0.2752150435232873,0.1473101157135061,0.1369413497275537,0.1036378064639415,0.0835356667927859,0.0715591602624957,0.0631333923746884,0.0667756433656974,0.9877513633311394,-0.1560360350607362,-0.3360753125442329,0.94183511523955,0.9997674498546976,-0.0215649301189465,8.18663506589876,47.92165327952674,0.6488584510594297,0.0570645234171375,8.456749922156808,53.56183272025926,0.6283656733414756,0.0609193085605674,0.2963254089993418,-0.0672150625088466,0.1799581409738455,2557.777777777778
4614,2563.333333333333,0.2738925274072139,0.1573258727989734,0.1352660161565953,0.0912996034148453,0.0919784761869048,0.0766096175169642,0.0690981952083929,0.0649995264473977,0.064805478918977,0.0559905261201885,0.2502037421145023,0.1348328525160512,0.1215348658135406,0.0962894382919818,0.0759496446396733,0.0684220229282517,0.0602416619372772,0.0657358202421174,0.402384543144084,-0.9154707419894568,0.3182850879447175,0.9479950436537226,0.656294012403172,-0.7545052480160395,8.18663506589876,47.92165327952674,0.6488584510594297,0.0570645234171375,7.399863462958335,53.56183272025926,0.6283656733414756,0.0609193085605674,0.1207153629432252,0.0636570175889435,0.1181329222325709,2563.333333333333
4624,2568.8888888888887,0.2636126385159517,0.1535696320401632,0.1319513853192851,0.089775394367655,0.0904172783191158,0.0758387186297431,0.0688034006707328,0.0647273957744088,0.0642527820485795,0.0556835600545865,0.2411495776720144,0.1295516331168066,0.1181928154300901,0.0945261249862731,0.0749208023390339,0.0677392455854649,0.0601432413740819,0.0659397720320943,-0.5529327703181427,-0.8332258706427111,0.8363477043662425,0.5481993409347701,-0.1171671905380984,-0.9931122038628912,8.18663506589876,47.92165327952674,0.6488584510594297,0.0570645234171375,7.399863462958335,55.10914179995703,0.6283656733414756,0.0609193085605674,-0.1658798310954428,0.1672695408732485,-0.0210900942968577,2568.8888888888887
4634,2574.4444444444443,0.2587379206783055,0.1514268937401514,0.1297084195386273,0.0884657400018535,0.0894130758022988,0.0756962731893148,0.0683107701477867,0.0650437472562664,0.0642430956201141,0.0553703801660052,0.2279042245963427,0.1242667879733868,0.1142158273912107,0.0925773124378986,0.0734265467350156,0.0668809720531874,0.0597474786602853,0.0659360134233926,-0.9998862447300892,0.0150830235549776,0.9962649249382668,-0.0863492868398441,-0.8138633194484349,-0.581056363235422,8.18663506589876,47.92165327952674,0.6488584510594297,0.0570645234171375,7.399863462958335,55.10914179995703,0.6007311596945369,0.0609193085605674,-0.2999658734190267,0.1992529849876533,-0.1464953975007182,2574.4444444444443
4644,2580.0,0.2630200842847277,0.15262707651375,0.1312414744206176,0.0894713257824309,0.0898713029227549,0.0757601071892542,0.0682741613976921,0.0651921707217744,0.0643990033930445,0.055727454378632,0.2243679455915769,0.116458824730565,0.1062631371468308,0.0829737738625677,0.0640928651841354,0.056845121897298,0.0499622951410895,0.0556847703300688,-0.5275489169488146,0.8495246554551156,0.7295561213695454,-0.6839209499439428,-0.977336131476328,0.2116933775791908,8.18663506589876,47.92165327952674,0.6488584510594297,0.0570645234171375,7.399863462958335,55.10914179995703,0.6007311596945369,0.0507048856022945,-0.1582646750846443,0.1459112242739091,-0.175920503665739,2580.0
4654,2585.555555555555,0.2899156032626328,0.1665340558947109,0.1479770104575662,0.0983247835727634,0.0983937410315312,0.0798160680507026,0.0722609792908657,0.067256930267049,0.0664732180126828,0.0563630051038866,0.2320059101124388,0.1198633885552777,0.1083832348503505,0.0839499353563808,0.0650401542874638,0.0568550584857135,0.0497334953475974,0.0559843551749506,0.4298144521587208,0.902917236913494,0.1504327986740445,-0.9886202370390232,-0.5004822433304614,0.8657468013864729,9.045820604382154,47.92165327952674,0.6488584510594297,0.0570645234171375,7.399863462958335,55.10914179995703,0.6007311596945369,0.0507048856022945,0.1289443356476162,0.0300865597348089,-0.090086803799483,2585.555555555555
4664,2591.111111111111,0.2978898669922971,0.1703686589366081,0.1511427694444093,0.1000503882964368,0.1004257615865644,0.0805480738550106,0.0724958642299428,0.0676591704242676,0.0664132219516906,0.0566024579456436,0.2368271180557979,0.1218982829406657,0.1098236966007464,0.0847238067511008,0.0653901943868888,0.0571501576946266,0.0497398900659626,0.0562105894502847,0.992008396142438,0.1261718747697285,-0.493109681207639,-0.8699671501265439,0.304275354753252,0.9525841214768292,9.045820604382154,47.619251882658055,0.6488584510594297,0.0570645234171375,7.399863462958335,55.10914179995703,0.6007311596945369,0.0507048856022945,0.2976025188427313,-0.0986219362415278,0.0547695638555853,2591.111111111111
4674,2596.6666666666665,0.3040135652049019,0.172836033618685,0.1536165688575874,0.1012414686989329,0.1014970720510611,0.081180901866885,0.0727628400196966,0.0679483634691794,0.0670626200068509,0.0566532015029472,0.2340392439069373,0.1208991929837233,0.1088630655082411,0.0843368892322083,0.0653084353600633,0.0572107236378927,0.0497625469394331,0.056337909279146,0.6421543955938998,-0.7665753271658522,-0.9254900319277424,-0.378771964118764,0.909679191548002,0.4153116522138209,9.045820604382154,47.619251882658055,0.6689458201348977,0.0570645234171375,7.399863462958335,55.10914179995703,0.6007311596945369,0.0507048856022945,0.1926463186781699,-0.1850980063855485,0.1637422544786403,2596.6666666666665
4684,2602.222222222222,0.3311385061782941,0.2177414843476384,0.2006774984867069,0.1556961799111163,0.1571937525141255,0.1394009149013667,0.1312071765117314,0.1281930334438951,0.1273043821359064,0.1173241164021838,0.2264540243007483,0.1174802190423388,0.1064920819371034,0.0834584043201873,0.0644374633575252,0.05672548398264,0.0499492455768599,0.0560936255566985,-0.2980933948169394,-0.954536708548452,-0.961551970928516,0.274623027445781,0.9190834984157108,-0.3940628413590126,9.045820604382154,47.619251882658055,0.6689458201348977,0.1177860604048068,7.399863462958335,55.10914179995703,0.6007311596945369,0.0507048856022945,-0.0894280184450818,-0.1923103941857032,0.1654350297148279,2602.222222222222
4694,2607.777777777778,0.3231313464941298,0.2147074972480796,0.1980177904712698,0.1541073687411672,0.1558686297356237,0.1390001253350672,0.1302764775025175,0.1283172644944617,0.1265210443535639,0.1172852753188256,0.2197784993152908,0.1149686711591117,0.1039730434421691,0.082745042950459,0.0634741271295684,0.0564427153497614,0.049994214865623,0.0562463973651881,-0.964275492761208,-0.2649014421631738,-0.5858528571276092,0.8104174416900325,0.3263268037907755,-0.9452570111497172,9.045820604382154,47.619251882658055,0.6689458201348977,0.1177860604048068,7.341866471312744,55.10914179995703,0.6007311596945369,0.0507048856022945,-0.2892826478283624,-0.1171705714255218,0.0587388246823395,2607.777777777778
4704,2613.333333333333,0.3235273214145099,0.2156248866678592,0.1983667285976385,0.1538922781085606,0.1559394368467382,0.1391650183499646,0.1304021006037978,0.1285967933797495,0.1263151979717937,0.1167543646482402,0.2221225688262509,0.1166705005453712,0.1055794929637199,0.083457202738246,0.064119669870333,0.056675544542061,0.0502627527373686,0.0562914331136246,-0.7439071496450573,0.6682829884913772,0.040723376715799,0.9991704592254832,-0.4802312215328657,-0.8771419348458103,9.045820604382154,47.619251882658055,0.6689458201348977,0.1177860604048068,7.341866471312744,54.25781879459656,0.6007311596945369,0.0507048856022945,-0.2231721448935172,0.0081446753431598,-0.0864416198759158,2613.333333333333
4714,2618.8888888888887,0.3308629979301221,0.2191072135160447,0.2013518736773027,0.1550192925342783,0.1571710858390931,0.139540951221567,0.1305661952627121,0.128729214611772,0.1260449202327069,0.1168887974546837,0.1981260064330296,0.1067074157690576,0.0979435128927314,0.0803054505560613,0.06202213016855,0.0559781027500621,0.0496522820684278,0.0559850035776848,0.1604059961510714,0.9870511214718224,0.649860823081099,0.7600532288099016,-0.9721535104901126,-0.2343449424283585,9.045820604382154,47.619251882658055,0.6689458201348977,0.1177860604048068,7.341866471312744,54.25781879459656,0.5068779400501676,0.0507048856022945,0.0481217988453214,0.1299721646162198,-0.1749876318882202,2618.8888888888887
4724,2624.4444444444443,0.3376433942010126,0.2226509447880691,0.2042135676629801,0.156304140129066,0.1582541465421472,0.1396701499175127,0.1309972591810838,0.128639273423577,0.1261320020643061,0.1169217106211292,0.2096269769581585,0.116331288852025,0.1067233303288567,0.0884256609745023,0.0705758931906774,0.0640226713583765,0.0575851865001691,0.0638519287015328,0.9172426088361556,0.3983290053905731,0.980711307559158,0.1954618408426734,-0.8271446256309175,0.5619891175902691,9.045820604382154,47.619251882658055,0.6689458201348977,0.1177860604048068,7.341866471312744,54.25781879459656,0.5068779400501676,0.0584697605822755,0.2751727826508466,0.1961422615118316,-0.1488860326135651,2624.4444444444443
4734,2630.0,0.339462966728019,0.2240211429339084,0.2057712441413733,0.1571116302074736,0.1593385724994866,0.1405538034921181,0.1317461968037105,0.1286934971976671,0.1266669957026875,0.1167410177997095,0.20929425460119,0.1162002646046378,0.1063616785799673,0.0887746511999476,0.070229510882047,0.0636737404913214,0.0575913823196933,0.0638726360799435,0.8307705970382384,-0.5566149612584348,0.891596223140195,-0.4528312874373186,-0.1402108373133044,0.9901216698466416,9.153067795827436,47.619251882658055,0.6689458201348977,0.1177860604048068,7.341866471312744,54.25781879459656,0.5068779400501676,0.0584697605822755,0.2492311791114715,0.178319244628039,-0.0252379507163948,2630.0
4744,2635.555555555555,0.326566466035346,0.212226396790575,0.1983460031636539,0.1517254742358028,0.1556051732417165,0.137942241572971,0.1300721176326613,0.1277071452667085,0.1260530050716266,0.1163823777598863,0.2029183349121661,0.1135482823983216,0.1034685015210392,0.0876972957170569,0.069253518924,0.063371562903991,0.0576919804315873,0.0640153912848824,-0.0195080703817328,-0.9998096994878484,0.420676919486273,-0.9072105209991448,0.6385856581056747,0.769550750283399,9.153067795827436,51.59078715036719,0.6689458201348977,0.1177860604048068,7.341866471312744,54.25781879459656,0.5068779400501676,0.0584697605822755,-0.0058524211145198,0.0841353838972546,0.1149454184590214,2635.555555555555
4754,2641.111111111111,0.2967542523620931,0.197957983319561,0.186222601043444,0.1465040949928964,0.1507495553793393,0.135628054798714,0.1280886394240413,0.1266582503529503,0.1255026859882053,0.1160359216046991,0.1957893229573558,0.1106574366094113,0.1011442741353971,0.086724829340361,0.0682627415279769,0.0630592238474517,0.0574235054386002,0.0641450489488727,-0.8518511078588448,-0.5237840108667493,-0.2303869592859013,-0.9730990951547516,0.9989964681255096,0.0447890240210437,9.153067795827436,51.59078715036719,0.6115651652446795,0.1177860604048068,7.341866471312744,54.25781879459656,0.5068779400501676,0.0584697605822755,-0.2555553323576534,-0.0460773918571802,0.1798193642625917,2641.111111111111
4764,2646.6666666666665,0.2859456271035789,0.1828948645944416,0.1707055960723041,0.1295419293333619,0.1336612549122096,0.1179491752875347,0.1100768576297028,0.1083774969049706,0.1076304378861042,0.0977771842351935,0.195355275597462,0.1101766360321871,0.1001659714210819,0.0863153690467442,0.0681200080978945,0.0632670189715049,0.0574739012270726,0.0643321060550479,-0.9010061652831614,0.4338062817914611,-0.7827932721900868,-0.6222818437122658,0.7048892558209934,-0.7093173739787615,9.153067795827436,51.59078715036719,0.6115651652446795,0.0997108328330321,7.341866471312744,54.25781879459656,0.5068779400501676,0.0584697605822755,-0.2703018495849484,-0.1565586544380173,0.1268800660477788,2646.6666666666665
4774,2652.222222222222,0.2936892978799316,0.1858477671598077,0.1735023249849414,0.1311605731146981,0.1345501439789378,0.1183336380168393,0.1102718646098089,0.1081650310250879,0.1079499711699861,0.0980214156385829,0.2113468328678547,0.1180386488704109,0.1090475564694404,0.0903603396267989,0.072330592869322,0.0646049703589527,0.059130937204042,0.0648024956318097,-0.1217803095489896,0.9925570795708186,-0.999987561586318,-0.0049876520177435,-0.0510441354522841,-0.998696398429437,9.153067795827436,51.59078715036719,0.6115651652446795,0.0997108328330321,8.033014895922769,54.25781879459656,0.5068779400501676,0.0584697605822755,-0.0365340928646968,-0.1999975123172636,-0.0091879443814111,2652.222222222222
4784,2657.777777777778,0.3021372488734264,0.1896058469031915,0.1770029811025887,0.132747074579931,0.1354308043155266,0.1188080378305597,0.1106576557184124,0.1083091356232245,0.1080656341981346,0.0979160511563327,0.2216654905555116,0.1248477248340507,0.1137197227310528,0.093096185820928,0.0745425338152721,0.0654340592691339,0.0601744546852267,0.0650363676674706,0.7694098011658514,0.6387554758042587,-0.7889616989820717,0.6144423793483997,-0.7735346591544903,-0.633753998872391,9.153067795827436,51.59078715036719,0.6115651652446795,0.0997108328330321,8.033014895922769,51.67196502094249,0.5068779400501676,0.0584697605822755,0.2308229403497554,-0.1577923397964143,-0.1392362386478082,2657.777777777778
4794,2663.333333333333,0.3037887331886942,0.1908349506144264,0.1772500778189383,0.1331586343771724,0.1357045727558182,0.1189082309353703,0.1112059885460985,0.1082316770477798,0.1080272974174415,0.0981227057741189,0.2510690448324899,0.1378444523400987,0.1246695373755905,0.0977762058839278,0.079059677725437,0.0670317589229343,0.061519212750564,0.0655066828366708,0.9532080890038852,-0.3023149666449893,-0.2400823353555583,0.9707525288404976,-0.9892242166238672,0.1464085012726255,9.153067795827436,51.59078715036719,0.6115651652446795,0.0997108328330321,8.033014895922769,51.67196502094249,0.5841258621019859,0.0584697605822755,0.2859624267011655,-0.0480164670711116,-0.178060358992296,2663.333333333333
4804,2668.8888888888887,0.2960114281685646,0.188092891282942,0.1743779685650297,0.1319250956884205,0.1347215117162645,0.1184934941689393,0.1109016292247599,0.1077576605546454,0.1079024222829034,0.098227988842725,0.2253294369575024,0.1091463394815619,0.0954816017410336,0.0674642615300522,0.0493564120805897,0.0363212198773762,0.0311297905288558,0.0350848689402103,0.2606312557561464,-0.9654384229576604,0.4116064011950008,0.9113617122171088,-0.5567982916482541,0.8306477366595215,9.153067795827436,51.59078715036719,0.6115651652446795,0.0997108328330321,8.033014895922769,51.67196502094249,0.5841258621019859,0.0275225532280194,0.0781893767268439,0.0823212802390001,-0.1002236924966857,2668.8888888888887
4814,2674.4444444444443,0.2562894782237322,0.167023955767783,0.1486437854174497,0.1193680584598189,0.1214548285086964,0.1124118171112612,0.1047845621006376,0.105388545072096,0.1052069026401038,0.0976079442432073,0.2173515251262438,0.105223058047025,0.0921070520653142,0.066195601903634,0.0481522495798034,0.0357325864504447,0.030786696164033,0.0346988715019862,-0.6715687520712523,-0.7409422455505293,0.8870347896623972,0.4617025903420801,0.2404282390462219,0.9706669160268792,7.336454512434773,51.59078715036719,0.6115651652446795,0.0997108328330321,8.033014895922769,51.67196502094249,0.5841258621019859,0.0275225532280194,-0.2014706256213757,0.1774069579324794,0.0432770830283199,2674.4444444444443
4824,2680.0,0.2597899878703502,0.1740177073773166,0.1521451869038801,0.1227612266311336,0.1231705002997099,0.1135284088158407,0.1055911780799209,0.10587752020783,0.1055110316485345,0.097597482850831,0.2141932097925248,0.1037914715494322,0.0908710930702043,0.0653606772957818,0.0473315766239021,0.0355466564610035,0.0303740970786238,0.0346500576860841,-0.9863315463422648,0.1647728153855384,0.9826122809282642,-0.1856693441819462,0.8801320751643031,0.4747289018660834,7.336454512434773,45.8584435406906,0.6115651652446795,0.0997108328330321,8.033014895922769,51.67196502094249,0.5841258621019859,0.0275225532280194,-0.2958994639026794,0.1965224561856528,0.1584237735295745,2680.0
4834,2685.555555555555,0.2561052318546778,0.1717900947760645,0.1506529590320214,0.12230347203064,0.1227395041256693,0.1131498953083254,0.1054601392802741,0.1058928474202219,0.1057276655632632,0.0972526590850912,0.2189294441382708,0.105913311918464,0.0921454624579995,0.0660885343223113,0.0481195846392631,0.0355340252783614,0.0305737205388064,0.034805344996538,-0.3942656656071748,0.9189965097449126,0.6574101580666109,-0.7535329349609303,0.9431949284551608,-0.3322398635571356,7.336454512434773,45.8584435406906,0.5861489849280462,0.0997108328330321,8.033014895922769,51.67196502094249,0.5841258621019859,0.0275225532280194,-0.1182796996821524,0.1314820316133221,0.1697750871219289,2685.555555555555
4844,2691.111111111111,0.2979445448851384,0.2182307732529899,0.1978423910076379,0.1707299817247752,0.1715227702010989,0.1631342199554898,0.1553189503746172,0.1557985243681905,0.1552936218107207,0.1469463763712765,0.2268062634361522,0.1097090443626687,0.0953854304651923,0.0673072759858373,0.0492877406962766,0.0362790345273453,0.0310211973092296,0.0343060845370255,0.560286249837925,0.828299051214327,0.0506882557315388,-0.9987145241413556,0.3882995617362564,-0.9215332063227192,7.336454512434773,45.8584435406906,0.5861489849280462,0.1498588133219723,8.033014895922769,51.67196502094249,0.5841258621019859,0.0275225532280194,0.1680858749513774,0.0101376511463077,0.0698939211125261,2691.111111111111
4854,2696.6666666666665,0.3032679761776051,0.2198876797472627,0.2001604544418002,0.1719946220715526,0.1718717659693997,0.1630293530121749,0.155549623329779,0.1559586337026057,0.1552660891101936,0.1469791048963735,0.2112864696947515,0.1013044675726542,0.0842839840793495,0.0622109848036052,0.043593918834532,0.0343364422275368,0.0289441779731565,0.0339381655296852,0.999713571074411,-0.0239327351058917,-0.5777396491657246,-0.8162211083902849,-0.4210001690879922,-0.9070605589638886,7.336454512434773,45.8584435406906,0.5861489849280462,0.1498588133219723,7.057655825636014,51.67196502094249,0.5841258621019859,0.0275225532280194,0.2999140713223233,-0.1155479298331449,-0.0757800304358386,2696.6666666666665
4864,2702.222222222222,0.3006226342593367,0.2185184560978315,0.1997525251541056,0.1718652209870607,0.1720813920094693,0.1627100920095524,0.1548054681251287,0.1557585230243627,0.1553108981954816,0.1468805857513589,0.2113969547095221,0.1039392536384293,0.0856302895036644,0.0636684302161717,0.0442132789929056,0.0349601523362974,0.0293144673811506,0.0342424575791761,0.5200088454804753,-0.8541608751412483,-0.9587647163817546,-0.2842010179809591,-0.954470898647944,-0.2983040456215543,7.336454512434773,45.8584435406906,0.5861489849280462,0.1498588133219723,7.057655825636014,48.94758563638537,0.5841258621019859,0.0275225532280194,0.1560026536441426,-0.1917529432763509,-0.1718047617566299,2702.222222222222
4874,2707.777777777778,0.2928685645549828,0.214802922425626,0.1969508019294653,0.1705918922046112,0.1710626933696057,0.162404828837777,0.1544311408432879,0.1555103951480152,0.1549949967337331,0.1466575915214671,0.2007274137618148,0.0990928699463716,0.0823146746659414,0.0616330044476885,0.0429288448663912,0.0344111276375505,0.0288075239067577,0.0337614705647022,-0.4377896145045509,-0.8990774457364374,-0.9292223042079422,0.3695211893281394,-0.8625956686556258,0.5058939734930176,7.336454512434773,45.8584435406906,0.5861489849280462,0.1498588133219723,7.057655825636014,48.94758563638537,0.5743255127652905,0.0275225532280194,-0.1313368843513652,-0.1858444608415884,-0.1552672203580126,2707.777777777778
4884,2713.333333333333,0.2872039196631357,0.2127538504714936,0.1950779662337432,0.1697075693817724,0.1705535132159692,0.1625395889798643,0.154143242391565,0.1553891928872301,0.1548019909024485,0.1465563913575373,0.2360905144636367,0.1481208371401005,0.1334557621779406,0.1176132095282909,0.0998222798772803,0.0930849524399086,0.0876828066266386,0.0931719443135901,-0.9930863218843478,-0.1173863590295641,-0.5017632262318706,0.8650050085412134,-0.2055688799461715,0.9786426495905828,7.336454512434773,45.8584435406906,0.5861489849280462,0.1498588133219723,7.057655825636014,48.94758563638537,0.5743255127652905,0.0872141609287306,-0.2979258965653043,-0.1003526452463741,-0.0370023983903108,2713.333333333333
4894,2718.8888888888887,0.3189496931245901,0.2322278874317586,0.2182467914303936,0.1819599334710216,0.1837826731271914,0.169406340000783,0.1605011096883404,0.1585417295250157,0.1576751083806955,0.1475880363235796,0.2383068923826467,0.1495198640815871,0.1336124248989793,0.1178382483046429,0.0997790829955394,0.09316676231444,0.087620192248686,0.0931114249373289,-0.6353440447759311,0.7722292048140627,0.1405636493639599,0.9900716441134376,0.5861416048991286,0.8102086268401947,9.4332754543226,45.8584435406906,0.5861489849280462,0.1498588133219723,7.057655825636014,48.94758563638537,0.5743255127652905,0.0872141609287306,-0.1906032134327793,0.0281127298727919,0.1055054888818431,2718.8888888888887
4904,2724.4444444444443,0.3139790104694623,0.2184355388853109,0.2110910058305254,0.1741200461119741,0.1788362725042264,0.1657132734162329,0.1577425326702333,0.1569208446743523,0.1566904633063426,0.147394436705989,0.2456884254755276,0.1524346585004765,0.1360569237847282,0.1187744340390457,0.1003681293439576,0.0933055409510947,0.0875357187554843,0.0932930314858009,0.3065306170603361,0.9518607990691756,0.7226975889588242,0.6911643761892697,0.9938264637475228,0.1109457523075741,9.4332754543226,57.78145787437038,0.5861489849280462,0.1498588133219723,7.057655825636014,48.94758563638537,0.5743255127652905,0.0872141609287306,0.0919591851181008,0.1445395177917648,0.1788887634745541,2724.4444444444443
4914,2730.0,0.3159188626946568,0.2194813736990508,0.2119820278568379,0.1743317556521373,0.1788955469046496,0.166280068233222,0.1574868035032229,0.1568757768106352,0.1568290093879445,0.1474446555333699,0.25129120221528,0.1549912770017417,0.1378591910179346,0.1193636162995286,0.10105312382593,0.0933609170144884,0.0873906926814828,0.0928380359447872,0.9665824432096538,0.2563559643910324,0.9953540077499278,0.096282912586589,0.7503805605360626,-0.6610060622789965,9.4332754543226,57.78145787437038,0.5754277491409066,0.1498588133219723,7.057655825636014,48.94758563638537,0.5743255127652905,0.0872141609287306,0.2899747329628961,0.1990708015499855,0.1350685008964912,2730.0
4924,2735.555555555555,0.2472338036422481,0.1266567980537952,0.11830201379581,0.0712247976002419,0.0754740360320316,0.0585621973472058,0.0498058705631452,0.0472867437025015,0.0479708226924484,0.0376830420570944,0.2499815662472358,0.1546570026270468,0.1379370332424739,0.1194745946431801,0.1012470837713812,0.09351154341768,0.0878862712362648,0.0929104170136287,0.7379628286953362,-0.6748413617021246,0.8417744803490873,-0.5398293473247114,0.0153036895052034,-0.9998828916865856,9.4332754543226,57.78145787437038,0.5754277491409066,0.0400351713062899,7.057655825636014,48.94758563638537,0.5743255127652905,0.0872141609287306,0.2213888486086008,0.1683548960698174,0.0027546641109366,2735.555555555555
4934,2741.111111111111,0.2397558070448222,0.123078719914047,0.115460080852767,0.0696451720437523,0.0744825266914114,0.0581152596212429,0.049373396160502,0.0468985586201348,0.0485661185055631,0.0377527987222202,0.2696205196664715,0.1663612940350144,0.1540548729695837,0.1278485715794876,0.1103142138827753,0.0975766928626286,0.0917371462544672,0.0940959700334938,-0.1691364072315795,-0.9855926520367292,0.3277256733570187,-0.9447729266986268,-0.7297997841302126,-0.683660935759456,9.4332754543226,57.78145787437038,0.5754277491409066,0.0400351713062899,8.653195813054198,48.94758563638537,0.5743255127652905,0.0872141609287306,-0.0507409221694738,0.0655451346714037,-0.1313639611434382,2741.111111111111
4944,2746.6666666666665,0.2339184585432608,0.1198125664032389,0.113502190726957,0.0688165602291683,0.0736652174058168,0.0576674340994495,0.0488035970559254,0.0463074815609325,0.0482779417713172,0.0378810895642106,0.2613514178135628,0.1611909107071126,0.150387005168697,0.126433277395697,0.1086321785712517,0.0967809151716416,0.090869726621012,0.0939356904540597,-0.920732410362226,-0.3901946033821656,-0.3266636169073848,-0.945140667514093,-0.9967563106618248,0.0804789236746341,9.4332754543226,57.78145787437038,0.5754277491409066,0.0400351713062899,8.653195813054198,49.87666677828318,0.5743255127652905,0.0872141609287306,-0.2762197231086677,-0.0653327233814769,-0.1794161359191284,2746.6666666666665
4954,2752.222222222222,0.235824336282025,0.1202120147212021,0.113553690462349,0.0692858095297686,0.0737801828231516,0.057541676592464,0.0487037892746452,0.0462677554114445,0.0481424218646594,0.0373305574967321,0.2860866176155119,0.1722515640598317,0.1593233227049676,0.1304426946159475,0.111991828185064,0.0980877707149265,0.0916367651613033,0.0943340530505019,-0.8258112815809584,0.5639465641473622,-0.8411672235307347,-0.5407750937844632,-0.6106625111819414,0.791890963098434,9.4332754543226,57.78145787437038,0.5754277491409066,0.0400351713062899,8.653195813054198,49.87666677828318,0.6371082294236313,0.0872141609287306,-0.2477433844742875,-0.1682334447061469,-0.1099192520127494,2752.222222222222
4964,2757.777777777778,0.2442182500275202,0.1233129846868034,0.1165003493492466,0.070483234748792,0.0750709921285205,0.0580065391155572,0.0489493632456271,0.0464603697132006,0.0479475844782004,0.0372156425810055,0.2468090514599495,0.1123850615716033,0.0967154179415098,0.0600363931746755,0.0408259625185185,0.023815908281152,0.0171719505346798,0.0184521436356039,0.028356931061995,0.9995978613726348,-0.9954615934044352,0.0951641532127677,0.1755224116193714,0.9844754354575436,9.4332754543226,57.78145787437038,0.5754277491409066,0.0400351713062899,8.653195813054198,49.87666677828318,0.6371082294236313,0.0109937134244479,0.0085070793185985,-0.199092318680887,0.0315940340914868,2757.777777777778
4974,2763.333333333333,0.2472632866666544,0.1246230841002934,0.1158565296443391,0.0701707670352976,0.0744902822314804,0.0576716332275541,0.048514105813392,0.0463164912501956,0.0475798941827366,0.0371103759301134,0.2548974185724277,0.1156279984392847,0.0993241953942961,0.0617865861531223,0.0414851430421492,0.0245328414033946,0.0173998807328047,0.0185868410374483,0.8564539120612674,0.5162234947335803,-0.7234739461677769,0.6903516851695407,0.8467093485496042,0.5320557105028615,9.172984630035996,57.78145787437038,0.5754277491409066,0.0400351713062899,8.653195813054198,49.87666677828318,0.6371082294236313,0.0109937134244479,0.2569361736183802,-0.1446947892335554,0.1524076827389287,2763.333333333333
4984,2768.8888888888887,0.262587034020277,0.1468044205775882,0.1284356381227629,0.0817525302825317,0.081658399260026,0.0630244185462216,0.0516466949183706,0.0484895294480596,0.0494148903487875,0.0378312072992854,0.2559266026547487,0.1159554757063909,0.10003800921774,0.0621794297011436,0.0413366423937711,0.0242759177161058,0.0172577528841639,0.0184204973896516,0.8971311160509818,-0.4417643722768053,-0.1416763221901709,0.9899130364484888,0.9631530546693372,-0.2689538869046601,9.172984630035996,46.25930325233851,0.5754277491409066,0.0400351713062899,8.653195813054198,49.87666677828318,0.6371082294236313,0.0109937134244479,0.2691393348152945,-0.0283352644380341,0.1733675498404807,2768.8888888888887
4994,2774.4444444444443,0.2633479114993016,0.1480922191022985,0.1288353660706214,0.0821653878332248,0.0815777682542968,0.0629728253243879,0.0517563715093838,0.0480669516241407,0.0495132488061279,0.0377823390790352,0.249111695584292,0.1124896128537321,0.0979921218538346,0.0610801723432255,0.0410761703010535,0.0237792837459231,0.0170386693030575,0.0184081456526851,0.112990109275541,-0.9935961127167826,0.500790712641848,0.8655684040742649,0.4485624652217428,-0.8937514837997154,9.172984630035996,46.25930325233851,0.5989053914574938,0.0400351713062899,8.653195813054198,49.87666677828318,0.6371082294236313,0.0109937134244479,0.0338970327826623,0.1001581425283696,0.0807412437399137,2774.4444444444443
