source_row_index,time,X1A,Y1A,X2A,Y2A,X3A,Y3A,X4A,Y4A,X5A,Y5A,X1B,Y1B,X2B,Y2B,X3B,Y3B,X4B,Y4B,s1,c1,s2,c2,s3,c3,L_A,G_A,X0_A,Y6_A,L_B,G_B,X0_B,Y5_B,H1,H2,H3,time_hours
4,2.2222222222222223,0.261787512542769,0.1455535198173442,0.1365090851361246,0.0937828189685256,0.0797046705044958,0.0637022674764968,0.0611949365617152,0.0609601464320435,0.0649321115294525,0.0565265014459652,0.2459094405412836,0.144874324190087,0.113382464348939,0.0891662168635848,0.072523820058903,0.0470918304154573,0.0721969488351557,0.0609725856693469,0.3894183423086505,0.9210609940028852,0.7621752729138397,0.6473707232789524,0.9992983441292992,0.0374542310085335,8.0,50.0,0.6,0.05,7.5,50.0,0.6,0.05,0.1168255026925951,0.1524350545827679,0.1798737019432738,2.2222222222222223
14,7.777777777777778,0.2658810790131487,0.1430893323069651,0.1416316962692696,0.0881928060159318,0.0786518838971446,0.0639080472071148,0.0653185758562083,0.0601380978025784,0.0565772765514232,0.0573721446750439,0.2550987067185589,0.1288416929658106,0.1148528398300941,0.0739682710353833,0.0729133640800588,0.0663383151415322,0.0602877137748076,0.0471777060103458,0.98544972998846,0.169967142900241,0.9992983441292992,0.0374542310085335,0.6996631969312388,-0.7144728202387818,8.400305493134933,50.0,0.6,0.05,7.5,50.0,0.6,0.05,0.295634918996538,0.1998596688258598,0.125939375447623,7.777777777777778
24,13.333333333333332,0.2559327749297772,0.1313087932292706,0.1230595136177322,0.0849296107998996,0.0760112184567434,0.0533663132405787,0.0490106883109236,0.0529449415236183,0.0469914487521655,0.0521705887163694,0.2390173731229949,0.1321856867704886,0.1095139042479383,0.0763809567636902,0.0700415687052075,0.0618333327057013,0.0635045556269397,0.0512612639118849,0.675463180551151,-0.7373937155412454,0.8084964038195901,-0.5885011172553458,-0.05837414342758,-0.9982947757947532,8.400305493134933,57.94427601939151,0.6,0.05,7.5,50.0,0.6,0.05,0.2026389541653452,0.161699280763918,-0.0105073458169644,13.333333333333332
34,18.88888888888889,0.2594704674628606,0.1356073490948308,0.1304277861957384,0.0866957873162025,0.0748545038234059,0.0624024852089873,0.0610132270855702,0.0477724978241356,0.0421651467594216,0.0410810303722773,0.2409989012839353,0.1313855261517355,0.107965505747847,0.0739923885688347,0.0697622261845661,0.0568993583390648,0.0566205352060016,0.0635368478752084,-0.2555411020268312,-0.9667981925794612,0.2714757041622825,-0.9624452930164876,-0.7781661744883689,-0.6280584406583017,8.400305493134933,57.94427601939151,0.6551371380490387,0.05,7.5,50.0,0.6,0.05,-0.0766623306080493,0.0542951408324565,-0.1400699114079064,18.88888888888889
44,24.444444444444443,0.2567579962642228,0.1079201461844515,0.1091168151896203,0.0707666504768246,0.0575553241490268,0.0505234530222757,0.0408466963581585,0.0430167436810376,0.0398237573377386,0.0326138474191058,0.2280727013939607,0.1273563246228072,0.1185627976694725,0.0762996538235653,0.0677995037722045,0.0750484805309191,0.0486613629241849,0.0510407461735848,-0.9516020738895158,-0.3073328699784202,-0.3817978087964113,-0.9242458726974436,-0.9881227838869232,0.1536664047980449,8.400305493134933,57.94427601939151,0.6551371380490387,0.0337810784985887,7.5,50.0,0.6,0.05,-0.2854806221668547,-0.0763595617592822,-0.1778621010996462,24.444444444444443
54,30.0,0.2549459976586172,0.1208528330440461,0.1163919172610755,0.062452121705997,0.053261458241876,0.0477112086955259,0.0497437923168811,0.0296535262197045,0.0275421605466211,0.0324571959192032,0.2122946824349954,0.1246262326725282,0.099534243470947,0.0766441818290821,0.06573271965871,0.0575814021478004,0.0584100060274286,0.0506812130282701,-0.7727644875559877,0.6346928759426339,-0.8715757724135877,-0.4902608213407002,-0.5506855425976376,0.8347127848391598,8.400305493134933,57.94427601939151,0.6551371380490387,0.0337810784985887,6.9004988547336765,50.0,0.6,0.05,-0.2318293462667963,-0.1743151544827175,-0.0991233976675747,30.0
64,35.55555555555556,0.2584038688052608,0.1231672026806855,0.1196136518120857,0.0640370772740823,0.0621347111409534,0.0379943149159993,0.0508084809879005,0.0393739693806979,0.0343573296745057,0.0277498981257903,0.2203495238714638,0.1196740411483603,0.11355730565578,0.0791550892538359,0.0636128920441141,0.0533565791093036,0.0493139856167526,0.0533765409293484,0.1165492048504936,0.9931849187581926,-0.9881227838869232,0.1536664047980449,0.2475473809225765,0.9688757888389888,8.400305493134933,57.94427601939151,0.6551371380490387,0.0337810784985887,6.9004988547336765,57.47106890792524,0.6,0.05,0.034964761455148,-0.1976245567773846,0.0445585285660637,35.55555555555556
74,41.11111111111111,0.2663292002496158,0.1206347884465922,0.1201139949547213,0.0729457411823765,0.0531803364131175,0.0458245225351064,0.0434921239413645,0.0360451034513738,0.0391457627480749,0.0337416473256363,0.1940710226521755,0.112122454138098,0.0896810985398073,0.064944568011821,0.0611877042919454,0.0507712342098088,0.0510702713023084,0.0581125513264387,0.8987080958116269,0.4385473275743903,-0.6815304434667846,0.7317897612210544,0.883593322443704,0.4682551019827723,8.400305493134933,57.94427601939151,0.6551371380490387,0.0337810784985887,6.9004988547336765,57.47106890792524,0.501053060913115,0.05,0.269612428743488,-0.1363060886933569,0.1590467980398667,41.11111111111111
84,46.66666666666666,0.2641556981538413,0.1160386061773171,0.1115684922264848,0.0564421319617383,0.0640811714496796,0.049308050824612,0.0440556166129622,0.0268059975643012,0.034492681766931,0.0379675832742462,0.2483242993794099,0.1737497123077413,0.1643003831657906,0.1316507365857405,0.1350383538546275,0.1281784656696959,0.1207279203533792,0.1206213162787354,0.8545989080882814,-0.5192886541166841,-0.0830894028174972,0.9965420970232174,0.9407305566797732,-0.3391548609838345,8.400305493134933,57.94427601939151,0.6551371380490387,0.0337810784985887,6.9004988547336765,57.47106890792524,0.501053060913115,0.1231842627574149,0.2563796724264844,-0.0166178805634994,0.1693315002023591,46.66666666666666
94,52.22222222222222,0.2689453204473324,0.1238257011169505,0.1197195643397536,0.0631137851940325,0.0712923704332044,0.0519445455990933,0.0434616551264186,0.0391352698920717,0.0451436517912106,0.0272298414801303,0.2404635055536306,0.1712244365068221,0.1622704432128938,0.1346641918037661,0.1242836219850778,0.1236272120938335,0.1313766077130675,0.1210702056577351,0.0247754254533577,-0.9996930420352064,0.5509326371071146,0.8345497165359296,0.3815241669453948,-0.9243588643144082,8.950622172006547,57.94427601939151,0.6551371380490387,0.0337810784985887,6.9004988547336765,57.47106890792524,0.501053060913115,0.1231842627574149,0.0074326276360073,0.1101865274214229,0.068674350050171,52.22222222222222
104,57.77777777777777,0.2691217941946476,0.152194408664396,0.1282693047878662,0.0788208076363133,0.0694730365112271,0.0474642067310928,0.0441630940144453,0.0403870983597818,0.0391071683951319,0.0390310823568921,0.2325424033872996,0.1725646074580118,0.1627454926301949,0.1246444795620209,0.1265748661199592,0.124897233226854,0.1269095843218254,0.1267984140120798,-0.8278264690856537,-0.5609842574272288,0.9490312849149584,0.3151818843979825,-0.4276475141444285,-0.9039455755995992,8.950622172006547,49.358699056874414,0.6551371380490387,0.0337810784985887,6.9004988547336765,57.47106890792524,0.501053060913115,0.1231842627574149,-0.2483479407256961,0.1898062569829917,-0.0769765525459971,57.77777777777777
114,63.33333333333333,0.2356458575664175,0.1239571508505355,0.1127897364452377,0.0661003431795634,0.0626741126494438,0.0502121056692351,0.0482578113238756,0.0337612619279768,0.0333136640992893,0.0325700517502622,0.2415276611276283,0.1629267004575591,0.1636719301766205,0.1358125936568444,0.142290112098907,0.1313731302663702,0.1280227882552146,0.12403733433584,-0.9193285256646756,0.3934908663478909,0.9407305566797732,-0.3391548609838345,-0.956635016270188,-0.2912892817213455,8.950622172006547,49.358699056874414,0.5606064853638627,0.0337810784985887,6.9004988547336765,57.47106890792524,0.501053060913115,0.1231842627574149,-0.2757985576994027,0.1881461113359546,-0.1721943029286338,63.33333333333333
124,68.88888888888889,0.2464504142322522,0.1303820152325321,0.1318642028993672,0.080763500043029,0.0817763738789387,0.0481899211416052,0.0453343210246867,0.0451700406306174,0.0525612993463765,0.0502570562823026,0.2435107425774986,0.1722430056081762,0.1605084901000129,0.1340700991637573,0.1359488561442937,0.1269189849363373,0.1294679302896505,0.128034498931937,-0.1656041754483111,0.9861923022788632,0.529585035721523,-0.8482568537535274,-0.8588586819729085,0.5122126164004147,8.950622172006547,49.358699056874414,0.5606064853638627,0.041763841815116,6.9004988547336765,57.47106890792524,0.501053060913115,0.1231842627574149,-0.0496812526344933,0.1059170071443046,-0.1545945627551235,68.88888888888889
134,74.44444444444444,0.2517795007116877,0.1349223724478032,0.1290831462451604,0.083706707977733,0.0698950642614764,0.0518429926297941,0.0568349442918631,0.0499878945115601,0.0488578271114088,0.0425694384128995,0.2519643732536642,0.1697172206755985,0.1574087692738942,0.131604929627411,0.1378867410531177,0.124910502781903,0.128422946617246,0.1284843192055479,0.7403758899524474,0.6721930835534694,-0.1083422905364747,-0.9941136494794296,-0.1983791711210513,0.9801253514042604,8.950622172006547,49.358699056874414,0.5606064853638627,0.041763841815116,6.764608762962374,57.47106890792524,0.501053060913115,0.1231842627574149,0.2221127669857342,-0.0216684581072949,-0.0357082508017892,74.44444444444444
144,80.0,0.2590998759046009,0.1411522077665637,0.1268124962399427,0.0803156668415518,0.0772432229812633,0.0491298845195264,0.0534106733446252,0.0481156964087445,0.0482016670488579,0.04657970042259,0.2493831907286907,0.1828284479903253,0.1688463125411981,0.1407044485375681,0.1312207261388954,0.1267008877003382,0.1258734848087369,0.1299072865541033,0.965657776549278,-0.2598173562137541,-0.6998746875935423,-0.7142656520272002,0.592073514707223,0.8058839576404507,8.950622172006547,49.358699056874414,0.5606064853638627,0.041763841815116,6.764608762962374,48.901526117652935,0.501053060913115,0.1231842627574149,0.2896973329647834,-0.1399749375187084,0.1065732326473001,80.0
154,85.55555555555556,0.2490899111597714,0.132641043097537,0.1220009220957964,0.0875547275048988,0.0610243653472281,0.0580298131904262,0.0488533162456219,0.0556331563359271,0.0492329121306877,0.0429650400553595,0.2888251921146004,0.1931057263321353,0.1675245724284689,0.1496797422342338,0.1444187294917711,0.1309368977459211,0.1297757278118605,0.1175342420266461,0.3031183567457022,-0.9529529168871804,-0.9917029117035484,-0.1285509039980052,0.9946141324939038,0.10364712945084,8.950622172006547,49.358699056874414,0.5606064853638627,0.041763841815116,6.764608762962374,48.901526117652935,0.6009096517915906,0.1231842627574149,0.0909355070237106,-0.1983405823407096,0.1790305438489026,85.55555555555556
164,91.1111111111111,0.2307120079802124,0.1311994143473467,0.1206592944408205,0.0788869260470142,0.0728931929530158,0.0475321142015444,0.0522180148790874,0.0506234106132306,0.0435685248754229,0.0408519229575227,0.2351063130148802,0.1470349887344062,0.1360162010032365,0.1047557911071314,0.105763116507588,0.0921090645643774,0.0897286264938455,0.0920193649325546,-0.6381066823479474,-0.7699479605420717,-0.8588586819729076,0.5122126164004163,0.7455079269466744,-0.6664967598268366,8.950622172006547,49.358699056874414,0.5606064853638627,0.041763841815116,6.764608762962374,48.901526117652935,0.6009096517915906,0.0830246028111738,-0.1914320047043842,-0.1717717363945815,0.1341914268504014,91.1111111111111
174,96.66666666666666,0.2467968880228097,0.1395279481565522,0.1307719445953736,0.0803551428890714,0.0643428099676381,0.0564865565914294,0.0635878582973586,0.0527761138070871,0.0411476938741314,0.036130823073321,0.2380877594549255,0.146657619160771,0.1320193560553489,0.1028860956661856,0.0885225086253079,0.0915643531585354,0.0807359019689442,0.0831245840586717,-0.9926593804706332,0.1209435999284741,-0.3582292822368287,0.9336336440746372,0.0079631837859373,-0.99996829334934,9.585600906990056,49.358699056874414,0.5606064853638627,0.041763841815116,6.764608762962374,48.901526117652935,0.6009096517915906,0.0830246028111738,-0.2977978141411899,-0.0716458564473657,0.0014333730814687,96.66666666666666
184,102.2222222222222,0.2512884682308484,0.1225208989414357,0.1244735009248977,0.0707924855144937,0.0723880096002826,0.0514827538761484,0.0623215161525787,0.0480059597648861,0.0407051205530336,0.0393791269533183,0.2436746767980893,0.15465236836954,0.1422619210583986,0.1077640765772827,0.0971897449955393,0.0960658852450314,0.0874344990106449,0.0809894335698582,-0.4345656220718935,0.90064017238477,0.295803023278522,0.9552489578216172,-0.7347988423875798,-0.678285088459029,9.585600906990056,55.85323838427506,0.5606064853638627,0.041763841815116,6.764608762962374,48.901526117652935,0.6009096517915906,0.0830246028111738,-0.130369686621568,0.0591606046557044,-0.1322637916297643,102.2222222222222
194,107.77777777777776,0.2675019008347193,0.1328665709576643,0.1271805569138112,0.0812173253433412,0.0805252451598708,0.0627071198855855,0.0574156497762755,0.037731757208042,0.0484455423331415,0.0460064020264119,0.2487971883916061,0.1617367391494339,0.1331488491665926,0.1081918675317861,0.0947364160812321,0.0903327717848983,0.0950293344972249,0.0893549868346658,0.5230657651576964,0.8522923238654644,0.8231649376246212,0.5678023295702946,-0.9961386609048648,0.0877938964317145,9.585600906990056,55.85323838427506,0.6244358458882325,0.041763841815116,6.764608762962374,48.901526117652935,0.6009096517915906,0.0830246028111738,0.1569197295473089,0.1646329875249242,-0.1793049589628756,107.77777777777776
204,113.33333333333331,0.3393621169074279,0.2322791742858628,0.232481249120425,0.1835075740789884,0.1761546995044861,0.166662295119961,0.164767234149833,0.1499836199508782,0.1541556166789202,0.1485976311373206,0.250707631054791,0.1581089032931044,0.1435883581856264,0.1023428182825399,0.1043348405483614,0.0914924826682003,0.0901303120012275,0.0856324580409381,0.9997929001426692,0.0203508433316829,0.9980266527163616,-0.0627917229240817,-0.6048328224062841,0.7963524702919231,9.585600906990056,55.85323838427506,0.6244358458882325,0.1483440221522827,6.764608762962374,48.901526117652935,0.6009096517915906,0.0830246028111738,0.2999378700428007,0.1996053305432723,-0.1088699080331311,113.33333333333331
214,118.88888888888889,0.3392402335857542,0.2376619834786472,0.2265251808965365,0.1754181935764571,0.1719585135615562,0.1657521016869281,0.1517710124716362,0.1597338936401689,0.1482424163415839,0.1535276920166696,0.2568463187992242,0.1590283438479385,0.1472834711105506,0.1056490038388353,0.1049366880584812,0.0817276720360008,0.0802081806622444,0.0854458129954196,0.5573150535176614,-0.8303011087085252,0.7455079269466744,-0.6664967598268366,0.1827446700862667,0.983160406828439,9.585600906990056,55.85323838427506,0.6244358458882325,0.1483440221522827,6.645926094706796,48.901526117652935,0.6009096517915906,0.0830246028111738,0.1671945160552984,0.1491015853893349,0.032894040615528,118.88888888888889
224,124.44444444444444,0.3339872797332149,0.2349266327645709,0.2250963307798001,0.184404637489911,0.1745666439502038,0.1591933969758507,0.1573058999917042,0.1560841987411945,0.1474091643790262,0.1455804168665155,0.249865184436715,0.1645396681584242,0.1398705983200011,0.1111448111318936,0.0963360217206428,0.0948716072040266,0.085192156283464,0.0820541385531169,-0.3975556831214329,-0.9175780505318611,0.1737437124748847,-0.9847909028699668,0.8505923298201333,0.5258257206063217,9.585600906990056,55.85323838427506,0.6244358458882325,0.1483440221522827,6.645926094706796,43.20424067715689,0.6009096517915906,0.0830246028111738,-0.1192667049364298,0.0347487424949769,0.153106619367624,124.44444444444444
234,130.0,0.3208540317183172,0.2321971505935972,0.2308144812536083,0.1746817327508876,0.1758449716452879,0.1611219693224053,0.1571717722243957,0.1442573321574307,0.1548882759040659,0.1495878038498531,0.2497253818559774,0.1642565418378546,0.1369308208301957,0.0984307962998032,0.0977296560962061,0.0913073170905319,0.0871692919684982,0.0769079440570439,-0.9869155581206488,-0.1612379643241888,-0.4724219863984661,-0.8813724903622346,0.9611527245021164,-0.276017101249467,9.585600906990056,55.85323838427506,0.6244358458882325,0.1483440221522827,6.645926094706796,43.20424067715689,0.6225079208546062,0.0830246028111738,-0.2960746674361946,-0.0944843972796932,0.1730074904103809,130.0
244,135.55555555555554,0.3359377544681862,0.2231673196331963,0.2180347695335379,0.1774398648916079,0.1732077115758745,0.1550236199214048,0.1567282507955155,0.1511269780115718,0.1544145995914752,0.1539856333664162,0.1951332216220517,0.1059988243650655,0.0637825424544723,0.0387904727360927,0.0252788625248773,0.0131213456965622,0.0123240207535511,0.0085720974612546,-0.6689098203780243,0.743343562696173,-0.9162845541178744,-0.400527921479899,0.4419893909578907,-0.897020277519228,9.585600906990056,55.85323838427506,0.6244358458882325,0.1483440221522827,6.645926094706796,43.20424067715689,0.6225079208546062,0.0065913011942075,-0.2006729461134072,-0.1832569108235748,0.0795580903724203,135.55555555555554
254,141.11111111111111,0.2947290811089803,0.206412150859881,0.1854044713258644,0.1638050976991172,0.167442031554101,0.1486937859126545,0.147940435716529,0.1488294122975905,0.1579159538017528,0.151459910889789,0.2120093017413616,0.1028691117370592,0.0814830570984466,0.0335354877598026,0.0251225993677264,0.0173463514348682,0.0124673437216126,0.0041740619869632,0.2640885213844694,0.9644984462781496,-0.9677707302573794,0.2518329082091905,-0.3667545680323215,-0.930317734339954,6.514176892075508,55.85323838427506,0.6244358458882325,0.1483440221522827,6.645926094706796,43.20424067715689,0.6225079208546062,0.0065913011942075,0.0792265564153408,-0.1935541460514759,-0.0660158222458178,141.11111111111111
264,146.66666666666666,0.3082712146333226,0.2125101942503347,0.1931805070918334,0.1634246729470764,0.1575596347980877,0.1480789122428488,0.1532611166418792,0.1493007543598502,0.1527235421672435,0.1514647711293529,0.2211898797219561,0.1002988357664715,0.069781935912972,0.0336375710813863,0.0201880564862547,0.0212483876609243,0.0139131596100662,0.0189929688421882,0.9542850944926968,0.2988979063644716,-0.6048328224062841,0.7963524702919231,-0.9352099151945376,-0.3540937933963622,6.514176892075508,50.297776405427406,0.6244358458882325,0.1483440221522827,6.645926094706796,43.20424067715689,0.6225079208546062,0.0065913011942075,0.286285528347809,-0.1209665644812568,-0.1683377847350167,146.66666666666666
274,152.2222222222222,0.2919163392811909,0.2080397750794902,0.1898862307824085,0.1648897461686622,0.1668800102387751,0.1441468913635173,0.152551974497066,0.1411317825987513,0.1550727102558906,0.1586759647259137,0.2203280258716002,0.1017345084098889,0.0824653295213023,0.037625980952794,0.025939757667349,0.018905001142462,0.0107418331355759,0.0046845505600417,0.7671163526355301,-0.641507990222383,0.0171099101996514,0.9998536147721624,-0.8909386274970502,0.4541237298728974,6.514176892075508,50.297776405427406,0.5932412050650578,0.1483440221522827,6.645926094706796,43.20424067715689,0.6225079208546062,0.0065913011942075,0.230134905790659,0.0034219820399302,-0.160368952949469,152.2222222222222
284,157.77777777777777,0.2783393742082061,0.2030351981365537,0.1807081859469882,0.1530507447980457,0.1503781285239709,0.1418014731475359,0.1421959487942724,0.1430257791373605,0.1399626188684203,0.1444990693659237,0.2069581687850191,0.1042570215037327,0.0702452409738275,0.0441207029767655,0.0272285679740728,0.0174420560623109,0.0236356299411897,0.0055102430542278,-0.1253356260964291,-0.9921143990644506,0.6317257433241713,0.7751919666905245,-0.2629461685166028,0.9648105059867654,6.514176892075508,50.297776405427406,0.5932412050650578,0.1375751659789278,6.645926094706796,43.20424067715689,0.6225079208546062,0.0065913011942075,-0.0376006878289287,0.1263451486648342,-0.0473303103329885,157.77777777777777
294,163.33333333333331,0.270629008620516,0.18563921236156,0.1772488325174001,0.1519404477932106,0.1497777222189314,0.1390862693441523,0.143891231788781,0.1336558973326085,0.1295293052861255,0.1386263126840732,0.232992850015955,0.1122022153741383,0.0916195348637763,0.0472946388644754,0.0275936203497774,0.0230807424685331,0.018705366630264,0.0118926084596511,-0.902554608210187,-0.4305754047766267,0.9758205177669764,0.2185733677852591,0.5373221810064718,0.843377065018043,6.514176892075508,50.297776405427406,0.5932412050650578,0.1375751659789278,7.887678763473032,43.20424067715689,0.6225079208546062,0.0065913011942075,-0.270766382463056,0.1951641035533952,0.0967179925811649,163.33333333333331
304,168.88888888888889,0.2755089778287936,0.1976139690530301,0.1768167935042278,0.1540381221571487,0.1383277957590563,0.1416314510696762,0.1380531472480597,0.1365055149043268,0.1401197703407434,0.1354752759031791,0.2170080958028753,0.1060812031175897,0.078667001667589,0.0381905477035568,0.0309920124986079,0.0196915592462515,0.0156607513404256,0.0150336389451409,-0.8499690458793281,0.5268326309626091,0.9020440841114932,-0.4316439161154221,0.9855501955689284,0.1693836238071637,6.514176892075508,50.297776405427406,0.5932412050650578,0.1375751659789278,7.887678763473032,50.28235293199028,0.6225079208546062,0.0065913011942075,-0.2549907137637984,0.1804088168222986,0.1773990352024071,168.88888888888889
314,174.44444444444443,0.2733849650058659,0.2020795124622641,0.1816358731372896,0.1568698844229918,0.1380089208386186,0.1386813211907462,0.138306405997711,0.1423607744884034,0.1517232955775866,0.1285011667291116,0.2183187738207777,0.09748502435266,0.079983969370995,0.0429167832131006,0.0295866164039951,0.0194325349516816,0.0221747323824095,0.0164387322465991,-0.0159258626000982,0.9998731754079828,0.4419893909578875,-0.8970202775192296,0.7880698563115249,-0.6155858198278551,6.514176892075508,50.297776405427406,0.5932412050650578,0.1375751659789278,7.887678763473032,50.28235293199028,0.5993746870787008,0.0065913011942075,-0.0047777587800294,0.0883978781915775,0.1418525741360745,174.44444444444443
324,180.0,0.2828001550250151,0.2037655312025534,0.1872062671832563,0.1495065210051498,0.1482932178260226,0.141706126594743,0.1487960224450537,0.1393080001865789,0.1356939202672582,0.14226709736893,0.2419655434173756,0.1320300395712014,0.1025936531379109,0.0603002538832754,0.0683159803023774,0.0396300786393489,0.0438002195969811,0.044070637609963,0.8327594853077798,0.5536349335346549,-0.2073364206067587,-0.9782697014065076,0.0742654455843613,-0.9972385088794736,6.514176892075508,50.297776405427406,0.5932412050650578,0.1375751659789278,7.887678763473032,50.28235293199028,0.5993746870787008,0.0371272383040996,0.2498278455923339,-0.0414672841213517,0.013367780205185,180.0
334,185.55555555555557,0.2851724025262214,0.1948210912976739,0.1802994329226417,0.1541874504893562,0.1528495230060071,0.1470422291589075,0.1469549022713159,0.1459026027760266,0.1367398658705347,0.1379420759775101,0.2458808390673862,0.1237188294939178,0.1137200727633873,0.0698275459164104,0.0592479377137297,0.0444794603050888,0.0450719533340582,0.0476463222655855,0.915809602890819,-0.4016127130121261,-0.767875494257776,-0.6405991143596564,-0.6881958664651078,-0.7255249474555231,6.437740881736019,50.297776405427406,0.5932412050650578,0.1375751659789278,7.887678763473032,50.28235293199028,0.5993746870787008,0.0371272383040996,0.2747428808672457,-0.1535750988515552,-0.1238752559637194,185.55555555555557
344,191.11111111111111,0.278184394674962,0.2012868570189133,0.1918044788342591,0.1616521029233619,0.1571863791537397,0.141763780108984,0.1367050105382048,0.1375098583798612,0.1454986121507799,0.1339802376031006,0.2317663986327064,0.1260228757181738,0.1100374458346158,0.0733807437633852,0.0572143332877684,0.0408123763974354,0.0530980066618327,0.0339670908413968,0.15686859504841,-0.9876194833474772,-0.9995907169932172,-0.0286076650739901,-0.999768099461336,0.0215347927658558,6.437740881736019,43.84804287970621,0.5932412050650578,0.1375751659789278,7.887678763473032,50.28235293199028,0.5993746870787008,0.0371272383040996,0.047060578514523,-0.1999181433986434,-0.1799582579030404,191.11111111111111
354,196.66666666666663,0.2913652111262281,0.2038999960638851,0.1872961311418481,0.1637449717742985,0.1501560579054087,0.1457136739545518,0.1488383769674406,0.1345153455928784,0.140284847545301,0.1378049546254928,0.2309086903194997,0.1223169991094931,0.1121193577215571,0.0680901143051811,0.0584891288094204,0.0444467749494978,0.0477998122752858,0.0463375355480922,-0.7462966756449163,-0.6656134553337595,-0.8032557266939547,0.5956343152752086,-0.6563167561777931,0.7544854641146238,6.437740881736019,43.84804287970621,0.6384064241763678,0.1375751659789278,7.887678763473032,50.28235293199028,0.5993746870787008,0.0371272383040996,-0.2238890026934749,-0.1606511453387909,-0.1181370161120027,196.66666666666663
364,202.2222222222222,0.2258079353226788,0.1112871488560241,0.0884162621940567,0.0542211966678674,0.0493751451296221,0.0358099272859076,0.0337927253432511,0.0323111287555824,0.0310913042560659,0.0462012000675918,0.2344157601317894,0.1239206521879054,0.1012240054840542,0.0689334346509601,0.0703142397055961,0.04728075792479,0.0441967330440019,0.0407236346945209,-0.9633202244737608,0.2683545138800967,-0.2629461685165993,0.9648105059867664,0.1171372537596939,0.99311573534087,6.437740881736019,43.84804287970621,0.6384064241763678,0.0300910085980492,7.887678763473032,50.28235293199028,0.5993746870787008,0.0371272383040996,-0.2889960673421282,-0.0525892337033198,0.0210847056767449,202.2222222222222
374,207.77777777777777,0.2104113702356509,0.1187249642465306,0.0904590753847641,0.063687095889609,0.0517680575921213,0.0482990201829795,0.0316497722612643,0.0365090811819796,0.0392920345822847,0.0315201436692792,0.2203475658467214,0.1200451259079785,0.1012876251730875,0.0622461529058785,0.0538810391409935,0.0483608868666562,0.0361392337123213,0.0349617852178892,-0.2946716015002576,0.9555985806128394,0.3899636384793438,0.9208302561623134,0.8138458035103572,0.5810808963548716,6.437740881736019,43.84804287970621,0.6384064241763678,0.0300910085980492,7.10860893180662,50.28235293199028,0.5993746870787008,0.0371272383040996,-0.0884014804500772,0.0779927276958687,0.1464922446318642,207.77777777777777
384,213.3333333333333,0.2274123573032259,0.1215293165559111,0.0902640336372864,0.0640745601617793,0.0457997042570274,0.032515799812107,0.0299241945297374,0.027136478052186,0.0238542535071627,0.0269222034847768,0.2394836211039116,0.1447478497158458,0.1161557133007645,0.0708495413143632,0.0667292260794939,0.0509774233117918,0.0417314812379309,0.0394559175540697,0.6448967329448674,0.7642697192987803,0.875881079810891,0.4825270293251016,0.9773425123922588,-0.2116639163173255,6.437740881736019,43.84804287970621,0.6384064241763678,0.0300910085980492,7.10860893180662,40.07468484104152,0.5993746870787008,0.0371272383040996,0.1934690198834602,0.1751762159621782,0.1759216522306065,213.3333333333333
394,218.88888888888889,0.2357855538080783,0.1249668977165372,0.0886767823950587,0.061808254727309,0.0518619835454346,0.0383174704869901,0.0271878048652862,0.0299900433721475,0.0331847008077913,0.0306214615986806,0.2741895831813173,0.1492727789602489,0.1190663306465499,0.0756016987168743,0.0712473976800667,0.0446430449582054,0.0384923562873104,0.042332841970361,0.9915499852141412,-0.1297251973281856,0.9867239266785252,-0.1624065655080247,0.500508340480548,-0.8657317142795496,6.437740881736019,43.84804287970621,0.6384064241763678,0.0300910085980492,7.10860893180662,40.07468484104152,0.6660095459603491,0.0371272383040996,0.2974649955642423,0.197344785335705,0.0900915012864986,218.88888888888889
404,224.44444444444443,0.2258503282276585,0.1152340425660665,0.097526109425729,0.0678203432230507,0.0517969520036966,0.0450995107006706,0.0430707665493112,0.0312250161403813,0.0301839707315765,0.0354140599877045,0.25436012618469,0.130507257741109,0.1029264298228987,0.0620285050373412,0.0556189394487889,0.0299817007817179,0.0310387600586874,0.0309429352778981,0.4265767538445731,-0.9044513657900166,0.6750264479500299,-0.7377935311236916,-0.304246639582638,-0.9525932932278456,6.437740881736019,43.84804287970621,0.6384064241763678,0.0300910085980492,7.10860893180662,40.07468484104152,0.6660095459603491,0.0231691621592159,0.1279730261533719,0.135005289590006,-0.0547643951248748,224.44444444444443
414,230.0,0.2487674286855873,0.1219255020615078,0.1100580976926452,0.0695935018736348,0.0540746270702607,0.0403052987545005,0.0389456627622414,0.0314788189361476,0.0365977911632097,0.0322712423650275,0.2468267514243272,0.1294676114338574,0.1065478240083143,0.0582047981370372,0.0540290282378113,0.0389090916329688,0.0347015515479767,0.0231465800768852,-0.5305891777502036,-0.8476291196356829,0.0742654455843613,-0.9972385088794736,-0.9096666718335282,-0.4153390737160569,7.256317774604113,43.84804287970621,0.6384064241763678,0.0300910085980492,7.10860893180662,40.07468484104152,0.6660095459603491,0.0231691621592159,-0.1591767533250611,0.0148530891168722,-0.163740000930035,230.0
424,235.55555555555557,0.2182512307018204,0.1069382011421628,0.1049711102168032,0.0556951158922399,0.0475882064961229,0.0267447306280075,0.0404697209469998,0.0308722784304731,0.0307547407660492,0.0224903861589659,0.2378815698151083,0.1337978872760998,0.109184887173181,0.0513431570602834,0.0530783109454037,0.0342895455351271,0.0295721355841644,0.0373396807152607,-0.9999338662588036,-0.0115005699302648,-0.5582979127486861,-0.8296405490454649,-0.919095376767658,0.3940351360022567,7.256317774604113,57.606643079616575,0.6384064241763678,0.0300910085980492,7.10860893180662,40.07468484104152,0.6660095459603491,0.0231691621592159,-0.2999801598776411,-0.1116595825497372,-0.1654371678181784,235.55555555555557
434,241.1111111111111,0.21105792297656,0.1037114574277069,0.0884254440557189,0.0570413351649602,0.0378661947023488,0.0293745746952788,0.0323402887048361,0.0308016500760754,0.0277203209405338,0.0354771767973384,0.2522068286502029,0.1284458843603245,0.0988649215274942,0.0638635581689485,0.0513004726543047,0.0303560391252387,0.0245168128500231,0.0309167097015482,-0.5499439695603477,0.8352015507314431,-0.9517838802794656,-0.3067693681581722,-0.3263552978038782,0.9452471738097618,7.256317774604113,57.606643079616575,0.6019581619736846,0.0300910085980492,7.10860893180662,40.07468484104152,0.6660095459603491,0.0231691621592159,-0.1649831908681043,-0.1903567760558931,-0.058743953604698,241.1111111111111
444,246.66666666666663,0.2871267567365847,0.1758644033644492,0.1703814375721686,0.1481582207076414,0.1427691273575747,0.1317639035917986,0.1255973194739154,0.1264894819414658,0.1274948018548026,0.1289815820905716,0.2545033488405193,0.1463319067510062,0.1059296781846673,0.0661743852649681,0.045670218125802,0.0390999527731628,0.0333747210280211,0.037103441013406,0.4056618765553358,0.9140232173799544,-0.9376917403002812,0.3474682721812599,0.480204780438259,0.8771564107069181,7.256317774604113,57.606643079616575,0.6019581619736846,0.1270725369548803,7.10860893180662,40.07468484104152,0.6660095459603491,0.0231691621592159,0.1216985629666007,-0.1875383480600562,0.0864368604788866,246.66666666666663
454,252.2222222222222,0.2922738566387265,0.1930879326278796,0.1782919164989827,0.1474597858251566,0.1417946089731688,0.1458558512263611,0.1316153012347076,0.1301262917676322,0.1362690432147979,0.1193443554907613,0.2812666581815047,0.1436323481184594,0.1167195689120783,0.0691001225284513,0.0625938396057293,0.0423307092653261,0.0407143926050496,0.0220146601582322,0.988304064171637,0.1524961532033674,-0.5220561061960487,0.8529111454210339,0.9721464458716792,0.2343742472607913,7.256317774604113,57.606643079616575,0.6019581619736846,0.1270725369548803,7.919151500827579,40.07468484104152,0.6660095459603491,0.0231691621592159,0.2964912192514911,-0.1044112212392097,0.1749863602569022,252.2222222222222
464,257.77777777777777,0.29501972193357,0.1884938663113064,0.1846808083364975,0.143066444553206,0.1486023153007983,0.1286610949201357,0.1264847475926876,0.1400202263399295,0.1146889620579803,0.1282553543059359,0.2523080074377339,0.1092062936344581,0.1021257104871662,0.0538264035551012,0.0412469632745204,0.0356183153272248,0.0368224283186517,0.0285363555240755,0.6623040529862428,-0.7492351709563533,0.1171372537596939,0.99311573534087,0.8271615660536287,-0.5619641835951011,7.256317774604113,57.606643079616575,0.6019581619736846,0.1270725369548803,7.919151500827579,54.83541894723714,0.6660095459603491,0.0231691621592159,0.1986912158958728,0.0234274507519387,0.1488890818896531,257.77777777777777
474,263.3333333333333,0.2875128911269638,0.1852656387852927,0.1790840490892418,0.1479186362932406,0.1413783392637538,0.1417137885571202,0.129079576890717,0.1239144558266885,0.130494152989549,0.1253832927835829,0.1919162246440849,0.0942847830589709,0.089007854456594,0.0419201731647761,0.0373214715659287,0.0302884402314133,0.0294947828704923,0.0232961669871294,-0.2726152501430668,-0.9621231342138246,0.7061694571803293,0.7080428643420107,0.1402406838270786,-0.990117442831765,7.256317774604113,57.606643079616575,0.6019581619736846,0.1270725369548803,7.919151500827579,54.83541894723714,0.5182991210126091,0.0231691621592159,-0.08178457504292,0.1412338914360658,0.0252433230888741,263.3333333333333
484,268.88888888888886,0.2789413104658561,0.1803761149712206,0.1696857273252507,0.1471425811254711,0.1432336837696703,0.1319366805415659,0.1328047700183779,0.1177523038185852,0.1292899601505995,0.1227780829043828,0.2290353556557633,0.1383911515477423,0.1266856298336579,0.0968315728529401,0.1006101717323584,0.0931091413824133,0.0919783006158039,0.0805415934946888,-0.9568933495204898,-0.2904395249332599,0.9928019069358957,0.1197679989999389,-0.6385624602058219,-0.769569999685466,7.256317774604113,57.606643079616575,0.6019581619736846,0.1270725369548803,7.919151500827579,54.83541894723714,0.5182991210126091,0.0811715732064733,-0.2870680048561469,0.1985603813871791,-0.1149412428370479,268.88888888888886
494,274.44444444444446,0.2809331640545928,0.1855306672543665,0.1852734186520042,0.1464233780083057,0.149812761458565,0.1297470539153499,0.136215801503007,0.1274903126690435,0.130050498574767,0.1231200889393453,0.227425252015094,0.1319008731938906,0.1318979189086643,0.1033728435798141,0.0975633922441598,0.0880844796453563,0.0897241186034888,0.0755071545354761,-0.7614081162885409,0.6482728441404405,0.8542912850916277,-0.5197945750164148,-0.9989951175354576,-0.0448191381032413,8.02487115616112,57.606643079616575,0.6019581619736846,0.1270725369548803,7.919151500827579,54.83541894723714,0.5182991210126091,0.0811715732064733,-0.2284224348865622,0.1708582570183255,-0.1798191211563823,274.44444444444446
504,280.0,0.2939199018615991,0.1873006302654115,0.1878890986905562,0.1539141389567793,0.1476973113926259,0.1321051890864444,0.1384635387654491,0.1299477846548618,0.136005183988065,0.1300224344529304,0.2290337942623818,0.1405863343419886,0.134399288620234,0.0964446393658143,0.1052711891506839,0.0884253228570104,0.0880653964844154,0.0834576391811604,0.1341122276456571,0.990966149974821,0.3499513689566622,-0.9367678684526696,-0.7049106374142481,0.7092961252257328,8.02487115616112,57.42678753385761,0.6019581619736846,0.1270725369548803,7.919151500827579,54.83541894723714,0.5182991210126091,0.0811715732064733,0.0402336682936971,0.0699902737913324,-0.1268839147345646,280.0
514,285.55555555555554,0.2922964640959817,0.1950164862410503,0.1813603804461316,0.1491338984458938,0.1478797890377967,0.1404203902785478,0.1411898173457097,0.1285519316895022,0.131189240749537,0.1328412098341879,0.2493989901933956,0.1412001021191305,0.1303313659118543,0.1059738189043318,0.1045594519951401,0.0872038877693367,0.0942898484993812,0.0713698194149034,0.9063304079726636,0.4225697475968966,-0.304246639582638,-0.9525932932278456,0.0510140303719879,0.9986979366681428,8.02487115616112,57.42678753385761,0.5722528118028315,0.1270725369548803,7.919151500827579,54.83541894723714,0.5182991210126091,0.0811715732064733,0.2718991223917991,-0.0608493279165276,0.0091825254669578,285.55555555555554
524,291.1111111111111,0.2714396829387389,0.1546508881828685,0.1587557329082662,0.1142481997350321,0.1108905885931696,0.0937894448147273,0.0933486891599218,0.0932993123829896,0.0969149030304331,0.0827997019248625,0.2474020660464374,0.1486666257935637,0.1319024803783391,0.101600170843871,0.094118523018878,0.0953181469812455,0.0926325579787503,0.0851764223172592,0.8452725909664307,-0.534335331941373,-0.8281584853210446,-0.5604939992459804,0.7735155546985523,0.6337773162865574,8.02487115616112,57.42678753385761,0.5722528118028315,0.0897276100810819,7.919151500827579,54.83541894723714,0.5182991210126091,0.0811715732064733,0.2535817772899292,-0.1656316970642089,0.1392327998457394,291.1111111111111
534,296.66666666666663,0.2589938396228799,0.1583122217604025,0.1610761840028531,0.1127221247465397,0.1105673653124841,0.0959367402332541,0.0924290158777921,0.0918615466149819,0.0948194832942158,0.1061940326150754,0.2046925844169171,0.1228942841798441,0.1217875444754673,0.0973217269320711,0.0851567152361857,0.0846583498472361,0.0849779859748101,0.0878226788418335,0.0070750519999309,-0.9999749715063864,-0.997431767453648,0.0716231057291704,0.9892286295640172,-0.1463786816817825,8.02487115616112,57.42678753385761,0.5722528118028315,0.0897276100810819,6.177754927036511,54.83541894723714,0.5182991210126091,0.0811715732064733,0.0021225155999792,-0.1994863534907296,0.178061153321523,296.66666666666663
544,302.22222222222223,0.241050822891119,0.1526842647794068,0.1473496781400388,0.1204115964075991,0.1180182078252743,0.0868895647575284,0.09619652102606,0.0902563754614586,0.0934074936535492,0.0876761441346021,0.2078749301954601,0.1501851094702577,0.1170316596083337,0.1047435778055155,0.0920333111884645,0.0793969254736956,0.0850144053723917,0.0832134299149122,-0.8376272571470276,-0.5462422338892768,-0.7395793537510688,0.6730693719856458,0.5568233307341394,-0.8306309519576905,8.02487115616112,57.42678753385761,0.5722528118028315,0.0897276100810819,6.177754927036511,47.752636022214574,0.5182991210126091,0.0811715732064733,-0.2512881771441083,-0.1479158707502137,0.100228199532145,302.22222222222223
554,307.77777777777777,0.2502920612352219,0.1487553792049925,0.1383072238080659,0.119911271905052,0.1134038070598778,0.1107855517265036,0.1033783137017668,0.0993694321445749,0.097720772677476,0.0861195124683198,0.2212274973963469,0.1427974416330686,0.1242200968065988,0.096160399720091,0.0948672591261449,0.0869360820615789,0.0723073768344498,0.0897088449565728,-0.9122189289890194,0.4097030944405064,-0.1650202174395798,0.9862901843961512,-0.2403989788105227,-0.9706741631396488,8.02487115616112,57.42678753385761,0.5722528118028315,0.0897276100810819,6.177754927036511,47.752636022214574,0.5646072692516413,0.0811715732064733,-0.2736656786967057,-0.0330040434879159,-0.043271816185894,307.77777777777777
564,313.3333333333333,0.2587604741130139,0.1582830248522119,0.1434328067772716,0.1183718248679468,0.1045120274587039,0.0988313473919631,0.0915244859815087,0.0977433942470528,0.0878976844569666,0.0914604972032834,0.1906580159306131,0.0864752111349556,0.0756909703532545,0.0510675905615943,0.0432412141088821,0.0340417918556614,0.0277399011224767,0.0189181433600658,-0.1481207244316433,0.9889692871843117,0.4802047804382527,0.8771564107069214,-0.8801177643686586,-0.4747554326626651,8.02487115616112,57.42678753385761,0.5722528118028315,0.0897276100810819,6.177754927036511,47.752636022214574,0.5646072692516413,0.0225299593605677,-0.044436217329493,0.0960409560876505,-0.1584211975863585,313.3333333333333
574,318.88888888888886,0.2836234713539389,0.169768925126751,0.1701468101778508,0.1205177514266682,0.1149439115278301,0.102017319334234,0.102037801977124,0.0904676562815088,0.1021020873244788,0.0929433373692938,0.1950201928601845,0.0881695292106898,0.0717674952534966,0.0371538216655515,0.0404706689556119,0.0384567428945992,0.011082051668358,0.027960316698562,0.7521589910744791,0.6589816781563973,0.9197938564608124,0.392401913370649,-0.943204943182464,0.3322114314050087,9.01228193222104,57.42678753385761,0.5722528118028315,0.0897276100810819,6.177754927036511,47.752636022214574,0.5646072692516413,0.0225299593605677,0.2256476973223437,0.1839587712921625,-0.1697768897728435,318.88888888888886
584,324.4444444444444,0.2980931926177588,0.1821380971488376,0.1806311633273329,0.1243574606781327,0.1266416207478379,0.1073379441166708,0.1016751443262583,0.0948725089438826,0.094041730571154,0.0979791347229749,0.1866657557249643,0.0925258638482514,0.0736548949686736,0.0434620359802181,0.0378735611198506,0.0336351296823045,0.0299358229443586,0.0208017777310424,0.9609071989456204,-0.2768706467187912,0.96550376822865,-0.2603890810619316,-0.3883273405824465,0.9215215008648276,9.01228193222104,47.58892343100625,0.5722528118028315,0.0897276100810819,6.177754927036511,47.752636022214574,0.5646072692516413,0.0225299593605677,0.2882721596836861,0.19310075364573,-0.0698989213048403,324.4444444444444
594,330.0,0.3390289551617382,0.206836316054193,0.1925967910818452,0.1291837372060352,0.1260807903455963,0.1110816843665334,0.0993064285903589,0.1031984840347969,0.0918655293381704,0.0886525687848359,0.1936028672175461,0.0958777171651254,0.0782722982563123,0.0376605341767432,0.0364244994164077,0.0259733915277678,0.0264983556046559,0.0227799214352209,0.2862017595567536,-0.9581693758551346,0.5977603669052548,-0.8016748366746302,0.4209728261427711,0.9070732493296052,9.01228193222104,47.58892343100625,0.6957495768822443,0.0897276100810819,6.177754927036511,47.752636022214574,0.5646072692516413,0.0225299593605677,0.085860527867026,0.1195520733810509,0.0757751087056988,330.0
604,335.55555555555554,0.3297733628454786,0.1958366584810036,0.1883419581028844,0.1340661711832192,0.1217837303083099,0.1151013758674363,0.1001304336785283,0.0996470051554302,0.0847890806302878,0.0844555152900563,0.184739683730337,0.0867364327087119,0.0778664527399017,0.0430750818990241,0.0375842551289716,0.0406789819811981,0.0243860474376735,0.0334419251316609,-0.6516362576815548,-0.7585315996547397,-0.0259592535322582,-0.9996630017941286,0.9544619060317372,0.2983328173940356,9.01228193222104,47.58892343100625,0.6957495768822443,0.0884987539515915,6.177754927036511,47.752636022214574,0.5646072692516413,0.0225299593605677,-0.1954908773044664,-0.0051918507064516,0.1718031430857127,335.55555555555554
614,341.1111111111111,0.3267305619783651,0.1918820817476026,0.185317221943497,0.1424307008258006,0.1258549461452055,0.1073402033563774,0.1038404697728773,0.0811154356444775,0.1022070690754576,0.0951680124548705,0.2037214565740526,0.0942722675036584,0.0941405181776407,0.0547962201348394,0.0456423356789506,0.0365572863612667,0.0293883611380984,0.0287647120446338,-0.9903629047820132,0.1384966311205186,-0.6385624602058163,-0.7695699996854706,0.8626109181104161,-0.5058679708745207,9.01228193222104,47.58892343100625,0.6957495768822443,0.0884987539515915,7.815168761489554,47.752636022214574,0.5646072692516413,0.0225299593605677,-0.2971088714346039,-0.1277124920411632,0.1552699652598749,341.1111111111111
624,346.66666666666663,0.3283364710762185,0.1922996966197801,0.19276692801491,0.1296488912274085,0.1226938035941413,0.1071286512989577,0.100910279111983,0.0907146951615366,0.0936088069894919,0.0859512170698389,0.2055902935745858,0.0983576178106904,0.0787952991852374,0.0438090423114362,0.0437208985453876,0.0339171759265951,0.0245351746941207,0.0288621131953302,-0.4185544645184254,0.908191697953518,-0.9777169518400208,-0.2099275162637291,0.2055983804026011,-0.9786364524049916,9.01228193222104,47.58892343100625,0.6957495768822443,0.0884987539515915,7.815168761489554,52.75993161576665,0.5646072692516413,0.0225299593605677,-0.1255663393555276,-0.1955433903680042,0.0370077084724682,346.66666666666663
634,352.22222222222223,0.3354428502214095,0.2084290132332899,0.189743063148785,0.1280893499103066,0.130153298330713,0.102705068202229,0.0964843255973462,0.0934858207306698,0.0967820378477654,0.0882389178529586,0.2474750056562836,0.1163372762802163,0.091694824982413,0.0516941489119282,0.0495434134918935,0.0312764207575849,0.0367597514895352,0.0215221164777385,0.5380710201605928,0.842899506028648,-0.8981881339876635,0.4396112782490448,-0.5861171814177069,-0.8102262953317196,9.01228193222104,47.58892343100625,0.6957495768822443,0.0884987539515915,7.815168761489554,52.75993161576665,0.6352900487625577,0.0225299593605677,0.1614213060481778,-0.1796376267975327,-0.1055010926551872,352.22222222222223
644,357.77777777777777,0.3488173517898377,0.2054673474383998,0.192168519585597,0.1365885673469266,0.1226282180671277,0.1144212963541169,0.1045726201650563,0.0933302500616701,0.0978674315909,0.0925765022007699,0.2531130447735437,0.1178598085352704,0.0981469946305334,0.0574904589643988,0.0511757378175812,0.0343005190693545,0.0345608074090537,0.0344116613488542,0.9999964903456066,0.002649395491278,-0.4340322727238281,0.9008973228033196,-0.993823118908031,-0.1109757105132186,9.01228193222104,47.58892343100625,0.6957495768822443,0.0884987539515915,7.815168761489554,52.75993161576665,0.6352900487625577,0.0226182028752553,0.2999989471036819,-0.0868064545447656,-0.1788881614034455,357.77777777777777
654,363.3333333333333,0.3048446567012206,0.1975681684209662,0.1764679354003096,0.119993949555983,0.125604505538495,0.0970724212852162,0.1017357570131802,0.0847210909356146,0.0852488111732588,0.0861622926775491,0.2380831452034505,0.120252567093824,0.103797576314083,0.0528767802739783,0.0486383447927844,0.0399432743264,0.0266632239748146,0.0279397122592738,0.5425297990269695,-0.8400365570424635,0.2159872661882171,0.9763961802693312,-0.7504004857954433,0.6609834422419087,7.8090030950022,47.58892343100625,0.6957495768822443,0.0884987539515915,7.815168761489554,52.75993161576665,0.6352900487625577,0.0226182028752553,0.1627589397080908,0.0431974532376434,-0.1350720874431797,363.3333333333333
664,368.88888888888886,0.3188956581996229,0.1923649302454426,0.1700144406903632,0.1307734510658374,0.112838603194971,0.1032618499517036,0.094936456729822,0.0867409832417843,0.0951544627204015,0.087512869784512,0.2415510752157585,0.1173278836555475,0.1018901453326787,0.0498796249855218,0.0372972625653155,0.0289711494034804,0.0365488600122092,0.0285854261325411,-0.4137362875127194,-0.9103967730584244,0.7735155546985523,0.6337773162865574,-0.0153338303214199,0.9998824299124742,7.8090030950022,44.79127923659047,0.6957495768822443,0.0884987539515915,7.815168761489554,52.75993161576665,0.6352900487625577,0.0226182028752553,-0.1241208862538158,0.1547031109397104,-0.0027600894578555,368.88888888888886
674,374.4444444444444,0.2639899128926,0.1682866755589463,0.147577848367089,0.1124386444185416,0.1120070045835614,0.1011212941531713,0.0946644566988655,0.0949145913086661,0.0919963882741617,0.086698514319601,0.2381446974762551,0.1077119260790296,0.0924548329425195,0.0535790659552912,0.0420932929637127,0.0292601628176054,0.027472362136573,0.02839600272563,-0.9896151393558494,-0.1437423944342891,0.9998047747125915,0.0197588578086882,0.7297791752818041,0.6836829347914205,7.8090030950022,44.79127923659047,0.5804996596207963,0.0884987539515915,7.815168761489554,52.75993161576665,0.6352900487625577,0.0226182028752553,-0.2968845418067548,0.1999609549425183,0.1313602515507247,374.4444444444444
684,380.0,0.225205333003535,0.1172949269470628,0.08739754234718,0.043928661127985,0.0429153513828295,0.025509659634776,0.0268081135479113,0.0173860310825967,0.0174119854656856,0.0240807012942902,0.2225226799359027,0.1136853973395197,0.09107726208967,0.0528322164912745,0.0348924145025696,0.0237160826146059,0.0343823557449708,0.0350759248458975,-0.655646395919263,0.7550680787307069,0.7979521167226309,-0.6027208470078607,0.9967587361940652,-0.0804488770636981,7.8090030950022,44.79127923659047,0.5804996596207963,0.0145056140897618,7.815168761489554,52.75993161576665,0.6352900487625577,0.0226182028752553,-0.1966939187757788,0.1595904233445262,0.1794165725149317,380.0
694,385.55555555555554,0.2360027684193804,0.1118094485648442,0.1065575781131094,0.0550298813183213,0.0380320872506688,0.0289284970961761,0.0166411923699656,0.0189035701084195,0.0192776107387467,0.019586417398973,0.261713522710963,0.1260646600130466,0.1099111653540919,0.0553040317030964,0.0494895016742796,0.0275646584860238,0.0389447904479482,0.0257765377703555,0.2811206202572212,0.9596724424855572,0.2543960317720423,-0.967100128745022,0.6106863819454836,-0.7918725547121424,7.8090030950022,44.79127923659047,0.5804996596207963,0.0145056140897618,8.903484153146465,52.75993161576665,0.6352900487625577,0.0226182028752553,0.0843361860771663,0.0508792063544084,0.109923548750187,385.55555555555554
704,391.1111111111111,0.2470667212082942,0.1186503004701273,0.0896654483522408,0.0475912885199852,0.0576288301361106,0.0275537133786003,0.0177861649436031,0.0279028873868914,0.0177324822127127,0.0145423348722497,0.2819098440772757,0.1357010687291423,0.1233326290245311,0.0752418687771969,0.0548479411197414,0.0439228352087681,0.0366214070362189,0.0250317264623045,0.9594266346233796,0.2819583883754056,-0.3980989155989186,-0.9173424951450604,-0.1754927351642102,-0.9844807260198568,7.8090030950022,44.79127923659047,0.5804996596207963,0.0145056140897618,8.903484153146465,44.300080747117605,0.6352900487625577,0.0226182028752553,0.2878279903870139,-0.0796197831197837,-0.0315886923295578,391.1111111111111
714,396.6666666666666,0.2239405305620197,0.1090253969421691,0.0884734040885269,0.0554636442401259,0.0393832914623704,0.0369500654629562,0.0292002209957088,0.0211827395521351,0.0167445637637283,0.0194588620565778,0.2872979099742479,0.148471447273684,0.127556576844481,0.0738598989731933,0.0542811651324628,0.0435680701891245,0.0349805349247337,0.0251647924451451,0.7556402257394118,-0.6549869076893757,-0.880117764368662,-0.4747554326626588,-0.8466933096895727,-0.5320812337669102,7.8090030950022,44.79127923659047,0.5804996596207963,0.0145056140897618,8.903484153146465,44.300080747117605,0.6343530325222569,0.0226182028752553,0.2266920677218235,-0.1760235528737324,-0.152404795744123,396.6666666666666
724,402.2222222222222,0.2296055664503679,0.1102366653178384,0.0927827221022387,0.0538539464546782,0.0442307471635929,0.0199774096655619,0.0223653929035295,0.0145576894777295,0.013752327021419,0.0228418286013017,0.2797673719764923,0.1601057752992949,0.1427219587828367,0.0811167009797621,0.0836807640488627,0.0598045232630458,0.0547433736883809,0.0499037560255003,-0.1428783218759178,-0.989740261451418,-0.9852477624027156,0.1711340021165926,-0.963161161672734,0.2689248531564714,7.8090030950022,44.79127923659047,0.5804996596207963,0.0145056140897618,8.903484153146465,44.300080747117605,0.6343530325222569,0.0450630122218605,-0.0428634965627753,-0.1970495524805431,-0.1733690091010921,402.2222222222222
734,407.77777777777777,0.242187276245937,0.1190769958346894,0.1116866335424385,0.060707125413106,0.048361664298152,0.0355380283777721,0.0282463573435689,0.019241198858816,0.023523342999315,0.0148194002250395,0.2792912722311375,0.1587464256202407,0.1256259903961238,0.0848555580441342,0.0806587263289159,0.0548887041143399,0.0676125937353413,0.0450967906146702,-0.9100351992756786,-0.4145309832561085,-0.6684695659939159,0.7437394969610701,-0.4485894065784412,0.8937379617682142,9.197046483678411,44.79127923659047,0.5804996596207963,0.0145056140897618,8.903484153146465,44.300080747117605,0.6343530325222569,0.0450630122218605,-0.2730105597827035,-0.1336939131987831,-0.0807460931841194,407.77777777777777
744,413.3333333333333,0.2231785834575025,0.1036223477199226,0.1017138935904234,0.0524336832813535,0.0500947537308981,0.0263621042855949,0.0278484136655134,0.025154451240506,0.0187539084279159,0.0215250736798019,0.2803237441822613,0.1547333158327322,0.1427428109790606,0.0966350116577855,0.078395330994418,0.0715287137239142,0.0549733154495097,0.0493095831660789,-0.8405099113037244,0.5417961692372929,-0.065435669860714,0.9978567898801308,0.359887142574136,0.932995843833092,9.197046483678411,53.24429476676907,0.5804996596207963,0.0145056140897618,8.903484153146465,44.300080747117605,0.6343530325222569,0.0450630122218605,-0.2521529733911173,-0.0130871339721428,0.0647796856633445,413.3333333333333
754,418.88888888888886,0.2184656331442682,0.1069991120170382,0.0957445893381976,0.0453355708338115,0.049621160531926,0.0265072310023845,0.0313806975008796,0.0134972805198753,0.01140453690536,0.0245253677145066,0.2883670964195642,0.1662220242207365,0.1394312352775429,0.093389140574945,0.084762637265278,0.0538442384280929,0.0577784559055208,0.0460117691216845,0.0017763129108369,0.9999984223549768,0.5656194473060391,0.824666381532078,0.932574448888274,0.3609776963757347,9.197046483678411,53.24429476676907,0.5263231631616612,0.0145056140897618,8.903484153146465,44.300080747117605,0.6343530325222569,0.0450630122218605,0.000532893873251,0.1131238894612078,0.1678634007998893,418.88888888888886
764,424.4444444444444,0.2965302784114185,0.1911823867383794,0.1979912469230036,0.1602345066984592,0.1559913231894396,0.1281773767241329,0.1427246525324769,0.1293009579509634,0.1257744099730267,0.1300971868137151,0.2974907439866787,0.1643553922714702,0.1464367113520167,0.0915893966417196,0.0804705553220626,0.0584831548233203,0.0593577950502237,0.0504430082209724,0.8424294032270538,0.538806737688487,0.9544619060317372,0.2983328173940356,0.8942618133288321,-0.4475441980652068,9.197046483678411,53.24429476676907,0.5263231631616612,0.1267611481311829,8.903484153146465,44.300080747117605,0.6343530325222569,0.0450630122218605,0.2527288209681161,0.1908923812063474,0.1609671263991897,424.4444444444444
774,430.0,0.2923557528382701,0.1972745094111857,0.189397043513613,0.1562010826132689,0.147894674109123,0.1382637358171076,0.1386815028215009,0.1311210335428429,0.1217421124107212,0.1246859485484543,0.2963980834437986,0.1619127530224785,0.1478425108931934,0.0840942199587247,0.0884503292973952,0.0600035520065512,0.0590669258495355,0.0492417598235575,0.9085567852785652,-0.4177613767742052,0.9345794583884148,-0.3557544602087475,0.2700507365081657,-0.9628460934704972,9.197046483678411,53.24429476676907,0.5263231631616612,0.1267611481311829,8.834844513434938,44.300080747117605,0.6343530325222569,0.0450630122218605,0.2725670355835695,0.1869158916776829,0.0486091325714698,430.0
784,435.55555555555554,0.2846638795652562,0.2002642701670116,0.1954146661538529,0.1451698989402916,0.1570793313932128,0.1452123809138145,0.1294411232338062,0.1265580576191073,0.1216786500126141,0.1283988257590138,0.2663475861162148,0.1237029780400366,0.1281355934167879,0.0756208113571742,0.0644269256788294,0.0610808174262204,0.0587574898795224,0.0498356665935974,0.1393612489692598,-0.9902416080360024,0.5144862750308131,-0.8574986138792987,-0.531090969825348,-0.8473148067689903,9.197046483678411,53.24429476676907,0.5263231631616612,0.1267611481311829,8.834844513434938,58.07833576391853,0.6343530325222569,0.0450630122218605,0.0418083746907779,0.1028972550061626,-0.0955963745685626,435.55555555555554
794,441.1111111111111,0.2891343627603567,0.1855206049418118,0.1838017822062689,0.163839528683248,0.156271423168369,0.1370936000903257,0.1312945528686671,0.1278637725252852,0.1312626238609241,0.120568072242087,0.2574344146286887,0.1260990407216087,0.1275879886799555,0.0793430883221189,0.0751602759364346,0.0517849616632284,0.056012720191167,0.0467727325955893,-0.7579623769450551,-0.6522982716026483,-0.1259230396058107,-0.9920400133545186,-0.9842748781731876,-0.1766436078581854,9.197046483678411,53.24429476676907,0.5263231631616612,0.1267611481311829,8.834844513434938,58.07833576391853,0.6139438295718554,0.0450630122218605,-0.2273887130835165,-0.0251846079211621,-0.1771694780711737,441.1111111111111
804,446.6666666666666,0.2861051242983171,0.1936256954518243,0.1945867318774451,0.1508300808608077,0.1512331572748035,0.1352399904579539,0.1466358043557807,0.1276865432078886,0.1370170637770546,0.1242463571438806,0.2260737079710684,0.1021760029120876,0.106441012413093,0.0564215289171956,0.0417954200184216,0.032893185416414,0.0333894312463341,0.0250704471840488,-0.9584188890186744,0.2853650875145902,-0.712408900359854,-0.7017646034733183,-0.7925859894286711,0.6097601572433005,9.197046483678411,53.24429476676907,0.5263231631616612,0.1267611481311829,8.834844513434938,58.07833576391853,0.6139438295718554,0.021818993064139,-0.2875256667056023,-0.1424817800719708,-0.1426654780971608,446.6666666666666
814,452.2222222222222,0.2495771411452824,0.1759570010246697,0.1619666575594423,0.1333922890969734,0.1376898521461406,0.1297591323146099,0.1253210330666706,0.1261214575430144,0.1275594074814544,0.1215797560251497,0.2430139621042861,0.1090622145136604,0.1044382161334834,0.0587924620574038,0.0558474684195357,0.03052667412894,0.0362404072129121,0.0203946070634818,-0.2777094945036903,0.9606651011994268,-0.993823118908031,-0.1109757105132186,-0.0816141693878604,0.996663999226986,7.015883183898664,53.24429476676907,0.5263231631616612,0.1267611481311829,8.834844513434938,58.07833576391853,0.6139438295718554,0.021818993064139,-0.0833128483511071,-0.1987646237816062,-0.0146905504898148,452.2222222222222
824,457.77777777777777,0.2562289745207882,0.1841136308367153,0.1662092993057336,0.1394487912699302,0.1434101261663827,0.1340480114669337,0.1191924445527736,0.1317213374747155,0.1256140129285844,0.1247569724632883,0.2480287959406023,0.115575030773635,0.1012573310453101,0.0545986810015837,0.0604077126491268,0.0328748739787425,0.037437985410469,0.0207877894103667,0.6583247285350398,0.7527340511756234,-0.8496569568710199,0.5273358091772999,0.6828292558545386,0.7305779953907297,7.015883183898664,58.55811369489049,0.5263231631616612,0.1267611481311829,8.834844513434938,58.07833576391853,0.6139438295718554,0.021818993064139,0.1974974185605119,-0.169931391374204,0.1229092660538169,457.77777777777777
834,463.3333333333333,0.2860068448573399,0.1933723145149986,0.1755068486983334,0.1426767979607103,0.1432210097720691,0.1339018623562405,0.1327259819984716,0.124173552284009,0.1330026999079075,0.1313313077167822,0.2520937069160913,0.1126803600808613,0.099300460000099,0.059194200549648,0.0516607508808655,0.0318886519348548,0.0443533330160558,0.017845459358507,0.9890982321786884,-0.1472572140881154,-0.3416460379628582,0.9398286996811076,0.9998996738972932,-0.0141648205102319,7.015883183898664,58.55811369489049,0.6104652975334527,0.1267611481311829,8.834844513434938,58.07833576391853,0.6139438295718554,0.021818993064139,0.2967294696536065,-0.0683292075925716,0.1799819413015127,463.3333333333333
844,468.88888888888886,0.2078293126458841,0.0961800152056771,0.0900771101800293,0.0485728383101656,0.0393595211783715,0.021828086689366,0.0326148338538352,0.0318627012187692,0.0271764192908598,0.0252891659133289,0.2524439155337054,0.1105155616007975,0.1047922284146164,0.0593981630816183,0.0519906578800548,0.03205735227406,0.0325100176048377,0.026094805085772,0.4104993826174394,-0.9118608758306834,0.3126664190111701,0.9498629956065936,0.6618603113118487,-0.7496271928833576,7.015883183898664,58.55811369489049,0.6104652975334527,0.0270828747673367,8.834844513434938,58.07833576391853,0.6139438295718554,0.021818993064139,0.1231498147852318,0.062533283802234,0.1191348560361327,468.88888888888886
854,474.4444444444444,0.2004521394691677,0.0872288293173178,0.0815332375863035,0.0538541941802745,0.0398145918265649,0.0299945864204202,0.0266700066771488,0.0348083888421123,0.0352093338048931,0.0329735202796357,0.2315852548279149,0.1096811776938716,0.0937305785708876,0.0419530386383823,0.0533031464767366,0.0303859067085827,0.0318492238960747,0.0199092713743424,-0.545510706207386,-0.83810385359639,0.8330871491101043,0.5531417557801968,-0.1098137194998809,-0.9939521854745336,7.015883183898664,58.55811369489049,0.6104652975334527,0.0270828747673367,8.65217068258941,58.07833576391853,0.6139438295718554,0.021818993064139,-0.1636532118622158,0.1666174298220208,-0.0197664695099785,474.4444444444444
864,480.0,0.1976837890080796,0.0975545764478197,0.0824983809446587,0.0431877668098079,0.0568524047374325,0.0344130492100492,0.0321603116515427,0.0319598291728116,0.0241667206003114,0.0282716799710307,0.2360144843356811,0.1209200968998271,0.1020773190345517,0.0626598522678261,0.0470681854210113,0.0280651979004935,0.033898538141191,0.0260993325148371,-0.9999807674966554,0.0062019865204627,0.9967587361940656,-0.0804488770636911,-0.8095404904318835,-0.5870640462090193,7.015883183898664,58.55811369489049,0.6104652975334527,0.0270828747673367,8.65217068258941,52.83143410444961,0.6139438295718554,0.021818993064139,-0.2999942302489966,0.1993517472388131,-0.145717288277739,480.0
874,485.55555555555554,0.209155324081013,0.0932575295432926,0.0849236404394721,0.0530948534505856,0.0444991501714928,0.0383374331435885,0.0344738630786612,0.0251891097842231,0.0329261929347022,0.0209422884759098,0.2374831893217858,0.115033861444178,0.1053196945513669,0.0560039750234648,0.052339267820326,0.036943456526964,0.0338929842567534,0.0153782853705488,-0.535073122797096,0.844805748832336,0.7335928365759875,-0.6795892510365334,-0.9788761561949268,0.2044540800107575,7.015883183898664,58.55811369489049,0.6104652975334527,0.0270828747673367,8.65217068258941,52.83143410444961,0.6139388548947615,0.021818993064139,-0.1605219368391287,0.1467185673151975,-0.1761977081150868,485.55555555555554
884,491.1111111111111,0.215317545257426,0.0987618185593262,0.0835578657931279,0.0526696454826515,0.0516314209275383,0.0312105511844234,0.026699753080762,0.0285871669805207,0.026635713884172,0.0296568527085451,0.2646805172795827,0.1465904788269584,0.1354840946391883,0.089500153483691,0.0867378628152535,0.0640577349514599,0.057441678727962,0.0445620206669581,0.4217782833859809,0.9066990016890804,0.1562837935305251,-0.9877121928374216,-0.5068761353009783,0.8620188997129613,7.015883183898664,58.55811369489049,0.6104652975334527,0.0270828747673367,8.65217068258941,52.83143410444961,0.6139388548947615,0.056443175419488,0.1265334850157942,0.031256758706105,-0.0912377043541761,491.1111111111111
894,496.6666666666666,0.2307547042222529,0.112386828126966,0.0918621002673313,0.0548848225663308,0.0459698850877801,0.0367340239167148,0.0318059660102467,0.0260662725713545,0.0253581771680734,0.0347699394130981,0.2738239370505114,0.1476649194412499,0.1331061367089891,0.0863040630738164,0.091954688167222,0.0684748324982578,0.0679818445453181,0.0608368932983104,0.9908486809542004,0.1349773738495509,-0.4879499517729242,-0.872871608293454,0.2972167169751811,0.9548100455852436,7.715056902902815,58.55811369489049,0.6104652975334527,0.0270828747673367,8.65217068258941,52.83143410444961,0.6139388548947615,0.056443175419488,0.2972546042862601,-0.0975899903545848,0.0534990090555325,496.6666666666666
904,502.2222222222222,0.2518085553839744,0.1302011668571041,0.1045272342176335,0.0681484117545112,0.0554421616113492,0.0402671400601741,0.0407069094881923,0.0323121209253911,0.0274041975407884,0.0351704494838369,0.2709113075956563,0.1413808611517539,0.1305734265825641,0.0888019703556146,0.0891124920770399,0.067986268405549,0.0666794203169764,0.0610874971044168,0.6489373707859352,-0.7608418290271886,-0.923231095520654,-0.384245161666003,0.9065804545815286,0.4220330311370769,7.715056902902815,44.789784253636896,0.6104652975334527,0.0270828747673367,8.65217068258941,52.83143410444961,0.6139388548947615,0.056443175419488,0.1946812112357805,-0.1846462191041308,0.1631844818246751,502.2222222222222
914,507.77777777777777,0.1897200130414157,0.1086207156963842,0.0884054846972465,0.0518126466061034,0.0452314603894174,0.0348080568127095,0.0321368238280284,0.0364133308224482,0.0286381482846762,0.0264042605664461,0.2564414061071773,0.14838431504404,0.1397748520228263,0.089093569590974,0.0833326544582562,0.0700813191455128,0.0620685524900743,0.0569123440551584,-0.2896039653549008,-0.9571465630982108,-0.963161161672734,0.2689248531564714,0.921974878838832,-0.3872496904971278,7.715056902902815,44.789784253636896,0.5076114573382479,0.0270828747673367,8.65217068258941,52.83143410444961,0.6139388548947615,0.056443175419488,-0.0868811896064702,-0.1926322323345468,0.1659554781909897,507.77777777777777
924,513.3333333333333,0.2598752574879281,0.1867509965801023,0.1803675394609041,0.1553797893601649,0.146698470356229,0.142507364705869,0.1465030686658744,0.1338237385738079,0.1388609067157308,0.1329423116827943,0.2589811834527537,0.1424196488559262,0.1288434462016125,0.0804418988165086,0.0825372845664274,0.0721348640870204,0.0605801915243353,0.0483954053375721,-0.9618847513255586,-0.2734551611642541,-0.5906410785467989,0.8069343940699728,0.3333139399549109,-0.94281589795237,7.715056902902815,44.789784253636896,0.5076114573382479,0.1314328212163906,8.65217068258941,52.83143410444961,0.6139388548947615,0.056443175419488,-0.2885654253976675,-0.1181282157093597,0.0599965091918839,513.3333333333333
934,518.8888888888889,0.2506720395607119,0.1937997910150156,0.1695622862459887,0.1538173046203818,0.1554426773801178,0.1423147653433362,0.1402893967298998,0.1381763868313121,0.1232882171914362,0.1294385157971539,0.2443358206286357,0.1331457443860387,0.1210501440740287,0.0773948185749962,0.0686602017679724,0.0635717623495278,0.0649387756249083,0.063633263509647,-0.7498131328862885,0.6616496548410261,0.0348065630297582,0.9993940680082384,-0.4737261301403302,-0.8806722169015364,7.715056902902815,44.789784253636896,0.5076114573382479,0.1314328212163906,7.403190650442289,52.83143410444961,0.6139388548947615,0.056443175419488,-0.2249439398658865,0.0069613126059516,-0.0852707034252594,518.8888888888889
944,524.4444444444445,0.2703446755849214,0.1977314327123327,0.1842145671278264,0.1465704116863405,0.1516395604190866,0.1325853216972086,0.1409178149067824,0.1375592312003381,0.1341210820353834,0.1302459404331826,0.2471110357672461,0.1332857337643721,0.1155497921443355,0.089166536482011,0.0759095509237101,0.060306083149575,0.0595495900700787,0.0671882154536484,0.1516332219882075,0.9884368295391844,0.6453491474998329,0.763887739017481,-0.970392440451801,-0.2415336653843474,7.715056902902815,44.789784253636896,0.5076114573382479,0.1314328212163906,7.403190650442289,50.95270398427471,0.6139388548947615,0.056443175419488,0.0454899665964622,0.1290698294999665,-0.1746706392813241,524.4444444444445
954,530.0,0.2823455638399313,0.2019799737696714,0.1808730271903086,0.1547304717522507,0.1514743404425472,0.1415917045222441,0.1387449221832585,0.1392475406598408,0.1293507290948082,0.1392885823057884,0.2336091605059079,0.1350296903570046,0.1145510170315552,0.0745659580735601,0.0750443290350259,0.0613455164476347,0.0717425427037234,0.0509775350073281,0.9136686918591708,0.4064597415690164,0.9795367845170068,0.2012652175068592,-0.8312813869105229,0.5558518289761377,7.715056902902815,44.789784253636896,0.5076114573382479,0.1314328212163906,7.403190650442289,50.95270398427471,0.564432661956045,0.056443175419488,0.2741006075577512,0.1959073569034013,-0.1496306496438941,530.0
964,535.5555555555555,0.2737979097296539,0.1987209768165542,0.1853760217482359,0.1627975481282121,0.1513986082629952,0.1427398787807774,0.1350169159833061,0.1355101133121969,0.1336025561284965,0.1353272115419152,0.2733916786203001,0.177994851556523,0.1692512225220978,0.1343640180890014,0.1353585256957232,0.1230418937352194,0.1090656546145238,0.1079702538697508,0.8356813800338802,-0.5492145583145713,0.8942618133288321,-0.4475441980652068,-0.1475351252221657,0.9890568167833838,7.715056902902815,44.789784253636896,0.5076114573382479,0.1314328212163906,7.403190650442289,50.95270398427471,0.564432661956045,0.1126987379782391,0.250704414010164,0.1788523626657664,-0.0265563225399898,535.5555555555555
974,541.1111111111111,0.2609893582502572,0.1813066059568163,0.170536890738688,0.1410249767181111,0.1443259371479764,0.1378279131044776,0.134612208441234,0.1329851256678774,0.138363304036323,0.1346981584150324,0.2654907798025065,0.1716893472280669,0.1594018842360616,0.1317132985533382,0.1306573351052562,0.1132454728905548,0.1148237804412707,0.1178575064512799,-0.0106275386524216,-0.999943526116446,0.4260411492718455,-0.904703785295013,0.6328725376470995,0.7742559984217886,6.480629986565633,44.789784253636896,0.5076114573382479,0.1314328212163906,7.403190650442289,50.95270398427471,0.564432661956045,0.1126987379782391,-0.0031882615957264,0.0852082298543691,0.1139170567764779,541.1111111111111
984,546.6666666666666,0.243711781327035,0.1743494259777765,0.1682515577168249,0.1465209429351307,0.1445195401808566,0.1398718814967945,0.1370194425125994,0.127954170762131,0.1295924231116871,0.1287114669588513,0.2589475156302183,0.1756514390689052,0.1564960072488651,0.1410513549051331,0.125716245057298,0.1154370567968293,0.114431678508812,0.1146249370552858,-0.8471655473130925,-0.531329027482697,-0.2246211897698139,-0.9744461612148684,0.99863761173782,0.0521816100037466,6.480629986565633,47.44370545130408,0.5076114573382479,0.1314328212163906,7.403190650442289,50.95270398427471,0.564432661956045,0.1126987379782391,-0.2541496641939277,-0.0449242379539627,0.1797547701128075,546.6666666666666
994,552.2222222222222,0.2399713020065405,0.1809158423633343,0.1663422875584017,0.148481529885995,0.148932477648392,0.1372295402029097,0.137135671083947,0.1325821483415472,0.1350829240829581,0.1285896365303354,0.2530787571990133,0.1742055763024949,0.1625527372216675,0.1243611150789716,0.1263202721763526,0.1139720198195991,0.1276539735725053,0.1105152809030041,-0.9048234586781954,0.4257869286692912,-0.7790950123531515,-0.6269058635285227,0.7101197774216412,-0.704080891456826,6.480629986565633,47.44370545130408,0.5060700588768223,0.1314328212163906,7.403190650442289,50.95270398427471,0.564432661956045,0.1126987379782391,-0.2714470376034586,-0.1558190024706303,0.1278215599358954,552.2222222222222
1004,557.7777777777777,0.1630997950506846,0.0889507836075995,0.0706214144369555,0.0405103688736617,0.0278871099962332,0.0319669358178687,0.0205204236416049,0.0163075124725718,0.0204460715868032,0.0205586340776632,0.2660038238476108,0.1756461411533595,0.1636477659927433,0.1403413662578487,0.1254690419629499,0.1202401182140517,0.1155743412866618,0.1250496210034488,-0.1305908549417222,0.9914363462197612,-0.9999405005165968,-0.0109085024919863,-0.0436511455301369,-0.9990468344847035,6.480629986565633,47.44370545130408,0.5060700588768223,0.0184338153307514,7.403190650442289,50.95270398427471,0.564432661956045,0.1126987379782391,-0.0391772564825166,-0.1999881001033193,-0.0078572061954246,557.7777777777777
1014,563.3333333333333,0.1802209714652518,0.0820109030621515,0.0677631495420035,0.0457060728663633,0.031238169763544,0.0195203743309272,0.0329486002384281,0.0237281279790056,0.0100332722369729,0.0200225909650089,0.2973341495724417,0.1930387165548998,0.1831806324259709,0.1369002069276358,0.13167563501553,0.1281478956578793,0.1240854273107931,0.1145875754816337,0.7637063785775808,0.6455637592987364,-0.7925859894286711,0.6097601572433005,-0.7688229068670624,-0.6394617563830383,6.480629986565633,47.44370545130408,0.5060700588768223,0.0184338153307514,8.901444706192104,50.95270398427471,0.564432661956045,0.1126987379782391,0.2291119135732742,-0.1585171978857342,-0.1383881232360712,563.3333333333333
1024,568.8888888888889,0.1802890105548004,0.0852601929256976,0.0569471640472457,0.0293642812089633,0.038696244307416,0.0265313026395859,0.0306208777542096,0.0281476804791064,0.0242999646606169,0.0187628449338915,0.2959658882129169,0.186466518755399,0.1784598638951552,0.1448899061122848,0.143342008535544,0.1193054216201754,0.1177234920177253,0.1053222023033194,0.955855489645069,-0.2938371707517371,-0.245825963807983,0.9693139819056962,-0.9902807266877492,0.1390830052550758,6.480629986565633,47.44370545130408,0.5060700588768223,0.0184338153307514,8.901444706192104,53.15521460077029,0.564432661956045,0.1126987379782391,0.2867566468935206,-0.0491651927615966,-0.1782505308037948,568.8888888888889
1034,574.4444444444445,0.177987620463614,0.0904216844815123,0.065981973064667,0.036103154298438,0.0329009253881232,0.0247179679714861,0.0167409579992013,0.0239738461008244,0.0179550395903189,0.0254801732564327,0.3004499461910464,0.1857938960122457,0.1832624191358241,0.140848752723874,0.1453182636276706,0.1314768747180125,0.1246069108760087,0.1121723660571877,0.2691954716863338,-0.9630855611126004,0.4062030027788633,0.9137828629020324,-0.5629308645415518,0.8265039877378094,6.480629986565633,47.44370545130408,0.5060700588768223,0.0184338153307514,8.901444706192104,53.15521460077029,0.5856440492778963,0.1126987379782391,0.0807586415059001,0.0812406005557726,-0.1013275556174793,574.4444444444445
1044,580.0,0.1592426829856524,0.0777413106186751,0.061127586811973,0.0354307252641122,0.0292559625126011,0.0303753480540661,0.0155977892931302,0.0229845761819907,0.0172866867904149,0.0181365015902292,0.2627382206916862,0.1562358538524873,0.1493266779027732,0.1037286182861457,0.1008846143738427,0.0887131120260758,0.0941821755026844,0.0763166982188052,-0.6649616214822976,-0.7468775280831748,0.8842854941544778,0.4669466402363026,0.2332375149077431,0.9724197970216673,6.480629986565633,47.44370545130408,0.5060700588768223,0.0184338153307514,8.901444706192104,53.15521460077029,0.5856440492778963,0.078561016186572,-0.1994884864446892,0.1768570988308955,0.0419827526833937,580.0
1054,585.5555555555555,0.2029247240142235,0.1113885926370243,0.1012478383235853,0.0659105804922141,0.0428141823390129,0.0375817884308315,0.0353327097230174,0.0224546644681911,0.0228637351173591,0.0257399301435618,0.2621674581830493,0.1601239403486639,0.1508032242496437,0.1030569248933205,0.0959812594963208,0.0898972383521345,0.0898472652578725,0.0889398723215028,-0.987756066487739,0.1560062598637291,0.9836944067128494,-0.1798480308534273,0.8765943861484953,0.4812299680744567,9.192989467407278,47.44370545130408,0.5060700588768223,0.0184338153307514,8.901444706192104,53.15521460077029,0.5856440492778963,0.078561016186572,-0.2963268199463216,0.1967388813425699,0.1577869895067291,585.5555555555555
1064,591.1111111111111,0.2077279728669267,0.1087052261459144,0.0995971312570044,0.0577288109658399,0.0482369589016083,0.0385073550630234,0.0359166206061421,0.0255921888047727,0.0161426993060005,0.0244775193191174,0.2744480649330678,0.1547976458016624,0.1426927301897752,0.1090815045218424,0.101071175095589,0.0863836004383409,0.0894326347898567,0.080537447652274,-0.4024121392348401,0.9154586119516488,0.6618603113118594,-0.7496271928833482,0.9456280817737016,-0.3252499515157374,9.192989467407278,46.88421333992052,0.5060700588768223,0.0184338153307514,8.901444706192104,53.15521460077029,0.5856440492778963,0.078561016186572,-0.120723641770452,0.1323720622623719,0.1702130547192663,591.1111111111111
1074,596.6666666666666,0.2638024911413948,0.1343928968130329,0.1212340566423793,0.068898583358876,0.0512371060115894,0.0330918708024754,0.035562285305879,0.0183860379570391,0.0204673431020833,0.0152546412238229,0.2816287973945192,0.1642573418528065,0.149981092357038,0.1078324030609224,0.1080335415184828,0.0899230829168347,0.0888528152521592,0.0831111926275805,0.5529076530119089,0.8332425380649157,0.0566007674348547,-0.998396891584597,0.3951094149183332,-0.9186340676476638,9.192989467407278,46.88421333992052,0.6180581964579429,0.0184338153307514,8.901444706192104,53.15521460077029,0.5856440492778963,0.078561016186572,0.1658722959035726,0.0113201534869709,0.0711196946852999,596.6666666666666
1084,602.2222222222222,0.3221733995057907,0.2075205769052727,0.1895429309375762,0.1425697277231246,0.1389018932182109,0.1144846635611807,0.1156400830145302,0.1077911638112333,0.1069619253201171,0.1019289639449439,0.2821735223863065,0.163025828705906,0.150165645987083,0.1191234136667058,0.1030938135811231,0.1005907000675869,0.0842290570860613,0.0881291557541589,0.9998866989437916,-0.0150528826238586,-0.5728966671573459,-0.819627603707931,-0.4142752650865518,-0.9101516383204872,9.192989467407278,46.88421333992052,0.6180581964579429,0.1025526560009315,8.901444706192104,53.15521460077029,0.5856440492778963,0.078561016186572,0.2999660096831374,-0.1145793334314691,-0.0745695477155793,602.2222222222222
1094,607.7777777777777,0.323101253955408,0.205693970931793,0.1941124932132618,0.1469587280823169,0.1336851742286705,0.1279585630578078,0.1167769697876109,0.1033891289190574,0.1009663277031713,0.1009389306488086,0.2456923462296369,0.1435526338649586,0.1351323243097947,0.0946077126438313,0.1019699071569412,0.0766142534922141,0.0806758353987632,0.0850031715639526,0.5275745250805048,-0.8495087524481897,-0.9570651523559288,-0.2898728930857849,-0.9522369362482304,-0.3053601435102224,9.192989467407278,46.88421333992052,0.6180581964579429,0.1025526560009315,7.066241331070536,53.15521460077029,0.5856440492778963,0.078561016186572,0.1582723575241514,-0.1914130304711857,-0.1714026485246814,607.7777777777777
1104,613.3333333333333,0.3123023373808155,0.1960272102256104,0.1886437975391902,0.1493958064383663,0.1355220647007476,0.1142198930295514,0.1142918313409198,0.1026001877476278,0.1058202398690739,0.1038603746329295,0.2368980203208507,0.1518890296075569,0.1357570273712874,0.1063871427570098,0.0978698482533524,0.0863512250716474,0.0832207996537612,0.0828191384289746,-0.4297872341072202,-0.9029301929819744,-0.9313939547827832,0.3640127758665712,-0.8663162853163362,0.4994958396180135,9.192989467407278,46.88421333992052,0.6180581964579429,0.1025526560009315,7.066241331070536,50.3819697299198,0.5856440492778963,0.078561016186572,-0.128936170232166,-0.1862787909565566,-0.1559369313569405,613.3333333333333
1114,618.8888888888888,0.3113889837411963,0.2069901184402678,0.1912214908902239,0.1412212982387717,0.1348261798808883,0.1186831780712563,0.1091172599357065,0.1040947468532602,0.1165145531460317,0.1020029580520661,0.2476124381006413,0.1526153047818297,0.127649757128523,0.1056546822415541,0.0998103858882064,0.083854470907094,0.0782418762431725,0.0849379751899877,-0.9920045923221472,-0.1262017781640605,-0.5068761353009783,0.8620188997129613,-0.2128064187422862,0.977094380365624,9.192989467407278,46.88421333992052,0.6180581964579429,0.1025526560009315,7.066241331070536,50.3819697299198,0.6530494766557045,0.078561016186572,-0.2976013776966441,-0.1013752270601956,-0.0383051553736115,618.8888888888888
1124,624.4444444444445,0.3011185493988477,0.2043262980455437,0.193939097386871,0.1475153696517773,0.1410288905389846,0.1165831140732534,0.1153259012162872,0.1052417122212524,0.1186208227284176,0.1008593858404428,0.2982830176756269,0.2089927795425893,0.186119342373574,0.155414207463242,0.1534406128229644,0.146222758462009,0.1413737968315346,0.1359771682316351,-0.6421775032196706,0.7665559694885625,0.1346989597330084,0.9908865678001924,0.5801290021527876,0.8145246103471712,9.192989467407278,46.88421333992052,0.6180581964579429,0.1025526560009315,7.066241331070536,50.3819697299198,0.6530494766557045,0.1363768970985825,-0.1926532509659011,0.0269397919466016,0.1044232203875017,624.4444444444445
1134,630.0,0.2704333232606878,0.1718650789144163,0.1573664999449081,0.1270369556972353,0.1178013794844574,0.109468129841683,0.1075870778504043,0.1033919840242918,0.1035356790342203,0.1055302917661853,0.3135077469499875,0.2134450526607375,0.1830329401643103,0.1703510593611508,0.1508276232649691,0.1453069969631635,0.1382238806812668,0.1358686740477819,0.2980646207896799,0.95454569394739,0.7185925282891245,0.6954313613053728,0.9929781071327172,0.118298261843216,6.88339928984581,46.88421333992052,0.6180581964579429,0.1025526560009315,7.066241331070536,50.3819697299198,0.6530494766557045,0.1363768970985825,0.0894193862369039,0.1437185056578249,0.178736059283889,630.0
1144,635.5555555555555,0.260956069263529,0.1632216664646442,0.1417880096837694,0.1193398981775582,0.1234819706995555,0.1044605898693722,0.1033990175531438,0.1032026523717542,0.1023005500861713,0.094493104302778,0.3062399039935582,0.2058441280300202,0.1978756474045693,0.1545150137769585,0.1511955495422299,0.1407680729034835,0.1426854483354531,0.1399543355055663,0.964267507040424,0.2649305095039942,0.9947664676108444,0.1021747273891284,0.7552522725321318,-0.6554342109129264,6.88339928984581,58.66838784614857,0.6180581964579429,0.1025526560009315,7.066241331070536,50.3819697299198,0.6530494766557045,0.1363768970985825,0.2892802521121271,0.1989532935221689,0.1359454090557837,635.5555555555555
1154,641.1111111111111,0.2400382983919934,0.1505817909964167,0.1376860159349724,0.1144898155160226,0.1029791691425491,0.1108931663028563,0.1172242487697487,0.1122139375291234,0.1063000270604009,0.1017984002416167,0.3073563562609361,0.2128805246385111,0.1964898637656961,0.1524706975492559,0.1594147657066924,0.1427255721561628,0.1459350538930941,0.143403551653669,0.7439272942656475,-0.6682605635877316,0.8449560603977716,-0.5348357280484143,0.0227036437116062,-0.9997422390607572,6.88339928984581,58.66838784614857,0.5010357731630865,0.1025526560009315,7.066241331070536,50.3819697299198,0.6530494766557045,0.1363768970985825,0.2231781882796942,0.1689912120795543,0.0040866558680891,641.1111111111111
1164,646.6666666666666,0.2288447028874075,0.1636529547214034,0.1455241089410247,0.1211244280395919,0.1248048183628423,0.1252953474372218,0.1268540641698876,0.1178378113304042,0.120736451813186,0.113534000486266,0.3086622919808875,0.2072221002332346,0.1946467707324188,0.1556418563776036,0.1483464741309622,0.1464713742258875,0.1495639105250562,0.1396629513083123,-0.160376242060473,-0.9870559563583824,0.3333139399549243,-0.9428158979523654,-0.724719856498165,-0.6890436340300077,6.88339928984581,58.66838784614857,0.5010357731630865,0.112946625539663,7.066241331070536,50.3819697299198,0.6530494766557045,0.1363768970985825,-0.0481128726181418,0.0666627879909848,-0.1304495741696696,646.6666666666666
1174,652.2222222222222,0.2220635703744474,0.1600316822404618,0.150895348234214,0.1248037783951107,0.125168064393944,0.1110582443095491,0.1192235737197364,0.1179232659134494,0.1026890713565917,0.1132927746330336,0.3251504208632186,0.2119495498192039,0.2078771868392736,0.1644934673805739,0.1547351986617304,0.1454789724755731,0.1380304117778309,0.1471667676539387,-0.9172306010491283,-0.3983566548949,-0.3210617018978648,-0.9470582788690708,-0.997324653790574,0.0730994866022428,6.88339928984581,58.66838784614857,0.5010357731630865,0.112946625539663,8.431580490951735,50.3819697299198,0.6530494766557045,0.1363768970985825,-0.2751691803147385,-0.0642123403795729,-0.1795184376823033,652.2222222222222
1184,657.7777777777777,0.2173576874619201,0.1555706178759987,0.1423045707852087,0.1233733575390281,0.1178733304088489,0.1207524941886357,0.1128132275698054,0.1188440164541464,0.1142041392153246,0.1206066388554021,0.3398787210314232,0.234170135145892,0.2123139689794502,0.1814299448092036,0.1688015080741918,0.1502144733994086,0.1419864867462567,0.1453861830272622,-0.8307873754588468,0.5565899179631275,-0.8379505428447398,-0.5457461752007118,-0.6165067605711761,0.7873496136850735,6.88339928984581,58.66838784614857,0.5010357731630865,0.112946625539663,8.431580490951735,42.73528103085163,0.6530494766557045,0.1363768970985825,-0.249236212637654,-0.1675901085689479,-0.1109712169028117,657.7777777777777
1194,663.3333333333333,0.2307312942360361,0.1589350140574614,0.1516948295104878,0.1285743325016364,0.1251778329809861,0.11650815667428,0.1131016529725988,0.1268783619877204,0.1189221651875535,0.1162443629829926,0.3124668060508085,0.219316955782075,0.2088564511251732,0.1698514859190898,0.1689226812928852,0.1435790392265045,0.1458809411748093,0.1367172779303516,0.0194779317560243,0.99981028709176,-0.996007611667735,0.0892683454531019,0.1682312650544882,0.9857475546295646,6.88339928984581,58.66838784614857,0.5010357731630865,0.112946625539663,8.431580490951735,42.73528103085163,0.583780730182637,0.1363768970985825,0.0058433795268073,-0.199201522333547,0.0302816277098078,663.3333333333333
1204,668.8888888888888,0.2360807101964506,0.1580177510140059,0.1672819905672152,0.1304081602921666,0.1220984249677229,0.1182018470063302,0.1117653273084709,0.1129738394132735,0.1097616892716624,0.1203848700835048,0.3142039289199902,0.2132799491288824,0.200851679457354,0.1638346583166094,0.1370762645669549,0.1388662599367687,0.1325456320240855,0.1179993852434018,0.8518353183414913,0.5238096891296019,-0.727548844448357,0.6860558861651581,0.8427482854916172,0.5383078369306356,6.88339928984581,58.66838784614857,0.5010357731630865,0.112946625539663,8.431580490951735,42.73528103085163,0.583780730182637,0.1222884416992568,0.2555505955024473,-0.1455097688896714,0.1516946913884911,668.8888888888888
1214,674.4444444444445,0.2318278841579889,0.1643799429670956,0.1406966674530086,0.1184526392613468,0.1291580328523392,0.1162310092216972,0.1105065307645317,0.1066459985362232,0.1109146604666937,0.1106072591084281,0.3165293615893746,0.212710180488961,0.1965381368412652,0.1602165612311377,0.1493067329956758,0.1273372921960081,0.1250055221631245,0.1333509338335874,0.901019241683639,-0.4337791213461526,-0.1475351252221657,0.9890568167833838,0.9651172666346476,-0.261817993353525,6.4456678069907545,58.66838784614857,0.5010357731630865,0.112946625539663,8.431580490951735,42.73528103085163,0.583780730182637,0.1222884416992568,0.2703057725050917,-0.0295070250444331,0.1737211079942365,674.4444444444445
1224,680.0,0.2253098290699318,0.161962276038716,0.1422393185151111,0.1198794145558905,0.1262456013634305,0.1133626203552305,0.1226269509482625,0.1140441997349061,0.1071379024544888,0.1144054473221107,0.3087635793795067,0.2011763988288964,0.1961432005787581,0.156056174119514,0.1485605930482325,0.1383547655184736,0.1372908798880421,0.1270953093802261,0.1218102294849817,-0.9925534081311777,0.4956568935898819,0.8685184188241655,0.4551650486306003,-0.8904070858349585,6.4456678069907545,52.569238957325815,0.5010357731630865,0.112946625539663,8.431580490951735,42.73528103085163,0.583780730182637,0.1222884416992568,0.0365430688454945,0.0991313787179763,0.081929708753508,680.0
1234,685.5555555555555,0.2681106176562564,0.1803425970207664,0.1587630353126091,0.1279422798733166,0.1280692261843142,0.1195466486589934,0.1126330573819461,0.1087193513933942,0.1153077384569616,0.1177086653612205,0.2927742458441462,0.2042573642194372,0.1929377417676804,0.1528559632652191,0.152254813088465,0.1283472013105557,0.1347399390858231,0.1302933960708967,-0.7693905459455131,-0.6387786688749595,0.9265960019993038,0.3760583054247122,-0.3530001630788932,-0.93562326011396,6.4456678069907545,52.569238957325815,0.6586047316196068,0.112946625539663,8.431580490951735,42.73528103085163,0.583780730182637,0.1222884416992568,-0.2308171637836539,0.1853192003998607,-0.0635400293542007,685.5555555555555
1244,691.1111111111111,0.2451781241248285,0.14650052709275,0.1294562970907878,0.0967622359915597,0.0927454183400045,0.092947585034958,0.0869785722963828,0.0728082789544049,0.0841112613604265,0.0806079950011157,0.2903122739969647,0.2067967327655009,0.1971909711896477,0.1511638383979039,0.1440151719819964,0.1269361508535366,0.1336960833452408,0.1259303637299672,-0.9532172016599972,0.3022862326661346,0.9607430941263252,-0.2774395557388581,-0.92988831226573,-0.3678419860641145,6.4456678069907545,52.569238957325815,0.6586047316196068,0.0769505374233312,8.431580490951735,42.73528103085163,0.583780730182637,0.1222884416992568,-0.2859651604979991,0.192148618825265,-0.1673798962078314,691.1111111111111
1254,696.6666666666666,0.2429251047297283,0.149347729265705,0.1345802636770032,0.1018817808117002,0.0904192015648786,0.0809431207658156,0.0783158148229755,0.0747686847180599,0.0732167016858657,0.0725315192512549,0.3022977983968503,0.2057451596057824,0.1851780344714813,0.1590846346652618,0.1397078314138619,0.1407675201812928,0.1177487835001938,0.1223141514020281,-0.2606603581546308,0.9654305659583704,0.5834755151073104,-0.8121307304062929,-0.8975364105155246,0.4409403494792779,6.4456678069907545,52.569238957325815,0.6586047316196068,0.0769505374233312,8.17754826165326,42.73528103085163,0.583780730182637,0.1222884416992568,-0.0781981074463892,0.116695103021462,-0.1615565538927944,696.6666666666666
1264,702.2222222222222,0.2543871776021525,0.145570939912421,0.1392572259355105,0.1029082382599617,0.0940270861729644,0.0865332706420733,0.0798636098394822,0.0761116651661047,0.0721935962593848,0.0774778022063278,0.2951762787568845,0.205067087647554,0.1970030965864995,0.1541920332483157,0.1456993582962385,0.1252802687749218,0.1275591356916684,0.1294765871922677,0.6715464165412728,0.7409624892196469,-0.0436511455301086,-0.9990468344847048,-0.2771406316162536,0.9608293658643786,6.4456678069907545,52.569238957325815,0.6586047316196068,0.0769505374233312,8.17754826165326,44.52846965394288,0.583780730182637,0.1222884416992568,0.2014639249623818,-0.0087302291060217,-0.0498853136909256,702.2222222222222
1274,707.7777777777777,0.2678120212429252,0.1484225983445911,0.1375218845506615,0.1003529668451616,0.09251326835985,0.0883375886747825,0.0874052338902827,0.0838419319884474,0.0794763816624206,0.0784214991998013,0.2949007612093636,0.2045866070554145,0.1842435824368919,0.1575024407596319,0.1491785822465022,0.1378219703827266,0.1315279838938005,0.1231729105477382,0.9863365128641004,-0.1647430829840408,-0.6520852734881984,-0.7581456298758317,0.5248309024521668,0.8512065106842429,6.4456678069907545,52.569238957325815,0.6586047316196068,0.0769505374233312,8.17754826165326,44.52846965394288,0.5397042295985346,0.1222884416992568,0.2959009538592301,-0.1304170546976397,0.09446956244139,707.7777777777777
1284,713.3333333333333,0.2449431963145829,0.131318139560176,0.1385668710148768,0.1003978553696459,0.0860358419336952,0.0802262152756805,0.0849921185740511,0.0793556148762753,0.0772279795707089,0.0776332813343769,0.2429939899144457,0.1508108491347239,0.1256538274102274,0.0961527163049532,0.0837318513673461,0.0604994178316394,0.0618785379050603,0.0559992487732234,0.3942933679835435,-0.9189846244438444,-0.9812798732191252,-0.1925871501815676,0.9829460813802384,0.1838939941902237,6.4456678069907545,52.569238957325815,0.6586047316196068,0.0769505374233312,8.17754826165326,44.52846965394288,0.5397042295985346,0.0544690425825527,0.118288010395063,-0.196255974643825,0.1769302946484429,713.3333333333333
1294,718.8888888888888,0.2676892740191028,0.1594360700741026,0.140164173704449,0.1005264007938857,0.0818092202141577,0.0829404927449866,0.0799466419839361,0.0757207654429241,0.0681751835500076,0.0778642262608184,0.2314545447768052,0.1458349619972662,0.1217987071145847,0.0838548247272231,0.0808140457517466,0.066348540699274,0.0621809169827113,0.056648805132935,-0.5602612810440533,-0.8283159403047103,-0.8902654297512648,0.4554420540417802,0.7970590583349059,-0.6039013640705518,6.97409928821487,52.569238957325815,0.6586047316196068,0.0769505374233312,8.17754826165326,44.52846965394288,0.5397042295985346,0.0544690425825527,-0.1680783843132159,-0.1780530859502529,0.143470630500283,718.8888888888888
1304,724.4444444444445,0.2669622712464127,0.1593420353160033,0.138561948293649,0.1020921822678231,0.0949476362146253,0.0785240770021901,0.0830768628531838,0.0895508160222751,0.0821424714382313,0.0853862429088508,0.2310527333804509,0.1346010292721594,0.1260548747678022,0.0829349778764882,0.0855316781550408,0.0627365970122514,0.0574649796713857,0.0659935584153569,-0.9997142920570232,0.0239025993759018,-0.4180166466841374,0.9084393667686076,0.0889584587831572,-0.9960353370292268,6.97409928821487,46.92122878224957,0.6586047316196068,0.0769505374233312,8.17754826165326,44.52846965394288,0.5397042295985346,0.0544690425825527,-0.299914287617107,-0.0836033293368274,0.0160125225809683,724.4444444444445
1314,730.0,0.2781560928556696,0.1650601210707895,0.1509074066958584,0.104319683405852,0.1055251512885676,0.0896975148509651,0.0836378821392027,0.0842158328613873,0.0846462442978797,0.0763594166722854,0.2386516893309356,0.1481153367407297,0.1228594465428511,0.0933114677227795,0.0764732893080365,0.0641659108483487,0.056828715026169,0.0492068428645843,-0.5200345933714359,0.8541451994227945,0.2332375149077293,0.9724197970216704,-0.6774255445337909,-0.735591348245136,6.97409928821487,46.92122878224957,0.6896248122821629,0.0769505374233312,8.17754826165326,44.52846965394288,0.5397042295985346,0.0544690425825527,-0.1560103780114307,0.0466475029815458,-0.1219365980160823,730.0
1324,735.5555555555555,0.292546328215647,0.1779947361997972,0.161658875806569,0.114569988663914,0.110815524828987,0.1001379992999293,0.085443238673693,0.0976246292614538,0.0923619407646194,0.0846172157285199,0.2433818473299684,0.15144849310133,0.1283224601075776,0.0855551733450173,0.0800818283183353,0.0595876047811054,0.0665183539921414,0.0567046690333749,0.4377625121974489,0.899090642212774,0.7846134300866648,0.6199852944446652,-0.999976919981468,0.0067940786260353,6.97409928821487,46.92122878224957,0.6896248122821629,0.0859999076416681,8.17754826165326,44.52846965394288,0.5397042295985346,0.0544690425825527,0.1313287536592346,0.1569226860173329,-0.1799958455966642,735.5555555555555
1334,741.1111111111111,0.2888100135233448,0.186296866271358,0.1585446689586327,0.1238499646361131,0.1113797920017318,0.1005811429832822,0.1042653043257735,0.0901230263650268,0.0889040762080303,0.082538591122893,0.229772404784936,0.1379932445997886,0.1081849611532507,0.0798933618595252,0.0777920839417323,0.0579216020947967,0.0652230717577492,0.0641671558266209,0.993082782897255,0.1174162949212905,0.999997883771495,0.0020572925245551,-0.6673679050582203,0.7447281915559544,6.97409928821487,46.92122878224957,0.6896248122821629,0.0859999076416681,7.020204202262519,44.52846965394288,0.5397042295985346,0.0544690425825527,0.2979248348691765,0.199999576754299,-0.1201262229104796,741.1111111111111
1344,746.6666666666666,0.2960195916549281,0.1742091494659325,0.1499492431470498,0.117574006750541,0.110204174562837,0.0912983182645391,0.0899110805342884,0.0916804945824908,0.0906944838365543,0.0864448246580091,0.2261234986077945,0.1295774542841314,0.1124635987335028,0.0809182134368689,0.0795955907843281,0.055493161096629,0.0605423899056881,0.0637257371662526,0.6353673228372488,-0.7722100524278528,0.7871577652331881,-0.6167516944711973,0.1024842186430508,0.9947346304060812,6.97409928821487,46.92122878224957,0.6896248122821629,0.0859999076416681,7.020204202262519,45.43049239617571,0.5397042295985346,0.0544690425825527,0.1906101968511746,0.1574315530466376,0.0184471593557491,746.6666666666666
1354,752.2222222222222,0.2815126164032365,0.1738627428239966,0.1479502353341959,0.114665977235378,0.1131572218635825,0.099693656776482,0.0995650355111118,0.0834334481571973,0.08359610742483,0.084380403407834,0.2676715976012172,0.1505955746257826,0.1213349663730512,0.095209892296213,0.0799457190428663,0.0697343043236374,0.0669531879844281,0.0717805690508253,-0.3065019236927904,-0.9518700388039424,0.2372366360653424,-0.9714518920195688,0.8051911919399743,0.5930152986410075,6.97409928821487,46.92122878224957,0.6896248122821629,0.0859999076416681,7.020204202262519,45.43049239617571,0.6904078981415044,0.0544690425825527,-0.0919505771078371,0.0474473272130684,0.1449344145491953,752.2222222222222
1364,757.7777777777777,0.284398649091676,0.1550684528568139,0.1495224311794933,0.1108606508254786,0.0998049012586896,0.0907199416318163,0.0922850472839584,0.0881899098708197,0.0900745542855927,0.0852160540566654,0.2716766750918829,0.1609542554131611,0.1404151880823749,0.0924363656683817,0.0847004912656428,0.0713704968718532,0.0787948185482696,0.0670475542653355,-0.9665747150857268,-0.2563851012772511,-0.4142752650865518,-0.9101516383204872,0.9803566139334766,-0.1972331349365218,6.97409928821487,46.92122878224957,0.6896248122821629,0.0859999076416681,7.020204202262519,45.43049239617571,0.6904078981415044,0.0666717314470669,-0.289972414525718,-0.0828550530173103,0.1764641905080257,757.7777777777777
1374,763.3333333333333,0.3306867928445476,0.193514884978539,0.1918357226161195,0.1316088065338818,0.1150482574597705,0.1165767685001096,0.0928474771734723,0.0968482474979818,0.0978146343669569,0.0829332900423967,0.2646853718324501,0.1565995907806671,0.1465402371996343,0.0990060476567405,0.0975122558866089,0.0765931010451059,0.0798991053272344,0.0679903623385632,-0.7379831710164991,0.674819115983263,-0.8883839426383482,-0.4591012638431135,0.5132163896133758,-0.8582592483814034,9.537263202817886,46.92122878224957,0.6896248122821629,0.0859999076416681,7.020204202262519,45.43049239617571,0.6904078981415044,0.0666717314470669,-0.2213949513049497,-0.1776767885276696,0.0923789501304076,763.3333333333333
1384,768.8888888888888,0.3373672204820442,0.2038603253931812,0.1869281417710654,0.129303458822964,0.1305912525100595,0.1111306000494684,0.0956214611831704,0.0869742589640522,0.0945413120342235,0.0869876486664473,0.2757892346305355,0.1579739540564239,0.1431819064306255,0.1012937830217754,0.1023779468652548,0.0723938044362,0.0637288439134728,0.0754335403021024,0.1691066971015343,0.9855977500965644,-0.9820639813100092,0.1885479689986971,-0.2901706454532042,-0.9569749194818382,9.537263202817886,50.31045338212542,0.6896248122821629,0.0859999076416681,7.020204202262519,45.43049239617571,0.6904078981415044,0.0666717314470669,0.0507320091304603,-0.1964127962620018,-0.0522307161815767,768.8888888888888
1394,774.4444444444445,0.2992499296348829,0.1838931658785863,0.1807683843587697,0.1187827444355216,0.1338308080760754,0.1089832515400286,0.102335914568154,0.0886054384461818,0.0870707988174963,0.0966272042926307,0.2760175173102737,0.1651703398601816,0.1402676610972922,0.1064367051625676,0.0867897636448516,0.0845908184598654,0.0684484739322287,0.0696557266281609,0.9207206477799073,0.3902223580879855,-0.6551992017205003,0.7554561576059985,-0.903444979365814,-0.4287040578985739,9.537263202817886,50.31045338212542,0.6042332258052447,0.0859999076416681,7.020204202262519,45.43049239617571,0.6904078981415044,0.0666717314470669,0.2762161943339721,-0.1310398403441,-0.1626200962858465,774.4444444444445
1404,780.0,0.3299003513443867,0.219618704558927,0.2133846678755593,0.1726361969165638,0.1650144177566193,0.1464920345402601,0.1422909521002619,0.1419037188621459,0.1383581152576221,0.1264050366027222,0.2844069169111395,0.1612469053138269,0.1399418866273445,0.1003825738184276,0.0995943245090845,0.0742431032475223,0.079037024999507,0.0630036817873219,0.825828281010248,-0.5639216703440815,-0.0477614304967349,0.9988587716774108,-0.9248042865086724,0.3804432042436628,9.537263202817886,50.31045338212542,0.6042332258052447,0.1344810785574001,7.020204202262519,45.43049239617571,0.6904078981415044,0.0666717314470669,0.2477484843030744,-0.0095522860993469,-0.166464771571561,780.0
1414,785.5555555555555,0.3313547473450187,0.219195886284422,0.2140445855401815,0.1735793150360308,0.1559825092307172,0.152647195777872,0.151732917669823,0.1428896229699835,0.1398476505795875,0.133286826056785,0.3075928375155633,0.1771978787137203,0.1501632901083681,0.1014546303875379,0.1001482703918416,0.0802701531165185,0.071727428870175,0.0737068536480973,-0.0283267988179891,-0.9995987157198258,0.5801290021527761,0.8145246103471794,-0.3402544718920394,0.9403333953218238,9.537263202817886,50.31045338212542,0.6042332258052447,0.1344810785574001,8.228302254645119,45.43049239617571,0.6904078981415044,0.0666717314470669,-0.0084980396453967,0.1160258004305552,-0.061245804940567,785.5555555555555
1424,791.1111111111111,0.3173432489517656,0.2139849632978495,0.2067579661115024,0.1675826271588893,0.1625132010676489,0.1491261007131065,0.1487416188433747,0.1436619249382378,0.1385194591242733,0.1288228794677234,0.2842128317319911,0.1615492781001353,0.1519303759671256,0.1105403394571326,0.088118281874701,0.0751329814114085,0.0761696994647143,0.0734463792289309,-0.8564383504486782,-0.5162493117484488,0.9595934152949462,0.2813902580449096,0.4672217405002269,0.884140172825519,9.537263202817886,50.31045338212542,0.6042332258052447,0.1344810785574001,8.228302254645119,51.613057277056456,0.6904078981415044,0.0666717314470669,-0.2569315051346034,0.1919186830589892,0.0840999132900408,791.1111111111111
1434,796.6666666666666,0.3194060804481303,0.2230186324786309,0.2139520221554777,0.1643612173021381,0.1617634131846065,0.1502721315095815,0.145350254908215,0.1416432800303559,0.1453868149654611,0.1354533409915162,0.2480272959202934,0.1386087034319266,0.1312558372031341,0.0877045113922257,0.0803266952710441,0.079165356687909,0.0677625358093509,0.070140246560805,-0.8971444323446928,0.4417373286387726,0.9281354790587132,-0.3722425721387241,0.968585709920341,0.24867996006536,9.537263202817886,50.31045338212542,0.6042332258052447,0.1344810785574001,8.228302254645119,51.613057277056456,0.5853299007672517,0.0666717314470669,-0.2691433297034078,0.1856270958117426,0.1743454277856613,796.6666666666666
1444,802.2222222222222,0.327099827506814,0.2159384313764461,0.2105814766545449,0.169017261493429,0.1635520017233048,0.1417083054472345,0.148419797927455,0.1364288412270372,0.1388443884589078,0.1376535307168452,0.2949709653640247,0.2042359335661945,0.1906016388559543,0.1582444534427945,0.156690835493532,0.1377893732774283,0.1394633596866941,0.1425337658994195,-0.1130200605365233,0.9935927062515708,0.4992262832397654,-0.8664716487702351,0.835356041088414,-0.54970927281345,9.537263202817886,50.31045338212542,0.6042332258052447,0.1344810785574001,8.228302254645119,51.613057277056456,0.5853299007672517,0.131728178912742,-0.033906018160957,0.099845256647953,0.1503640873959145,802.2222222222222
1454,807.7777777777777,0.3031062493964238,0.2053670953869517,0.1848203570999511,0.1593762616648439,0.1589920898101925,0.1372309597564091,0.1432174222400502,0.1499211157581247,0.1392439541993015,0.1330574016741722,0.3131371124030953,0.2147030893858514,0.1924755090899098,0.1669757334276915,0.1634849742121396,0.1363787405122805,0.1329088253191704,0.1312304971365323,0.77501443371023,0.6319435319241834,-0.1434643265724233,-0.9896554890471336,0.1548215504728339,-0.9879424515168824,7.717267679702043,50.31045338212542,0.6042332258052447,0.1344810785574001,8.228302254645119,51.613057277056456,0.5853299007672517,0.131728178912742,0.232504330113069,-0.0286928653144846,0.0278678790851101,807.7777777777777
1464,813.3333333333333,0.2982433834743149,0.1975747555111628,0.1933077693938262,0.1546193606136204,0.1525903829314576,0.1426180146634166,0.1438199601321509,0.1276866947509292,0.1318826215943076,0.1312819826700351,0.3034612807896124,0.2114401291693091,0.1972742147391665,0.1600229067066529,0.1636981079492069,0.1395131066538484,0.1397763326758554,0.1374325652346688,0.9505042317659508,-0.3107116112973889,-0.724719856498165,-0.6890436340300077,-0.6271482287166843,-0.7788999288853,7.717267679702043,58.45519152336935,0.6042332258052447,0.1344810785574001,8.228302254645119,51.613057277056456,0.5853299007672517,0.131728178912742,0.2851512695297852,-0.144943971299633,-0.1128866811690031,813.3333333333333
1474,818.8888888888888,0.2583945565872517,0.1764158294873087,0.1739821673492691,0.1493696797605352,0.1476812610291082,0.1457585852257224,0.1426020794612635,0.1332032789718473,0.1385877434700435,0.132592279653174,0.3105882941299435,0.204052386212784,0.1967566807168909,0.1710699094375754,0.1582865815288209,0.1496364166357161,0.1385240716324607,0.1325707111558134,0.2521048226109057,-0.967699932012152,-0.995631879135598,-0.0933657391601335,-0.998225846161038,-0.0595412466789186,7.717267679702043,58.45519152336935,0.5137430704243723,0.1344810785574001,8.228302254645119,51.613057277056456,0.5853299007672517,0.131728178912742,0.0756314467832717,-0.1991263758271196,-0.1796806523089868,818.8888888888888
1484,824.4444444444443,0.2147815286111374,0.1199811100422945,0.1179804105893056,0.0946148839165838,0.0795753453641207,0.0694800311267893,0.0849413699214759,0.0677520813859015,0.065884473859858,0.0641285614064841,0.2880241055456372,0.1979576505605928,0.1955490560345774,0.166894327292264,0.1543626459018351,0.1497662161056666,0.1323305441552588,0.1348933059342094,-0.6780785978116494,-0.7349893980118267,-0.84018896397399,0.5422937440320635,-0.7152903339210259,0.6988274022955505,7.717267679702043,58.45519152336935,0.5137430704243723,0.0644995292851744,8.228302254645119,51.613057277056456,0.5853299007672517,0.131728178912742,-0.2034235793434948,-0.168037792794798,-0.1287522601057846,824.4444444444443
1494,830.0,0.2112659472334944,0.1244464155793392,0.1060927430498763,0.0857079048696976,0.0856452385789903,0.0740394593092153,0.0789882768086158,0.0680729955327875,0.077907325159456,0.0623903052015337,0.280851022972792,0.2056218035955829,0.1857347016307678,0.1532090259705187,0.147578024402646,0.1364523929676114,0.1348639436189812,0.1318408844283037,-0.984839682525844,0.1734669989433003,-0.3249557277294924,0.9457292292277932,0.036285888955535,0.9993414502874912,7.717267679702043,58.45519152336935,0.5137430704243723,0.0644995292851744,7.558544459633577,51.613057277056456,0.5853299007672517,0.131728178912742,-0.2954519047577532,-0.0649911455458984,0.0065314600119963,830.0
1504,835.5555555555555,0.2121174193718396,0.1290609568484939,0.1140351715959766,0.0780714516304774,0.083549419210086,0.0776947648055745,0.0628732547216626,0.068723621788984,0.0660846005429288,0.0618144843113669,0.2706799942650476,0.1869553257999659,0.1837640633294067,0.1457330536683683,0.1483866096036848,0.1394711182125163,0.135900628369595,0.143631633130569,-0.3861437049466708,0.9224386370540094,0.3294318304957787,0.9441793627569924,0.7640884859632961,0.6451114520905034,7.717267679702043,58.45519152336935,0.5137430704243723,0.0644995292851744,7.558544459633577,59.018763911637,0.5853299007672517,0.131728178912742,-0.1158431114840012,0.0658863660991557,0.1375359274733933,835.5555555555555
1514,841.1111111111111,0.2080331647824838,0.114261067610361,0.1123076851124739,0.0879417573506689,0.0828024692703607,0.0715996322456105,0.0722978963251573,0.0683301331614505,0.0606614904930105,0.0654681376965283,0.2816213793515432,0.1903761951172874,0.168037997541838,0.1496487969182531,0.1506180512682748,0.1343588217599666,0.1414909238701537,0.1343533604590609,0.5675710141675148,0.8233244463010063,0.8427482854916095,0.5383078369306475,0.9912790180936806,-0.1317797719197775,7.717267679702043,58.45519152336935,0.5137430704243723,0.0644995292851744,7.558544459633577,59.018763911637,0.5501998493329516,0.131728178912742,0.1702713042502544,0.1685496570983219,0.1784302232568625,841.1111111111111
1524,846.6666666666666,0.2212690588830042,0.122131801077595,0.1232016049572083,0.0825340697054614,0.0777929983418153,0.0668459425676679,0.0799403989863601,0.0735304468618726,0.0570738329270758,0.051998646280949,0.2725608355826391,0.182453451560938,0.165164158198243,0.1383053445886547,0.1431685074841753,0.1253488684293432,0.1259227435262696,0.1184233372086127,0.9994635603439508,-0.0327504434259121,0.9951784527231704,-0.0980808199166192,0.5690078121743521,-0.8223321164131662,7.717267679702043,58.45519152336935,0.5137430704243723,0.0644995292851744,7.558544459633577,59.018763911637,0.5501998493329516,0.1209058720893163,0.2998390681031852,0.1990356905446341,0.1024214061913833,846.6666666666666
1534,852.2222222222222,0.2374807256412827,0.1282613062640556,0.1168718952904825,0.0875286451555641,0.0843414278720687,0.0742622043951296,0.0737561864180051,0.069214099207462,0.0639573540087882,0.0601525025477755,0.2738962977704836,0.1706001280276695,0.1720654302064606,0.1419475055446899,0.1293662295871996,0.1203305830004396,0.1238877609800982,0.1221214777196037,0.5124539184025196,-0.8587147265034552,0.7214478508981023,-0.6924687707286947,-0.2260633783237695,-0.9741125956381244,8.5647078399955,58.45519152336935,0.5137430704243723,0.0644995292851744,7.558544459633577,59.018763911637,0.5501998493329516,0.1209058720893163,0.1537361755207558,0.1442895701796204,-0.0406914080982785,852.2222222222222
1544,857.7777777777777,0.233614065320339,0.1273709004535341,0.1214652772377566,0.0885394761014265,0.0871064818647556,0.0719351365054311,0.074909522199838,0.0587503562560234,0.0697829571962583,0.058716577850183,0.2605592823802691,0.175757048461064,0.1603077192669176,0.1385121723752396,0.1350165091492141,0.1272963590910696,0.1221295168061837,0.118686615689025,-0.4457034928158865,-0.8951806501995667,0.138774897948261,-0.9903239508865016,-0.8730233792217382,-0.4876783564320412,8.5647078399955,54.34171808562246,0.5137430704243723,0.0644995292851744,7.558544459633577,59.018763911637,0.5501998493329516,0.1209058720893163,-0.1337110478447659,0.0277549795896522,-0.1571442082599128,857.7777777777777
1554,863.3333333333333,0.2615901288975488,0.1541504762364605,0.1476142560310589,0.0972143353514409,0.0909475782193964,0.0625429132041147,0.0718591885288195,0.0651279823698541,0.0676868842727652,0.0674754477945772,0.2595441705464603,0.1793096226789949,0.1666640772286774,0.1364707570461226,0.1252042643249359,0.1236828558051309,0.1251826043709218,0.1272205777002068,-0.9940831682063098,-0.1086216124392632,-0.5033250020717622,-0.8640971833592912,-0.947999840795143,0.31827079955972,8.5647078399955,54.34171808562246,0.6259244365680406,0.0644995292851744,7.558544459633577,59.018763911637,0.5501998493329516,0.1209058720893163,-0.2982249504618929,-0.1006650004143524,-0.1706399713431257,863.3333333333333
1564,868.8888888888888,0.3183789406351474,0.2207692529252074,0.2140163774376675,0.1702840820921501,0.1771829745161647,0.1426504243247086,0.1492404371090801,0.1570600304310072,0.1532353582098412,0.147011374048389,0.2421773689381458,0.1785697632192327,0.1666778223797544,0.1344080811905659,0.1314935290419347,0.1169183621417028,0.1325465155425364,0.127221087984092,-0.6285073631972635,0.777803634863468,-0.92988831226573,-0.3678419860641145,-0.4018700214571337,0.915696721548157,8.5647078399955,54.34171808562246,0.6259244365680406,0.145734106269237,7.558544459633577,59.018763911637,0.5501998493329516,0.1209058720893163,-0.188552208959179,-0.185977662453146,-0.072336603862284,868.8888888888888
1574,874.4444444444443,0.3275384488915755,0.2201448574785628,0.213709589717513,0.1728243146692001,0.1753926709370356,0.1548853057445791,0.1573619751388605,0.1435145372103433,0.1433365200133792,0.1489958296903669,0.2542051086526776,0.1853853940186559,0.1508322756804881,0.1288340740424258,0.134803894195459,0.1340687336412893,0.1293837888791466,0.1256306988206003,0.3149152130251381,0.949119807297968,-0.95824975503826,0.2859325217059348,0.4075551948797279,0.913180575311667,8.5647078399955,54.34171808562246,0.6259244365680406,0.145734106269237,6.998044377633975,59.018763911637,0.5501998493329516,0.1209058720893163,0.0944745639075414,-0.191649951007652,0.073359935078351,874.4444444444443
1584,880.0,0.3344264364068924,0.21956273779681,0.2197377669978112,0.1889450587481213,0.1657276195071999,0.1505098109109473,0.1534261426477958,0.1489361409168956,0.1515755120583672,0.1399817333957668,0.2765456983652126,0.1869071627449119,0.1682481089445876,0.1434270139181019,0.137710646050452,0.1279207309528826,0.1216849269760997,0.1246265518139136,0.9688061946981408,0.247819605992965,-0.576264237988675,0.8172634385651494,0.9499602278107246,0.312370878248591,8.5647078399955,54.34171808562246,0.6259244365680406,0.145734106269237,6.998044377633975,47.96551119358741,0.5501998493329516,0.1209058720893163,0.2906418584094422,-0.115252847597735,0.1709928410059304,880.0
1594,885.5555555555555,0.3310046724303519,0.2225526962464389,0.2261542692463374,0.1738774138869407,0.1770597571329859,0.1512485500928291,0.1522598228968546,0.1522052786799617,0.1560147876713241,0.1489413699550525,0.2667114322845941,0.1766760906896327,0.1681505848333915,0.1429004006942454,0.13269133114607,0.132069444695494,0.1229272780494593,0.1146269736999446,0.7319812288443485,-0.6813247981833023,0.0524923080849972,0.9986213284283036,0.869974582263995,-0.4930965688529857,8.5647078399955,54.34171808562246,0.6259244365680406,0.145734106269237,6.998044377633975,47.96551119358741,0.5405823504427032,0.1209058720893163,0.2195943686533045,0.0104984616169994,0.1565954248075191,885.5555555555555
1604,891.1111111111111,0.3225277493763759,0.2189545345253865,0.2149026714510575,0.1791079288659426,0.1811743398896319,0.1604444328469427,0.1552547223370082,0.1355195700831154,0.1381643377269504,0.145872246706715,0.1792526914736029,0.0869073892200521,0.0692280492431242,0.0276116517844602,0.0254299190261225,0.0183633587044377,0.016172018167706,0.0042757934176697,-0.1778239031045208,-0.9840623250001364,0.6587703104142202,0.752344122138767,0.2200028944999774,-0.9754992190727944,8.5647078399955,54.34171808562246,0.6259244365680406,0.145734106269237,6.998044377633975,47.96551119358741,0.5405823504427032,0.0076056082908405,-0.0533471709313562,0.131754062082844,0.0396005210099959,891.1111111111111
1614,896.6666666666666,0.2983722591730989,0.198445939160986,0.1910706186996082,0.1570420986043704,0.1603758080317364,0.1406892179069303,0.1477534975954662,0.1485416683682721,0.151015018633305,0.1546909225533216,0.1730719544063144,0.086715469858651,0.0656538202182317,0.03143241499334,0.0333346860128526,0.0109739375676678,0.0091265701132575,0.0086272796489528,-0.9241385586160584,-0.3820574884477913,0.9829460813802356,0.1838939941902376,-0.5741093022730025,-0.8187786691430147,7.081306223921086,54.34171808562246,0.6259244365680406,0.145734106269237,6.998044377633975,47.96551119358741,0.5405823504427032,0.0076056082908405,-0.2772415675848175,0.1965892162760471,-0.1033396744091404,896.6666666666666
1624,902.2222222222222,0.2940367073401349,0.1983188435078401,0.1828762741392113,0.1637625425739183,0.1557505750898227,0.1483650669613003,0.1514639883526748,0.1426793239788701,0.1438757884193728,0.1450593960188455,0.177889226880604,0.0854886243732142,0.0715685633657571,0.0348896616329859,0.02412563246988,0.0162976215989767,0.0116998492150839,0.0197932823901943,-0.8208044852193098,0.5712092410350728,0.8861992963604775,-0.4633042274037597,-0.9920791430806608,-0.1256143855788084,7.081306223921086,58.30928794247816,0.6259244365680406,0.145734106269237,6.998044377633975,47.96551119358741,0.5405823504427032,0.0076056082908405,-0.2462413455657929,0.1772398592720955,-0.1785742457545189,902.2222222222222
1634,907.7777777777776,0.3141909695822196,0.2122849459422934,0.1919395585022195,0.1715029836936996,0.1580305382230965,0.1434124748441506,0.1546394494510164,0.1487168712023091,0.1513985577260995,0.1477617170963721,0.1797192309996126,0.0803510311274895,0.0618267070836713,0.0236771753760421,0.033186935676914,0.0182236384886861,0.0219212959841134,0.0074425047943539,0.0371734465542777,0.99930882857667,0.4099593936581375,-0.9121037745516968,-0.760063023540733,0.6498493673507109,7.081306223921086,58.30928794247816,0.6680337634316779,0.145734106269237,6.998044377633975,47.96551119358741,0.5405823504427032,0.0076056082908405,0.0111520339662833,0.0819918787316275,-0.1368113442373319,907.7777777777776
1644,913.3333333333331,0.2260851016267461,0.0925793879689159,0.0806432816222037,0.0400564885221386,0.0377015887615512,0.0281835295306409,0.0152344130740729,0.009590662354758,0.0158062160123994,0.0177353693245242,0.1881296146569446,0.0917254753240231,0.0678667543497872,0.040435096070509,0.0216869140605137,0.0123591115125293,0.0151331261069834,0.0105009382325477,0.8609742829999781,0.5086484876736325,-0.241835566536915,-0.9703172464497214,-0.0300722235264832,0.9995477284112916,7.081306223921086,58.30928794247816,0.6680337634316779,0.0168608612238868,6.998044377633975,47.96551119358741,0.5405823504427032,0.0076056082908405,0.2582922848999934,-0.048367113307383,-0.0054130002347669,913.3333333333331
1654,918.8888888888888,0.2372938573513897,0.0943961737931446,0.0867785229687313,0.0488676107447391,0.0407602271149847,0.0304554507680912,0.020595743340726,0.0109750841478768,0.0249179784706555,0.0234898442747733,0.2109367533084636,0.090204841063026,0.0734319822643408,0.0439128947599474,0.0251230934506652,0.023556187467536,0.0085014794338488,0.0109989889243864,0.8931993342418353,-0.4496609270438585,-0.7900703755464241,-0.6130161512423081,0.7196211609287135,0.6943668949075916,7.081306223921086,58.30928794247816,0.6680337634316779,0.0168608612238868,7.811337075950596,47.96551119358741,0.5405823504427032,0.0076056082908405,0.2679598002725505,-0.1580140751092848,0.1295318089671684,918.8888888888888
1664,924.4444444444443,0.2219463872190739,0.1005272317391747,0.0848459629615845,0.0275663702791249,0.0368156901849592,0.02129699123383,0.029515409139939,0.0128211129184998,0.0192998045532001,0.0112780210135884,0.1986426617026725,0.0957506651423812,0.074725483314682,0.0449899045286364,0.0325953451069414,0.0251694359211843,0.0210784245801984,0.0045382862062245,0.1042210367815234,-0.9945541591548368,-0.999976919981468,0.0067940786260353,0.9978363829459366,-0.0657461243676775,7.081306223921086,58.30928794247816,0.6680337634316779,0.0168608612238868,7.811337075950596,49.583929897792494,0.5405823504427032,0.0076056082908405,0.031266311034457,-0.1999953839962936,0.1796105489302685,924.4444444444443
1674,930.0,0.2165925192488483,0.094253731555413,0.07763108355503,0.0470525063638411,0.0464906135896101,0.02907072896245,0.0164276044337282,0.0167938230954654,0.0107384579439884,0.0126815012084869,0.2306110292084427,0.1016221780476193,0.0803433857654345,0.0379290273489709,0.0314329272680537,0.0176361345776148,0.0144209722318959,0.0135401140018288,-0.7805776012557846,-0.6250588839603557,-0.7816678694223893,0.6236949109241333,0.6222936420400873,-0.7827838929592789,7.081306223921086,58.30928794247816,0.6680337634316779,0.0168608612238868,7.811337075950596,49.583929897792494,0.6189369740976557,0.0076056082908405,-0.2341732803767353,-0.1563335738844778,0.1120128555672157,930.0
1684,935.5555555555557,0.2165753800438434,0.0878315370171782,0.0738199685335463,0.0424416010031662,0.0353779405452704,0.0228479742662346,0.0283291412859565,0.0136971941762615,0.0240322888896841,0.01593048830655,0.2801093709705035,0.177064401949718,0.1735376260534269,0.1246312322086033,0.1177980359411481,0.1000605249089485,0.1060118758239107,0.0961621229840494,-0.9477167925165668,0.3191126465405444,-0.2286287214939565,0.9735136915873546,-0.1609606543003303,-0.9869608238259558,7.081306223921086,58.30928794247816,0.6680337634316779,0.0168608612238868,7.811337075950596,49.583929897792494,0.6189369740976557,0.0988912509913594,-0.2843150377549701,-0.0457257442987913,-0.0289729177740594,935.5555555555557
1694,941.1111111111112,0.2216023085662125,0.1037363460389942,0.0785375762209584,0.0444982612842408,0.0388044933152842,0.0196670512958624,0.0264572395174051,0.0195741338724874,0.0265032856910416,0.0132310041442933,0.2897252432890564,0.1772321162259942,0.172620524029726,0.1244148186915975,0.1142902276088775,0.110268475781188,0.1086592637292282,0.0998429761045965,-0.2435295353575599,0.9698934814754304,0.4223150700827353,0.9064491058967484,-0.8387574715744317,-0.5445051917824717,7.38131037084439,58.30928794247816,0.6680337634316779,0.0168608612238868,7.811337075950596,49.583929897792494,0.6189369740976557,0.0988912509913594,-0.0730588606072679,0.084463014016547,-0.1509763448833977,941.1111111111112
1704,946.6666666666666,0.2283535517285476,0.094706956157226,0.0919770727122722,0.037780159314432,0.0406333977065644,0.0199480335323388,0.0289526780028449,0.0210672728494097,0.022510554787299,0.0133361217367402,0.2882362770465501,0.1789374685302204,0.1653326116933512,0.1197525921627392,0.131122593361225,0.1039636021595093,0.1138579147789462,0.1016291695755099,0.6845576535152035,0.7289587224347882,0.8924127887182592,0.4512199181464617,-0.9670209331052464,0.2546969079833096,7.38131037084439,59.22701689472914,0.6680337634316779,0.0168608612238868,7.811337075950596,49.583929897792494,0.6189369740976557,0.0988912509913594,0.205367296054561,0.1784825577436518,-0.1740637679589443,946.6666666666666
1714,952.2222222222222,0.2126621631796147,0.0936551119438969,0.0817337778861846,0.0383443579253923,0.0357577538928218,0.0371143477890778,0.0234235175372512,0.006593302528383,0.0224032517011632,0.0137313938262132,0.2854786906966556,0.1887102344116253,0.1656062928126001,0.1278170788006961,0.1266786459818306,0.1110858593962623,0.107515449454438,0.0991764403572476,0.9832656927454548,-0.1821773242470117,0.9803566139334824,-0.197233134936494,-0.4617159598347603,0.887027830698601,7.38131037084439,59.22701689472914,0.5931680070122249,0.0168608612238868,7.811337075950596,49.583929897792494,0.6189369740976557,0.0988912509913594,0.2949797078236364,0.1960713227866964,-0.0831088727702568,952.2222222222222
1724,957.7777777777776,0.2494100315402305,0.159048885223665,0.1452127189262499,0.1174693063118795,0.1084832345490167,0.1083217461796153,0.1044309461665369,0.0937964051578602,0.0996300701262559,0.0978205832681152,0.2821289648234458,0.1822513046237344,0.1643097304056268,0.123830920644737,0.1140284272774203,0.1131346544679126,0.1045327454924787,0.0901800182935337,0.3779637886275763,-0.9258203791698952,0.6484867590992273,-0.7612259344458653,0.3460940037423528,0.9381998404250494,7.38131037084439,59.22701689472914,0.5931680070122249,0.094215128229736,7.811337075950596,49.583929897792494,0.6189369740976557,0.0988912509913594,0.1133891365882728,0.1296973518198454,0.0622969206736235,957.7777777777776
1734,963.3333333333331,0.2525953272146841,0.160791043906464,0.1465967000477701,0.1149237239544707,0.1116807199698142,0.1023974875452608,0.1052257506688311,0.1023096811145639,0.0955846778394488,0.0961393699712034,0.2804324019864464,0.1771822464629095,0.1648806902002277,0.1202190059853992,0.1186466520329478,0.1021679561235662,0.098344768530678,0.0994959154915719,-0.5748362796851744,-0.8182684471233801,0.0389183515837554,-0.9992423939715545,0.927151651274926,0.3746862894985322,7.38131037084439,59.22701689472914,0.5931680070122249,0.094215128229736,7.90567855169914,49.583929897792494,0.6189369740976557,0.0988912509913594,-0.1724508839055523,0.007783670316751,0.1668872972294866,963.3333333333331
1744,968.8888888888888,0.2480118610877315,0.1616559438207894,0.1471442514728551,0.114392133848046,0.1085155771235986,0.0973017715338413,0.1084480985882498,0.094144192781083,0.0992064537198149,0.0924507269786916,0.2801596859479348,0.2009073890406962,0.1748706250173843,0.129558480064393,0.1273935282721152,0.1214003337823253,0.1004320194381152,0.102459395318482,-0.9991345234487016,0.0415957215700868,-0.5873158856590147,-0.8093578012551477,0.9007622411358036,-0.4343125429273309,7.38131037084439,59.22701689472914,0.5931680070122249,0.094215128229736,7.90567855169914,43.67778793019382,0.6189369740976557,0.0988912509913594,-0.2997403570346104,-0.1174631771318029,0.1621372034044446,968.8888888888888
1754,974.4444444444443,0.2555545894935165,0.1538195369473026,0.1401312337415804,0.1133403930976763,0.1113666858208772,0.103727648882944,0.104656267270812,0.0992120289105942,0.0999830285635754,0.0979808454479835,0.2576292112916325,0.1701206594361979,0.1475529053955254,0.1263167218906705,0.1214612395467689,0.1074638618877572,0.1022128806732525,0.0945118211495847,-0.5048330940984223,0.8632169756805143,-0.9620464967664526,-0.2728855768621638,0.2842154686199066,-0.958760432744889,7.38131037084439,59.22701689472914,0.5931680070122249,0.094215128229736,7.90567855169914,43.67778793019382,0.5123730836312749,0.0988912509913594,-0.1514499282295266,-0.1924092993532905,0.0511587843515831,974.4444444444443
1764,980.0,0.2587058555039861,0.1498447648137444,0.1429550613039938,0.1218424533451633,0.113320634005282,0.1013094928907879,0.0970539554965792,0.0955493744968067,0.096906174901051,0.0913515025563444,0.235261725926211,0.1403003017178769,0.1342377212730171,0.0959649509105676,0.0927978068308294,0.0669215163489849,0.0635751829225889,0.0676455355048148,0.4536095538088512,0.8912005232793206,-0.924804286508678,0.3804432042436497,-0.5185423190201618,-0.855051965312748,7.38131037084439,59.22701689472914,0.5931680070122249,0.094215128229736,7.90567855169914,43.67778793019382,0.5123730836312749,0.0617275235246962,0.1360828661426553,-0.1849608573017356,-0.0933376174236291,980.0
1774,985.5555555555557,0.3016606578892745,0.1760930487283172,0.1652535044746143,0.1156371720902719,0.1247679867966429,0.1185845673279094,0.1149228864404343,0.1020258919927827,0.1061259687865338,0.0899823367020577,0.2326071109634835,0.153457823898573,0.1186899319799336,0.090176770176907,0.0887121773153837,0.0739743642536422,0.0698066521340734,0.0620151176596105,0.9950056698719,0.0998184197569333,-0.4915373181917151,0.870856512190669,-0.9815638773886524,-0.1911343888622725,8.844896283003099,59.22701689472914,0.5931680070122249,0.094215128229736,7.90567855169914,43.67778793019382,0.5123730836312749,0.0617275235246962,0.29850170096157,-0.098307463638343,-0.1766814979299574,985.5555555555557
1784,991.1111111111112,0.2829491183748422,0.1732591239262698,0.1528249733693886,0.1217811162474587,0.1275408248040621,0.097989417987504,0.1032318296561509,0.0841738399214243,0.0891379505092831,0.1025852895851822,0.2371972529848705,0.1424961096441354,0.1357925350415599,0.0904304888069006,0.086583028498582,0.0658037161749799,0.0727562673318222,0.0697179762018544,0.6215981617584952,-0.7833362785537635,0.1522184533819985,0.9883468735469304,-0.801488819991389,0.5980097586401169,8.844896283003099,56.30443576583544,0.5931680070122249,0.094215128229736,7.90567855169914,43.67778793019382,0.5123730836312749,0.0617275235246962,0.1864794485275485,0.0304436906763997,-0.14426798759845,991.1111111111112
1794,996.6666666666666,0.2948327123643241,0.1900884867922194,0.1632943514830795,0.1205797441596595,0.1297758094110513,0.101722653372927,0.1055747985807413,0.0976572671904623,0.1005966024243596,0.0947098296240896,0.2318714327389561,0.1439265287507045,0.1232978916814552,0.0941811037850125,0.0823843241884453,0.0690210230415559,0.0723970348128072,0.054033255228582,-0.3233038296288762,-0.946295214902465,0.7307904049278914,0.682601922107848,-0.0962979147271181,0.9953525564438004,8.844896283003099,56.30443576583544,0.645997849800413,0.094215128229736,7.90567855169914,43.67778793019382,0.5123730836312749,0.0617275235246962,-0.0969911488886628,0.1461580809855782,-0.0173336246508812,996.6666666666666
1804,1002.2222222222222,0.2501412276102157,0.1122038310740698,0.1091844139017429,0.0574796217842628,0.0573139444755877,0.0377867890555583,0.0277703728639785,0.0295439878607825,0.0245766945773066,0.0211333082078654,0.2169090407930929,0.1333785075474233,0.1196317099201968,0.0855320985188447,0.0833925252694194,0.073547507880344,0.0741828505414605,0.0612921613707974,-0.9709617710474594,-0.2392346947338137,0.9964192856797104,0.0845494359859122,0.6719850261070086,0.7405647336242545,8.844896283003099,56.30443576583544,0.645997849800413,0.0169807428787834,7.90567855169914,43.67778793019382,0.5123730836312749,0.0617275235246962,-0.2912885313142378,0.199283857135942,0.1209573046992615,1002.2222222222222
1814,1007.7777777777776,0.254154244318598,0.1132057121008544,0.1012502625638089,0.0532292963028259,0.0550663845654898,0.0310062403624886,0.0376596721167314,0.034324707288558,0.0211971077427409,0.0223079725247806,0.2303134986761051,0.1483583548524595,0.1400220460688353,0.0866843475408891,0.0843328179229108,0.0788269093581338,0.0682797920972996,0.0699801042792593,-0.7259219379846142,0.6877771004858055,0.8353560410884062,-0.5497092728134618,0.9999998335167872,0.0005770324063041,8.844896283003099,56.30443576583544,0.645997849800413,0.0169807428787834,8.740064584593137,43.67778793019382,0.5123730836312749,0.0617275235246962,-0.2177765813953842,0.1670712082176812,0.1799999700330217,1007.7777777777776
1824,1013.3333333333331,0.2493446341124758,0.1096599299201246,0.113410904242462,0.0438918613991492,0.0489653739803904,0.0379459445489251,0.0207023657842646,0.0183180734262134,0.0201610094440646,0.0173896831822323,0.2262367925550215,0.1292958090700847,0.131463988955189,0.0779644451038251,0.0840314654847212,0.0645074271393561,0.0658719382340846,0.0829725390509835,0.1865271771007545,0.982449801365354,0.3165720561291834,-0.9485684652560096,0.6728392381683893,-0.7397887263137912,8.844896283003099,56.30443576583544,0.645997849800413,0.0169807428787834,8.740064584593137,56.04073155994568,0.5123730836312749,0.0617275235246962,0.0559581531302263,0.0633144112258366,0.12111106287031,1013.3333333333331
1834,1018.8888888888888,0.2627181167068616,0.1225683642600342,0.1125074126684184,0.0701761366271614,0.0465279488234989,0.0286378777004826,0.0273321434546978,0.0169546575259374,0.0186633788643432,0.0134659084807732,0.2940761704881146,0.1571724971741683,0.1471481141313464,0.0991236304089381,0.0939757018243217,0.0718035885911569,0.0744935212087204,0.053124206314544,0.9274840657738394,0.3738626856689878,-0.3377761490286354,-0.941226472825422,-0.0951491494289148,-0.995463027622299,8.844896283003099,56.30443576583544,0.645997849800413,0.0169807428787834,8.740064584593137,56.04073155994568,0.6755382733299067,0.0617275235246962,0.2782452197321517,-0.067555229805727,-0.0171268468972046,1018.8888888888888
1844,1024.4444444444443,0.2644047992459294,0.1123848851250273,0.105307074382092,0.0535258356278094,0.049136280853133,0.0286764118843484,0.035270318435691,0.0199975201193096,0.0199141745030702,0.0214089901237911,0.3063774177864879,0.177911839985144,0.1700374249789898,0.1042292501111448,0.1127266788405846,0.0831601368808115,0.0876989017183503,0.0818713225523036,0.8157163816863875,-0.5784520590753117,-0.8474800011609749,-0.530827323743036,-0.8007981443485523,-0.5989343302966654,8.844896283003099,56.30443576583544,0.645997849800413,0.0169807428787834,8.740064584593137,56.04073155994568,0.6755382733299067,0.0784956229462765,0.2447149145059162,-0.169496000232195,-0.1441436659827394,1024.4444444444443
1854,1030.0,0.2680072311552984,0.1244212505559232,0.1159811324810607,0.0519041211990678,0.0539748504230319,0.0369961703937007,0.0334634015705395,0.025535965829445,0.0138150547353932,0.0160395705756298,0.3009677330686161,0.1641118938525552,0.1681226384374523,0.1106160095641378,0.1116716637928,0.0959436975998332,0.0943241944126913,0.085921579647895,-0.0460171818547157,-0.9989406483741414,-0.9942713243226596,0.1068856100214845,-0.9817838051690176,0.1900014734359831,9.330033392322344,56.30443576583544,0.645997849800413,0.0169807428787834,8.740064584593137,56.04073155994568,0.6755382733299067,0.0784956229462765,-0.0138051545564147,-0.1988542648645319,-0.1767210849304231,1030.0
1864,1035.5555555555554,0.294005021921874,0.1634332745089964,0.1240853960744646,0.0772098177444819,0.0599519624885083,0.03766728992142,0.0349839401060238,0.0189074958663122,0.0172442036415446,0.019909569753325,0.2908747207671259,0.1642767372998147,0.1617419036188922,0.1096641146993606,0.1039077479854691,0.0853981005840091,0.0914339043445526,0.0744264394225429,-0.8654427606176839,-0.5010078124085915,-0.715290333921016,0.6988274022955606,-0.5195287589276371,0.8544529645610162,9.330033392322344,40.93304475907775,0.645997849800413,0.0169807428787834,8.740064584593137,56.04073155994568,0.6755382733299067,0.0784956229462765,-0.2596328281853051,-0.1430580667842032,-0.0935151766069746,1035.5555555555554
1874,1041.111111111111,0.2178429303887272,0.1195009003589517,0.1133766924878427,0.0614781627368605,0.0536247675257339,0.0390023231519023,0.0336324420449718,0.0284785506861037,0.0139079314840279,0.0234582296194455,0.2809863873072776,0.1579489342407496,0.1536691040836664,0.1132508083643696,0.1043599784733878,0.0909032182412986,0.0905585611856535,0.0893343132811438,-0.8891842564625434,0.4575492957694874,-0.1300037980481974,0.9915134958703504,0.2831088078565619,0.9590877972917996,9.330033392322344,40.93304475907775,0.5060577667863204,0.0169807428787834,8.740064584593137,56.04073155994568,0.6755382733299067,0.0784956229462765,-0.266755276938763,-0.0260007596096394,0.0509595854141811,1041.111111111111
1884,1046.6666666666663,0.2279808676773354,0.1070117606938687,0.0916118048627274,0.0510537642205109,0.0464065508551373,0.0208276710068754,0.0218545892568254,0.0077121157195866,0.0179737610553265,0.0042591548037359,0.2933246063903971,0.1761290796095327,0.1578593967356035,0.1142893928647506,0.108540528353383,0.0901173580647239,0.0906039964326521,0.0850851167876828,-0.095413847599021,0.9954376915138138,0.510953676443654,0.8596082482902975,0.9002604165486768,0.4353517915382948,9.330033392322344,40.93304475907775,0.5060577667863204,0.003032336003422,8.740064584593137,56.04073155994568,0.6755382733299067,0.0784956229462765,-0.0286241542797063,0.1021907352887308,0.1620468749787618,1046.6666666666663
1894,1052.2222222222222,0.2219020597422165,0.124461006765994,0.1128046249170174,0.0543835650647371,0.0424468038085812,0.0117763822765741,0.0194995608639198,0.0087679772520044,0.0092274099448809,0.0029031879230726,0.2615829465382442,0.149565870230694,0.1346571987777101,0.1075575552270357,0.0972076688061247,0.0824428795212266,0.0823551667072329,0.0751212564116218,0.7860796127235081,0.6181252643764528,0.9331077683765986,0.3595968473099342,0.9275834460447224,-0.3736160470640917,9.330033392322344,40.93304475907775,0.5060577667863204,0.003032336003422,6.7583060338573695,56.04073155994568,0.6755382733299067,0.0784956229462765,0.2358238838170524,0.1866215536753197,0.16696502028805,1052.2222222222222
1904,1057.7777777777778,0.2303410481078111,0.1225987280787209,0.0980530569520998,0.0625152268049896,0.0450831644947252,0.0229408636944814,0.0180238542007143,0.0015482970125218,0.0042432620091295,0.012873588257936,0.2873346426119719,0.1669671387656875,0.1534683901007056,0.1003036172822876,0.1037012640528046,0.0907616900792049,0.0851622057779162,0.0796983395243423,0.9448551022999314,-0.3274886801979362,0.9556813397547126,-0.2944030856574665,0.347176516509776,-0.9377998008019288,9.330033392322344,40.93304475907775,0.5060577667863204,0.003032336003422,6.7583060338573695,44.97139546417966,0.6755382733299067,0.0784956229462765,0.2834565306899794,0.1911362679509425,0.0624917729717596,1057.7777777777778
1914,1063.3333333333333,0.2245395390286845,0.1219355604050723,0.1017432751875323,0.0585766638973245,0.0411495732734927,0.0166660272999852,0.0276849543506187,0.0106414109543289,0.0150156024233518,0.0050513132596274,0.2291631366270142,0.152308104916371,0.1348440650160256,0.1013982924899914,0.0987366720120998,0.082912620999955,0.0921839465285904,0.0825127423766128,0.2349351682443619,-0.9720110424897412,0.5690078121743521,-0.8223321164131662,-0.4606919649261483,-0.8875600900516452,9.330033392322344,40.93304475907775,0.5060577667863204,0.003032336003422,6.7583060338573695,44.97139546417966,0.5375006668711932,0.0784956229462765,0.0704805504733085,0.1138015624348704,-0.0829245536867067,1063.3333333333333
1924,1068.888888888889,0.2106054732701439,0.1091437468362999,0.0953672240611229,0.0549868345755764,0.0416882721207019,0.0263911819445633,0.0149206696598365,-0.0004391453859332,0.0100996102032032,0.0075349711129715,0.2365375991429551,0.1485679684407137,0.1285151471341831,0.1111451435525876,0.099840001655854,0.0871600759167837,0.0829738002775949,0.0886106181767081,-0.690983076036065,-0.7228709349750739,-0.0613293580139344,-0.9981175831762502,-0.966726352443852,-0.2558127430184144,9.330033392322344,40.93304475907775,0.5060577667863204,0.003032336003422,6.7583060338573695,44.97139546417966,0.5375006668711932,0.0850583727578093,-0.2072949228108195,-0.0122658716027868,-0.1740107434398933,1068.888888888889
1934,1074.4444444444443,0.1685798844712643,0.0767040934621634,0.0509619171722478,0.0246558692615611,0.0238954107074133,0.0142368430738019,0.0061848956319865,0.0049303543584494,0.0050929673739071,0.005928029850252,0.2224874071234782,0.1458351690165457,0.1289175843430191,0.1089057703941493,0.0958761509476336,0.0900766941541752,0.0810079412010539,0.0879081094667799,-0.9816146668406318,0.1908733764655388,-0.6654037345239122,-0.746483670338227,-0.8393853071958253,0.5435368488555031,6.524754691305746,40.93304475907775,0.5060577667863204,0.003032336003422,6.7583060338573695,44.97139546417966,0.5375006668711932,0.0850583727578093,-0.2944844000521895,-0.1330807469047824,-0.1510893552952485,1074.4444444444443
1944,1080.0,0.1500347858046813,0.0657520696467148,0.0492985859353976,0.0215729678652105,0.0239576506081013,0.0013457263155015,0.0088985128422137,-0.0010013368033618,0.0047523714697416,0.007718205885801,0.2241317779353816,0.1548492401488634,0.1278470403331263,0.1015065839519023,0.1015541314548438,0.0958140821138772,0.0857419517080778,0.0815669244652809,-0.3697542598998873,0.9291295858414405,-0.9845352784575762,-0.1751864306173937,-0.1620995636799251,0.9867744075799584,6.524754691305746,51.80775735669704,0.5060577667863204,0.003032336003422,6.7583060338573695,44.97139546417966,0.5375006668711932,0.0850583727578093,-0.1109262779699662,-0.1969070556915152,-0.0291779214623865,1080.0
1954,1085.5555555555554,0.1716647218010518,0.0698225629052614,0.0544104142114032,0.0184704222888457,0.0196097944378285,0.0100961474486988,0.0040350051075516,0.0045665009099795,-0.0026246518464475,0.0029664850593055,0.225334934023344,0.1433187008257118,0.1381824290404638,0.1160438048157356,0.1086568356558017,0.0930096700749352,0.0910257254828558,0.0884830623610002,0.5820565083836733,0.813148338895313,-0.8820637317266533,0.4711301021718424,0.6213898444380219,0.7835015387536204,6.524754691305746,51.80775735669704,0.5332022306094434,0.003032336003422,6.7583060338573695,44.97139546417966,0.5375006668711932,0.0850583727578093,0.1746169525151019,-0.1764127463453306,0.1118501719988439,1085.5555555555554
1964,1091.111111111111,0.2372381209764806,0.1616174395466456,0.1397431911880464,0.1195785111064737,0.1155095686709845,0.1082718526082191,0.1134365113509802,0.1002605074292395,0.1044691415566328,0.1069862260257453,0.2377101426763456,0.1560847016269478,0.1306327363747175,0.1072670314480443,0.1077157975996895,0.0903913190748088,0.0871229595356,0.0840054212379709,0.9987272071504024,-0.0504377408054416,-0.4018700214571337,0.915696721548157,0.9977598431778982,0.0668976482517587,6.524754691305746,51.80775735669704,0.5332022306094434,0.1016810562850964,6.7583060338573695,44.97139546417966,0.5375006668711932,0.0850583727578093,0.2996181621451207,-0.0803740042914267,0.1795967717720216,1091.111111111111
1974,1096.6666666666663,0.2351104881604672,0.1572340779620478,0.1452103460527299,0.1258617032425437,0.1116899985211544,0.1028159985032269,0.0972105425334788,0.0992521498202645,0.1077402550061099,0.0955781714125327,0.2295107208248607,0.1475939609990562,0.140232180422622,0.1044088936959038,0.1017043577261914,0.086404784588083,0.0829562505228892,0.0980820442341767,0.4971727175295446,-0.8676515942152632,0.2504146710240084,0.968138674227994,0.7204220259764048,-0.6935359431839508,6.524754691305746,51.80775735669704,0.5332022306094434,0.1016810562850964,6.0632260633316735,44.97139546417966,0.5375006668711932,0.0850583727578093,0.1491518152588633,0.0500829342048016,0.1296759646757528,1096.6666666666663
1984,1102.2222222222222,0.2274003721850454,0.1500556430772139,0.1422064922547255,0.1233185616251972,0.1092636260367188,0.0986314929632563,0.1117780753346531,0.0995494700468295,0.106583629442873,0.1034775893070509,0.2159955085463157,0.1430568099033059,0.1284262569447979,0.0985958808096109,0.0960952215616005,0.0931026491578728,0.0886882004450919,0.0846739935841033,-0.4614800757584913,-0.8871505732838914,0.7954654211959736,0.6059989799343827,-0.0289186608305668,-0.9995817680689092,6.524754691305746,51.80775735669704,0.5332022306094434,0.1016810562850964,6.0632260633316735,46.2114039410639,0.5375006668711932,0.0850583727578093,-0.1384440227275474,0.1590930842391947,-0.005205358949502,1102.2222222222222
1994,1107.7777777777778,0.2233785350071934,0.1626658069332984,0.1406305849899909,0.1137384280378222,0.1139140963670334,0.1062684329071132,0.1006061118429763,0.1110653268987614,0.1037537823017452,0.1130905529751642,0.2581747172455859,0.1628832925629007,0.1414060979471935,0.1155472079136982,0.0975715397003974,0.0945273749141673,0.083374174964339,0.088747932302582,-0.9958502156186052,-0.0910074065797798,0.9998776107889704,-0.0156449174795019,-0.7593125492263406,-0.6507260964395051,6.524754691305746,51.80775735669704,0.5332022306094434,0.1016810562850964,6.0632260633316735,46.2114039410639,0.6876682573729227,0.0850583727578093,-0.2987550646855816,0.199975522157794,-0.1366762588607413,1107.7777777777778
2004,1113.3333333333333,0.2338877671788593,0.1504141612036327,0.1322829604857096,0.1182482715088451,0.1052728302646943,0.108634697709453,0.1059547360437719,0.1225677317172911,0.1036292275799099,0.1020862917179983,0.2529081631029173,0.156654249604335,0.129236552742997,0.1089565969003595,0.1023480711309108,0.0829285798726335,0.0851316510728567,0.0810977176673556,-0.6146402598375389,0.7888075500315921,0.7761167321143073,-0.6305892626204546,-0.9922234495408464,0.1244693784882997,6.524754691305746,51.80775735669704,0.5332022306094434,0.1016810562850964,6.0632260633316735,46.2114039410639,0.6876682573729227,0.0807594569815867,-0.1843920779512616,0.1552233464228614,-0.1786002209173523,1113.3333333333333
2014,1118.888888888889,0.2735598769525997,0.1778572975039982,0.1729136768724151,0.1216839775712366,0.114995932354288,0.1152737350821481,0.1125844897562702,0.1083000256181532,0.1133204495127098,0.1088709534941912,0.2675720037549559,0.162513121407885,0.1370082774249665,0.1033247172336083,0.1030199398205963,0.0924273213683887,0.0869279141132233,0.0755581035053449,0.3316671162793998,0.943396482916333,0.2200028944999774,-0.9754992190727944,-0.5750538434488248,0.8181155646574233,8.997079688789603,51.80775735669704,0.5332022306094434,0.1016810562850964,6.0632260633316735,46.2114039410639,0.6876682573729227,0.0807594569815867,0.0995001348838199,0.0440005788999954,-0.1035096918207884,1118.888888888889
2024,1124.4444444444443,0.2814768391468166,0.1724083723964396,0.1647373067898254,0.1374665548264876,0.1308804395207479,0.1126792271975603,0.1175584698636103,0.0967135280941036,0.1018638015393032,0.1040169197517213,0.2719938321369592,0.1495278128964353,0.1327327912267626,0.1000380682494812,0.1045154144636089,0.0847774818429119,0.0835174150530417,0.0890485121821511,0.9730412752503024,0.2306310401035937,-0.4303217878711304,-0.9026755557138976,0.218876958856801,0.9757524670128168,8.997079688789603,53.16052163223452,0.5332022306094434,0.1016810562850964,6.0632260633316735,46.2114039410639,0.6876682573729227,0.0807594569815867,0.2919123825750906,-0.086064357574226,0.0393978525942241,1124.4444444444443
2034,1130.0,0.3088688554835567,0.1903136632273901,0.1842783700262401,0.130152617233201,0.133982725146502,0.1153799447435485,0.118142583026895,0.1107328643563305,0.107556654104918,0.1017702194395319,0.2748991171941993,0.1594997750232082,0.1386461523865738,0.1039429531080822,0.0991898143731757,0.0789372561719667,0.0787989920948681,0.083033396077546,0.7198057731658344,-0.6941755173708847,-0.8963717167453582,-0.4433032206277992,0.8694049376147979,0.4941002473699132,8.997079688789603,53.16052163223452,0.6221501571227053,0.1016810562850964,6.0632260633316735,46.2114039410639,0.6876682573729227,0.0807594569815867,0.2159417319497503,-0.1792743433490716,0.1564928887706636,1130.0
2044,1135.5555555555554,0.2677034870755126,0.1334148192660722,0.1307649615115153,0.0584761513596462,0.0583569388605967,0.0509251303106011,0.0445347889447896,0.0298403509312392,0.0353435047052047,0.0279267214657211,0.2561783986312461,0.1573198377698927,0.1393229439491252,0.111909988340612,0.090993096123593,0.0828017136571063,0.0849779427922703,0.0816556842697028,-0.1952158372129099,-0.980760305528962,-0.9785724383507284,0.2059028482083476,0.9503200913800992,-0.3112743547408302,8.997079688789603,53.16052163223452,0.6221501571227053,0.0286879020127346,6.0632260633316735,46.2114039410639,0.6876682573729227,0.0807594569815867,-0.0585647511638729,-0.1957144876701456,0.1710576164484178,1135.5555555555554
2054,1141.111111111111,0.2463651721864849,0.1191646577825993,0.1181527043513011,0.0587156998711559,0.0520245794817404,0.0363849476111848,0.0438735102276196,0.0241548667229002,0.0275508610969799,0.03839183869173,0.2952801881740932,0.181803712162262,0.1627921039018261,0.1124466399098314,0.1040415741183303,0.0884534112823226,0.0855691876538146,0.0881399069967524,-0.9307569071420532,-0.3656385917916204,-0.6417235093491862,0.7669360713570362,0.4086087928694306,-0.9127096221634714,8.997079688789603,53.16052163223452,0.6221501571227053,0.0286879020127346,7.723184244773418,46.2114039410639,0.6876682573729227,0.0807594569815867,-0.279227072142616,-0.1283447018698372,0.0735495827164975,1141.111111111111
2064,1146.6666666666663,0.2510766196663035,0.1263701550715825,0.1177476951543445,0.0675133372911629,0.065647484369257,0.043229801123445,0.0394430557142521,0.0391283298227447,0.0328583289747437,0.0201996570476892,0.3067766434543571,0.1949949966311313,0.1644704217900341,0.1149314424457876,0.1204481603762871,0.0973953832710607,0.0864377537074593,0.0787819417374788,-0.8105643690502,0.5856495570102065,-0.0300722235264832,0.9995477284112916,-0.4008129806493082,-0.9161598957294612,8.997079688789603,53.16052163223452,0.6221501571227053,0.0286879020127346,7.723184244773418,40.79372836918,0.6876682573729227,0.0807594569815867,-0.2431693107150599,-0.0060144447052966,-0.0721463365168754,1146.6666666666663
2074,1152.2222222222222,0.2522626598602938,0.1222358458631484,0.1224255045936905,0.0648597793249712,0.0682495802971681,0.044956501187102,0.0493106245952009,0.0314725169733788,0.0333540908051758,0.0275168309553884,0.3004761630855925,0.1897206706731862,0.1673832447845387,0.1206845698085221,0.1125262411841946,0.0901078517600892,0.0885108860749276,0.0839690387162451,0.0548573118372815,0.9984942039581338,0.5944567546037858,0.804127581236917,-0.947631904421456,-0.3193646406892351,8.997079688789603,53.16052163223452,0.6221501571227053,0.0286879020127346,7.723184244773418,40.79372836918,0.6603328810183746,0.0807594569815867,0.0164571935511844,0.1188913509207571,-0.170573742795862,1152.2222222222222
2084,1157.7777777777776,0.2737276689193315,0.1372991734335777,0.1226802650494581,0.0721188978417468,0.0714946635386829,0.0441656321362221,0.0445633420628731,0.0359406619101677,0.0347200124207871,0.0366607334339387,0.3464385389613743,0.2419221551304773,0.2273872589015743,0.1781096469518867,0.1691094657751638,0.1516236124345873,0.151785986968997,0.1503182863016938,0.8698434332090523,0.4933278845788963,0.9644242045783448,0.2643595158556371,-0.8735856101841685,0.4866705062762217,8.997079688789603,53.16052163223452,0.6221501571227053,0.0286879020127346,7.723184244773418,40.79372836918,0.6603328810183746,0.1440106375539264,0.2609530299627157,0.192884840915669,-0.1572454098331503,1157.7777777777776
2094,1163.3333333333333,0.2692238248075451,0.1260329123561378,0.1223719950340401,0.0709008451618587,0.0658733142537366,0.0473602685432652,0.0460182240748821,0.0333504116295154,0.0391651638071557,0.0436917622076059,0.3481306779359939,0.2402020704945838,0.2281549833348701,0.1796451879320548,0.1798633905441537,0.1579103313017331,0.1571956014262709,0.149421666915465,0.8850995135769236,-0.4654018167840487,0.9214006381223274,-0.3886140296846833,-0.2271874166637655,0.973851055197685,9.132829028293903,53.16052163223452,0.6221501571227053,0.0286879020127346,7.723184244773418,40.79372836918,0.6603328810183746,0.1440106375539264,0.265529854073077,0.1842801276244655,-0.0408937349994778,1163.3333333333333
2104,1168.888888888889,0.2920481380966891,0.1691813959799262,0.1408837020434725,0.0841310636489868,0.0819334400337808,0.0476560175140089,0.0479819121716832,0.0404544378473091,0.0388754133493432,0.0256108436273219,0.3339448052097191,0.2395493763591081,0.2234041251425555,0.1813917705740844,0.1661347417349902,0.1620731177219658,0.1562424234041422,0.1540050951964113,0.0865991830076946,-0.9962432341062096,0.4838098425658416,-0.8751731464324163,0.5680584088515789,0.8229882405800295,9.132829028293903,41.014192919321225,0.6221501571227053,0.0286879020127346,7.723184244773418,40.79372836918,0.6603328810183746,0.1440106375539264,0.0259797549023084,0.0967619685131683,0.1022505135932842,1168.888888888889
2114,1174.4444444444443,0.2464020072633423,0.1439154951008877,0.1263461989229254,0.0750662580134233,0.0701210562971524,0.0496639277175087,0.0485751855259165,0.0395287166397631,0.0214541840757179,0.0288094408998796,0.3345865232955805,0.2398629141595033,0.2201645698430299,0.1743716772985177,0.1681760422894911,0.1528198716933901,0.1476773587287431,0.1590835835098094,-0.7915200370461841,-0.6111432164021845,-0.1609606543003303,-0.9869608238259558,0.9911262755960074,0.1329236842070935,9.132829028293903,41.014192919321225,0.5677320166760437,0.0286879020127346,7.723184244773418,40.79372836918,0.6603328810183746,0.1440106375539264,-0.2374560111138552,-0.032192130860066,0.1784027296072813,1174.4444444444443
2124,1180.0,0.2627653500270743,0.1603138861285561,0.1359544855233,0.0890920193627344,0.0859359437956847,0.0604951387875471,0.0622247016674274,0.0561434877733002,0.0430918440650114,0.0506979320321233,0.3220749983053961,0.2303813082843062,0.2072189004125852,0.1798039419762701,0.1761451389683646,0.1568533472631956,0.1550852162145531,0.1495368144804058,-0.9419193853214908,0.3358390560306902,-0.7368036979677665,-0.6761067302290552,0.7648324774348176,-0.6442292150010889,9.132829028293903,41.014192919321225,0.5677320166760437,0.0477004796793423,7.723184244773418,40.79372836918,0.6603328810183746,0.1440106375539264,-0.2825758155964472,-0.1473607395935533,0.1376698459382671,1180.0
2134,1185.5555555555554,0.2728588362307765,0.1586671849673555,0.1415239062125627,0.088443092240559,0.0879278702456362,0.0569382336568389,0.0601058228801958,0.0595614762764334,0.055597799124527,0.0564267134617854,0.3176826655647168,0.2166015421618625,0.2002929451823584,0.1646153823374756,0.1576137458670703,0.1516583907408688,0.1434095192805465,0.1466376665734838,-0.226322394616003,0.9740524491500846,-0.9971286255520798,-0.0757265085991705,0.0374391694030808,-0.9992989085325809,9.132829028293903,41.014192919321225,0.5677320166760437,0.0477004796793423,6.33815097516861,40.79372836918,0.6603328810183746,0.1440106375539264,-0.0678967183848009,-0.1994257251104159,0.0067390504925545,1185.5555555555554
2144,1191.111111111111,0.271313382403978,0.1603132993467941,0.1529894051370067,0.101300155170455,0.0932140779562527,0.0655137474707494,0.0662297621760722,0.0525773759788822,0.055874101961712,0.0427501091547452,0.3101240306114139,0.2099726391859698,0.1910615080106987,0.1581351012577197,0.152186037381678,0.1516884219113388,0.1484530635221367,0.1507347515766158,0.6973543619602194,0.7167265125939288,-0.8304576703870402,0.5570817334066251,-0.7144833656049355,-0.6996524281912012,9.132829028293903,41.014192919321225,0.5677320166760437,0.0477004796793423,6.33815097516861,52.53223638656242,0.6603328810183746,0.1440106375539264,0.2092063085880658,-0.166091534077408,-0.1286070058088884,1191.111111111111
2154,1196.6666666666663,0.2769175077976448,0.1782730809848996,0.1426907191176007,0.0934012828471256,0.0842949279614511,0.0794454317860844,0.0713615085220595,0.0552142272796022,0.0587008505865836,0.0419386738037514,0.3115524097338629,0.2092964610380244,0.1882799070354977,0.1653565511915756,0.1634023339298809,0.1479118765299069,0.1475106885992887,0.1407475045071729,0.9798867341646488,-0.1995544742874459,-0.308163581991283,0.9513333835907904,-0.9982938958559588,0.058389189896179,9.132829028293903,41.014192919321225,0.5677320166760437,0.0477004796793423,6.33815097516861,52.53223638656242,0.6594916350732667,0.1440106375539264,0.2939660202493946,-0.0616327163982566,-0.1796929012540725,1196.6666666666663
2164,1202.2222222222222,0.2740529646871261,0.1616707028046874,0.1446879689995734,0.0966007131535816,0.0812785859627928,0.0657755443502995,0.0543435677950887,0.0573566903434806,0.0502120959815934,0.051435766796034,0.2329608654676862,0.1164330909978316,0.1035981968256436,0.0766844470858528,0.0576864163301947,0.0572517617141729,0.0423704839513489,0.0466850653466618,0.3615157619573079,-0.9323659978015216,0.3460940037423528,0.9381998404250494,-0.6280467119289176,0.7781756406077456,9.132829028293903,41.014192919321225,0.5677320166760437,0.0477004796793423,6.33815097516861,52.53223638656242,0.6594916350732667,0.0470582208003365,0.1084547285871923,0.0692188007484705,-0.1130484081472051,1202.2222222222222
2174,1207.7777777777776,0.2626042939960247,0.1618017843369422,0.1446051268359664,0.0935939285604801,0.0853507185984813,0.0642804870529477,0.0638762577865202,0.0549438934418455,0.0484817754876207,0.0518829162034029,0.2310438490812194,0.1188262809993331,0.0937350448508915,0.0700887802080256,0.0612752490870023,0.0424524120670075,0.0589877658672333,0.0431497009440679,-0.5892311345782555,-0.8079645227629872,0.8521453191361109,0.5233052217152201,0.1536812979417521,0.9881204676874872,9.16098955173995,41.014192919321225,0.5677320166760437,0.0477004796793423,6.33815097516861,52.53223638656242,0.6594916350732667,0.0470582208003365,-0.1767693403734766,0.1704290638272222,0.0276626336295153,1207.7777777777776
2184,1213.3333333333333,0.2402415317606273,0.1238983214851482,0.1136337599886641,0.0774344383759109,0.0805755493713365,0.0504928724863885,0.0686196750232477,0.0482590167604442,0.0433361613785248,0.047437505396456,0.2320575782208789,0.1220811236834746,0.1000620656657133,0.0636835211476473,0.0669737007892642,0.0532987329645155,0.0422390649187175,0.0568425519772785,-0.9982416433611464,0.0592758083845174,0.9932862975371832,-0.1156820259369378,0.8347210847741207,0.5506729615965499,9.16098955173995,55.9425382569226,0.5677320166760437,0.0477004796793423,6.33815097516861,52.53223638656242,0.6594916350732667,0.0470582208003365,-0.2994724930083439,0.1986572595074366,0.1502497952593417,1213.3333333333333
2194,1218.888888888889,0.2304833493554966,0.1218756717505877,0.1176208190635819,0.0783718292601988,0.0724123511503932,0.0593713621753212,0.0542451176517559,0.0426357110680431,0.0438980003621428,0.0498108710497168,0.2232975140311538,0.1214819507335498,0.0980615384192707,0.0704061337773685,0.0624553340063064,0.0514058851774587,0.0590522270235137,0.0472306918194418,-0.4894733888649996,0.8720182346677234,0.7090767759414477,-0.7051312826846374,0.968872057651077,-0.2475619839615288,9.16098955173995,55.9425382569226,0.525827588294865,0.0477004796793423,6.33815097516861,52.53223638656242,0.6594916350732667,0.0470582208003365,-0.1468420166594999,0.1418153551882895,0.1743969703771938,1218.888888888889
2204,1224.4444444444443,0.277546964871651,0.1786039221583397,0.1816582007258409,0.1381188061011108,0.1348505922566608,0.1273676185205222,0.1245791702329034,0.122543559979015,0.1270057164709147,0.1218976141230139,0.2359251970166522,0.1198002637259844,0.0977875575943657,0.0654976296393913,0.0667734069084899,0.0550606880365827,0.0447461656649937,0.0402523678453246,0.4693144420314156,0.8830311175155386,0.1212225127131731,-0.9926253585374012,0.4682417842549338,-0.88360037996696,9.16098955173995,55.9425382569226,0.525827588294865,0.1150288735107232,6.33815097516861,52.53223638656242,0.6594916350732667,0.0470582208003365,0.1407943326094246,0.0242445025426346,0.0842835211658881,1224.4444444444443
2214,1230.0,0.2737847464257212,0.1827550156458411,0.1773793792848459,0.1403073671359581,0.1390706447504083,0.1150684925202495,0.1221781931569805,0.1225274156944927,0.1209309404513041,0.1188085120138827,0.2819774482831767,0.1537615099999281,0.1362731147330557,0.0927359536564112,0.0852782387603275,0.0551547423577648,0.061564744634464,0.0481964959821479,0.9966167392786132,0.0821892632261937,-0.5185423190201618,-0.855051965312748,-0.3391690398024614,-0.9407254447709366,9.16098955173995,55.9425382569226,0.525827588294865,0.1150288735107232,8.647862159705754,52.53223638656242,0.6594916350732667,0.0470582208003365,0.298985021783584,-0.1037084638040323,-0.061050427164443,1230.0
2224,1235.5555555555554,0.2794644959406846,0.1846480430110297,0.1766095138116259,0.1399192497376661,0.1387580868632393,0.1223316186501067,0.1341314962443336,0.1164277809366674,0.1214456719989943,0.1154343212375353,0.3022305945521804,0.172387139214786,0.1533173878029133,0.0933370309214745,0.0822049448724773,0.0597846385415945,0.0671609663818811,0.0438248365351258,0.607634202566602,-0.7942170206380934,-0.9362541180965236,-0.3513235351457415,-0.9243646146090664,-0.3815102348019409,9.16098955173995,55.9425382569226,0.525827588294865,0.1150288735107232,8.647862159705754,43.94565139663493,0.6594916350732667,0.0470582208003365,0.1822902607699806,-0.1872508236193047,-0.1663856306296319,1235.5555555555554
2234,1241.111111111111,0.2739202953680573,0.1817611529907237,0.1689759922204248,0.1429460827844752,0.1447995716341973,0.1224908676915941,0.1171716323476227,0.1211982418036143,0.1217941161143329,0.1233075420669229,0.2617152864941779,0.1524074212317919,0.1363743862316055,0.0922859564568149,0.0862896061436389,0.0647067008131192,0.0591998196478329,0.0463072510449899,-0.3400044177364198,-0.9404238384471748,-0.9530380495038528,0.3028505839484078,-0.9039391299180422,0.4276611385232622,9.16098955173995,55.9425382569226,0.525827588294865,0.1150288735107232,8.647862159705754,43.94565139663493,0.6147282358997046,0.0470582208003365,-0.1020013253209259,-0.1906076099007705,-0.1627090433852475,1241.111111111111
2244,1246.6666666666663,0.2766180197102242,0.1761508566912189,0.1767233986673717,0.1339636012328222,0.1349897615931092,0.1202295141714438,0.125981266193237,0.1193031296685439,0.1165953689595966,0.1144616295113843,0.296136614560497,0.190173226453915,0.1720622240357557,0.1299979594357021,0.124854091886129,0.11509462467614,0.1055776303076455,0.1018756527292037,-0.9750445443833146,-0.2220093161746472,-0.5617068061850643,0.8273363668335718,-0.2912748631162846,0.9566394065250446,9.16098955173995,55.9425382569226,0.525827588294865,0.1150288735107232,8.647862159705754,43.94565139663493,0.6147282358997046,0.0958124949033154,-0.2925133633149943,-0.1123413612370128,-0.0524294753609312,1246.6666666666663
2254,1252.2222222222222,0.2642381178266164,0.1788335575616737,0.1740423073052213,0.1438813556877186,0.1299828054228156,0.1198052172564127,0.1190297074949889,0.1217755740700099,0.1147577211200047,0.1175855377552734,0.2987708981396687,0.1874635852690361,0.1739491114941762,0.1413993419003802,0.1363867477396779,0.1133367805495743,0.1027037066791212,0.1039923558738783,-0.7136332135724825,0.7005195475404035,0.0701616029587498,0.9975356381955778,0.5122255612120096,0.8588509617163166,8.34986962397632,55.9425382569226,0.525827588294865,0.1150288735107232,8.647862159705754,43.94565139663493,0.6147282358997046,0.0958124949033154,-0.2140899640717447,0.0140323205917499,0.0922006010181617,1252.2222222222222
2264,1257.7777777777776,0.2831370657962625,0.2016792687329189,0.1868543356974508,0.1536934619321542,0.1453290476611063,0.1235340015546838,0.1164974464980522,0.1137193148416522,0.1156175534174265,0.1099922501687636,0.3085734031633045,0.2031979054629149,0.1811544592252315,0.1406188696531897,0.1242924934543669,0.1119042777306136,0.1006910700074263,0.103189206779564,0.2038892027087302,0.9789939698582408,0.6719850261070296,0.7405647336242354,0.9801283412988456,0.1983643984760712,8.34986962397632,41.92491355256087,0.525827588294865,0.1150288735107232,8.647862159705754,43.94565139663493,0.6147282358997046,0.0958124949033154,0.061166760812619,0.1343970052214059,0.1764231014337922,1257.7777777777776
2274,1263.3333333333333,0.3358488827338346,0.2253702792293349,0.2002831628192168,0.1589329019484675,0.14355865495944,0.1300920630706903,0.131235946112121,0.1080368536532785,0.1194760076060355,0.1179593397359856,0.3110692742611615,0.1989207003101409,0.1833749552063842,0.1428037417507464,0.1359466407526085,0.115931307240289,0.1073531860760808,0.0989032835645296,0.9339568263027396,0.3573858511504261,0.9860473399419885,0.1664651416763538,0.8058750337123153,-0.592085661065335,8.34986962397632,41.92491355256087,0.6322382922029898,0.1150288735107232,8.647862159705754,43.94565139663493,0.6147282358997046,0.0958124949033154,0.2801870478908218,0.1972094679883977,0.1450575060682167,1263.3333333333333
2284,1268.888888888889,0.302613009854915,0.2034254147411107,0.1794691741758426,0.1381098275947934,0.1348225071453041,0.1060868358628739,0.1110301961224457,0.1047365019220682,0.0897617504148365,0.0925949918352441,0.3080196297638352,0.1983656381929622,0.1761659516379697,0.1465833633896427,0.1256475391879485,0.1112376522746461,0.0991820838792092,0.1061561898698046,0.8053488509566002,-0.5928011709358236,0.8778590598597927,-0.4789190652104808,0.1036321384391341,-0.9946156945687776,8.34986962397632,41.92491355256087,0.6322382922029898,0.0947932087019278,8.647862159705754,43.94565139663493,0.6147282358997046,0.0958124949033154,0.24160465528698,0.1755718119719585,0.0186537849190441,1268.888888888889
2294,1274.4444444444443,0.3131743257932379,0.2045769401195406,0.1779777377894646,0.1320206021107732,0.1277229079794471,0.1078601321739591,0.1135569289490466,0.0953545348137083,0.09916531051334,0.089204920962133,0.3087005689963752,0.194213508972123,0.169543547606841,0.1439616496369952,0.1293876862326762,0.1066413814311287,0.1067518470605004,0.0975078974568037,-0.0636931439025054,-0.9979695303063189,0.3937491638609005,-0.9192179262606022,-0.6665079961783102,-0.745497881305087,8.34986962397632,41.92491355256087,0.6322382922029898,0.0947932087019278,8.471656467006042,43.94565139663493,0.6147282358997046,0.0958124949033154,-0.0191079431707516,0.0787498327721801,-0.1199714393120958,1274.4444444444443
2304,1280.0,0.3061758714145337,0.1951236297118447,0.1722491932800628,0.149771429599894,0.1271080065657494,0.1122793006302313,0.1093040933138673,0.0961997213315346,0.096496347930523,0.0988761414730056,0.2861888790349735,0.1749550398401171,0.1551310793550507,0.1090419142876193,0.1229546375459179,0.1082704101865245,0.1038844775016558,0.1005541887642358,-0.874175955993647,-0.4856093058854961,-0.2589741562201021,-0.9658842510415449,-0.9999684132582712,-0.0079481120862502,8.34986962397632,41.92491355256087,0.6322382922029898,0.0947932087019278,8.471656467006042,56.070253982606566,0.6147282358997046,0.0958124949033154,-0.262252786798094,-0.0517948312440204,-0.1799943143864888,1280.0
2314,1285.5555555555554,0.2964130749132019,0.1967796403173101,0.182134171322981,0.1409828690029198,0.1252061123974457,0.1097547748900372,0.1086670525071315,0.101337381314414,0.0975214464867054,0.0902100570615376,0.2591380232483544,0.1580258414391035,0.1457873021427354,0.1201990423427568,0.1112938776615227,0.1065515973172642,0.1099597606981543,0.098562072514988,-0.8809454256131869,0.4732178748644232,-0.8007981443485693,-0.5989343302966427,-0.6782740133640106,0.7348090655368087,8.34986962397632,41.92491355256087,0.6322382922029898,0.0947932087019278,8.471656467006042,56.070253982606566,0.5654336415865311,0.0958124949033154,-0.2642836276839561,-0.1601596288697138,-0.1220893224055219,1285.5555555555554
2324,1291.111111111111,0.3078034258577879,0.1934380504881099,0.1864446621589285,0.1364642124258121,0.126246459959534,0.1110888617443514,0.1144180460676687,0.0989372059082508,0.0871596075123777,0.0984170550538798,0.2700090576738486,0.170318162739743,0.1659581005077476,0.1314781617751126,0.1317528805749509,0.1102629353650448,0.1164016577998234,0.1083518070961469,-0.0777777336119568,0.9969707238200064,-0.9996999639746,0.0244945305973218,0.0878089103996211,0.9961373375466012,8.34986962397632,41.92491355256087,0.6322382922029898,0.0947932087019278,8.471656467006042,56.070253982606566,0.5654336415865311,0.108307099938983,-0.023333320083587,-0.19993999279492,0.0158056038719318,1291.111111111111
2334,1296.6666666666663,0.3332623740495272,0.2172934794011138,0.1932841132170869,0.1508028629721494,0.1398400096950088,0.1228805303111358,0.1167398298360799,0.1019996147541581,0.0954673699761176,0.1068059393036052,0.2827964686081002,0.18100282725487,0.1776472498193401,0.1345310198722168,0.1357492425708649,0.120037068391844,0.128560389932023,0.1133963017684287,0.7968984479817411,0.6041132870615347,-0.7705047882250665,0.6374342094069358,0.7963615863486249,0.6048208195724596,9.17527484023154,41.92491355256087,0.6322382922029898,0.0947932087019278,8.471656467006042,56.070253982606566,0.5654336415865311,0.108307099938983,0.2390695343945223,-0.1541009576450133,0.1433450855427524,1296.6666666666663
2344,1302.2222222222222,0.3166571448579897,0.1812316898533923,0.1665019863910593,0.127005459970813,0.1222739203959639,0.1143341925686069,0.1118024714068037,0.0998715221964095,0.0935835197141488,0.1021127803506083,0.278810194866583,0.1821535378273149,0.1690892219756546,0.1438143716448007,0.1197877150424602,0.1117150429824959,0.1142462535626788,0.113349894096376,0.9389098715864914,-0.3441631198101247,-0.2113598308928488,0.977408318915358,0.9831576523568164,-0.1827594884328396,9.17527484023154,57.85895516381579,0.6322382922029898,0.0947932087019278,8.471656467006042,56.070253982606566,0.5654336415865311,0.108307099938983,0.2816729614759474,-0.0422719661785697,0.1769683774242269,1302.2222222222222
2354,1307.7777777777776,0.2680010860078418,0.1605114306705829,0.1624083482835382,0.1301460646630908,0.120820188726041,0.1023910372797655,0.1061883918721302,0.0999768832229473,0.0977875618807509,0.0987423986133756,0.287159496825172,0.1742465015445035,0.1745142048880502,0.1322066901774597,0.1310204230621384,0.1090250260023744,0.1190062274062151,0.1084047914871223,0.2176918892593287,-0.97601754151793,0.4382947911477697,0.8988312834190479,0.5258129002687318,-0.8506002550616739,9.17527484023154,57.85895516381579,0.5323024653893998,0.0947932087019278,8.471656467006042,56.070253982606566,0.5654336415865311,0.108307099938983,0.0653075667777986,0.0876589582295539,0.0946463220483717,1307.7777777777776
2364,1313.3333333333333,0.1935906183623185,0.0888916998036837,0.0739142242957305,0.0337134834773104,0.027061823198577,0.0137487585202601,0.0177436400262489,0.0154240237463715,0.0109061334231139,0.0020487421644378,0.2656207727176532,0.1709141588340016,0.1640908929629876,0.1301600071141981,0.1261502378074035,0.1131572887376163,0.1169536298016042,0.1095181103280281,-0.7036710121152473,-0.7105259366896493,0.9002604165486768,0.4353517915382948,-0.2760315878817596,-0.9611485642144374,9.17527484023154,57.85895516381579,0.5323024653893998,0.0040053525129426,8.471656467006042,56.070253982606566,0.5654336415865311,0.108307099938983,-0.2111013036345742,0.1800520833097353,-0.0496856858187167,1313.3333333333333
2374,1318.888888888889,0.1920330403021183,0.0834958240523228,0.0808486645327279,0.0332161357377747,0.029130323985108,0.022442076897332,0.0080158722498334,0.0139704324982306,0.0114336624509676,0.0031995900299663,0.2606299061655094,0.1660597784083215,0.1616373254553306,0.1300685619053353,0.1352973653140913,0.1194960905067171,0.1103030614750711,0.1073027766974794,-0.9780820300962222,0.2082199375728768,0.9767115943469484,-0.214556429566308,-0.8970269391595316,-0.4419758708595775,9.17527484023154,57.85895516381579,0.5323024653893998,0.0040053525129426,7.952422330266685,56.070253982606566,0.5654336415865311,0.108307099938983,-0.2934246090288666,0.1953423188693897,-0.1614648490487157,1318.888888888889
2384,1324.4444444444443,0.2038276324993566,0.0907383373338631,0.0880265609062088,0.0303868083348184,0.0449824759270342,0.0154151277747941,0.0096513082287992,0.011422081484145,0.0202478816421047,0.0069197259245588,0.273814793884309,0.1890903591506744,0.1629699827241301,0.1394979047540177,0.1351014637511919,0.1171806300975835,0.1195398192484316,0.1116576117084153,-0.3532489402631192,0.9355293614863102,0.6349099823521525,-0.7725861209661934,-0.9303122064446432,0.3667685899039056,9.17527484023154,57.85895516381579,0.5323024653893998,0.0040053525129426,7.952422330266685,44.29352545487527,0.5654336415865311,0.108307099938983,-0.1059746820789357,0.1269819964704304,-0.1674561971600358,1324.4444444444443
2394,1330.0,0.2049396295299943,0.1036358867223693,0.0819960676445616,0.0387164681983121,0.0444004010354041,0.0114704526946917,0.0227790633532565,0.0093302725713875,0.0118436719037834,0.014970941524501,0.3068241269869104,0.2034846251502318,0.1756589244557893,0.1459814848888826,0.1313383778071979,0.1193597126656782,0.1081137838011955,0.1096267846007419,0.596359596156948,0.8027174048639546,0.0212237393943775,-0.9997747510745204,-0.354079697707073,0.935215252052525,9.17527484023154,57.85895516381579,0.5323024653893998,0.0040053525129426,7.952422330266685,44.29352545487527,0.6127419448534138,0.108307099938983,0.1789078788470844,0.0042447478788755,-0.0637343455872731,1330.0
2404,1335.5555555555554,0.2207664270593609,0.0896389550608194,0.0760771943707424,0.0359560672819474,0.030765865744227,0.0125549858445575,0.0113225008730824,0.0095618920189299,0.0107722332586029,0.0128033494096083,0.3162916937053821,0.229685427073406,0.2082503060817606,0.1809536888910966,0.1643433627425517,0.1508295572180151,0.1491635038420568,0.143458142882381,0.9976778701235004,-0.0681092318693711,-0.6015510495199706,-0.7988343600656033,0.4541371582057217,0.8909317827627609,9.17527484023154,57.85895516381579,0.5323024653893998,0.0040053525129426,7.952422330266685,44.29352545487527,0.6127419448534138,0.1417206794710261,0.2993033610370501,-0.1203102099039941,0.0817446884770299,1335.5555555555554
2414,1341.111111111111,0.1868828081511659,0.0787170498550103,0.06579519701493,0.0168925720253369,0.0281651422641425,0.0090255809591245,0.0160504560441996,0.0051002440203076,0.0179448945371045,0.006802780532523,0.3221366056509636,0.2217463284123751,0.2115530917899886,0.1712827851238324,0.1721627320759885,0.151910877743637,0.1526822204407583,0.140994080628148,0.4817357113257375,-0.8763165549237819,-0.966726352443852,-0.2558127430184144,0.964814469048282,0.2629316266923427,7.613822797608217,57.85895516381579,0.5323024653893998,0.0040053525129426,7.952422330266685,44.29352545487527,0.6127419448534138,0.1417206794710261,0.1445207133977212,-0.1933452704887704,0.1736666044286907,1341.111111111111
2424,1346.6666666666663,0.198132824155045,0.074957843794883,0.067497561019833,0.0390703667044455,0.0303005222997176,0.0089888843496065,0.0060914440060052,0.0074527347384441,0.0006963797544835,0.0132448548787924,0.3105185027079504,0.2118874068733675,0.2040526999443714,0.1740966231319692,0.1620037792205582,0.15239381925897,0.1471737261790651,0.1488386891041653,-0.4771120388268783,-0.8788424787221311,-0.9179248005660192,0.3967544083004422,0.8433689663074065,-0.537334892473564,7.613822797608217,45.055491007686136,0.5323024653893998,0.0040053525129426,7.952422330266685,44.29352545487527,0.6127419448534138,0.1417206794710261,-0.1431336116480635,-0.1835849601132038,0.1518064139353331,1346.6666666666663
2434,1352.2222222222222,0.2124802449279576,0.0982812000269322,0.0775856859966624,0.0396990306609078,0.0235897779209338,0.022457547243167,0.0162526276840902,0.0046097540621821,0.0001762216454106,0.0083208453587685,0.3043862580700689,0.2190778110758574,0.2021235189341456,0.1705508097265034,0.1636857040251927,0.1601163436099257,0.1533279522651204,0.1420349525721988,-0.997305180796934,-0.0733646805731105,-0.476044461788269,0.8794212132992456,0.1693687694012761,-0.9855527484368848,7.613822797608217,45.055491007686136,0.5913020099923738,0.0040053525129426,7.952422330266685,44.29352545487527,0.6127419448534138,0.1417206794710261,-0.2991915542390802,-0.0952088923576538,0.0304863784922297,1352.2222222222222
2444,1357.7777777777776,0.2735342691821387,0.181941378084388,0.163604766942938,0.1265053119198003,0.1264603407501916,0.1109982617654806,0.1163528210295872,0.1009688910473206,0.0955920853934806,0.093960499374436,0.3170962422523438,0.2293664254856602,0.1984351159578607,0.1660804519412144,0.1800792377829801,0.1415685436014322,0.1455927065088122,0.1445508537497295,-0.6005805388507749,0.7995642665562993,0.1696902444004032,0.985497448477332,-0.6155976976860285,-0.7880605780037859,7.613822797608217,45.055491007686136,0.5913020099923738,0.09858658699061,7.952422330266685,44.29352545487527,0.6127419448534138,0.1417206794710261,-0.1801741616552324,0.0339380488800806,-0.1108075855834851,1357.7777777777776
2454,1363.3333333333333,0.2733729520609168,0.1826111457709618,0.1711495166678754,0.1321562272729037,0.1219058808810325,0.1041019533768486,0.1096970788317114,0.097634423029733,0.1017989821729628,0.103699114006088,0.2919905463297783,0.212304980231762,0.1878121702572972,0.1707451666603612,0.1565834031994359,0.1481761536090852,0.1403794293129913,0.1458224164208779,0.3483150807957025,0.937377514393365,0.7427592644930534,0.6695585672737959,-0.9972396281081164,-0.0742504150209654,7.613822797608217,45.055491007686136,0.5913020099923738,0.09858658699061,6.303296903563976,44.29352545487527,0.6127419448534138,0.1417206794710261,0.1044945242387107,0.1485518528986107,-0.1795031330594609,1363.3333333333333
2464,1368.888888888889,0.2810990516009138,0.1873886747924964,0.1701703491990632,0.1257841154947069,0.117851846360353,0.1017520303095393,0.1038714180705463,0.1026133615880797,0.0940383812115746,0.090996672233017,0.2912754380934766,0.2022923159570396,0.1915294921107003,0.1466002546229784,0.1545110148040643,0.1379524196006401,0.1451403979955666,0.1480732077726719,0.9769714214959344,0.2133701984350508,0.9977598431778982,0.0668976482517587,-0.7255145747634234,0.6882068016271337,7.613822797608217,45.055491007686136,0.5913020099923738,0.09858658699061,6.303296903563976,47.611695270010856,0.6127419448534138,0.1417206794710261,0.2930914264487803,0.1995519686355796,-0.1305926234574162,1368.888888888889
2474,1374.4444444444443,0.2898324831189754,0.1749611693033483,0.1521450516584926,0.1270643407309351,0.1173818773417348,0.1105129536480842,0.1136324290866899,0.1090518218451016,0.1016647362925143,0.093478075534111,0.2582784661183694,0.1954801456943733,0.1837070447230287,0.1537814755210498,0.1552580770674547,0.1392964003178787,0.1500452173377328,0.1452272697936287,0.7074047428073463,-0.706808693957334,0.8254942356435895,-0.5644105481998063,0.021549861444824,0.999767774771576,7.613822797608217,45.055491007686136,0.5913020099923738,0.09858658699061,6.303296903563976,47.611695270010856,0.5267442377677045,0.1417206794710261,0.2122214228422038,0.1650988471287179,0.0038789750600683,1374.4444444444443
2484,1380.0,0.2701257668525336,0.1786057200896285,0.1586761575709406,0.1273272750811041,0.1276807645868508,0.1162615668470625,0.1051023462324864,0.1031341456785342,0.1051019008820741,0.1010867473900006,0.2375895785111452,0.1560931453474955,0.1392105646429774,0.1150348248271932,0.1200539574838106,0.1084677444877067,0.1040926462239498,0.0985145030172789,-0.2125465940541934,-0.9771509327406702,0.2997309640962864,-0.9540237676084966,0.7544953561510288,0.6563053843650318,7.613822797608217,45.055491007686136,0.5913020099923738,0.09858658699061,6.303296903563976,47.611695270010856,0.5267442377677045,0.099366933242138,-0.063763978216258,0.0599461928192572,0.1358091641071852,1380.0
2494,1385.5555555555554,0.293252021766693,0.1805639709782093,0.1813654692571998,0.1279580188337332,0.1301834690219532,0.1152968044491486,0.1072992818766888,0.1045448837933616,0.1120469573877073,0.0930998966004265,0.2221393509452464,0.1517757427067361,0.1295646786363336,0.1179810000044583,0.1042393939005846,0.1044579321810138,0.1073752528335744,0.1002785289679737,-0.9370835725511564,-0.3491051103246146,-0.354384742956268,-0.9350997026840612,0.993113969714682,-0.117152222162217,9.05776810324219,45.055491007686136,0.5913020099923738,0.09858658699061,6.303296903563976,47.611695270010856,0.5267442377677045,0.099366933242138,-0.2811250717653469,-0.0708769485912536,0.1787605145486427,1385.5555555555554
2504,1391.111111111111,0.2930463658767021,0.1885023141328835,0.1768508727982949,0.1389206276862453,0.1317771824158068,0.119187740668806,0.1065473109839185,0.1025923641790057,0.1015401465493271,0.0958300459411427,0.2265493356545405,0.1588961099587796,0.1351871208845368,0.106652331595155,0.1061768423896808,0.102955902317335,0.1030410722869425,0.1098788422614769,-0.800070236026884,0.5999063405431603,-0.856743873902352,-0.5157421201829367,0.5810686298611447,-0.81385456157184,9.05776810324219,47.53707562817565,0.5913020099923738,0.09858658699061,6.303296903563976,47.611695270010856,0.5267442377677045,0.099366933242138,-0.2400210708080651,-0.1713487747804704,0.104592353375006,1391.111111111111
2514,1396.6666666666663,0.2831434562371679,0.1885509898514334,0.1751804872285979,0.130181570896838,0.1255836390916178,0.1134101851568084,0.1097112829797011,0.1079563579258189,0.1082451642391476,0.103658279509216,0.2309321932440055,0.1493722394965989,0.1367412772730587,0.1067013240472444,0.1083185446252412,0.1011791911462985,0.1015722802797965,0.0963906793296349,0.0725239857875905,0.9973666685254132,-0.9922234495408429,0.1244693784883279,-0.2116786469722948,-0.9773393220453062,9.05776810324219,47.53707562817565,0.5743447905548836,0.09858658699061,6.303296903563976,47.611695270010856,0.5267442377677045,0.099366933242138,0.0217571957362771,-0.1984446899081685,-0.038102156455013,1396.6666666666663
2524,1402.2222222222222,0.2931987609082176,0.1745813641442266,0.1618542795002415,0.1180454729637545,0.1232356785914254,0.0965032641014145,0.0964819658415152,0.0769866197763841,0.0952300656475999,0.079784848138673,0.2366745960393011,0.15376938414713,0.1464712230359223,0.1225021156347217,0.1093556699950504,0.1087194514109434,0.1006945825005387,0.0923490062070109,0.87843998953042,0.4778526810574525,-0.702807663774274,0.7113799180045407,-0.8657392579313393,-0.500495291962366,9.05776810324219,47.53707562817565,0.5743447905548836,0.0809282488421151,6.303296903563976,47.611695270010856,0.5267442377677045,0.099366933242138,0.263531996859126,-0.1405615327548548,-0.155833066427641,1402.2222222222222
2534,1407.7777777777776,0.2912553524413693,0.1813447024620196,0.1582800423746255,0.124616333103183,0.1066413582688535,0.1046453657152615,0.0954939107545507,0.0935926948012659,0.0895769487580634,0.0912002667860242,0.2533328414927377,0.1621704343687235,0.1480901572586161,0.1192470630079091,0.1079372002441617,0.102648712641636,0.1078229425198332,0.1009820792936664,0.8767223180325651,-0.4809968576442114,-0.1124317299323581,0.9936594517763202,-0.952588707460545,0.3042609972024809,9.05776810324219,47.53707562817565,0.5743447905548836,0.0809282488421151,6.64517333891428,47.611695270010856,0.5267442377677045,0.099366933242138,0.2630166954097695,-0.0224863459864716,-0.1714659673428981,1407.7777777777776
2544,1413.3333333333333,0.2760414132592525,0.1778693624672081,0.1589035999681754,0.1205208691390113,0.1121247559058657,0.0858537459226909,0.1030297095948834,0.0851664855104927,0.094226069346038,0.0845749746217294,0.2478535196529131,0.1645166756752315,0.1401011471721718,0.1233568175289493,0.1076521329680207,0.1056071229025207,0.1000214253907404,0.1027203563664556,0.0689501905477056,-0.9976201036584192,0.5260903352523434,0.8504286913986834,-0.4153253630121202,0.9096729317940876,9.05776810324219,47.53707562817565,0.5743447905548836,0.0809282488421151,6.64517333891428,44.94819183233542,0.5267442377677045,0.099366933242138,0.0206850571643116,0.1052180670504686,-0.0747585653421816,1413.3333333333333
2554,1418.888888888889,0.2667866035367394,0.1663742267569563,0.1661457165497241,0.1136419384748426,0.1194505120452575,0.0894585423311126,0.0924733276626447,0.0879113286400518,0.0840432554149055,0.0911371262664655,0.2409377850332364,0.1739498810099961,0.1375928068171487,0.119825506771605,0.1128040106396216,0.0999790108368938,0.1039259258653965,0.0947034338636427,-0.8022144241466499,-0.5970360271299036,0.9393271149177452,0.3430226977625611,0.3940489887254059,0.9190894376960737,9.05776810324219,47.53707562817565,0.5743447905548836,0.0809282488421151,6.64517333891428,44.94819183233542,0.5659704566564828,0.099366933242138,-0.2406643272439949,0.187865422983549,0.070928817970573,1418.888888888889
2564,1424.4444444444443,0.2734739000585994,0.1802053213174266,0.1628759130522553,0.120863871788201,0.1199706165464067,0.0970093534520223,0.087083699706248,0.0810043662628076,0.08124921175392,0.0774408971952042,0.2235117251552354,0.1350259440075776,0.1209372375114643,0.0957854267148662,0.0828949600825247,0.081765685616511,0.0782833645078705,0.0684193918274179,-0.9358267968819208,0.3524602193691143,0.950320091380108,-0.3112743547408031,0.945252092587098,0.3263410508344179,9.05776810324219,47.53707562817565,0.5743447905548836,0.0809282488421151,6.64517333891428,44.94819183233542,0.5659704566564828,0.0686138547207326,-0.2807480390645762,0.1900640182760216,0.1701453766656776,1424.4444444444443
2574,1430.0,0.2341337006063648,0.1507112329440212,0.1219118602567617,0.1009497667287605,0.0894001110301341,0.0882240906625131,0.0832965327292218,0.0892021117998226,0.0772715624263603,0.0801911561916225,0.2289704633607796,0.142982135868833,0.1240531710963525,0.0910911498074605,0.083161612419318,0.0746320466756702,0.069408615581696,0.0787503562776725,-0.2090443283503611,0.977906165633772,0.5543617920342663,-0.8322757977573041,0.8771491728759988,-0.4802180010401018,6.660900672968236,47.53707562817565,0.5743447905548836,0.0809282488421151,6.64517333891428,44.94819183233542,0.5659704566564828,0.0686138547207326,-0.0627132985051083,0.1108723584068532,0.1578868511176797,1430.0
2584,1435.5555555555554,0.2379023662747604,0.143354006581655,0.133707338701126,0.1030616010316306,0.1019113839263942,0.0804624726162085,0.1021014398150633,0.0810150043477027,0.0781863727622814,0.0752813278057786,0.2392348954287822,0.1357612311974924,0.1261428517554846,0.0972002110449611,0.0817090642468019,0.0795580756024182,0.0674912343336749,0.0731603168810559,0.7099325316092474,0.7042696930600414,-0.0789883509377017,-0.9968755390800512,0.2343595948711843,-0.9721499782913202,6.660900672968236,55.05464272734011,0.5743447905548836,0.0809282488421151,6.64517333891428,44.94819183233542,0.5659704566564828,0.0686138547207326,0.2129797594827742,-0.0157976701875403,0.0421847270768131,1435.5555555555554
2594,1441.111111111111,0.255255829204344,0.1561798423908905,0.1339080859550502,0.1083910410429313,0.1025551959740123,0.0842915625661081,0.0879957102726456,0.096791569753579,0.0848979826909025,0.0816753139503924,0.2393882825942392,0.1486958863735222,0.1267867187086901,0.0821250214922583,0.0720145719436131,0.0811678623095182,0.0728793712953302,0.071268927684257,0.9762006960288828,-0.2168690874069537,-0.6785136695376808,-0.7345877757290213,-0.5619766506565204,-0.8271530959362234,6.660900672968236,55.05464272734011,0.6158109148858508,0.0809282488421151,6.64517333891428,44.94819183233542,0.5659704566564828,0.0686138547207326,0.2928602088086648,-0.1357027339075361,-0.1011557971181736,1441.111111111111
2604,1446.6666666666663,0.2219755385851726,0.1163877306609395,0.092687119070481,0.0680683794045464,0.061758854751595,0.0553522118155339,0.0346612442875219,0.0483794829271122,0.0457442299580857,0.0528408102241197,0.2352101318443449,0.1457309731774014,0.1123714946854582,0.0997774353055199,0.0832763006201458,0.0751049709152563,0.0785537594678255,0.0750741736468027,0.3449544424997691,-0.9386194290550742,-0.9874821473676728,-0.1577308106557806,-0.9901195564516658,-0.1402257605861226,6.660900672968236,55.05464272734011,0.6158109148858508,0.0449540809335751,6.64517333891428,44.94819183233542,0.5659704566564828,0.0686138547207326,0.1034863327499307,-0.1974964294735345,-0.1782215201612998,1446.6666666666663
2614,1452.2222222222222,0.217472371937288,0.0973850873757422,0.1011702947752631,0.0661317353392984,0.0575481447131465,0.0534132110774618,0.0546258106780012,0.0490130706073432,0.0528620259651408,0.0527205453530999,0.2149141232433414,0.1425612990455685,0.1215288974859299,0.0892907985731645,0.0834671158863442,0.081834872483309,0.0798529775701114,0.0755642841976956,-0.6034413346247149,-0.7974073962952329,-0.8735856101841685,0.4866705062762217,-0.7695603750718546,0.6385740592282672,6.660900672968236,55.05464272734011,0.6158109148858508,0.0449540809335751,6.232639717053009,44.94819183233542,0.5659704566564828,0.0686138547207326,-0.1810324003874144,-0.1747171220368337,-0.1385208675129338,1452.2222222222222
2624,1457.7777777777776,0.2122955305845013,0.1122878110849537,0.0978453774833314,0.0681750220319896,0.0674558922316401,0.0496815307609754,0.0502048723177058,0.0440959859354963,0.0423358332566254,0.0521729571721475,0.1969576269636735,0.1251540785280823,0.109655473857373,0.0848525585284203,0.0788904074790102,0.0715939350300279,0.0792117362701003,0.0733630246961294,-0.9970359316075316,0.0769373191858264,-0.385597457115901,0.922667112812498,-0.0448040810672564,0.9989957929439536,6.660900672968236,55.05464272734011,0.6158109148858508,0.0449540809335751,6.232639717053009,55.26361902802962,0.5659704566564828,0.0686138547207326,-0.2991107794822594,-0.0771194914231802,-0.0080647345921061,1457.7777777777776
2634,1463.3333333333333,0.2199571687365492,0.1110769431331755,0.095960355224033,0.0711622316973199,0.0682154736816399,0.0425878660156262,0.0459349665078615,0.0502276195413207,0.042064385231539,0.0468092963961055,0.1979015422760704,0.1230328871991307,0.1050880649964975,0.0851609371849418,0.0725606793206665,0.0784019352056228,0.0769529437409452,0.0700357552129895,-0.4739602911371612,0.8805462182220631,0.267513351513406,0.9635541535181428,0.7093067496828089,0.704899946697692,6.660900672968236,55.05464272734011,0.6158109148858508,0.0449540809335751,6.232639717053009,55.26361902802962,0.5262157976582641,0.0686138547207326,-0.1421880873411483,0.0535026703026812,0.1276752149429056,1463.3333333333333
2644,1468.888888888889,0.2207144080525206,0.1127526389821336,0.1017289723668606,0.0647266956142016,0.0518605453573787,0.05287804917874,0.0595657002061044,0.0498997999440058,0.0566656403653562,0.0402161165942569,0.1612516004560096,0.08079665009481,0.0689293682310479,0.03612333863932,0.0358232744718686,0.0265366488640034,0.0217712448495213,0.0150543844284392,0.4848722552248454,0.8745849850718753,0.806068127200167,0.5918227558247616,0.9986971676622264,-0.0510290829179463,6.660900672968236,55.05464272734011,0.6158109148858508,0.0449540809335751,6.232639717053009,55.26361902802962,0.5262157976582641,0.0199809963524517,0.1454616765674536,0.1612136254400334,0.1797654901792007,1468.888888888889
2654,1474.4444444444443,0.2254624494517151,0.1096056290923779,0.0984700674141548,0.0652197864117493,0.055635294858113,0.0533574511515889,0.0479627700610402,0.0510225703896524,0.0485194412233944,0.0593271226318763,0.1718873589898698,0.0823677856610117,0.0680961371183866,0.0363558630372404,0.0258962224390583,0.0255626398026227,0.0275937671817062,0.0176211591886609,0.9979154862360996,0.0645343500019103,0.9994439934564908,-0.0333422246369631,0.6337656576514799,-0.7735251070143665,6.818189586583285,55.05464272734011,0.6158109148858508,0.0449540809335751,6.232639717053009,55.26361902802962,0.5262157976582641,0.0199809963524517,0.2993746458708298,0.1998887986912982,0.1140778183772663,1474.4444444444443
2664,1480.0,0.2440558674925404,0.1475914199934415,0.1196472547765951,0.073510981087032,0.0701930323097319,0.0562718568703196,0.0588952046286569,0.0465069194917792,0.0530992195381283,0.0454589147961315,0.1775131288885683,0.0811886517093531,0.0585578999651889,0.0367076409716374,0.0227748993454329,0.0197550801991382,0.0195827648530932,0.0185103546066945,0.5934798213249355,-0.8048488688444078,0.7648324774348176,-0.6442292150010889,-0.1463935914938251,-0.9892264232063048,6.818189586583285,41.62524622231981,0.6158109148858508,0.0449540809335751,6.232639717053009,55.26361902802962,0.5262157976582641,0.0199809963524517,0.1780439463974806,0.1529664954869635,-0.0263508464688885,1480.0
2674,1485.5555555555554,0.2629224148345998,0.1480336387473605,0.1233956151153728,0.0817436634441121,0.0657754321479342,0.0592073941039635,0.0521715220792204,0.0384954896485694,0.0447300353844099,0.0400581293302659,0.1636135659085111,0.0745808715627934,0.0657865432329676,0.0371421480874836,0.0302076158582823,0.028176068814673,0.0305367693294252,0.0156807981934937,-0.3565984543400042,-0.9342577494258852,0.2027002078324825,-0.9792408415424004,-0.8306393444029604,-0.5568108112544333,6.818189586583285,41.62524622231981,0.6812784730800514,0.0449540809335751,6.232639717053009,55.26361902802962,0.5262157976582641,0.0199809963524517,-0.1069795363020012,0.0405400415664965,-0.1495150819925328,1485.5555555555554
2684,1491.111111111111,0.2618030181211858,0.1510084776821057,0.1103871782173758,0.0747536682813767,0.0647459734149409,0.0504352120401016,0.0430180381407271,0.0520112076077813,0.0376592462178484,0.0447558178096264,0.1650466462681662,0.0837982095391556,0.0540228938687161,0.0258336930437162,0.0307161343140058,0.030324335158875,0.0265471730757382,0.0181302210728252,-0.9788217556227158,-0.2047143637355829,-0.4462334552500214,-0.8949165902002416,-0.9706705396935172,0.2404136089556832,6.818189586583285,41.62524622231981,0.6812784730800514,0.0403866449510085,6.232639717053009,55.26361902802962,0.5262157976582641,0.0199809963524517,-0.2936465266868147,-0.0892466910500042,-0.174720697144833,1491.111111111111
2694,1496.6666666666663,0.2591505271088013,0.1454551537978691,0.1072837730577503,0.084386371704381,0.070573292760358,0.0552041360444749,0.0492281487888671,0.0468169311024852,0.0475384159999892,0.0384830439569878,0.1721871154433729,0.0777748305809616,0.066158764321718,0.0447758680010162,0.0336153928091567,0.0175965922847005,0.0189743058393844,0.0176956878708168,-0.7011208488537569,0.7130424638845763,-0.904078583459432,-0.4273662538502389,-0.4747421673183011,0.8801249198664484,6.818189586583285,41.62524622231981,0.6812784730800514,0.0403866449510085,6.9192317376205805,55.26361902802962,0.5262157976582641,0.0199809963524517,-0.210336254656127,-0.1808157166918864,-0.0854535901172942,1496.6666666666663
2704,1502.2222222222222,0.2602242375294777,0.1384025556513954,0.1190117183999257,0.0820781967259846,0.0657844559203246,0.0509687801988604,0.0373651601273152,0.0523183896766241,0.0504527789690119,0.0514029170931946,0.1781532716805826,0.093293072639941,0.0722170579131457,0.0313383776892025,0.0303606196084894,0.0275230418843734,0.0278791311632255,0.0257663775997139,0.221187332966891,0.9752313385730556,-0.974774227714062,0.2231932010264964,0.3322256475187913,0.943199935925952,6.818189586583285,41.62524622231981,0.6812784730800514,0.0403866449510085,6.9192317376205805,56.65588620004135,0.5262157976582641,0.0199809963524517,0.0663561998900673,-0.1949548455428124,0.0598006165533824,1502.2222222222222
2714,1507.7777777777776,0.2725529686299542,0.143011917833161,0.1155972095306613,0.0833699384866853,0.0611963343054986,0.0555783283780252,0.0589797737966688,0.0494489119910838,0.0417943925512892,0.0419264333966029,0.2173797988251246,0.0988384127147271,0.0813346151085731,0.0467397003590736,0.0428292516223401,0.0260812143958237,0.0199187064788823,0.0245342066338154,0.9401369009154276,0.3407970180872124,-0.6280467119288955,0.7781756406077633,0.9215273536984356,0.3883134512034811,6.818189586583285,41.62524622231981,0.6812784730800514,0.0403866449510085,6.9192317376205805,56.65588620004135,0.6239846919423603,0.0199809963524517,0.2820410702746282,-0.1256093423857791,0.1658749236657184,1507.7777777777776
2724,1513.3333333333333,0.2674290320414356,0.155638066916923,0.1196131035929646,0.0762942079126119,0.0678673471448388,0.0478496502839291,0.04980268491048,0.037306919438065,0.0326062241375781,0.0422697901687771,0.2184921315020845,0.1031264584347481,0.0870761209487207,0.0545702787169427,0.0450902905353669,0.0395993466592415,0.0349893300130693,0.0224722653723297,0.7947289378257734,-0.6069645091620415,-0.012373592441489,0.9999234441746488,0.9070669042497792,-0.420986497663193,6.818189586583285,41.62524622231981,0.6812784730800514,0.0403866449510085,6.9192317376205805,56.65588620004135,0.6239846919423603,0.0280715079811078,0.238418681347732,-0.0024747184882978,0.1632720427649602,1513.3333333333333
2734,1518.888888888889,0.2885018290794859,0.1612462968919372,0.1360774667892346,0.0830496104766708,0.0749173521221758,0.0556346363576414,0.041273121652195,0.034377935042829,0.0488365844876103,0.0392226996726198,0.2216703116731739,0.0932459217018678,0.0848808791761412,0.0476646795207878,0.0489072825529486,0.0451217429012639,0.0378607054748695,0.0402025180159149,-0.0813491456206217,-0.9966856658479616,0.608598214589271,0.7934785524503807,0.298318431541666,-0.9544664024482582,7.791402919605084,41.62524622231981,0.6812784730800514,0.0403866449510085,6.9192317376205805,56.65588620004135,0.6239846919423603,0.0280715079811078,-0.0244047436861865,0.1217196429178542,0.0536973176774998,1518.888888888889
2744,1524.4444444444443,0.2507493206784635,0.1207371483969603,0.1043650369945595,0.0686336319944527,0.065427253512052,0.0433998378525157,0.0481348483206833,0.0449262633977353,0.049167351734236,0.0482125419687165,0.2076732993821434,0.1011796859478086,0.0941055170688955,0.0358449857940982,0.0361509528725904,0.0306862557933835,0.0281912854567473,0.0295252912424074,-0.8826351997442234,-0.4700586178047103,0.968952759996103,0.2472459279663356,-0.5058809722412083,-0.8626032934810125,7.791402919605084,57.678449294442935,0.6812784730800514,0.0403866449510085,6.9192317376205805,56.65588620004135,0.6239846919423603,0.0280715079811078,-0.264790559923267,0.1937905519992206,-0.0910585750034174,1524.4444444444443
2754,1530.0,0.2107976389802734,0.1175166997820268,0.100016194730637,0.0706744402736488,0.0658181927754992,0.0513670360242188,0.0458137507620618,0.037351782133947,0.042521419914249,0.0449986794411008,0.2068401544261434,0.1016523382100063,0.0881381488427852,0.0579199954586128,0.0475266552042981,0.034855405866579,0.028397997139545,0.0308571081994047,-0.8724305217037582,0.4887381556618105,0.9143770461619306,-0.4048637023149675,-0.9786395511089448,-0.2055836301977445,7.791402919605084,57.678449294442935,0.5750748034038927,0.0403866449510085,6.9192317376205805,56.65588620004135,0.6239846919423603,0.0280715079811078,-0.2617291565111274,0.1828754092323861,-0.17615511919961,1530.0
2764,1535.5555555555554,0.2596006696378002,0.1754474947934008,0.1688058302791315,0.1215312910339478,0.1225974028010139,0.1106662266059546,0.1158076283267758,0.1041390669269858,0.1153326793622568,0.1048007817125191,0.2072855677984377,0.0852885818753575,0.0824933535540027,0.0516261336549653,0.0471098076956148,0.0317403340931921,0.0357413576997436,0.0278752528489249,-0.0601172454282891,0.99819132274435,0.4682417842549087,-0.8836003799669733,-0.8102174611779797,0.586129393225002,7.791402919605084,57.678449294442935,0.5750748034038927,0.10663223297948,6.9192317376205805,56.65588620004135,0.6239846919423603,0.0280715079811078,-0.0180351736284867,0.0936483568509817,-0.1458391430120363,1535.5555555555554
2774,1541.111111111111,0.2749607210386202,0.1668206322732546,0.1621268710084775,0.1255378790200949,0.1221548701705732,0.1102359957339843,0.110672465535895,0.1060647683488478,0.1040402433521826,0.1151879426621759,0.1964250429333207,0.113927060474188,0.0819598003857475,0.0549680967333273,0.046823834087765,0.0361825144665789,0.0317496721473891,0.0231223175486692,0.8074675490490059,0.5899119910908671,-0.1784065397431118,-0.9839568621524468,-0.1109607314229963,0.9938247914406612,7.791402919605084,57.678449294442935,0.5750748034038927,0.10663223297948,6.290423126509404,56.65588620004135,0.6239846919423603,0.0280715079811078,0.2422402647147017,-0.0356813079486223,-0.0199729316561393,1541.111111111111
2784,1546.6666666666663,0.2711057630225477,0.1664691741387248,0.1645420833668093,0.1337723977898724,0.1268107961418373,0.1214759360556681,0.107764249549972,0.0993623953980079,0.1138407521938392,0.1127529246058197,0.2120962462914739,0.1008649540804358,0.0878903430953815,0.0534205885054518,0.040021926535482,0.0294754670855278,0.0250864184757422,0.0329285651629986,0.932670402758092,-0.3607297046530244,-0.7486566379017265,-0.6629579462723734,0.6609947523355292,0.7503905232509885,7.791402919605084,57.678449294442935,0.5750748034038927,0.10663223297948,6.290423126509404,54.54649553477088,0.6239846919423603,0.0280715079811078,0.2798011208274276,-0.1497313275803453,0.1189790554203952,1546.6666666666663
2794,1552.2222222222222,0.269313259467488,0.1708217893572508,0.158421920494608,0.1254237586499199,0.1299258609830411,0.1172958829038446,0.1110956930945347,0.1129522939418953,0.1083810876448423,0.1113484936829785,0.2216645450480238,0.0943152950149335,0.0914236512418518,0.0402149032773843,0.0465110133856841,0.0346657871188815,0.0260944035461396,0.0272220649415237,0.2003803894013216,-0.9797181735291912,-0.9983128891030316,-0.0580635466601739,0.9998826609131016,0.0153187599150694,7.791402919605084,57.678449294442935,0.5750748034038927,0.10663223297948,6.290423126509404,54.54649553477088,0.6552947048130493,0.0280715079811078,0.0601141168203964,-0.1996625778206063,0.1799788789643583,1552.2222222222222
2804,1557.7777777777776,0.2652536406804084,0.1684285366796043,0.1483068908485451,0.1299102079084354,0.1214482626999425,0.1156856226358049,0.1036233830137924,0.1015005749878741,0.10901936739412,0.106397808932807,0.2685076825533609,0.1867852243407088,0.1747612534612948,0.1392602766854203,0.1393961986024674,0.1300574554284042,0.1285389430245903,0.1264330068290139,-0.7161384298695125,-0.6979582718644642,-0.8204661257292739,0.5716951430008788,0.6836719353531114,-0.7297894797888848,7.791402919605084,57.678449294442935,0.5750748034038927,0.10663223297948,6.290423126509404,54.54649553477088,0.6552947048130493,0.1238650172553198,-0.2148415289608537,-0.1640932251458547,0.12306094836356,1557.7777777777776
2814,1563.3333333333333,0.2724780153739397,0.1759807421676114,0.1600530933594756,0.1344651691112474,0.128139713630956,0.1191694043780424,0.1017541797102781,0.1119614653778706,0.1023545476931867,0.1063975688109208,0.2688022331187665,0.1821257875831765,0.1647089422375969,0.136129517959849,0.1263745478702012,0.1206101690817869,0.1318903595144273,0.1183446848754786,-0.974242879359895,0.2255012461529674,-0.2912748631162846,0.9566394065250446,-0.0804639003782985,-0.9967575235411624,8.557443169392675,57.678449294442935,0.5750748034038927,0.10663223297948,6.290423126509404,54.54649553477088,0.6552947048130493,0.1238650172553198,-0.2922728638079684,-0.0582549726232569,-0.0144835020680937,1563.3333333333333
2824,1568.888888888889,0.2880273561820976,0.1881984062308568,0.1778095415339953,0.1422071562290511,0.127127363630589,0.1192058615065352,0.12108403371812,0.1190327149604755,0.107624824812414,0.1131728742799658,0.2754500748526986,0.1785118492905441,0.1746720214167822,0.1438006175788597,0.1417887886181285,0.1320687255072301,0.1209064344177109,0.1210120085175344,-0.3366329185180217,0.9416359584096388,0.3626477171139957,0.9319263024896376,-0.7918817589952256,-0.6106744466330873,8.557443169392675,47.41465589652505,0.5750748034038927,0.10663223297948,6.290423126509404,54.54649553477088,0.6552947048130493,0.1238650172553198,-0.1009898755554065,0.0725295434227991,-0.1425387166191406,1568.888888888889
2834,1574.4444444444443,0.2700538143537878,0.1820436607025689,0.1730258746417817,0.1328101963478255,0.1312419822960064,0.1142372086301001,0.1196944724095818,0.1073059822008865,0.1072244657022955,0.1043459263039536,0.281891074179462,0.1964332160268346,0.1651791355397851,0.1452084179340864,0.1414894890461664,0.1312021488003049,0.1289679366306872,0.130567494693913,0.6104757951470775,0.7920349130811997,0.8612753051757521,0.5081386116941077,-0.9844780808505312,0.1755075734116769,8.557443169392675,47.41465589652505,0.5128424000332207,0.10663223297948,6.290423126509404,54.54649553477088,0.6552947048130493,0.1238650172553198,0.1831427385441232,0.1722550610351504,-0.1772060545530956,1574.4444444444443
2844,1580.0,0.2597660728309252,0.154718720435552,0.1396122913766763,0.1099992875401962,0.1078645474511665,0.0896478967526698,0.0873321132437805,0.0755864290498752,0.0811149348366095,0.0855785633972603,0.2881972996212295,0.1928443783879246,0.1678241316530309,0.1388272113641234,0.1439611987393599,0.1288558158971242,0.1298770705344211,0.1270656580776963,0.9963158781073258,-0.0857593786779512,0.991082863604814,-0.1332469792110927,-0.5320684721953269,0.8467013292157575,8.557443169392675,47.41465589652505,0.5128424000332207,0.0778164351090442,6.290423126509404,54.54649553477088,0.6552947048130493,0.1238650172553198,0.2988947634321977,0.1982165727209628,-0.0957723249951588,1580.0
2854,1585.5555555555554,0.2494968505146668,0.1602761074415316,0.149643800768652,0.1038553978324977,0.1045873422848529,0.0892706334539344,0.0784484495202441,0.0865073040676732,0.0805131103454198,0.0754849268427677,0.3179158232988591,0.2088374133217775,0.1955054832010106,0.1532025340807446,0.1525603478219072,0.1276006244447722,0.1234959331701497,0.1235299170588554,0.4661477374817293,-0.8847068931802582,0.6964834885869465,-0.7175728186921217,0.268939370061127,0.9631571082804322,8.557443169392675,47.41465589652505,0.5128424000332207,0.0778164351090442,8.272379719146606,54.54649553477088,0.6552947048130493,0.1238650172553198,0.1398443212445188,0.1392966977173893,0.0484090866110028,1585.5555555555554
2864,1591.111111111111,0.2533941707930403,0.1573462340413898,0.1459468358812213,0.1116121092938863,0.098989080995508,0.082907938814205,0.0928901794897461,0.079801264908209,0.0766940422246045,0.0844359412199189,0.3188441231234082,0.2248292671951239,0.1974763856388574,0.152936573864593,0.1521661395366665,0.1337089920748704,0.1340143668850031,0.1339922431974694,-0.4925944832340822,-0.8702589701274831,0.1036321384391341,-0.9946156945687776,0.8937447228854826,0.4485759359510404,8.557443169392675,47.41465589652505,0.5128424000332207,0.0778164351090442,8.272379719146606,43.81676406979354,0.6552947048130493,0.1238650172553198,-0.1477783449702246,0.0207264276878268,0.1608740501193868,1591.111111111111
2874,1596.6666666666663,0.2418625119124303,0.1593812567235071,0.1400562635801905,0.1105297057869583,0.1000408460219493,0.0982557630391865,0.0832829517217581,0.0850823538339846,0.0795268304577072,0.0764055227187772,0.280612355315127,0.1892618785470713,0.1795034058558127,0.1517450710320246,0.145282142844605,0.130669379842906,0.1284130557808471,0.1293967698523703,-0.9984476077803784,-0.0556989633443915,-0.5335971337741682,-0.8457387887687264,0.9329904194445218,-0.3599012048114529,8.557443169392675,47.41465589652505,0.5128424000332207,0.0778164351090442,8.272379719146606,43.81676406979354,0.5532474453225887,0.1238650172553198,-0.2995342823341135,-0.1067194267548336,0.1679382755000139,1596.6666666666663
2884,1602.2222222222222,0.2450598453531943,0.1493627212315552,0.1468450658966525,0.1004198962065728,0.1044638046829922,0.0876054253437101,0.0845285229541179,0.0836409447476792,0.0827751038453361,0.0755773554672383,0.2611811399752211,0.163035391717829,0.1550717608142432,0.1154185942447762,0.1075473103447537,0.0966655181715983,0.0938804961753302,0.0847237814018135,-0.5863326063104505,0.8100704134686035,-0.9423265180795638,-0.3346949855077687,0.3609636404078972,-0.9325798895019548,8.557443169392675,47.41465589652505,0.5128424000332207,0.0778164351090442,8.272379719146606,43.81676406979354,0.5532474453225887,0.0804180063569058,-0.1758997818931351,-0.1884653036159127,0.0649734552734215,1602.2222222222222
2894,1607.7777777777776,0.251854514635679,0.1518897750205834,0.1522105505041599,0.1057676350904632,0.1090910939688217,0.0798637200718604,0.0912759371007189,0.0775136656594939,0.0864250423352175,0.0799615224518148,0.2711262668697603,0.1722939501885347,0.1429368638778659,0.1195656619362627,0.1122564569013565,0.1008820809000817,0.0867171417621102,0.0865457497435316,0.3648538893899531,0.9310647879696792,-0.947527678327889,0.3196737380557881,-0.4475576764864096,-0.8942550677620376,8.794661001273342,47.41465589652505,0.5128424000332207,0.0778164351090442,8.272379719146606,43.81676406979354,0.5532474453225887,0.0804180063569058,0.1094561668169859,-0.1895055356655778,-0.0805603817675537,1607.7777777777776
2904,1613.3333333333333,0.2616165135601391,0.1490214712015767,0.1461581086036305,0.1008563105199726,0.1020584629880251,0.0868926602959011,0.0800445795164131,0.0827665727429904,0.0903790020104858,0.0758769378267211,0.2823708302470109,0.1740339471434557,0.1583654961532142,0.1165768355766477,0.1057257106078732,0.099783029544766,0.0943423852722651,0.0962519454172097,0.9805954017951524,0.196042490236693,-0.5469733451833293,0.8371500221937276,-0.962850163613534,-0.2700362242910951,8.794661001273342,57.93173461518359,0.5128424000332207,0.0778164351090442,8.272379719146606,43.81676406979354,0.5532474453225887,0.0804180063569058,0.2941786205385456,-0.1093946690366658,-0.1733130294504361,1613.3333333333333
2914,1618.8888888888887,0.2428492054616014,0.147443004175051,0.1416364732868779,0.1077915304993422,0.0968791019595627,0.0882418085243073,0.0933982087636812,0.0825036214109727,0.0755073690519558,0.0823917407660098,0.2723793634080843,0.1716041944185614,0.1572713137473923,0.1195335579784319,0.0989268244762776,0.0977156501769843,0.0873495601478953,0.0795969217290004,0.6947820240372783,-0.7192203689236442,0.0878089103996211,0.9961373375466012,-0.8473068019758317,0.5311037406434722,8.794661001273342,57.93173461518359,0.5251483035068338,0.0778164351090442,8.272379719146606,43.81676406979354,0.5532474453225887,0.0804180063569058,0.2084346072111834,0.0175617820799242,-0.1525152243556497,1618.8888888888887
2924,1624.4444444444443,0.2020683244970771,0.1019381688395133,0.093253714131497,0.0548967485491987,0.0551405854813504,0.0346088182606433,0.0334126655221702,0.029524349172268,0.033365183902858,0.0342684433049911,0.2633082635589718,0.1685050187193144,0.1490685672985102,0.1093560644643064,0.105022265699332,0.0981826076158915,0.083504944592532,0.0796215384539196,-0.2298107424690028,-0.9732353377502512,0.6849891533148638,0.728553264930565,-0.1766287726732963,0.9842775404650485,8.794661001273342,57.93173461518359,0.5251483035068338,0.0276405319299744,8.272379719146606,43.81676406979354,0.5532474453225887,0.0804180063569058,-0.0689432227407008,0.1369978306629727,-0.0317931790811933,1624.4444444444443
2934,1630.0,0.2040606715838705,0.1026381512985976,0.085688701884015,0.0529029023510662,0.0521275060598542,0.0339983339074264,0.0328198144736002,0.0340745157740362,0.0268686593428693,0.0286263475883041,0.2545379778300478,0.1657584545113653,0.1517448082591152,0.1053800111982929,0.0997622878519186,0.0902338936900256,0.088027537755053,0.0845725764722944,-0.9431165721758212,-0.3324622253539928,0.9888395883214692,0.1489841218661469,0.6097721031700973,0.7925767989258304,8.794661001273342,57.93173461518359,0.5251483035068338,0.0276405319299744,8.39861091416443,43.81676406979354,0.5532474453225887,0.0804180063569058,-0.2829349716527463,0.1977679176642938,0.1097589785706175,1630.0
2944,1635.5555555555554,0.1957102420177968,0.0949430710566432,0.0886534618654404,0.0555998774260184,0.0490975014610347,0.0380080837386777,0.0356672444288182,0.0250129862930102,0.0368295958017279,0.0313706433382263,0.2532323975118821,0.1600537872459094,0.1451379520071823,0.1062478559874712,0.0951909155797929,0.0837254311476631,0.0885703690460676,0.0878058711710702,-0.7893253748290663,0.6139751238046652,0.8692437175126422,-0.4943838180652781,0.9966652292169604,0.0815991474827019,8.794661001273342,57.93173461518359,0.5251483035068338,0.0276405319299744,8.39861091416443,52.8904324604695,0.5532474453225887,0.0804180063569058,-0.2367976124487198,0.1738487435025284,0.1793997412590528,1635.5555555555554
2954,1641.111111111111,0.2113512215844193,0.1022627733296975,0.0980506328375027,0.0574477752757084,0.0534289100334333,0.0377292160932806,0.0324157649110598,0.0350763350134234,0.0196538608309628,0.0313341036332258,0.2922735133420103,0.1696824207589193,0.1584167577295647,0.1126566099222848,0.1039959434291791,0.0906710772166666,0.0959141216689389,0.0822143482756525,0.090167931975027,0.9959265756286187,0.3774155398856996,-0.9260440109696656,0.730567703584569,-0.6828402671775949,8.794661001273342,57.93173461518359,0.5251483035068338,0.0276405319299744,8.39861091416443,52.8904324604695,0.6441945583619955,0.0804180063569058,0.0270503795925081,0.0754831079771399,0.1315021866452224,1641.111111111111
2964,1646.6666666666663,0.2186034894617436,0.1059896005238072,0.0999459788830198,0.056524558074037,0.04729396715353,0.0414132835480244,0.0308843217950124,0.0392618108659123,0.0258094815059882,0.0356870793219133,0.3441009263184122,0.229316097527124,0.2171256575510692,0.1752075193702197,0.1710234346914216,0.1583566187879434,0.1628518157342137,0.1526507358871483,0.8867612579520385,0.4622277267703855,-0.2760315878817869,-0.9611485642144296,-0.0141798911731574,-0.999899460289042,8.794661001273342,57.93173461518359,0.5251483035068338,0.0276405319299744,8.39861091416443,52.8904324604695,0.6441945583619955,0.149515674754697,0.2660283773856115,-0.0552063175763573,-0.0025523804111683,1646.6666666666663
2974,1652.2222222222222,0.2346304561856299,0.102107109400641,0.1056975372272669,0.052722838647152,0.061651654055353,0.0472903354105052,0.0350622091800225,0.0297648999415443,0.0318371585439741,0.0299998748747039,0.3394518760510705,0.2348047843029675,0.218938816315217,0.1752605679870919,0.1686857166902934,0.1608503089387721,0.1417875500876944,0.1560761761759791,0.8680703728770103,-0.4964411624081633,-0.8112749568623606,-0.5846648136906949,-0.7496371684737427,-0.6618490127231962,9.405375867810818,57.93173461518359,0.5251483035068338,0.0276405319299744,8.39861091416443,52.8904324604695,0.6441945583619955,0.149515674754697,0.260421111863103,-0.1622549913724721,-0.1349346903252737,1652.2222222222222
2984,1657.7777777777776,0.2255602062495503,0.1094866304932181,0.1041716692924761,0.0613685122957188,0.0580962734179895,0.0462778290792433,0.0492200554816892,0.0266213743449966,0.0336373076128622,0.0349777028315709,0.3201417376512811,0.2293389036969027,0.2218504496229795,0.1700077734152783,0.1710884555866393,0.1605647562564114,0.1553895029343617,0.1395066218631344,0.0512795902904904,-0.998684336324366,-0.999109719289216,0.0421873064063614,-0.993950530229856,0.1098287005103319,9.405375867810818,56.860501336831724,0.5251483035068338,0.0276405319299744,8.39861091416443,52.8904324604695,0.6441945583619955,0.149515674754697,0.0153838770871471,-0.1998219438578432,-0.178911095441374,1657.7777777777776
2994,1663.3333333333333,0.2689437147067605,0.1221865239100375,0.1305144829180782,0.0615016653449218,0.0665659821189115,0.0372344987291619,0.0415277226322344,0.0315801276422401,0.0306683721506098,0.0333469368113747,0.333935561266015,0.2265917422208915,0.2165086519890676,0.1808467835250702,0.1667888569063834,0.1560376440957413,0.1626252504336563,0.1515013919197183,-0.8126574111211593,-0.5827417370927321,-0.7591002441532891,0.6509737470331787,-0.5870518446050694,0.8095493386729344,9.405375867810818,56.860501336831724,0.6554231618106363,0.0276405319299744,8.39861091416443,52.8904324604695,0.6441945583619955,0.149515674754697,-0.2437972233363478,-0.1518200488306578,-0.1056693320289124,1663.3333333333333
3004,1668.8888888888887,0.2949086005761336,0.1473439759732659,0.1515248538221004,0.0938056714116532,0.0925720366928763,0.0719846273785304,0.0719200072769863,0.0577284894760473,0.0624235802044442,0.0680782553378431,0.3301430416307667,0.2335988715176195,0.2109276576633003,0.1753325242426032,0.1749328983861763,0.1645461786600313,0.159869303480046,0.1628841360807651,-0.9294409365096808,0.3689709277707491,-0.1940247037762746,0.9809966433808676,0.2044688337818821,0.9788730745157296,9.405375867810818,56.860501336831724,0.6554231618106363,0.0592528822809655,8.39861091416443,52.8904324604695,0.6441945583619955,0.149515674754697,-0.2788322809529042,-0.0388049407552549,0.0368043900807387,1668.8888888888887
3014,1674.4444444444443,0.2877230634041302,0.1666157401207294,0.1516302392019933,0.10142409078724,0.0905312928976256,0.0666192506053119,0.0795622649520552,0.0628289524540495,0.0665844946504867,0.0532671395484266,0.3172649965859896,0.2285344646458362,0.2112452749202955,0.174081724453322,0.1665560933707526,0.1562292102720238,0.1533442671919334,0.1482715629455146,-0.1917007512076882,0.9814534232384172,0.4541371582056964,0.8909317827627737,0.8620265393416938,0.5068631427422822,9.405375867810818,56.860501336831724,0.6554231618106363,0.0592528822809655,7.923687331829445,52.8904324604695,0.6441945583619955,0.149515674754697,-0.0575102253623064,0.0908274316411392,0.1551647770815049,1674.4444444444443
3024,1680.0,0.2919344457158005,0.1609760044388989,0.1448558559767275,0.0933769388489376,0.0936918178503769,0.0756749038415792,0.0706715307183497,0.0556539590039882,0.070184608201943,0.0559005309445253,0.3310381576565817,0.2424814959235325,0.2299422462877488,0.1794086280676538,0.1716202686996067,0.1599673163703874,0.1625700820823448,0.1493534248926084,0.7222882206813438,0.6915921675850432,0.9078259183348962,0.4193472332082355,0.9548055657739246,-0.2972311080071123,9.405375867810818,56.860501336831724,0.6554231618106363,0.0592528822809655,7.923687331829445,43.68891284893158,0.6441945583619955,0.149515674754697,0.2166864662044031,0.1815651836669792,0.1718650018393064,1680.0
3034,1685.5555555555554,0.2835343015690618,0.1627296605441107,0.1471224070831726,0.101913108793315,0.0913031612562299,0.0637945222918723,0.0741244352649257,0.0577419301471167,0.0617670342929637,0.0557780215106937,0.3542252629963199,0.236353401919871,0.2331251471561126,0.1831057443534098,0.1692392727215874,0.1591374817332043,0.1633191611110767,0.1548661669932178,0.9722087334787266,-0.2341157375053851,0.9727604902393402,-0.2318124859219592,0.4220193669483528,-0.9065868154349652,9.405375867810818,56.860501336831724,0.6554231618106363,0.0592528822809655,7.923687331829445,43.68891284893158,0.6518988930561611,0.149515674754697,0.291662620043618,0.194552098047868,0.0759634860507035,1685.5555555555554
3044,1691.111111111111,0.2902665367746517,0.1637385878941764,0.1575883419625789,0.100428486827093,0.0923307712919571,0.0719230638314745,0.0735120428739651,0.0594095976127981,0.0657343891284228,0.058028583657807,0.3209218903663999,0.2038800466613693,0.1881685210626534,0.1550498292925086,0.1479573528089647,0.1278523263675469,0.1225159480827933,0.1209753071725672,0.3282850202860699,-0.9445787132133427,0.6211342357975977,-0.7837041923584014,-0.3872635866213986,-0.9219690420383596,9.405375867810818,56.860501336831724,0.6554231618106363,0.0592528822809655,7.923687331829445,43.68891284893158,0.6518988930561611,0.1136535996777583,0.0984855060858209,0.1242268471595195,-0.0697074455918517,1691.111111111111
3054,1696.6666666666663,0.2743518749040461,0.1440573221337636,0.1354576045363163,0.0916196371057752,0.0857538523485579,0.0740103950928268,0.0692330352801234,0.0577675625238095,0.0582016352172065,0.0598008322073059,0.3112457142964527,0.2047118587497986,0.1940140807554605,0.1469215503487716,0.1420802438637653,0.1163048336466603,0.1228434050031852,0.1165778263328908,-0.6174624265936747,-0.7866003761409289,0.003522476052146,-0.9999937960619866,-0.9428209216118688,-0.3332997296292728,8.708144683631101,56.860501336831724,0.6554231618106363,0.0592528822809655,7.923687331829445,43.68891284893158,0.6518988930561611,0.1136535996777583,-0.1852387279781024,0.0007044952104292,-0.1697077658901364,1696.6666666666663
3064,1702.2222222222222,0.2816502473070623,0.1589311678665131,0.145717776397067,0.0960746238855622,0.1013203649710079,0.0728816088575531,0.0719394615065484,0.0704668260004459,0.058703700124153,0.061765496353882,0.3038809155565406,0.2027483177275142,0.1837242766121043,0.1378296553890046,0.1330861413416912,0.1314743447356165,0.1242572647921452,0.1198281600785832,-0.9955177660370688,0.0945747191619629,-0.6155976976860285,-0.7880605780037859,-0.8806650767175864,0.4737394037337485,8.708144683631101,48.89598048853558,0.6554231618106363,0.0592528822809655,7.923687331829445,43.68891284893158,0.6518988930561611,0.1136535996777583,-0.2986553298111206,-0.1231195395372057,-0.1585197138091655,1702.2222222222222
3074,1707.7777777777776,0.2627165572093675,0.1489237238205422,0.1435243317274024,0.092417634069444,0.0911707235470727,0.0721629764746451,0.0623985385864835,0.0730084102654085,0.063573483959473,0.0533442709715732,0.308709589390209,0.2192752445197968,0.1820919906759911,0.1538019080848227,0.1430330010520897,0.1289345525556173,0.1212763302034128,0.1235779783831854,-0.4582986624513802,0.8887982538210096,-0.9711032528022974,-0.2386597418853823,-0.2415190394305999,0.970396080779658,8.708144683631101,48.89598048853558,0.5756360657581642,0.0592528822809655,7.923687331829445,43.68891284893158,0.6518988930561611,0.1136535996777583,-0.137489598735414,-0.1942206505604594,-0.0434734270975079,1707.7777777777776
3084,1713.3333333333333,0.2707714101223095,0.1580291745444398,0.1425274631292237,0.1003070746299975,0.0929660451392285,0.0754120432871199,0.0785732201807407,0.0706897654950287,0.0742265687434428,0.0698786225799891,0.3182348079159779,0.2051086592430114,0.18786454529255,0.1543975142307843,0.1401046195366638,0.1309873716311503,0.1191845959133317,0.117014509519782,0.5002781178395388,0.8658647728201723,-0.9107576528667236,0.4129412763876924,0.5558643581329249,0.8312730089191345,8.708144683631101,48.89598048853558,0.5756360657581642,0.0629656398554912,7.923687331829445,43.68891284893158,0.6518988930561611,0.1136535996777583,0.1500834353518616,-0.1821515305733447,0.1000555844639264,1713.3333333333333
3094,1718.8888888888887,0.2784679258434317,0.1646545037134935,0.1445547470808031,0.0973404117993452,0.095680915591002,0.0840647199344164,0.0679650128464282,0.0774083569351366,0.0597748446039014,0.0561914736863864,0.2858651444281303,0.1916235948947352,0.1717212386955261,0.1464892665932689,0.133152290814102,0.1253331893030115,0.1160670314463781,0.1155459860338222,0.9989015037395316,0.0468592128284544,-0.460402421283857,0.8877103190095076,0.9890590403465114,0.1475202179663454,8.708144683631101,48.89598048853558,0.5756360657581642,0.0629656398554912,6.10001770533374,43.68891284893158,0.6518988930561611,0.1136535996777583,0.2996704511218594,-0.0920804842567714,0.178030627262372,1718.8888888888887
3104,1724.4444444444443,0.2650887958557685,0.1563374596808069,0.1369180599690375,0.1061300408922278,0.0876741342738526,0.0758173928669875,0.0667277844099648,0.0609388131210735,0.0724694612156267,0.0644724444421355,0.2727198039226436,0.1837687861996791,0.1593980391641657,0.1284584947898109,0.1249960362623716,0.1115034815723521,0.1269338558640352,0.1221419722105843,0.5791394537717035,-0.8152284913354126,0.1871088574310284,0.9823391855519432,0.7742464595671672,-0.6328842072983863,8.708144683631101,48.89598048853558,0.5756360657581642,0.0629656398554912,6.10001770533374,56.88640232822986,0.6518988930561611,0.1136535996777583,0.173741836131511,0.0374217714862057,0.1393643627220901,1724.4444444444443
3114,1730.0,0.2706886139932314,0.1572392308285495,0.1368982963179652,0.1047424775423147,0.0807846584681674,0.0717188104728527,0.0824162254116871,0.0656328112020725,0.0650343334799521,0.0678091461487873,0.2538687543571616,0.1621226215661195,0.1547273181716953,0.1265802173573905,0.1330131777335425,0.1170420633091177,0.111623640965934,0.1165966490185747,-0.3730807391553991,-0.9277988801843108,0.7544953561510288,0.6563053843650318,0.0521665583552947,-0.998638398114835,8.708144683631101,48.89598048853558,0.5756360657581642,0.0629656398554912,6.10001770533374,56.88640232822986,0.6084739755109543,0.1136535996777583,-0.1119242217466197,0.1508990712302057,0.009389980503953,1730.0
3124,1735.5555555555554,0.2498450847254227,0.1397212859633706,0.1350405872611076,0.0982585596513697,0.0909405074158708,0.0673399280554947,0.0738469725295918,0.0727663360988061,0.0673780121924603,0.0583670325601758,0.2046265806244604,0.1161885894428989,0.0981712317101228,0.0767253222087843,0.0720544613154089,0.0722885884783062,0.0566835341624051,0.0615499334870171,-0.9822922210530184,-0.1873552573554535,0.9987877199978736,0.0492248959516351,-0.704091594427583,-0.7101091653094079,8.708144683631101,48.89598048853558,0.5756360657581642,0.0629656398554912,6.10001770533374,56.88640232822986,0.6084739755109543,0.0581277958502597,-0.2946876663159055,0.1997575439995747,-0.1267364869969649,1735.5555555555554
3134,1741.111111111111,0.2550350225221384,0.137925645294259,0.1356427169376723,0.08959340001826,0.0863303987965895,0.075312108722789,0.0673897931919382,0.074226110004403,0.062685695302461,0.0671500544078724,0.2108686363384485,0.1141752546489238,0.1002447493873379,0.0711330649858295,0.0745824402244094,0.0543975029295161,0.0649447414415607,0.0593552415111836,-0.6883887649871538,0.7253419250529098,0.815373734582545,-0.5789349470820649,-0.9990461764534514,0.0436662033355244,8.153692058451325,48.89598048853558,0.5756360657581642,0.0629656398554912,6.10001770533374,56.88640232822986,0.6084739755109543,0.0581277958502597,-0.2065166294961461,0.163074746916509,-0.1798283117616212,1741.111111111111
3144,1746.6666666666663,0.2495483442916174,0.153160553222123,0.1287775576021894,0.0818550363833618,0.0831262868214175,0.0767286754638514,0.0698408991801065,0.0655560176748459,0.0694495739748302,0.0622322587887909,0.217496214622218,0.1094271492003897,0.0970091555268195,0.0677434413287952,0.0547356139566699,0.0618708782750153,0.0573542821280306,0.0617455549930524,0.2384161469404473,0.9711630866533544,0.2827959415632032,-0.9591800954124212,-0.6394501684757267,0.7688325448602997,8.153692058451325,54.43280437039324,0.5756360657581642,0.0629656398554912,6.10001770533374,56.88640232822986,0.6084739755109543,0.0581277958502597,0.0715248440821342,0.0565591883126406,-0.1151010303256308,1746.6666666666663
3154,1752.2222222222222,0.255062078478893,0.1330456463916128,0.1313748649232465,0.0802398996686857,0.0794698737616952,0.0765222972168665,0.0749073220613178,0.071000045557665,0.0568769390360416,0.063529318064816,0.2245829902847961,0.1219351037175938,0.1142132732493839,0.071817786085003,0.0616758837928738,0.0672427784123339,0.061553985477039,0.0590329832400671,0.9460223528833958,0.324101385132745,-0.370882278834638,-0.9286798884688016,0.1390979309253268,0.9902786302916432,8.153692058451325,54.43280437039324,0.5762921738796791,0.0629656398554912,6.10001770533374,56.88640232822986,0.6084739755109543,0.0581277958502597,0.2838067058650187,-0.0741764557669276,0.0250376275665588,1752.2222222222222
3164,1757.7777777777776,0.295557507256374,0.1868452925356735,0.1866028473162379,0.1487084481602019,0.1434256498419775,0.1372469657359423,0.1283596364988381,0.1236349980568296,0.1371210849935218,0.1117919079912418,0.2172277391178146,0.1170785686127305,0.1009807528071694,0.0639974952476447,0.0679384736496977,0.0640295901883842,0.0606073931239684,0.0624062207116806,0.783859970390956,-0.6209376352087942,-0.8657392579313535,-0.5004952919623413,0.8265124722373806,0.5629184072634801,8.153692058451325,54.43280437039324,0.5762921738796791,0.1245961010117987,6.10001770533374,56.88640232822986,0.6084739755109543,0.0581277958502597,0.2351579911172868,-0.1731478515862707,0.1487722450027284,1757.7777777777776
3174,1763.3333333333333,0.2878954727411494,0.193136867170444,0.1807388492555881,0.1450503396184664,0.1371466291849433,0.1221258023511453,0.1358097761586859,0.1258868370338128,0.1270176628592143,0.1164156677271721,0.2704515595864331,0.146495078290468,0.1238950506478588,0.0888360755966508,0.0806675214498224,0.0712946527300595,0.0636292832139909,0.0579217432116641,-0.0989796539234652,-0.9950894573399875,-0.989864629090824,0.1420141404046987,0.9724162815141844,-0.2332521713642262,8.153692058451325,54.43280437039324,0.5762921738796791,0.1245961010117987,8.758390038916161,56.88640232822986,0.6084739755109543,0.0581277958502597,-0.0296938961770395,-0.1979729258181648,0.1750349306725531,1763.3333333333333
3184,1768.8888888888887,0.2762845737718729,0.1966002559946218,0.1853083660506952,0.1489332172166738,0.1493464337801662,0.1257214261815079,0.1307685687153323,0.1155467099230188,0.121815800850979,0.1244404060535957,0.26377913807811,0.1444692299992778,0.1400922267866342,0.0878520319227004,0.0898302631330565,0.0719668701818262,0.0663484335920606,0.0685221801394613,-0.8908178408887134,-0.4543606214829481,-0.6901047458610126,0.7237094995508261,0.481216755834355,-0.8766016392320167,8.153692058451325,54.43280437039324,0.5762921738796791,0.1245961010117987,8.758390038916161,47.74864594621289,0.6084739755109543,0.0581277958502597,-0.267245352266614,-0.1380209491722025,0.0866190160501839,1768.8888888888887
3194,1774.4444444444443,0.2812284016203427,0.1868822414029461,0.1801735547808752,0.1438743824383183,0.1465214184088089,0.1244660598265212,0.1351517955622376,0.122011171614956,0.1219907302971726,0.1236646958659274,0.2378139572263848,0.1394318440326015,0.1273578725943409,0.0860557195053543,0.0825726269981059,0.0860972115159252,0.0629290288031739,0.0513808059941416,-0.8636422131578337,0.5041052743741519,-0.0948244276569502,0.995494011995819,-0.3252642041522769,-0.9456231794415711,8.153692058451325,54.43280437039324,0.5762921738796791,0.1245961010117987,8.758390038916161,47.74864594621289,0.5275632308699862,0.0581277958502597,-0.2590926639473501,-0.01896488553139,-0.0585475567474098,1774.4444444444443
3204,1780.0,0.2755434810180879,0.1945898148062825,0.1787263711150413,0.1423433390292786,0.1451940449825562,0.1313374257854836,0.1366665088974863,0.1249363325254038,0.1268235252980801,0.1293795876010283,0.2756837584887344,0.1826134443698747,0.1842233519736817,0.1398345499831589,0.1396243610897834,0.1212573040142662,0.1195630102885372,0.1272559764812469,-0.0424379175397685,0.9990991057722391,0.5410621264489105,0.840982624863667,-0.9186400227022308,-0.3950955690584813,8.153692058451325,54.43280437039324,0.5762921738796791,0.1245961010117987,8.758390038916161,47.74864594621289,0.5275632308699862,0.1140559943985273,-0.0127313752619305,0.1082124252897821,-0.1653552040864015,1780.0
3214,1785.5555555555554,0.3112889342546979,0.1972400929025865,0.2073796339646425,0.1575730308654549,0.158666019474775,0.1388812562488871,0.1293845820489357,0.1362985405221572,0.134378493811174,0.1366059345752086,0.2833642360712962,0.1997393024019078,0.1785441303127037,0.1426584202087427,0.1462988395007841,0.1325254039576607,0.1184464555354252,0.1150566092510147,0.8177836037519086,0.5755258269048761,0.9452520925871074,0.3263410508343911,-0.9101453941871293,0.4142889830057701,9.57743634799554,54.43280437039324,0.5762921738796791,0.1245961010117987,8.758390038916161,47.74864594621289,0.5275632308699862,0.1140559943985273,0.2453350811255725,0.1890504185174215,-0.1638261709536832,1785.5555555555554
3224,1791.111111111111,0.3343904377942237,0.2432345444266529,0.2165792388796842,0.1661246705661905,0.1545000684688573,0.1427191156680542,0.1446739557308207,0.1315057890249065,0.1339964845088428,0.127102756768249,0.2822543423374317,0.1935403948987844,0.183944845418385,0.1418810296331684,0.1492421957220885,0.1274411426319778,0.125212528909853,0.1144385209460881,0.9261386511563596,-0.3771832430454441,0.9446610291250056,-0.3280480758250003,-0.3053457911922464,0.9522415385820874,9.57743634799554,42.95976297524129,0.5762921738796791,0.1245961010117987,8.758390038916161,47.74864594621289,0.5275632308699862,0.1140559943985273,0.2778415953469079,0.1889322058250011,-0.0549622424146043,1791.111111111111
3234,1796.6666666666663,0.3596737700184196,0.2394502254919894,0.2248715502133194,0.1643515571001856,0.1648905383529734,0.1520697696865975,0.1397025863956935,0.139175934120045,0.135365298587346,0.132901214223832,0.275570855418812,0.1849722353702098,0.1814161806230049,0.1426665181856141,0.1295440429714603,0.1210071331323504,0.124269540471148,0.1148218386255495,0.1830060937949038,-0.9831117788094754,0.5395420444964559,-0.8419586582609531,0.4995088968333801,0.8663087567283962,9.57743634799554,42.95976297524129,0.642535135212293,0.1245961010117987,8.758390038916161,47.74864594621289,0.5275632308699862,0.1140559943985273,0.0549018281384711,0.1079084088992912,0.0899116014300084,1796.6666666666663
3244,1802.2222222222224,0.3442173589697714,0.2312907861114623,0.2153269291504242,0.1720876443068846,0.1644858839068846,0.1400594230654091,0.1351702178373137,0.1460001742155471,0.1304553798325632,0.1374185862508397,0.263515524884533,0.1868193908251834,0.1702104706754471,0.1436214270515683,0.1350949532957435,0.1222276568757088,0.1132920062924517,0.114632723756176,-0.7283814222257445,-0.6851718789883321,-0.0966225902783622,-0.9953210914312524,0.9770975877105766,0.212791691779007,9.57743634799554,42.95976297524129,0.642535135212293,0.123798510045006,8.758390038916161,47.74864594621289,0.5275632308699862,0.1140559943985273,-0.2185144266677233,-0.0193245180556724,0.1758775657879037,1802.2222222222224
3254,1807.7777777777776,0.3344604349493686,0.2336081868013154,0.2194644318469285,0.1702052235044568,0.1650301077652257,0.141281839301508,0.142905949366305,0.1219833957278776,0.1227966714765426,0.1197146785610431,0.2616523058649752,0.1806578799704738,0.1713623822630262,0.1426369760757815,0.1365485905624666,0.1255944180243414,0.1208919240852958,0.114013849862429,-0.9700984177550735,0.2427118865426717,-0.6914109701025484,-0.7224616740158974,0.8145158664478347,-0.5801412787457321,9.57743634799554,42.95976297524129,0.642535135212293,0.123798510045006,8.761715834989083,47.74864594621289,0.5275632308699862,0.1140559943985273,-0.291029525326522,-0.1382821940205096,0.1466128559606102,1807.7777777777776
3264,1813.3333333333333,0.3494922714705589,0.2274391034456174,0.2257749939152514,0.1717335482291418,0.1605898947022432,0.140522177542587,0.1396609923017087,0.1305964978763651,0.1326539018966203,0.1171511726538066,0.2789793223967367,0.1989551596977134,0.1838296549448747,0.1432142354734692,0.138029119020043,0.1210270968474358,0.1287744364694059,0.118356927422177,-0.3199114018384557,0.9474474629095558,-0.9901195564516658,-0.1402257605861226,0.1182832954883216,-0.9929798900322314,9.57743634799554,42.95976297524129,0.642535135212293,0.123798510045006,8.761715834989083,42.46762828555149,0.5275632308699862,0.1140559943985273,-0.0959734205515367,-0.1980239112903331,0.0212909931878978,1813.3333333333333
3274,1818.8888888888887,0.3584385531738533,0.2360917911284708,0.2194392609537358,0.1786452015400281,0.1648182546780549,0.1459018045224272,0.1438488311531472,0.1412238230409344,0.1295075838197669,0.1298242111675384,0.2810585092840452,0.1947130573365872,0.1752003287176833,0.144591703685443,0.1377741475736199,0.1274110934704599,0.1325683574344203,0.1174599606480849,0.6244006815814203,0.7811042112552318,-0.8648337220204358,0.5020583962611117,-0.655445594134148,-0.755242393626135,9.57743634799554,42.95976297524129,0.642535135212293,0.123798510045006,8.761715834989083,42.46762828555149,0.5183619826303218,0.1140559943985273,0.187320204474426,-0.1729667444040871,-0.1179802069441466,1818.8888888888887
3284,1824.4444444444443,0.3577530529142566,0.2460443883964556,0.2263876201503656,0.180504977246431,0.1623872480959956,0.1429341013567719,0.1470547698323672,0.1295445446194125,0.134283197786696,0.1265589372290418,0.3087372571933313,0.2283361014476071,0.2159106027098669,0.1804748243956736,0.1784845872877688,0.1588118960905234,0.15440265259989,0.1598528417330516,0.9946416579266146,-0.1033826499805232,-0.36920405320069,0.9293483561615536,-0.9997425811405296,-0.022688575417407,9.57743634799554,42.95976297524129,0.642535135212293,0.123798510045006,8.761715834989083,42.46762828555149,0.5183619826303218,0.14818073727698,0.2983924973779844,-0.073840810640138,-0.1799536646052953,1824.4444444444443
3294,1830.0,0.3078958235733593,0.2159685178451179,0.1767966265656561,0.1489730517256846,0.1362572980860234,0.1332645724316329,0.1265000046028206,0.1227927655633519,0.1273837038465848,0.1168781883910472,0.3000932602884503,0.229525408503735,0.2115645028229731,0.1837708320638847,0.1699941721269742,0.1581402559301101,0.1511588152917018,0.1518005352713334,0.4504136809990983,-0.8928199795977028,0.2845281979451851,0.9586676716016168,-0.6890327108460208,0.7247302418032409,6.773620752325083,42.95976297524129,0.642535135212293,0.123798510045006,8.761715834989083,42.46762828555149,0.5183619826303218,0.14818073727698,0.1351241042997294,0.056905639589037,-0.1240258879522837,1830.0
3304,1835.5555555555557,0.2993856057995717,0.2010276976955051,0.1747386182318133,0.1450256195869757,0.1337705827914942,0.1277197324395634,0.1269086074332804,0.1247419616664162,0.1339541924444455,0.1240056895748992,0.2955963068444564,0.2224964049137602,0.2082431251966452,0.165469519864793,0.1738303784501616,0.1566213558336898,0.1494437893886538,0.1497529040075675,-0.5079225570499245,-0.8614027374230164,0.8164182253945689,0.5774610646992427,0.0731145184473021,0.9973235519089174,6.773620752325083,43.536151182737925,0.642535135212293,0.123798510045006,8.761715834989083,42.46762828555149,0.5183619826303218,0.14818073727698,-0.1523767671149773,0.1632836450789138,0.0131606133205143,1835.5555555555557
3314,1841.111111111111,0.2803331109082881,0.1921010840030939,0.1721711225598363,0.1467728908650716,0.1429968183290504,0.1332153413217773,0.1175634207748388,0.1274846281747362,0.1331974841786125,0.1150949440024254,0.280030604996051,0.2181570435905393,0.2111768832119193,0.1700187704099972,0.171617386983285,0.1604889280043531,0.1589065806678594,0.1450551152577135,-0.9992771385520772,-0.0380157910238953,0.998697167662228,-0.051029082917918,0.7873589056944278,0.6164948934287072,6.773620752325083,43.536151182737925,0.6149905867658038,0.123798510045006,8.761715834989083,42.46762828555149,0.5183619826303218,0.14818073727698,-0.2997831415656232,0.1997394335324456,0.141724603024997,1841.111111111111
3324,1846.6666666666663,0.244535465614972,0.1478229670503848,0.1219571026042024,0.09265894581249,0.0841903150163175,0.0648217422585347,0.0728407186144325,0.0777007043761098,0.0603789517967976,0.0676437636498568,0.2965154740056346,0.2200597367299117,0.205340576140266,0.1800155000441065,0.1716865888010387,0.1563755699037032,0.1536682585234449,0.1537463879522329,-0.5719009272721323,0.8203226983238213,0.75330853748497,-0.6576672770879326,0.9857450189062504,-0.1682461223966723,6.773620752325083,43.536151182737925,0.6149905867658038,0.0669409554434452,8.761715834989083,42.46762828555149,0.5183619826303218,0.14818073727698,-0.1715702781816396,0.150661707496994,0.177434103403125,1846.6666666666663
3334,1852.2222222222224,0.2522637124171933,0.1445798725267588,0.1315054837587011,0.0981998271025935,0.0936189826030688,0.0720189445068757,0.0686492081712603,0.0676509181354619,0.0733585817641071,0.0572375694135985,0.2985050129889675,0.2171738844895699,0.2046834641058841,0.1726333294622221,0.1664423093352742,0.16384692508982,0.1549776445056404,0.1495060992390604,0.3812783590855566,0.9244602819445654,0.1853339984256861,-0.9826755868686,0.5382951348184587,-0.8427563988667054,6.773620752325083,43.536151182737925,0.6149905867658038,0.0669409554434452,8.2511765739835,42.46762828555149,0.5183619826303218,0.14818073727698,0.1143835077256669,0.0370667996851372,0.0968931242673225,1852.2222222222224
3344,1857.7777777777776,0.2536527911709003,0.1559143356748407,0.139322636788534,0.0903928016670973,0.0746103082843319,0.0732366119129413,0.0730123009064131,0.0737052667265212,0.0692775823010132,0.0694470934792497,0.3013482722770403,0.2222755347602237,0.2069258497844319,0.1778915854981546,0.1675207047526716,0.156707228555446,0.1569341615702468,0.1484625137746673,0.983912080455226,0.1786533457124971,-0.4620052807817896,-0.8868771733051538,-0.2618325397417474,-0.9651133203579704,6.773620752325083,43.536151182737925,0.6149905867658038,0.0669409554434452,8.2511765739835,43.81114496316227,0.5183619826303218,0.14818073727698,0.2951736241365678,-0.0924010561563579,-0.0471298571535145,1857.7777777777776
3354,1863.3333333333333,0.258280218707048,0.1567746811195029,0.1268966457381873,0.0930750717756674,0.090059712480885,0.0850475703866617,0.0734122852538891,0.0697227475068289,0.0703596961314595,0.0695336162145462,0.3549351106301843,0.2502970514565307,0.2242168703992551,0.1905527771686807,0.178502044349864,0.1617246750826607,0.1748519862693633,0.1562384232188252,0.6819415725973977,-0.7314066526655251,-0.9115021275818344,-0.4112953578801847,-0.8904139460618472,-0.4551516282059968,6.773620752325083,43.536151182737925,0.6149905867658038,0.0669409554434452,8.2511765739835,43.81114496316227,0.6828855523119839,0.14818073727698,0.2045824717792193,-0.1823004255163669,-0.1602745102911325,1863.3333333333333
3364,1868.8888888888887,0.2457618052165814,0.1492972663259315,0.1283532068760503,0.0912567988570483,0.0958027309638744,0.0859885700750069,0.0775812474266447,0.0711696929287635,0.0628756456931621,0.0636601907824042,0.2830611972299818,0.1532351616262189,0.1336023794403145,0.0795943019436443,0.0705403071685178,0.0425760685588658,0.0424878582328923,0.0350201684657734,-0.2470028721717871,-0.9690147476374588,-0.9706705396935172,0.2404136089556832,-0.9356179395268704,0.3530142649178548,6.773620752325083,43.536151182737925,0.6149905867658038,0.0669409554434452,8.2511765739835,43.81114496316227,0.6828855523119839,0.0325792269461583,-0.0741008616515361,-0.1941341079387034,-0.1684112291148366,1868.8888888888887
3374,1874.4444444444443,0.2901495889814006,0.1785136803538531,0.1549821244225651,0.1126266746150512,0.1113820818531691,0.0826772740869083,0.0777148573942952,0.0675482989091879,0.072872381477473,0.0615103320661176,0.2717203495908993,0.1453947325020262,0.1265898322413643,0.0765084219402919,0.0674676919088085,0.0446773123177087,0.048329433187427,0.0420190786019564,-0.9488540153783376,-0.3157151524719798,-0.6141730955314169,0.7891713430715519,-0.3678279705814363,0.9298938563394976,8.861155168597247,43.536151182737925,0.6149905867658038,0.0669409554434452,8.2511765739835,43.81114496316227,0.6828855523119839,0.0325792269461583,-0.2846562046135013,-0.1228346191062833,-0.0662090347046585,1874.4444444444443
3384,1880.0,0.2860553938028098,0.1821934276587574,0.1646522750225413,0.1111479538991016,0.1038850144226898,0.0889511154027413,0.0828087883338726,0.0784565810218955,0.0754216338930236,0.0684600604931319,0.2755565793367003,0.1512362231034069,0.1200049083678779,0.0813537341252504,0.0677967770273808,0.0451491199470832,0.0464030745802058,0.0389942051095455,-0.7783331527105312,0.6278514978812147,0.0053289163133703,0.99998580122466,0.4409538772565509,0.8975297644827244,8.861155168597247,41.352070505481215,0.6149905867658038,0.0669409554434452,8.2511765739835,43.81114496316227,0.6828855523119839,0.0325792269461583,-0.2334999458131593,0.001065783262674,0.0793716979061791,1880.0
3394,1885.5555555555557,0.2814744037829741,0.1755710147150408,0.1596324381185508,0.1116333696769085,0.1043447190879549,0.0892427646748513,0.0879011799741671,0.068155924239689,0.0755763981661064,0.0695565719012898,0.2864816847501755,0.1516869160677798,0.1293399281423484,0.081979626358549,0.0721097523005374,0.0440109393140427,0.039471901223465,0.0364649750112284,0.1077836210920998,0.9941743765679512,0.6225489504202653,0.7825808612090038,0.9608335428678,0.2771261497948388,8.861155168597247,41.352070505481215,0.594680517551433,0.0669409554434452,8.2511765739835,43.81114496316227,0.6828855523119839,0.0325792269461583,0.0323350863276299,0.124509790084053,0.172950037716204,1885.5555555555557
3404,1891.111111111111,0.2603729035912168,0.1321023930973517,0.1023150594360422,0.057395882927487,0.057053837253681,0.0282691285194529,0.0309503425447755,0.0092812714906904,0.0090130688713303,0.001751849743237,0.2935605948322908,0.1566017225322434,0.1230240719023187,0.0778423940167121,0.0733100458569809,0.0486127834655276,0.0468983570746547,0.041672313746714,0.8948046307322899,0.4464579183081539,0.9731776623772944,0.230054857479395,0.8511986002434986,-0.5248437319274268,8.861155168597247,41.352070505481215,0.594680517551433,0.0048837489967789,8.2511765739835,43.81114496316227,0.6828855523119839,0.0325792269461583,0.2684413892196869,0.1946355324754589,0.1532157480438297,1891.111111111111
3414,1896.6666666666663,0.2592747308026172,0.1323213152249272,0.11139993303212,0.0569873611644084,0.051169868374285,0.0286492744088296,0.0258813587081488,0.0154920080134976,0.0085930814566474,0.0014350514229404,0.2575288154380918,0.126687405603066,0.1119732664150213,0.0628400662076666,0.059110110324229,0.0348395237432749,0.0448951756462788,0.0398833425034633,0.8591463894801912,-0.5117298910979811,0.9070669042497672,-0.4209864976632188,0.1838791790323431,-0.9829488529513586,8.861155168597247,41.352070505481215,0.594680517551433,0.0048837489967789,6.941432119191309,43.81114496316227,0.6828855523119839,0.0325792269461583,0.2577439168440573,0.1814133808499534,0.0330982522258217,1896.6666666666663
3424,1902.2222222222224,0.2508909694289231,0.1304277161754382,0.1076778661879443,0.0592934981547051,0.0523076878145034,0.0150646525494932,0.0239691009848522,0.0146103379071483,0.0111371639627527,0.0162406245600472,0.245431565721452,0.1280352637436406,0.1059844514357939,0.0613122833641244,0.0573946949008357,0.0488678100371082,0.0370006482271637,0.040540244854815,0.0335929198965784,-0.9994355985919364,0.4525269870672613,-0.8917507084246284,-0.6039133774168877,-0.7970499561363315,8.861155168597247,41.352070505481215,0.594680517551433,0.0048837489967789,6.941432119191309,46.24461348350058,0.6828855523119839,0.0325792269461583,0.0100778759689735,0.0905053974134522,-0.1087044079350397,1902.2222222222224
3434,1907.7777777777776,0.241385555095152,0.1174635394841232,0.110284735936637,0.0520630424937494,0.0373146666538381,0.0156736965422771,0.024312612705821,0.0069175641557652,0.0123941849155062,0.0028937459418147,0.2422613210390174,0.1206467301564743,0.1051174035595801,0.0612935648384773,0.0559816821502265,0.0418303278814296,0.0455706112118226,0.0407097739871725,-0.8228457253182612,-0.5682648258738743,-0.1957965156619191,-0.9806445454162542,-0.9960366777137,-0.0889434463524721,8.861155168597247,41.352070505481215,0.594680517551433,0.0048837489967789,6.941432119191309,46.24461348350058,0.6439496878277151,0.0325792269461583,-0.2468537175954783,-0.0391593031323838,-0.1792866019884659,1907.7777777777776
3444,1913.3333333333333,0.2439605358816417,0.125479100364725,0.101702057385702,0.0434561003169974,0.0407844423104957,0.0319191419881728,0.0167828861307894,0.017619479018247,0.0136002059832591,0.0091748739826046,0.2492327261941901,0.1518859169550391,0.1323699412085121,0.0939290328863566,0.0841426511231971,0.0774353085239337,0.078400885785804,0.0724160834457483,-0.9227638054229752,0.3853660070651139,-0.7602749617936712,-0.649601402761441,-0.7355811378840975,0.677436631419601,8.861155168597247,41.352070505481215,0.594680517551433,0.0048837489967789,6.941432119191309,46.24461348350058,0.6439496878277151,0.0682526224728599,-0.2768291416268925,-0.1520549923587342,-0.1324046048191375,1913.3333333333333
3454,1918.8888888888887,0.2021118321105863,0.0986178321583138,0.0762846982967653,0.0398888923119201,0.0241780992138259,0.0118082285122098,0.0107834449310023,0.0135588502505079,0.0119229852106904,0.0158942840243304,0.2604831599610065,0.1475851301070981,0.1313511925092988,0.0831259812870004,0.0915338967555663,0.0811172178162227,0.0674179427901949,0.0649024457569254,-0.1742970983651247,0.984693110314832,-0.9991842986607438,-0.040382388609857,0.0068091504540505,0.9999768174663322,6.581677959657334,41.352070505481215,0.594680517551433,0.0048837489967789,6.941432119191309,46.24461348350058,0.6439496878277151,0.0682526224728599,-0.0522891295095374,-0.1998368597321487,0.0012256470817291,1918.8888888888887
3464,1924.4444444444443,0.1788081633651908,0.0791369889157567,0.0584800215407576,0.0288964896788871,0.0213786757118302,0.0070796425009887,0.0053051669279046,0.0044968329177796,0.0123342463008285,0.0120414219746053,0.2691794393845563,0.1539084544281776,0.1310036639168372,0.0801222539363139,0.0919826196371908,0.0803885432395206,0.0662318994037914,0.0593113113493623,0.7344175571173696,0.6786979090860346,-0.8102174611779963,0.586129393224979,0.7447382501583123,0.6673566803075661,6.581677959657334,59.90723318857994,0.594680517551433,0.0048837489967789,6.941432119191309,46.24461348350058,0.6439496878277151,0.0682526224728599,0.2203252671352108,-0.1620434922355992,0.1340528850284962,1924.4444444444443
3474,1930.0,0.2133204299916606,0.0762208388651985,0.0491663073680143,0.0262007316242198,0.0316700918919305,0.0161616236722887,0.0055234141685814,0.0040457817230772,0.0116646026357034,0.0036994288244805,0.2603811298354432,0.1607274936350524,0.1477641314024531,0.0850719789739671,0.0914754889968357,0.0809237968431932,0.0794249567614774,0.071648754015154,0.9679120975262466,-0.251289019780693,-0.2742948637368957,0.9616456352147384,0.9947330856328438,-0.1024992114475107,6.581677959657334,59.90723318857994,0.6777398613416665,0.0048837489967789,6.941432119191309,46.24461348350058,0.6439496878277151,0.0682526224728599,0.2903736292578739,-0.0548589727473791,0.1790519554139119,1930.0
3484,1935.5555555555557,0.3014302586447839,0.1882874203512933,0.1909615517138165,0.1519504409138566,0.1486411694159644,0.1453971287411135,0.1476419467611383,0.1427987024788992,0.1449830244918097,0.1339241104779828,0.2738713167135409,0.1555767548264987,0.1305234428363771,0.0942280439907958,0.0796307728373686,0.076963010566089,0.0773691604047648,0.06892516780583,0.311512719224828,-0.9502419827397406,0.3790877829632522,0.9253607149690364,0.5930031625897654,-0.8052001298798556,6.581677959657334,59.90723318857994,0.6777398613416665,0.1374485902460104,6.941432119191309,46.24461348350058,0.6439496878277151,0.0682526224728599,0.0934538157674484,0.0758175565926504,0.1067405692661577,1935.5555555555557
3494,1941.111111111111,0.2969564144653315,0.1954752320091951,0.1818334157348427,0.1493015190317111,0.1497977452794588,0.1378091507120765,0.1373459046375423,0.1339837629039179,0.1377443249780927,0.1275085676980001,0.2514355623381003,0.1529483059865695,0.1323349245964601,0.0909844171502085,0.0819268753067592,0.0779871174065399,0.0756816513782585,0.0682175505509683,-0.6312900165173887,-0.7755468490332967,0.8701353824308519,0.4928127598205176,-0.1972479110221593,-0.9803536410894766,6.581677959657334,59.90723318857994,0.6777398613416665,0.1374485902460104,6.739726590220917,46.24461348350058,0.6439496878277151,0.0682526224728599,-0.1893870049552166,0.1740270764861703,-0.0355046239839886,1941.111111111111
3504,1946.6666666666663,0.2808210355640801,0.1954792832049423,0.1803966787234796,0.1513937494554624,0.1468564268163543,0.1413649608214718,0.1418612061943396,0.1340395338577992,0.1366338065537639,0.1396372732545311,0.2476109755184843,0.1399888796968341,0.1262790737895658,0.1033505395924118,0.0808175788673046,0.0680560174039311,0.0741212313050588,0.0670188189306018,-0.9936876224165904,0.1121824810568201,0.9885688414441484,-0.1507701751865203,-0.8582669835720107,-0.5132034537200642,6.581677959657334,59.90723318857994,0.6777398613416665,0.1374485902460104,6.739726590220917,47.88220509449936,0.6439496878277151,0.0682526224728599,-0.2981062867249771,0.1977137682888297,-0.1544880570429619,1946.6666666666663
3514,1952.2222222222224,0.2928414262985625,0.2032062960727307,0.1842596166083196,0.1513312917966872,0.1581383683810044,0.1440942841704999,0.1455451649915653,0.1404940007179564,0.1333032109195098,0.1468252591321468,0.2202633948161456,0.1313270110644769,0.115309422678887,0.0835756223986121,0.0768240872327318,0.0754333339011668,0.0766254921148287,0.0687420423843555,-0.4424934108912375,0.8967717554193143,0.6836719353531114,-0.7297894797888848,-0.9569705458699124,0.2901850691152841,6.581677959657334,59.90723318857994,0.6777398613416665,0.1374485902460104,6.739726590220917,47.88220509449936,0.5454359001826706,0.0682526224728599,-0.1327480232673712,0.1367343870706223,-0.1722546982565842,1952.2222222222224
3524,1957.7777777777776,0.3010998436968432,0.2025914536749985,0.1795431301250039,0.1515798978376123,0.145603373983051,0.1429441781736317,0.1385740511728712,0.1389939293987884,0.143967354677552,0.1355835003718639,0.1951963652997739,0.0894119223286551,0.0729821581627462,0.0343945073688405,0.0371719987033074,0.0285821507247799,0.0217008483422333,0.0203782112815227,0.5155272019446027,0.8568732135241298,0.086009287645294,-0.9962943352437316,-0.4286904409675157,0.9034514407665069,6.581677959657334,59.90723318857994,0.6777398613416665,0.1374485902460104,6.739726590220917,47.88220509449936,0.5454359001826706,0.0187359573266498,0.1546581605833808,0.0172018575290588,-0.0771642793741528,1957.7777777777776
3534,1963.3333333333333,0.300076136638189,0.191355046327785,0.1904448541628053,0.1554397152484761,0.1533469694985227,0.1399642049418494,0.1383837463013421,0.1361437334362609,0.1329509938804866,0.1400349682248443,0.2016709472824439,0.0978958578412514,0.0895932676150361,0.0408538272022949,0.0399365169899055,0.0223540637051515,0.0247569350992772,0.0213651150027888,0.9995744827880754,0.029169390788146,-0.5484847284152161,-0.8361605723156806,0.380457143014039,0.924798552296442,6.505676558930355,59.90723318857994,0.6777398613416665,0.1374485902460104,6.739726590220917,47.88220509449936,0.5454359001826706,0.0187359573266498,0.2998723448364226,-0.1096969456830432,0.068482285742527,1963.3333333333333
3544,1968.8888888888887,0.3053539925941768,0.2185445695798439,0.1976730857382349,0.161421053714163,0.1549719867800637,0.1491613407566567,0.1427022447719505,0.1410967736121264,0.1272531086130443,0.1389271263817723,0.1981470663843438,0.0941549975803321,0.0679847055781127,0.0413570525863018,0.0369411129084984,0.0224877977482364,0.0203436392339707,0.0129535760249858,0.5646175939300979,-0.8253526353169214,-0.9481036092297456,-0.3179615482499889,0.9403385235905232,0.3402402989823445,6.505676558930355,50.06672895972814,0.6777398613416665,0.1374485902460104,6.739726590220917,47.88220509449936,0.5454359001826706,0.0187359573266498,0.1693852781790293,-0.1896207218459491,0.1692609342462941,1968.8888888888887
3554,1974.4444444444443,0.2595130197753731,0.1858607005652887,0.1752982604082863,0.1524475850315869,0.1522678509550173,0.1399351827215708,0.1307553694555469,0.139565983413621,0.1365452475375025,0.1439139036498825,0.1905702735842022,0.0957403668048684,0.0620133570052356,0.0410240569033237,0.038500954607656,0.0242954075629677,0.0288908756485176,0.0262205779694004,-0.3894461069197696,-0.921049254820303,-0.9417203683654002,0.3363967119425144,0.8841331306764914,-0.4672350663640157,6.505676558930355,50.06672895972814,0.524626731213278,0.1374485902460104,6.739726590220917,47.88220509449936,0.5454359001826706,0.0187359573266498,-0.1168338320759309,-0.18834407367308,0.1591439635217684,1974.4444444444443
3564,1980.0,0.1749758414094258,0.0891376929377436,0.0701939862500991,0.0442775786791846,0.0368018857696779,0.0387525756580476,0.0246174031620431,0.0175861857658286,0.0293226596253147,0.0181436799211792,0.181468929238457,0.0854408243313778,0.0688581812451188,0.038454949187056,0.0268892254326105,0.0241916968988763,0.0191368059745787,0.0188429026884262,-0.9854548530903412,-0.1699374370781615,-0.5320684721953269,0.8467013292157575,0.2486653613421625,-0.9685894579586192,6.505676558930355,50.06672895972814,0.524626731213278,0.026445655705219,6.739726590220917,47.88220509449936,0.5454359001826706,0.0187359573266498,-0.2956364559271023,-0.1064136944390654,0.0447597650415892,1980.0
3574,1985.5555555555557,0.1749704293339154,0.0881412238132697,0.0735610006960823,0.0542112544969006,0.0468524408850618,0.0303737590175014,0.0329992115342475,0.0255990911364139,0.0319993363584287,0.0337042346631394,0.2093783034279176,0.1085104604295286,0.0904623120925916,0.0552863827991944,0.0373564642534992,0.0282750856227716,0.030453528992857,0.0322740361492409,-0.6754409519875507,0.7374140766069978,0.1054287000466901,0.9944268646846108,-0.5497218633848424,-0.8353477556782544,6.505676558930355,50.06672895972814,0.524626731213278,0.026445655705219,8.581427041372862,47.88220509449936,0.5454359001826706,0.0187359573266498,-0.2026322855962652,0.021085740009338,-0.0989499354092716,1985.5555555555557
3584,1991.111111111111,0.1782331532505448,0.0939876918849051,0.0770611767212781,0.0513382271310572,0.0387278707211157,0.0339091231234037,0.0268323119289132,0.0303240410724661,0.0297798319166387,0.024508311788129,0.221743116618564,0.1022059183772317,0.0919318875082952,0.0575232714385233,0.0520863588362383,0.0429903878935889,0.0306874655296995,0.031221365172129,0.255570245417051,0.9667904890189334,0.6977786167692194,0.7163134802442537,-0.9879447849024208,-0.1548066600121242,6.505676558930355,50.06672895972814,0.524626731213278,0.026445655705219,8.581427041372862,49.68485537267863,0.5454359001826706,0.0187359573266498,0.0766710736251152,0.1395557233538439,-0.1778300612824357,1991.111111111111
3594,1996.6666666666663,0.1881420549764995,0.0920851887597499,0.0787618802339813,0.0505655328451226,0.0385878079144281,0.0269285050689403,0.0328275477623477,0.0239359717453485,0.030498561231063,0.0321201962622951,0.22631868513071,0.1104631978257791,0.0916536304232779,0.0563682062629715,0.0558848161266146,0.0252002072051185,0.0331320618383518,0.0268101083442574,0.9516113378077888,0.3073041844096344,0.9913219514763292,0.1314564130088845,-0.7788904763079287,0.6271599683627838,6.505676558930355,50.06672895972814,0.524626731213278,0.026445655705219,8.581427041372862,49.68485537267863,0.5367407042040498,0.0187359573266498,0.2854834013423366,0.1982643902952658,-0.1402002857354271,1996.6666666666663
3604,2002.2222222222224,0.1845471909218083,0.0928148761101165,0.0752561022638803,0.0491935482841314,0.0366855621451909,0.035825706027045,0.0282064280982417,0.028670026092813,0.0241128229306141,0.02401518822248,0.2738797037552706,0.182241206646731,0.157543356097905,0.1286130540571337,0.1315379589213054,0.1019285642175343,0.106123966916774,0.1171537157913383,0.772745354798576,-0.6347161701400263,0.8603559692183537,-0.5096936395820015,-0.0595262012358626,0.9982267434638424,6.505676558930355,50.06672895972814,0.524626731213278,0.026445655705219,8.581427041372862,49.68485537267863,0.5367407042040498,0.1004796839725968,0.2318236064395727,0.1720711938436707,-0.0107147162224552,2002.2222222222224
3614,2007.7777777777776,0.1942253391573374,0.099857457300003,0.0777047437821139,0.0493812658502393,0.0410824268954367,0.0332492837400192,0.0415453273726875,0.0306607322464322,0.030683571277177,0.0380995433953618,0.2684860135352797,0.1792777783275338,0.1707236540862481,0.1268619346352938,0.1213546989708457,0.1033758220465393,0.1042031424874029,0.1024341196741462,-0.1165791437146599,-0.9931814050065358,0.3609636404078707,-0.932579889501965,0.6988381831984756,0.7152798009896923,7.2507676086234225,50.06672895972814,0.524626731213278,0.026445655705219,8.581427041372862,49.68485537267863,0.5367407042040498,0.1004796839725968,-0.0349737431143979,0.0721927280815741,0.1257908729757256,2007.7777777777776
3624,2013.3333333333333,0.1800596813802543,0.0943048277805392,0.0868438709707375,0.0446163015327194,0.0434753513974754,0.0296521946132194,0.0323853733659201,0.0214173602231915,0.0303436779247531,0.0291023970017415,0.255929649740623,0.1609121772171906,0.1525557074072204,0.1377686168454791,0.1264590687648099,0.1175989959877501,0.1182417367480851,0.1029762704212871,-0.8987213151289041,-0.4385202364007539,-0.2930025160179014,-0.9561116700507214,0.999340903266652,-0.0363009512023031,7.2507676086234225,50.53874400100114,0.524626731213278,0.026445655705219,8.581427041372862,49.68485537267863,0.5367407042040498,0.1004796839725968,-0.2696163945386712,-0.0586005032035802,0.1798813625879973,2013.3333333333333
3634,2018.8888888888887,0.19997211628697,0.0988240347939222,0.08013041001526,0.0476568969759564,0.0440677556516964,0.0364168988203585,0.0355414099873207,0.0303468174481756,0.0259602582285773,0.0216764537621728,0.2596657962405354,0.1806951597194891,0.161691826082378,0.1268084287680664,0.123618613696433,0.1095189837656495,0.1111076122029045,0.1074903998048042,-0.8545832540793279,0.5193144152121978,-0.8214975298359989,-0.5702120732441152,0.6450999355405892,-0.7640982091102738,7.2507676086234225,50.53874400100114,0.5565905735724689,0.026445655705219,8.581427041372862,49.68485537267863,0.5367407042040498,0.1004796839725968,-0.2563749762237983,-0.1642995059671997,0.116117988397306,2018.8888888888887
3644,2024.4444444444443,0.2381043625239475,0.1513735107719335,0.1355772413826579,0.1000921408072789,0.0931208603547275,0.0933097664680559,0.0852629758482779,0.0768297791416033,0.0853365814729725,0.0721137750418862,0.2654395914305624,0.1674333623371131,0.1607710147272948,0.1206666092592174,0.12661532193974,0.1110765827658749,0.1102569772103557,0.1013290274210627,-0.0247452903418142,0.999693788420184,-0.9982063708977928,0.0598668614431904,-0.1317947126372683,-0.991277031773086,7.2507676086234225,50.53874400100114,0.5565905735724689,0.0774241781266415,8.581427041372862,49.68485537267863,0.5367407042040498,0.1004796839725968,-0.0074235871025442,-0.1996412741795585,-0.0237230482747082,2024.4444444444443
3654,2030.0,0.2459808438607549,0.1471209323376736,0.1313664675895044,0.0990764043346466,0.098637366973394,0.0899256016650713,0.0778267219675196,0.0765589376815321,0.0808997250919297,0.0883701202397433,0.2730090960782502,0.1747893896526608,0.1631392907836935,0.1274376038073574,0.1195499107914887,0.1062391943417893,0.1006362027737707,0.110076208558202,0.8278433792172102,0.5609593028787653,-0.7474578111939231,0.6643092807459412,-0.8223406925060397,-0.5689954177747719,7.2507676086234225,50.53874400100114,0.5565905735724689,0.0774241781266415,7.885600772247455,49.68485537267863,0.5367407042040498,0.1004796839725968,0.248353013765163,-0.1494915622387846,-0.1480213246510871,2030.0
3664,2035.5555555555557,0.2483987772430112,0.1436825450172985,0.1335590636216141,0.1116147956237604,0.1090066999435277,0.0849696531439591,0.0855006358897857,0.0784220883475129,0.0769401547264998,0.0813645158525108,0.2608869337747742,0.1670993106068711,0.1525690459650721,0.1275568070985005,0.1244467193595439,0.1053151732833506,0.1024768183721707,0.102923874258488,0.9193166637192772,-0.3935185787330217,-0.1766287726732404,0.9842775404650584,-0.9741091882603004,0.2260780602952411,7.2507676086234225,50.53874400100114,0.5565905735724689,0.0774241781266415,7.885600772247455,50.72416159082536,0.5367407042040498,0.1004796839725968,0.2757949991157831,-0.035325754534648,-0.175339653886854,2035.5555555555557
3674,2041.111111111111,0.2344010035615861,0.1526830924410201,0.128014969724741,0.0916022762666244,0.0999839321998626,0.0836523932262373,0.0830904733410682,0.0783984335471925,0.078378297552868,0.0787963532433199,0.2691843727861751,0.1703747381277022,0.1704427269726219,0.1257018001374901,0.1193204298549605,0.1155726386411893,0.10890007338483,0.1051233243866655,0.1655744472438511,-0.9861972938615748,0.4698372065327427,0.8827530794947752,-0.4876651980140543,0.8730307294969136,7.2507676086234225,50.53874400100114,0.5565905735724689,0.0774241781266415,7.885600772247455,50.72416159082536,0.5791208214589801,0.1004796839725968,0.0496723341731553,0.0939674413065485,-0.0877797356425297,2041.111111111111
3684,2046.6666666666663,0.2336893828459659,0.1395515672108751,0.1228588990814651,0.1012722299820901,0.0905860437859852,0.0882658632198786,0.0779141453976512,0.0789086715385697,0.0772529709954986,0.0816915704536685,0.283850469788128,0.1917009431608707,0.1759601432974223,0.1463786993682568,0.1380602849709278,0.1229557960595579,0.1303948129564713,0.1166957913977119,-0.7403961524418864,-0.6721707650956347,0.915106923179506,0.4032112587080595,0.3182850879446636,0.9479950436537408,7.2507676086234225,50.53874400100114,0.5565905735724689,0.0774241781266415,7.885600772247455,50.72416159082536,0.5791208214589801,0.1186220698155793,-0.2221188457325659,0.1830213846359012,0.0572913158300394,2046.6666666666663
3694,2052.222222222222,0.2609391224564457,0.1710198517032758,0.1409451377550871,0.1083793635163946,0.0999759599239724,0.0837626310046559,0.0874402852505952,0.079298218399324,0.0718749486096965,0.0807191209673304,0.2741347340606602,0.1854918370743908,0.1781126272313135,0.1391717479664507,0.1364174592222667,0.1362236261719758,0.1323176115475891,0.1197703195471706,-0.9656499440843508,0.2598464652249285,0.9685045398183688,-0.2489958962537526,0.9157027785001024,0.4018562198687394,9.19499983726619,50.53874400100114,0.5565905735724689,0.0774241781266415,7.885600772247455,50.72416159082536,0.5791208214589801,0.1186220698155793,-0.2896949832253052,0.1937009079636737,0.1648265001300184,2052.222222222222
3704,2057.777777777778,0.2790086904128427,0.1838954038526707,0.1620266179786439,0.1177021369127925,0.1162941246243665,0.0901060379688979,0.0958593332919686,0.0807835042368503,0.088918090068147,0.082893553554067,0.2761217958174329,0.1872926549717516,0.1692021386814768,0.1297675210674749,0.1387383424783528,0.1234114310480806,0.1207199639649957,0.1174882708693871,-0.3030896304585436,0.9529620537610632,0.6071638365162757,-0.7945766644112053,0.9131744324640269,-0.4075689584524348,9.19499983726619,43.587425273764126,0.5565905735724689,0.0774241781266415,7.885600772247455,50.72416159082536,0.5791208214589801,0.1186220698155793,-0.090926889137563,0.1214327673032551,0.1643713978435248,2057.777777777778
3714,2063.333333333333,0.2721721586341171,0.1849888360971145,0.1550719840077179,0.1172813977540369,0.097546058497734,0.0843555048700111,0.0897834220590376,0.0830442491933247,0.0815188404695362,0.073366805734746,0.296054215416942,0.1878260789278664,0.1726178230132111,0.1374697958449852,0.1369265335764926,0.129149389773041,0.1196750826656094,0.1230212679002964,0.6381298916414477,0.7699287248789164,-0.0141798911731859,-0.9998994602890416,0.3123565602447164,-0.9499649358118902,9.19499983726619,43.587425273764126,0.5272617449636061,0.0774241781266415,7.885600772247455,50.72416159082536,0.5791208214589801,0.1186220698155793,0.1914389674924343,-0.0028359782346371,0.0562241808440489,2063.333333333333
3724,2068.8888888888887,0.2487081506119998,0.1358351398866788,0.1135625015661803,0.0564346321213204,0.0565079287674443,0.0320787456961701,0.0367738094527478,0.0234146899902442,0.0172228537480047,0.0325757973679316,0.2885547175008511,0.1960698686614553,0.182968459093455,0.1469691389599641,0.1359358952201346,0.1286868609692443,0.1251609773169658,0.1147254177744361,0.992655734253017,-0.1209735229486338,-0.6294514281806297,-0.777039831386632,-0.4931096812075895,-0.869967150126572,9.19499983726619,43.587425273764126,0.5272617449636061,0.0169787461173064,7.885600772247455,50.72416159082536,0.5791208214589801,0.1186220698155793,0.2977967202759051,-0.1258902856361259,-0.0887597426173661,2068.8888888888887
3734,2074.4444444444443,0.2477795704345766,0.1309789080114442,0.1172978235842378,0.0648104592251812,0.0534252688321913,0.0349249768881132,0.0269138306362342,0.0245090366882301,0.0305806259951956,0.0188267505387221,0.3021138739843466,0.2097638405096489,0.1903742092641069,0.1499627379403266,0.1406453564718481,0.1359851464292011,0.1260857137991894,0.1146894215414546,0.4345384726588688,-0.900653271675231,-0.9751758261969103,-0.2214319489169826,-0.9755025348844822,-0.2199881915784336,9.19499983726619,43.587425273764126,0.5272617449636061,0.0169787461173064,8.938790191344951,50.72416159082536,0.5791208214589801,0.1186220698155793,0.1303615417976606,-0.1950351652393821,-0.1755904562792068,2074.4444444444443
3744,2080.0,0.2220510944080452,0.1185433855596277,0.1091291307431998,0.0573220199911732,0.0582809245885653,0.028851803845925,0.0258768154168299,0.0246450679494634,0.022617767722498,0.0252072931266993,0.2803956316389495,0.1735835242976428,0.1800508746145458,0.1494726820968539,0.1362242941798753,0.1273319643418618,0.1254417995745502,0.1225187401526018,-0.5230914567210042,-0.852276555998989,-0.9033050894709216,0.4289987358209001,-0.8187700159731751,0.5741216429845565,9.19499983726619,43.587425273764126,0.5272617449636061,0.0169787461173064,8.938790191344951,58.83182605711836,0.5791208214589801,0.1186220698155793,-0.1569274370163012,-0.1806610178941843,-0.1473786028751715,2080.0
3754,2085.555555555556,0.2240924943829474,0.1025859013955225,0.0897464322296732,0.0577052829781969,0.052469863857152,0.0329397372433156,0.0367705002188128,0.0226051641610842,0.0355274905904122,0.0252148367548235,0.2724140948625464,0.1878543752424535,0.1691038313884194,0.1439823206871052,0.1402677517161972,0.1263263316382649,0.127511271942465,0.1184881312058892,-0.9997935131514344,-0.0203207052119898,-0.4446160986234253,0.8957212316590941,-0.1255994327724139,0.9920810362501884,9.19499983726619,43.587425273764126,0.5272617449636061,0.0169787461173064,8.938790191344951,58.83182605711836,0.5461334364602205,0.1186220698155793,-0.2999380539454303,-0.088923219724685,-0.0226078978990345,2085.555555555556
3764,2091.111111111111,0.2193116091445051,0.1104087190260284,0.1024471394571752,0.0627386407420607,0.0578404337669331,0.0232204445172715,0.0320070707598961,0.030888158093927,0.0169915937903139,0.025970826217748,0.2805382734495987,0.2071887185760838,0.2003281190412167,0.1639191737520967,0.1677711926542048,0.1540507721401566,0.1495909617066946,0.1512584860489033,-0.5572900243744051,0.8303179082332109,0.2044688337819099,0.9788730745157238,0.649860823081099,0.7600532288099016,9.19499983726619,43.587425273764126,0.5272617449636061,0.0169787461173064,8.938790191344951,58.83182605711836,0.5461334364602205,0.1454861360373257,-0.1671870073123215,0.0408937667563819,0.1169749481545978,2091.111111111111
3774,2096.6666666666665,0.2005552588896169,0.1010544017801281,0.0748583090539385,0.0442101260773711,0.0394046292014477,0.0274413942202755,0.015238761288862,0.015006053318537,0.0135649724942572,0.0120783241380694,0.3015866537681311,0.2082828304360633,0.2008757151703019,0.1693147005642016,0.1614671647763946,0.1527997011557178,0.1485806763361715,0.1509677658111928,0.3975833427377776,0.9175660660559842,0.765995002013654,0.6428465266998821,0.9995481815516224,0.0300571581631601,7.065016534794893,43.587425273764126,0.5272617449636061,0.0169787461173064,8.938790191344951,58.83182605711836,0.5461334364602205,0.1454861360373257,0.1192750028213332,0.1531990004027308,0.179918672679292,2096.6666666666665
3784,2102.222222222222,0.1948764632785347,0.0971321719928423,0.0690396038509125,0.0494551327540917,0.0231730007161041,0.0304949008420994,0.0239595271162558,0.0174444243996896,0.0244768537553089,0.0202342715607745,0.3008966929565825,0.2043778769210591,0.2102581383355938,0.1727799415859159,0.1552354754468951,0.1457941690892155,0.1545343210887284,0.1433555049292978,0.9869204180864206,0.1612082143196329,0.9995025940208144,0.0315367174205404,0.694356048571461,-0.7196316264674772,7.065016534794893,50.12952032376262,0.5272617449636061,0.0169787461173064,8.938790191344951,58.83182605711836,0.5461334364602205,0.1454861360373257,0.2960761254259261,0.1999005188041629,0.1249840887428629,2102.222222222222
3794,2107.777777777778,0.2127528831283829,0.102329493985584,0.0907550843420169,0.0335454626255676,0.0394444262321532,0.0244963692042974,0.0221941479632204,0.0234886369797817,0.0205012636463264,0.0079679952226307,0.2994884788816191,0.2057414471584089,0.2104726644663028,0.1574946389395004,0.1605999161926726,0.1533165228441322,0.161203196653146,0.1572327329650143,0.6688874124631056,-0.7433637262124184,0.8049977094952661,-0.5932779177648324,-0.065761163926501,-0.9978353918953926,7.065016534794893,50.12952032376262,0.599477008843903,0.0169787461173064,8.938790191344951,58.83182605711836,0.5461334364602205,0.1454861360373257,0.2006662237389316,0.1609995418990532,-0.0118370095067701,2107.777777777778
3804,2113.333333333333,0.2921034500325392,0.2025506952187009,0.1810832672579613,0.1599951634848638,0.1600084851328261,0.1479657960691267,0.1438009777356798,0.138779701492372,0.1333037596615339,0.138317689868355,0.293309903778328,0.2177526542421658,0.1975977913683081,0.1588387044093839,0.1691208765955534,0.1478655377992967,0.1574035555655513,0.1593779607349923,-0.2641175954464967,-0.9644904850622222,0.2657722956730707,-0.9640358327638376,-0.7827932721900868,-0.6222818437122658,7.065016534794893,50.12952032376262,0.599477008843903,0.137243385410826,8.938790191344951,58.83182605711836,0.5461334364602205,0.1454861360373257,-0.079235278633949,0.0531544591346141,-0.1409027889942156,2113.333333333333
3814,2118.8888888888887,0.2863742913552317,0.2047415416607989,0.18951488497628,0.1565449854629896,0.1511172128468177,0.1373852487265019,0.1401809877694111,0.1353339238037947,0.1304135949400783,0.1429291658267496,0.2488877949398957,0.1835701892450979,0.1756375552751882,0.14878383560612,0.1539105690504039,0.1373032462256332,0.1503875221323665,0.1425957844134853,-0.9542941041432276,-0.2988691399215963,-0.3872635866213724,-0.9219690420383706,-0.9869583976864312,0.1609755299299619,7.065016534794893,50.12952032376262,0.599477008843903,0.137243385410826,6.12158657968433,58.83182605711836,0.5461334364602205,0.1454861360373257,-0.2862882312429682,-0.0774527173242744,-0.1776525115835576,2118.8888888888887
3824,2124.4444444444443,0.2814113462453717,0.2032502506256671,0.1912215439254051,0.1593365770895467,0.1549011911127109,0.1455580242418725,0.1409384917004481,0.1460362011944974,0.135891084805361,0.136160818395261,0.2725363979300159,0.1987500092608251,0.1799420658442451,0.1514725296546807,0.1559815506686886,0.1508853304416368,0.1500944374873921,0.1404816655505339,-0.7670970144434711,0.6415311141573049,-0.8744633342501972,-0.4850916171735273,-0.5444925498198433,0.8387656783576003,7.065016534794893,50.12952032376262,0.599477008843903,0.137243385410826,6.12158657968433,46.30701628868763,0.5461334364602205,0.1454861360373257,-0.2301291043330413,-0.1748926668500394,-0.0980086589675717,2124.4444444444443
3834,2130.0,0.2889425454539875,0.2005613089776315,0.1805039911608572,0.1574393341457194,0.1470217720778064,0.1501836359783598,0.1510467881672409,0.1363413730786337,0.1444622719621071,0.1369941478805263,0.2857813031612904,0.2097039924281748,0.1893756286378684,0.1666486728399858,0.1493291483995127,0.1482278184184088,0.1495385394661964,0.1503806927524326,0.1253655326864813,0.9921106204522936,-0.9871956021861354,0.1595143975456555,0.2547114830647382,0.9670170941586098,7.065016534794893,50.12952032376262,0.599477008843903,0.137243385410826,6.12158657968433,46.30701628868763,0.6199949396931455,0.1454861360373257,0.0376096598059443,-0.1974391204372271,0.0458480669516528,2130.0
3844,2135.555555555556,0.2902802829383907,0.2102146609624587,0.1868903771127735,0.1577281924130795,0.1581096970274595,0.1526257558938921,0.146402131013644,0.140401821206475,0.1289202913305975,0.1426629047336615,0.2032380947914881,0.099745283760778,0.0697173576540261,0.0391686342739484,0.0268441523328019,0.0178690323720347,0.009911795998627,0.011529438950639,0.9025675872172582,0.430548197655985,-0.6771855610560029,0.7358122830568041,0.887034789662371,0.4617025903421305,7.065016534794893,50.12952032376262,0.599477008843903,0.137243385410826,6.12158657968433,46.30701628868763,0.6199949396931455,0.0099597327754918,0.2707702761651774,-0.1354371122112005,0.1596662621392267,2135.555555555556
3854,2141.111111111111,0.2976923752922971,0.2072680694805599,0.1860171477605566,0.16542551097837,0.1509786534520638,0.1436941390564791,0.1474702546192511,0.1307352509404711,0.1425199828196877,0.1468210823384065,0.2083538062213316,0.0931956437143129,0.0676652903187795,0.0354542494551188,0.0208413712328023,0.0063196482773031,0.0178671139254707,-0.000526638289433,0.8499531644641445,-0.5268582524905412,-0.0771874090458543,0.9970166016094156,0.9381946239285012,-0.3461081444168257,7.1569618444992695,50.12952032376262,0.599477008843903,0.137243385410826,6.12158657968433,46.30701628868763,0.6199949396931455,0.0099597327754918,0.2549859493392433,-0.0154374818091708,0.1688750323071302,2141.111111111111
3864,2146.6666666666665,0.2958094215268846,0.2058095029010749,0.184228683738987,0.1598148854566852,0.1575109845323457,0.1444339478893505,0.1439347902160182,0.1394689161951549,0.1425788193809404,0.1363562672022693,0.1881482687514162,0.0864823989441228,0.064508958059834,0.0387276224851608,0.0238961753262423,0.0193283444963158,0.0075993276195557,0.0069152421235756,0.0158957220625731,-0.9998736550285288,0.5558643581329249,0.8312730089191345,0.3746723152625275,-0.9271572985075496,7.1569618444992695,49.30126908195081,0.599477008843903,0.137243385410826,6.12158657968433,46.30701628868763,0.6199949396931455,0.0099597327754918,0.0047687166187719,0.1111728716265849,0.0674410167472549,2146.6666666666665
3874,2152.222222222222,0.31857228647429,0.2079813634793983,0.1934919044700988,0.1603577252369391,0.1540173106697615,0.1610557894448347,0.1450260519082366,0.1469221206819351,0.1331315018185294,0.1368840812432049,0.1871034606488712,0.0915421826487262,0.0580176772898237,0.0213780160466834,0.0281988950051073,0.0121797400622261,0.0052275408329934,0.0165469977795978,-0.8327761738964797,-0.553609830286945,0.9508808445991396,0.3095571342651095,-0.4343261193256202,-0.9007556949981204,7.1569618444992695,49.30126908195081,0.6761714053738455,0.137243385410826,6.12158657968433,46.30701628868763,0.6199949396931455,0.0099597327754918,-0.2498328521689439,0.1901761689198279,-0.0781787014786116,2152.222222222222
3884,2157.777777777778,0.2857307995571105,0.1933378039730225,0.1776844496910655,0.1472193604686708,0.1322987375074377,0.1218849073861645,0.1254283744687374,0.1145305181822491,0.1235338877865594,0.1028679651535088,0.1881533570445577,0.0891596691105345,0.0602289572035552,0.0336026462955678,0.0228413427640836,0.0167193174300671,0.0243953188207141,0.010402489346162,-0.915797496119203,0.401640319317917,0.93870592644163,-0.344718992316004,-0.9587647163817546,-0.2842010179809591,7.1569618444992695,49.30126908195081,0.6761714053738455,0.1141439282486681,6.12158657968433,46.30701628868763,0.6199949396931455,0.0099597327754918,-0.2747392488357609,0.187741185288326,-0.1725776489487158,2157.777777777778
3894,2163.333333333333,0.3005757292327889,0.1831737218502574,0.1779295379097297,0.1434186424902965,0.1314972115498351,0.1346944731090243,0.1190754459826007,0.1137746486800616,0.1160979126011399,0.1042244615020632,0.252636171725843,0.1169371413642127,0.0976721185204336,0.0520220608758661,0.0506826883569142,0.0270832451072974,0.0155144556568633,0.0140972858540046,-0.1568388238264123,0.987624211601127,0.524553213813438,-0.8513776634831299,-0.8550441496541776,0.5185552064555561,7.1569618444992695,49.30126908195081,0.6761714053738455,0.1141439282486681,8.486941408685224,46.30701628868763,0.6199949396931455,0.0099597327754918,-0.0470516471479237,0.1049106427626876,-0.1539079469377519,2163.333333333333
3904,2168.8888888888887,0.3154295268693618,0.197201087271337,0.1780443098202561,0.1401537535176857,0.1331066037973901,0.118046118984859,0.1212232349918474,0.1112292336519095,0.1100029834595089,0.118151398272943,0.2405791236014322,0.1013280082581221,0.0969982671706458,0.0470185234313889,0.0387870027823931,0.0216509359415638,0.02215858312293,0.0177924008189616,0.7463167397930274,0.6655909584006583,-0.1142265497704106,-0.9934547273668528,-0.1911195945363783,0.9815667580884402,7.1569618444992695,49.30126908195081,0.6761714053738455,0.1141439282486681,8.486941408685224,55.22139545058625,0.6199949396931455,0.0099597327754918,0.2238950219379082,-0.0228453099540821,-0.034401527016548,2168.8888888888887
3914,2174.4444444444443,0.3174967178307463,0.1975970283872232,0.1891678347503577,0.1414076730154352,0.1363833946447247,0.1259902790474519,0.1278021269873298,0.1100957833580097,0.1162853474695693,0.1142661706455167,0.2427862238322725,0.1161581579843827,0.0959804925733714,0.04151510540838,0.0304461873346853,0.0171709403784592,0.0138329416236464,0.0084661760223075,0.9633121346627986,-0.2683835524233966,-0.7040915944276233,-0.710109165309368,0.5980218387532721,0.8014798065916292,7.1569618444992695,49.30126908195081,0.6761714053738455,0.1141439282486681,8.486941408685224,55.22139545058625,0.6415441552099566,0.0099597327754918,0.2889936403988395,-0.1408183188855246,0.1076439309755889,2174.4444444444443
3924,2180.0,0.2997886191482664,0.1973441085808138,0.1815637479245533,0.1424437661299572,0.1363531424736162,0.1262638335179275,0.1216240308089019,0.1175169224079675,0.1136159676854818,0.1150269809459844,0.31710030290057,0.2044031333024563,0.1912534138411945,0.1639966122478482,0.1573594036880948,0.1368607242086329,0.1237685954708339,0.1226550637029659,0.2946427954651127,-0.955607462863546,-0.9924466791911633,-0.1226767661883552,0.9953540077499278,0.096282912586589,7.1569618444992695,49.30126908195081,0.6761714053738455,0.1141439282486681,8.486941408685224,55.22139545058625,0.6415441552099566,0.127454001396967,0.0883928386395338,-0.1984893358382326,0.1791637213949869,2180.0
3934,2185.555555555556,0.324309740558821,0.2113526563962581,0.1961276504318219,0.1483433747349476,0.1516052168117813,0.1256890554468478,0.1341971695800811,0.1191292604817125,0.1151776495805642,0.1169316266589676,0.3095897217818654,0.2001595523887092,0.1967544353117338,0.1471319471381065,0.1524454557716867,0.1411376241289438,0.1309725865754736,0.1253218323533529,-0.6449197710683285,-0.7642502789565567,-0.8558108099258374,0.5172889498279297,0.7405546052630965,-0.6719961879531903,8.580725410357404,49.30126908195081,0.6761714053738455,0.1141439282486681,8.486941408685224,55.22139545058625,0.6415441552099566,0.127454001396967,-0.1934759313204985,-0.1711621619851674,0.1332998289473573,2185.555555555556
3944,2191.111111111111,0.3220868714274755,0.1839304233699872,0.1842045282017604,0.1465744152904598,0.1343256497064756,0.1309083251495541,0.1240496397679861,0.1166123495153003,0.1168599826324174,0.1190063778963296,0.3062985006975552,0.2072099799495833,0.1946088692590918,0.1446731464884461,0.1453735565306231,0.1370191602652699,0.1296317618255035,0.1306906968093337,-0.9915460742814468,0.1297550869024092,-0.3526949471206519,0.9357383578092546,0.000561960232038,-0.9999998421003364,8.580725410357404,54.71366118627202,0.6761714053738455,0.1141439282486681,8.486941408685224,55.22139545058625,0.6415441552099566,0.127454001396967,-0.297463822284434,-0.0705389894241303,0.0001011528417668,2191.111111111111
3954,2196.6666666666665,0.2682348564998862,0.1779317611475453,0.1749032972110358,0.1356330463770464,0.1454397147940586,0.1147474254444181,0.1225097278822553,0.1105403403281395,0.1218307761711462,0.1180144557304593,0.3226544169385792,0.202347403846305,0.1950255619683658,0.1453258892399859,0.1523390943643033,0.1309183949666153,0.1356272405378081,0.1267124752874263,-0.4265494895492143,0.904464224259481,0.3014538781607521,0.9534807598173348,-0.7397988673815998,-0.6728280878656168,8.580725410357404,54.71366118627202,0.5603289005504428,0.1141439282486681,8.486941408685224,55.22139545058625,0.6415441552099566,0.127454001396967,-0.1279648468647642,0.0602907756321504,-0.1331637961286879,2196.6666666666665
3964,2202.222222222222,0.2257033166105654,0.1093258951200181,0.097754477036062,0.0455632701967313,0.0589858005637524,0.0385506057719451,0.0351355087016828,0.0259066186719523,0.0205038681580903,0.0200425220265129,0.3184829539252599,0.2080957609159444,0.188755710853509,0.1494472706567169,0.1479013953176486,0.1412386430328769,0.1348902674545116,0.1357489231978862,0.5306147287408172,0.8476131249829187,0.8265124722373806,0.5629184072634801,-0.9954615934044404,0.0951641532127111,8.580725410357404,54.71366118627202,0.5603289005504428,0.0251461084348112,8.486941408685224,55.22139545058625,0.6415441552099566,0.127454001396967,0.1591844186222451,0.1653024944474761,-0.1791830868127993,2202.222222222222
3974,2207.777777777778,0.2346039323205394,0.1015100812577227,0.0967735787199664,0.0563312529844457,0.0519441561752627,0.0308111940271143,0.0381237589274347,0.0346822909485208,0.0321567034523025,0.027678648109992,0.32673397129617,0.2129225722211432,0.1983737813806973,0.1557573800040442,0.1543015715516366,0.1391268439086792,0.1333856256307809,0.1281169044021321,0.9999342124817364,0.0114704275652603,0.9976373674484652,-0.0686999495669106,-0.5989222604574947,0.8008071715016574,8.580725410357404,54.71366118627202,0.5603289005504428,0.0251461084348112,8.269574937467365,55.22139545058625,0.6415441552099566,0.127454001396967,0.2999802637445208,0.199527473489693,-0.107806006882349,2207.777777777778
3984,2213.333333333333,0.2208360101416574,0.1088899277703826,0.0999554271917111,0.0662213382749752,0.0549501131054577,0.046909289980537,0.0298498766233933,0.0196102830767928,0.0256073371342831,0.0229420196778377,0.3358468136330406,0.2316521852206729,0.2040977017502343,0.1661733584120765,0.1563880064883948,0.1368209268375663,0.1343894043572664,0.1307732451714685,0.5499187926997843,-0.8352181280573426,0.7415485236681958,-0.6708992376247862,0.1900162710333762,0.981780941321724,8.580725410357404,54.71366118627202,0.5603289005504428,0.0251461084348112,8.269574937467365,43.316745915373225,0.6415441552099566,0.127454001396967,0.1649756378099352,0.1483097047336391,0.0342029287860077,2213.333333333333
3994,2218.8888888888887,0.2207668060840799,0.1141942951352331,0.1086894881464221,0.0549212529612658,0.0511206177212021,0.0318585612670871,0.0291963402804156,0.0336687920138404,0.0265595268656619,0.0342736659383407,0.3400501377176139,0.2260146574626808,0.2089960652607629,0.1703838047904874,0.152123763655057,0.1413235021710077,0.1313082773526634,0.1272769878162022,-0.4056894290097991,-0.9140109885497566,0.1679097085491497,-0.985802378661636,0.8544607948931938,0.5195158804026027,8.580725410357404,54.71366118627202,0.5603289005504428,0.0251461084348112,8.269574937467365,43.316745915373225,0.6838911703039938,0.127454001396967,-0.1217068287029397,0.0335819417098299,0.1538029430807748,2218.8888888888887
4004,2224.4444444444443,0.2190202491516674,0.1029758606842216,0.097225588826966,0.0462366391105974,0.0475650780228141,0.0351016374040664,0.0300280988283803,0.0352708133882712,0.0254373037202514,0.0279426754735303,0.3118814142592322,0.1931821190260302,0.1660531524356688,0.1352796171610842,0.1260905392121992,0.106540729184572,0.099221679826894,0.0899444603086061,-0.9883086606205348,-0.1524663613471663,-0.4776323218491438,-0.8785598244428184,0.9590835301168974,-0.2831232633651115,8.580725410357404,54.71366118627202,0.5603289005504428,0.0251461084348112,8.269574937467365,43.316745915373225,0.6838911703039938,0.0894964256034182,-0.2964925981861604,-0.0955264643698287,0.1726350354210415,2224.4444444444443
4014,2230.0,0.2018599109191794,0.0950484390207,0.0888834935257563,0.0507502837366525,0.0395715451918824,0.0421711196633733,0.0332860544223791,0.0231797079620542,0.0280887186373387,0.0227294455270154,0.3158565931023214,0.1957479435937924,0.1686783032860319,0.1346165013951381,0.1219570442279004,0.1020579865495408,0.1008833539177748,0.0915963905541858,-0.6622814674756042,0.7492551353433355,-0.9186400227022308,-0.3950955690584813,0.4353382226047877,-0.9002669781455411,7.45418916118984,54.71366118627202,0.5603289005504428,0.0251461084348112,8.269574937467365,43.316745915373225,0.6838911703039938,0.0894964256034182,-0.1986844402426812,-0.1837280045404461,0.0783608800688617,2230.0
4024,2235.555555555556,0.2012181652061703,0.0932568715228383,0.0834104182138241,0.0420321336622952,0.0445131531138432,0.0300672805262839,0.0281610343520061,0.0253699699109128,0.0215385831655133,0.0247450525493281,0.3203476413680777,0.2053338616785303,0.1813359597628053,0.134330997368002,0.1202189801077586,0.1076255301714219,0.1023091685523177,0.0901544643695358,0.272644252598926,0.962114915966265,-0.9662626603139431,0.2575586754178959,-0.3736300277232399,-0.9275778147322904,7.45418916118984,58.73286313304702,0.5603289005504428,0.0251461084348112,8.269574937467365,43.316745915373225,0.6838911703039938,0.0894964256034182,0.0817932757796778,-0.1932525320627886,-0.0672534049901831,2235.555555555556
4034,2241.111111111111,0.2067207099284083,0.0950887864566343,0.0915275616803451,0.0495944080587746,0.0365456540792977,0.0282341820364735,0.0282677439412164,0.0270257554838415,0.0260490355156483,0.0287749188307727,0.32414758402895,0.2053554490459119,0.1853455340569097,0.1295441246869899,0.1237687036540809,0.0969996281720983,0.0984215460843676,0.0953306366127013,0.9569021041974112,0.2904106798700188,-0.6001070079080897,0.799919732885494,-0.9378050334012148,-0.3471623817860257,7.45418916118984,58.73286313304702,0.531026054387569,0.0251461084348112,8.269574937467365,43.316745915373225,0.6838911703039938,0.0894964256034182,0.2870706312592234,-0.1200214015816179,-0.1688049060122186,2241.111111111111
4044,2246.6666666666665,0.2346004843622967,0.1385865758185191,0.1236768488539809,0.0995740994192509,0.099178924597329,0.0767663662902639,0.0796557183923314,0.0790202931077636,0.0839093078346839,0.0898390462642276,0.3292612985307982,0.211549758906315,0.1841715307572629,0.1352953005669799,0.1285216456611065,0.1058259638970779,0.0980615716550019,0.0886616375325917,0.7613885741769286,-0.6482957960011955,0.0230297550780228,0.9997347800197042,-0.8875531463201535,0.4607053423362879,7.45418916118984,58.73286313304702,0.531026054387569,0.0771699506542869,8.269574937467365,43.316745915373225,0.6838911703039938,0.0894964256034182,0.2284165722530785,0.0046059510156045,-0.1597595663376276,2246.6666666666665
4054,2252.222222222222,0.2173071258394648,0.1331807775217953,0.1196853614737892,0.083537867938344,0.0955069165424779,0.0872971045504499,0.0905547758807355,0.0794492552105765,0.0758996123708358,0.0724770770549208,0.2839323443216524,0.1764331337311957,0.1519043641579871,0.1210628807519691,0.1036176644130109,0.1035418053972232,0.0972408388968366,0.0898417085786629,-0.1341420996184954,-0.9909621067982072,0.6363045901773973,0.7714379226607767,-0.2557981723189987,0.966730207988899,7.45418916118984,58.73286313304702,0.531026054387569,0.0771699506542869,6.274662219648708,43.316745915373225,0.6838911703039938,0.0894964256034182,-0.0402426298855486,0.1272609180354794,-0.0460436710174197,2252.222222222222
4064,2257.777777777778,0.2145680870221599,0.1353149185271342,0.1256714119687429,0.0983521939292768,0.1030779343253954,0.0874117413775055,0.0750008946916227,0.079211220645923,0.0837657514381189,0.0759019580886211,0.2563861128951761,0.1448331987520142,0.1355895153301389,0.1034802579360113,0.1035323974274213,0.0982633152850172,0.0921884711969901,0.0807556038390694,-0.9063431456526624,-0.4225424266608468,0.9770975877105889,0.2127916917789514,0.5435495001574431,0.8393771148170492,7.45418916118984,58.73286313304702,0.531026054387569,0.0771699506542869,6.274662219648708,59.30855418169148,0.6838911703039938,0.0894964256034182,-0.2719029436957986,0.1954195175421177,0.0978389100283397,2257.777777777778
4074,2263.333333333333,0.2243938181040832,0.1320439945197227,0.1209424417698082,0.0891382736270639,0.0902408688085641,0.0903198160499744,0.0854966454944087,0.0787505624147529,0.0790726008559335,0.0805784348920996,0.2357676466885963,0.1439389659877653,0.1385541188733249,0.1053590766694451,0.097546255121686,0.0942914113898499,0.1009454089968129,0.0880562735701652,-0.8452564833893074,0.5343608118943056,0.8994725032578564,-0.4369773631242761,0.9867768506611392,0.1620846908232972,7.45418916118984,58.73286313304702,0.531026054387569,0.0771699506542869,6.274662219648708,59.30855418169148,0.6150752123623258,0.0894964256034182,-0.2535769450167922,0.1798945006515713,0.177619833119005,2263.333333333333
4084,2268.8888888888887,0.2215439778890875,0.1295009682877013,0.135112639590878,0.0933067237608277,0.0926753580831012,0.0801275674071473,0.0854470148519251,0.0820639021423048,0.0762713337063933,0.0775119261160215,0.2582947631842605,0.165506127865571,0.158755980334678,0.1313306087068303,0.1288474846559685,0.1296068496593422,0.1258992334982562,0.1244312948473898,-0.0070449083979028,0.9999751843249236,0.4366703757484437,-0.8996215776334586,0.7834921729671204,-0.6214016534410413,7.45418916118984,58.73286313304702,0.531026054387569,0.0771699506542869,6.274662219648708,59.30855418169148,0.6150752123623258,0.1205499896700081,-0.0021134725193708,0.0873340751496887,0.1410285911340816,2268.8888888888887
4094,2274.4444444444443,0.2292752831430841,0.1401972481823403,0.1145943603998428,0.1033602987352535,0.0943843098370103,0.0832884550418224,0.0836846816465415,0.0792105144224467,0.0755972343777275,0.0758530530253977,0.2695208781356055,0.1648399122909729,0.1541533102348253,0.13963100882824,0.1252262426367494,0.1271611455473979,0.1149066489825973,0.1151948999626645,0.8376437228853657,0.5462169839090915,-0.2131251323391213,-0.9770249116401444,0.0668826098315464,-0.9977608513577396,7.30215173967265,58.73286313304702,0.531026054387569,0.0771699506542869,6.274662219648708,59.30855418169148,0.6150752123623258,0.1205499896700081,0.2512931168656097,-0.0426250264678242,0.0120388697696783,2274.4444444444443
4104,2280.0,0.2363866268801643,0.1376350548144491,0.1327378838545634,0.095820105778172,0.091647964246534,0.0841981429842261,0.0846260816628273,0.0805299851458739,0.0848728737126929,0.0692266003636318,0.2684422726018249,0.1692487073870325,0.1593124274774862,0.1337010060614704,0.1352008517858905,0.1224201973205386,0.1221755492608358,0.1230057576294064,0.9122065783397184,-0.4097305925040787,-0.7716550286618359,-0.6360412854059879,-0.6935468014332361,-0.7204115727983048,7.30215173967265,56.03593253337077,0.531026054387569,0.0771699506542869,6.274662219648708,59.30855418169148,0.6150752123623258,0.1205499896700081,0.2736619735019154,-0.1543310057323672,-0.1248384242579825,2280.0
4114,2285.555555555555,0.2569142370834378,0.1530146121013273,0.1378619386591548,0.1012586243820833,0.0952483899667553,0.0791462739588871,0.0809905698848992,0.0793628808925897,0.0793413525057851,0.0792093983249464,0.2663140316228672,0.1748522429793272,0.1695449304732135,0.140968320383449,0.1279710023485852,0.1233557182153928,0.1136045687767551,0.1272518812101151,0.1480909125247055,-0.9889737517384372,-0.999742581140531,-0.0226885754173501,-0.999581332088206,0.028933726700298,7.30215173967265,56.03593253337077,0.6405683931178195,0.0771699506542869,6.274662219648708,59.30855418169148,0.6150752123623258,0.1205499896700081,0.0444272737574116,-0.1999485162281062,-0.179924639775877,2285.555555555555
4124,2291.111111111111,0.2661809077939666,0.1618996497601733,0.1567506948913245,0.1146657773844001,0.1154854609449584,0.1103954281587498,0.0989010364326619,0.097227452605526,0.0962646324423099,0.1006039631694812,0.2647452344978855,0.1677864596217456,0.1594756835125926,0.1292734373775844,0.1323714783730012,0.1243699796983649,0.1184025367392562,0.1222420989284545,-0.7521788553093249,-0.658959004510564,-0.799714888487356,0.6003799606346434,-0.6507146518726722,0.7593223569988091,7.30215173967265,56.03593253337077,0.6405683931178195,0.0965522204689027,6.274662219648708,59.30855418169148,0.6150752123623258,0.1205499896700081,-0.2256536565927974,-0.1599429776974712,-0.117128637337081,2291.111111111111
4134,2296.6666666666665,0.2685912104868241,0.1698347524381208,0.140406318040986,0.1191118280166776,0.1094680607847332,0.1066403060528127,0.103653392010253,0.0930555946932518,0.1055529026632305,0.1024473635130311,0.2869383371490557,0.1870554856599634,0.185962716048301,0.1379564794148169,0.1417415040521169,0.1305837730562523,0.1265523448292636,0.1238299662688391,-0.9608988524224372,0.2768996125191277,-0.2572289050912463,0.966350500794385,0.1244843334412726,0.992221573403684,7.30215173967265,56.03593253337077,0.6405683931178195,0.0965522204689027,8.851688444721095,59.30855418169148,0.6150752123623258,0.1205499896700081,-0.2882696557267312,-0.0514457810182492,0.022407180019429,2296.6666666666665
4144,2302.222222222222,0.2732850482407399,0.1683426995291085,0.1544120136943572,0.1168511437388838,0.1146760850320343,0.1036190550516207,0.0941449422081199,0.0938672803650035,0.0898873719162444,0.1059223667191266,0.3113304111303778,0.2084556794415825,0.1935228565213148,0.1523239237135211,0.1467827099173421,0.1261276917637795,0.1341663478103846,0.125864416146363,-0.2861728760304968,0.958178002786765,0.3954090492577699,0.9185051354048416,0.8181242318776109,0.5750415126011941,7.30215173967265,56.03593253337077,0.6405683931178195,0.0965522204689027,8.851688444721095,48.66982676190486,0.6150752123623258,0.1205499896700081,-0.085851862809149,0.0790818098515539,0.1472623617379699,2302.222222222222
4154,2307.777777777778,0.2764864536073196,0.1609095344647906,0.1579740332815458,0.1182394034851138,0.1148027967738606,0.1030001871568146,0.0925792230297352,0.0955136693953222,0.104629269574408,0.0978911239627119,0.3111827853935836,0.2091945332842228,0.1971841675914445,0.1521509422327099,0.1509543120242387,0.1319763418792023,0.1248434224998149,0.1259194382958301,0.6516591228300479,0.7585119561565081,0.8787227743064492,0.477332468951335,0.9757491679497842,-0.2188916655455477,7.30215173967265,56.03593253337077,0.6405683931178195,0.0965522204689027,8.851688444721095,48.66982676190486,0.5830176867184254,0.1205499896700081,0.1954977368490143,0.1757445548612898,0.1756348502309611,2307.777777777778
4164,2313.333333333333,0.2856192523270276,0.1653859753232868,0.1551437343956607,0.1131978968127951,0.117253009380661,0.1063041388127118,0.1094406779840286,0.1006627453966463,0.0986435509367515,0.0945807414865711,0.3077042666009608,0.1943165304498005,0.1778580412679185,0.1404005531896819,0.1321293917603756,0.116796989578577,0.1167842369860188,0.105184146534898,0.9903587294406572,-0.138526484906992,0.9857450189062408,-0.1682461223967283,0.4940871434889632,-0.869412384682273,7.30215173967265,56.03593253337077,0.6405683931178195,0.0965522204689027,8.851688444721095,48.66982676190486,0.5830176867184254,0.1038181693177525,0.2971076188321971,0.1971490037812482,0.0889356858280133,2313.333333333333
4174,2318.8888888888887,0.3028570190421349,0.1839092754707874,0.1726341627708081,0.1242696618178858,0.1214918694857257,0.1055831913141724,0.115851129769416,0.1110121533552364,0.1026848809505382,0.0920429364113794,0.2963774938022638,0.1913273102756837,0.1791734636835723,0.1387611379237951,0.1375016504296327,0.1088281123827712,0.1093120021811938,0.1061112381969394,0.4185270874768687,-0.9082043145945352,0.6706461311590628,-0.7417774374847089,-0.3112886780977682,-0.9503153996900944,9.072176979657726,56.03593253337077,0.6405683931178195,0.0965522204689027,8.851688444721095,48.66982676190486,0.5830176867184254,0.1038181693177525,0.1255581262430606,0.1341292262318125,-0.0560319620575982,2318.8888888888887
4184,2324.4444444444443,0.3074116945494407,0.1956388543577014,0.1792703230882135,0.1324540142996348,0.1322446354841216,0.1069690018146107,0.1106739442270756,0.1039445931634358,0.1029677596089408,0.1015258707681023,0.2806249977204411,0.1854820555952052,0.1857404362811793,0.137791051559548,0.1364392767584823,0.1082317646054058,0.1163477228531201,0.1093002773747292,-0.5380964285766633,-0.8428832858427315,0.0683594830282411,-0.9976607545053136,-0.9127157806837092,-0.4085950363023604,9.072176979657726,46.70152040067589,0.6405683931178195,0.0965522204689027,8.851688444721095,48.66982676190486,0.5830176867184254,0.1038181693177525,-0.1614289285729989,0.0136718966056482,-0.1642888405230676,2324.4444444444443
4194,2330.0,0.3107254862190494,0.1919132076835988,0.1833812092251566,0.1368827049907256,0.1273896859592553,0.1121985815854756,0.1095028642936669,0.1015821672663454,0.1049397280487513,0.094401223843029,0.2907672742611904,0.1843441416692091,0.1745407733803711,0.1392046762694123,0.1291219624591322,0.1035249661523218,0.1150962112579887,0.1042556750743055,-0.9999965697555808,-0.0026192512425253,-0.563200437428632,-0.8263203176009879,-0.9161538545013383,0.4008267891275986,9.072176979657726,46.70152040067589,0.6339314109391478,0.0965522204689027,8.851688444721095,48.66982676190486,0.5830176867184254,0.1038181693177525,-0.2999989709266742,-0.1126400874857264,-0.1649076938102409,2330.0
4204,2335.555555555555,0.2657912142541539,0.1427287186092529,0.1264192826870393,0.0710102037314172,0.0706471301075467,0.0489055926622617,0.0400087038170759,0.0426824875306459,0.0318989921907324,0.0349282093343688,0.2811810075067019,0.1845546466028267,0.1763446353449034,0.1353133825466331,0.1426819974075727,0.1177250878047418,0.112812180166237,0.1027652778500016,-0.5425044764216775,0.8400529108707627,-0.9535835811066176,-0.3011284673422271,-0.3193503577774676,0.9476367178341094,9.072176979657726,46.70152040067589,0.6339314109391478,0.0313556111796159,8.851688444721095,48.66982676190486,0.5830176867184254,0.1038181693177525,-0.1627513429265032,-0.1907167162213235,-0.0574830643999441,2335.555555555555
4214,2341.111111111111,0.2848159717527774,0.1533101219768925,0.1354358643093506,0.0870378914436762,0.068614100036536,0.0477430048086502,0.0472105896677097,0.036321613598216,0.0372350756236515,0.0382944039405494,0.2753672806381062,0.1771522179062722,0.1583138209027518,0.1311384782828139,0.1182190614319441,0.1110345351050421,0.1121846380321698,0.1009210227875534,0.4137637306467923,0.9103843008319336,-0.9356179395268504,0.353014264917908,0.486683673057631,0.873578274901072,9.072176979657726,46.70152040067589,0.6339314109391478,0.0313556111796159,7.65509992095865,48.66982676190486,0.5830176867184254,0.1038181693177525,0.1241291191940377,-0.1871235879053701,0.0876030611503735,2341.111111111111
4224,2346.6666666666665,0.2841124833689258,0.1489234093216078,0.1426536058912755,0.0746249289370373,0.0723995866297309,0.0494298033197808,0.0444533916715021,0.0381021340660632,0.0436945424300107,0.0414846317397569,0.2830046503239994,0.1752976109186116,0.1622242664375217,0.1186326334107928,0.1234778731511027,0.1086156188029604,0.1148597166069754,0.1013963020321389,0.9896194719277532,0.1437125630605586,-0.5169968581504664,0.8559872946852346,0.9738544792959472,0.2271727385828227,9.072176979657726,46.70152040067589,0.6339314109391478,0.0313556111796159,7.65509992095865,55.38343403736266,0.5830176867184254,0.1038181693177525,0.2968858415783259,-0.1033993716300932,0.1752938062732705,2346.6666666666665
4234,2352.222222222222,0.2878219796415764,0.1588339262275852,0.1425890718879545,0.077754392604427,0.069082834333557,0.0473147498280119,0.0491523282165226,0.0443383326647151,0.027138825712724,0.0411677707194813,0.251035100594636,0.1609686939319818,0.1579919784723531,0.1275952056535392,0.1272741084045401,0.1092003121534609,0.1082932046423206,0.1091991183452983,0.655623634582411,-0.7550878424242766,0.1230154501625658,0.9924047556422234,0.8229796786098628,-0.5680708130112012,9.072176979657726,46.70152040067589,0.6339314109391478,0.0313556111796159,7.65509992095865,55.38343403736266,0.513062990230034,0.1038181693177525,0.1966870903747233,0.0246030900325131,0.1481363421497752,2352.222222222222
4244,2357.777777777778,0.2650494333886128,0.1401785075775251,0.1336143134153834,0.0798408199523329,0.0706212737262588,0.0523978433368326,0.0474424848804458,0.0302031506342205,0.0318834679175954,0.0374365385237165,0.2456527208117272,0.1676232473372979,0.1548004981469293,0.1300465212439295,0.1240635123779853,0.1110714182970925,0.1133280804333072,0.1145308753824439,-0.2811495488346985,-0.959663967850229,0.7103494084734676,0.7038492153021091,0.1329087457616277,-0.9911282789326874,9.072176979657726,46.70152040067589,0.6339314109391478,0.0313556111796159,7.65509992095865,55.38343403736266,0.513062990230034,0.1091763098166407,-0.0843448646504095,0.1420698816946935,0.0239235742370929,2357.777777777778
4254,2363.333333333333,0.2064704913494142,0.1136000220686818,0.0845295172102825,0.0579413352924571,0.0498929758736802,0.0444421483237642,0.0396460588223486,0.0369870424059083,0.0394593990398611,0.0415814168374946,0.2378411084569782,0.1605149929054069,0.1541457267035764,0.1299699417130631,0.1284105746659118,0.1196873408998796,0.1121369276695883,0.1029482676426333,-0.9594351336407766,-0.2819294669517629,0.9934936514768952,0.1138875079853176,-0.6442407426181456,-0.764822767411392,6.449383926241611,46.70152040067589,0.6339314109391478,0.0313556111796159,7.65509992095865,55.38343403736266,0.513062990230034,0.1091763098166407,-0.2878305400922329,0.198698730295379,-0.1159633336712662,2363.333333333333
4264,2368.8888888888887,0.1943700290847459,0.0999131980290257,0.0835836291725977,0.0524803128873191,0.0489204505304898,0.0351327758687545,0.0447508367112546,0.0261630229954669,0.0321731611520354,0.0231448077746193,0.2451335987671512,0.1621816208917994,0.1563769070044805,0.1306712079161107,0.1190803497800182,0.1118964788565205,0.1109951712214977,0.1118303595014949,-0.7556204812393581,0.6550096856777011,0.8511986002434687,-0.5248437319274751,-0.9992994727088502,-0.0374241077891497,6.449383926241611,59.16700057990582,0.6339314109391478,0.0313556111796159,7.65509992095865,55.38343403736266,0.513062990230034,0.1091763098166407,-0.2266861443718074,0.1702397200486937,-0.179873905087593,2368.8888888888887
4274,2374.4444444444443,0.1873545272697211,0.1024035371906582,0.078958197717318,0.0519553875295871,0.0387851367283214,0.0345789754249589,0.0387493512446336,0.0298168131329289,0.0290498527668758,0.0325854723061533,0.2468736713454976,0.16897437355625,0.1585851720678858,0.1188066908911241,0.1279464188874878,0.1172297189704057,0.116412026633405,0.1064404212089146,0.1429081568911636,0.9897359540271186,0.3443986211681156,-0.9388235136262304,-0.699641659292229,0.7144939108087742,6.449383926241611,59.16700057990582,0.5937339600996857,0.0313556111796159,7.65509992095865,55.38343403736266,0.513062990230034,0.1091763098166407,0.042872447067349,0.0688797242336231,-0.1259354986726012,2374.4444444444443
4284,2380.0,0.2247206977544343,0.1171310698736484,0.1098503594721798,0.0785570961617583,0.0774033609770239,0.0641065082942146,0.0590273069838482,0.0582227080016491,0.0671825017738117,0.0567951280261267,0.2483835228614321,0.1687991708578921,0.1556407083583438,0.1235231132799445,0.1287831400994181,0.1003136422550836,0.1176877564648979,0.1170094058359375,0.910047694630644,0.4145035506451664,-0.3098816222330864,-0.9507751470259362,0.0584042363515252,0.998293015690381,6.449383926241611,59.16700057990582,0.5937339600996857,0.0613606284422068,7.65509992095865,55.38343403736266,0.513062990230034,0.1091763098166407,0.2730143083891932,-0.0619763244466172,0.0105127625432745,2380.0
4294,2385.555555555555,0.230416402009228,0.1146164155924047,0.1057018138343272,0.0790584885944202,0.0730418182123179,0.0662393845161089,0.0673315953346563,0.063852554900195,0.0567229400861856,0.0584456168963354,0.2546067322402595,0.1688430149293205,0.1627733305766378,0.1403249742636458,0.1355709243823301,0.1046577546152286,0.1224535514350019,0.1076408035182024,0.8404935788266796,-0.5418215056188892,-0.8314626596919162,-0.555580638195793,0.7781851065503627,0.6280349830568364,6.449383926241611,59.16700057990582,0.5937339600996857,0.0613606284422068,8.161333952603156,55.38343403736266,0.513062990230034,0.1091763098166407,0.2521480736480039,-0.1662925319383832,0.1400733191790652,2385.555555555555
4304,2391.111111111111,0.2242053545128389,0.1220596418321972,0.1154529370300513,0.0769351827950171,0.0770587810659766,0.0674615310096699,0.06414183025095,0.0683751085984746,0.0653696979055871,0.0615058515447897,0.2585856229103593,0.1708222753071334,0.1614412875593192,0.1269012008259771,0.1303344990440005,0.1173887736418218,0.1214914352880777,0.1091997873101456,-0.0018064572158607,-0.9999983683548324,-0.9969902018940856,0.0775276552411485,0.9881181512635716,-0.1536961910505958,6.449383926241611,59.16700057990582,0.5937339600996857,0.0613606284422068,8.161333952603156,50.46597739932183,0.513062990230034,0.1091763098166407,-0.0005419371647582,-0.1993980403788171,0.1778612672274429,2391.111111111111
4314,2396.6666666666665,0.2100591001535855,0.1077671591076401,0.0968618810059668,0.0825124264783549,0.0686044343984662,0.0720066224891532,0.0678349195572267,0.0666769498933795,0.0668724854140006,0.0558449881525914,0.292438496606232,0.198209731389967,0.176156798069856,0.137826211819459,0.1351862638804893,0.1272150845974059,0.1120462051622163,0.1018448117669742,-0.8424456448249816,-0.5387813429540975,-0.7355811378840975,0.677436631419601,0.5506603804703558,-0.8347293845194639,6.449383926241611,59.16700057990582,0.5937339600996857,0.0613606284422068,8.161333952603156,50.46597739932183,0.6461697710646527,0.1091763098166407,-0.2527336934474944,-0.1471162275768195,0.099118868484664,2396.6666666666665
4324,2402.222222222222,0.2078193948677244,0.1180235126091725,0.0989166628249392,0.0768978644558642,0.0710468164321249,0.0618719171226019,0.0651392657792403,0.065127594705602,0.0641514708046967,0.0557718016806507,0.2426509460153556,0.1067864779958813,0.0859224258462081,0.047481217508162,0.0480209534864111,0.0192859308072902,0.0222319377542326,0.0118743626144072,-0.908544191719215,0.4177887644411687,-0.1591774891677404,0.9872499819915186,-0.2475765869442165,-0.9688683262430724,6.449383926241611,59.16700057990582,0.5937339600996857,0.0613606284422068,8.161333952603156,50.46597739932183,0.6461697710646527,0.0127136842100565,-0.2725632575157645,-0.031835497833548,-0.0445637856499589,2402.222222222222
4334,2407.777777777778,0.2460284979997307,0.1257459346262982,0.1293711108108733,0.0896748329694105,0.0873468397457517,0.0652571005711044,0.0738773957277089,0.0749820905114214,0.0656503360410298,0.0637665764990128,0.2454556090357977,0.1148544240600793,0.0925116523462242,0.0468980184166406,0.0446985328522503,0.016351863363057,0.0298209829240757,0.0160671929903219,-0.1393313987130124,0.9902458085408268,0.4853900160053255,0.8742977366791875,-0.8836074372895112,-0.4682284664206807,8.200933986121193,59.16700057990582,0.5937339600996857,0.0613606284422068,8.161333952603156,50.46597739932183,0.6461697710646527,0.0127136842100565,-0.0417994196139037,0.0970780032010651,-0.159049338712112,2407.777777777778
4344,2413.333333333333,0.2684075102816288,0.139642803387801,0.1279499920166669,0.0958299156718638,0.0904263052342238,0.0634334346400295,0.0674466304329204,0.0662937747800363,0.072258999093557,0.0653124421907573,0.2478174173232916,0.1216574835648038,0.1040557722801547,0.0507335898380994,0.038883399099093,0.0267314892591612,0.0191964415313428,0.0155042167918324,0.7579820397103044,0.6522754230205262,0.9221011493415376,0.3869489247730449,-0.9407203326483912,0.3391832185440491,8.200933986121193,51.16217385699176,0.5937339600996857,0.0613606284422068,8.161333952603156,50.46597739932183,0.6461697710646527,0.0127136842100565,0.2273946119130913,0.1844202298683075,-0.1693296598767104,2413.333333333333
4354,2418.8888888888887,0.2968259328891499,0.1638226649778407,0.1531159889107773,0.0929239596252089,0.1021886559629992,0.0757511871292939,0.0647593859375605,0.0586669607405791,0.0621903620207735,0.0547526974473478,0.2516282960994718,0.1130091308002522,0.0990429789869187,0.0601847821069986,0.0399081543271656,0.0184945141076836,0.0190155090730585,0.0165768301980761,0.9584102864372152,-0.2853939783025124,0.9639450768252606,-0.2661012755781945,-0.3814963025718438,0.924370364693726,8.200933986121193,51.16217385699176,0.686422778341764,0.0613606284422068,8.161333952603156,50.46597739932183,0.6461697710646527,0.0127136842100565,0.2875230859311645,0.1927890153650521,-0.0686693344629318,2418.8888888888887
4364,2424.4444444444443,0.2595535318793796,0.1166530634551869,0.094545653024756,0.0450674293283415,0.0428799207851453,0.0126719097468772,0.0095869010315197,0.0091812665991913,0.0085154292974594,-0.0008132212511964,0.2497702473830807,0.096182856666697,0.0904787746042774,0.0505737022540974,0.0368155511710727,0.0288921020671759,0.0277398165705576,0.0158001995707671,0.2776805357492585,-0.9606734721360868,0.5930031625897196,-0.8052001298798893,0.4276747628049359,0.9039326840311406,8.200933986121193,51.16217385699176,0.686422778341764,0.0059408367132947,8.161333952603156,50.46597739932183,0.6461697710646527,0.0127136842100565,0.0833041607247775,0.1186006325179439,0.0769814573048884,2424.4444444444443
4374,2430.0,0.2502212012509336,0.1078169804450808,0.1000752969506575,0.0459324850268497,0.0343914763927655,0.0225041431088872,0.0130636167047438,0.0103678640020714,0.0030497328682565,0.0104128531358571,0.2192477435065901,0.0979936811417171,0.0810044754907775,0.0393258974449328,0.0327152489900107,0.0147412945459123,0.0066748540308878,0.0163934490794201,-0.6583474189171495,-0.7527142060603926,-0.031877814665814,-0.9994917733188864,0.9566437965625842,0.2912604444450445,8.200933986121193,51.16217385699176,0.686422778341764,0.0059408367132947,7.358458929169223,50.46597739932183,0.6461697710646527,0.0127136842100565,-0.1975042256751448,-0.0063755629331628,0.1721958833812651,2430.0
4384,2435.555555555555,0.2450103998753046,0.1086406294039279,0.0880519447182408,0.0526604767787431,0.037870141331724,0.0118974202615278,0.0188636563522772,0.0079561060597519,0.0100384734613463,0.0122523770686996,0.2215112235542808,0.0946724869382354,0.0793269831443958,0.0429184734855478,0.0324596266232211,0.0149908854375176,0.0183654267084261,0.019986082728668,-0.9890937927558066,0.1472870297478144,-0.6431078994843082,-0.7657755739254686,0.8588432412646044,-0.5122385059072664,8.200933986121193,51.16217385699176,0.686422778341764,0.0059408367132947,7.358458929169223,52.62145824320065,0.6461697710646527,0.0127136842100565,-0.2967281378267419,-0.1286215798968616,0.1545917834276288,2435.555555555555
4394,2441.111111111111,0.245968905847899,0.1038145337028808,0.09318179934077,0.0433839464732306,0.0411090018518941,0.0250753263785741,0.0246598125780561,0.0102316960879403,0.0077296645338512,-0.0031654569575942,0.2013442910973872,0.0932783867244038,0.0842157471057839,0.0333077050744537,0.0357707126782364,0.0218597555779714,0.0183779895034784,0.0206368412892314,-0.410471894974451,0.9118732496548428,-0.9789427963536506,-0.2041347630054592,0.1983496257859815,-0.9801313309707844,8.200933986121193,51.16217385699176,0.686422778341764,0.0059408367132947,7.358458929169223,52.62145824320065,0.6101493902536503,0.0127136842100565,-0.1231415684923353,-0.1957885592707301,0.0357029326414766,2441.111111111111
4404,2446.6666666666665,0.2646994188213873,0.1136016735710598,0.0919272803352038,0.0493363870595503,0.0420176916472636,0.0165862665567151,0.0163354612303635,0.0097060540867586,0.0211536787001944,0.0026044253138213,0.2163492745900099,0.0932810016458632,0.08801759027925,0.0399911911260745,0.0283741518390539,0.0297742875315605,0.0160569388865432,0.0139657438104062,0.5455359700582291,0.8380874091481312,-0.8955694458830863,0.4449217544699987,-0.5920978072889511,-0.8058661096011025,8.200933986121193,51.16217385699176,0.686422778341764,0.0059408367132947,7.358458929169223,52.62145824320065,0.6101493902536503,0.011124164672611,0.1636607910174687,-0.1791138891766172,-0.1065776053120112,2446.6666666666665
4414,2452.222222222222,0.2555740169889804,0.1274244733516051,0.1008903086638357,0.0573021278668507,0.037682711578962,0.0234488558586678,0.0167990438164495,0.0088869828350986,0.010909088576897,0.009261684062218,0.2266128429787497,0.0953911652008026,0.0812439766475371,0.0376601273372027,0.0282984715080098,0.0183882087325741,0.0252858001027551,0.0168437383975641,0.99998058008745,-0.0062321302912387,-0.4286904409675157,0.9034514407665069,-0.9946172564177016,-0.1036171474039126,8.298330858194065,51.16217385699176,0.686422778341764,0.0059408367132947,7.358458929169223,52.62145824320065,0.6101493902536503,0.011124164672611,0.299994174026235,-0.0857380881935031,-0.1790311061551862,2452.222222222222
4424,2457.777777777778,0.2723072519348955,0.1420097558160701,0.1076763805944794,0.0517945137960492,0.0425994547966945,0.0339641644355458,0.0232194044884318,0.0102494232205376,0.0117935207450797,0.0150538297902405,0.2124646072289835,0.1011759562355988,0.0858215363517726,0.0414048156818488,0.0311395550840463,0.0269691323254266,0.0189881890286019,0.018565755349284,0.5350476564309894,-0.8448218778817852,0.2217647331366506,0.9751002015879344,-0.7454878354941125,0.6665192323784087,8.298330858194065,44.44393770454528,0.686422778341764,0.0059408367132947,7.358458929169223,52.62145824320065,0.6101493902536503,0.011124164672611,0.1605142969292968,0.0443529466273301,-0.1341878103889402,2457.777777777778
4434,2463.333333333333,0.1981327680983658,0.1061359456236027,0.0856380787686167,0.0404395890397285,0.0245260136656667,0.0201191328791414,0.0182619662318097,0.0035349606243044,0.0045235399964548,0.0012959864230322,0.2168471020393821,0.0973793486752786,0.0787468158847458,0.0421086168233269,0.0277872910918141,0.0088827343570764,0.0218179152151672,0.0115815723404404,-0.421805615049486,-0.9066862870434982,0.7772545982908969,0.6291862120514533,-0.0079330403847469,0.9999685329400392,8.298330858194065,44.44393770454528,0.5391098358673696,0.0059408367132947,7.358458929169223,52.62145824320065,0.6101493902536503,0.011124164672611,-0.1265416845148458,0.1554509196581794,-0.0014279472692544,2463.333333333333
4444,2468.8888888888887,0.2769508962731724,0.198786119602402,0.1940812962028571,0.1613316151784047,0.155348040010265,0.14379511009008,0.133667131812409,0.1349996432048184,0.1382894149377194,0.1289256937263932,0.2053211047362214,0.0947189480948515,0.0770439352873804,0.0323857164832787,0.0283855044335584,0.0139993822815838,0.0234748321985447,0.0255609904847845,-0.9908527493096584,-0.1349475052955452,0.9999042412175706,0.0138386558275889,0.7348192885190937,0.6782629381149267,8.298330858194065,44.44393770454528,0.5391098358673696,0.131803632712148,7.358458929169223,52.62145824320065,0.6101493902536503,0.011124164672611,-0.2972558247928975,0.1999808482435141,0.1322674719334368,2468.8888888888887
4454,2474.4444444444443,0.2707254082972985,0.2017419786584013,0.1882327394021042,0.1592652081150802,0.1584093251818673,0.145190416418058,0.1448065078730051,0.1421707492542638,0.1356784122045074,0.1290605447337987,0.1914888712957502,0.0799757768230189,0.0609241530761902,0.0340737674536957,0.0279298257498344,0.020607132585352,6.148960618203823e-05,0.0055257121932929,-0.6489144354061622,0.7608613904789109,0.7943694120485737,-0.6074349654091401,0.9961360139620454,-0.0878239243475695,8.298330858194065,44.44393770454528,0.5391098358673696,0.131803632712148,6.593526323219059,52.62145824320065,0.6101493902536503,0.011124164672611,-0.1946743306218486,0.1588738824097147,0.1793044825131681,2474.4444444444443
4464,2480.0,0.2858265918357852,0.2085722663732615,0.1892646020265963,0.1634955187299496,0.1566180602656968,0.1451827189702111,0.1406099651383656,0.1385356615153773,0.1406556931271886,0.1305761027957009,0.2093418565058562,0.08548498885957,0.0706483403077958,0.0353703427113507,0.0336299875777146,0.0205905539708051,0.0161730118546597,0.0023455980251829,0.2896328177875231,0.957137832739078,0.2486653613421625,-0.9685894579586192,0.6048088166012291,-0.7963707022244232,8.298330858194065,44.44393770454528,0.5391098358673696,0.131803632712148,6.593526323219059,49.08581504012943,0.6101493902536503,0.011124164672611,0.0868898453362569,0.0497330722684325,0.1088655869882212,2480.0
4474,2485.555555555555,0.296255487462941,0.2201979486472023,0.1898305635230886,0.1613270417575131,0.1546163534802169,0.1543770393974006,0.1454965216284225,0.136388085082636,0.1414079413636703,0.1297977517328052,0.2178628118975961,0.0994790127760307,0.0731875444545553,0.0380679398802305,0.0332689509919023,0.021943230766656,0.0208388874252348,0.0093264580102319,0.9618929940175333,0.2734261656462045,-0.4035235326980099,-0.9149692664559383,-0.1827743067379228,-0.9831548976618444,8.298330858194065,44.44393770454528,0.5391098358673696,0.131803632712148,6.593526323219059,49.08581504012943,0.6500573764478406,0.011124164672611,0.2885678982052599,-0.0807047065396019,-0.0328993752128261,2485.555555555555
4484,2491.111111111111,0.2929715310982734,0.2098100776476143,0.2007239730978467,0.1607755957790472,0.1554892705310626,0.1435758646124246,0.1412936369049694,0.141687647476419,0.1329738463580195,0.1323197617867727,0.2844931319727161,0.1791133496507846,0.1615574937861016,0.138563438184591,0.1220360787450917,0.1121406329001718,0.1093808576330228,0.1124176717386828,0.7497931875446031,-0.6616722571724641,-0.8829133688843055,-0.4695359230616612,-0.8506081801100074,-0.5258000798116536,8.298330858194065,44.44393770454528,0.5391098358673696,0.131803632712148,6.593526323219059,49.08581504012943,0.6500573764478406,0.1060973079036891,0.2249379562633809,-0.1765826737768611,-0.1531094724198013,2491.111111111111
4494,2496.6666666666665,0.2846244887331168,0.2081686748952329,0.1901788825057756,0.1612410504255225,0.1633077275783862,0.1419986654477824,0.1470890083927283,0.1304404448247469,0.1397211746338162,0.1360947184445881,0.2718059878493601,0.1776178492395236,0.1556642540806357,0.1251287111266181,0.1165154143802458,0.1094615425180061,0.1184272762450088,0.1076831523782501,-0.1516630177083494,-0.9884322582046768,-0.9842172052536472,0.1769646656332839,-0.9611444037084108,0.2760460744513561,8.171068818948156,44.44393770454528,0.5391098358673696,0.131803632712148,6.593526323219059,49.08581504012943,0.6500573764478406,0.1060973079036891,-0.0454989053125048,-0.1968434410507294,-0.1730059926675139,2496.6666666666665
4504,2502.222222222222,0.2711713424984073,0.18028132392762,0.1740301751464512,0.1635924386414065,0.1601885965153404,0.1515601774143484,0.1329872021091137,0.1415684276195186,0.1384132543660747,0.1389716067841433,0.2748833138465215,0.1763043986139213,0.1559190882703472,0.124931601490353,0.1204928924119977,0.1045915826985305,0.1169341712951761,0.1051223190945242,-0.913680943910124,-0.4064321994324571,-0.6640541580083622,0.7476844757194074,-0.4419623506608861,0.8970336005960445,8.171068818948156,56.14091493852781,0.5391098358673696,0.131803632712148,6.593526323219059,49.08581504012943,0.6500573764478406,0.1060973079036891,-0.2741042831730372,-0.1328108316016724,-0.0795532231189595,2502.222222222222
4514,2507.777777777778,0.2932317516425482,0.1960095594971008,0.186937789154188,0.1544100050087306,0.1545841362863154,0.1507649987697634,0.1274036391979763,0.134187044828212,0.1278848057999632,0.1234354404284885,0.2733783209604948,0.1768462411363593,0.1531012947668761,0.132817114284567,0.1213642389660849,0.112175364322029,0.1126636835119312,0.1042891790199892,-0.8356648239364876,0.5492397491398444,-0.0595262012358059,0.9982267434638455,0.366782611692217,0.930306678337975,8.171068818948156,56.14091493852781,0.593163234840799,0.131803632712148,6.593526323219059,49.08581504012943,0.6500573764478406,0.1060973079036891,-0.2506994471809463,-0.0119052402471611,0.066020870104599,2507.777777777778
4524,2513.333333333333,0.2675887051178048,0.1642633456776843,0.1616800007929017,0.1194424782815763,0.1159230774242969,0.0998883833403194,0.0931786774359917,0.0966691204197039,0.1010510284106463,0.0954793338136179,0.2769886079835315,0.1779294164668546,0.1663686568250055,0.1305554745713293,0.1204729731283386,0.1184542769146149,0.1179142694802871,0.1080225080370404,0.0106576812986265,0.9999432053018495,0.5704923915410338,0.8213028863907589,0.9352205886980616,0.3540656019373406,8.171068818948156,56.14091493852781,0.593163234840799,0.0930578150609146,6.593526323219059,49.08581504012943,0.6500573764478406,0.1060973079036891,0.0031973043895879,0.1140984783082067,0.168339705965651,2513.333333333333
4534,2518.8888888888887,0.2709776256008994,0.169769881377556,0.1525404270581992,0.1097975448099075,0.120471572369317,0.110350870637126,0.1018818750279837,0.0917442218576416,0.0978254408933407,0.0985488860193522,0.3215627901730268,0.1995085379842959,0.1885764422518844,0.1365424770693138,0.1381989724868778,0.1160135232375523,0.1146958651980213,0.1083020120516297,0.8471815634981072,0.5313034899837403,0.9562116070003224,0.2926762078438583,0.890924937826091,-0.454150586435354,8.171068818948156,56.14091493852781,0.593163234840799,0.0930578150609146,8.456749922156808,49.08581504012943,0.6500573764478406,0.1060973079036891,0.2541544690494322,0.1912423214000644,0.1603664888086963,2518.8888888888887
4544,2524.4444444444443,0.2799763948329469,0.1746760229149908,0.1548459978796936,0.1202244213194284,0.125629868082637,0.1055362536229285,0.091987589728372,0.0995307430123316,0.0953774657335543,0.0908924378669659,0.3234733765513005,0.1875722453545653,0.1816154380805859,0.1424602512502602,0.1251086467121202,0.124685094337497,0.1134260501788113,0.1172716319229086,0.9048106231954692,-0.4258142037938923,0.932456649556204,-0.3612818798368091,0.2629170848083627,-0.9648184318906186,8.171068818948156,56.14091493852781,0.593163234840799,0.0930578150609146,8.456749922156808,53.56183272025926,0.6500573764478406,0.1060973079036891,0.2714431869586408,0.1864913299112408,0.0473250752655052,2524.4444444444443
4554,2530.0,0.268429195783846,0.154817998372717,0.1582967705262445,0.1086612564477506,0.1151539698874667,0.093203283003079,0.0937129280487918,0.0892956912273467,0.0918447276993345,0.0896745794886818,0.3070192516395879,0.1958998568678081,0.1772782418752259,0.1365709052050055,0.132934784165341,0.1160997992287894,0.1076617616278404,0.1105552762672373,0.1305609686748637,-0.991440282346184,0.5093999972256562,-0.8605298616704138,-0.5373476038185985,-0.8433608674051758,8.171068818948156,56.14091493852781,0.593163234840799,0.0930578150609146,8.456749922156808,53.56183272025926,0.6283656733414756,0.1060973079036891,0.0391682906024591,0.1018799994451312,-0.0967225686873477,2530.0
4564,2535.555555555555,0.2542969137286324,0.1608162891868302,0.1595677238369985,0.1134237634352846,0.1193080279414643,0.095905112217888,0.1016095617492437,0.1010075567626261,0.1009310542842335,0.0903181167077707,0.2607977723780326,0.1373754638527543,0.1364140986756994,0.099319087863206,0.0809365569627774,0.0718056770481805,0.0724648739793371,0.0645322261151329,-0.7637258383326557,-0.6455407375705132,-0.1317947126373246,-0.9912770317730786,-0.9855553010809572,-0.169353914956885,8.171068818948156,56.14091493852781,0.593163234840799,0.0930578150609146,8.456749922156808,53.56183272025926,0.6283656733414756,0.0609193085605674,-0.2291177514997967,-0.0263589425274649,-0.1773999541945722,2535.555555555555
4574,2541.111111111111,0.2592619448663775,0.1652480640463192,0.149982601164636,0.1173411701742605,0.1124589040008291,0.0993499896957217,0.1050349842454229,0.0896862002305832,0.0833980159212304,0.0931315572503178,0.2618570753211133,0.1475782902687698,0.1378114701584573,0.0893808953272231,0.0886039398473651,0.0733745627466295,0.066519583138336,0.0672329058217897,-0.9558466316792708,0.2938659842639025,-0.7165515686245173,-0.6975341206720598,-0.7880512995169922,0.6156095754043954,8.18663506589876,56.14091493852781,0.593163234840799,0.0930578150609146,8.456749922156808,53.56183272025926,0.6283656733414756,0.0609193085605674,-0.2867539895037812,-0.1433103137249034,-0.1418492339130586,2541.111111111111
4584,2546.6666666666665,0.2859598436331916,0.182567894619378,0.1616498950490429,0.1153439828978703,0.1275987931316476,0.0999085029651899,0.1121911031018443,0.1011376111588686,0.0900268140983923,0.0951188885170651,0.2633750957347162,0.146383566779694,0.1304318871603753,0.0983988690488459,0.0877760009989524,0.0775991828254151,0.0753241282334966,0.0624531241859598,-0.2691664399725714,0.9630936753984484,-0.994462786306147,-0.1050893270138058,-0.0742353844406914,0.9972407471102164,8.18663506589876,47.92165327952674,0.593163234840799,0.0930578150609146,8.456749922156808,53.56183272025926,0.6283656733414756,0.0609193085605674,-0.0807499319917714,-0.1988925572612294,-0.0133623691993244,2546.6666666666665
4594,2552.222222222222,0.3169627822389908,0.1868614762787668,0.1697915000155296,0.1200652801403537,0.1264263178926669,0.1059385249806616,0.1020516201663125,0.1021204577041068,0.0914969768258095,0.0844451969979283,0.275544679770136,0.1479053588944388,0.135735421889649,0.0901739067455382,0.0919338061699954,0.0812424033491963,0.0700722030529322,0.0732561556698988,0.6649841353202905,0.7468574829057586,-0.8465197015249976,0.5323573939845573,0.6882177366327987,0.7255042019065276,8.18663506589876,47.92165327952674,0.6488584510594297,0.0930578150609146,8.456749922156808,53.56183272025926,0.6283656733414756,0.0609193085605674,0.1994952405960871,-0.1693039403049995,0.1238791925939037,2552.222222222222
4604,2557.777777777778,0.2895256402131939,0.1642524935679265,0.1447015643916143,0.0998110949389144,0.0907341549046702,0.0637743196750845,0.0724905336374358,0.0587997055254465,0.0585014123695784,0.0560631976536983,0.2773536801196012,0.1485787387179171,0.1471081178825323,0.081509000953411,0.0977224081859515,0.0747868277100087,0.0741609368532602,0.0667276968430239,0.9877513633311394,-0.1560360350607362,-0.3360753125442329,0.94183511523955,0.9997674498546976,-0.0215649301189465,8.18663506589876,47.92165327952674,0.6488584510594297,0.0570645234171375,8.456749922156808,53.56183272025926,0.6283656733414756,0.0609193085605674,0.2963254089993418,-0.0672150625088466,0.1799581409738455,2557.777777777778
4614,2563.333333333333,0.2834071798972991,0.1561579229234238,0.1435719037580573,0.1013157456917873,0.0935894188255196,0.0700396516495805,0.0683441755262073,0.0574936234221213,0.0583988837572682,0.0591878821325003,0.2512150113651175,0.1322851524390808,0.1212095795744914,0.0919638409924743,0.079132871226093,0.073517018079468,0.0702519295212248,0.0649005041281499,0.402384543144084,-0.9154707419894568,0.3182850879447175,0.9479950436537226,0.656294012403172,-0.7545052480160395,8.18663506589876,47.92165327952674,0.6488584510594297,0.0570645234171375,7.399863462958335,53.56183272025926,0.6283656733414756,0.0609193085605674,0.1207153629432252,0.0636570175889435,0.1181329222325709,2563.333333333333
4624,2568.8888888888887,0.2686945699476041,0.1479375532362914,0.1254969624916861,0.0810488479297468,0.0730937963043688,0.0755544788944853,0.0612517277871676,0.0634849390640148,0.0620698815515165,0.0611833475143693,0.2417319375426433,0.1342957434907263,0.1279042402286762,0.087408383398006,0.0834361476057092,0.0586834280001856,0.0702934788953642,0.0636403996616181,-0.5529327703181427,-0.8332258706427111,0.8363477043662425,0.5481993409347701,-0.1171671905380984,-0.9931122038628912,8.18663506589876,47.92165327952674,0.6488584510594297,0.0570645234171375,7.399863462958335,55.10914179995703,0.6283656733414756,0.0609193085605674,-0.1658798310954428,0.1672695408732485,-0.0210900942968577,2568.8888888888887
4634,2574.4444444444443,0.267321347892012,0.1501469501359613,0.1428940291848457,0.0915179320776963,0.0972741368022075,0.0655598660257201,0.0658710398325501,0.0652895770061258,0.0700206929710664,0.0546323240837762,0.2292033195095627,0.13220313273135,0.1137083139436079,0.0799959444193071,0.0827967486240699,0.0601793971001749,0.0601486981064899,0.0672182768399914,-0.9998862447300892,0.0150830235549776,0.9962649249382668,-0.0863492868398441,-0.8138633194484349,-0.581056363235422,8.18663506589876,47.92165327952674,0.6488584510594297,0.0570645234171375,7.399863462958335,55.10914179995703,0.6007311596945369,0.0609193085605674,-0.2999658734190267,0.1992529849876533,-0.1464953975007182,2574.4444444444443
4644,2580.0,0.2755517776248813,0.1509321919556092,0.140464205526169,0.0906934450515024,0.1017393446735103,0.0682132977457202,0.0703273538916136,0.0651456272741923,0.0540992541635028,0.0576978890486319,0.2240256164602425,0.1290747110263633,0.1030880594400766,0.0706561090205445,0.073911678248439,0.0548435908588989,0.058544303500049,0.047927319493978,-0.5275489169488146,0.8495246554551156,0.7295561213695454,-0.6839209499439428,-0.977336131476328,0.2116933775791908,8.18663506589876,47.92165327952674,0.6488584510594297,0.0570645234171375,7.399863462958335,55.10914179995703,0.6007311596945369,0.0507048856022945,-0.1582646750846443,0.1459112242739091,-0.175920503665739,2580.0
4654,2585.555555555555,0.3009450390098903,0.1720447896105799,0.1379553756341375,0.1002945892437436,0.1030528422870295,0.0674671697249961,0.0739463447987722,0.0674650533389823,0.0650966623859643,0.060104859357929,0.230744320342853,0.1250900222295446,0.1045910444183314,0.0701409620027966,0.0705403330170684,0.0549308784092503,0.0535913343776918,0.0513129062367753,0.4298144521587208,0.902917236913494,0.1504327986740445,-0.9886202370390232,-0.5004822433304614,0.8657468013864729,9.045820604382154,47.92165327952674,0.6488584510594297,0.0570645234171375,7.399863462958335,55.10914179995703,0.6007311596945369,0.0507048856022945,0.1289443356476162,0.0300865597348089,-0.090086803799483,2585.555555555555
4664,2591.111111111111,0.3026273223073175,0.1741060428424619,0.1617772486616272,0.0999172701314746,0.1035439573063431,0.0703709972025868,0.0737668890802933,0.0571866439667626,0.0714152805893541,0.0543035720399022,0.2408722009560399,0.1223283847574083,0.1117780736837515,0.0797225752949943,0.0700569256179286,0.0493172961948086,0.0592059265299756,0.0563048806702822,0.992008396142438,0.1261718747697285,-0.493109681207639,-0.8699671501265439,0.304275354753252,0.9525841214768292,9.045820604382154,47.619251882658055,0.6488584510594297,0.0570645234171375,7.399863462958335,55.10914179995703,0.6007311596945369,0.0507048856022945,0.2976025188427313,-0.0986219362415278,0.0547695638555853,2591.111111111111
4674,2596.6666666666665,0.3149883870826847,0.1779643738587489,0.1639970001127488,0.1096519721295282,0.0960330203815637,0.0771733945230676,0.0771100262084048,0.0752832451638091,0.0616102361057653,0.0543207924003786,0.2298643563909063,0.1218748960682693,0.1265776430184436,0.0665143738929216,0.0712122077411345,0.0571306788946693,0.0543367073390052,0.0575399536652287,0.6421543955938998,-0.7665753271658522,-0.9254900319277424,-0.378771964118764,0.909679191548002,0.4153116522138209,9.045820604382154,47.619251882658055,0.6689458201348977,0.0570645234171375,7.399863462958335,55.10914179995703,0.6007311596945369,0.0507048856022945,0.1926463186781699,-0.1850980063855485,0.1637422544786403,2596.6666666666665
4684,2602.222222222222,0.3390217660926609,0.2149588747118586,0.2109925308683919,0.1540611407800018,0.1624548492244421,0.135678467941169,0.1318284436746054,0.1229129441819473,0.1136554676156018,0.1242630497695286,0.228000766190802,0.1238716644246341,0.115596170961649,0.075482662420931,0.0706141223084248,0.0620801754067144,0.0571147957294843,0.0534012840887231,-0.2980933948169394,-0.954536708548452,-0.961551970928516,0.274623027445781,0.9190834984157108,-0.3940628413590126,9.045820604382154,47.619251882658055,0.6689458201348977,0.1177860604048068,7.399863462958335,55.10914179995703,0.6007311596945369,0.0507048856022945,-0.0894280184450818,-0.1923103941857032,0.1654350297148279,2602.222222222222
4694,2607.777777777778,0.340806485155825,0.2158987010777389,0.2054967794652129,0.1576925827957218,0.1511478475399439,0.1299419594842319,0.1326802301343799,0.1308277444774707,0.1221355124864077,0.1226072606995556,0.2325053551447985,0.1262583419100902,0.1060371555241563,0.0725995277557469,0.0702354898381698,0.0565358590499887,0.0544754432863622,0.0522494938839606,-0.964275492761208,-0.2649014421631738,-0.5858528571276092,0.8104174416900325,0.3263268037907755,-0.9452570111497172,9.045820604382154,47.619251882658055,0.6689458201348977,0.1177860604048068,7.341866471312744,55.10914179995703,0.6007311596945369,0.0507048856022945,-0.2892826478283624,-0.1171705714255218,0.0587388246823395,2607.777777777778
4704,2613.333333333333,0.3324232887544834,0.2202283607946423,0.205724709932597,0.1559124884935475,0.1533211810243354,0.1237337864060736,0.1266953411630808,0.1270128570716562,0.118502780642019,0.1216426568010433,0.2275714581735219,0.1210727727563829,0.1147641970171542,0.0706571204889759,0.0766992905286339,0.0486569996738207,0.0559620404121189,0.0519146899388617,-0.7439071496450573,0.6682829884913772,0.040723376715799,0.9991704592254832,-0.4802312215328657,-0.8771419348458103,9.045820604382154,47.619251882658055,0.6689458201348977,0.1177860604048068,7.341866471312744,54.25781879459656,0.6007311596945369,0.0507048856022945,-0.2231721448935172,0.0081446753431598,-0.0864416198759158,2613.333333333333
4714,2618.8888888888887,0.3394314142247714,0.2248252382038378,0.2062480681211975,0.1582295092337006,0.1413820023411873,0.1261460115177998,0.1349663857706616,0.1155207320361267,0.131758815601062,0.1257396490128667,0.1949283572970668,0.1138761893278752,0.0978228577278215,0.0713412396155677,0.0675134330110148,0.0572353952959081,0.0571491310655771,0.0486088508088221,0.1604059961510714,0.9870511214718224,0.649860823081099,0.7600532288099016,-0.9721535104901126,-0.2343449424283585,9.045820604382154,47.619251882658055,0.6689458201348977,0.1177860604048068,7.341866471312744,54.25781879459656,0.5068779400501676,0.0507048856022945,0.0481217988453214,0.1299721646162198,-0.1749876318882202,2618.8888888888887
4724,2624.4444444444443,0.3469910473806883,0.2252536393030644,0.2115141319433222,0.1684050884909243,0.1505206421410348,0.1349851201965166,0.1349308973249486,0.1321983681519488,0.1204207391574099,0.124726873848094,0.2088162392756442,0.1257524135271787,0.1034468385260933,0.0770740777329913,0.0823363173826076,0.0633609373795032,0.0607728761201766,0.0687675739496555,0.9172426088361556,0.3983290053905731,0.980711307559158,0.1954618408426734,-0.8271446256309175,0.5619891175902691,9.045820604382154,47.619251882658055,0.6689458201348977,0.1177860604048068,7.341866471312744,54.25781879459656,0.5068779400501676,0.0584697605822755,0.2751727826508466,0.1961422615118316,-0.1488860326135651,2624.4444444444443
4734,2630.0,0.3472353848260888,0.2359964468076366,0.2214063131623547,0.1593785653609692,0.1507552762225449,0.131632495006491,0.1310874634208388,0.1257491779390294,0.1225320629151621,0.1197369176992829,0.2114257826509928,0.1214937669994207,0.1118753501715194,0.0785475446481623,0.080994306881711,0.0676862751837319,0.0575162833024116,0.0579353184033048,0.8307705970382384,-0.5566149612584348,0.891596223140195,-0.4528312874373186,-0.1402108373133044,0.9901216698466416,9.153067795827436,47.619251882658055,0.6689458201348977,0.1177860604048068,7.341866471312744,54.25781879459656,0.5068779400501676,0.0584697605822755,0.2492311791114715,0.178319244628039,-0.0252379507163948,2630.0
4744,2635.555555555555,0.3480417207712196,0.2089307513440584,0.203330111087392,0.1525521449839723,0.1476238495448834,0.1338109226775936,0.1303332751741983,0.1175653980511401,0.1242020512394291,0.1137736906980876,0.2140130022968236,0.1162908793215421,0.1091077114543047,0.0823016209360528,0.076536710256818,0.064144156251451,0.0775776437357538,0.0593021305282096,-0.0195080703817328,-0.9998096994878484,0.420676919486273,-0.9072105209991448,0.6385856581056747,0.769550750283399,9.153067795827436,51.59078715036719,0.6689458201348977,0.1177860604048068,7.341866471312744,54.25781879459656,0.5068779400501676,0.0584697605822755,-0.0058524211145198,0.0841353838972546,0.1149454184590214,2635.555555555555
4754,2641.111111111111,0.3060825951971896,0.2094273005615531,0.1949445573550655,0.1493020836496204,0.1526863296958312,0.1318278092045127,0.127348690307903,0.1293930317321574,0.1270737804172826,0.1200963692485699,0.2116063523032456,0.1121563530406644,0.1008654817258371,0.0780475003109615,0.0742542915614331,0.0688949302421645,0.0636530079386116,0.0560200980774798,-0.8518511078588448,-0.5237840108667493,-0.2303869592859013,-0.9730990951547516,0.9989964681255096,0.0447890240210437,9.153067795827436,51.59078715036719,0.6115651652446795,0.1177860604048068,7.341866471312744,54.25781879459656,0.5068779400501676,0.0584697605822755,-0.2555553323576534,-0.0460773918571802,0.1798193642625917,2641.111111111111
4764,2646.6666666666665,0.2952771745642351,0.1869486427825518,0.1813460090868846,0.1374826581075123,0.1285621207823841,0.120821859596978,0.1096542561591357,0.0992345964892934,0.102977296214047,0.1098127494893499,0.2023079744377233,0.1248748564938455,0.1043310961179787,0.0829199771612613,0.0829327408004373,0.0689950800221548,0.066367878298491,0.0559926898910772,-0.9010061652831614,0.4338062817914611,-0.7827932721900868,-0.6222818437122658,0.7048892558209934,-0.7093173739787615,9.153067795827436,51.59078715036719,0.6115651652446795,0.0997108328330321,7.341866471312744,54.25781879459656,0.5068779400501676,0.0584697605822755,-0.2703018495849484,-0.1565586544380173,0.1268800660477788,2646.6666666666665
4774,2652.222222222222,0.3034609793242921,0.182317697650878,0.1824119335786729,0.1403941267762598,0.1245016188444004,0.1065123447775389,0.1061155423050772,0.0986607729424831,0.0928917658628013,0.0989158127489819,0.2199249711932115,0.1226718755614261,0.109419101913431,0.0772367214534908,0.0796180113556438,0.0664503999008332,0.0660011330780338,0.0597343579402862,-0.1217803095489896,0.9925570795708186,-0.999987561586318,-0.0049876520177435,-0.0510441354522841,-0.998696398429437,9.153067795827436,51.59078715036719,0.6115651652446795,0.0997108328330321,8.033014895922769,54.25781879459656,0.5068779400501676,0.0584697605822755,-0.0365340928646968,-0.1999975123172636,-0.0091879443814111,2652.222222222222
4784,2657.777777777778,0.3184490341624393,0.2003313795543947,0.1837417536540723,0.1353479482623838,0.12934710787617,0.1111047097708667,0.1186661626460236,0.1102534223385976,0.1016523113375575,0.1041264649517788,0.2234342702602571,0.1316211118026399,0.1050109185312405,0.0853019480904384,0.0816163398273692,0.0647043183337988,0.0623305739533623,0.0559790838847001,0.7694098011658514,0.6387554758042587,-0.7889616989820717,0.6144423793483997,-0.7735346591544903,-0.633753998872391,9.153067795827436,51.59078715036719,0.6115651652446795,0.0997108328330321,8.033014895922769,51.67196502094249,0.5068779400501676,0.0584697605822755,0.2308229403497554,-0.1577923397964143,-0.1392362386478082,2657.777777777778
4794,2663.333333333333,0.3109321239884379,0.1993252691715039,0.1815118304489646,0.1358254695210861,0.130406718817964,0.1148921338266581,0.1067523954402309,0.0960651942416794,0.1147738989439511,0.098515134510914,0.2551057835619812,0.1381307199587036,0.1386395062752536,0.0879788612602201,0.0796890599581333,0.0751191550863557,0.0677552482990598,0.0684521545221748,0.9532080890038852,-0.3023149666449893,-0.2400823353555583,0.9707525288404976,-0.9892242166238672,0.1464085012726255,9.153067795827436,51.59078715036719,0.6115651652446795,0.0997108328330321,8.033014895922769,51.67196502094249,0.5841258621019859,0.0584697605822755,0.2859624267011655,-0.0480164670711116,-0.178060358992296,2663.333333333333
4804,2668.8888888888887,0.3132289513336066,0.1894064236297663,0.1808684128279777,0.1377953815226395,0.1311976889077318,0.119104767327389,0.1184632976013738,0.1040773752331207,0.1053628575543011,0.0967976423927743,0.2194399919644612,0.1234066293123438,0.0987074278069082,0.0591876152848607,0.0562386695291346,0.0336150211348481,0.034197252682593,0.0400530823702797,0.2606312557561464,-0.9654384229576604,0.4116064011950008,0.9113617122171088,-0.5567982916482541,0.8306477366595215,9.153067795827436,51.59078715036719,0.6115651652446795,0.0997108328330321,8.033014895922769,51.67196502094249,0.5841258621019859,0.0275225532280194,0.0781893767268439,0.0823212802390001,-0.1002236924966857,2668.8888888888887
4814,2674.4444444444443,0.2745952232970111,0.1659565945819353,0.1631022348679327,0.1174811570940041,0.1214498531565872,0.1052035214930879,0.1083841645822946,0.1022622594945944,0.1031661042168866,0.0987962746014557,0.2216705807324044,0.1143198725481153,0.0871583750629224,0.0608623341679216,0.0418092432040893,0.0389404470581137,0.0365367597248362,0.0306484950387517,-0.6715687520712523,-0.7409422455505293,0.8870347896623972,0.4617025903420801,0.2404282390462219,0.9706669160268792,7.336454512434773,51.59078715036719,0.6115651652446795,0.0997108328330321,8.033014895922769,51.67196502094249,0.5841258621019859,0.0275225532280194,-0.2014706256213757,0.1774069579324794,0.0432770830283199,2674.4444444444443
4824,2680.0,0.2647974727173857,0.1775424214509773,0.1625977656258237,0.1278412912426862,0.1216244948502105,0.1177764588093855,0.1202873482296885,0.1026126328111848,0.1054400342706316,0.0971746689653181,0.2099302586847772,0.1147717542777157,0.0896288960845482,0.0544352018242071,0.0500927174236189,0.0335254331876501,0.0355476382542732,0.0290532208475745,-0.9863315463422648,0.1647728153855384,0.9826122809282642,-0.1856693441819462,0.8801320751643031,0.4747289018660834,7.336454512434773,45.8584435406906,0.6115651652446795,0.0997108328330321,8.033014895922769,51.67196502094249,0.5841258621019859,0.0275225532280194,-0.2958994639026794,0.1965224561856528,0.1584237735295745,2680.0
4834,2685.555555555555,0.2671416110380988,0.1706736961622057,0.1610323252237614,0.1267376010456087,0.1211402120271746,0.1042852573910311,0.1057830956198287,0.1073234997868963,0.1048968942567776,0.1046060178502581,0.2248678729889454,0.1184847150921655,0.0993964526360097,0.0633118768252682,0.0489276194089731,0.0344243335499461,0.032753735576845,0.0394950348042706,-0.3942656656071748,0.9189965097449126,0.6574101580666109,-0.7535329349609303,0.9431949284551608,-0.3322398635571356,7.336454512434773,45.8584435406906,0.5861489849280462,0.0997108328330321,8.033014895922769,51.67196502094249,0.5841258621019859,0.0275225532280194,-0.1182796996821524,0.1314820316133221,0.1697750871219289,2685.555555555555
4844,2691.111111111111,0.3028598378351838,0.225961045884322,0.2068438933995635,0.1789919500725126,0.1661713003660631,0.1552461307483005,0.1581163812131968,0.1503842708293907,0.1556100755410177,0.1532955435614867,0.2263273018072014,0.1099469988414259,0.1006063621285218,0.062850974516347,0.050186498214373,0.0319436803810571,0.0358470341146856,0.0239184369366742,0.560286249837925,0.828299051214327,0.0506882557315388,-0.9987145241413556,0.3882995617362564,-0.9215332063227192,7.336454512434773,45.8584435406906,0.5861489849280462,0.1498588133219723,8.033014895922769,51.67196502094249,0.5841258621019859,0.0275225532280194,0.1680858749513774,0.0101376511463077,0.0698939211125261,2691.111111111111
4854,2696.6666666666665,0.3075787944349269,0.2266226071346919,0.2086029606537403,0.1735696414924738,0.1646848182047425,0.1500649053381148,0.1512728604473698,0.1497667609128107,0.1483126700824613,0.1485409040833817,0.2194098895314866,0.0978637296306894,0.0939460020460273,0.0510474540773239,0.0409732866688784,0.0327147564968538,0.0355377722231441,0.0290998048018795,0.999713571074411,-0.0239327351058917,-0.5777396491657246,-0.8162211083902849,-0.4210001690879922,-0.9070605589638886,7.336454512434773,45.8584435406906,0.5861489849280462,0.1498588133219723,7.057655825636014,51.67196502094249,0.5841258621019859,0.0275225532280194,0.2999140713223233,-0.1155479298331449,-0.0757800304358386,2696.6666666666665
4864,2702.222222222222,0.3047468523501276,0.2218916066346827,0.2003402908202548,0.1695603609605814,0.1629004589028957,0.1606289997823379,0.1535015356411254,0.1479078336961836,0.1470656254497386,0.1540234823432475,0.2163607021574123,0.1067790851771825,0.0981967111963565,0.045398529246061,0.046771230814033,0.0374008910826223,0.0360327035007457,0.0235520819708291,0.5200088454804753,-0.8541608751412483,-0.9587647163817546,-0.2842010179809591,-0.954470898647944,-0.2983040456215543,7.336454512434773,45.8584435406906,0.5861489849280462,0.1498588133219723,7.057655825636014,48.94758563638537,0.5841258621019859,0.0275225532280194,0.1560026536441426,-0.1917529432763509,-0.1718047617566299,2702.222222222222
4874,2707.777777777778,0.3022687076240226,0.2218672488354768,0.2017108663076516,0.1747692048538423,0.1676883107696309,0.1686426648025442,0.1605235991730839,0.153918869706457,0.1484735088551441,0.1535447527269121,0.1986109408013761,0.1024166305420176,0.0861076388303079,0.0572452706373918,0.0394465982275116,0.0340697607262289,0.0275186535738907,0.0247919961160007,-0.4377896145045509,-0.8990774457364374,-0.9292223042079422,0.3695211893281394,-0.8625956686556258,0.5058939734930176,7.336454512434773,45.8584435406906,0.5861489849280462,0.1498588133219723,7.057655825636014,48.94758563638537,0.5743255127652905,0.0275225532280194,-0.1313368843513652,-0.1858444608415884,-0.1552672203580126,2707.777777777778
4884,2713.333333333333,0.2904194066812726,0.2192303346023592,0.2030469924512946,0.1795951412071588,0.1709127349920614,0.1646837255076018,0.160629288720492,0.1471174915552769,0.156279693220755,0.1616489493555283,0.23937905088646,0.1606962951748349,0.1416812706551075,0.106001299083662,0.1015770863063817,0.0996780677529017,0.0866817233001753,0.0863139892154768,-0.9930863218843478,-0.1173863590295641,-0.5017632262318706,0.8650050085412134,-0.2055688799461715,0.9786426495905828,7.336454512434773,45.8584435406906,0.5861489849280462,0.1498588133219723,7.057655825636014,48.94758563638537,0.5743255127652905,0.0872141609287306,-0.2979258965653043,-0.1003526452463741,-0.0370023983903108,2713.333333333333
4894,2718.8888888888887,0.3308366496111058,0.2266997544416879,0.2199178115970507,0.1821412883034111,0.1851068879714125,0.1666046984456456,0.1591059978803529,0.1539705413544577,0.147642076712064,0.1537424403677174,0.2463863855329904,0.1462867090856213,0.1338730522912617,0.1181269309206539,0.10010478740375,0.1010530165342924,0.0964048465247005,0.0842662454828676,-0.6353440447759311,0.7722292048140627,0.1405636493639599,0.9900716441134376,0.5861416048991286,0.8102086268401947,9.4332754543226,45.8584435406906,0.5861489849280462,0.1498588133219723,7.057655825636014,48.94758563638537,0.5743255127652905,0.0872141609287306,-0.1906032134327793,0.0281127298727919,0.1055054888818431,2718.8888888888887
4904,2724.4444444444443,0.3177326065426883,0.2241116075760943,0.2142484970410488,0.1716043923245523,0.173845445820316,0.1703359657373683,0.1641101592141487,0.1547082816413778,0.1528697493318082,0.1473336826474717,0.2442472843797359,0.1576486045181968,0.1466630514606781,0.1150348870631574,0.0929397542944978,0.0902115224546507,0.0967078295680897,0.087116636518372,0.3065306170603361,0.9518607990691756,0.7226975889588242,0.6911643761892697,0.9938264637475228,0.1109457523075741,9.4332754543226,57.78145787437038,0.5861489849280462,0.1498588133219723,7.057655825636014,48.94758563638537,0.5743255127652905,0.0872141609287306,0.0919591851181008,0.1445395177917648,0.1788887634745541,2724.4444444444443
4914,2730.0,0.3241060832483111,0.2170583543130592,0.21499709399553,0.1759379526782546,0.1763061401250844,0.160384313884794,0.1519501221576187,0.153314596155173,0.1587033351584713,0.1513428262714165,0.2513285545124012,0.1604045321044367,0.132681611296562,0.1240826855450612,0.109359621341933,0.0940892328022208,0.0940060956568419,0.0930150698004091,0.9665824432096538,0.2563559643910324,0.9953540077499278,0.096282912586589,0.7503805605360626,-0.6610060622789965,9.4332754543226,57.78145787437038,0.5754277491409066,0.1498588133219723,7.057655825636014,48.94758563638537,0.5743255127652905,0.0872141609287306,0.2899747329628961,0.1990708015499855,0.1350685008964912,2730.0
4924,2735.555555555555,0.2526656986735047,0.1289949950474317,0.1285314168062744,0.0761402592933831,0.074418052783889,0.0521930894982597,0.0454448434781286,0.0413203639406404,0.0556375943741329,0.04060241426973,0.2566121534579187,0.1560374170896936,0.1437387102624736,0.1146025962592824,0.0988459224249882,0.0950765235753727,0.1006274230859819,0.090031332124875,0.7379628286953362,-0.6748413617021246,0.8417744803490873,-0.5398293473247114,0.0153036895052034,-0.9998828916865856,9.4332754543226,57.78145787437038,0.5754277491409066,0.0400351713062899,7.057655825636014,48.94758563638537,0.5743255127652905,0.0872141609287306,0.2213888486086008,0.1683548960698174,0.0027546641109366,2735.555555555555
4934,2741.111111111111,0.2467743514996828,0.1184837100369562,0.1204416882121938,0.073555282770984,0.0709775444705893,0.0567141543180617,0.0500831938648212,0.0503270439679237,0.0398238571741409,0.040665049214389,0.2713179026562806,0.1715319227521214,0.1549080530681113,0.1211802835727008,0.115365686669467,0.1085890245898887,0.0912855231519198,0.0851557904170699,-0.1691364072315795,-0.9855926520367292,0.3277256733570187,-0.9447729266986268,-0.7297997841302126,-0.683660935759456,9.4332754543226,57.78145787437038,0.5754277491409066,0.0400351713062899,8.653195813054198,48.94758563638537,0.5743255127652905,0.0872141609287306,-0.0507409221694738,0.0655451346714037,-0.1313639611434382,2741.111111111111
4944,2746.6666666666665,0.2399039125005303,0.1229545096851353,0.1218859536554566,0.0709469109267319,0.0725530444575218,0.0359770938255558,0.0504010489747941,0.0323855602294634,0.0478780455001423,0.0486306828667065,0.2722391673482974,0.1705100757689129,0.1623908016084552,0.1186814604768117,0.1096725034424367,0.108075964971411,0.0924164839981457,0.0863281704462846,-0.920732410362226,-0.3901946033821656,-0.3266636169073848,-0.945140667514093,-0.9967563106618248,0.0804789236746341,9.4332754543226,57.78145787437038,0.5754277491409066,0.0400351713062899,8.653195813054198,49.87666677828318,0.5743255127652905,0.0872141609287306,-0.2762197231086677,-0.0653327233814769,-0.1794161359191284,2746.6666666666665
4954,2752.222222222222,0.2441585193278848,0.1199428188806024,0.1090000007492078,0.0793511804610647,0.0712554270691923,0.0464349049070233,0.0625136310818446,0.0513323774326406,0.0397861392887607,0.0371549562756902,0.2852729968761294,0.1704670024142979,0.1690960756327751,0.127418937828503,0.1245710595327098,0.0983861365929725,0.0946373247139017,0.0856464258708139,-0.8258112815809584,0.5639465641473622,-0.8411672235307347,-0.5407750937844632,-0.6106625111819414,0.791890963098434,9.4332754543226,57.78145787437038,0.5754277491409066,0.0400351713062899,8.653195813054198,49.87666677828318,0.6371082294236313,0.0872141609287306,-0.2477433844742875,-0.1682334447061469,-0.1099192520127494,2752.222222222222
4964,2757.777777777778,0.2555919983555389,0.1276904785227399,0.1170399711008407,0.0731203549673818,0.0714040290977008,0.0531690934741246,0.0567991644643398,0.0520651667040118,0.0412945275852268,0.0374382515518215,0.2558765837662043,0.1128083283390682,0.1035763459990652,0.0460494821933879,0.0486168200647794,0.0247427385751211,0.0305137183832725,0.0104231857929636,0.028356931061995,0.9995978613726348,-0.9954615934044352,0.0951641532127677,0.1755224116193714,0.9844754354575436,9.4332754543226,57.78145787437038,0.5754277491409066,0.0400351713062899,8.653195813054198,49.87666677828318,0.6371082294236313,0.0109937134244479,0.0085070793185985,-0.199092318680887,0.0315940340914868,2757.777777777778
4974,2763.333333333333,0.2478408615646969,0.1293523028561415,0.1304340315825417,0.0682886549622587,0.0726263423447917,0.0560170848082153,0.0544687426135918,0.0483275948396687,0.0485878957637183,0.0408250015626829,0.2553295000235736,0.118592006255893,0.1019376187724665,0.0428764527964745,0.0437224206962386,0.0200758854394802,0.0238048327515091,0.0101567599628335,0.8564539120612674,0.5162234947335803,-0.7234739461677769,0.6903516851695407,0.8467093485496042,0.5320557105028615,9.172984630035996,57.78145787437038,0.5754277491409066,0.0400351713062899,8.653195813054198,49.87666677828318,0.6371082294236313,0.0109937134244479,0.2569361736183802,-0.1446947892335554,0.1524076827389287,2763.333333333333
4984,2768.8888888888887,0.2785638177995862,0.1488440413560142,0.1330353168904384,0.0793455809918554,0.0790525376863682,0.0546762974623838,0.0509534564690031,0.0426003766641336,0.0428951222393291,0.0402103789715119,0.2613193704453692,0.1164700918241994,0.1046479772499559,0.0496844000057776,0.0421790990107934,0.0289664758234668,0.0247004935893959,0.0126768143943126,0.8971311160509818,-0.4417643722768053,-0.1416763221901709,0.9899130364484888,0.9631530546693372,-0.2689538869046601,9.172984630035996,46.25930325233851,0.5754277491409066,0.0400351713062899,8.653195813054198,49.87666677828318,0.6371082294236313,0.0109937134244479,0.2691393348152945,-0.0283352644380341,0.1733675498404807,2768.8888888888887
4994,2774.4444444444443,0.2714930968406829,0.1538098271499487,0.1277844130301361,0.0836026665909566,0.0768712076789065,0.0590218821180432,0.0618577825736843,0.0484413154019938,0.0448066322782632,0.043263881654946,0.2557300812215081,0.1247982866341639,0.102238857200009,0.0441981200545155,0.0478013618456084,0.0266912329489609,0.0210077071987689,0.0171432189218509,0.112990109275541,-0.9935961127167826,0.500790712641848,0.8655684040742649,0.4485624652217428,-0.8937514837997154,9.172984630035996,46.25930325233851,0.5989053914574938,0.0400351713062899,8.653195813054198,49.87666677828318,0.6371082294236313,0.0109937134244479,0.0338970327826623,0.1001581425283696,0.0807412437399137,2774.4444444444443
