source_row_index,time,X1A,Y1A,X2A,Y2A,X3A,Y3A,X4A,Y4A,X5A,Y5A,X1B,Y1B,X2B,Y2B,X3B,Y3B,X4B,Y4B,s1,c1,s2,c2,s3,c3,L_A,G_A,X0_A,Y6_A,L_B,G_B,X0_B,Y5_B,H1,H2,H3,time_hours
4,2.2222222222222223,0.2589659131182619,0.1437653350530536,0.1357461644996079,0.093510986366005,0.079513033890194,0.0636411246118427,0.0612775736417111,0.0609534492458177,0.0649729576022382,0.0565415165031132,0.241621380724552,0.1431879465778034,0.1127954769472565,0.0886969021192478,0.0726101190670296,0.0470588890330237,0.0722485742289415,0.0609921334465336,-0.2008615074092269,0.0,-0.0879839742680801,0.0,-0.167752345713407,0.0,8.0,50.0,0.6,0.05,7.5,50.0,0.6,0.05,-0.060258452222768,-0.017596794853616,-0.0301954222284132,2.2222222222222223
14,7.777777777777778,0.2578592353878528,0.1388736332951001,0.1388284759125613,0.0869879088488896,0.0776482456664004,0.0634797521809146,0.0650462210536595,0.0599929473577067,0.0564893032431015,0.0573431232062619,0.2459853526728543,0.125039248273834,0.1122511769550612,0.0727297707502425,0.0721735345591382,0.0660014333299469,0.0600638397512122,0.047103538958518,-0.2129242404065839,0.0,0.1498424706896584,0.0,0.022639821009095,0.0,8.400305493134933,50.0,0.6,0.05,7.5,50.0,0.6,0.05,-0.0638772721219751,0.0299684941379316,0.0040751677816371,7.777777777777778
24,13.333333333333332,0.2521053949884629,0.1290847227467481,0.1215903605450798,0.0843147950350172,0.0754445935852468,0.0531346569340591,0.0488606797469503,0.0528631959961494,0.0469397381902543,0.0521547439339201,0.2337764231682731,0.1298710334841469,0.1076199990302577,0.0755613832199048,0.0693779401279902,0.0615623535867474,0.0632912975170388,0.0511894500666362,0.0533987394100698,0.0,0.0905862513413593,0.0,-0.0238866457566305,0.0,8.400305493134933,57.94427601939151,0.6,0.05,7.5,50.0,0.6,0.05,0.0160196218230209,0.0181172502682718,-0.0042995962361935,13.333333333333332
34,18.88888888888889,0.2610385430202281,0.1361043440331837,0.1309990499980575,0.0869183866221591,0.0750475257106535,0.0624725864801445,0.0610831936123304,0.0477916087551867,0.042184579761599,0.0410865903148436,0.2421514067498326,0.1318581818901784,0.1079360204527968,0.0741423621554007,0.0696212489667541,0.0568848627327112,0.056566862934658,0.0635178975851658,-0.0742264565584402,0.0,0.118986754434183,0.0,0.0091053317262254,0.0,8.400305493134933,57.94427601939151,0.6551371380490387,0.05,7.5,50.0,0.6,0.05,-0.022267936967532,0.0237973508868366,0.0016389597107205,18.88888888888889
44,24.444444444444443,0.2633516842003253,0.1108415095608168,0.1114350851138159,0.0717084049611464,0.0584111102956863,0.0508674739576076,0.0411258378231559,0.0431348085274762,0.0399174219064577,0.032642327057168,0.2351304319159073,0.1303235182450611,0.1204473441035377,0.0773126497900593,0.0683144731155599,0.0753161863937407,0.0488256312112384,0.0510959262140267,0.044162109737225,0.0,-0.0260939200397567,0.0,-0.0478106382941805,0.0,8.400305493134933,57.94427601939151,0.6551371380490387,0.0337810784985887,7.5,50.0,0.6,0.05,0.0132486329211675,-0.0052187840079513,-0.0086059148929525,24.444444444444443
54,30.0,0.2594266923510753,0.123573465435955,0.1181119353589164,0.0631568385145197,0.0538989809178808,0.0479681076575714,0.0498950757639409,0.0297433677411519,0.0275939609892183,0.0324730614541793,0.218227421042316,0.1272092460519514,0.1012741409594297,0.0774750275425569,0.0662216786168116,0.0578026692693399,0.0585547087521651,0.0507296855435248,-0.1400968284396807,0.0,-0.0208016373200012,0.0,-0.0578467370311843,0.0,8.400305493134933,57.94427601939151,0.6551371380490387,0.0337810784985887,6.9004988547336765,50.0,0.6,0.05,-0.0420290485319042,-0.0041603274640002,-0.0104124126656131,30.0
64,35.55555555555556,0.2545187615908456,0.1229137268976277,0.118547236157132,0.0636834682807839,0.0618604788338886,0.0379093082251934,0.0506393005345066,0.039357760693953,0.0343092421077468,0.0277359971321948,0.219333603852777,0.1194331804103547,0.1135653157110201,0.079152600703701,0.0636887790022168,0.0533808872159634,0.0493451016821964,0.0533867051259548,-0.1596661565288793,0.0,0.1005475282911924,0.0,0.026345690540683,0.0,8.400305493134933,57.94427601939151,0.6551371380490387,0.0337810784985887,6.9004988547336765,57.47106890792524,0.6,0.05,-0.0478998469586638,0.0201095056582384,0.0047422242973229,35.55555555555556
74,41.11111111111111,0.2572409754852497,0.1179113319888302,0.1170774637410756,0.0717654662766567,0.0521392388694706,0.0454258389873471,0.0430702446369849,0.035920481497815,0.0390118853222324,0.0337015562530327,0.1878405543203889,0.1098446722213323,0.0882480245271759,0.0642878849247789,0.0608577430502215,0.0506225120202319,0.0509811985778919,0.0580859196746155,-0.0514493793098019,0.0,0.0944591656234764,0.0,-0.0135316484233784,0.0,8.400305493134933,57.94427601939151,0.6551371380490387,0.0337810784985887,6.9004988547336765,57.47106890792524,0.501053060913115,0.05,-0.0154348137929405,0.0188918331246952,-0.0024356967162081,41.11111111111111
84,46.66666666666666,0.2561068462496169,0.11269097630781,0.1085152476527682,0.055203860662341,0.0629679443686581,0.0488677464733016,0.0436575662539668,0.0266570720867767,0.0343608801413942,0.0379276978316755,0.2415737912216553,0.1711008678815481,0.1624598824324066,0.1308275124775017,0.1345491686631788,0.1279716752680435,0.1205891013659168,0.1205792490153448,-0.006566473269017,0.0,-0.1101560910135846,0.0,0.0688837615996954,0.0,8.400305493134933,57.94427601939151,0.6551371380490387,0.0337810784985887,6.9004988547336765,57.47106890792524,0.501053060913115,0.1231842627574149,-0.0019699419807051,-0.0220312182027169,0.0123990770879451,46.66666666666666
94,52.22222222222222,0.2696141633940009,0.1234374290964105,0.1198141055423634,0.0630968330723618,0.0712443261774479,0.0519028621305115,0.0434707780985658,0.0391076137849239,0.0451365750489631,0.0272267949526729,0.2399857295850992,0.1709987533381685,0.1622307069284155,0.1345516640617224,0.1242782610683363,0.1236006192208837,0.1313648583695526,0.1210658205220826,-0.0220499551079021,0.0,-0.028031183989788,0.0,-0.2612404811205933,0.0,8.950622172006547,57.94427601939151,0.6551371380490387,0.0337810784985887,6.9004988547336765,57.47106890792524,0.501053060913115,0.1231842627574149,-0.0066149865323706,-0.0056062367979576,-0.0470232866017068,52.22222222222222
104,57.77777777777777,0.2784267701391455,0.1556449232823455,0.13204476607336,0.0805281523695888,0.0709527863017667,0.0481113225154489,0.0448161007160679,0.0406129327434245,0.0393346276957675,0.0391073587634668,0.2382862442653279,0.174806652250803,0.1644585961385953,0.1253440517550888,0.1270759102385791,0.1250902934802318,0.1270521982799422,0.1268416338084951,-0.0795598173245745,0.0,0.1137687454317788,0.0,-0.0590070190076305,0.0,8.950622172006547,49.358699056874414,0.6551371380490387,0.0337810784985887,6.9004988547336765,57.47106890792524,0.501053060913115,0.1231842627574149,-0.0238679451973723,0.0227537490863557,-0.0106212634213734,57.77777777777777
114,63.33333333333333,0.2457305635556861,0.1278102049060262,0.116696875938272,0.0678443425015683,0.0641781663570106,0.0508702932842654,0.0489017114249373,0.0339938369238244,0.0335404979918146,0.0326464510954675,0.2482415770996995,0.1654800498133483,0.1653631622993041,0.1365831017500168,0.1427136917179047,0.1315592806566144,0.1281427515368731,0.1240736989034124,0.0374379279042199,0.0,0.1717516189241028,0.0,0.2309072032069173,0.0,8.950622172006547,49.358699056874414,0.5606064853638627,0.0337810784985887,6.9004988547336765,57.47106890792524,0.501053060913115,0.1231842627574149,0.0112313783712659,0.0343503237848205,0.0415632965772451,63.33333333333333
124,68.88888888888889,0.2498234952269114,0.1313982324746739,0.1332900477839833,0.0814537339633616,0.0824042888935522,0.0484836327070176,0.0456613075610949,0.0452820559891579,0.0526842651441392,0.0502992846072396,0.245128778669088,0.172863571871679,0.1607783322171904,0.1342791004735412,0.1359865258927325,0.1269592705186926,0.1294836766724031,0.1280397161900704,0.1103362527754236,0.0,-0.0856945688596371,0.0,-0.0717334658903924,0.0,8.950622172006547,49.358699056874414,0.5606064853638627,0.041763841815116,6.9004988547336765,57.47106890792524,0.501053060913115,0.1231842627574149,0.033100875832627,-0.0171389137719274,-0.0129120238602706,68.88888888888889
134,74.44444444444444,0.245012700464356,0.1319104338506264,0.1265151955732291,0.0825773781808047,0.0689315340776798,0.0514291451239715,0.0564870532381017,0.0498458189789038,0.0487410275585033,0.0425307323453135,0.2467171864281553,0.1677512457346217,0.1558072668225684,0.1310345256323096,0.13740654674777,0.1247449165115855,0.1282915511259432,0.1284447168839163,-0.0679224149233113,0.0,-0.1436867706469615,0.0,0.006221582838569,0.0,8.950622172006547,49.358699056874414,0.5606064853638627,0.041763841815116,6.764608762962374,57.47106890792524,0.501053060913115,0.1231842627574149,-0.0203767244769934,-0.0287373541293923,0.0011198849109424,74.44444444444444
144,80.0,0.2474678869671719,0.1365738306309429,0.1222913843734695,0.0783062849502728,0.0755163531287729,0.0483823407142632,0.052700613173207,0.0478597577383971,0.0479585955304507,0.0464985429699212,0.2410250987448407,0.1792519815189949,0.1663787767647161,0.1395836307251111,0.130505590430582,0.1263922848198289,0.1256675344331544,0.1298377579540865,-0.0917205285079172,0.0,0.028681472212542,0.0,0.0285086758317905,0.0,8.950622172006547,49.358699056874414,0.5606064853638627,0.041763841815116,6.764608762962374,48.901526117652935,0.501053060913115,0.1231842627574149,-0.0275161585523751,0.0057362944425084,0.0051315616497223,80.0
154,85.55555555555556,0.2425904052042432,0.1303913330519098,0.1193114189377641,0.0863329982704762,0.0599645466687457,0.0575632897493986,0.0483552696419963,0.0554675166256333,0.0490553187619584,0.0429049995533165,0.2850343835965127,0.1914286626063788,0.1666589398621936,0.1491411406283902,0.1442501087429754,0.1308257623058318,0.1297271118090624,0.1175177761589167,-0.1248250927487941,0.0,-0.1539389400349778,0.0,0.0135243973264368,0.0,8.950622172006547,49.358699056874414,0.5606064853638627,0.041763841815116,6.764608762962374,48.901526117652935,0.6009096517915906,0.1231842627574149,-0.0374475278246382,-0.0307877880069955,0.0024343915187586,85.55555555555556
164,91.1111111111111,0.2351355249883107,0.133740766525286,0.1222035155024025,0.0795168994298563,0.0734003579757689,0.047735534656408,0.0523048569023126,0.0506887370137234,0.0435905114796964,0.040858457175178,0.239866444865546,0.1489995933717369,0.1376899678202899,0.1053231526255321,0.1063197471341311,0.0922994027564229,0.0898830165911905,0.0920709042915704,-0.0662264339952778,0.0,-0.10813947700113,0.0,0.1036754150387629,0.0,8.950622172006547,49.358699056874414,0.5606064853638627,0.041763841815116,6.764608762962374,48.901526117652935,0.6009096517915906,0.0830246028111738,-0.0198679301985833,-0.021627895400226,0.0186615747069773,91.1111111111111
174,96.66666666666666,0.2549062753273545,0.1436722278358392,0.1340735254341651,0.0818751443958656,0.0657088370099179,0.0571059148907839,0.064083762517094,0.0530129336536725,0.0413331492927515,0.0361936663469115,0.2450814871892619,0.1496165550762701,0.1342149348088755,0.1038193863200312,0.0892160562422432,0.0918478324554823,0.0809425429916942,0.0831950817420457,-0.0185873515028134,0.0,0.0693605762356548,0.0,-0.0176178773834325,0.0,9.585600906990056,49.358699056874414,0.5606064853638627,0.041763841815116,6.764608762962374,48.901526117652935,0.6009096517915906,0.0830246028111738,-0.005576205450844,0.0138721152471309,-0.0031712179290178,96.66666666666666
184,102.2222222222222,0.2561347383472491,0.1244729919046085,0.1266791359532819,0.0717909475701988,0.0733617085593759,0.0519033101098329,0.0627636991387069,0.0481656921365544,0.0408705720927683,0.0394309069679859,0.2470908633783938,0.1562556616688895,0.1432994480115647,0.1083601241696737,0.0975076814319924,0.0962328519891143,0.0875397045857756,0.0810261996287835,-0.1042580012574776,0.0,-0.0169617329620794,0.0,-0.1054064881851031,0.0,9.585600906990056,55.85323838427506,0.5606064853638627,0.041763841815116,6.764608762962374,48.901526117652935,0.6009096517915906,0.0830246028111738,-0.0312774003772433,-0.0033923465924158,-0.0189731678733185,102.2222222222222
194,107.77777777777776,0.264254787026433,0.1306614372921663,0.1259424716945092,0.0807192877267045,0.0800752535014227,0.062529500736426,0.0573627466802179,0.0376686068294675,0.0484322627108565,0.0460028602618198,0.2446615651319061,0.1600212064895969,0.1314699385232755,0.1076925340900711,0.0941316623518382,0.0901427573493231,0.0948624395527214,0.0892994031401584,-0.0764523800337163,0.0,-0.0577612784417483,0.0,-0.0111099039314931,0.0,9.585600906990056,55.85323838427506,0.6244358458882325,0.041763841815116,6.764608762962374,48.901526117652935,0.6009096517915906,0.0830246028111738,-0.0229357140101148,-0.0115522556883496,-0.0019997827076687,107.77777777777776
204,113.33333333333331,0.3318056737737784,0.2283498472891234,0.2296704265345988,0.1823392812193142,0.1750663243919915,0.1662106818170712,0.1644532229697219,0.1498160674393454,0.1540426571569638,0.1485625788860179,0.2431130930563811,0.1549786310142595,0.1410032306566407,0.10138197608213,0.103456964433417,0.0911684841847684,0.0898733879000688,0.085545345130049,-0.0614128669844391,0.0,-0.0388919444210566,0.0,0.0140417183646968,0.0,9.585600906990056,55.85323838427506,0.6244358458882325,0.1483440221522827,6.764608762962374,48.901526117652935,0.6009096517915906,0.0830246028111738,-0.0184238600953317,-0.0077783888842113,0.0025275093056454,113.33333333333331
214,118.88888888888889,0.3341508458134147,0.2348184418838997,0.2244299306383274,0.1745137348527594,0.1711025990053679,0.1653925936352691,0.1515165611224009,0.1596010334080812,0.1481506687880552,0.1534991732434899,0.2515454406857498,0.1567149347961723,0.1456564461322915,0.1048783158506383,0.1044333487282409,0.0815033943599621,0.0800556355570102,0.0853934902715704,-0.1480684823829498,0.0,-0.0244957802167456,0.0,-0.2125955617440895,0.0,9.585600906990056,55.85323838427506,0.6244358458882325,0.1483440221522827,6.645926094706796,48.901526117652935,0.6009096517915906,0.0830246028111738,-0.0444205447148849,-0.0048991560433491,-0.0382672011139361,118.88888888888889
224,124.44444444444444,0.3386417139348878,0.2365971969862936,0.2266504795227772,0.1849755735450572,0.1750539450900012,0.1593649472076959,0.1574603769220993,0.1561311172669209,0.1474527149784938,0.145592884935993,0.2533507291767941,0.1659437795376947,0.1410778089023921,0.1114677766714547,0.0967224608569315,0.0949814795855219,0.0852849955148321,0.0820858925248183,0.147402404143058,0.0,0.0105609785540625,0.0,0.0557118061552653,0.0,9.585600906990056,55.85323838427506,0.6244358458882325,0.1483440221522827,6.645926094706796,43.20424067715689,0.6009096517915906,0.0830246028111738,0.0442207212429174,0.0021121957108125,0.0100281251079477,124.44444444444444
234,130.0,0.3297503665815569,0.2362986142914544,0.2342928922110161,0.1761265805883342,0.1771867791104161,0.16166604891633,0.1576262617786875,0.1444487323482992,0.1550444867791522,0.1496355326904352,0.2577323079196575,0.1678888974167884,0.1399007150414926,0.0995541819087053,0.0987563960766215,0.0916939933469107,0.087462651645594,0.0770143426376517,0.0374100116742049,0.0,-0.0039805659665969,0.0,-0.0791359196455087,0.0,9.585600906990056,55.85323838427506,0.6244358458882325,0.1483440221522827,6.645926094706796,43.20424067715689,0.6225079208546062,0.0830246028111738,0.0112230035022614,-0.0007961131933193,-0.0142444655361915,130.0
244,135.55555555555554,0.3416470316319694,0.2263473954289604,0.2203149287978446,0.178425422631555,0.1741454163419077,0.1554236234038119,0.1570123496218564,0.1512799154438018,0.1545208915908922,0.1540189905643055,0.2013135399796226,0.1088504586558301,0.0660585942769078,0.0397415870651908,0.0260938923111528,0.0134555784164783,0.0125736067789945,0.008664496112318,0.1480500340906817,0.0,0.0223502462914439,0.0,0.019857918117696,0.0,9.585600906990056,55.85323838427506,0.6244358458882325,0.1483440221522827,6.645926094706796,43.20424067715689,0.6225079208546062,0.0065913011942075,0.0444150102272045,0.0044700492582887,0.0035744252611852,135.55555555555554
254,141.11111111111111,0.2905534128185023,0.2055572961550367,0.1842865472798078,0.1634009341445763,0.167155047701259,0.1485930725006961,0.1478318531288006,0.148806957975596,0.1578894725826388,0.1514519865197499,0.2094323354417863,0.101808870239864,0.0807484496807087,0.0332868613659864,0.0249299483247136,0.0172842768134269,0.0124259812239918,0.0041605393312418,-0.1492846120308533,0.0,0.1079646031963781,0.0,-0.2266535530736043,0.0,6.514176892075508,55.85323838427506,0.6244358458882325,0.1483440221522827,6.645926094706796,43.20424067715689,0.6225079208546062,0.0065913011942075,-0.044785383609256,0.0215929206392756,-0.0407976395532487,141.11111111111111
264,146.66666666666666,0.2999777666015465,0.2095958709550162,0.1906589249915053,0.1623890623781238,0.1568094830296789,0.1477766728324253,0.1530131831093628,0.1492170944652892,0.1526559107871394,0.1514425093884764,0.2137051724619018,0.0969071173335089,0.0669207416334133,0.0325906012758486,0.0191853690979443,0.020880699455879,0.0136280392620865,0.018889657491087,-0.0202697074780387,0.0,0.1018774029947937,0.0,-0.0131445233258075,0.0,6.514176892075508,50.297776405427406,0.6244358458882325,0.1483440221522827,6.645926094706796,43.20424067715689,0.6225079208546062,0.0065913011942075,-0.0060809122434116,0.0203754805989587,-0.0023660141986453,146.66666666666666
274,152.2222222222222,0.2862124180097302,0.2056184514582766,0.188129218665674,0.1641495382146599,0.1663267096027706,0.1439161933033596,0.1523845033438147,0.1410633993204995,0.1550246257412171,0.1586599048504312,0.214158197656278,0.0989355004562057,0.0800511799782235,0.0366983906589569,0.0250362482623315,0.018555866778873,0.0104690544082475,0.0045840864142197,-0.0973808283809656,0.0,-0.0817313941915189,0.0,-0.1350763240222268,0.0,6.514176892075508,50.297776405427406,0.5932412050650578,0.1483440221522827,6.645926094706796,43.20424067715689,0.6225079208546062,0.0065913011942075,-0.0292142485142896,-0.0163462788383037,-0.0243137383240008,152.2222222222222
284,157.77777777777777,0.2797209270533757,0.2031155255317258,0.1810277534542183,0.1531552575092421,0.150432810105015,0.1418143064403371,0.1422226452024305,0.1430233281980264,0.1399668682348669,0.1445002043658278,0.2073886159427208,0.1043807804555997,0.0701804506227199,0.0440861422571546,0.0271265857486456,0.0173951980127159,0.02358949578319,0.0054916563109496,-0.0469506087064881,0.0,-0.1067156754483174,0.0,-0.1265041257814454,0.0,6.514176892075508,50.297776405427406,0.5932412050650578,0.1375751659789278,6.645926094706796,43.20424067715689,0.6225079208546062,0.0065913011942075,-0.0140851826119464,-0.0213431350896634,-0.0227707426406601,157.77777777777777
294,163.33333333333331,0.2790981971488472,0.1886273259261467,0.1797953211980173,0.152974595900093,0.1505182843489897,0.1393815239014522,0.1441311171283728,0.1337356042330512,0.1295936810381569,0.1386474208999553,0.241718218630955,0.1162935219333039,0.0950555119354834,0.0487028287568349,0.0288574819135281,0.0235804246433303,0.0191026778880033,0.0120355416728799,0.0515123547964791,0.0,0.1318843306346409,0.0,0.0253587843929537,0.0,6.514176892075508,50.297776405427406,0.5932412050650578,0.1375751659789278,7.887678763473032,43.20424067715689,0.6225079208546062,0.0065913011942075,0.0154537064389437,0.0263768661269281,0.0045645811907316,163.33333333333331
304,168.88888888888889,0.2831710420686636,0.2003326106441998,0.1793372646177571,0.1551104517526122,0.1391311779448356,0.1419649511609762,0.1383333717495742,0.1366019155654605,0.1401989893574915,0.1355016200388102,0.2241634228653525,0.1092977316390323,0.081974419987506,0.0393507770686939,0.0323386009380806,0.0201624306686988,0.0160984650175274,0.0151794848129618,-0.1109619041717895,0.0,-0.0526657267636187,0.0,-0.0521875320059547,0.0,6.514176892075508,50.297776405427406,0.5932412050650578,0.1375751659789278,7.887678763473032,50.28235293199028,0.6225079208546062,0.0065913011942075,-0.0332885712515368,-0.0105331453527237,-0.0093937557610718,168.88888888888889
314,174.44444444444443,0.2753775149022949,0.2026397058146954,0.1823030326140018,0.1571627734730648,0.1382365947330377,0.1387792164733442,0.1383984991347228,0.1423908781653392,0.1517508118090138,0.1285104601284854,0.2197764018077818,0.0981364933929947,0.0810902590403905,0.0431696521393374,0.0301480035027056,0.0195974458084839,0.0223615228397941,0.0165012976128393,0.1460373164188477,0.0,-0.0065764078328761,0.0,-0.0944879729947572,0.0,6.514176892075508,50.297776405427406,0.5932412050650578,0.1375751659789278,7.887678763473032,50.28235293199028,0.5993746870787008,0.0065913011942075,0.0438111949256543,-0.0013152815665752,-0.0170078351390563,174.44444444444443
324,180.0,0.2761075666213275,0.2012239641053904,0.1853404657811613,0.148770158597873,0.1477781869881085,0.1415050057552948,0.1486499396291575,0.1392556168806273,0.1356562744792539,0.1422548917465053,0.2344993840487938,0.1289758257922867,0.1001898582305403,0.0593495290859575,0.06757325465288,0.0393500074132015,0.0435874837734236,0.0440024606940867,-0.1129218785795553,0.0,0.0008380168894644,0.0,0.1333027066305204,0.0,6.514176892075508,50.297776405427406,0.5932412050650578,0.1375751659789278,7.887678763473032,50.28235293199028,0.5993746870787008,0.0371272383040996,-0.0338765635738665,0.0001676033778928,0.0239944871934936,180.0
334,185.55555555555557,0.2773248645738792,0.1920493179571392,0.1778414316719433,0.1531542440545981,0.1520836168776347,0.1467251972560999,0.1466915580214011,0.1458114261751124,0.1366658875757112,0.1379174582805415,0.2381993629748539,0.1203422314110044,0.110503246264136,0.0686393804733688,0.0579976986889086,0.0440264339490727,0.0446648706325423,0.0475104554541249,0.0428691204609476,0.0,0.0006120593542674,0.0,0.0833519403277243,0.0,6.437740881736019,50.297776405427406,0.5932412050650578,0.1375751659789278,7.887678763473032,50.28235293199028,0.5993746870787008,0.0371272383040996,0.0128607361382842,0.0001224118708534,0.0150033492589903,185.55555555555557
344,191.11111111111111,0.2752343945607174,0.2006193120970525,0.190730066514109,0.1611368530935131,0.1568073928985497,0.1415885902056521,0.136533721536518,0.1374566460295959,0.1454479639008407,0.1339617198589923,0.2303632554263101,0.1253316744588833,0.1087856247539627,0.073092258206585,0.0565675023616893,0.0406234360122277,0.0528830141157431,0.0338951072313476,0.0180568643926416,0.0,0.0634697014875014,0.0,0.0710864904301968,0.0,6.437740881736019,43.84804287970621,0.5932412050650578,0.1375751659789278,7.887678763473032,50.28235293199028,0.5993746870787008,0.0371272383040996,0.0054170593177925,0.0126939402975002,0.0127955682774354,191.11111111111111
354,196.66666666666663,0.2941807826204335,0.2058000571770759,0.1881134972643915,0.1640990365335278,0.1503942123306345,0.1458164397643724,0.1488648176862735,0.1345443680024835,0.1402905172232672,0.1378068047689896,0.2357751433370267,0.1243772640560144,0.1133350923537842,0.0687897151596131,0.058763992715878,0.0446097670607079,0.0478816479070366,0.0463640485110022,-0.1652613658028091,0.0,0.1311252823029601,0.0,0.1683885629407723,0.0,6.437740881736019,43.84804287970621,0.6384064241763678,0.1375751659789278,7.887678763473032,50.28235293199028,0.5993746870787008,0.0371272383040996,-0.0495784097408427,0.026225056460592,0.030309941329339,196.66666666666663
364,202.2222222222222,0.2325565554380498,0.1146019408579232,0.0904591665105645,0.0551358323893443,0.0500142886441138,0.036095738354856,0.0339696936566252,0.0323963488760047,0.0311415547354455,0.0462193587027249,0.2428749978426941,0.1274852676135893,0.1041823562131613,0.0701316591705761,0.0713455589926562,0.0476836788864254,0.044528895610093,0.0408342955934889,0.0935891341551318,0.0,0.1324830474774501,0.0,-0.0667187213264778,0.0,6.437740881736019,43.84804287970621,0.6384064241763678,0.0300910085980492,7.887678763473032,50.28235293199028,0.5993746870787008,0.0371272383040996,0.0280767402465395,0.02649660949549,-0.012009369838766,202.2222222222222
374,207.77777777777777,0.2134733086669958,0.1198378902073366,0.0914886804849745,0.0641626204845945,0.0521065219387072,0.0484522456871743,0.0317760300666359,0.0365547937509486,0.0393290075698618,0.0315336473392772,0.2228177820254437,0.1211409465134704,0.1025459144551857,0.0626146913007702,0.0543925062122163,0.0485224698062888,0.0362924808520895,0.03501267080713,-0.0410246973078175,0.0,0.0248407584816528,0.0,0.0108974113432014,0.0,6.437740881736019,43.84804287970621,0.6384064241763678,0.0300910085980492,7.10860893180662,50.28235293199028,0.5993746870787008,0.0371272383040996,-0.0123074091923452,0.0049681516963305,0.0019615340417762,207.77777777777777
384,213.3333333333333,0.2252990427234673,0.1197767693693533,0.0897198191924816,0.0638474464833926,0.0456510778304862,0.0324521189461904,0.0299354575073262,0.0271174226418649,0.0238586328603518,0.0269239191846927,0.2350361748148426,0.1427410376902775,0.1152791881522735,0.070227749347393,0.0666178799402052,0.0508680517205494,0.0417092571353888,0.0394488003610411,-0.00631107145948,0.0,-0.0988382445933284,0.0,0.0712606644328975,0.0,6.437740881736019,43.84804287970621,0.6384064241763678,0.0300910085980492,7.10860893180662,40.07468484104152,0.5993746870787008,0.0371272383040996,-0.001893321437844,-0.0197676489186656,0.0128269195979215,213.3333333333333
394,218.88888888888889,0.2290903491853603,0.1210454292375308,0.0866328817801209,0.0609023000101587,0.0512385912851856,0.0380413497309392,0.0270539328109138,0.029908013360376,0.0331474189096627,0.0306080514371001,0.2644862297919681,0.1446047811140174,0.1160600855244121,0.0740514985116219,0.0703462361901326,0.0441986934444505,0.0382198485045787,0.0422294417225123,-0.1085477665066932,0.0,0.048348182434892,0.0,0.0086291776966972,0.0,6.437740881736019,43.84804287970621,0.6384064241763678,0.0300910085980492,7.10860893180662,40.07468484104152,0.6660095459603491,0.0371272383040996,-0.0325643299520079,0.0096696364869784,0.0015532519854055,218.88888888888889
404,224.44444444444443,0.2234232302027827,0.113295899921886,0.0965315031971245,0.0673344628934846,0.0514386210764563,0.0449322431360503,0.0429921847187184,0.0311725812469317,0.0301605672120505,0.0354054734966591,0.2499718165819433,0.1281368673211116,0.1009416146709046,0.0611206266772011,0.0548511185003369,0.0296491477117402,0.0307926655797999,0.0308481913610882,0.0566249406884679,0.0,0.0139309492744244,0.0,-0.0990298148376572,0.0,6.437740881736019,43.84804287970621,0.6384064241763678,0.0300910085980492,7.10860893180662,40.07468484104152,0.6660095459603491,0.0231691621592159,0.0169874822065403,0.0027861898548848,-0.0178253666707783,224.44444444444443
414,230.0,0.252823298149704,0.1236554539514562,0.1113075732977181,0.0701314520775241,0.0544510071867574,0.0404652290530607,0.0390596186084486,0.0315242529628998,0.036630011889096,0.0322826149194665,0.2507926527363229,0.1312520358316676,0.1072661846443236,0.0587186275233866,0.0540621704615522,0.038973223007094,0.0346907842522252,0.0231400765775598,-0.0050259031155774,0.0,0.0191635801823373,0.0,-0.1262539325538874,0.0,7.256317774604113,43.84804287970621,0.6384064241763678,0.0300910085980492,7.10860893180662,40.07468484104152,0.6660095459603491,0.0231691621592159,-0.0015077709346732,0.0038327160364674,-0.0227257078596997,230.0
424,235.55555555555557,0.2255988831757768,0.1102797408262826,0.1072659419024221,0.0565676776293477,0.0482931266860096,0.0270103781555061,0.0406480399007836,0.0309510160879924,0.0308059872642219,0.0225058074959881,0.2473126313405351,0.1383130800600983,0.1118872789438376,0.05284443196457,0.0538161591661127,0.0346862156304122,0.0297911807381574,0.0374222814334015,0.1437901907952453,0.0,0.0593727686717638,0.0,-0.1017936021043398,0.0,7.256317774604113,57.606643079616575,0.6384064241763678,0.0300910085980492,7.10860893180662,40.07468484104152,0.6660095459603491,0.0231691621592159,0.0431370572385736,0.0118745537343527,-0.0183228483787811,235.55555555555557
434,241.1111111111111,0.2135150497348044,0.1055508383061077,0.0893328640953053,0.0574165679986013,0.0381896619087532,0.0295059663553833,0.0323953344468587,0.0308456924691864,0.0277390954652351,0.035483083884972,0.2572480537216933,0.1310145768363119,0.1006351422786789,0.0647988521895739,0.0518965338518943,0.0306519905484917,0.0247116949131636,0.0309924735022638,-0.0082909697724399,0.0,0.0197160913753812,0.0,-0.1233283374451454,0.0,7.256317774604113,57.606643079616575,0.6019581619736846,0.0300910085980492,7.10860893180662,40.07468484104152,0.6660095459603491,0.0231691621592159,-0.0024872909317319,0.0039432182750762,-0.0221991007401261,241.1111111111111
444,246.66666666666663,0.2847474723199253,0.1755657336259801,0.1696080070018076,0.1478565829818475,0.1425182257730711,0.1316694699566804,0.1254764759795424,0.1264634344311518,0.1274603255675981,0.128971247986744,0.2535723626199061,0.1458581147259156,0.10582565993211,0.0659810931267367,0.045699842997401,0.0390754425468172,0.0333860163956818,0.0371082348196653,0.2938319856919316,0.0,-0.033189619515581,0.0,-0.0102646110975693,0.0,7.256317774604113,57.606643079616575,0.6019581619736846,0.1270725369548803,7.10860893180662,40.07468484104152,0.6660095459603491,0.0231691621592159,0.0881495957075794,-0.0066379239031162,-0.0018476299975624,246.66666666666663
454,252.2222222222222,0.2833790171131147,0.1900571634182984,0.175437335172811,0.1463641603091643,0.1409010948511312,0.1455189922459328,0.1313105076646118,0.130028710871967,0.1361811450449623,0.1193178895458855,0.2719313556299752,0.1389352290555904,0.1138160652421023,0.067343787574455,0.0617424282567387,0.0418346644901721,0.040433604665518,0.0219078118703045,0.0510873012549083,0.0,0.1483839734626558,0.0,0.0091608260485345,0.0,7.256317774604113,57.606643079616575,0.6019581619736846,0.1270725369548803,7.919151500827579,40.07468484104152,0.6660095459603491,0.0231691621592159,0.0153261903764725,0.0296767946925311,0.0016489486887362,252.2222222222222
464,257.77777777777777,0.2896737328418854,0.1863516466960855,0.1828777795562648,0.1423479719583236,0.1479966074791067,0.1284244578060409,0.1262883286463378,0.1399473746911778,0.1146297342273977,0.1282373082213665,0.2464740111526232,0.1067583199778823,0.1005181794132178,0.0529481795600995,0.0408136601282909,0.0353906473223833,0.0366798152497066,0.0284912097148577,-0.0287441359073169,0.0,0.1126056668102124,0.0,0.0411679891912859,0.0,7.256317774604113,57.606643079616575,0.6019581619736846,0.1270725369548803,7.919151500827579,54.83541894723714,0.6660095459603491,0.0231691621592159,-0.008623240772195,0.0225211333620424,0.0074102380544314,257.77777777777777
474,263.3333333333333,0.2902433217793783,0.185834914768676,0.1797141258899534,0.148125661021913,0.1415273135345232,0.1417631477683946,0.1291392766062588,0.1239260244987424,0.1305099038137711,0.125387917740848,0.1939312890109871,0.0948949822569198,0.0894828092099036,0.0420339182553039,0.037441711729618,0.0303177359225417,0.0295219146139281,0.0233038190373816,0.0881642238996357,0.0,0.2490421202827157,0.0,0.0369547206134855,0.0,7.256317774604113,57.606643079616575,0.6019581619736846,0.1270725369548803,7.919151500827579,54.83541894723714,0.5182991210126091,0.0231691621592159,0.0264492671698907,0.0498084240565431,0.0066518497104273,263.3333333333333
484,268.88888888888886,0.2870078174334303,0.1829461404060512,0.1722905475172527,0.1481489718062667,0.1440598384433119,0.1322493105540975,0.1330997885368318,0.1178427630516943,0.1293752309081539,0.1228037717079397,0.2362063107828005,0.1413505562586577,0.1289794219886862,0.0978466439567219,0.1013212816136082,0.093404428285904,0.092198900257837,0.0806102462311124,-0.1473439833642351,0.0,0.0309709550262413,0.0,-0.0407743355190649,0.0,7.256317774604113,57.606643079616575,0.6019581619736846,0.1270725369548803,7.919151500827579,54.83541894723714,0.5182991210126091,0.0811715732064733,-0.0442031950092705,0.0061941910052482,-0.0073393803934316,268.88888888888886
494,274.44444444444446,0.2892242068636618,0.1882040185194384,0.1881987689153456,0.1475858118408776,0.1508256110960516,0.1301411043874003,0.1366156042078613,0.1276146600304154,0.1301771414100417,0.1231584878684819,0.2341029930815809,0.1346907267405772,0.1339130964850257,0.1043410027469377,0.0981527410626184,0.0883521773378745,0.089911445199272,0.0755659326983209,-0.0456875894284152,0.0,-0.1465935431272511,0.0,-0.0996043316267159,0.0,8.02487115616112,57.606643079616575,0.6019581619736846,0.1270725369548803,7.919151500827579,54.83541894723714,0.5182991210126091,0.0811715732064733,-0.0137062768285245,-0.0293187086254502,-0.0179287796928088,274.44444444444446
504,280.0,0.293514931606954,0.1871733994561558,0.1880735022188291,0.1540412975158618,0.1478387290492601,0.1321731717798482,0.1385482321069236,0.1299752738367841,0.1360366471476302,0.1300323612381431,0.228113991753173,0.1404377381421165,0.1340495798768897,0.0964971514651745,0.10512809052386,0.0884200457062652,0.0880341426140275,0.0834489903639241,-0.1590724751836522,0.0,0.1171639193950782,0.0,0.0692004965728398,0.0,8.02487115616112,57.42678753385761,0.6019581619736846,0.1270725369548803,7.919151500827579,54.83541894723714,0.5182991210126091,0.0811715732064733,-0.0477217425550956,0.0234327838790156,0.0124560893831111,280.0
514,285.55555555555554,0.2854293879426192,0.1924473650899581,0.1789557399560217,0.1481828224138386,0.1470570790213303,0.1401033378213811,0.1409026241010425,0.1284537139440822,0.1311013245035657,0.1328147953293396,0.2429039783433966,0.1384897539311417,0.128106945240449,0.1050158135852761,0.1038087618629129,0.0869009095823906,0.0940467673250281,0.0712932002228375,0.1377535386648488,0.0,-0.0610914132428815,0.0,-0.2147324428890823,0.0,8.02487115616112,57.42678753385761,0.5722528118028315,0.1270725369548803,7.919151500827579,54.83541894723714,0.5182991210126091,0.0811715732064733,0.0413260615994546,-0.0122182826485763,-0.0386518397200348,285.55555555555554
524,291.1111111111111,0.2621426493532174,0.1515290810443131,0.1554466310036514,0.1129242617293622,0.109733000307643,0.0933383309904915,0.0929008293567492,0.0931569533504312,0.0967746239454941,0.0827572876124999,0.239641747639807,0.1454125386665967,0.1294578318282139,0.1004421183661702,0.0933575712114255,0.0949816719449793,0.0923866204235451,0.0850989920399409,-0.0660565063611841,0.0,-0.0415981586773758,0.0,-0.0611559149205859,0.0,8.02487115616112,57.42678753385761,0.5722528118028315,0.0897276100810819,7.919151500827579,54.83541894723714,0.5182991210126091,0.0811715732064733,-0.0198169519083552,-0.0083196317354751,-0.0110080646857054,291.1111111111111
534,296.66666666666663,0.2567928105573591,0.1580274823134697,0.16015803797257,0.1123306382146169,0.1102118883136362,0.0957913782446716,0.0922342698471339,0.0918123010527394,0.0947540361284267,0.1061738361119457,0.2043737636617199,0.1227021526337053,0.1219282698101256,0.097227447990107,0.0852454414575812,0.0846574942261909,0.0849958557729464,0.0878278243400776,0.005476888009287,0.0,-0.0356674642245271,0.0,-0.0854778869672008,0.0,8.02487115616112,57.42678753385761,0.5722528118028315,0.0897276100810819,6.177754927036511,54.83541894723714,0.5182991210126091,0.0811715732064733,0.0016430664027861,-0.0071334928449054,-0.0153860196540961,296.66666666666663
544,302.22222222222223,0.246006540283224,0.1551472346831739,0.1490059429292564,0.1210638094728657,0.1185831136117429,0.0871094774033732,0.0963380107794432,0.090327401773607,0.0934506216401591,0.0876890593994219,0.2132744144464178,0.1524340058361586,0.118805453872628,0.1054011627364468,0.0926010992012524,0.0796057512207971,0.0851690038703551,0.0832664568246765,-0.0396859194093856,0.0,0.0402939341682583,0.0,-0.0711391489702128,0.0,8.02487115616112,57.42678753385761,0.5722528118028315,0.0897276100810819,6.177754927036511,47.752636022214574,0.5182991210126091,0.0811715732064733,-0.0119057758228156,0.0080587868336516,-0.0128050468146383,302.22222222222223
554,307.77777777777777,0.2590707323337893,0.1520921781205162,0.1411022817633209,0.1209825506604638,0.11431639010954,0.111136053422795,0.1036800913478062,0.0994801957342091,0.0978151179348699,0.0861480665930086,0.2288313461359271,0.145934481020496,0.1263032030216556,0.0970438061241669,0.0954508070728998,0.0871772670523547,0.0724677045993233,0.0897641172174818,0.1915123874996295,0.0,-0.1163408924910968,0.0,-0.0782881775317754,0.0,8.02487115616112,57.42678753385761,0.5722528118028315,0.0897276100810819,6.177754927036511,47.752636022214574,0.5646072692516413,0.0811715732064733,0.0574537162498888,-0.0232681784982193,-0.0140918719557195,307.77777777777777
564,313.3333333333333,0.2606897002674022,0.1587346496312348,0.1441253665869719,0.1186598338455743,0.1047733013705336,0.0989380914508509,0.0916494139131216,0.0977794927565914,0.087939417348858,0.0914733513886277,0.1916799758715357,0.0869394205077924,0.0757546486341684,0.0512358930397796,0.0432118801076911,0.0340641707492961,0.0277372336166944,0.0189177403702368,0.0070249712979297,0.0,0.0172981584397826,0.0,-0.1655348957482323,0.0,8.02487115616112,57.42678753385761,0.5722528118028315,0.0897276100810819,6.177754927036511,47.752636022214574,0.5646072692516413,0.0225299593605677,0.0021074913893789,0.0034596316879565,-0.0297962812346818,313.3333333333333
574,318.88888888888886,0.2792950854373291,0.1671582236071922,0.1685037765812516,0.1198692863995323,0.1143634476627782,0.1017926883492709,0.1019266966629169,0.090392423625373,0.1020688892829378,0.0929336728187878,0.1900628799369499,0.0860464700377646,0.0699290665939418,0.0365662844270532,0.039866674784342,0.0382574989027641,0.0109238904043738,0.0279066355876442,0.2028389710161383,0.0,-0.0869376431412063,0.0,-0.0145800797051655,0.0,9.01228193222104,57.42678753385761,0.5722528118028315,0.0897276100810819,6.177754927036511,47.752636022214574,0.5646072692516413,0.0225299593605677,0.0608516913048414,-0.0173875286282412,-0.0026244143469297,318.88888888888886
584,324.4444444444444,0.2908401887360293,0.1780028203850157,0.1777741386601915,0.1230568256537283,0.1255366424982153,0.1068427998032921,0.1013476029354117,0.0946925700955685,0.0939281922439503,0.0979402940354448,0.1799496659851339,0.0896637072750574,0.0714510648388555,0.0426276351218904,0.0371840191991155,0.033378000889024,0.0297477549008909,0.0207371675375794,0.0614963568980659,0.0,0.0938269297417624,0.0,0.0658394481485183,0.0,9.01228193222104,47.58892343100625,0.5722528118028315,0.0897276100810819,6.177754927036511,47.752636022214574,0.5646072692516413,0.0225299593605677,0.0184489070694197,0.0187653859483525,0.0118511006667333,324.4444444444444
594,330.0,0.3394765652515213,0.2059885025079346,0.1923372561397648,0.1289614481862108,0.1258412499752746,0.110942669646047,0.0992601339100925,0.1031323227078962,0.0918401355055004,0.0886428690691136,0.1927654284339576,0.0953380362282885,0.0778827653348159,0.0374054859421592,0.036277704313614,0.0258938665638044,0.0264466905081589,0.0227611283740366,0.2982577107784206,0.0,-0.0520045712091832,0.0,0.1167597477810931,0.0,9.01228193222104,47.58892343100625,0.6957495768822443,0.0897276100810819,6.177754927036511,47.752636022214574,0.5646072692516413,0.0225299593605677,0.0894773132335262,-0.0104009142418366,0.0210167546005967,330.0
604,335.55555555555554,0.3351581107020099,0.1983642913263211,0.1904747573947997,0.1350402381039183,0.1226141242965716,0.1154735050707622,0.1004439102199006,0.0997815797287517,0.0848993738656908,0.0844933520309265,0.1887271710167291,0.0884020147106832,0.0794113369213704,0.0435408770009635,0.0381200186300907,0.0408522810548539,0.0245298562750498,0.0334910874768472,-0.0773130058546312,0.0,0.0406464641369394,0.0,-0.0663135467996874,0.0,9.01228193222104,47.58892343100625,0.6957495768822443,0.0884987539515915,6.177754927036511,47.752636022214574,0.5646072692516413,0.0225299593605677,-0.0231939017563893,0.0081292928273878,-0.0119364384239437,335.55555555555554
614,341.1111111111111,0.3341059728901883,0.1961064433559617,0.1884577210539945,0.1439376629338898,0.1271786955034951,0.107959476628,0.1043034803665374,0.0813540535679931,0.1023784145905634,0.0952276838350072,0.2114658803353462,0.0977922630439564,0.0974111101655371,0.056099630422453,0.0469560415881065,0.0370675676297601,0.0298302390605378,0.0289183050491861,-0.1023752083703381,0.0,0.0297050642870481,0.0,0.1466166749202479,0.0,9.01228193222104,47.58892343100625,0.6957495768822443,0.0884987539515915,7.815168761489554,47.752636022214574,0.5646072692516413,0.0225299593605677,-0.0307125625111014,0.0059410128574096,0.0263910014856446,341.1111111111111
624,346.66666666666663,0.3306117242870365,0.1944455581871675,0.1937756011624477,0.1301758051736051,0.1231841976598525,0.1073810323879742,0.1010237714410885,0.090827781541157,0.0936606748974124,0.0859702530849763,0.2093420129071466,0.0999200408892669,0.0802759968929018,0.0443710065314893,0.0443095427447243,0.0341368109031789,0.0247364269764186,0.0289283547566419,0.0340028703718708,0.0,-0.0153473592234088,0.0,-0.1196746306867587,0.0,9.01228193222104,47.58892343100625,0.6957495768822443,0.0884987539515915,7.815168761489554,52.75993161576665,0.5646072692516413,0.0225299593605677,0.0102008611115612,-0.0030694718446817,-0.0215414335236165,346.66666666666663
634,352.22222222222223,0.3277205031479332,0.2060319152180368,0.1868705413225369,0.1268434630657161,0.1291273292299077,0.1022737264405799,0.0960089427946664,0.0933488076875075,0.0966237913372372,0.0881855393871605,0.2426827524606804,0.1144297133090429,0.0898606458129603,0.0511172840469279,0.0488945431492725,0.031072481712387,0.0365735751027343,0.0214640635593137,-0.0505881476005021,0.0,0.0378401861505162,0.0,-0.0667826120366208,0.0,9.01228193222104,47.58892343100625,0.6957495768822443,0.0884987539515915,7.815168761489554,52.75993161576665,0.6352900487625577,0.0225299593605677,-0.0151764442801506,0.0075680372301032,-0.0120208701665917,352.22222222222223
644,357.77777777777777,0.3377533616759636,0.2010519394253442,0.1877881997955408,0.1345884963009739,0.1209216984061813,0.1136635152883167,0.1038514743722245,0.0930655141289609,0.097616770982896,0.0924907912601889,0.2447609189605785,0.1143995288850976,0.0946653679068958,0.0563358204905468,0.0498408849170203,0.0338572884137122,0.0341460400035632,0.03427896021826,-0.0236907397058954,0.0,0.1720853797851113,0.0,0.0098370937117722,0.0,9.01228193222104,47.58892343100625,0.6957495768822443,0.0884987539515915,7.815168761489554,52.75993161576665,0.6352900487625577,0.0226182028752553,-0.0071072219117686,0.0344170759570222,0.001770676868119,357.77777777777777
654,363.3333333333333,0.2987750909412345,0.1947379586300654,0.174345171991878,0.1190530074134348,0.1248553490288608,0.0967412796456806,0.1014822428117047,0.0846082781474186,0.0851646209216828,0.086133032521973,0.2319365121975093,0.1177332333146793,0.101257662133109,0.052056325049898,0.0476588821283176,0.0396203769691101,0.02635306826672,0.0278396870745625,-0.2409811283985699,0.0,0.047260258074531,0.0,0.0522014256362217,0.0,7.8090030950022,47.58892343100625,0.6957495768822443,0.0884987539515915,7.815168761489554,52.75993161576665,0.6352900487625577,0.0226182028752553,-0.0722943385195709,0.0094520516149062,0.0093962566145199,363.3333333333333
664,368.88888888888886,0.3234312064777056,0.1937258333304861,0.1715587498299567,0.1314485329937167,0.1133428510259474,0.1034735778989301,0.0951499532357038,0.0867992049597051,0.0952159442317188,0.0875339126428631,0.2445621370366963,0.1185439244290784,0.1028229311915375,0.0502671834237131,0.0375719910793383,0.0290783836214525,0.0366240392391703,0.0286083566571038,-0.0674056834431921,0.0,0.0952443295497047,0.0,0.0806348463256941,0.0,7.8090030950022,44.79127923659047,0.6957495768822443,0.0884987539515915,7.815168761489554,52.75993161576665,0.6352900487625577,0.0226182028752553,-0.0202217050329576,0.0190488659099409,0.0145142723386249,368.88888888888886
674,374.4444444444444,0.2729870589049215,0.1716830373272409,0.1508383020490295,0.1139508407433073,0.113196934554552,0.1016658814232529,0.0951604288349869,0.0950978513750178,0.0921603953729676,0.0867574179690527,0.2450670830897371,0.1105538830492571,0.0952320490879879,0.0545117138036876,0.0431476508060492,0.0296168082465041,0.0278059767627368,0.0285034838714567,-0.132247595288339,0.0,0.0304689862716291,0.0,-0.0632399965255002,0.0,7.8090030950022,44.79127923659047,0.5804996596207963,0.0884987539515915,7.815168761489554,52.75993161576665,0.6352900487625577,0.0226182028752553,-0.0396742785865017,0.0060937972543258,-0.01138319937459,374.4444444444444
684,380.0,0.2323003510980013,0.1200667717211032,0.0902511575603979,0.0453116872203,0.0440298370638702,0.0260327840162665,0.0272877887405032,0.0175681173142392,0.0175752734070933,0.0241398841413664,0.2276535956881675,0.1159107021029046,0.093692936005775,0.053639456427211,0.036003765183507,0.0240729570027157,0.0347380657654831,0.0351905954876027,-0.0505691204782016,0.0,0.033115410737416,0.0,-0.1463470143479603,0.0,7.8090030950022,44.79127923659047,0.5804996596207963,0.0145056140897618,7.815168761489554,52.75993161576665,0.6352900487625577,0.0226182028752553,-0.0151707361434604,0.0066230821474832,-0.0263424625826328,380.0
694,385.55555555555554,0.2348567230546989,0.1111043637849274,0.1064038658725349,0.0550155092521815,0.038052537195568,0.0289534618649157,0.0167046204311892,0.0189197202651974,0.0193045161332453,0.0195966921882696,0.2595842861838592,0.1253350026325039,0.1097024208537187,0.0551344355826,0.0496001875505533,0.0275811477030068,0.0390065897241116,0.0257985535703683,-0.0353573982144571,0.0,-0.1194644799005072,0.0,0.1449417009640166,0.0,7.8090030950022,44.79127923659047,0.5804996596207963,0.0145056140897618,8.903484153146465,52.75993161576665,0.6352900487625577,0.0226182028752553,-0.0106072194643371,-0.0238928959801014,0.0260895061735229,385.55555555555554
704,391.1111111111111,0.2366541233194815,0.1142019556469296,0.0860280607095468,0.0459514276358307,0.0563718158896178,0.0269928225266913,0.0173292777082465,0.0277197468886003,0.0175859027796326,0.014490128969552,0.2711623577115499,0.130673693361158,0.1191657472202036,0.0733717639315558,0.0532758311020585,0.0432502650024427,0.0360753297137807,0.0248363780359718,-0.1404233310298182,0.0,-0.1032385927796413,0.0,-0.0596636800597444,0.0,7.8090030950022,44.79127923659047,0.5804996596207963,0.0145056140897618,8.903484153146465,44.300080747117605,0.6352900487625577,0.0226182028752553,-0.0421269993089454,-0.0206477185559282,-0.0107394624107539,391.1111111111111
714,396.6666666666666,0.2147294722269329,0.1056468554818981,0.0851150791961087,0.053905321553094,0.0381596647399,0.036392537411749,0.0286846071322312,0.020997643225042,0.0165753811466536,0.0193982241207221,0.279240966627971,0.1446299480694296,0.1236459341807058,0.0723796742280612,0.0525277582554872,0.0429054626392627,0.0343498257742205,0.0249367427497876,-0.0987935544381867,0.0,0.0103198482364542,0.0,0.1710797669981911,0.0,7.8090030950022,44.79127923659047,0.5804996596207963,0.0145056140897618,8.903484153146465,44.300080747117605,0.6343530325222569,0.0226182028752553,-0.029638066331456,0.0020639696472908,0.0307943580596743,396.6666666666666
724,402.2222222222222,0.228536552886243,0.1105690558774361,0.0921959241576618,0.0535316353021779,0.0439449099371006,0.0198312033016781,0.0221500116831963,0.0145012614743012,0.0136745222360342,0.0228132069525037,0.2808854767929355,0.1604747978325256,0.1423590348693366,0.0811711254033547,0.0832529281527677,0.0596872207327794,0.0545563326907534,0.0498321956081065,0.0560371259061412,0.0,-0.0002084706268667,0.0,-0.0791428267191699,0.0,7.8090030950022,44.79127923659047,0.5804996596207963,0.0145056140897618,8.903484153146465,44.300080747117605,0.6343530325222569,0.0450630122218605,0.0168111377718423,-4.169412537334704e-05,-0.0142457088094505,402.2222222222222
734,407.77777777777777,0.249603129832457,0.1232505942391462,0.1144771448831633,0.0619889752915681,0.0494195921436887,0.0360188586398251,0.0285411685679174,0.0194148230963776,0.0236224798090399,0.0148539951270563,0.2880870036283731,0.1627527822013652,0.128549081484265,0.0863272165672378,0.0816008305802691,0.0553390503287913,0.0679212821918518,0.0452048383275196,0.1187128372186721,0.0,0.0940060970274808,0.0,0.0810969893735907,0.0,9.197046483678411,44.79127923659047,0.5804996596207963,0.0145056140897618,8.903484153146465,44.300080747117605,0.6343530325222569,0.0450630122218605,0.0356138511656016,0.0188012194054961,0.0145974580872463,407.77777777777777
744,413.3333333333333,0.2318236494221418,0.1074517917794684,0.1051102604210325,0.0538952709341142,0.0514109760393818,0.0269168190694983,0.0283388660808787,0.0253519941686696,0.0189261413149953,0.0215801254996347,0.2893964959185343,0.1590954562112579,0.1466311783121235,0.0983230469415921,0.0799766030705476,0.0721833796483818,0.0555340723884516,0.0495113747107064,0.0700354290522139,0.0,0.0232618897639139,0.0,-0.052996041541686,0.0,9.197046483678411,53.24429476676907,0.5804996596207963,0.0145056140897618,8.903484153146465,44.300080747117605,0.6343530325222569,0.0450630122218605,0.0210106287156641,0.0046523779527827,-0.0095392874775034,413.3333333333333
754,418.88888888888886,0.2197683485746927,0.1071719097396612,0.096465134896634,0.0457105033365807,0.0499971849811243,0.026685801895618,0.0316142869478375,0.0135680594859762,0.0114951418670894,0.0245551601642342,0.2886021373781091,0.1665261195990861,0.1404407904447806,0.0936433478113489,0.0854853601718106,0.054092298710196,0.0580760317514443,0.04612347655882,-0.0046278387616521,0.0,-0.0639482862257992,0.0,0.0170836874309451,0.0,9.197046483678411,53.24429476676907,0.5263231631616612,0.0145056140897618,8.903484153146465,44.300080747117605,0.6343530325222569,0.0450630122218605,-0.0013883516284956,-0.0127896572451598,0.0030750637375701,418.88888888888886
764,424.4444444444444,0.2908761661957852,0.1884083000568922,0.1961605368563095,0.1595008980045123,0.155352273115732,0.1279165666983416,0.1425670578910466,0.1292106445461888,0.1257229575132371,0.1300810607869734,0.2902391583001937,0.1611639762356695,0.1444722498242491,0.0904297171845081,0.0799604731339149,0.0581745551870885,0.0591914572650317,0.0503848588530569,-0.0555470111314663,0.0,0.1272004668036176,0.0,0.0198772396211877,0.0,9.197046483678411,53.24429476676907,0.5263231631616612,0.1267611481311829,8.903484153146465,44.300080747117605,0.6343530325222569,0.0450630122218605,-0.0166641033394399,0.0254400933607235,0.0035779031318137,424.4444444444444
774,430.0,0.2855781257770503,0.193603954198083,0.1867726007278241,0.155063038639219,0.146862754630262,0.1378201356520742,0.1383657656103148,0.1309556794804226,0.1216282367786334,0.1246492773080462,0.2877413871201289,0.1578063416685143,0.1445703525412962,0.0825110452618065,0.087233153789755,0.0594488070519491,0.0586366404551355,0.0490868074573517,0.0083893833260676,0.0,-0.1219995992107976,0.0,0.1118426618413928,0.0,9.197046483678411,53.24429476676907,0.5263231631616612,0.1267611481311829,8.834844513434938,44.300080747117605,0.6343530325222569,0.0450630122218605,0.0025168149978202,-0.0243999198421595,0.0201316791314507,430.0
784,435.55555555555554,0.2838374310594437,0.1995426286788008,0.1949144413310748,0.1449173575044838,0.1568341041845927,0.1450979925053175,0.129359082204286,0.1265103367920717,0.1216456385933855,0.1283879239093059,0.2651316306431334,0.1231449018094156,0.1271930884725472,0.0753964217870524,0.063953760675203,0.0609505465114807,0.0585949391887043,0.0497864470667655,0.0049877454006447,0.0,0.1290556578806685,0.0,0.0538385094663784,0.0,9.197046483678411,53.24429476676907,0.5263231631616612,0.1267611481311829,8.834844513434938,58.07833576391853,0.6343530325222569,0.0450630122218605,0.0014963236201934,0.0258111315761337,0.0096909317039481,435.55555555555554
794,441.1111111111111,0.2958208104698477,0.1882064926598652,0.186105360429457,0.1647794902729615,0.1570951316798527,0.1374297045318459,0.1315880028571777,0.1279787665855143,0.1313627216772873,0.1205998442429356,0.2638281405737078,0.1284905169604875,0.1290304597109138,0.0801427713723126,0.075435276773022,0.0519599272301733,0.0560955494346585,0.0467969773037821,0.0464862427863388,0.0,-0.1135763443386382,0.0,0.0817161194508133,0.0,9.197046483678411,53.24429476676907,0.5263231631616612,0.1267611481311829,8.834844513434938,58.07833576391853,0.6139438295718554,0.0450630122218605,0.0139458728359016,-0.0227152688677276,0.0147089015011463,441.1111111111111
804,446.6666666666666,0.2943827785282149,0.19782143966762,0.1979465866837237,0.1522911445377882,0.1525555810051932,0.1358005228033312,0.1470804349184859,0.1278887506637453,0.1371728400036959,0.1242960659282308,0.2349177762454993,0.1058006329229697,0.1093248592713491,0.0577503867233656,0.0427020274182525,0.0332837728261312,0.0336892581128497,0.0251601370555018,-0.0523007188595389,0.0,0.1063291523735408,0.0,-0.0958469512233959,0.0,9.197046483678411,53.24429476676907,0.5263231631616612,0.1267611481311829,8.834844513434938,58.07833576391853,0.6139438295718554,0.021818993064139,-0.0156902156578616,0.0212658304747081,-0.0172524512202112,446.6666666666666
814,452.2222222222222,0.2518606541861416,0.1774636762552863,0.162719810328581,0.1337097248167972,0.1379467309992044,0.1298659540151781,0.1253666420504981,0.1261553666100001,0.1275734817103143,0.1215843302666261,0.2472890299482698,0.1107680450144964,0.1059939865122825,0.0594142047392884,0.0564042639829553,0.0307353187916343,0.0364270016667187,0.0204507097482546,0.2596786890774919,0.0,-0.0397910007800427,0.0,0.0166806860134578,0.0,7.015883183898664,53.24429476676907,0.5263231631616612,0.1267611481311829,8.834844513434938,58.07833576391853,0.6139438295718554,0.021818993064139,0.0779036067232475,-0.0079582001560085,0.0030025234824224,452.2222222222222
824,457.77777777777777,0.2494675626744381,0.1821280873075584,0.1642314536523292,0.1387257664847768,0.1428426869171382,0.1338438287499045,0.1189989859955242,0.1316671918464224,0.1255618152736342,0.1247415980027142,0.2415445034345967,0.1130409618878564,0.0994453517506323,0.0537356904934938,0.0599393570072927,0.0326563857183042,0.0372961569906498,0.0207464458296123,-0.0736140616018447,0.0,0.0455664215200418,0.0,-0.0236278490113115,0.0,7.015883183898664,58.55811369489049,0.5263231631616612,0.1267611481311829,8.834844513434938,58.07833576391853,0.6139438295718554,0.021818993064139,-0.0220842184805534,0.0091132843040083,-0.004253012822036,457.77777777777777
834,463.3333333333333,0.2779988753931364,0.190415464618504,0.1728846767396286,0.1416625733587255,0.1423873057655733,0.1335855134492346,0.1324524355368382,0.1240792333044655,0.1329230760454736,0.1313073986907902,0.2433840097257341,0.1090884840065767,0.096688705360293,0.0578466746727009,0.0508980145083163,0.0315143492100473,0.0440903931484329,0.0177657609763497,0.0217191773402601,0.0,-0.1379663042335497,0.0,-0.0810870687671834,0.0,7.015883183898664,58.55811369489049,0.6104652975334527,0.1267611481311829,8.834844513434938,58.07833576391853,0.6139438295718554,0.021818993064139,0.006515753202078,-0.0275932608467099,-0.014595672378093,463.3333333333333
844,468.88888888888886,0.2047498960857353,0.0946581106816659,0.0889398696427229,0.048109114304092,0.038961946958839,0.021670229721275,0.032493803271678,0.0318113070076351,0.0271386273626132,0.0252776329771524,0.2483440521052324,0.1087497991910153,0.1036482939264451,0.0586821994791497,0.0516692618457127,0.031861543727341,0.0323844917826564,0.0260555608964458,0.0236492598730265,0.0,-0.0252526946809286,0.0,-0.143456326329975,0.0,7.015883183898664,58.55811369489049,0.6104652975334527,0.0270828747673367,8.834844513434938,58.07833576391853,0.6139438295718554,0.021818993064139,0.0070947779619079,-0.0050505389361857,-0.0258221387393955,468.88888888888886
854,474.4444444444444,0.2065504236327242,0.0888776898844427,0.08332459212199,0.0545040840704309,0.0403197580782743,0.0301744510667413,0.0268507531509683,0.0348551574363213,0.0352577598182787,0.0329877527661749,0.2368437742201952,0.1117491175425153,0.0954335722150119,0.0426344770842719,0.0538256974485232,0.0305841658024623,0.0320088962488923,0.0199562122685606,-0.0211123746815454,0.0,0.0356145792271537,0.0,0.0237430072801073,0.0,7.015883183898664,58.55811369489049,0.6104652975334527,0.0270828747673367,8.65217068258941,58.07833576391853,0.6139438295718554,0.021818993064139,-0.0063337124044636,0.0071229158454307,0.0042737413104193,474.4444444444444
864,480.0,0.2070934683955774,0.1004843712384483,0.085485158289057,0.0443352063834298,0.0577935567092816,0.0347683897668893,0.0324966487110016,0.0320637401605049,0.024263760107487,0.0283007640500848,0.2450487164703466,0.1247986912472851,0.1050383656851953,0.0641111718242723,0.0480358110945956,0.0285097784271689,0.0342308249960587,0.0262065683179578,0.0555236128051151,0.0,0.0892451629980893,0.0,-0.0969366351388208,0.0,7.015883183898664,58.55811369489049,0.6104652975334527,0.0270828747673367,8.65217068258941,52.83143410444961,0.6139438295718554,0.021818993064139,0.0166570838415345,0.0178490325996178,-0.0174485943249877,480.0
874,485.55555555555554,0.2153064191853019,0.0950949989945376,0.0868548492473634,0.0538379134030742,0.0451128468623706,0.0385724840923484,0.0347043426742179,0.0252601201762957,0.0329949880096548,0.0209631116740772,0.2431766852520656,0.1174720499743396,0.1068283143082684,0.0568836996111728,0.0527024551174613,0.0371636555024913,0.0340185471829251,0.0154191967705748,0.0405519247139874,0.0,0.0529379170081726,0.0,-0.0846004081155399,0.0,7.015883183898664,58.55811369489049,0.6104652975334527,0.0270828747673367,8.65217068258941,52.83143410444961,0.6139388548947615,0.021818993064139,0.0121655774141962,0.0105875834016345,-0.0152280734607971,485.55555555555554
884,491.1111111111111,0.2132711453537902,0.0978278314154747,0.0829231113424866,0.0524442193122773,0.051464210883242,0.0311555381598035,0.0266723930585034,0.0285761590226433,0.0266317578752878,0.0296559731883241,0.2616909980474222,0.1452825834613759,0.1340016779529677,0.0890512393060444,0.0861350891105097,0.0638744722635765,0.0572547833138547,0.0445037281308472,0.1238234252191818,0.0,0.0326776476574639,0.0,0.0384845465791805,0.0,7.015883183898664,58.55811369489049,0.6104652975334527,0.0270828747673367,8.65217068258941,52.83143410444961,0.6139388548947615,0.056443175419488,0.0371470275657545,0.0065355295314927,0.0069272183842525,491.1111111111111
894,496.6666666666666,0.2217307157418472,0.1093790551339105,0.0889566857851555,0.053782768784841,0.0450406485244853,0.0363876710611041,0.0314822827141058,0.0259650971008033,0.0252631172529965,0.0347418041419901,0.2647979346681965,0.1438595547816331,0.129904485664842,0.0849578618196224,0.0908574641468737,0.0680400945510716,0.067625062418433,0.0607236152111752,-0.0254062830445856,0.0,0.0047734340481461,0.0,0.1681781925693793,0.0,7.715056902902815,58.55811369489049,0.6104652975334527,0.0270828747673367,8.65217068258941,52.83143410444961,0.6139388548947615,0.056443175419488,-0.0076218849133756,0.0009546868096292,0.0302720746624882,496.6666666666666
904,502.2222222222222,0.243459769570481,0.1272217178100818,0.1013131819318166,0.0666385961313281,0.0542610603699033,0.0397307550349012,0.0402017134646705,0.0321374669524947,0.0272406642099286,0.035111919571024,0.2646348773910001,0.1385589908255135,0.1286120758638427,0.0877082798116401,0.0885442363189747,0.0676866955814799,0.0664873747571674,0.0610258881254505,-0.023453256147934,0.0,0.1021803963486598,0.0,-0.0284558088392347,0.0,7.715056902902815,44.789784253636896,0.6104652975334527,0.0270828747673367,8.65217068258941,52.83143410444961,0.6139388548947615,0.056443175419488,-0.0070359768443802,0.0204360792697319,-0.0051220455910622,502.2222222222222
914,507.77777777777777,0.1899995339771048,0.1093435087838114,0.0882767381080746,0.0516933504919327,0.0451016231109045,0.0347320385840598,0.0319995175259293,0.0363807387731584,0.0285868353744761,0.0263851762468581,0.2584663624571956,0.149126776498015,0.1408607544949589,0.0892979485965339,0.0838311508394514,0.070206330719257,0.0622249623303543,0.0569613405143259,-0.051377102048996,0.0,-0.0736855165862642,0.0,0.099349413233231,0.0,7.715056902902815,44.789784253636896,0.5076114573382479,0.0270828747673367,8.65217068258941,52.83143410444961,0.6139388548947615,0.056443175419488,-0.0154131306146988,-0.0147371033172528,0.0178828943819815,507.77777777777777
924,513.3333333333333,0.2665359731827193,0.1903151706251369,0.1828103185976179,0.1565209216110188,0.1475926721178585,0.1429163299432778,0.1467783470754977,0.1339615668093754,0.1389489163672722,0.1329736202705119,0.2668212237621543,0.1457620476387067,0.1319000236627534,0.0816984343261494,0.0837193073576635,0.0725950776616159,0.0609897988718401,0.0485278720004757,-0.0271299761272433,0.0,0.213716385789536,0.0,0.1476845844528206,0.0,7.715056902902815,44.789784253636896,0.5076114573382479,0.1314328212163906,8.65217068258941,52.83143410444961,0.6139388548947615,0.056443175419488,-0.008138992838173,0.0427432771579072,0.0265832252015077,513.3333333333333
934,518.8888888888889,0.2581184704662007,0.1973914029561358,0.1725153353337044,0.1552240756409878,0.1565559312078318,0.1428280087275538,0.1406939059932697,0.1383490983999148,0.1234200080456217,0.1294857399429053,0.2510108342438009,0.1360754068820084,0.1232410933961633,0.0784436887285759,0.0693613857346785,0.0638827661624905,0.0651638207239535,0.0637065474769042,-0.0889390656751279,0.0,-0.0377049477347529,0.0,0.093699865255201,0.0,7.715056902902815,44.789784253636896,0.5076114573382479,0.1314328212163906,7.403190650442289,52.83143410444961,0.6139388548947615,0.056443175419488,-0.0266817197025384,-0.0075409895469505,0.0168659757459361,518.8888888888889
944,524.4444444444445,0.2706944814791359,0.1976474830355006,0.184510696568935,0.1467514024950876,0.1518075570365984,0.1326748369245934,0.1410261144150182,0.1375944732291152,0.1341612535221109,0.1302608990327846,0.2467452826203066,0.1332472488349827,0.1151056856259564,0.0892319123755676,0.0756823792230984,0.0602820931614872,0.0594918470519936,0.0671702613016185,0.081475219451882,0.0,0.0327550381463952,0.0,0.0254094683202585,0.0,7.715056902902815,44.789784253636896,0.5076114573382479,0.1314328212163906,7.403190650442289,50.95270398427471,0.6139388548947615,0.056443175419488,0.0244425658355646,0.006551007629279,0.0045737042976465,524.4444444444445
954,530.0,0.2759062149692388,0.1983551056362522,0.1785441018471426,0.153662424156145,0.1506483656110281,0.1412171291888454,0.1385094101696571,0.1391214636630981,0.1292758047879239,0.1392619524111641,0.2264521213176482,0.1319956749264116,0.1117204611577209,0.073581855128317,0.0740010058081,0.0609828149219469,0.0714223823562267,0.0508720311662946,0.1074861199412589,0.0,-0.0061422660333069,0.0,0.0537162837061429,0.0,7.715056902902815,44.789784253636896,0.5076114573382479,0.1314328212163906,7.403190650442289,50.95270398427471,0.564432661956045,0.056443175419488,0.0322458359823776,-0.0012284532066613,0.0096689310671057,530.0
964,535.5555555555555,0.2666964742060146,0.1947005679854959,0.1827035845295441,0.1615441844669534,0.1504172146550129,0.1422893310428194,0.1347250688941285,0.1353571793216795,0.1335078480309914,0.1352932862196811,0.2655357314231258,0.1746158132168891,0.1664453337838641,0.1332192886919436,0.1343989142721609,0.1226693672635073,0.1087698138693509,0.1078727173052452,-0.1056436278766647,0.0,-0.0619726216411375,0.0,0.0489007612215297,0.0,7.715056902902815,44.789784253636896,0.5076114573382479,0.1314328212163906,7.403190650442289,50.95270398427471,0.564432661956045,0.1126987379782391,-0.0316930883629994,-0.0123945243282275,0.0088021370198753,535.5555555555555
974,541.1111111111111,0.2609074880730658,0.1808460193065151,0.1702859024726288,0.1408716567661928,0.144194071032751,0.1377613249244593,0.1345772782194997,0.1329619216569896,0.1383517478654537,0.1346938824948924,0.2648213542343277,0.1712203630169067,0.1591765513532911,0.1314515474310057,0.1305839354529856,0.1131745777304914,0.1147870267641209,0.1178441791531716,-0.0286736171580076,0.0,-0.0613398506444,0.0,-0.0052093484484444,0.0,6.480629986565633,44.789784253636896,0.5076114573382479,0.1314328212163906,7.403190650442289,50.95270398427471,0.564432661956045,0.1126987379782391,-0.0086020851474022,-0.01226797012888,-0.0009376827207199,541.1111111111111
984,546.6666666666666,0.2495570456324699,0.1769618141714977,0.1699702154361694,0.1472372056840831,0.1450171300996047,0.1400774662360914,0.137153305582153,0.1280114902474984,0.1296284782818222,0.1287237254937128,0.2656217442361283,0.1783751787169478,0.1590021243582082,0.1418746091878156,0.1265912432982057,0.1157252330681117,0.1146844982272257,0.1147067804471192,0.0133330846002626,0.0,0.0573191843522365,0.0,-0.0827448390881568,0.0,6.480629986565633,47.44370545130408,0.5076114573382479,0.1314328212163906,7.403190650442289,50.95270398427471,0.564432661956045,0.1126987379782391,0.0039999253800787,0.0114638368704473,-0.0148940710358682,546.6666666666666
994,552.2222222222222,0.2456924962526313,0.1838597954811063,0.1681559151339699,0.1492681659278101,0.1495010763101851,0.1374740448474766,0.1372855633411011,0.1326552713708602,0.135126292134942,0.1286047029885133,0.2603514257402667,0.1773161160018268,0.1652618701370062,0.1254033500157311,0.1272827535442028,0.1143311846501655,0.1279526463345112,0.1106139547413003,-0.0485409922102777,0.0,0.0538812938826319,0.0,0.1876486730205399,0.0,6.480629986565633,47.44370545130408,0.5060700588768223,0.1314328212163906,7.403190650442289,50.95270398427471,0.564432661956045,0.1126987379782391,-0.0145622976630833,0.0107762587765263,0.0337767611436971,552.2222222222222
1004,557.7777777777777,0.1625538732967461,0.0895881823581241,0.0705852196647579,0.0405212486525733,0.0279123270168049,0.0319869999140492,0.0204962623405281,0.0163199422637833,0.0204427197969861,0.0205578249067922,0.267217231957398,0.1762584776692179,0.1641530183906101,0.1405845328848328,0.12566085495911,0.1203252919079113,0.1156434813312928,0.1250734450261617,-0.0664941209685354,0.0,0.0559818343080395,0.0,-0.0120487146751125,0.0,6.480629986565633,47.44370545130408,0.5060700588768223,0.0184338153307514,7.403190650442289,50.95270398427471,0.564432661956045,0.1126987379782391,-0.0199482362905606,0.0111963668616079,-0.0021687686415202,557.7777777777777
1014,563.3333333333333,0.1731866956095272,0.0798044965114621,0.0657608586577929,0.0448783907663062,0.0306649285190087,0.0192860441291399,0.0327480157504249,0.0236663473524785,0.0099794153409228,0.0200042685270895,0.2904396496461824,0.1901915103923351,0.180339829558031,0.1359335579219421,0.1305564383158485,0.1277704163231056,0.1237201166429689,0.1144696563449668,-0.105190086875574,0.0,0.124782268150432,0.0,0.0433002682316099,0.0,6.480629986565633,47.44370545130408,0.5060700588768223,0.0184338153307514,8.901444706192104,50.95270398427471,0.564432661956045,0.1126987379782391,-0.0315570260626722,0.0249564536300864,0.0077940482816897,563.3333333333333
1024,568.8888888888889,0.1723124072655753,0.0818968238857213,0.054401227510769,0.0282605736513223,0.0379006306503511,0.0261911541018268,0.0303681676351538,0.0280474638408662,0.0242275594192976,0.0187377845441104,0.2867269242127875,0.1824883154783504,0.1743583612740287,0.143420375514482,0.1416578657764951,0.1187182019727229,0.1171483459771637,0.1051386534707508,-0.0203401444796295,0.0,-0.0613432671142138,0.0,0.0738060807271273,0.0,6.480629986565633,47.44370545130408,0.5060700588768223,0.0184338153307514,8.901444706192104,53.15521460077029,0.564432661956045,0.1126987379782391,-0.0061020433438888,-0.0122686534228427,0.0132850945308829,568.8888888888889
1034,574.4444444444445,0.1767690026941819,0.0895052648088011,0.0654284008971753,0.0358314307617032,0.0326846105566754,0.0246165835151605,0.0166775499407717,0.0239391172138765,0.0179339065518142,0.0254725642108688,0.2983342286755698,0.1847227467968768,0.1819287648720675,0.1403713797082706,0.1446615708518254,0.1312446366712831,0.1243608704824244,0.1120917402898562,0.1255671274433801,0.0,0.0981945012801409,0.0,-0.011770317577648,0.0,6.480629986565633,47.44370545130408,0.5060700588768223,0.0184338153307514,8.901444706192104,53.15521460077029,0.5856440492778963,0.1126987379782391,0.037670138233014,0.0196389002560281,-0.0021186571639766,574.4444444444445
1044,580.0,0.1663251262626811,0.0798700772411789,0.0630491058064505,0.0362042645249785,0.0297783564866394,0.0305834703863971,0.0157794188523126,0.0230369550813196,0.0173338512002055,0.0181523712139723,0.269603647004025,0.1589342748151162,0.1517151598753001,0.104605724631422,0.101699136523337,0.0890007642552156,0.0944342944220018,0.0763947419805693,0.2099435448817264,0.0,-0.1813292058741835,0.0,0.0200945788153279,0.0,6.480629986565633,47.44370545130408,0.5060700588768223,0.0184338153307514,8.901444706192104,53.15521460077029,0.5856440492778963,0.078561016186572,0.0629830634645179,-0.0362658411748367,0.003617024186759,580.0
1054,585.5555555555555,0.2148941031579959,0.1162828335610621,0.106116729559775,0.0681555443601379,0.0447463803451333,0.0384496270689419,0.0361634029325866,0.0227661649089647,0.0231611236597053,0.0258424525313486,0.2719350149714367,0.1643072186568936,0.1549311855927236,0.1045946993793557,0.0976234839271298,0.0904871690247097,0.0904080679244968,0.0891189099389979,0.0702195221243947,0.0,0.0670525756613858,0.0,0.1004884895679841,0.0,9.192989467407278,47.44370545130408,0.5060700588768223,0.0184338153307514,8.901444706192104,53.15521460077029,0.5856440492778963,0.078561016186572,0.0210658566373184,0.0134105151322771,0.0180879281222371,585.5555555555555
1064,591.1111111111111,0.2139950482175,0.1111860534425702,0.1022990597211877,0.0590397215956465,0.0493932025753316,0.0390513123506381,0.0364621638804265,0.0257986027120826,0.0163472178607964,0.0245495019568243,0.2791192790325478,0.1568501556996048,0.1450075336852452,0.1098797584058648,0.1021069670141273,0.0867412895018091,0.0898040039896039,0.0806578081434257,0.1154920338357823,0.0,0.0064762348609275,0.0,0.1367455348481354,0.0,9.192989467407278,46.88421333992052,0.5060700588768223,0.0184338153307514,8.901444706192104,53.15521460077029,0.5856440492778963,0.078561016186572,0.0346476101507347,0.0012952469721855,0.0246141962726643,591.1111111111111
1074,596.6666666666666,0.2588512151410629,0.1322057113580086,0.1195273589303258,0.0681710824319693,0.0506418349472038,0.0328432830340611,0.0353765334563688,0.0183093510315431,0.0204124963652938,0.0152368767542845,0.2766148052971435,0.1622498252818987,0.1484415281421946,0.1071456220610389,0.1075747541193961,0.0897285046690758,0.0887129533196457,0.083068254464315,-0.1162041047674412,0.0,0.0317421720354633,0.0,0.0575565715600261,0.0,9.192989467407278,46.88421333992052,0.6180581964579429,0.0184338153307514,8.901444706192104,53.15521460077029,0.5856440492778963,0.078561016186572,-0.0348612314302323,0.0063484344070926,0.0103601828808046,596.6666666666666
1084,602.2222222222222,0.3103740274610762,0.2027479499452765,0.1848807673561948,0.1404129834190679,0.1370486626444237,0.1136505008816775,0.1148561128876565,0.1074984489125408,0.1066879194443525,0.1018346453326177,0.272249515227123,0.1588482395049397,0.1461549660815935,0.1175941665081565,0.1015274923484598,0.1000187277437631,0.0836961573333802,0.0879592432823102,-0.1247520051203825,0.0,0.1353888173091244,0.0,0.1413323828602687,0.0,9.192989467407278,46.88421333992052,0.6180581964579429,0.1025526560009315,8.901444706192104,53.15521460077029,0.5856440492778963,0.078561016186572,-0.0374256015361147,0.0270777634618248,0.0254398289148483,602.2222222222222
1094,607.7777777777777,0.3147919609511063,0.2028535966138832,0.1907489192374228,0.1453923170181964,0.1323351069550093,0.1273434048611478,0.116115063302818,0.1031663906050811,0.1007248214133876,0.1008546006467752,0.2409195857438527,0.1416072482267463,0.1331744070297548,0.0939946339989011,0.1012358492867547,0.0763759746895252,0.0804564152887063,0.0849326208553351,-0.0714462622613767,0.0,0.1199063948842324,0.0,-0.0132995337045467,0.0,9.192989467407278,46.88421333992052,0.6180581964579429,0.1025526560009315,7.066241331070536,53.15521460077029,0.5856440492778963,0.078561016186572,-0.021433878678413,0.0239812789768464,-0.0023939160668184,607.7777777777777
1104,613.3333333333333,0.3136333401890159,0.197163692307951,0.1887511743592699,0.1493493707018974,0.135437213875051,0.1141572480286963,0.1141210129018422,0.1025681250660309,0.1057478886099945,0.10383408283841,0.2394506894704826,0.1527953359192306,0.1359684962109957,0.1065881050564808,0.0977732465575062,0.0863445895653424,0.0831771109704817,0.0828032900784981,0.005404751243407,0.0,-0.0837931337862807,0.0,-0.0004767696891822,0.0,9.192989467407278,46.88421333992052,0.6180581964579429,0.1025526560009315,7.066241331070536,50.3819697299198,0.5856440492778963,0.078561016186572,0.0016214253730221,-0.0167586267572561,-8.581854405280081e-05,613.3333333333333
1114,618.8888888888888,0.3213564612676235,0.2120491806896217,0.1950603071371511,0.1429660443105342,0.1363065245313777,0.1193479965938198,0.1096152618854383,0.1043350088846316,0.1166884801177515,0.1020628679012932,0.2564805183734915,0.1562665367838242,0.1302930312330279,0.1067807303040208,0.1005912282708794,0.0841726375999567,0.0784658326030477,0.0850114632921322,0.1626577088166807,0.0,0.0976465616549302,0.0,0.0166150810525974,0.0,9.192989467407278,46.88421333992052,0.6180581964579429,0.1025526560009315,7.066241331070536,50.3819697299198,0.6530494766557045,0.078561016186572,0.0487973126450042,0.019529312330986,0.0029907145894675,618.8888888888888
1124,624.4444444444445,0.307741054790676,0.2076256521062596,0.1970111465200973,0.1490097585336521,0.1423380640463731,0.1171905358476905,0.1158641915391383,0.1054677582279858,0.1188164575350684,0.100927508388418,0.3033554454708748,0.2113024571661342,0.1882596790083555,0.1562150591662706,0.1542231536690776,0.1465062617332743,0.1416087831979002,0.1360552013352482,-0.1182487124851788,0.0,0.009694166184322,0.0,-0.0146621837629966,0.0,9.192989467407278,46.88421333992052,0.6180581964579429,0.1025526560009315,7.066241331070536,50.3819697299198,0.6530494766557045,0.1363768970985825,-0.0354746137455536,0.0019388332368644,-0.0026391930773393,624.4444444444445
1134,630.0,0.2679493722807491,0.1703660041098347,0.1568429630525974,0.1268708108866962,0.1177198586415178,0.1094490854569888,0.1076249356534625,0.1033933820960556,0.1035520572118486,0.105536467632383,0.3096515599851425,0.2120109299808491,0.1824560690072774,0.170007260674239,0.1508358966204868,0.1452824731158699,0.1382490196927852,0.1358791168596572,-0.2712037724709424,0.0,-0.0673611691287003,0.0,0.1049982294966567,0.0,6.88339928984581,46.88421333992052,0.6180581964579429,0.1025526560009315,7.066241331070536,50.3819697299198,0.6530494766557045,0.1363768970985825,-0.0813611317412827,-0.01347223382574,0.0188996813093982,630.0
1144,635.5555555555555,0.2558504555564511,0.1604575432803728,0.1401767250520523,0.1187307296021759,0.1229960618299635,0.1042797430007061,0.103303451094358,0.1031498389468055,0.1022742961401057,0.094485333505447,0.2987394363641021,0.2026634628234561,0.195795052200241,0.1535001865989232,0.1506414901894449,0.1405107610491225,0.142526482053561,0.1399021598250011,0.0175095549069201,0.0,-0.1293861554825582,0.0,-0.0002956646299239,0.0,6.88339928984581,58.66838784614857,0.6180581964579429,0.1025526560009315,7.066241331070536,50.3819697299198,0.6530494766557045,0.1363768970985825,0.005252866472076,-0.0258772310965116,-5.321963338631342e-05,635.5555555555555
1154,641.1111111111111,0.2351053275433007,0.1481812110437781,0.1361431213917707,0.1139006262600958,0.1025016463845352,0.1107124518766208,0.117109161173862,0.1121600458401771,0.1062666870674793,0.1017883689889771,0.3007267019087032,0.2100697876303854,0.194379878344105,0.1515697840620511,0.1587602886671328,0.1424595967762425,0.1457407053909421,0.1433390562877884,-0.0300523081629465,0.0,-0.0727044071568905,0.0,-0.0964512076602928,0.0,6.88339928984581,58.66838784614857,0.5010357731630865,0.1025526560009315,7.066241331070536,50.3819697299198,0.6530494766557045,0.1363768970985825,-0.0090156924488839,-0.0145408814313781,-0.0173612173788527,641.1111111111111
1164,646.6666666666666,0.2302384505544876,0.1638518830694494,0.1457717539628298,0.1211922482007981,0.1248430932115016,0.1253046271655012,0.1268715227858852,0.1178382618498851,0.120740290365389,0.1135350751095135,0.3095288937437233,0.2074347251377596,0.1944601015646283,0.1556400018669282,0.1481741137986638,0.1464256228098298,0.1495047382123271,0.1396426922789795,0.0741350430974025,0.0,-0.0868377588146035,0.0,-0.1615972122597975,0.0,6.88339928984581,58.66838784614857,0.5010357731630865,0.112946625539663,7.066241331070536,50.3819697299198,0.6530494766557045,0.1363768970985825,0.0222405129292207,-0.0173675517629207,-0.0290874982067635,646.6666666666666
1174,652.2222222222222,0.2280098729675708,0.1624186317255522,0.1526713102305083,0.1254768891268852,0.1257136938201728,0.1112636043138911,0.1193781086046913,0.1179829219706258,0.1027327411486916,0.1133058230853297,0.3329249393222639,0.2152861166314012,0.2102064030597784,0.1657066464873263,0.1554355194957667,0.1458277820240235,0.1382649280622284,0.1472444798600461,0.0516470078905753,0.0,0.0259982430478463,0.0,-0.1157836660386442,0.0,6.88339928984581,58.66838784614857,0.5010357731630865,0.112946625539663,8.431580490951735,50.3819697299198,0.6530494766557045,0.1363768970985825,0.0154941023671726,0.0051996486095692,-0.0208410598869559,652.2222222222222
1184,657.7777777777777,0.2227863295028143,0.1580150974816203,0.1439600626643216,0.1240007907316406,0.1183808432199604,0.1209440754557805,0.1129439765443175,0.1189004926961269,0.1142418408691541,0.1206179785021904,0.3482007657861412,0.2382309009868021,0.2152546599161255,0.18297688429068,0.16981265700973,0.1507163962242667,0.1423384551285687,0.1455163094289642,0.016434127008399,0.0,-0.1121500118102951,0.0,-0.1163729949021826,0.0,6.88339928984581,58.66838784614857,0.5010357731630865,0.112946625539663,8.431580490951735,42.73528103085163,0.6530494766557045,0.1363768970985825,0.0049302381025197,-0.022430002362059,-0.0209471390823928,657.7777777777777
1194,663.3333333333333,0.229285344731174,0.1590355837017422,0.1514074884681245,0.128493048190315,0.1251313880836137,0.116498883399242,0.1130663375330335,0.1268805902459702,0.1189150640861433,0.116242461608546,0.3124919041621327,0.219531885861111,0.2091795859573163,0.1700287196467619,0.1691341348759962,0.1436784758826172,0.1459741306338032,0.136754001000308,-0.0965623111098647,0.0,0.0328450621512745,0.0,0.0092220366275927,0.0,6.88339928984581,58.66838784614857,0.5010357731630865,0.112946625539663,8.431580490951735,42.73528103085163,0.583780730182637,0.1363768970985825,-0.0289686933329594,0.0065690124302549,0.0016599665929666,663.3333333333333
1204,668.8888888888888,0.2293407680058357,0.1558674337517715,0.1652056675691134,0.1296231854948736,0.1214678016407934,0.1179677721857994,0.1115516314153274,0.1129077729077168,0.1097023327373298,0.1203672290357575,0.307047991317408,0.2098202881867984,0.198512122557464,0.1625029577855648,0.1363311438816485,0.1384648795084513,0.1322917307607461,0.1179064530173646,0.0562849892006825,0.0,-0.0103023151555643,0.0,0.0060430962038338,0.0,6.88339928984581,58.66838784614857,0.5010357731630865,0.112946625539663,8.431580490951735,42.73528103085163,0.583780730182637,0.1222884416992568,0.0168854967602047,-0.0020604630311128,0.00108775731669,668.8888888888888
1214,674.4444444444445,0.2261808196024689,0.1623206614874471,0.1389590269163312,0.1177918724091809,0.128640833239559,0.1160386988721528,0.1103513021338219,0.1065931504927508,0.1108725660072084,0.1105946467088396,0.3092321009305424,0.2090259882842182,0.1939830189689962,0.1587322699074039,0.1484518689794643,0.126874764463156,0.1247042949181944,0.1332394535080313,0.1819848021211206,0.0,0.0790626867752972,0.0,0.0498981133294408,0.0,6.4456678069907545,58.66838784614857,0.5010357731630865,0.112946625539663,8.431580490951735,42.73528103085163,0.583780730182637,0.1222884416992568,0.0545954406363361,0.0158125373550594,0.0089816603992993,674.4444444444445
1224,680.0,0.2243379393085235,0.161275425677232,0.1418376768560806,0.1196897144965822,0.1260839194873896,0.1132897914563485,0.1225803074352844,0.1140191526327342,0.1071221863645461,0.1144001259184549,0.3067009251945999,0.2000553022572523,0.1954528941417471,0.1555383024371238,0.1483227955342013,0.1381897546036263,0.1371882789810991,0.1270549780282665,-0.0889430193401167,0.0,0.0906606203132138,0.0,-0.061028808416255,0.0,6.4456678069907545,52.569238957325815,0.5010357731630865,0.112946625539663,8.431580490951735,42.73528103085163,0.583780730182637,0.1222884416992568,-0.026682905802035,0.0181321240626427,-0.0109851855149259,680.0
1234,685.5555555555555,0.2748584646241388,0.182461344746672,0.1608203966179243,0.1287608307180592,0.1286658708938846,0.1197781484526844,0.1128363909701666,0.1087808434614799,0.1153614555026463,0.1177257566712466,0.2995805654746658,0.207660084840313,0.195527120108808,0.1541721827695729,0.1531789089597256,0.1287849939438293,0.1350553610933554,0.1304090026614367,-0.1323506800918621,0.0,0.0911118682471301,0.0,0.0321691466669066,0.0,6.4456678069907545,52.569238957325815,0.6586047316196068,0.112946625539663,8.431580490951735,42.73528103085163,0.583780730182637,0.1222884416992568,-0.0397052040275586,0.018222373649426,0.0057904464000432,685.5555555555555
1244,691.1111111111111,0.2539514304933958,0.1494243810641808,0.1321982936231895,0.0978838490264335,0.093589277515266,0.0932868502505692,0.0872711076764633,0.0729052475555007,0.084193058136928,0.0806344481508746,0.2995877135366738,0.2114451883872362,0.2005422927450058,0.1530513644256834,0.1452082305728531,0.1275611218814042,0.1341277106897533,0.1260913656221924,0.0327411479533644,0.0,0.0631950020308534,0.0,0.0918198245685702,0.0,6.4456678069907545,52.569238957325815,0.6586047316196068,0.0769505374233312,8.431580490951735,42.73528103085163,0.583780730182637,0.1222884416992568,0.0098223443860093,0.0126390004061706,0.0165275684223426,691.1111111111111
1254,696.6666666666666,0.2460161060135733,0.1502772337205938,0.1356982649141951,0.1023611272751008,0.0907931317766732,0.0810976719338841,0.0784590548144559,0.0748141255304032,0.0732578646678444,0.0725449373061133,0.3048175894687701,0.2071774520544647,0.1860257632868024,0.1597173305331398,0.1399592671191122,0.1409456105111094,0.1178434827626417,0.1223499745755354,-0.1365719870810289,0.0,-0.0231864433695798,0.0,-0.1187511038597267,0.0,6.4456678069907545,52.569238957325815,0.6586047316196068,0.0769505374233312,8.17754826165326,42.73528103085163,0.583780730182637,0.1222884416992568,-0.0409715961243086,-0.0046372886739159,-0.0213751986947508,696.6666666666666
1264,702.2222222222222,0.2491512320424101,0.1433610677943715,0.1376700002605238,0.1022901733230542,0.0935914758588363,0.0863697817204178,0.0797549130910895,0.0760715468460655,0.0721677051185835,0.0774698071245422,0.2884037821539359,0.2018327479461394,0.194323080811226,0.1530656891449999,0.1447542692289247,0.1249057088799471,0.1272669535169266,0.1293745723376578,6.802004008610554e-05,0.0,-0.1003338242475468,0.0,-0.0024760508016434,0.0,6.4456678069907545,52.569238957325815,0.6586047316196068,0.0769505374233312,8.17754826165326,44.52846965394288,0.583780730182637,0.1222884416992568,2.040601202583166e-05,-0.0200667648495093,-0.0004456891442958,702.2222222222222
1274,707.7777777777777,0.260283764709121,0.1458647401350981,0.1351852181177397,0.099397899844624,0.0917938044285267,0.0880483910336153,0.0871589606247566,0.0837593807815884,0.0794078939053497,0.0783993947333692,0.2870387992530155,0.2007958963479942,0.1813757137131308,0.156013637102991,0.148132775614186,0.1373162383100223,0.1311577605904956,0.1230380712059978,0.1101992181056809,0.0,-0.0610742750461381,0.0,-0.0279923520916377,0.0,6.4456678069907545,52.569238957325815,0.6586047316196068,0.0769505374233312,8.17754826165326,44.52846965394288,0.5397042295985346,0.1222884416992568,0.0330597654317042,-0.0122148550092276,-0.0050386233764947,707.7777777777777
1284,713.3333333333333,0.239501664134776,0.1298288327299204,0.1368219723907203,0.0996779268104904,0.0854887617390576,0.0800049283263484,0.0847799971891326,0.0792920804893048,0.077168163717427,0.0776138924596369,0.2384912810392564,0.1485088927616382,0.1243196162703025,0.0951951190272146,0.0833496057677881,0.0602312720938567,0.0617303978907685,0.0559438631944971,-0.024747163305928,0.0,-0.0624919238164902,0.0,-0.1250179291177542,0.0,6.4456678069907545,52.569238957325815,0.6586047316196068,0.0769505374233312,8.17754826165326,44.52846965394288,0.5397042295985346,0.0544690425825527,-0.0074241489917784,-0.012498384763298,-0.0225032272411957,713.3333333333333
1294,718.8888888888888,0.2702310453587629,0.16110667153745,0.1408344131496444,0.1007724569494494,0.081982663653935,0.0830041749788686,0.0799420066960488,0.0757375360178393,0.0681710558313255,0.0778626399848761,0.2365631990844342,0.1481120096648884,0.1239154517890373,0.0846172844020225,0.0816517647636716,0.0666532122672222,0.0624541272653269,0.0567460570879776,0.0452278422042627,0.0,-0.0561525586191787,0.0,0.0910719992318646,0.0,6.97409928821487,52.569238957325815,0.6586047316196068,0.0769505374233312,8.17754826165326,44.52846965394288,0.5397042295985346,0.0544690425825527,0.0135683526612788,-0.0112305117238357,0.0163929598617356,718.8888888888888
1304,724.4444444444445,0.2745488596548876,0.1629490738184136,0.1409403265522169,0.103122271142298,0.0957122965777142,0.0788552671498413,0.0832980330766966,0.0896536285933525,0.0822083277798119,0.0854090785648115,0.2406732572169973,0.1390185890350863,0.1295969878374314,0.0845399955871317,0.0868478658922348,0.0633088685083753,0.0579169973982328,0.0661570485861626,0.0919381559092504,0.0,-0.0168609799591051,0.0,-0.0399876655506745,0.0,6.97409928821487,46.92122878224957,0.6586047316196068,0.0769505374233312,8.17754826165326,44.52846965394288,0.5397042295985346,0.0544690425825527,0.0275814467727751,-0.003372195991821,-0.0071977797991214,724.4444444444445
1314,730.0,0.2832884182088436,0.1673584423128016,0.152764745816303,0.1051636688715281,0.1061679478496498,0.089981079190902,0.0838562060959894,0.0843047601782609,0.0847125827069159,0.0763825606105293,0.2442657290787937,0.1508881399201797,0.1248727147069625,0.0944076864510273,0.0771666532360402,0.064514830371542,0.0570692484533946,0.0492939432852739,0.0649321042375643,0.0,0.1469897838589693,0.0,-0.1865438700302127,0.0,6.97409928821487,46.92122878224957,0.6896248122821629,0.0769505374233312,8.17754826165326,44.52846965394288,0.5397042295985346,0.0544690425825527,0.0194796312712692,0.0293979567717938,-0.0335778966054382,730.0
1324,735.5555555555555,0.2911668691743497,0.1767423612914085,0.1613485413740491,0.1144610041675049,0.1107501198120955,0.1001151903243625,0.0854822457480018,0.0976195452030855,0.0923759682634917,0.0846223139516729,0.239934341198379,0.1499938832395526,0.1266880282942273,0.0851246201171624,0.0793811945525584,0.0593764788071868,0.0662992511679872,0.0566278789911082,-0.0014591879370597,0.0,-0.0298264028241695,0.0,0.0592513194595791,0.0,6.97409928821487,46.92122878224957,0.6896248122821629,0.0859999076416681,8.17754826165326,44.52846965394288,0.5397042295985346,0.0544690425825527,-0.0004377563811179,-0.0059652805648339,0.0106652375027242,735.5555555555555
1334,741.1111111111111,0.2828646048526969,0.182806674934328,0.1565916191336326,0.1229991337781643,0.1107502802203346,0.1003107424871392,0.1041284275841474,0.0900415413690788,0.0888656981135441,0.0825255081435095,0.2216213730729025,0.1342437215689357,0.1050979595873423,0.0786649220215064,0.0766975629426836,0.0574953651572798,0.0648923494097574,0.0640484944079288,0.063975505025732,0.0,0.0728752414783678,0.0,0.0704801565253766,0.0,6.97409928821487,46.92122878224957,0.6896248122821629,0.0859999076416681,7.020204202262519,44.52846965394288,0.5397042295985346,0.0544690425825527,0.0191926515077196,0.0145750482956735,0.0126864281745678,741.1111111111111
1344,746.6666666666666,0.2909930575321334,0.1712293642327205,0.1482579163240733,0.1168286194953236,0.1096471649432199,0.0910546248553756,0.0897793642751729,0.0916032712514643,0.0906545680165508,0.0864308897094365,0.2193353262326993,0.1264548590429513,0.1101800713461839,0.0798687538599188,0.078847037937672,0.0551653941834892,0.0603097552912261,0.0636425128125104,-0.1372771918873541,0.0,0.0292442863073652,0.0,-0.0443868106796087,0.0,6.97409928821487,46.92122878224957,0.6896248122821629,0.0859999076416681,7.020204202262519,45.43049239617571,0.5397042295985346,0.0544690425825527,-0.0411831575662062,0.005848857261473,-0.0079896259223295,746.6666666666666
1354,752.2222222222222,0.284721360235607,0.1748510443825571,0.1489157151572822,0.1150574174465884,0.113424780719242,0.0997986274199795,0.0996623931997811,0.0834596794647601,0.0836219808259418,0.0843890800528106,0.270007236151207,0.1515793927129013,0.1224414056978436,0.0954714727388792,0.0803783580544388,0.0698558949814268,0.0670712543905937,0.071821008162722,-0.0571358394763882,0.0,-0.1716679792478819,0.0,0.0501872556464669,0.0,6.97409928821487,46.92122878224957,0.6896248122821629,0.0859999076416681,7.020204202262519,45.43049239617571,0.6904078981415044,0.0544690425825527,-0.0171407518429164,-0.0343335958495763,0.009033706016364,752.2222222222222
1364,757.7777777777777,0.2916659358974443,0.1585153912447922,0.1518319346052969,0.1118554424797518,0.1005331462149712,0.0910305088313611,0.0924889906954525,0.0882822093532182,0.0901335820887171,0.0852364194939117,0.2797595155243262,0.1645293289284559,0.1435098333497094,0.0935685654274016,0.0858091274180569,0.0717763234795971,0.0791224636237254,0.0671628867436946,0.0680807457008677,0.0,-0.1504023137577785,0.0,0.1214575610784197,0.0,6.97409928821487,46.92122878224957,0.6896248122821629,0.0859999076416681,7.020204202262519,45.43049239617571,0.6904078981415044,0.0666717314470669,0.0204242237102603,-0.0300804627515557,0.0218623609941155,757.7777777777777
1374,763.3333333333333,0.336793356614196,0.197401085665796,0.1944129803346001,0.1328723278514295,0.1161847368483111,0.1171254116904345,0.0932072195385459,0.0970712041862973,0.0979555151672721,0.0829831835907223,0.2712096264813313,0.1595259919092797,0.1490348871607637,0.1000105657425523,0.0984452808818427,0.076963209385455,0.0801946448603334,0.0680965777896824,0.13667806875407,0.0,0.0437218772918292,0.0,0.0044889672061661,0.0,9.537263202817886,46.92122878224957,0.6896248122821629,0.0859999076416681,7.020204202262519,45.43049239617571,0.6904078981415044,0.0666717314470669,0.041003420626221,0.0087443754583658,0.0008080140971099,763.3333333333333
1384,768.8888888888888,0.3338556858804818,0.203752073660054,0.1859498992070193,0.1289701627457807,0.1303401017122545,0.1110538371241083,0.0954196793919021,0.0869660044726528,0.0944777073437815,0.086967464612625,0.2750132817751486,0.1578607590797425,0.1430043489090613,0.1013987925306302,0.1023444377977115,0.0724255872436023,0.0637380851953844,0.0754386812322189,-0.0195119406323036,0.0,0.086493499612946,0.0,0.2256456467587476,0.0,9.537263202817886,50.31045338212542,0.6896248122821629,0.0859999076416681,7.020204202262519,45.43049239617571,0.6904078981415044,0.0666717314470669,-0.0058535821896911,0.0172986999225892,0.0406162164165745,768.8888888888888
1394,774.4444444444445,0.2885347429855466,0.1797662321130121,0.1763907357874209,0.1168106982676338,0.1320587464341639,0.1082104578279274,0.1015563560266492,0.0883285253895998,0.0867914845445412,0.0965349811387236,0.2685385286236442,0.1618364352816434,0.137235481413607,0.105352755849814,0.0856586825021946,0.0841833887118839,0.0681108554328529,0.0695365162707859,-0.0499883413400875,0.0,0.1054295461093826,0.0,0.1037480366132964,0.0,9.537263202817886,50.31045338212542,0.6042332258052447,0.0859999076416681,7.020204202262519,45.43049239617571,0.6904078981415044,0.0666717314470669,-0.0149965024020262,0.0210859092218765,0.0186746465903933,774.4444444444445
1404,780.0,0.3199890541440318,0.2152518971751535,0.2092015302448474,0.170711590404445,0.1632651377804555,0.1457108933266448,0.1415567445811744,0.1416107427621242,0.1380871006305233,0.1263147352900452,0.2766775246366598,0.1577175855347019,0.136726874337996,0.099176655294936,0.0983632680510507,0.0737818176079514,0.0786564219800749,0.0628679061997538,-0.166183437078842,0.0,0.2052036735343516,0.0,0.0103954456668184,0.0,9.537263202817886,50.31045338212542,0.6042332258052447,0.1344810785574001,7.020204202262519,45.43049239617571,0.6904078981415044,0.0666717314470669,-0.0498550311236526,0.0410407347068703,0.0018711802200273,780.0
1414,785.5555555555555,0.3318887947506703,0.2189335515992589,0.2141229446828353,0.1735544023509533,0.1559271355294298,0.1525968393873993,0.1517274224512776,0.1428561486652252,0.1398350119860565,0.1332815048836327,0.3072610740016789,0.1769637838211611,0.1496851684939795,0.1012891407452093,0.0998312568505949,0.0801481341618342,0.0715967955593721,0.0736579357321157,-0.042724742853677,0.0,0.1204805471842235,0.0,-0.01678823431712,0.0,9.537263202817886,50.31045338212542,0.6042332258052447,0.1344810785574001,8.228302254645119,45.43049239617571,0.6904078981415044,0.0666717314470669,-0.0128174228561031,0.0240961094368447,-0.0030218821770816,785.5555555555555
1424,791.1111111111111,0.3258226158585541,0.2170978190125622,0.2102766223410862,0.1691649840955091,0.163930850594127,0.1497391195157758,0.1493811327874722,0.1438769611532067,0.1387461659269815,0.1288975051564823,0.2902840428265316,0.1641805923264246,0.1544062031087442,0.1114838139420779,0.0890596762682289,0.0754761831159726,0.0764732263443825,0.0735447411180332,-0.1497550648428334,0.0,-0.0413088503526976,0.0,0.0757405356212086,0.0,9.537263202817886,50.31045338212542,0.6042332258052447,0.1344810785574001,8.228302254645119,51.613057277056456,0.6904078981415044,0.0666717314470669,-0.04492651945285,-0.0082617700705395,0.0136332964118175,791.1111111111111
1434,796.6666666666666,0.3309735380804844,0.2275930194712442,0.2188038190507534,0.1665768198022926,0.1637676245870619,0.1511575758025197,0.1462398017715173,0.1419668781912065,0.1457113817871491,0.1355611898181775,0.2567999791516501,0.1423994211614885,0.1349694651228107,0.089060580863567,0.0817876979504893,0.0796858493758955,0.0682425023844698,0.0702968875942582,0.1204498900175307,0.0,-0.0253542489718903,0.0,-0.0237816008403063,0.0,9.537263202817886,50.31045338212542,0.6042332258052447,0.1344810785574001,8.228302254645119,51.613057277056456,0.5853299007672517,0.0666717314470669,0.0361349670052592,-0.005070849794378,-0.0042806881512551,796.6666666666666
1444,802.2222222222222,0.3306149257949047,0.2171615313188778,0.2120609143588471,0.1697137248913243,0.1641958850161503,0.1420049209289139,0.1487443173180352,0.1365443033549357,0.1389699757448309,0.1376960405441854,0.2972953272338308,0.2052317881602521,0.1918420830584445,0.1586056770195799,0.1572629622128759,0.1379734635850427,0.139662102731451,0.1425998394906113,0.1402157274106524,0.0,0.0387937416014581,0.0,-0.009714949307931,0.0,9.537263202817886,50.31045338212542,0.6042332258052447,0.1344810785574001,8.228302254645119,51.613057277056456,0.5853299007672517,0.131728178912742,0.0420647182231957,0.0077587483202916,-0.0017486908754275,802.2222222222222
1454,807.7777777777777,0.2962142906996826,0.2025690565449644,0.1824943994082451,0.1584191859978508,0.1582487690889254,0.136933691836649,0.1429791705048285,0.149835362837215,0.1391759497776271,0.1330355262482844,0.3062081409235043,0.2117381073929903,0.1900862184133457,0.1659770222208208,0.1627225150643213,0.1360796876725035,0.1326796248216144,0.1311577651965049,0.0334083559591926,0.0,0.0575693541439234,0.0,0.052454056001197,0.0,7.717267679702043,50.31045338212542,0.6042332258052447,0.1344810785574001,8.228302254645119,51.613057277056456,0.5853299007672517,0.131728178912742,0.0100225067877578,0.0115138708287846,0.0094417300802154,807.7777777777777
1464,813.3333333333333,0.2886418943822562,0.1943723893703885,0.1901137794705003,0.1533930314128384,0.1515502751952202,0.1422265087293904,0.1434448124501157,0.127568917067705,0.1317703470957156,0.1312485819103133,0.2945457188290715,0.207630145683102,0.1937621800495733,0.1586973825691868,0.1623916293649327,0.1390381123777924,0.1393568899167247,0.1372966730700965,-0.0301731002943005,0.0,-0.0086011117853,0.0,-0.0365461090117062,0.0,7.717267679702043,58.45519152336935,0.6042332258052447,0.1344810785574001,8.228302254645119,51.613057277056456,0.5853299007672517,0.131728178912742,-0.0090519300882901,-0.00172022235706,-0.0065782996221071,813.3333333333333
1474,818.8888888888888,0.255530930988936,0.1756043186809669,0.1727802815850738,0.1488612716392342,0.1472214414702845,0.1455727085924781,0.1423963778725583,0.1331410327427998,0.1385202234925287,0.1325716754223053,0.3088267574095726,0.2031315426898199,0.1953567302879615,0.1706774465815503,0.1575872662866795,0.1494184528721346,0.1382824777088758,0.1324907202136686,0.1687376145627946,0.0,-0.1550780735524299,0.0,0.070697602892443,0.0,7.717267679702043,58.45519152336935,0.5137430704243723,0.1344810785574001,8.228302254645119,51.613057277056456,0.5853299007672517,0.131728178912742,0.0506212843688383,-0.0310156147104859,0.0127255685206397,818.8888888888888
1484,824.4444444444443,0.2186355774593156,0.122051600011183,0.1192650174292759,0.0950958785415025,0.0799701828820982,0.0696227916366417,0.0850095712967025,0.0677923053350508,0.0659005421791696,0.0641329624984263,0.2937465684423237,0.200404940895109,0.1972656507652869,0.167731287223026,0.1548227154734409,0.1499789245929794,0.1324605892204764,0.1349335714289359,-0.0674798651786938,0.0,0.0198788872768307,0.0,0.0100882951786744,0.0,7.717267679702043,58.45519152336935,0.5137430704243723,0.0644995292851744,8.228302254645119,51.613057277056456,0.5853299007672517,0.131728178912742,-0.0202439595536081,0.0039757774553661,0.0018158931321613,824.4444444444443
1494,830.0,0.2179908407136362,0.1273512048055611,0.1084798734323966,0.0866532934894817,0.0864642245041246,0.0743562705275533,0.0792464194218866,0.068173223415941,0.0779868804760778,0.0624141596534293,0.2882038358379158,0.2088260295547633,0.188377885321078,0.1543199570088776,0.1484812708188723,0.1368104108820874,0.135147543833743,0.1319337801299062,-0.1733217617254786,0.0,-0.0204750699933363,0.0,-0.0272243845364973,0.0,7.717267679702043,58.45519152336935,0.5137430704243723,0.0644995292851744,7.558544459633577,51.613057277056456,0.5853299007672517,0.131728178912742,-0.0519965285176435,-0.0040950139986672,-0.0049003892165695,830.0
1504,835.5555555555555,0.2156851437977546,0.1305292507469182,0.1154238859336932,0.0786311822281043,0.0840365537326272,0.0778863019336429,0.0630487425607806,0.0687867894353227,0.0661417400258767,0.0618318985153194,0.2738646322037202,0.1882939666456089,0.1853283961241696,0.1461764031594495,0.1489938318138561,0.1396500774315968,0.1360847549111786,0.1436865966866796,-0.1451780115302911,0.0,0.2105931581834573,0.0,-0.1791057358146175,0.0,7.717267679702043,58.45519152336935,0.5137430704243723,0.0644995292851744,7.558544459633577,59.018763911637,0.5853299007672517,0.131728178912742,-0.0435534034590873,0.0421186316366914,-0.0322390324466311,835.5555555555555
1514,841.1111111111111,0.2059524929840786,0.1128869795549304,0.1115527426137714,0.0876361423750498,0.082532652970233,0.0714941633173224,0.072251796737307,0.0682973694065365,0.0606484858602645,0.0654643321329412,0.2782329033558084,0.1890425498038055,0.1672770231882834,0.1491988832026831,0.1504685251128203,0.1342645983204886,0.1414473773476746,0.1343406159189268,0.1697224764398298,0.0,0.1064136992788252,0.0,-0.0469737055824353,0.0,7.717267679702043,58.45519152336935,0.5137430704243723,0.0644995292851744,7.558544459633577,59.018763911637,0.5501998493329516,0.131728178912742,0.0509167429319489,0.021282739855765,-0.0084552670048383,841.1111111111111
1524,846.6666666666666,0.2148569001616474,0.1189184663829771,0.1211054103329533,0.0817332717755769,0.0771182502498795,0.0665901176166951,0.0797825227271356,0.073450338837176,0.0570263089166426,0.0519844696564901,0.2644794315748692,0.1793789941801599,0.1628634669425923,0.1373395821017952,0.1425310732710658,0.1250946929524224,0.1257382447909907,0.1183690235830194,-0.0297577043395082,0.0,-0.1006769399882233,0.0,-0.1387021630994828,0.0,7.717267679702043,58.45519152336935,0.5137430704243723,0.0644995292851744,7.558544459633577,59.018763911637,0.5501998493329516,0.1209058720893163,-0.0089273113018524,-0.0201353879976446,-0.0249663893579069,846.6666666666666
1534,852.2222222222222,0.2351228209857723,0.1267262209713195,0.1157991944140252,0.0870576009575019,0.0838896027719506,0.0740732217468245,0.0736247665731124,0.0691460991090395,0.0639107568163167,0.0601382348994968,0.2706704190144761,0.169219721474811,0.1707184832997008,0.1414448591172892,0.1288673291724368,0.1201546606450824,0.1237286750662836,0.1220734449979391,0.229360980898134,0.0,0.154223891291884,0.0,0.0199169810650689,0.0,8.5647078399955,58.45519152336935,0.5137430704243723,0.0644995292851744,7.558544459633577,59.018763911637,0.5501998493329516,0.1209058720893163,0.0688082942694402,0.0308447782583768,0.0035850565917124,852.2222222222222
1544,857.7777777777777,0.2361609194449241,0.1282342444663786,0.1222727667291749,0.088860094378677,0.0873795190289175,0.0720432510984965,0.0750119221267848,0.0587852346158968,0.0698162969922865,0.0587270248647859,0.2626192149384159,0.1764756608352585,0.1605240911207038,0.1387345238273817,0.1349849283072854,0.1273230278927348,0.1221201250459445,0.118683852213959,-0.0820988705431616,0.0,0.0287760535407956,0.0,0.0224777783779175,0.0,8.5647078399955,54.34171808562246,0.5137430704243723,0.0644995292851744,7.558544459633577,59.018763911637,0.5501998493329516,0.1209058720893163,-0.0246296611629485,0.0057552107081591,0.0040460001080251,857.7777777777777
1554,863.3333333333333,0.2687737987521123,0.1576584978805037,0.1502702111045639,0.0983401063125216,0.0919471021469044,0.0629600499871584,0.0721781400500865,0.0652751499267188,0.0677955330478906,0.0675098308727692,0.2668255489664408,0.182047456239447,0.1686498503323367,0.137342195193916,0.1257495902376001,0.1239111030397531,0.1253448093076747,0.1272687076539668,0.0041563916383696,0.0,0.1069668313405302,0.0,-0.1419691845990689,0.0,8.5647078399955,54.34171808562246,0.6259244365680406,0.0644995292851744,7.558544459633577,59.018763911637,0.5501998493329516,0.1209058720893163,0.0012469174915108,0.021393366268106,-0.0255544532278324,863.3333333333333
1564,868.8888888888888,0.3233377357754605,0.2235329488119255,0.2159465215761686,0.1711001879655722,0.1778997007602148,0.1429475515270527,0.1494396061058373,0.1571631281555978,0.1533030285153703,0.1470328787098616,0.2478469199653265,0.1808104906341714,0.1684802663229073,0.1351309589144734,0.1320304330295473,0.1171206968728328,0.1327037677051423,0.1272675495567522,0.0055639741629703,0.0,-0.2005816977044693,0.0,-0.1081796920851798,0.0,8.5647078399955,54.34171808562246,0.6259244365680406,0.145734106269237,7.558544459633577,59.018763911637,0.5501998493329516,0.1209058720893163,0.0016691922488911,-0.0401163395408938,-0.0194723445753323,868.8888888888888
1574,874.4444444444443,0.3236757060387434,0.219521864961997,0.2126000208940118,0.1724299117854403,0.1750831945370084,0.1547778065333584,0.157196826584917,0.1434879230064334,0.1432867006504056,0.1489806042438571,0.2524853295110907,0.1848578397944807,0.1506039225330922,0.1287301604608404,0.1348022869070006,0.1340615473118415,0.1293904924112371,0.1256332330468766,-0.0188644330481495,0.0,0.0068833592679852,0.0,0.0436342276901708,0.0,8.5647078399955,54.34171808562246,0.6259244365680406,0.145734106269237,6.998044377633975,59.018763911637,0.5501998493329516,0.1209058720893163,-0.0056593299144448,0.001376671853597,0.0078541609842307,874.4444444444443
1584,880.0,0.3241269772016457,0.2158733859063526,0.2159631400008967,0.1873791504821425,0.1643587054856914,0.149954851553063,0.1528807947116542,0.1487528727229261,0.1513959800263379,0.1399254126075512,0.268685545635808,0.1835141110494987,0.1660458055376117,0.1423357045390408,0.1371053798957143,0.127635159774137,0.1215088609240814,0.1245667309560773,-0.0350041372510298,0.0,0.1639043356153428,0.0,0.0596801190019129,0.0,8.5647078399955,54.34171808562246,0.6259244365680406,0.145734106269237,6.998044377633975,47.96551119358741,0.5501998493329516,0.1209058720893163,-0.0105012411753089,0.0327808671230685,0.0107424214203443,880.0
1594,885.5555555555555,0.3247458247283311,0.2197589579534426,0.2237020443864913,0.1728263156102307,0.1761243716697851,0.150857518589651,0.1519194052446063,0.1520685944255916,0.1558976845854651,0.1489041303646611,0.2610422627979365,0.1741407406107055,0.1665528692436924,0.1420424339279376,0.132249886241353,0.1318444277972311,0.1227916210375884,0.1145801345269683,0.0792069045853834,0.0,2.9978522037406525e-05,0.0,-0.0928924873980354,0.0,8.5647078399955,54.34171808562246,0.6259244365680406,0.145734106269237,6.998044377633975,47.96551119358741,0.5405823504427032,0.1209058720893163,0.023762071375615,5.995704407481305e-06,-0.0167206477316463,885.5555555555555
1604,891.1111111111111,0.324412830293701,0.219152363887366,0.2154592572044801,0.1792992668366028,0.1813193428204865,0.1604880743961051,0.1553338260781573,0.1355240743572504,0.1381836701493619,0.1458776789195103,0.179927542995912,0.0871573759694747,0.0694215165798418,0.0276652621032632,0.0254857423134045,0.0183792166381989,0.0161844148563395,0.004279583457916,-0.0811145346823121,0.0,-0.0430840388171036,0.0,0.1791689832698009,0.0,8.5647078399955,54.34171808562246,0.6259244365680406,0.145734106269237,6.998044377633975,47.96551119358741,0.5405823504427032,0.0076056082908405,-0.0243343604046936,-0.0086168077634207,0.0322504169885641,891.1111111111111
1614,896.6666666666666,0.3073143279641767,0.2013364103306669,0.1938510044146683,0.1581396275691267,0.1612350524361502,0.1410226472501655,0.1480557939201244,0.1486363141387868,0.1511011355194337,0.1547178731438406,0.180743137629854,0.0900197490694157,0.0679166553937248,0.0324862628967047,0.0339896780147833,0.0112640771064534,0.0093178136312356,0.0086923932906532,0.0983597749159859,0.0,-0.0151811472689576,0.0,-0.1121890900157984,0.0,7.081306223921086,54.34171808562246,0.6259244365680406,0.145734106269237,6.998044377633975,47.96551119358741,0.5405823504427032,0.0076056082908405,0.0295079324747957,-0.0030362294537915,-0.0201940362028437,896.6666666666666
1624,902.2222222222222,0.3013558499303962,0.2005914305376245,0.1852090844030834,0.1646598189898803,0.1564882435323109,0.1486444710848973,0.1517306897339874,0.1427612730458248,0.1439532903077694,0.1450827000733175,0.1840692748412617,0.0882300140994198,0.0732354431470351,0.0358140353915101,0.0245705356607336,0.0165348428326838,0.0118373138320348,0.0198407684690256,-0.1019225972686098,0.0,0.0221304950955963,0.0,0.0055717267486637,0.0,7.081306223921086,58.30928794247816,0.6259244365680406,0.145734106269237,6.998044377633975,47.96551119358741,0.5405823504427032,0.0076056082908405,-0.0305767791805829,0.0044260990191192,0.0010029108147594,902.2222222222222
1634,907.7777777777776,0.3158131081204141,0.2126368979809777,0.1925552869543797,0.1717570284859328,0.1582510441832297,0.1435006117181146,0.154738993790963,0.148745246689312,0.1514296292523837,0.1477712320549114,0.180501352367899,0.0807799540733057,0.0618349402319498,0.0238532513929341,0.0331155932309992,0.0182384720052959,0.021904105898316,0.0074370569498366,0.0828616066433463,0.0,-0.0312784370158169,0.0,-0.0916267298236475,0.0,7.081306223921086,58.30928794247816,0.6680337634316779,0.145734106269237,6.998044377633975,47.96551119358741,0.5405823504427032,0.0076056082908405,0.0248584819930039,-0.0062556874031633,-0.0164928113682565,907.7777777777776
1644,913.3333333333331,0.2199616967096618,0.0905838914807644,0.0788240613781277,0.0393794084737266,0.0371603797772565,0.0279846689259645,0.0150574088018271,0.009535580792346,0.0157575265431242,0.0177209540510593,0.182455876112445,0.0893152753994085,0.066055929711969,0.0396620917737149,0.0211024007922584,0.0121194899014967,0.0149588957072017,0.0104413678419787,0.0861226598364822,0.0,0.1100751069550102,0.0,-0.0173448904585509,0.0,7.081306223921086,58.30928794247816,0.6680337634316779,0.0168608612238868,6.998044377633975,47.96551119358741,0.5405823504427032,0.0076056082908405,0.0258367979509446,0.022015021391002,-0.0031220802825391,913.3333333333331
1654,918.8888888888888,0.2287896030808946,0.0917963765949905,0.0841081076086502,0.0478442194056123,0.0399229608115696,0.030140274073174,0.0202951837059809,0.0108839258880851,0.0248316154870608,0.0234639544783583,0.2031590334192649,0.0867566371551613,0.0710140360841088,0.0426751573824247,0.0243727980138196,0.0231948901911424,0.0082593247849853,0.0109161320083412,-0.1093961260323604,0.0,-0.1105085536111661,0.0,-0.0377840419261056,0.0,7.081306223921086,58.30928794247816,0.6680337634316779,0.0168608612238868,7.811337075950596,47.96551119358741,0.5405823504427032,0.0076056082908405,-0.0328188378097081,-0.0221017107222332,-0.006801127546699,918.8888888888888
1664,924.4444444444443,0.2182466100203793,0.1000257171819675,0.083634817413863,0.0270889917708161,0.0364149574595521,0.0211427798605488,0.0293222013537274,0.0127750696730649,0.0192422710889699,0.011260610220524,0.1971940406771878,0.0950867835364963,0.0746225184615909,0.0447120917847004,0.0326620477737581,0.0251314785845227,0.0210911186532793,0.0045416252187934,-0.1245517310311458,0.0,-0.004988801809726,0.0,0.1221371350660038,0.0,7.081306223921086,58.30928794247816,0.6680337634316779,0.0168608612238868,7.811337075950596,49.583929897792494,0.5405823504427032,0.0076056082908405,-0.0373655193093437,-0.0009977603619452,0.0219846843118806,924.4444444444443
1674,930.0,0.2207299716000956,0.0964672872970693,0.0788456139593055,0.0474923008053075,0.0468308603122169,0.0291922882738851,0.0164750767526658,0.0168265687998849,0.0107489063076688,0.0126843720491417,0.2372360921615152,0.1044623850120387,0.0829002769330848,0.0388644365892644,0.0323622607760508,0.017969327660569,0.0147073367243002,0.0136349666709025,-0.0211854166669976,0.0,-0.0365014681309693,0.0,0.134584076108768,0.0,7.081306223921086,58.30928794247816,0.6680337634316779,0.0168608612238868,7.811337075950596,49.583929897792494,0.6189369740976557,0.0076056082908405,-0.0063556250000993,-0.0073002936261938,0.0242251336995782,930.0
1684,935.5555555555557,0.223808242834705,0.0909798384246454,0.0761704125993451,0.0433495075541017,0.0361227628913689,0.0231307327520786,0.0285390641167811,0.0137814091895012,0.0240931401779287,0.015948770285417,0.2891589648216409,0.1810719324915335,0.1767652928714946,0.1260509408415711,0.1189147574163197,0.1005238958256995,0.1063733565157752,0.0962837351736159,0.0828222391907718,0.0,0.1310930142813659,0.0,-0.0634335778105927,0.0,7.081306223921086,58.30928794247816,0.6680337634316779,0.0168608612238868,7.811337075950596,49.583929897792494,0.6189369740976557,0.0988912509913594,0.0248466717572315,0.0262186028562731,-0.0114180440059066,935.5555555555557
1694,941.1111111111112,0.2250553877601668,0.1047584052061417,0.0797871609171163,0.0449917242815154,0.0392214865296294,0.0198269348379546,0.0266224565309366,0.0196223656660641,0.0265531716232013,0.0132460529123357,0.2924229681276272,0.1785833696642594,0.1733228379456532,0.1249426533932581,0.1144430856099129,0.1103935204192475,0.1087195404201998,0.0998644721962487,-0.0759902575184957,0.0,-0.075623239177149,0.0,-0.0108699543154883,0.0,7.38131037084439,58.30928794247816,0.6680337634316779,0.0168608612238868,7.811337075950596,49.583929897792494,0.6189369740976557,0.0988912509913594,-0.0227970772555487,-0.0151246478354298,-0.0019565917767878,941.1111111111112
1704,946.6666666666666,0.224453326945688,0.0924850820048697,0.0908859035552304,0.0373935497863379,0.0403288730306077,0.019838922318036,0.0289249516608427,0.0210349617940047,0.0225044428568171,0.0133344914498553,0.2817799627384233,0.1763270501448877,0.1627858891647595,0.1189588062316663,0.1301641732018447,0.1036545632294152,0.1135675864281348,0.1015333484037736,-0.1026458079151745,0.0,-0.0259706050543905,0.0,0.0711788421643592,0.0,7.38131037084439,59.22701689472914,0.6680337634316779,0.0168608612238868,7.811337075950596,49.583929897792494,0.6189369740976557,0.0988912509913594,-0.0307937423745523,-0.0051941210108781,0.0128121915895846,946.6666666666666
1714,952.2222222222222,0.2070107104554566,0.0907258916586822,0.0799523681811586,0.03765573452457,0.0351694558725045,0.0368878018601111,0.0232907867027526,0.0065221107034122,0.0223627393504841,0.0137192607085081,0.2769208942363075,0.1850305330124894,0.1624935531795563,0.1265075053111775,0.1255337929497994,0.1106244400745353,0.1071356993127575,0.0990478431726854,-0.1037858246793206,0.0,0.0444898712293193,0.0,-0.3551215077175762,0.0,7.38131037084439,59.22701689472914,0.5931680070122249,0.0168608612238868,7.811337075950596,49.583929897792494,0.6189369740976557,0.0988912509913594,-0.0311357474037962,0.0088979742458638,-0.0639218713891637,952.2222222222222
1724,957.7777777777776,0.2477826479252649,0.1579907033275927,0.1446017560463293,0.1172066488831151,0.1082396530061358,0.1082198787243191,0.104366817508868,0.093759947605867,0.0996073751323746,0.0978135577820478,0.2791548526314459,0.1808702177772855,0.1633583447661682,0.1232617735670029,0.113689310745808,0.1129497916717985,0.1043989933625899,0.090132554491455,0.0170418095301613,0.0,0.0960293530715827,0.0,-0.0802171200518416,0.0,7.38131037084439,59.22701689472914,0.5931680070122249,0.094215128229736,7.811337075950596,49.583929897792494,0.6189369740976557,0.0988912509913594,0.0051125428590484,0.0192058706143165,-0.0144390816093314,957.7777777777776
1734,963.3333333333331,0.2572989712292141,0.1626141466922496,0.1481266856236301,0.1155045137464975,0.1121655870176794,0.1025781660193588,0.1053758002130577,0.102363382860365,0.0956283026624771,0.0961522445865812,0.2855134356190799,0.1793493082679755,0.1671082633126753,0.120925623844611,0.1195224715092616,0.1024529465807818,0.098614964759716,0.0995852474147188,0.0484920541990806,0.0,0.0880993108563133,0.0,-0.0873641359035009,0.0,7.38131037084439,59.22701689472914,0.5931680070122249,0.094215128229736,7.90567855169914,49.583929897792494,0.6189369740976557,0.0988912509913594,0.0145476162597242,0.0176198621712626,-0.0157255444626301,963.3333333333331
1744,968.8888888888888,0.254218620173232,0.16435556534515,0.1491237772650521,0.1151518735990771,0.1091598718521351,0.0975472131798859,0.1086298875756835,0.0942197075901839,0.0992612177222796,0.0924670706257224,0.2883931104490492,0.2047671842824405,0.1783283361076999,0.130957694167126,0.1287777037502227,0.121950557141349,0.1008960889376834,0.1026288417166356,-0.0607307040741458,0.0,-0.1069303965848149,0.0,0.0570559286719395,0.0,7.38131037084439,59.22701689472914,0.5931680070122249,0.094215128229736,7.90567855169914,43.67778793019382,0.6189369740976557,0.0988912509913594,-0.0182192112222437,-0.0213860793169629,0.0102700671609491,968.8888888888888
1754,974.4444444444443,0.257854133144848,0.1555466156273262,0.1410332647550972,0.1137108630853489,0.111694944495878,0.1038580816234048,0.1047156591716401,0.0992552602391007,0.1000023531985757,0.0979867113276127,0.2625857954444455,0.1726497589536832,0.1497275307393971,0.1273286843479176,0.1223411520834776,0.107849184313148,0.1025203805159084,0.0946253399290527,-0.0705584490927519,0.0,0.109728527498594,0.0,0.0413182999898442,0.0,7.38131037084439,59.22701689472914,0.5931680070122249,0.094215128229736,7.90567855169914,43.67778793019382,0.5123730836312749,0.0988912509913594,-0.0211675347278255,0.0219457054997188,0.0074372939981719,974.4444444444443
1764,980.0,0.2532981697230965,0.1484879673795901,0.1412415308465488,0.1212048610328504,0.1127968744487998,0.1011190487441463,0.0968461593218277,0.0954961905647855,0.0968470105933302,0.0913341375519655,0.2312342790301681,0.1384432856746249,0.1326702308695554,0.0953435944277317,0.092227571152129,0.066702273963994,0.0633991471692968,0.0675830168439772,0.0020681575326526,0.0,0.053684821348617,0.0,-0.184829095182878,0.0,7.38131037084439,59.22701689472914,0.5931680070122249,0.094215128229736,7.90567855169914,43.67778793019382,0.5123730836312749,0.0617275235246962,0.0006204472597957,0.0107369642697234,-0.033269237132918,980.0
1774,985.5555555555557,0.2912937754749684,0.172384248404986,0.1615141885311156,0.1141608516081467,0.1234061779651389,0.118055359706025,0.114395609519139,0.1018483335388476,0.1059488836775334,0.0899297084776829,0.2230902874384717,0.1490421301408048,0.1147181139976355,0.0886148551212888,0.0871368067830078,0.0733626343820856,0.0692872930627654,0.0618264751095945,-0.1056082146688205,0.0,-0.0375980874670472,0.0,0.1227607533959966,0.0,8.844896283003099,59.22701689472914,0.5931680070122249,0.094215128229736,7.90567855169914,43.67778793019382,0.5123730836312749,0.0617275235246962,-0.0316824644006461,-0.0075196174934094,0.0220969356112793,985.5555555555557
1784,991.1111111111112,0.2776981992057558,0.1708625778261729,0.1506071139974049,0.1208150088937819,0.1266363736845269,0.0976088020504833,0.1028836845905585,0.0840356354484948,0.0890139587247328,0.1025466266497008,0.2317587611428962,0.1397309534595496,0.1330629139011377,0.0893317468538757,0.0853899858657867,0.0653317124877753,0.0723421099604434,0.0695652603992954,0.135002260870651,0.0,0.0923971357678173,0.0,0.1817311492941356,0.0,8.844896283003099,56.30443576583544,0.5931680070122249,0.094215128229736,7.90567855169914,43.67778793019382,0.5123730836312749,0.0617275235246962,0.0405006782611953,0.0184794271535634,0.0327116068729444,991.1111111111112
1794,996.6666666666666,0.298904123345009,0.1909867950590056,0.1646046344641395,0.1210443003056594,0.1301502155106414,0.1018458459761747,0.1057401089933034,0.0976844050662419,0.1006421689281116,0.0947229225736791,0.2342957346831378,0.1449132539715749,0.1238692163110025,0.094399453343403,0.0824492506685072,0.0690353367240413,0.0723840851651142,0.054024712396408,-0.0071407579404109,0.0,-0.0337950034197267,0.0,0.0715228933323255,0.0,8.844896283003099,56.30443576583544,0.645997849800413,0.094215128229736,7.90567855169914,43.67778793019382,0.5123730836312749,0.0617275235246962,-0.0021422273821232,-0.0067590006839453,0.0128741207998185,996.6666666666666
1804,1002.2222222222222,0.2619834360253863,0.1160684440726189,0.1136458574949716,0.0592854233447388,0.058928290013042,0.0384196489038503,0.028444357340305,0.0297474084263189,0.0247973819101977,0.0212005256592781,0.2262558608758301,0.1378622830196535,0.1234216036435088,0.0871242101715277,0.0848059343354383,0.0741164603392457,0.0746362116602934,0.0614553329918562,-0.0391762671859053,0.0,-0.1347347835584741,0.0,-0.055789106743385,0.0,8.844896283003099,56.30443576583544,0.645997849800413,0.0169807428787834,7.90567855169914,43.67778793019382,0.5123730836312749,0.0617275235246962,-0.0117528801557715,-0.0269469567116948,-0.0100420392138093,1002.2222222222222
1814,1007.7777777777776,0.2627011065235965,0.1162505827321752,0.1047732292248882,0.0547323590689154,0.0564537472923644,0.0315765651166308,0.0382572365105513,0.034522775089738,0.021404202508349,0.0223720999602019,0.2376395191804846,0.1521357518151201,0.1438013411042922,0.0882393583175157,0.0860332161404985,0.0795042777753559,0.0688945582640753,0.0702050334929227,-0.105568773997401,0.0,0.0746615701463396,0.0,-0.128864612813697,0.0,8.844896283003099,56.30443576583544,0.645997849800413,0.0169807428787834,8.740064584593137,43.67778793019382,0.5123730836312749,0.0617275235246962,-0.0316706321992203,0.0149323140292679,-0.0231956303064654,1007.7777777777776
1824,1013.3333333333331,0.2484332716255354,0.1090375755283826,0.1131336096387582,0.0438098102566792,0.0489125873756185,0.0379417164057553,0.0207460397577392,0.0183281316668142,0.0201869347543888,0.0173986638090933,0.2244700873598669,0.1285721148797268,0.1311542041412251,0.0777156968909525,0.0840551397063941,0.0644845632774413,0.0658983176326501,0.0829825265506529,-0.0101227376526453,0.0,0.0490592867646559,0.0,0.0001917692373762,0.0,8.844896283003099,56.30443576583544,0.645997849800413,0.0169807428787834,8.740064584593137,56.04073155994568,0.5123730836312749,0.0617275235246962,-0.0030368212957936,0.0098118573529311,3.451846272772949e-05,1013.3333333333331
1834,1018.8888888888888,0.2528078137816577,0.1189049864382838,0.1089687982677703,0.0687705523631235,0.0452844778797825,0.0281543899858966,0.0268730623920222,0.0167995560939604,0.0185153392367005,0.0134210100480378,0.28495193504058,0.1535212842561317,0.1438337382909204,0.0978954433158812,0.0928319947585845,0.0714001936892681,0.0741333504290573,0.0530151158338662,-0.1217607174203984,0.0,-0.044037073644771,0.0,0.1417301389904562,0.0,8.844896283003099,56.30443576583544,0.645997849800413,0.0169807428787834,8.740064584593137,56.04073155994568,0.6755382733299067,0.0617275235246962,-0.0365282152261195,-0.0088074147289542,0.0255114250182821,1018.8888888888888
1844,1024.4444444444443,0.2546479581066259,0.1091669205442123,0.1015125359142177,0.0519341548195862,0.0476772111621927,0.028083829022371,0.0346371712027319,0.019797039981918,0.0196983735287477,0.0213424580764289,0.2988115915165245,0.1747268066565273,0.1666389597918003,0.1030414104669769,0.1113257391850903,0.082683983252239,0.0872216993448986,0.0817235647388059,-0.0161436110249101,0.0,0.035270404316637,0.0,-0.0637633392382215,0.0,8.844896283003099,56.30443576583544,0.645997849800413,0.0169807428787834,8.740064584593137,56.04073155994568,0.6755382733299067,0.0784956229462765,-0.004843083307473,0.0070540808633274,-0.0114774010628798,1024.4444444444443
1854,1030.0,0.2660761610067912,0.1245905281184802,0.1150664849214611,0.0514662814733646,0.0535319614035989,0.0367973987134129,0.0331357891868883,0.0254600735530332,0.0136902776580135,0.0160002714416683,0.301582920414622,0.1642919987173209,0.1675124678306183,0.1106297089466703,0.1111730280263371,0.0958299952794592,0.0941341466984803,0.0858608805687456,0.0287123663811227,0.0,0.0555913725736404,0.0,0.0763669406507249,0.0,9.330033392322344,56.30443576583544,0.645997849800413,0.0169807428787834,8.740064584593137,56.04073155994568,0.6755382733299067,0.0784956229462765,0.0086137099143368,0.011118274514728,0.0137460493171304,1030.0
1864,1035.5555555555554,0.300833383494069,0.1675622425258369,0.1268356106225615,0.0785418723291147,0.0610227960936768,0.0381734632514944,0.0352846874673453,0.0190914059173641,0.0173429407407198,0.0199451423862986,0.2980784755224974,0.1671859489801752,0.1639417711483474,0.1106940085547736,0.1045507570363186,0.0856832444278094,0.0916352189127734,0.0744870836758806,-0.0306353151773222,0.0,-0.0820791583400056,0.0,0.1259114022183906,0.0,9.330033392322344,40.93304475907775,0.645997849800413,0.0169807428787834,8.740064584593137,56.04073155994568,0.6755382733299067,0.0784956229462765,-0.0091905945531966,-0.0164158316680011,0.0226640523993103,1035.5555555555554
1874,1041.111111111111,0.2266051704700544,0.1239534069849229,0.11707823508644,0.063352730708124,0.0551856900471795,0.0397803710144537,0.0342778888454885,0.0287793391374788,0.0141510025407209,0.0235505422836516,0.2885379388222523,0.1610499281515077,0.1566162561189062,0.1143604710698784,0.1054776721587107,0.0913072540252557,0.0909380746417248,0.0894518617512221,-0.0750642882917586,0.0,-0.142029822325081,0.0,-0.0244612410944771,0.0,9.330033392322344,40.93304475907775,0.5060577667863204,0.0169807428787834,8.740064584593137,56.04073155994568,0.6755382733299067,0.0784956229462765,-0.0225192864875275,-0.0284059644650161,-0.0044030233970058,1041.111111111111
1884,1046.6666666666663,0.230843979512757,0.1080781884143355,0.0930619473840104,0.0518393638676451,0.0470808381486298,0.0211699454015143,0.0222137910870532,0.0078412028752199,0.0181097988500757,0.0043108955614012,0.294814058639738,0.1768478538840486,0.1591299852408389,0.1146048478435161,0.1092004793734212,0.0903066473681978,0.0908312261293464,0.0851554441662062,0.0038306312671531,0.0,-0.1338387972950011,0.0,0.1187021193102541,0.0,9.330033392322344,40.93304475907775,0.5060577667863204,0.003032336003422,8.740064584593137,56.04073155994568,0.6755382733299067,0.0784956229462765,0.0011491893801459,-0.0267677594590002,0.0213663814758457,1046.6666666666663
1894,1052.2222222222222,0.2156434334931435,0.1206444389681541,0.1103856783905015,0.053207695160212,0.0414894640808882,0.0113117875889928,0.0192303878259707,0.0085916702331357,0.0091339368111524,0.0028687132868568,0.2559907878582987,0.1474761499560666,0.1335321859707036,0.1069704004969372,0.0970096198304387,0.0823316895149216,0.0823061999924951,0.0751066800140145,-0.035025535119769,0.0,0.1180007763371549,0.0,0.0508869123223854,0.0,9.330033392322344,40.93304475907775,0.5060577667863204,0.003032336003422,6.7583060338573695,56.04073155994568,0.6755382733299067,0.0784956229462765,-0.0105076605359307,0.0236001552674309,0.0091596442180293,1052.2222222222222
1904,1057.7777777777778,0.2208977289584553,0.1170048272731574,0.0941839199400177,0.0605823655635564,0.0434892922841283,0.0221531010789515,0.0174955901047612,0.001243086566972,0.0040492782672511,0.0128005259283666,0.2789098683442486,0.1632746445167031,0.1510459175707762,0.0991744965514054,0.103015092319816,0.0904548330744668,0.0849673398794309,0.0796294697524622,-0.1575182295296766,0.0,0.1047901755248643,0.0,0.0184262870058319,0.0,9.330033392322344,40.93304475907775,0.5060577667863204,0.003032336003422,6.7583060338573695,44.97139546417966,0.6755382733299067,0.0784956229462765,-0.0472554688589029,0.0209580351049728,0.0033167316610497,1057.7777777777778
1914,1063.3333333333333,0.2218766020946452,0.1201701106524924,0.1005985168508019,0.0579968947558184,0.0406682702114402,0.0164231650417217,0.0275335073365183,0.0105432872518105,0.0149569043744449,0.0050287355758585,0.2265606320062116,0.1511204299315932,0.1338325094901878,0.1010286789841851,0.0983784896775165,0.08278079947453,0.0920781389953218,0.0824748875031249,-0.0182027708905352,0.0,0.1522026265614039,0.0,-0.0747625342202703,0.0,9.330033392322344,40.93304475907775,0.5060577667863204,0.003032336003422,6.7583060338573695,44.97139546417966,0.5375006668711932,0.0784956229462765,-0.0054608312671605,0.0304405253122807,-0.0134572561596486,1063.3333333333333
1924,1068.888888888889,0.2183414790826629,0.1128303890343543,0.0983121655038574,0.0563885062613733,0.0428087830329592,0.0269165160364423,0.0153368290946428,-0.00025307863954,0.0102435246617954,0.0075880364052259,0.2424491763872103,0.1510670559455324,0.1298746202294632,0.1118745698840338,0.1001253530135706,0.0873157009406262,0.0830451999484771,0.0886347884705212,0.1889322723595725,0.0,-0.0698961117929361,0.0,-0.0114116624204586,0.0,9.330033392322344,40.93304475907775,0.5060577667863204,0.003032336003422,6.7583060338573695,44.97139546417966,0.5375006668711932,0.0850583727578093,0.0566796817078717,-0.0139792223585872,-0.0020540992356825,1068.888888888889
1934,1074.4444444444443,0.176495431892242,0.0808136670728546,0.0535100358171352,0.0258570061539172,0.0247263685121535,0.0146265304622584,0.0064258671678056,0.0050507530990606,0.0051643535677152,0.0059551357739914,0.2311961606545944,0.1497029220696434,0.1313821978983932,0.1101152319835796,0.0965610317897495,0.0903988699766909,0.0812056645255899,0.0879783333733323,0.0984762864191519,0.0,-0.1755419362564723,0.0,-0.1074434808601523,0.0,6.524754691305746,40.93304475907775,0.5060577667863204,0.003032336003422,6.7583060338573695,44.97139546417966,0.5375006668711932,0.0850583727578093,0.0295428859257455,-0.0351083872512944,-0.0193398265548274,1074.4444444444443
1944,1080.0,0.1511909136455296,0.0669712112723203,0.0497087602505564,0.0217536711520077,0.0241024841035722,0.0014099732477935,0.0089100585854014,-0.0009785627509607,0.0047579719536237,0.0077202480275033,0.2272047276355505,0.1562894052082174,0.1288423377715086,0.1019977269116,0.1018726969864911,0.0959627655049683,0.0858424489042201,0.0816035134154021,-0.0455654745595565,0.0,0.0343304021730307,0.0,-0.003844168935385,0.0,6.524754691305746,51.80775735669704,0.5060577667863204,0.003032336003422,6.7583060338573695,44.97139546417966,0.5375006668711932,0.0850583727578093,-0.0136696423678669,0.0068660804346061,-0.0006919504083693,1080.0
1954,1085.5555555555554,0.1651444445348281,0.0680549698760318,0.0525638374755152,0.0177486671991239,0.0190938453805703,0.009898195470799,0.003849460369125,0.0045164433242335,-0.0026729461841074,0.0029510687985858,0.2203776349544013,0.141191481770542,0.1369310450465143,0.1154284746895862,0.1083667496019895,0.0928711290973345,0.0909542741286428,0.0884590366546098,-0.0925891480816957,0.0,0.1786565745679144,0.0,0.0852345921798461,0.0,6.524754691305746,51.80775735669704,0.5332022306094434,0.003032336003422,6.7583060338573695,44.97139546417966,0.5375006668711932,0.0850583727578093,-0.0277767444245087,0.0357313149135828,0.0153422265923723,1085.5555555555554
1964,1091.111111111111,0.2296037797750642,0.1587731265754166,0.1374218236409568,0.1186323273125915,0.1148058177485084,0.1079883772155532,0.1132105491894388,0.1001793508681858,0.1044059099002554,0.1069656337615777,0.2302566316973015,0.1527526141683104,0.1286285836286003,0.1061922768203532,0.1071834552022374,0.090116929314814,0.0869659764852086,0.0839493684841468,-0.0079986015810557,0.0,-0.0043100087958058,0.0,-0.0101840415944369,0.0,6.524754691305746,51.80775735669704,0.5332022306094434,0.1016810562850964,6.7583060338573695,44.97139546417966,0.5375006668711932,0.0850583727578093,-0.0023995804743167,-0.0008620017591611,-0.0018331274869986,1091.111111111111
1974,1096.6666666666663,0.231863726585129,0.1556608627747147,0.1440343305709592,0.1253514673228592,0.1112922780377723,0.102649310861736,0.0970900561343029,0.09920155123729,0.1077048654131988,0.0955664960642329,0.2260263167763309,0.14593535117738,0.1392352757473741,0.1038583006785708,0.1014340148203282,0.086266001711244,0.0828790277982049,0.0980542050998945,0.0892800849259968,0.0,0.086044063365468,0.0,0.0968342569272445,0.0,6.524754691305746,51.80775735669704,0.5332022306094434,0.1016810562850964,6.0632260633316735,44.97139546417966,0.5375006668711932,0.0850583727578093,0.026784025477799,0.0172088126730936,0.017430166246904,1096.6666666666663
1984,1102.2222222222222,0.2324679041937564,0.1515493997440523,0.1435961515834176,0.1238410758708036,0.1096183172621868,0.0987601084959461,0.1118913368605477,0.0995782794987502,0.106610451723447,0.1034858966936386,0.2198010658206289,0.1446223008898092,0.1294260818287108,0.0989824509016233,0.0963342137639748,0.0931905661848843,0.0887398030212283,0.0846907915310123,0.0940343724037601,0.0,-0.0296735180767713,0.0,-0.0619455820191302,0.0,6.524754691305746,51.80775735669704,0.5332022306094434,0.1016810562850964,6.0632260633316735,46.2114039410639,0.5375006668711932,0.0850583727578093,0.028210311721128,-0.0059347036153542,-0.0111502047634434,1102.2222222222222
1994,1107.7777777777778,0.2321561193466661,0.1656780925802688,0.1432685298379283,0.1148013216309631,0.1146947673923128,0.1065776571009973,0.1008628393543677,0.1111502183022953,0.1038234851235653,0.1131130645383879,0.2654359532460871,0.1660118472487141,0.1432098800429005,0.1164672549778659,0.0980138467057727,0.0947444187810618,0.0834917752461833,0.0887888860329333,0.0516744605183061,0.0,0.0314739493664363,0.0,0.0095533442815808,0.0,6.524754691305746,51.80775735669704,0.5332022306094434,0.1016810562850964,6.0632260633316735,46.2114039410639,0.6876682573729227,0.0850583727578093,0.0155023381554918,0.0062947898732872,0.0017196019706845,1107.7777777777778
2004,1113.3333333333333,0.2407150559907611,0.1527330566204513,0.1343630073659224,0.1190975595025543,0.105907057901233,0.1088916857623885,0.1061743286997121,0.1226421020261723,0.1036918745907763,0.1021068206863108,0.2584902057710039,0.1590934512933083,0.1304368716167805,0.1096922347896561,0.1025947609753109,0.0830841365345962,0.0852028722171025,0.0811231655450984,0.1365252518459686,0.0,-0.0021890675904583,0.0,0.0829250102542608,0.0,6.524754691305746,51.80775735669704,0.5332022306094434,0.1016810562850964,6.0632260633316735,46.2114039410639,0.6876682573729227,0.0807594569815867,0.0409575755537905,-0.0004378135180916,0.0149265018457669,1113.3333333333333
2014,1118.888888888889,0.2705989468340299,0.1764453081937499,0.1718624554958343,0.121274925433609,0.1146679945749842,0.1151555127588988,0.1125139251886352,0.1082688461979308,0.113305810323773,0.1088672002919108,0.2650113286162679,0.1614478305450954,0.1360450844420619,0.103050035923293,0.1027064989953132,0.0923322111429445,0.0868513964129424,0.0755321354842303,-0.0645827359551693,0.0,-0.1129749724183625,0.0,-0.0028857453655401,0.0,8.997079688789603,51.80775735669704,0.5332022306094434,0.1016810562850964,6.0632260633316735,46.2114039410639,0.6876682573729227,0.0807594569815867,-0.0193748207865508,-0.0225949944836725,-0.0005194341657972,1118.888888888889
2024,1124.4444444444443,0.270428349716421,0.1680232018311735,0.160449618577524,0.135648590660785,0.1292728212729388,0.1120181122952162,0.1169336894183664,0.0964918605033943,0.1016554093878899,0.1039510634849844,0.2640878772710538,0.1460444794014027,0.1304462426642738,0.099011066269019,0.1038785901081342,0.0845048873070471,0.0833466220549585,0.0889887890964832,-0.0515710684203648,0.0,0.151316443950178,0.0,0.0421725658428459,0.0,8.997079688789603,53.16052163223452,0.5332022306094434,0.1016810562850964,6.0632260633316735,46.2114039410639,0.6876682573729227,0.0807594569815867,-0.0154713205261094,0.0302632887900356,0.0075910618517122,1124.4444444444443
2034,1130.0,0.3000693484896743,0.1872349324494224,0.1807067589594722,0.1285758327223215,0.1325485671997224,0.11476797488383,0.1174981440642639,0.1105173830269688,0.1073304166814567,0.1016975951833483,0.2694922361155091,0.1570558106291252,0.1372905967978127,0.103148131610806,0.0988442081918399,0.0787447477146927,0.0786962319743781,0.0829965325718789,0.0556632240422502,0.0,0.0052458589901293,0.0,-0.0447870137856239,0.0,8.997079688789603,53.16052163223452,0.6221501571227053,0.1016810562850964,6.0632260633316735,46.2114039410639,0.6876682573729227,0.0807594569815867,0.016698967212675,0.0010491717980258,-0.0080616624814123,1130.0
2044,1135.5555555555554,0.2673918467586817,0.134229636581704,0.1303187860029263,0.0582062900542694,0.0580697453465367,0.050785049267381,0.0442651280053031,0.0297870183657033,0.0352420163620054,0.0278934831078059,0.2578338895198689,0.1578546442326477,0.1399867828868342,0.111960350667631,0.091224365564417,0.0828432288102199,0.0850288120845169,0.0816724394588544,0.1764540878137744,0.0,0.1639809621003513,0.0,0.0200974079038077,0.0,8.997079688789603,53.16052163223452,0.6221501571227053,0.0286879020127346,6.0632260633316735,46.2114039410639,0.6876682573729227,0.0807594569815867,0.0529362263441323,0.0327961924200702,0.0036175334226853,1135.5555555555554
2054,1141.111111111111,0.2532211160741383,0.1226419842572949,0.1207472216616456,0.059823500274275,0.0530117651636755,0.0367960835671105,0.0441682538478862,0.0242961535975256,0.0276473626474222,0.03842213722506,0.3029940070718846,0.1853025668557054,0.1658709804540588,0.1136951433941592,0.1052172620594454,0.0889145654224895,0.0859493823682261,0.0882733085561785,0.0188386714721977,0.0,-0.0555159607268553,0.0,-0.0805542199064294,0.0,8.997079688789603,53.16052163223452,0.6221501571227053,0.0286879020127346,7.723184244773418,46.2114039410639,0.6876682573729227,0.0807594569815867,0.0056516014416593,-0.011103192145371,-0.0144997595831572,1141.111111111111
2064,1146.6666666666663,0.2589822975253715,0.1297996749667292,0.1208374048876218,0.0688543414537246,0.0668522168164249,0.0437383041595709,0.0398931032801429,0.0393059348664839,0.0330135940192822,0.0202492917296212,0.3146467651461386,0.1989309615911472,0.1672431603975956,0.116447419969005,0.1214145048888197,0.0978893110380367,0.0867693188497142,0.078909042948748,0.0968388262146301,0.0,-0.0361758170666239,0.0,0.051230856903316,0.0,8.997079688789603,53.16052163223452,0.6221501571227053,0.0286879020127346,7.723184244773418,40.79372836918,0.6876682573729227,0.0807594569815867,0.029051647864389,-0.0072351634133247,0.0092215542425968,1146.6666666666663
2074,1152.2222222222222,0.2547245257420851,0.1228138996415412,0.1235249558257085,0.0653532271119649,0.0687005902713456,0.0451486735215357,0.0495506165427937,0.0315393095665775,0.0334390361726464,0.0275441794955501,0.3017300186315412,0.1905213802396412,0.1675106964195718,0.1210832272947903,0.1124640689517802,0.090177770769771,0.0885051362706979,0.0839685395696521,0.1190374567460876,0.0,0.0393754009115437,0.0,0.0596799658610795,0.0,8.997079688789603,53.16052163223452,0.6221501571227053,0.0286879020127346,7.723184244773418,40.79372836918,0.6603328810183746,0.0807594569815867,0.0357112370238262,0.0078750801823087,0.0107423938549943,1152.2222222222222
2084,1157.7777777777776,0.2678316717176069,0.133801789707266,0.1204690572444533,0.0711821376634237,0.0706664826340532,0.0438194714397003,0.0443701865661537,0.0358177102695116,0.0346563581483413,0.0366407069573449,0.3385455616232181,0.2381234667617879,0.2240368213978768,0.176761583555589,0.1677731244783383,0.1510921775627664,0.1513508947903526,0.1501542313488373,-0.0561042889239981,0.0,-0.0363847291324687,0.0,-0.0279261259995596,0.0,8.997079688789603,53.16052163223452,0.6221501571227053,0.0286879020127346,7.723184244773418,40.79372836918,0.6603328810183746,0.1440106375539264,-0.0168312866771994,-0.0072769458264937,-0.0050267026799207,1157.7777777777776
2094,1163.3333333333333,0.2630825177323932,0.1221285885232603,0.1198324060023241,0.0697770840952166,0.0648516055186932,0.0469184654933414,0.0457478424466973,0.0331836421728721,0.0390677584729562,0.043660395393278,0.3397385268053494,0.2359925659786246,0.2248344227818883,0.1780435216021135,0.1786019960266391,0.1573348580277523,0.1567675961033522,0.149258131194388,-0.0263608755928297,0.0,-0.2108826761622505,0.0,-0.1449341057962287,0.0,9.132829028293903,53.16052163223452,0.6221501571227053,0.0286879020127346,7.723184244773418,40.79372836918,0.6603328810183746,0.1440106375539264,-0.0079082626778489,-0.0421765352324501,-0.0260881390433211,1163.3333333333333
2104,1168.888888888889,0.2909531571013438,0.1678346798755113,0.1400983899437053,0.0836510116429186,0.0814974972778874,0.0474138864071731,0.047840707391534,0.0403473091449639,0.0388164914602194,0.0255878376192541,0.3320002887234565,0.2383679538457377,0.2227077986800481,0.1808109934114497,0.1658834533977778,0.1618880243583035,0.1561350903033715,0.1539616910178682,0.0058439772998527,0.0,-0.0064911556575892,0.0,-0.1272830133284729,0.0,9.132829028293903,41.014192919321225,0.6221501571227053,0.0286879020127346,7.723184244773418,40.79372836918,0.6603328810183746,0.1440106375539264,0.0017531931899558,-0.0012982311315178,-0.0229109423991251,1168.888888888889
2114,1174.4444444444443,0.254354756333957,0.1480220450652079,0.129582368775597,0.0766443992292661,0.0713891773836996,0.0502706285307357,0.0490462677740532,0.0397493997313195,0.0216208350287001,0.0288716619990601,0.3417494187575502,0.2432976922806135,0.2231866190837788,0.1755168994963065,0.1693423230433901,0.1532613175029057,0.1480440344144597,0.1592204839770063,-0.0421731879509949,0.0,-0.1178901439195474,0.0,-0.017593589182098,0.0,9.132829028293903,41.014192919321225,0.5677320166760437,0.0286879020127346,7.723184244773418,40.79372836918,0.6603328810183746,0.1440106375539264,-0.0126519563852984,-0.0235780287839094,-0.0031668460527776,1174.4444444444443
2124,1180.0,0.2716151924256649,0.165728649373406,0.1399317720346724,0.0911359324698836,0.0876266856509885,0.061336412598401,0.0628238587231914,0.0564681722970161,0.0433126678248287,0.050781415603118,0.3310164662306749,0.2348943050661502,0.2110784675575936,0.1814784745100249,0.1776645254614666,0.1574883264995215,0.1555863089522145,0.1497265781051815,-0.0293118792403566,0.0,0.0046113989235715,0.0,-0.0423830293093011,0.0,9.132829028293903,41.014192919321225,0.5677320166760437,0.0477004796793423,7.723184244773418,40.79372836918,0.6603328810183746,0.1440106375539264,-0.008793563772107,0.0009222797847143,-0.0076289452756741,1180.0
2134,1185.5555555555554,0.2743698522935105,0.1605186507024089,0.1423654067764176,0.0889097139285314,0.0883279944894047,0.0571485041066815,0.0601637729988858,0.0596498098308924,0.0556205702013514,0.0564355347296626,0.3202379448947231,0.2179342465443539,0.2012602435633238,0.1650995199206837,0.1579493255588671,0.1518154728231154,0.1435132519678315,0.1466777071078843,0.0188988222097777,0.0,-0.0736222224534274,0.0,0.087150194742316,0.0,9.132829028293903,41.014192919321225,0.5677320166760437,0.0477004796793423,6.33815097516861,40.79372836918,0.6603328810183746,0.1440106375539264,0.0056696466629333,-0.0147244444906854,0.0156870350536168,1185.5555555555554
2144,1191.111111111111,0.2627012227485771,0.1569952836965762,0.1495338305226375,0.099601273975598,0.0918353877000221,0.0648522900731131,0.0655792600266965,0.0523409255224776,0.055640041704717,0.0426623523733252,0.3053388266482826,0.2081191072343044,0.1894655563831257,0.1576268216818271,0.151677196322065,0.1515232740083679,0.1483181897250633,0.150691562768963,-0.0274074335067073,0.0,0.0810610856878271,0.0,-0.0428782299067777,0.0,9.132829028293903,41.014192919321225,0.5677320166760437,0.0477004796793423,6.33815097516861,52.53223638656242,0.6603328810183746,0.1440106375539264,-0.0082222300520121,0.0162122171375654,-0.0077180813832199,1191.111111111111
2154,1196.6666666666663,0.2661122160550637,0.1731845190441689,0.1382673066482476,0.091180434676716,0.0824661712561002,0.0785403944109234,0.0705794271300774,0.0548692550184576,0.0584088658389302,0.0418277370589634,0.3044946108546079,0.2065409952898001,0.1858975315305055,0.1645810110077671,0.1626273008339959,0.147654985199676,0.1473006950394253,0.1406798801327493,-0.0721421880537564,0.0,-0.0380707872092525,0.0,-0.0816596451892483,0.0,9.132829028293903,41.014192919321225,0.5677320166760437,0.0477004796793423,6.33815097516861,52.53223638656242,0.6594916350732667,0.1440106375539264,-0.0216426564161269,-0.0076141574418505,-0.0146987361340647,1196.6666666666663
2164,1202.2222222222222,0.2698589865315169,0.1588730150038298,0.1426173245870757,0.0954708494223371,0.0803081776365632,0.0652654267665229,0.0539640463809604,0.0571422161469839,0.0500595440921731,0.0513765732532191,0.229638117350179,0.1150384988237162,0.1021788731557721,0.0762385171359732,0.0571643264996796,0.0570808773346308,0.0422224491429654,0.0466368670265488,-0.0777565394837468,0.0,-0.1148219293912051,0.0,0.0896566752444015,0.0,9.132829028293903,41.014192919321225,0.5677320166760437,0.0477004796793423,6.33815097516861,52.53223638656242,0.6594916350732667,0.0470582208003365,-0.023326961845124,-0.022964385878241,0.0161382015439922,1202.2222222222222
2174,1207.7777777777776,0.270412186681961,0.164855694676158,0.1477203265303427,0.0950950481028068,0.0865493357349504,0.0648366923305611,0.0644155028438588,0.0551319409309822,0.0486666297737987,0.0519508515228293,0.2354881972426954,0.12056120930416,0.0950330953416414,0.0705674437445277,0.0616421155858337,0.0425830023379504,0.0590810328521013,0.0431791744115656,0.0934414717599027,0.0,0.0653304239410378,0.0,0.0334969667718043,0.0,9.16098955173995,41.014192919321225,0.5677320166760437,0.0477004796793423,6.33815097516861,52.53223638656242,0.6594916350732667,0.0470582208003365,0.0280324415279708,0.0130660847882075,0.0060294540189247,1207.7777777777776
2184,1213.3333333333333,0.2516141631473756,0.1278948610135276,0.1180636807017192,0.0792764961449904,0.0822635184176293,0.0511764053337675,0.0693379715790961,0.0484945124422932,0.0435850067657716,0.0475143525487912,0.2392690068762125,0.1249824750655735,0.1025963355204207,0.0645130174697421,0.0677925535552755,0.053568992554284,0.0424582429997285,0.0569128965187693,-0.0236816008597092,0.0,0.0240875237484452,0.0,-0.0941206148390718,0.0,9.16098955173995,55.9425382569226,0.5677320166760437,0.0477004796793423,6.33815097516861,52.53223638656242,0.6594916350732667,0.0470582208003365,-0.0071044802579127,0.004817504749689,-0.0169417106710329,1213.3333333333333
2194,1218.888888888889,0.2376124324083322,0.1244236131565811,0.1204492360162517,0.0795612907015401,0.073510109557751,0.0598212121253249,0.0547193405506738,0.0427950967869222,0.0440653778977449,0.0498628009711246,0.227761549537379,0.1232864486904626,0.0998776440622327,0.0709354882220846,0.0630990771597845,0.0516062595152361,0.0592277637234645,0.0472872847381671,0.1115086662244059,0.0,0.0635570138974191,0.0,-0.0569966225796661,0.0,9.16098955173995,55.9425382569226,0.525827588294865,0.0477004796793423,6.33815097516861,52.53223638656242,0.6594916350732667,0.0470582208003365,0.0334525998673217,0.0127114027794838,-0.0102593920643399,1218.888888888889
2204,1224.4444444444443,0.2746766110568512,0.1774560879151023,0.1807060447287591,0.137767166640491,0.1345506637114676,0.1272594472047738,0.1244926184891313,0.1225129403711318,0.1269822713606082,0.1218909776881433,0.2335744950785536,0.1188736715524079,0.0974590570432163,0.0652490962557799,0.0667671994385558,0.055029999340578,0.044747592659307,0.0402530879001557,0.1795869076326926,0.0,0.0462415339995874,0.0,-0.1650707557796558,0.0,9.16098955173995,55.9425382569226,0.525827588294865,0.1150288735107232,6.33815097516861,52.53223638656242,0.6594916350732667,0.0470582208003365,0.0538760722898077,0.0092483067999174,-0.029712736040338,1224.4444444444443
2214,1230.0,0.2645503100532601,0.179232885535219,0.1739241798582158,0.1388751598696967,0.1377542920956173,0.1145327760014304,0.1216567188908337,0.1223410298658213,0.1207509776174337,0.1187530422049026,0.273621202004374,0.1502717703394075,0.1331438472489805,0.0914885530327303,0.0841119896020616,0.0547097963752742,0.0611696913124278,0.0480688990234521,0.0173163952450984,0.0,-0.1427645417235239,0.0,-0.1341001300142892,0.0,9.16098955173995,55.9425382569226,0.525827588294865,0.1150288735107232,8.647862159705754,52.53223638656242,0.6594916350732667,0.0470582208003365,0.0051949185735295,-0.0285529083447047,-0.024138023402572,1230.0
2224,1235.5555555555554,0.271446068628932,0.1816913267928062,0.1732780688617914,0.1384767377648258,0.1374030938186183,0.1217651664206237,0.1335361164172814,0.1162237257293743,0.1212329453065796,0.1153680925614842,0.2953291037349379,0.1689154006150451,0.1496431690018348,0.0919085109335894,0.0804939310991525,0.0591253264288537,0.0665413037497514,0.0435983691956257,-0.0660395749460737,0.0,-0.1844702116402311,0.0,0.0491738292107105,0.0,9.16098955173995,55.9425382569226,0.525827588294865,0.1150288735107232,8.647862159705754,43.94565139663493,0.6594916350732667,0.0470582208003365,-0.0198118724838221,-0.0368940423280462,0.0088512892579278,1235.5555555555554
2234,1241.111111111111,0.2754920840741662,0.1829881605551344,0.1694160029058674,0.1430766255836812,0.144887904667287,0.1225113618167841,0.1171010958326954,0.1211990210581057,0.1217618933870452,0.1232969146582865,0.2649616547923098,0.1538722850610352,0.1368895589530226,0.0927634873519132,0.0862099421037885,0.0647472077472437,0.0591447515420534,0.0462841609684848,-0.0558318813653608,0.0,0.0263525701464958,0.0,0.0780661786253466,0.0,9.16098955173995,55.9425382569226,0.525827588294865,0.1150288735107232,8.647862159705754,43.94565139663493,0.6147282358997046,0.0470582208003365,-0.0167495644096082,0.0052705140292991,0.0140519121525624,1241.111111111111
2244,1246.6666666666663,0.2849172229095663,0.1798603719191924,0.1796983232232422,0.1351610274475183,0.1360663986915174,0.1206583639703257,0.1263212988519415,0.1194496321051299,0.1167091784626812,0.1144964602823336,0.3056314449829131,0.1945636545070561,0.1753825130639226,0.1316147277309856,0.1259994862671916,0.1156233352160736,0.1059648837685481,0.1020143968811703,0.1079019443315352,0.0,0.0285236978025051,0.0,0.0561787047972314,0.0,9.16098955173995,55.9425382569226,0.525827588294865,0.1150288735107232,8.647862159705754,43.94565139663493,0.6147282358997046,0.0958124949033154,0.0323705832994605,0.005704739560501,0.0101121668635016,1246.6666666666663
2254,1252.2222222222222,0.271180639690693,0.1817302782566261,0.1766758107448075,0.1449609954430001,0.1309287267979822,0.1201822448542832,0.1193635381460225,0.1218987977511979,0.1148655844765717,0.1176187743083743,0.3063693652027095,0.191283262000604,0.1773634247097624,0.142911052914216,0.13778565452801,0.113923255907191,0.1031971863434909,0.104171334355845,-0.0761856454729225,0.0,-0.0343619501452316,0.0,0.135956324199154,0.0,8.34986962397632,55.9425382569226,0.525827588294865,0.1150288735107232,8.647862159705754,43.94565139663493,0.6147282358997046,0.0958124949033154,-0.0228556936418767,-0.0068723900290463,0.0244721383558477,1252.2222222222222
2264,1257.7777777777776,0.2829479831851541,0.2011161983826085,0.1869202439532904,0.1537754526444237,0.1454282303375172,0.1236021680673908,0.1166259330625882,0.113754190949362,0.1156717860963119,0.110013628969709,0.3072000438002688,0.2026215668648608,0.1813288043771967,0.1404284484641295,0.1246024310416838,0.1119593850941393,0.1008227161794617,0.1032398685061634,0.0228290427715944,0.0,-0.1287870849595355,0.0,-0.1330174893424117,0.0,8.34986962397632,41.92491355256087,0.525827588294865,0.1150288735107232,8.647862159705754,43.94565139663493,0.6147282358997046,0.0958124949033154,0.0068487128314783,-0.0257574169919071,-0.0239431480816341,1257.7777777777776
2274,1263.3333333333333,0.3285287185767812,0.221061400293107,0.1975130119782684,0.157602920804416,0.1425191652326058,0.1296007554050899,0.1309379238311702,0.107863465366882,0.1193772267310153,0.1179229943705859,0.3020747151785996,0.1946775444501589,0.180364474572379,0.1412081037140081,0.1349787373911201,0.1154468481688988,0.1070294094892619,0.0987877030621436,-0.0500514198500291,0.0,0.1564222684150927,0.0,0.1178707500835254,0.0,8.34986962397632,41.92491355256087,0.6322382922029898,0.1150288735107232,8.647862159705754,43.94565139663493,0.6147282358997046,0.0958124949033154,-0.0150154259550087,0.0312844536830185,0.0212167350150345,1263.3333333333333
2284,1268.888888888889,0.2953578369151246,0.1989321974158706,0.1765944915255171,0.1366765328021859,0.1336639566238648,0.1055169962769761,0.1106731011044089,0.1045242460490854,0.0896359695285276,0.092547842632947,0.2989005319899424,0.1939988933056433,0.1726237801429424,0.1448866477062266,0.1242888834500265,0.1106240334470634,0.0986990388206584,0.1059804651858464,-0.1424456813821772,0.0,-0.010733456797844,0.0,0.0478325135708552,0.0,8.34986962397632,41.92491355256087,0.6322382922029898,0.0947932087019278,8.647862159705754,43.94565139663493,0.6147282358997046,0.0958124949033154,-0.0427337044146531,-0.0021466913595688,0.0086098524427539,1268.888888888889
2294,1274.4444444444443,0.3133735336284805,0.2043207575299154,0.1780092683549843,0.1320113996361487,0.1276974898178144,0.1078302590990924,0.1135529507003096,0.0953300309389091,0.099154233832953,0.0891995564438995,0.3083228680002525,0.1940090565459525,0.1690284260460225,0.1438970299686105,0.1290735565702548,0.1065539719648019,0.1066330228287664,0.0974633191314979,-0.0125118270779349,0.0,0.0994540168178138,0.0,0.0300411611257492,0.0,8.34986962397632,41.92491355256087,0.6322382922029898,0.0947932087019278,8.471656467006042,43.94565139663493,0.6147282358997046,0.0958124949033154,-0.0037535481233804,0.0198908033635627,0.0054074090026348,1274.4444444444443
2304,1280.0,0.3137818832929541,0.1992507170884851,0.175203605957522,0.1512052596198865,0.1282362206811341,0.1128160486442311,0.1096806182313895,0.0963913204877514,0.0966245322306758,0.0989236476841331,0.2938581349760921,0.1780465675685542,0.1572440184988402,0.1101318540467036,0.1235150859174448,0.1085527500962934,0.1040644248097122,0.1006092933732101,0.0282463042612788,0.0,0.1968829264105796,0.0,0.0860585603304461,0.0,8.34986962397632,41.92491355256087,0.6322382922029898,0.0947932087019278,8.471656467006042,56.070253982606566,0.6147282358997046,0.0958124949033154,0.0084738912783836,0.0393765852821159,0.0154905408594802,1280.0
2314,1285.5555555555554,0.3041601978888422,0.2015082056025323,0.1853997451323498,0.1426278627484153,0.1265358468408358,0.1104068765609777,0.1091082245630218,0.1015783030014804,0.097676842676097,0.0902683154036562,0.267520837241363,0.1615772497165777,0.1485548332485319,0.1215054503715856,0.1121771576079088,0.1069402219879902,0.1102559583771725,0.0986539478344214,0.0036417327267417,0.0,0.0217689406690319,0.0,0.1913123453685846,0.0,8.34986962397632,41.92491355256087,0.6322382922029898,0.0947932087019278,8.471656467006042,56.070253982606566,0.5654336415865311,0.0958124949033154,0.0010925198180225,0.0043537881338063,0.0344362221663452,1285.5555555555554
2324,1291.111111111111,0.3077335114546237,0.194671646898985,0.1867656998361149,0.1366831941494659,0.1264474220436564,0.1112053163202954,0.1144192063177326,0.0989935850720556,0.0871665801091699,0.0984204083991747,0.2715351655176712,0.1711304461770139,0.1668253831303087,0.1318126392410547,0.1321076741351872,0.110389878553003,0.1165229995824888,0.1083896678729027,-0.0581352863643845,0.0,0.0114571248802989,0.0,-0.0941280810069783,0.0,8.34986962397632,41.92491355256087,0.6322382922029898,0.0947932087019278,8.471656467006042,56.070253982606566,0.5654336415865311,0.108307099938983,-0.0174405859093153,0.0022914249760597,-0.0169430545812561,1291.111111111111
2334,1296.6666666666663,0.3248035926564309,0.2138127339698876,0.1897969990670363,0.1490872715671262,0.1384277920400826,0.1222043726684375,0.1160970057223778,0.1017557704241918,0.0952351455141008,0.1067197735033532,0.2767422020425187,0.1785490413091442,0.1759222952830268,0.1336635212335443,0.1352714465598059,0.1198056737113766,0.1284065877558494,0.1133492302285068,0.1090306993000109,0.0,-0.0435782532661148,0.0,-0.0813883206160246,0.0,9.17527484023154,41.92491355256087,0.6322382922029898,0.0947932087019278,8.471656467006042,56.070253982606566,0.5654336415865311,0.108307099938983,0.0327092097900032,-0.0087156506532229,-0.0146498977108844,1296.6666666666663
2344,1302.2222222222222,0.30582150159678,0.1771528140211104,0.1623691668089411,0.1253229338809398,0.1207049568335688,0.1137088938030312,0.1111789189970911,0.09965514769179,0.0933679806268231,0.1020476872989572,0.2693417634663713,0.1782774049674998,0.1661486921401035,0.1424369928556401,0.1188877395400514,0.1113169877396419,0.1139501697376926,0.1132585525819024,-0.0874029754336708,0.0,0.16881935142447,0.0,0.0317741100094123,0.0,9.17527484023154,57.85895516381579,0.6322382922029898,0.0947932087019278,8.471656467006042,56.070253982606566,0.5654336415865311,0.108307099938983,-0.0262208926301012,0.033763870284894,0.0057193398016942,1302.2222222222222
2354,1307.7777777777776,0.2669889190772462,0.1596192799099901,0.1618344988999071,0.1298514077626163,0.1205094862049054,0.1022426352019948,0.1060744810371522,0.0999111455578559,0.0977373220002232,0.0987262836873995,0.2854409865268666,0.1734436487088352,0.1740219007242182,0.1318595503128344,0.1308629139829345,0.10892154590972,0.1189339635287991,0.1083805411871283,0.0332847091086253,0.0,-0.0325332615434087,0.0,0.0544749535356621,0.0,9.17527484023154,57.85895516381579,0.5323024653893998,0.0947932087019278,8.471656467006042,56.070253982606566,0.5654336415865311,0.108307099938983,0.0099854127325875,-0.0065066523086817,0.0098054916364191,1307.7777777777776
2364,1313.3333333333333,0.2014449750081193,0.0912046468689218,0.0768210436651729,0.0348647434792419,0.0281172408342909,0.0141539506038473,0.0182077858927214,0.0155538959390618,0.011059337807022,0.002094352972875,0.2712199071735569,0.173177447584414,0.1659930574877941,0.1309503267575351,0.1267827443497606,0.1134044079194928,0.1171560242804518,0.1095799519262006,-0.0926493577694981,0.0,-0.1396482314060638,0.0,-0.0484218236845144,0.0,9.17527484023154,57.85895516381579,0.5323024653893998,0.0040053525129426,8.471656467006042,56.070253982606566,0.5654336415865311,0.108307099938983,-0.0277948073308494,-0.0279296462812127,-0.0087159282632125,1313.3333333333333
2374,1318.888888888889,0.2026618382344554,0.0872351676180163,0.0849474432524386,0.0348820936415777,0.0306772495906937,0.0230560159224162,0.0086624458547803,0.0141829991403286,0.0116583398448108,0.0032675405486409,0.2687251345563766,0.1693246247920445,0.1640076715659355,0.1311715782056237,0.1359721802468383,0.1197945825197554,0.1105126432465228,0.1073671785178646,-0.023260270201862,0.0,0.1890902928175541,0.0,0.0321622722598205,0.0,9.17527484023154,57.85895516381579,0.5323024653893998,0.0040053525129426,7.952422330266685,56.070253982606566,0.5654336415865311,0.108307099938983,-0.0069780810605586,0.0378180585635108,0.0057892090067676,1318.888888888889
2384,1324.4444444444443,0.2090121326957543,0.0924515613651836,0.0901858162562538,0.0312892850001462,0.0458321308861311,0.0157575495148601,0.01003424641093,0.0115416632633795,0.0203829772503075,0.0069607891973159,0.2776418214428486,0.1910343303145518,0.1641243568586272,0.1402681361580089,0.1354197075220325,0.1173872811338126,0.1196508123288249,0.1116981461444048,-0.0234385741920104,0.0,-0.0522714858263205,0.0,0.0134840814285662,0.0,9.17527484023154,57.85895516381579,0.5323024653893998,0.0040053525129426,7.952422330266685,44.29352545487527,0.5654336415865311,0.108307099938983,-0.0070315722576031,-0.0104542971652641,0.0024271346571419,1324.4444444444443
2394,1330.0,0.2010987884832135,0.1020802991491848,0.080518871064201,0.0381301969320683,0.0438662975820846,0.0112682583941175,0.0225967049238571,0.0092665694154569,0.0117872871880013,0.0149545359225087,0.3030865278530743,0.2017233489058165,0.17406008568078,0.1453571901709245,0.1307239311538097,0.1191280621311081,0.1079207231950014,0.1095584893928971,0.1451962714613461,0.0,0.0630092450348432,0.0,0.0522180855657,0.0,9.17527484023154,57.85895516381579,0.5323024653893998,0.0040053525129426,7.952422330266685,44.29352545487527,0.6127419448534138,0.108307099938983,0.0435588814384038,0.0126018490069686,0.009399255401826,1330.0
2404,1335.5555555555554,0.2099085705396177,0.0858111942269611,0.0720508095452399,0.0343528567044355,0.0292947225366512,0.0119837294175803,0.0107400794292598,0.009373076695477,0.0105773593747516,0.0127450262074113,0.3069210458750959,0.2253452922733213,0.2051370289560647,0.1794127499857152,0.1633335359488075,0.1503561319587122,0.1488360893607649,0.1433407833052807,-0.0784813606149387,0.0,0.040842741195058,0.0,-0.0699104649961368,0.0,9.17527484023154,57.85895516381579,0.5323024653893998,0.0040053525129426,7.952422330266685,44.29352545487527,0.6127419448534138,0.1417206794710261,-0.0235444081844816,0.0081685482390116,-0.0125838836993046,1335.5555555555554
2414,1341.111111111111,0.1807696353740266,0.0770413215204493,0.0636075662177691,0.0160135746428702,0.027404983926346,0.0087294219737487,0.0157312549469642,0.0050082430493086,0.0178462032226728,0.0067728757130828,0.3174982113937588,0.2193986424887259,0.2099977096067197,0.1703323339452334,0.1716605559767393,0.1516266472883138,0.1525038119614829,0.1409284946292999,0.0135021861439318,0.0,0.0136252462769124,0.0,0.1416863130299379,0.0,7.613822797608217,57.85895516381579,0.5323024653893998,0.0040053525129426,7.952422330266685,44.29352545487527,0.6127419448534138,0.1417206794710261,0.0040506558431795,0.0027250492553824,0.0255035363453888,1341.111111111111
2424,1346.6666666666663,0.1991633617521952,0.0761064610805734,0.0678476118779691,0.0392056338624359,0.0303820516550112,0.0090142335699248,0.0060433112297513,0.0074549346882364,0.0006750503996862,0.0132366336424081,0.3131300357030041,0.2131475108198963,0.2054008844595686,0.1745392789315077,0.1625754986515864,0.1525879697306406,0.1473548996358508,0.1489029390106597,-0.1794898587453862,0.0,-0.2069408533174205,0.0,0.1205853499337586,0.0,7.613822797608217,45.055491007686136,0.5323024653893998,0.0040053525129426,7.952422330266685,44.29352545487527,0.6127419448534138,0.1417206794710261,-0.0538469576236158,-0.0413881706634841,0.0217053629880765,1346.6666666666663
2434,1352.2222222222222,0.2188126558557971,0.1016226450076793,0.0797818698083017,0.0406887255835721,0.02434251808615,0.0227917750118591,0.0164628666843737,0.0047164146629082,0.0002405837483399,0.0083435256752109,0.3120839377587996,0.2226611364149547,0.2050421853882262,0.1718173615456969,0.1647428898869734,0.1605545893664303,0.1536704694353936,0.1421576132872724,-0.1330564330020845,0.0,0.0125286891417806,0.0,-0.0977759450495787,0.0,7.613822797608217,45.055491007686136,0.5913020099923738,0.0040053525129426,7.952422330266685,44.29352545487527,0.6127419448534138,0.1417206794710261,-0.0399169299006253,0.0025057378283561,-0.0175996701089241,1352.2222222222222
2444,1357.7777777777776,0.2802116370173443,0.1849053659131977,0.166107887062414,0.1276715164694098,0.1273721166117005,0.1114141745813151,0.1166930628974052,0.1011074586175663,0.0957024526563397,0.0939999801229868,0.3235782000854311,0.2325392489715372,0.2007399449148095,0.1672942140436346,0.1808764968155809,0.1419606321681079,0.1458672758020172,0.1446509218201407,0.0331754443095165,0.0,-0.0832490498924223,0.0,-0.0628161338044537,0.0,7.613822797608217,45.055491007686136,0.5913020099923738,0.09858658699061,7.952422330266685,44.29352545487527,0.6127419448534138,0.1417206794710261,0.0099526332928549,-0.0166498099784844,-0.0113069040848016,1357.7777777777776
2454,1363.3333333333333,0.2729248463651721,0.181602390995806,0.1709422196832221,0.1320577331697119,0.1218336510233767,0.1040703444675521,0.1097391818494548,0.0976228988139502,0.1018138662033885,0.1037045927544553,0.2902825957871541,0.2115509402878004,0.1869432802658393,0.1705173242685818,0.1562405249229802,0.1480711457668685,0.1402868431850806,0.1457895819717646,0.0604728757687403,0.0,-0.2066208744220893,0.0,-0.081259419638121,0.0,7.613822797608217,45.055491007686136,0.5913020099923738,0.09858658699061,6.303296903563976,44.29352545487527,0.6127419448534138,0.1417206794710261,0.0181418627306221,-0.0413241748844178,-0.0146266955348617,1363.3333333333333
2464,1368.888888888889,0.2743086047782116,0.1836126027197874,0.1678255196411568,0.1247332436652413,0.1170568150672395,0.1014017158658835,0.1036689330708254,0.1025019720475098,0.0939782569079197,0.0909757545233269,0.2841820012827335,0.1992887329020166,0.1891015853088442,0.1457307517581012,0.1537336430954592,0.1376756880034203,0.1449310814464108,0.1480017647612334,-0.017109256640772,0.0,0.1426606519177649,0.0,0.1562671892452207,0.0,7.613822797608217,45.055491007686136,0.5913020099923738,0.09858658699061,6.303296903563976,47.611695270010856,0.6127419448534138,0.1417206794710261,-0.0051327769922316,0.0285321303835529,0.0281280940641397,1368.888888888889
2474,1374.4444444444443,0.284384681600739,0.1716715643953553,0.1501044523290066,0.1261034752858831,0.1166230829128256,0.1101621672899537,0.1134205840163936,0.108931951089483,0.1015960980588431,0.0934535403034854,0.2523482056012471,0.1928891732260654,0.1818464701525786,0.1529830710999559,0.1546898595227579,0.139062855679099,0.1498838896060972,0.1451713576524572,-0.0562730759690431,0.0,-0.0497489677613633,0.0,0.0781377337572351,0.0,7.613822797608217,45.055491007686136,0.5913020099923738,0.09858658699061,6.303296903563976,47.611695270010856,0.5267442377677045,0.1417206794710261,-0.0168819227907129,-0.0099497935522726,0.0140647920763023,1374.4444444444443
2484,1380.0,0.2726734495923054,0.1792738043812884,0.1593798554586703,0.1275979656359147,0.1278581098997707,0.1163235416466165,0.1051669999583385,0.103142679077795,0.1051157124828206,0.1010909747527376,0.2391788186204403,0.1566708754638714,0.1397956004901205,0.1151301265296329,0.1202344441289576,0.1085035015519975,0.1041290348770634,0.0985257369617241,0.0684052388873472,0.0,-0.1578607220855258,0.0,-0.1346537440862444,0.0,7.613822797608217,45.055491007686136,0.5913020099923738,0.09858658699061,6.303296903563976,47.611695270010856,0.5267442377677045,0.099366933242138,0.0205215716662041,-0.0315721444171051,-0.024237673935524,1380.0
2494,1385.5555555555554,0.3004974857592284,0.1845987125584828,0.1844799863210657,0.1294783517460641,0.1314804253113239,0.115909950459914,0.1077625671611548,0.1047744273428133,0.1122140682648801,0.0931595304650082,0.2281555218416841,0.1543977860036488,0.1317732689772026,0.118788708639036,0.1049807032887053,0.1047265698816315,0.1075799374658195,0.1003487915701525,-0.1403310645394252,0.0,0.1186322454773042,0.0,-0.0108611690574036,0.0,9.05776810324219,45.055491007686136,0.5913020099923738,0.09858658699061,6.303296903563976,47.611695270010856,0.5267442377677045,0.099366933242138,-0.0420993193618275,0.0237264490954608,-0.0019550104303326,1385.5555555555554
2504,1391.111111111111,0.2996524640570373,0.1924790291980708,0.1796521883518196,0.1402277882807439,0.1329002569709284,0.1196976533385981,0.1068917779252979,0.102781657445411,0.101662662947762,0.0958722658707462,0.2327576672580115,0.1616203784528367,0.1372951094591189,0.1074826498084344,0.1068443168037798,0.1032109156237365,0.1032252890546425,0.1099421126017802,-0.0253840799526824,0.0,0.051591912410502,0.0,0.090285563267673,0.0,9.05776810324219,47.53707562817565,0.5913020099923738,0.09858658699061,6.303296903563976,47.611695270010856,0.5267442377677045,0.099366933242138,-0.0076152239858047,0.0103183824821004,0.0162514013881811,1391.111111111111
2514,1396.6666666666663,0.2825908619145072,0.1893613677653684,0.175170825107578,0.130233489981011,0.1256561631349916,0.1134616109027745,0.1096551779963151,0.1079868495322463,0.1082296223993276,0.1036533379586248,0.2319950108942908,0.1499175913012798,0.1371035207199482,0.1069269956621893,0.1084424969707566,0.1012461920691963,0.1016144320560732,0.0964058740711624,0.1615288627903834,0.0,0.0885341275534412,0.0,0.0759468243611344,0.0,9.05776810324219,47.53707562817565,0.5743447905548836,0.09858658699061,6.303296903563976,47.611695270010856,0.5267442377677045,0.099366933242138,0.048458658837115,0.0177068255106882,0.0136704283850041,1396.6666666666663
2524,1402.2222222222222,0.284136798314435,0.1709428495868253,0.1581652665317478,0.1163434330779947,0.1217750822287315,0.0958524262069969,0.0958581054561275,0.076758414759277,0.0950130393735023,0.0797107095178634,0.2308383819608104,0.1512726042090061,0.1443788067274496,0.1217629269765466,0.1086676281962639,0.1084773913052252,0.1005096606876233,0.0922860034867659,0.0650081904319978,0.0,-0.0671806331935591,0.0,0.0851674506934755,0.0,9.05776810324219,47.53707562817565,0.5743447905548836,0.0809282488421151,6.303296903563976,47.611695270010856,0.5267442377677045,0.099366933242138,0.0195024571295993,-0.0134361266387118,0.0153301411248255,1402.2222222222222
2534,1407.7777777777776,0.2830888354572554,0.1774682195019906,0.1547703131334487,0.122928778319807,0.1051547818358774,0.1039515710414218,0.0948761413023272,0.0933288632807368,0.089348191271989,0.0911205596265922,0.2471206673924083,0.1594135518953362,0.1456481292008592,0.118339719700212,0.1070505632141296,0.1023207751937046,0.1075584322898893,0.1008901673266499,0.0507127534897757,0.0,-0.0527965907121705,0.0,-0.0138501070844757,0.0,9.05776810324219,47.53707562817565,0.5743447905548836,0.0809282488421151,6.64517333891428,47.611695270010856,0.5267442377677045,0.099366933242138,0.0152138260469327,-0.0105593181424341,-0.0024930192752056,1407.7777777777776
2544,1413.3333333333333,0.2749708731604202,0.1766439325020993,0.1581084296127912,0.120061042127398,0.1116843504923694,0.0856263643422897,0.1028781501508491,0.085069978784889,0.0941632126295808,0.0845523427863777,0.2461853352427597,0.163601713145845,0.1392067442588325,0.1229711560779436,0.1072761901621484,0.1054523568182758,0.0998982360244688,0.102675036421458,-0.0726778667802497,0.0,0.0687810270681109,0.0,-0.1121432183112173,0.0,9.05776810324219,47.53707562817565,0.5743447905548836,0.0809282488421151,6.64517333891428,44.94819183233542,0.5267442377677045,0.099366933242138,-0.0218033600340749,0.0137562054136221,-0.0201857792960191,1413.3333333333333
2554,1418.888888888889,0.2756710461644472,0.1696678873713643,0.1695583329846365,0.1151810099244522,0.1207570482554234,0.0900356535058043,0.0930475606298071,0.0881123560311402,0.0842441379724249,0.0912059630056404,0.2468081931478774,0.1765008401097371,0.1395023476534737,0.1205985090897469,0.1134144957970485,0.1002201672087087,0.1040993022163769,0.0947648440518639,-0.0188744058795649,0.0,0.111224291946451,0.0,0.1166532319741321,0.0,9.05776810324219,47.53707562817565,0.5743447905548836,0.0809282488421151,6.64517333891428,44.94819183233542,0.5659704566564828,0.099366933242138,-0.0056623217638694,0.0222448583892902,0.0209975817553437,1418.888888888889
2564,1424.4444444444443,0.2841568656392722,0.184390153731864,0.1670870678368963,0.122803142636955,0.1216387162663249,0.097764810584694,0.0878201989498559,0.0812798739316321,0.081516065030907,0.077533389437379,0.2308035872536885,0.1382438517589697,0.1236314750829133,0.0967885864256274,0.0838486191490227,0.0821239751521033,0.0785659710053155,0.0685208811715568,0.0390767215970448,0.0,0.0871108254778283,0.0,-0.0841608492073094,0.0,9.05776810324219,47.53707562817565,0.5743447905548836,0.0809282488421151,6.64517333891428,44.94819183233542,0.5659704566564828,0.0686138547207326,0.0117230164791134,0.0174221650955656,-0.0151489528573156,1424.4444444444443
2574,1430.0,0.2366010194607959,0.1514355240977551,0.1227932268596311,0.1013619028818287,0.0897246000237364,0.0883739234859464,0.0834400105334514,0.0892532667350666,0.0773180024615487,0.0802076543486716,0.2304744960863917,0.1436991650551169,0.1248893322611393,0.0913640125121229,0.0835398836806395,0.0747700223054877,0.0695344576993549,0.0787970336521476,0.0479178078039064,0.0,-0.016124920273915,0.0,0.1929469078249535,0.0,6.660900672968236,47.53707562817565,0.5743447905548836,0.0809282488421151,6.64517333891428,44.94819183233542,0.5659704566564828,0.0686138547207326,0.0143753423411719,-0.003224984054783,0.0347304434084916,1430.0
2584,1435.5555555555554,0.2323840207795432,0.1413960839113275,0.1321682520591957,0.1024872382066475,0.1014899271048586,0.0803076957106044,0.1019823534186274,0.0809760079906343,0.0781566556621885,0.0752723449720468,0.2336348547111512,0.1333241533116342,0.1245620501885101,0.0964795309072594,0.0812775265085718,0.0793697697098125,0.0673756180304119,0.0731201071999071,-0.0294713256817936,0.0,0.1263554040852975,0.0,0.0434104171895496,0.0,6.660900672968236,55.05464272734011,0.5743447905548836,0.0809282488421151,6.64517333891428,44.94819183233542,0.5659704566564828,0.0686138547207326,-0.008841397704538,0.0252710808170595,0.0078138750941189,1435.5555555555554
2594,1441.111111111111,0.2472330811319977,0.153622203721883,0.1314884813486811,0.1074464882868901,0.1018293231671849,0.0840111912790927,0.087745107378814,0.0967130508676684,0.0848282876724385,0.0816535677129554,0.2323883558610038,0.1455362612265245,0.1243177095638448,0.081140650104019,0.0711887171116745,0.0808450648285499,0.0726387401461674,0.0711829432401524,0.1490422637414386,0.0,0.1014521665354734,0.0,-0.0453892472662649,0.0,6.660900672968236,55.05464272734011,0.6158109148858508,0.0809282488421151,6.64517333891428,44.94819183233542,0.5659704566564828,0.0686138547207326,0.0447126791224316,0.0202904333070946,-0.0081700645079276,1441.111111111111
2604,1446.6666666666663,0.2171017726551317,0.11523794053598,0.0911135994602732,0.0674327902574668,0.0612564303460648,0.0551528253866037,0.0344530416029399,0.0483207548333418,0.0456840034894546,0.0528218329072443,0.232281255973544,0.1443538269632779,0.1108519508187151,0.0992962953023169,0.0826405500663277,0.0748855028734742,0.0783601666520929,0.0750042786544269,0.0111731186176605,0.0,0.03784873186389,0.0,0.0326858365965795,0.0,6.660900672968236,55.05464272734011,0.6158109148858508,0.0449540809335751,6.64517333891428,44.94819183233542,0.5659704566564828,0.0686138547207326,0.0033519355852981,0.007569746372778,0.0058834505873843,1446.6666666666663
2614,1452.2222222222222,0.2202237023925865,0.0990834437384104,0.1018999937301479,0.0664059293498023,0.0577527500716175,0.0534902909495249,0.0546393508104001,0.0490340903205379,0.0528639991762256,0.0527209972088422,0.2194540320192354,0.1444709685684804,0.1225251370358277,0.0898387913099878,0.0836767591527599,0.0819511721889043,0.0799060923990918,0.0755826816412102,0.1042444682323674,0.0,0.0378667767147829,0.0,-0.0188365527231683,0.0,6.660900672968236,55.05464272734011,0.6158109148858508,0.0449540809335751,6.232639717053009,44.94819183233542,0.5659704566564828,0.0686138547207326,0.0312733404697102,0.0075733553429565,-0.0033905794901703,1452.2222222222222
2624,1457.7777777777776,0.2177339248046023,0.1146943557419161,0.0994352480571386,0.0687963019294721,0.0679357606263685,0.0498684130798374,0.0503295952694403,0.0441501456633702,0.0423706205524801,0.0521838039214123,0.2028862548596066,0.127405483448588,0.1112316701973045,0.0854907479255704,0.0793214789364885,0.0717617486834323,0.0793286652009929,0.0733996614365171,-0.0951376590781624,0.0,0.0818959660950221,0.0,0.1476411448128926,0.0,6.660900672968236,55.05464272734011,0.6158109148858508,0.0449540809335751,6.232639717053009,55.26361902802962,0.5659704566564828,0.0686138547207326,-0.0285412977234487,0.0163791932190044,0.0265754060663206,1457.7777777777776
2634,1463.3333333333333,0.2245510597683853,0.1129097641339334,0.0974992198487336,0.0717868353411234,0.0687093176329927,0.0427832019469795,0.0460917701284993,0.0502845787158377,0.04210881327961,0.0468232119310643,0.2020279485441771,0.1247168018381936,0.1066343869557135,0.0856740258967581,0.0730760840469575,0.0785727164408552,0.0770935108157179,0.070079792125805,-0.0017539497034508,0.0,0.1593583272684153,0.0,-0.0414249433120989,0.0,6.660900672968236,55.05464272734011,0.6158109148858508,0.0449540809335751,6.232639717053009,55.26361902802962,0.5262157976582641,0.0686138547207326,-0.0005261849110352,0.031871665453683,-0.0074564897961778,1463.3333333333333
2644,1468.888888888889,0.2187081042578918,0.1113565453988018,0.1012490885031982,0.0645572671685382,0.0517425216302909,0.0528358164239076,0.0595787022096843,0.049889123337433,0.0566708157854204,0.0402178510940561,0.1576751577238652,0.0795013572503244,0.0684454974345194,0.0357973597470857,0.0358108025903165,0.0264994274927473,0.0217741679203038,0.0150557805812512,-0.1040582286957815,0.0,-0.0278937459766315,0.0,-0.0603731215802595,0.0,6.660900672968236,55.05464272734011,0.6158109148858508,0.0449540809335751,6.232639717053009,55.26361902802962,0.5262157976582641,0.0199809963524517,-0.0312174686087344,-0.0055787491953263,-0.0108671618844467,1468.888888888889
2654,1474.4444444444443,0.2199502678380531,0.1067155672590354,0.0968329491662604,0.0645770595368663,0.0551322113207419,0.053159808976252,0.047856053856437,0.0509635308929646,0.0484889798413454,0.0593176027578278,0.1649785503576874,0.0797395516948108,0.0663920146876739,0.0356122071064759,0.0254658774527035,0.0253825592202746,0.0274789732196962,0.0175853908187066,-0.0887548800669361,0.0,0.0507238093449547,0.0,0.0308584202629709,0.0,6.818189586583285,55.05464272734011,0.6158109148858508,0.0449540809335751,6.232639717053009,55.26361902802962,0.5262157976582641,0.0199809963524517,-0.0266264640200808,0.0101447618689909,0.0055545156473347,1474.4444444444443
2664,1480.0,0.2409110501446725,0.1450868331478578,0.1183219720401317,0.0728300590239339,0.0696775960354031,0.0560172529751656,0.058764497804646,0.0464182118800514,0.0530562476596297,0.0454424742644828,0.1735805549209501,0.0795832534079235,0.0572920697491323,0.0362087226730893,0.0223869626349327,0.0196100732119981,0.0194748520465324,0.0184763642827021,0.1003681097257401,0.0,-0.1236779199317229,0.0,-0.0595228409792895,0.0,6.818189586583285,41.62524622231981,0.6158109148858508,0.0449540809335751,6.232639717053009,55.26361902802962,0.5262157976582641,0.0199809963524517,0.030110432917722,-0.0247355839863445,-0.0107141113762721,1480.0
2674,1485.5555555555554,0.2663672273062334,0.1493352228614201,0.1244291549346864,0.0821900373149885,0.0660641891612637,0.059327725165782,0.0522640898026852,0.0385245572206099,0.0447532108497356,0.0400662931292801,0.1661916029925808,0.0755638499920942,0.0661521367039173,0.0374059115365884,0.0302186031075039,0.0282085717224521,0.0305357048024181,0.0156801173801401,0.0049693678972742,0.0,-0.0563643967746121,0.0,0.072516608907622,0.0,6.818189586583285,41.62524622231981,0.6812784730800514,0.0449540809335751,6.232639717053009,55.26361902802962,0.5262157976582641,0.0199809963524517,0.0014908103691822,-0.0112728793549224,0.0130529896033719,1485.5555555555554
2684,1491.111111111111,0.2698384899263787,0.1550872502115435,0.1129938022446142,0.0759578995660246,0.065586522042056,0.0508204617036224,0.0432610502672935,0.0521297470441399,0.0377310183410548,0.0447825429789719,0.1724741666289278,0.086610613808884,0.0557573273630476,0.0265869358801777,0.0311037102191054,0.0304878321028434,0.0266422729702221,0.0181592195337459,0.0743129395431597,0.0,-0.1296358165768227,0.0,-0.2053605386515415,0.0,6.818189586583285,41.62524622231981,0.6812784730800514,0.0403866449510085,6.232639717053009,55.26361902802962,0.5262157976582641,0.0199809963524517,0.0222938818629479,-0.0259271633153645,-0.0369648969572774,1491.111111111111
2694,1496.6666666666663,0.2634443759512824,0.1484008231681165,0.1087982125675486,0.0851222666685941,0.0711121833033651,0.0554640112588826,0.0493557674562394,0.0469048317386355,0.0475795621991759,0.0384987555057634,0.1777532082166051,0.0799839614920773,0.0677062455713545,0.0454589704304667,0.034043178644998,0.0177763262440746,0.0190987808503944,0.0177346683723839,0.0716807152564296,0.0,-0.0944153398325852,0.0,-0.0525154958667558,0.0,6.818189586583285,41.62524622231981,0.6812784730800514,0.0403866449510085,6.9192317376205805,55.26361902802962,0.5262157976582641,0.0199809963524517,0.0215042145769288,-0.018883067966517,-0.009452789256016,1496.6666666666663
2704,1502.2222222222222,0.2559986477717471,0.137613596075405,0.1177751270132017,0.081537069831942,0.065424093991849,0.0508135365070539,0.037188362318662,0.0522780554548389,0.0504023913697192,0.0513843595372844,0.1762038881732858,0.0926079209659479,0.0718805712455038,0.0311597944030354,0.0303161526800552,0.0274929625139462,0.0278691593789903,0.0257635206115717,-0.0935756026083371,0.0,0.0455499241210112,0.0,-0.0588595827957918,0.0,6.818189586583285,41.62524622231981,0.6812784730800514,0.0403866449510085,6.9192317376205805,56.65588620004135,0.5262157976582641,0.0199809963524517,-0.0280726807825011,0.0091099848242022,-0.0105947249032425,1502.2222222222222
2714,1507.7777777777776,0.2626533890860293,0.1392238284914176,0.1124314665002911,0.0819194938673898,0.0601908008064548,0.0551223735413424,0.0586113542369319,0.0493133898595537,0.0416856456300726,0.0418859361898167,0.2097067416330867,0.0959344821317899,0.0795450014343707,0.0459025022238961,0.0424400660355202,0.0259007985162286,0.0198173219070471,0.0245039182594804,-0.1365151662707128,0.0,0.1005174455181535,0.0,-0.0070075560036928,0.0,6.818189586583285,41.62524622231981,0.6812784730800514,0.0403866449510085,6.9192317376205805,56.65588620004135,0.6239846919423603,0.0199809963524517,-0.0409545498812138,0.0201034891036307,-0.0012613600806647,1507.7777777777776
2724,1513.3333333333333,0.260779219338452,0.1523653897894604,0.117140802758715,0.0750877288019391,0.0669867564625211,0.0474305364685522,0.0494969519229355,0.0371706431908848,0.0325112356479982,0.0422339657977902,0.2126872992508734,0.1007582233487557,0.0855977856873706,0.0537906324293897,0.044720617764317,0.0394128133848729,0.0348773540933571,0.0224374955633884,0.1257469483255112,0.0,0.024763673805844,0.0,-0.0109396466538556,0.0,6.818189586583285,41.62524622231981,0.6812784730800514,0.0403866449510085,6.9192317376205805,56.65588620004135,0.6239846919423603,0.0280715079811078,0.0377240844976533,0.0049527347611688,-0.001969136397694,1513.3333333333333
2734,1518.888888888889,0.2910160348530945,0.1613905585868529,0.1367200429003014,0.0832756317014434,0.0750388016851542,0.0556597800236617,0.0413507681031508,0.0343647312698124,0.0488499977329404,0.039226297729815,0.2224947131592778,0.0934781655670744,0.0851047299379239,0.0476915895994088,0.0489653091794766,0.0451287786245649,0.0378685948566641,0.0402041835638068,0.1123373167889446,0.0,-0.175651830847225,0.0,0.0841528342640595,0.0,7.791402919605084,41.62524622231981,0.6812784730800514,0.0403866449510085,6.9192317376205805,56.65588620004135,0.6239846919423603,0.0280715079811078,0.0337011950366833,-0.035130366169445,0.0151475101675307,1518.888888888889
2744,1524.4444444444443,0.2594333896513032,0.1231822825030377,0.1072597477583801,0.0697615846402853,0.0663874104424195,0.0437666726780218,0.048522258793721,0.0450364303666636,0.0492857206019794,0.0482482620107579,0.2134980601456417,0.10343145017558,0.0956438625917911,0.0365306549282508,0.0365549787284307,0.0308586641065769,0.0283064847895278,0.0295605696662346,-0.112377513131354,0.0,-0.0905407903375237,0.0,0.0360746290648829,0.0,7.791402919605084,57.678449294442935,0.6812784730800514,0.0403866449510085,6.9192317376205805,56.65588620004135,0.6239846919423603,0.0280715079811078,-0.0337132539394062,-0.0181081580675047,0.0064934332316789,1524.4444444444443
2754,1530.0,0.2190060391072278,0.1202642036580035,0.1030193394986233,0.0718980255357505,0.0668934781123299,0.0517936448169342,0.0462374495338357,0.0374890547497857,0.0426566386365486,0.0450399469497636,0.2128678100065271,0.1041118089920193,0.0897342484841809,0.058727700857357,0.0479406902101978,0.035054639149819,0.0285239569248281,0.0308963303243224,-0.1506968043349963,0.0,0.0328470017087591,0.0,-0.1172349944560333,0.0,7.791402919605084,57.678449294442935,0.5750748034038927,0.0403866449510085,6.9192317376205805,56.65588620004135,0.6239846919423603,0.0280715079811078,-0.0452090413004988,0.0065694003417518,-0.021102299002086,1530.0
2764,1535.5555555555554,0.2619854019857086,0.1760940668157286,0.1697665798938708,0.1219348449655958,0.1229585392207815,0.1108120596592526,0.1159700737403887,0.1041873959589485,0.1153856556585394,0.1048170304913257,0.2085430832783726,0.0858680896709542,0.0826605198224117,0.0518458616210155,0.0470992950338092,0.0317736510343534,0.0357427611592558,0.0278760230005642,0.0305099729271864,0.0,-0.1268586891490636,0.0,-0.1036169989238245,0.0,7.791402919605084,57.678449294442935,0.5750748034038927,0.10663223297948,6.9192317376205805,56.65588620004135,0.6239846919423603,0.0280715079811078,0.0091529918781559,-0.0253717378298127,-0.0186510598062884,1535.5555555555554
2774,1541.111111111111,0.2681701056233563,0.1644087261469015,0.1599280228514857,0.124704520132735,0.1214615528437283,0.1099787802093398,0.110443792542046,0.1059907854200005,0.1039746782681484,0.1151685479449633,0.1910217913692787,0.1118730689238812,0.0803826807482655,0.0543939933064436,0.0463731965519072,0.0360235775468607,0.0316310359908338,0.0230861127693582,0.069321284936841,0.0,0.1287616679637753,0.0,-0.0163249014643536,0.0,7.791402919605084,57.678449294442935,0.5750748034038927,0.10663223297948,6.290423126509404,56.65588620004135,0.6239846919423603,0.0280715079811078,0.0207963854810523,0.025752333592755,-0.0029384822635836,1541.111111111111
2784,1546.6666666666663,0.2615522349694166,0.163302587894481,0.1613653371263939,0.132525225753859,0.1257391787077975,0.1210601869831655,0.1073607742389786,0.099232124789228,0.1137149520343682,0.1127147805545325,0.2050361739249409,0.0981154512446916,0.086155524340992,0.0526266228371131,0.0395862985717673,0.0292833443185782,0.0249643835694877,0.0328896945022099,-0.0851813878566338,0.0,0.0280501802143581,0.0,0.0395633644501166,0.0,7.791402919605084,57.678449294442935,0.5750748034038927,0.10663223297948,6.290423126509404,54.54649553477088,0.6239846919423603,0.0280715079811078,-0.0255544163569901,0.0056100360428716,0.0071214056010209,1546.6666666666663
2794,1552.2222222222222,0.2650509746931149,0.1697847422731745,0.1568898588247203,0.124806338788065,0.1293867048309889,0.1170832864334226,0.1108503803824126,0.1128844819631953,0.108302517392958,0.1113244824376263,0.2195195190886988,0.093409450546892,0.0911762427964974,0.0399159609680074,0.0465229656506616,0.0346231807632433,0.0260921235980999,0.0272209122111053,-0.0274330756159005,0.0,-0.011691164358654,0.0,-0.0285474478255606,0.0,7.791402919605084,57.678449294442935,0.5750748034038927,0.10663223297948,6.290423126509404,54.54649553477088,0.6552947048130493,0.0280715079811078,-0.0082299226847701,-0.0023382328717308,-0.0051385406086009,1552.2222222222222
2804,1557.7777777777776,0.2687505600539862,0.1702957591608828,0.1493911064021499,0.1303242784481032,0.1217974854937803,0.1158182712848379,0.1036866700760336,0.1015413785451148,0.1090364303422992,0.106402729825288,0.2727397444606019,0.1883863058854472,0.1762026676084983,0.1397096723680307,0.139868674535236,0.1302088041239712,0.12866559595101,0.1264727754344985,-0.0136400673048814,0.0,0.0168964036545079,0.0,0.0478529759072368,0.0,7.791402919605084,57.678449294442935,0.5750748034038927,0.10663223297948,6.290423126509404,54.54649553477088,0.6552947048130493,0.1238650172553198,-0.0040920201914644,0.0033792807309015,0.0086135356633026,1557.7777777777776
2814,1563.3333333333333,0.2806195336785518,0.1796872761713024,0.1631066834294885,0.1356991156442339,0.1292496550257253,0.1196083397902508,0.1021141292659346,0.1121096311089817,0.1024736172064132,0.1064336188037895,0.2759951217283748,0.1849915316179984,0.1668926640741832,0.1369678076580382,0.1270140013534998,0.1208459461735776,0.1320633593437779,0.1183991687644988,-0.0159552213271042,0.0,0.1925110524630405,0.0,-0.1914305641018643,0.0,8.557443169392675,57.678449294442935,0.5750748034038927,0.10663223297948,6.290423126509404,54.54649553477088,0.6552947048130493,0.1238650172553198,-0.0047865663981312,0.0385022104926081,-0.0344575015383355,1563.3333333333333
2824,1568.888888888889,0.2914879298531136,0.1895039281350214,0.179133059690514,0.142833755539836,0.1276676661065925,0.1194570183847611,0.1213244820039547,0.1191247322850206,0.1077112999002029,0.1132031522390249,0.2776659381083968,0.1793661056013127,0.1750451975182361,0.1440748546367271,0.1418523060915981,0.1321232600739157,0.120929358651862,0.12101969389701,0.0671593716401613,0.0,-0.0117269149486387,0.0,-0.0445141251460365,0.0,8.557443169392675,47.41465589652505,0.5750748034038927,0.10663223297948,6.290423126509404,54.54649553477088,0.6552947048130493,0.1238650172553198,0.0201478114920483,-0.0023453829897277,-0.0080125425262865,1568.888888888889
2834,1574.4444444444443,0.2673617043575781,0.180240613382431,0.1720359647575382,0.1323719034685226,0.1308862807121562,0.1140821111578835,0.11963189724862,0.107251894886165,0.1072055419685547,0.1043396695964382,0.2789139566421627,0.1952997260744203,0.1639340275415141,0.1448996243423819,0.1410473755003124,0.131078319373395,0.1288524333193717,0.1305314789423959,0.1235079084782031,0.0,0.0056320026351715,0.0,0.0624957454081605,0.0,8.557443169392675,47.41465589652505,0.5128424000332207,0.10663223297948,6.290423126509404,54.54649553477088,0.6552947048130493,0.1238650172553198,0.0370523725434609,0.0011264005270343,0.0112492341734688,1574.4444444444443
2844,1580.0,0.2525592893736074,0.1506258591690423,0.1367862968407896,0.1086928090532603,0.106763836535069,0.0891484661056328,0.0869942863213547,0.0754071136069165,0.0809988322508049,0.0855384699681319,0.2815464015495206,0.1902273448034011,0.1656145503176409,0.1380754461414075,0.1432678661141296,0.1286220114729627,0.1296902847572276,0.1270068705676589,0.0497499140148203,0.0,0.0824860036692014,0.0,0.1427692349589468,0.0,8.557443169392675,47.41465589652505,0.5128424000332207,0.0778164351090442,6.290423126509404,54.54649553477088,0.6552947048130493,0.1238650172553198,0.0149249742044461,0.0164972007338402,0.0256984622926104,1580.0
2854,1585.5555555555554,0.2461289426185944,0.1581415585040073,0.1482652240656641,0.103197635662557,0.1040210291275015,0.0890044447179627,0.0782775460782739,0.0864068074374468,0.0804502170550281,0.0754627006598816,0.3136833504334866,0.207012397478195,0.1940679857483901,0.1525212330261624,0.1520713841713153,0.1273841404559481,0.1233239868782408,0.1234746125610548,0.0088683160456895,0.0,0.0933955186525857,0.0,-0.0661243105892732,0.0,8.557443169392675,47.41465589652505,0.5128424000332207,0.0778164351090442,8.272379719146606,54.54649553477088,0.6552947048130493,0.1238650172553198,0.0026604948137068,0.0186791037305171,-0.0119023759060691,1585.5555555555554
2864,1591.111111111111,0.2570860600202211,0.1587587069536445,0.1472694263346268,0.1121912335051336,0.0994586246070788,0.0831051713168816,0.0930653978508719,0.079861701220371,0.0767473153327663,0.0844535428708726,0.3220402731657939,0.2262273650767101,0.1990722868588308,0.1534145792436975,0.1528803475499541,0.1339410121283904,0.1342437593539688,0.1340735419996214,-0.0818152982498971,0.0,-0.1730950104110183,0.0,-0.0033036608952608,0.0,8.557443169392675,47.41465589652505,0.5128424000332207,0.0778164351090442,8.272379719146606,43.81676406979354,0.6552947048130493,0.1238650172553198,-0.0245445894749691,-0.0346190020822036,-0.0005946589611469,1591.111111111111
2874,1596.6666666666663,0.2491548272864986,0.1633033757112687,0.142980012645136,0.1118723180736318,0.1011582312162092,0.0987537988273943,0.0836429238221605,0.0852571401021779,0.0796484320027151,0.0764472790921509,0.2888337469175971,0.1932239157121629,0.1831033933797748,0.153229290230729,0.1467293422402102,0.1312436740153321,0.1288980994931099,0.1295716459639835,-0.1431001982224253,0.0,0.135301343115733,0.0,-0.0102070771259396,0.0,8.557443169392675,47.41465589652505,0.5128424000332207,0.0778164351090442,8.272379719146606,43.81676406979354,0.5532474453225887,0.1238650172553198,-0.0429300594667276,0.0270602686231466,-0.0018372738826691,1596.6666666666663
2884,1602.2222222222222,0.2492415106933513,0.152035319851656,0.1485188546391388,0.1012104338133168,0.1051387673354535,0.0879194658090315,0.0847200277739011,0.0837594774925036,0.0828449542212235,0.0756019327413698,0.2668677895527554,0.1657669266209186,0.1575532182742347,0.1164640424916986,0.1085724377607478,0.0970839230652972,0.0942385300585887,0.084854735556256,0.04701601672784,0.0,0.0384686058901326,0.0,-0.1291680362433495,0.0,8.557443169392675,47.41465589652505,0.5128424000332207,0.0778164351090442,8.272379719146606,43.81676406979354,0.5532474453225887,0.0804180063569058,0.014104805018352,0.0076937211780265,-0.0232502465238029,1602.2222222222222
2894,1607.7777777777776,0.2464291517350258,0.1504644964744064,0.1503958831209886,0.1050126164154476,0.1084900862692233,0.0796194543582015,0.0909889861354878,0.0774429326540335,0.0863336703247812,0.0799308965915387,0.2676132409601887,0.1708489160438347,0.1416080095908099,0.1191753768272089,0.1117774480118656,0.1007374011713872,0.0865816084334738,0.0864996012078258,-0.0677867504832205,0.0,0.1497832635705341,0.0,0.1750484121473909,0.0,8.794661001273342,47.41465589652505,0.5128424000332207,0.0778164351090442,8.272379719146606,43.81676406979354,0.5532474453225887,0.0804180063569058,-0.0203360251449661,0.0299566527141068,0.0315087141865303,1607.7777777777776
2904,1613.3333333333333,0.2516841597390646,0.1451772737672045,0.1424076548418776,0.0993488573674081,0.1006880381894187,0.086355675933702,0.0795333346604676,0.0825882029913888,0.090209492468038,0.0758259690690105,0.2727234403420545,0.1694180653047429,0.1541534438695734,0.1149086929977946,0.1040459024131532,0.0991353179344925,0.0937858934742949,0.0960518349887644,0.0225400540800302,0.0,-0.1872346099895527,0.0,0.0552598428526043,0.0,8.794661001273342,57.93173461518359,0.5128424000332207,0.0778164351090442,8.272379719146606,43.81676406979354,0.5532474453225887,0.0804180063569058,0.006762016224009,-0.0374469219979105,0.0099467717134687,1613.3333333333333
2914,1618.8888888888887,0.237230347318928,0.1450339668825169,0.139427493496824,0.1068548877148256,0.0959921718803828,0.0878747905810185,0.093060104650215,0.0823718691464733,0.0753877721500946,0.0823551360739884,0.2662787589584273,0.1685874664225758,0.1543132505793987,0.1183195297870063,0.0976099426129272,0.0971860598579506,0.0868769795491346,0.0794227931012126,0.1137779611483194,0.0,0.0564799865506721,0.0,-0.0105817397560231,0.0,8.794661001273342,57.93173461518359,0.5251483035068338,0.0778164351090442,8.272379719146606,43.81676406979354,0.5532474453225887,0.0804180063569058,0.0341333883444958,0.0112959973101344,-0.0019047131560841,1618.8888888888887
2924,1624.4444444444443,0.2051764413620972,0.1023920255844872,0.0941118197387122,0.0551791304303666,0.0553640343257481,0.0346774410041278,0.0335277303763583,0.0295365239144887,0.0333966151351134,0.0342773233541031,0.2649454818267226,0.1690587247508315,0.149246026959393,0.1094349025764904,0.10494971784826,0.0981533587490095,0.0834560215024438,0.0796011941455344,0.0619594753077144,0.0,-0.1509487522684924,0.0,0.0543497363955277,0.0,8.794661001273342,57.93173461518359,0.5251483035068338,0.0276405319299744,8.272379719146606,43.81676406979354,0.5532474453225887,0.0804180063569058,0.0185878425923143,-0.0301897504536984,0.0097829525511949,1624.4444444444443
2934,1630.0,0.2133241794405232,0.1056138758295774,0.089010938392114,0.0542126721036999,0.0533082409094749,0.0344549280334401,0.0333074743710582,0.0342239965359745,0.0270294683412309,0.0286745691628671,0.2623896122809238,0.1694212550292072,0.1549523807959729,0.1067083675507906,0.1010203831817243,0.0907385761615167,0.0884521844835445,0.0847257504568219,-0.0996946145376402,0.0,0.0568582415608469,0.0,-0.0086766601971176,0.0,8.794661001273342,57.93173461518359,0.5251483035068338,0.0276405319299744,8.39861091416443,43.81676406979354,0.5532474453225887,0.0804180063569058,-0.029908384361292,0.0113716483121693,-0.0015617988354811,1630.0
2944,1635.5555555555554,0.2056705464932367,0.0982470249697842,0.0922279948996898,0.0570334129338633,0.0504064174971635,0.0385232152834512,0.0362009459793026,0.0251843941956002,0.0370086024976259,0.0314246609945266,0.2615917480311407,0.1634960920010643,0.1485455475460518,0.1074520343824732,0.0965290700233743,0.0841912169589147,0.0890118395016836,0.0879474442037284,0.2716362688238615,0.0,0.0046369793878166,0.0,0.0046511490659809,0.0,8.794661001273342,57.93173461518359,0.5251483035068338,0.0276405319299744,8.39861091416443,52.8904324604695,0.5532474453225887,0.0804180063569058,0.0814908806471584,0.0009273958775633,0.0008372068318765,1635.5555555555554
2954,1641.111111111111,0.2112742928176052,0.1021147396157225,0.098231407734184,0.0575629235246337,0.0535555927154452,0.0377914911440488,0.0325093237749113,0.0351043241052138,0.0196919158649192,0.031346148256708,0.2914363462629599,0.1694244687970073,0.1587225117775916,0.1126255022771705,0.1042932247563983,0.090741147026649,0.0960278998038495,0.0822522400740524,-0.0669403329266504,0.0,0.0548398481076026,0.0,0.0060247836705683,0.0,8.794661001273342,57.93173461518359,0.5251483035068338,0.0276405319299744,8.39861091416443,52.8904324604695,0.6441945583619955,0.0804180063569058,-0.0200820998779951,0.0109679696215205,0.0010844610607023,1641.111111111111
2964,1646.6666666666663,0.2105383521324811,0.1029858630018798,0.0970434661515873,0.0553810096531464,0.0462637614669478,0.0410145931344586,0.0305032862879676,0.039131808425295,0.0256851051939022,0.0356498546913797,0.3365874324317379,0.2261670157681092,0.2144314562574992,0.1741300818948379,0.1701022350108425,0.1580066592606584,0.1625597771476863,0.1525581968007921,0.1045805351966289,0.0,-0.0365373508845186,0.0,0.0058918380547216,0.0,8.794661001273342,57.93173461518359,0.5251483035068338,0.0276405319299744,8.39861091416443,52.8904324604695,0.6441945583619955,0.149515674754697,0.0313741605589886,-0.0073074701769037,0.0010605308498498,1646.6666666666663
2974,1652.2222222222222,0.2247116521368121,0.0986696816251821,0.1017894360333276,0.0511327445228364,0.060160776382982,0.0467010296494206,0.034425427358317,0.0295619122524747,0.0316154303639083,0.0299331419238642,0.3316755208087107,0.2314605640171217,0.2156584292545333,0.1740658376549855,0.1674018755207894,0.1603956462329086,0.1413615823076205,0.1559393016004653,0.0790934737524356,0.0,-0.0410388203901068,0.0,-0.0398484392439904,0.0,9.405375867810818,57.93173461518359,0.5251483035068338,0.0276405319299744,8.39861091416443,52.8904324604695,0.6441945583619955,0.149515674754697,0.0237280421257307,-0.0082077640780213,-0.0071727190639182,1652.2222222222222
2984,1657.7777777777776,0.2222555632587897,0.1088557629178788,0.1026954148678646,0.0607179938840518,0.0574655483699189,0.0460120198817846,0.0488551756157549,0.0265244324906464,0.0335025436586964,0.0349359528206625,0.3189639599410256,0.2287128024486961,0.2207046686315523,0.169734905802822,0.1704692940447764,0.160381469939926,0.1551680112771044,0.1394338752557714,0.0052418990278204,0.0,0.0309735944053364,0.0,0.0718748926354313,0.0,9.405375867810818,56.860501336831724,0.5251483035068338,0.0276405319299744,8.39861091416443,52.8904324604695,0.6441945583619955,0.149515674754697,0.0015725697083461,0.0061947188810672,0.0129374806743776,1657.7777777777776
2994,1663.3333333333333,0.2747168383946204,0.1253262478644022,0.1326693107319544,0.0623659861998361,0.0673561161553913,0.037546731581262,0.0417148578917394,0.0316888537330799,0.0307284485166641,0.033364754396275,0.3410779925870316,0.229545745715004,0.2187205429910509,0.1818606729218298,0.1674481091525666,0.1563237463060605,0.1628280004255658,0.1515649292356496,0.0205697110236383,0.0,-0.0131581954993823,0.0,-0.0558923685670322,0.0,9.405375867810818,56.860501336831724,0.6554231618106363,0.0276405319299744,8.39861091416443,52.8904324604695,0.6441945583619955,0.149515674754697,0.0061709133070915,-0.0026316390998764,-0.0100606263420657,1663.3333333333333
3004,1668.8888888888887,0.3038756392908586,0.1511158545043801,0.1549907880081953,0.0952326653996499,0.0939056610912127,0.0725213624622081,0.0724109504941955,0.0579150659182591,0.0625923241825148,0.0681294289621302,0.3387870056059008,0.2372657503934174,0.2142584012002464,0.1766154772768195,0.1761504808324119,0.1649943308133603,0.1602646261094112,0.1630103414964717,-0.048885658053314,0.0,-0.1734343447787968,0.0,-0.2462224725830212,0.0,9.405375867810818,56.860501336831724,0.6554231618106363,0.0592528822809655,8.39861091416443,52.8904324604695,0.6441945583619955,0.149515674754697,-0.0146656974159942,-0.0346868689557593,-0.0443200450649438,1668.8888888888887
3014,1674.4444444444443,0.2903314760104923,0.167434581475411,0.1530577453186349,0.102087649894991,0.0911869031737348,0.0668974361646536,0.0798918242751161,0.0629284627223801,0.0667034679947695,0.0533037560960386,0.318601953588606,0.2293493268153465,0.2124476007850212,0.1744713317698645,0.1671456155599431,0.1564243021952752,0.1535456771119121,0.1483373553705305,-0.172424349064852,0.0,-0.1228080992261163,0.0,0.0498179030620738,0.0,9.405375867810818,56.860501336831724,0.6554231618106363,0.0592528822809655,7.923687331829445,52.8904324604695,0.6441945583619955,0.149515674754697,-0.0517273047194556,-0.0245616198452232,0.0089672225511732,1674.4444444444443
3024,1680.0,0.2880265692668926,0.158591227008298,0.1433999958036743,0.0927895527067921,0.0931531505534548,0.0754599951317529,0.0705707230412104,0.0555771862751987,0.0701527882045104,0.0558911693575261,0.3255224977330408,0.2399254212058571,0.2284862991082973,0.1784982704120032,0.1712737691235549,0.1597462507201172,0.1624643576155371,0.1493160307017701,0.0875134185889502,0.0,0.118805042660288,0.0,-0.0359166052284346,0.0,9.405375867810818,56.860501336831724,0.6554231618106363,0.0592528822809655,7.923687331829445,43.68891284893158,0.6441945583619955,0.149515674754697,0.026254025576685,0.0237610085320576,-0.0064649889411182,1680.0
3034,1685.5555555555554,0.2763124354056626,0.1586107584571913,0.1442553038236433,0.1006971314149547,0.0901510888857525,0.0633154021191165,0.0738032884908571,0.0575634560947772,0.0616519111804455,0.0557426932105347,0.3448858940339118,0.2319213206496433,0.2299327355031363,0.1814446536903663,0.1681471638858843,0.158604280863715,0.1629487057488838,0.1547305768623151,-0.1067226359613472,0.0,-0.1007132637541049,0.0,-0.1486158350967643,0.0,9.405375867810818,56.860501336831724,0.6554231618106363,0.0592528822809655,7.923687331829445,43.68891284893158,0.6518988930561611,0.149515674754697,-0.0320167907884041,-0.0201426527508209,-0.0267508503174175,1685.5555555555554
3044,1691.111111111111,0.2886991108964648,0.1624814465652381,0.1569664391445032,0.1001645018703534,0.0920811784455066,0.071814964394959,0.0734791525986052,0.059366239071799,0.0657200306603054,0.0580238875947418,0.3180129065640069,0.2024554289154833,0.1868064769974568,0.1545245946287501,0.1473783563093074,0.1276276712710989,0.1223157110311577,0.1209014112842395,0.0558369746754953,0.0,0.0685131072880952,0.0,0.104197097651082,0.0,9.405375867810818,56.860501336831724,0.6554231618106363,0.0592528822809655,7.923687331829445,43.68891284893158,0.6518988930561611,0.1136535996777583,0.0167510924026485,0.013702621457619,0.0187554775771947,1691.111111111111
3054,1696.6666666666663,0.2799977065340745,0.1461419349085314,0.1374035512360762,0.0923627771870977,0.0863921593391461,0.074245389861561,0.0694427408061614,0.0578349253678305,0.0582626413407722,0.0598187094219095,0.3166800722281622,0.2072084044583164,0.1953492080806322,0.1477618631121236,0.1423252678515477,0.1164771874945508,0.1229016072957782,0.1165963658455524,-0.0226198472688003,0.0,-0.1736130076978746,0.0,0.0671953865235941,0.0,8.708144683631101,56.860501336831724,0.6554231618106363,0.0592528822809655,7.923687331829445,43.68891284893158,0.6518988930561611,0.1136535996777583,-0.00678595418064,-0.0347226015395749,0.0120951695742469,1696.6666666666663
3064,1702.2222222222222,0.2898042555150906,0.1632139061931596,0.1488485523688054,0.0974720733343639,0.1025028262590469,0.0734042345091688,0.0723221149507083,0.0706565238994234,0.0588379450129118,0.0618111350850318,0.3128963532176853,0.2069931044965418,0.1864968494594943,0.1393457511805109,0.1339071272786868,0.1319060001665757,0.1245261708486595,0.1199258537558906,-0.013336462907948,0.0,-0.0011349423567749,0.0,0.0332040213130022,0.0,8.708144683631101,48.89598048853558,0.6554231618106363,0.0592528822809655,7.923687331829445,43.68891284893158,0.6518988930561611,0.1136535996777583,-0.0040009388723844,-0.0002269884713549,0.0059767238363404,1702.2222222222222
3074,1707.7777777777776,0.2657353610154166,0.1512929991573774,0.1447129173624162,0.0929663668481916,0.091648374210403,0.0723867881895139,0.062491497773988,0.0730983495085962,0.0636112261692945,0.0533576674858853,0.3136429127166201,0.2216322661096047,0.1837865744400652,0.1546614635072358,0.1436081699649959,0.1292118657563969,0.1214723975955666,0.1236499687199605,0.0117708391037451,0.0,0.1740121787065669,0.0,0.0813140416385021,0.0,8.708144683631101,48.89598048853558,0.5756360657581642,0.0592528822809655,7.923687331829445,43.68891284893158,0.6518988930561611,0.1136535996777583,0.0035312517311235,0.0348024357413133,0.0146365274949303,1707.7777777777776
3084,1713.3333333333333,0.2634884412865574,0.1556889124197605,0.1398541618066273,0.0991719983106473,0.0920414384912385,0.0750333898790995,0.0781732703045237,0.0705733278283064,0.0740984724140712,0.0698363079879159,0.3130769721523229,0.2027440840262682,0.1863766939999354,0.1536151068510253,0.1397272061429675,0.1307951719821485,0.1190817748227343,0.1169796226751172,-0.0686338512393686,0.0,0.0447208848488624,0.0,0.0338596057829665,0.0,8.708144683631101,48.89598048853558,0.5756360657581642,0.0629656398554912,7.923687331829445,43.68891284893158,0.6518988930561611,0.1136535996777583,-0.0205901553718105,0.0089441769697724,0.0060947290409339,1713.3333333333333
3094,1718.8888888888887,0.2686000644982033,0.1606347555458371,0.1407936389588905,0.0956490464442115,0.094237784382247,0.083428058021612,0.0673797956454158,0.0771832766004677,0.0595713440798435,0.0561225135430287,0.2788590798185396,0.1885330851424745,0.1700723733252129,0.1455571544025355,0.1327644218655795,0.1251183499686871,0.1159592953870303,0.1155067575547277,-0.0725434814036077,0.0,-0.1179759722417058,0.0,-0.0410023449788498,0.0,8.708144683631101,48.89598048853558,0.5756360657581642,0.0629656398554912,6.10001770533374,43.68891284893158,0.6518988930561611,0.1136535996777583,-0.0217630444210823,-0.0235951944483411,-0.0073804220961929,1718.8888888888887
3104,1724.4444444444443,0.2588211350551306,0.1532288236424146,0.1344487168579654,0.1049954639723156,0.0866926252916798,0.0753713169819354,0.0663669129256798,0.060773137430324,0.0723381761905024,0.0644272586970388,0.2678717509393942,0.1819375078653225,0.1584017936294868,0.127959180374229,0.1248005816573111,0.1114039010470576,0.1268816199876584,0.1221258326585474,-0.0997288633395797,0.0,-0.0579495173172013,0.0,-0.0585265124647526,0.0,8.708144683631101,48.89598048853558,0.5756360657581642,0.0629656398554912,6.10001770533374,56.88640232822986,0.6518988930561611,0.1136535996777583,-0.0299186590018739,-0.0115899034634402,-0.0105347722436554,1724.4444444444443
3114,1730.0,0.2752769784056003,0.1585129595161149,0.1383429536139377,0.1053177249426101,0.0812367285559453,0.0718963719824724,0.0826170219083915,0.0656832819896272,0.0650966768105307,0.0678295604554088,0.2563524479661366,0.1629629946943899,0.1552762065442106,0.1267719491390747,0.1331412508768109,0.1170868894522921,0.1116542427780714,0.1166058097662875,0.0705849149155622,0.0,0.0583732651000636,0.0,0.1022187760735523,0.0,8.708144683631101,48.89598048853558,0.5756360657581642,0.0629656398554912,6.10001770533374,56.88640232822986,0.6084739755109543,0.1136535996777583,0.0211754744746686,0.0116746530200127,0.0183993796932394,1730.0
3124,1735.5555555555554,0.2610512926521807,0.143924490315859,0.1392762405772805,0.1001318430962448,0.0925185200048144,0.0680214446219824,0.0745038242851391,0.072996767070522,0.06760015517381,0.0584417230793361,0.2115128541308879,0.1187647285633325,0.0998335774470939,0.0774280195118415,0.0724482748138522,0.0724483022825655,0.05678240773225,0.0615798317013878,0.0465405446117184,0.0,0.0223641943806595,0.0,-0.0708527817908646,0.0,8.708144683631101,48.89598048853558,0.5756360657581642,0.0629656398554912,6.10001770533374,56.88640232822986,0.6084739755109543,0.0581277958502597,0.0139621633835155,0.0044728388761319,-0.0127535007223556,1735.5555555555554
3134,1741.111111111111,0.2633050914840399,0.14135744911329,0.1390521996466447,0.0911624832307168,0.0876498168865875,0.0758975542073795,0.0679273747054461,0.0744285774898842,0.0628676400130961,0.0672120050051923,0.2161294926417047,0.1162938346416625,0.1015297707643603,0.0717780139480016,0.0748822336229065,0.0545401965743845,0.0650256391282752,0.0593801072548039,-0.0310261993282786,0.0,0.2072679540391623,0.0,-0.0384277419076628,0.0,8.153692058451325,48.89598048853558,0.5756360657581642,0.0629656398554912,6.10001770533374,56.88640232822986,0.6084739755109543,0.0581277958502597,-0.0093078597984835,0.0414535908078324,-0.0069169935433793,1741.111111111111
3144,1746.6666666666663,0.248705203834065,0.1526343657686196,0.1285379353125257,0.0817868020085571,0.083091848277782,0.0767279476880608,0.0698696354965623,0.0655627681963283,0.0694653168294184,0.0622378169047747,0.2164377070980951,0.1090594277282603,0.0964831426977636,0.0676775461167604,0.054558097022985,0.0618374299477929,0.0573165373879268,0.0617347034481675,0.0211403894397494,0.0,0.0187379072707788,0.0,0.0956935315682953,0.0,8.153692058451325,54.43280437039324,0.5756360657581642,0.0629656398554912,6.10001770533374,56.88640232822986,0.6084739755109543,0.0581277958502597,0.0063421168319248,0.0037475814541557,0.0172248356822931,1746.6666666666663
3154,1752.2222222222222,0.2458839382473958,0.1295905151386318,0.1282058801819494,0.0789668523048412,0.0784043587074641,0.0761050235070601,0.0745364477274247,0.0708724074557508,0.0567637676347001,0.063494271424393,0.2178512054635765,0.1194262993088332,0.1124254499493783,0.0711470237034632,0.0612164327166352,0.0670776137183541,0.0614407521182379,0.0589989055118276,-0.0981545157778892,0.0,-0.0037308671276625,0.0,0.0559241152840062,0.0,8.153692058451325,54.43280437039324,0.5762921738796791,0.0629656398554912,6.10001770533374,56.88640232822986,0.6084739755109543,0.0581277958502597,-0.0294463547333667,-0.0007461734255325,0.0100663407511211,1752.2222222222222
3164,1757.7777777777776,0.2875659325839714,0.1841640666568912,0.183719113941603,0.1475131385234533,0.1423972091854206,0.1368283944245427,0.1279381134678288,0.1234982065978379,0.1369833104469132,0.1117483578490384,0.2121811970948621,0.1151429742692778,0.0998458919277768,0.0634588683618237,0.0676900582658797,0.0639140643952131,0.0605407099722221,0.0623856319355828,0.1327366907328133,0.0,0.0422322171919427,0.0,0.1159156731363589,0.0,8.153692058451325,54.43280437039324,0.5762921738796791,0.1245961010117987,6.10001770533374,56.88640232822986,0.6084739755109543,0.0581277958502597,0.039821007219844,0.0084464434383885,0.0208648211645446,1757.7777777777776
3174,1763.3333333333333,0.2869843879620437,0.1932966213447942,0.1800417638956117,0.1446984581721794,0.1368110605175727,0.1219791400392313,0.1356058856361154,0.1258372545261227,0.1269492076296048,0.1163939088911022,0.2714965858675127,0.1466640927545268,0.124482273580153,0.0887604801881352,0.0809601153074496,0.0713224337249332,0.0637134866605551,0.0579464978239981,0.1337447858974641,0.0,0.120491128930802,0.0,0.0022847688961232,0.0,8.153692058451325,54.43280437039324,0.5762921738796791,0.1245961010117987,8.758390038916161,56.88640232822986,0.6084739755109543,0.0581277958502597,0.0401234357692392,0.0240982257861604,0.0004112584013021,1763.3333333333333
3184,1768.8888888888887,0.2831773712859612,0.199817891100454,0.187603162692028,0.1498355093452726,0.1500902908848443,0.1260106025534177,0.1309652977755418,0.1156366851672424,0.1218742714404303,0.1244583621630196,0.2725279238952763,0.1483686867651122,0.1436345173846076,0.089256544186004,0.0912006457899334,0.0724913502036538,0.0668103208536183,0.0686793000814505,0.0692539566863679,0.0,-0.0389982427933296,0.0,0.0333897698877378,0.0,8.153692058451325,54.43280437039324,0.5762921738796791,0.1245961010117987,8.758390038916161,47.74864594621289,0.6084739755109543,0.0581277958502597,0.0207761870059103,-0.0077996485586659,0.0060101585797928,1768.8888888888887
3194,1774.4444444444443,0.2890002090765891,0.1901435571862203,0.1829784062431421,0.1450442486562374,0.1475329317898485,0.1248808121721018,0.1355078424933585,0.122149387716346,0.1221070435298758,0.1237014240260294,0.2463967964429344,0.1434008274744228,0.1306206112171889,0.087589647617336,0.0837909191036863,0.0866344399118994,0.0633625820656268,0.0515309702868581,0.0222181745081913,0.0,-0.0920558752797297,0.0,-0.1097158994565322,0.0,8.153692058451325,54.43280437039324,0.5762921738796791,0.1245961010117987,8.758390038916161,47.74864594621289,0.5275632308699862,0.0581277958502597,0.0066654523524573,-0.0184111750559459,-0.0197488619021758,1774.4444444444443
3204,1780.0,0.2773128320267376,0.1950884796692752,0.1794989876680928,0.1427077298045188,0.1455372136184176,0.1314923666654429,0.1368397626041279,0.1249949392825059,0.1268863064646982,0.1293999637047503,0.2768179844670412,0.1832667141704507,0.1844321302445035,0.1401982016470965,0.1396688847424928,0.121360663098882,0.1196111737038809,0.1272761500444538,0.0693592590415092,0.0,0.0545779622614903,0.0,0.0457256374524992,0.0,8.153692058451325,54.43280437039324,0.5762921738796791,0.1245961010117987,8.758390038916161,47.74864594621289,0.5275632308699862,0.1140559943985273,0.0208077777124527,0.010915592452298,0.0082306147414498,1780.0
3214,1785.5555555555554,0.3045765953142983,0.1937548272471856,0.2050101436096715,0.1566308650749374,0.1578312882996425,0.1385514064503136,0.1291935413659669,0.1361853755736302,0.1343195332448918,0.1365882865454968,0.275126454681866,0.1962246067784516,0.1752386678032489,0.1414641935472467,0.1450131044851408,0.1320668497099687,0.1180246216007441,0.1149143013468623,-0.1612934135592394,0.0,-0.0754644267849964,0.0,-0.0446347387079071,0.0,9.57743634799554,54.43280437039324,0.5762921738796791,0.1245961010117987,8.758390038916161,47.74864594621289,0.5275632308699862,0.1140559943985273,-0.0483880240677718,-0.0150928853569992,-0.0080342529674232,1785.5555555555554
3224,1791.111111111111,0.3252964630567376,0.2375378896836038,0.2124383594186599,0.1640023485636916,0.1526604297138574,0.1418044510995979,0.1440221989621404,0.1311390606558981,0.1337471805412269,0.1270107140230515,0.2724310728017484,0.188940088588061,0.1798542550947118,0.1400681534577377,0.1476049893182098,0.1267583592204546,0.1246286600341062,0.1142364671150148,-0.0675243874717885,0.0,-0.1389858795128914,0.0,-0.075014926725403,0.0,9.57743634799554,42.95976297524129,0.5762921738796791,0.1245961010117987,8.758390038916161,47.74864594621289,0.5275632308699862,0.1140559943985273,-0.0202573162415365,-0.0277971759025782,-0.0135026868105725,1791.111111111111
3234,1796.6666666666663,0.3576584552687693,0.2379786307950322,0.2239997750494055,0.1638852491064759,0.1644707612145751,0.1518450766138668,0.1395634402885964,0.1390730559721136,0.1353037797855075,0.1328775632965141,0.2729238743417576,0.1837662281530749,0.1805949035464832,0.1421719379806591,0.1292599633594493,0.1208444385012019,0.1241523379040649,0.1147793827034346,-0.1335946300866623,0.0,0.0319133598130394,0.0,0.0140143289589127,0.0,9.57743634799554,42.95976297524129,0.642535135212293,0.1245961010117987,8.758390038916161,47.74864594621289,0.5275632308699862,0.1140559943985273,-0.0400783890259987,0.0063826719626078,0.0025225792126042,1796.6666666666663
3244,1802.2222222222224,0.3507331935801195,0.2345353259218462,0.2180153068973443,0.1733701393401943,0.1655484473654083,0.1405524106481157,0.1355702679081759,0.1461805215704988,0.1305979426701585,0.1374699895674808,0.2693924820596156,0.189399091561806,0.1727896619031348,0.14451638204132,0.1361415034497579,0.1225886378314505,0.1136352398252452,0.1147484100827488,-0.0911292542279251,0.0,0.000955395414535,0.0,-0.106901075540842,0.0,9.57743634799554,42.95976297524129,0.642535135212293,0.123798510045006,8.758390038916161,47.74864594621289,0.5275632308699862,0.1140559943985273,-0.0273387762683775,0.000191079082907,-0.0192421935973515,1802.2222222222224
3254,1807.7777777777776,0.3426347091214242,0.2386868161302653,0.2231917560203455,0.1721212929361763,0.1666942624380505,0.1421133683909894,0.1435069238945779,0.122318289427784,0.1230289929507335,0.1198008551224663,0.2703652261060953,0.1847207585394131,0.1751673427179078,0.1442109996180388,0.1381141739638917,0.12621370486514,0.1214452459611818,0.1142048819223978,-0.0974244259550631,0.0,0.1527850079206728,0.0,-0.0040218322362912,0.0,9.57743634799554,42.95976297524129,0.642535135212293,0.123798510045006,8.761715834989083,47.74864594621289,0.5275632308699862,0.1140559943985273,-0.0292273277865189,0.0305570015841345,-0.0007239298025324,1807.7777777777776
3264,1813.3333333333333,0.3520067346526753,0.2297947147375489,0.2271159708857556,0.1724651745978235,0.1612408052184053,0.140863837984887,0.1398406629490113,0.130745604618995,0.1327302391965535,0.1171803801145347,0.2829739859523665,0.2011178535482898,0.1857005066975496,0.1441640902645915,0.1388401805298472,0.1214086635546723,0.129086927776924,0.1184754046254891,0.0373928513460433,0.0,-0.106820528228325,0.0,0.0990757198490358,0.0,9.57743634799554,42.95976297524129,0.642535135212293,0.123798510045006,8.761715834989083,42.46762828555149,0.5275632308699862,0.1140559943985273,0.0112178554038129,-0.021364105645665,0.0178336295728264,1813.3333333333333
3274,1818.8888888888887,0.3510067168804069,0.2333688470128093,0.2163482836160939,0.1771529710011976,0.1635648329798675,0.1453178462833591,0.143240153119408,0.1410190309518094,0.1292885123081824,0.1297449147987868,0.2757705386056359,0.1921816551360904,0.1729103652144168,0.1436587144325951,0.1368457586630611,0.1270453345557469,0.1322541495879535,0.117345786312715,0.0864402773476404,0.0,0.0650892329925451,0.0,-0.1181388321344384,0.0,9.57743634799554,42.95976297524129,0.642535135212293,0.123798510045006,8.761715834989083,42.46762828555149,0.5183619826303218,0.1140559943985273,0.0259320832042921,0.013017846598509,-0.0212649897841989,1818.8888888888887
3284,1824.4444444444443,0.3490529006234855,0.2417976948725275,0.2223549015972449,0.1784184075630074,0.1605652435411543,0.1420236316488052,0.1462203209556461,0.1291804541797562,0.1339581397148586,0.1264382887146871,0.3013108974229012,0.2245469501925205,0.2122765207925028,0.1789035289620655,0.1768424640040571,0.1581263960919982,0.1537933435931251,0.1596244945844826,0.2978654361440627,0.0,-0.0814824801656932,0.0,0.0384304714775564,0.0,9.57743634799554,42.95976297524129,0.642535135212293,0.123798510045006,8.761715834989083,42.46762828555149,0.5183619826303218,0.14818073727698,0.0893596308432188,-0.0162964960331386,0.0069174848659601,1824.4444444444443
3294,1830.0,0.3057307267551379,0.214468870060254,0.1758708420957215,0.1484894297502819,0.1358730475210284,0.1330708497826711,0.1263741940999896,0.1227219300897571,0.1273400173300319,0.1168614941658056,0.2966446640055711,0.2276648002012635,0.2096819676010432,0.1829134574688394,0.1690634664871905,0.1577346156294905,0.150790921075593,0.1516600984598635,0.1587460588818813,0.0,-0.1572318442887181,0.0,-0.0811223214829886,0.0,6.773620752325083,42.95976297524129,0.642535135212293,0.123798510045006,8.761715834989083,42.46762828555149,0.5183619826303218,0.14818073727698,0.0476238176645643,-0.0314463688577436,-0.0146020178669379,1830.0
3304,1835.5555555555557,0.3047643284475286,0.2026612807007684,0.1763575423022396,0.145737401284258,0.1342655539919363,0.1279343842543844,0.1271027121074705,0.12480105852653,0.1340083376812463,0.1240250121458059,0.3004193070248702,0.2247170321165462,0.2099489174138679,0.1662670701898167,0.1744335798180537,0.1568913125895031,0.1496479222323009,0.149827372702985,0.0702579602946156,0.0,-0.1264160669587799,0.0,0.0798050102162582,0.0,6.773620752325083,43.536151182737925,0.642535135212293,0.123798510045006,8.761715834989083,42.46762828555149,0.5183619826303218,0.14818073727698,0.0210773880883846,-0.0252832133917559,0.0143649018389264,1835.5555555555557
3314,1841.111111111111,0.2900110447160131,0.1958317492089047,0.1754319373671295,0.1482763058491152,0.1440795403700707,0.1337051365226478,0.1179621292692952,0.1276330804461113,0.1333159409766272,0.1151380870964551,0.2898526589629474,0.2230283341271301,0.2154948352272238,0.1719294616005623,0.1734008945383177,0.1612418042328433,0.1595417038004431,0.145290236027775,0.0286590264726766,0.0,-0.0727658560609191,0.0,-0.0493795260300141,0.0,6.773620752325083,43.536151182737925,0.6149905867658038,0.123798510045006,8.761715834989083,42.46762828555149,0.5183619826303218,0.14818073727698,0.0085977079418029,-0.0145531712121838,-0.0088883146854025,1841.111111111111
3324,1846.6666666666663,0.2512755446520878,0.1503988908308716,0.1243111324888187,0.0937567557367338,0.0849902351746076,0.06518916620033,0.0731503106748342,0.0778166485314979,0.0604740869820232,0.0676787460221634,0.3029908994022733,0.2233762233096879,0.2084484484027459,0.181339366027191,0.1730426239925374,0.1569359319217978,0.1541637935006672,0.1539314986419948,-0.0325047051522191,0.0,0.0057378756222597,0.0,0.0186717109452454,0.0,6.773620752325083,43.536151182737925,0.6149905867658038,0.0669409554434452,8.761715834989083,42.46762828555149,0.5183619826303218,0.14818073727698,-0.0097514115456657,0.0011475751244519,0.0033609079701441,1846.6666666666663
3334,1852.2222222222224,0.2497129258736115,0.1432988176027956,0.1308680143596174,0.0979585841676371,0.0934783046894673,0.0719700894615811,0.0686414816511684,0.0676437788718959,0.0733618462723834,0.0572393592042147,0.2948595114271463,0.2155745736316274,0.2037498682594099,0.1721479823424185,0.1662531545074635,0.1637470376712751,0.1549391592130054,0.1494948915247735,-0.0595361821485864,0.0,-0.0771272056223386,0.0,0.0605087001849937,0.0,6.773620752325083,43.536151182737925,0.6149905867658038,0.0669409554434452,8.2511765739835,42.46762828555149,0.5183619826303218,0.14818073727698,-0.0178608546445759,-0.0154254411244677,0.0108915660332988,1852.2222222222224
3344,1857.7777777777776,0.2463097470694291,0.1529688711219368,0.1368863286565501,0.08928217020899,0.0738188533843562,0.072882462078032,0.0727335948949449,0.0735998256320166,0.0691963072991237,0.0694176664873853,0.2939213729768807,0.2187167619323511,0.2039349257564318,0.1765792472588242,0.1663836100226559,0.1562321388835715,0.1565526021217319,0.1483245952694408,0.1867443153055305,0.0,0.0443019663230035,0.0,0.0963739637070417,0.0,6.773620752325083,43.536151182737925,0.6149905867658038,0.0669409554434452,8.2511765739835,43.81114496316227,0.5183619826303218,0.14818073727698,0.0560232945916591,0.0088603932646007,0.0173473134672675,1857.7777777777776
3354,1863.3333333333333,0.2517408343008341,0.1544292314873504,0.1245323139502599,0.0919471218551973,0.0892217367443937,0.0846574219053175,0.0730711360620946,0.0695973939619854,0.0702540916329678,0.0694947597900539,0.3494655439983165,0.2475579866738976,0.2213796020679236,0.1894372673127711,0.1772056637987471,0.1612188053725851,0.1743895323340276,0.1560683130466661,0.1376807085408162,0.0,-0.099636298151744,0.0,-0.0370102398383846,0.0,6.773620752325083,43.536151182737925,0.6149905867658038,0.0669409554434452,8.2511765739835,43.81114496316227,0.6828855523119839,0.14818073727698,0.0413042125622448,-0.0199272596303488,-0.0066618431709092,1863.3333333333333
3364,1868.8888888888887,0.2446948901000862,0.149641968334038,0.1279248668048261,0.0910519463122016,0.0956524544475619,0.0859194344923097,0.0774678483113422,0.0711483011736957,0.0628399896930846,0.0636469821954643,0.2841720507404121,0.1537255490194906,0.1332572769292117,0.0797998356414157,0.0701975427584835,0.0425387517497564,0.0423740107124661,0.0349791437331745,-0.0260289226294728,0.0,0.0606733881404653,0.0,0.1405717619534354,0.0,6.773620752325083,43.536151182737925,0.6149905867658038,0.0669409554434452,8.2511765739835,43.81114496316227,0.6828855523119839,0.0325792269461583,-0.0078086767888418,0.012134677628093,0.0253029171516183,1868.8888888888887
3374,1874.4444444444443,0.2984439490095684,0.1831313532857182,0.1581930560885567,0.1141413063398334,0.1126117760799249,0.0832457965752909,0.0780870430829324,0.0677471115743122,0.0729952190121641,0.0615539921242958,0.2808840068485781,0.1496619246175556,0.1297443107722497,0.0780332804024588,0.0685084156575355,0.0451515557989052,0.0486605845180767,0.0421365076467759,0.0714785182796738,0.0,0.025179529813296,0.0,-0.066313948809628,0.0,8.861155168597247,43.536151182737925,0.6149905867658038,0.0669409554434452,8.2511765739835,43.81114496316227,0.6828855523119839,0.0325792269461583,0.0214435554839021,0.0050359059626592,-0.011936510785733,1874.4444444444443
3384,1880.0,0.2941856801469044,0.1862306135499873,0.1678773883829611,0.1127514298883103,0.1051920163134802,0.0895930348980749,0.0833205157678304,0.0786955353241745,0.0756075332017912,0.068530288697719,0.2832568272166689,0.15482090179879,0.1230912570388858,0.0826652335334501,0.0690039447373589,0.0456456531294677,0.0468151900369867,0.0391440255399346,0.1346477773835969,0.0,0.0195011617462531,0.0,0.0993491497595602,0.0,8.861155168597247,41.352070505481215,0.6149905867658038,0.0669409554434452,8.2511765739835,43.81114496316227,0.6828855523119839,0.0325792269461583,0.040394333215079,0.0039002323492506,0.0178828469567208,1880.0
3394,1885.5555555555557,0.2831019856246761,0.1758459346501537,0.1604344842346541,0.1120804484005339,0.1047379995760393,0.0894518219723097,0.0881557705411968,0.0682391771691665,0.075675819728903,0.0695949301260712,0.2868631313769542,0.1519524490908631,0.1302622118388804,0.0821172922204067,0.0727000003912663,0.0441832191671017,0.0396891180515763,0.0365457300527771,0.082239386219835,0.0,-0.0536366480007739,0.0,-0.0182540417296817,0.0,8.861155168597247,41.352070505481215,0.594680517551433,0.0669409554434452,8.2511765739835,43.81114496316227,0.6828855523119839,0.0325792269461583,0.0246718158659505,-0.0107273296001547,-0.0032857275113427,1885.5555555555557
3404,1891.111111111111,0.254156261399282,0.1280622711164888,0.0997751825672544,0.0561380410200384,0.0560382585475564,0.0277771968489182,0.0306685948640096,0.0090985170762335,0.0089171464078675,0.0017165525142246,0.2861054003197633,0.1530579192327122,0.1206975711804668,0.076512111028446,0.0726183253054387,0.0482360789559349,0.0466726281278161,0.0415916841635271,0.0478575600952272,0.0,0.1490548292525386,0.0,0.0896113306841191,0.0,8.861155168597247,41.352070505481215,0.594680517551433,0.0048837489967789,8.2511765739835,43.81114496316227,0.6828855523119839,0.0325792269461583,0.0143572680285681,0.0298109658505077,0.0161300395231414,1891.111111111111
3414,1896.6666666666663,0.2516640372057849,0.1276705828958182,0.108300921818758,0.0554445966513192,0.0499158829202084,0.0280355549601265,0.0254882876313352,0.0152608290162061,0.008453741815164,0.0013829836805101,0.2499319782320597,0.1231941858670239,0.1096281076399097,0.0616775634588031,0.0583957768468653,0.034503634314994,0.0446787590406984,0.0398047669855366,-0.1181012043785187,0.0,0.1435221506337666,0.0,-0.1850253371151413,0.0,8.861155168597247,41.352070505481215,0.594680517551433,0.0048837489967789,6.941432119191309,43.81114496316227,0.6828855523119839,0.0325792269461583,-0.0354303613135556,0.0287044301267533,-0.0333045606807254,1896.6666666666663
3424,1902.2222222222224,0.2515728942802493,0.1298400828380974,0.10758058018808,0.059159833478346,0.052161704635506,0.0149671020109263,0.0239551424177925,0.0145594389817698,0.0111242390227931,0.0162347439972683,0.2450377260317735,0.1276866589217343,0.1053612577349902,0.0611369168502964,0.0570820759848229,0.0487657530048875,0.0368995474881789,0.0405040077042104,0.1057132644516145,0.0,-0.0855052786206707,0.0,-0.0643156694995778,0.0,8.861155168597247,41.352070505481215,0.594680517551433,0.0048837489967789,6.941432119191309,46.24461348350058,0.6828855523119839,0.0325792269461583,0.0317139793354843,-0.0171010557241341,-0.011576820509924,1902.2222222222224
3434,1907.7777777777776,0.2486527559706625,0.1212948797023522,0.1133178026248329,0.0535845062229569,0.0385514277104033,0.0162742198214696,0.0247747749767515,0.0071384921741422,0.0125572412999781,0.0029545056382542,0.248257650268098,0.1232955510291774,0.1065762271671323,0.0621666626096006,0.056311002925194,0.04202832455256,0.0456648306622258,0.0407423268316793,-0.0083092197486966,0.0,0.0100086927435119,0.0,-0.0454611533046244,0.0,8.861155168597247,41.352070505481215,0.594680517551433,0.0048837489967789,6.941432119191309,46.24461348350058,0.6439496878277151,0.0325792269461583,-0.002492765924609,0.0020017385487023,-0.0081830075948324,1907.7777777777776
3444,1913.3333333333333,0.2533189927141944,0.1309090019016982,0.105491536484228,0.045324677418579,0.0422915115442389,0.032653411208281,0.017287212883371,0.0178980719323112,0.0137825862703494,0.0092435054880882,0.2577871574690764,0.1556452334100559,0.1347676648364314,0.0951240716486068,0.0848021232189377,0.0777506847100348,0.0785933599331518,0.0724831144603837,0.1278367643697685,0.0,-0.0093411929896099,0.0,-0.0197434995067721,0.0,8.861155168597247,41.352070505481215,0.594680517551433,0.0048837489967789,6.941432119191309,46.24461348350058,0.6439496878277151,0.0682526224728599,0.0383510293109305,-0.0018682385979219,-0.0035538299112189,1913.3333333333333
3454,1918.8888888888887,0.2029078319193741,0.100108332637035,0.0767563606000326,0.0401452843208577,0.0243767657440481,0.0119112106010501,0.0108011856674928,0.013597472833279,0.0119312720511974,0.0158977538091254,0.2631531157684851,0.1489399459984814,0.1323743390089709,0.0836000585646866,0.0918693833966498,0.0812623083110755,0.0675207419684634,0.0649387947063235,-0.0332078366244973,0.0,-0.0169878585124255,0.0,0.1017058269180816,0.0,6.581677959657334,41.352070505481215,0.594680517551433,0.0048837489967789,6.941432119191309,46.24461348350058,0.6439496878277151,0.0682526224728599,-0.0099623509873492,-0.0033975717024851,0.0183070488452546,1918.8888888888887
3464,1924.4444444444443,0.1715380647613937,0.0771825052972554,0.0563925519265682,0.0281373826188596,0.0207876842894245,0.0068679286475215,0.0051001148102815,0.0044410931224942,0.0122798400373591,0.0120255012256941,0.2631285119487203,0.1512397285672295,0.1294351897752084,0.0792526648222072,0.0915881856654602,0.0801757289724636,0.0661175825730748,0.059271747313595,-0.0327262643675663,0.0,0.085631055913989,0.0,-0.1432290186108684,0.0,6.581677959657334,59.90723318857994,0.594680517551433,0.0048837489967789,6.941432119191309,46.24461348350058,0.6439496878277151,0.0682526224728599,-0.0098178793102699,0.0171262111827978,-0.0257812233499563,1924.4444444444443
3474,1930.0,0.2054281967094565,0.0735338275738817,0.0468410832645778,0.0253337603919058,0.0309771071034714,0.0159051930576359,0.0053049100577236,0.0039733277450457,0.0116036720935822,0.003681358956928,0.2522633754797961,0.1571581778183615,0.1455492278552869,0.0839259339680255,0.0908815962286434,0.0806284438624499,0.0792494587137982,0.0715873231294801,-0.0984888898708768,0.0,0.0131945989256851,0.0,0.2343757725508793,0.0,6.581677959657334,59.90723318857994,0.6777398613416665,0.0048837489967789,6.941432119191309,46.24461348350058,0.6439496878277151,0.0682526224728599,-0.029546666961263,0.002638919785137,0.0421876390591582,1930.0
3484,1935.5555555555557,0.300308272394667,0.1875503265130851,0.1904734374090329,0.1517468438522211,0.1484644404001449,0.1453270920055738,0.1475950486215027,0.1427767425342922,0.1449683817069696,0.1339196453361457,0.2718571217128263,0.1545035544217179,0.1299160029458461,0.0938028164372591,0.0794636450995066,0.076853510480372,0.0773105504044958,0.0689037778118243,0.2233624860999725,0.0,0.0459286448745746,0.0,0.0464331941160361,0.0,6.581677959657334,59.90723318857994,0.6777398613416665,0.1374485902460104,6.941432119191309,46.24461348350058,0.6439496878277151,0.0682526224728599,0.0670087458299917,0.0091857289749149,0.0083579749408864,1935.5555555555557
3494,1941.111111111111,0.3032447994809243,0.1970665743186389,0.1834415820828188,0.1498647597482385,0.1502260717403763,0.1379599005264565,0.1374939468531879,0.1340222978810727,0.1377829289908213,0.1275198162387633,0.256617056664926,0.1550287770239022,0.1336182975021673,0.0915597488669731,0.0822583884283582,0.0781343820348483,0.0757731726249232,0.0682492144425709,0.1691957991335965,0.0,-0.0255521950181343,0.0,0.0490447777112059,0.0,6.581677959657334,59.90723318857994,0.6777398613416665,0.1374485902460104,6.739726590220917,46.24461348350058,0.6439496878277151,0.0682526224728599,0.0507587397400789,-0.0051104390036268,0.008828059988017,1941.111111111111
3504,1946.6666666666663,0.2898512428850535,0.1981899710405811,0.1830310610041899,0.1523578051731569,0.1476110560124368,0.1416374133844543,0.1421101746790153,0.1341127889910944,0.1367007959230204,0.1396569561286093,0.2556318988077199,0.1434734650408268,0.1284055494122657,0.1044409428668459,0.0813617601935628,0.0683253136709832,0.0742774702298306,0.0670722580331721,-0.0159609888833323,0.0,0.0403925257281391,0.0,0.0202032376601743,0.0,6.581677959657334,59.90723318857994,0.6777398613416665,0.1374485902460104,6.739726590220917,47.88220509449936,0.6439496878277151,0.0682526224728599,-0.0047882966649997,0.0080785051456278,0.0036365827788313,1946.6666666666663
3514,1952.2222222222224,0.2978652435434444,0.2046091490722321,0.1858063627762941,0.1519227062571612,0.1586244620986299,0.1442780224417059,0.1457240015017419,0.1405476376201098,0.1333542882056585,0.1468404861182496,0.2243119431057244,0.1331318399388796,0.1163479115657373,0.084185924686928,0.0770959236566669,0.0755879533735934,0.0767142347581827,0.0687735118387246,0.0622118773965064,0.0,-0.0136139867251529,0.0,-0.1503877274380968,0.0,6.581677959657334,59.90723318857994,0.6777398613416665,0.1374485902460104,6.739726590220917,47.88220509449936,0.5454359001826706,0.0682526224728599,0.0186635632189519,-0.0027227973450305,-0.0270697909388574,1952.2222222222224
3524,1957.7777777777776,0.2977330405527194,0.2014547494542319,0.178668614955775,0.1512751583703107,0.1453755343549881,0.1428663665745532,0.1385161366767592,0.1389755937761999,0.1439541555592889,0.1355798163346803,0.1915993660531398,0.0879467752067433,0.0717912977205626,0.0339513453275758,0.0367715679773861,0.0284341931972227,0.0215861381752121,0.020339101890545,-0.0404689173183755,0.0,0.1519911930295165,0.0,-0.1669254313822853,0.0,6.581677959657334,59.90723318857994,0.6777398613416665,0.1374485902460104,6.739726590220917,47.88220509449936,0.5454359001826706,0.0187359573266498,-0.0121406751955126,0.0303982386059033,-0.0300465776488113,1957.7777777777776
3534,1963.3333333333333,0.2929626379294638,0.1890845406760577,0.1884208970122438,0.1547012051269342,0.1527728877036739,0.1397568585109708,0.1382041804243998,0.1360879291170071,0.1329030645103819,0.140020888726999,0.1948403552883938,0.0949810393630686,0.0876635609188189,0.0399395418036312,0.0393859174468045,0.0221046710999374,0.0245949539390172,0.021309326370012,0.0756998940183145,0.0,-0.092026408048369,0.0,-0.0518769192544817,0.0,6.505676558930355,59.90723318857994,0.6777398613416665,0.1374485902460104,6.739726590220917,47.88220509449936,0.5454359001826706,0.0187359573266498,0.0227099682054943,-0.0184052816096738,-0.0093378454658067,1963.3333333333333
3544,1968.8888888888887,0.2998223398154301,0.216929883500429,0.1958138929219227,0.1606117604785973,0.1543518883424308,0.1488979098401232,0.1424574092595638,0.1410185131844261,0.1271822461505436,0.1389033396402609,0.1942729254290611,0.0923333428577496,0.0669304361859615,0.0406803520743561,0.0366431908845268,0.0223092566995873,0.020241564448225,0.0129171486729284,0.1296583665749014,0.0,0.08037378674983,0.0,-0.0277636721650492,0.0,6.505676558930355,50.06672895972814,0.6777398613416665,0.1374485902460104,6.739726590220917,47.88220509449936,0.5454359001826706,0.0187359573266498,0.0388975099724704,0.016074757349966,-0.0049974609897088,1968.8888888888887
3554,1974.4444444444443,0.2607928079769017,0.18691461141959,0.175618611887603,0.152557121836137,0.1523289311564865,0.1399527960528848,0.1307288077011042,0.1395673675201624,0.1365346865015594,0.1439100990518856,0.1932845497103441,0.0968803611981781,0.0631661754507778,0.0413411815743805,0.0389213400218102,0.0244222084555616,0.0290050795965665,0.0262589325908518,-0.0324258505150931,0.0,0.0462093259143663,0.0,0.0391498277271016,0.0,6.505676558930355,50.06672895972814,0.524626731213278,0.1374485902460104,6.739726590220917,47.88220509449936,0.5454359001826706,0.0187359573266498,-0.0097277551545279,0.0092418651828732,0.0070469689908783,1974.4444444444443
3564,1980.0,0.1818746501574437,0.0923508083197254,0.0722859040432709,0.0451391204537794,0.0374256480494938,0.0390062254546677,0.0247793586747888,0.0176579315763388,0.0293665288040455,0.0181581314016266,0.1894609999924109,0.0888735353592835,0.0714996080853363,0.0395255015834562,0.0277406846312552,0.0245253855868609,0.0193830817770127,0.0189272144783755,0.0668564855550702,0.0,-0.0602112508153636,0.0,-0.0163742336142935,0.0,6.505676558930355,50.06672895972814,0.524626731213278,0.026445655705219,6.739726590220917,47.88220509449936,0.5454359001826706,0.0187359573266498,0.020056945666521,-0.0120422501630727,-0.0029473620505728,1980.0
3574,1985.5555555555557,0.1801803979229222,0.0901964073846404,0.075130842705191,0.0548658985653773,0.0473365088150127,0.0305750170585076,0.0331534567667681,0.0256583113013008,0.0320435701776028,0.0337190563377452,0.2156890280396879,0.1113746818612984,0.0925405003672582,0.0563764342053721,0.0380509133170403,0.0286201227036048,0.0307033916378527,0.032361193358317,0.0357669573067205,0.0,-0.0525537765354816,0.0,0.0316079280971495,0.0,6.505676558930355,50.06672895972814,0.524626731213278,0.026445655705219,8.581427041372862,47.88220509449936,0.5454359001826706,0.0187359573266498,0.0107300871920161,-0.0105107553070963,0.0056894270574869,1985.5555555555557
3584,1991.111111111111,0.1779588182594896,0.0933403687811205,0.0770260615207338,0.0513362743426095,0.0387377192685546,0.0339168556553287,0.0268737458686043,0.0303274399245777,0.0297928364340322,0.0245127690819111,0.2198800556750718,0.1014993151442668,0.0908403311410248,0.0573492768565079,0.0515863048213733,0.0428761377914362,0.0305383222895605,0.0311736042058496,-0.0204708459928265,0.0,-0.1318210015435623,0.0,0.0190252718178595,0.0,6.505676558930355,50.06672895972814,0.524626731213278,0.026445655705219,8.581427041372862,49.68485537267863,0.5454359001826706,0.0187359573266498,-0.0061412537978479,-0.0263642003087124,0.0034245489272147,1991.111111111111
3594,1996.6666666666663,0.1833510462219688,0.0892821320051312,0.0772403159690813,0.0499278600275289,0.0381191772426939,0.0267351479466506,0.0327309970092413,0.0238797185345177,0.0304720637383847,0.0321114324338491,0.2182338508669022,0.1068288815034552,0.0881458031350147,0.0550140472290015,0.0544677743373944,0.0246720660711356,0.0326504310895007,0.0266491406183784,0.0936361376417861,0.0,-0.0892263592875802,0.0,-0.1846864141323655,0.0,6.505676558930355,50.06672895972814,0.524626731213278,0.026445655705219,8.581427041372862,49.68485537267863,0.5367407042040498,0.0187359573266498,0.0280908412925358,-0.017845271857516,-0.0332435545438258,1996.6666666666663
3604,2002.2222222222224,0.1794453102530137,0.0900431206561638,0.073589674415837,0.0484882954246972,0.0361635997504091,0.035609202564148,0.0280809135830115,0.0286067442750573,0.0240776804924622,0.0240034944885994,0.2659082442062245,0.1785645332848545,0.1543164282214689,0.1271963027525705,0.1303022347433287,0.1014204730489624,0.1056951297969061,0.1170093798054589,-0.0028450834124277,0.0,0.0792424302157685,0.0,0.0182343795336748,0.0,6.505676558930355,50.06672895972814,0.524626731213278,0.026445655705219,8.581427041372862,49.68485537267863,0.5367407042040498,0.1004796839725968,-0.0008535250237283,0.0158484860431537,0.0032821883160614,2002.2222222222224
3614,2007.7777777777776,0.1951092188996569,0.0999608940179399,0.0779771829875141,0.0494756442612475,0.0411375235665233,0.0332636764362025,0.0415717225198027,0.0306606267674202,0.030688927986413,0.0381010796550685,0.2686412870282013,0.1792952196564807,0.1710462067284801,0.1267858818715007,0.121505148218139,0.1033701369745338,0.1042282414611768,0.1024398022260064,-0.166645430914576,0.0,-0.0091553666726029,0.0,-0.1036181917306779,0.0,7.2507676086234225,50.06672895972814,0.524626731213278,0.026445655705219,8.581427041372862,49.68485537267863,0.5367407042040498,0.1004796839725968,-0.0499936292743728,-0.0018310733345205,-0.018651274511522,2007.7777777777776
3624,2013.3333333333333,0.1875514276375057,0.097542940864956,0.0891446338649166,0.0455567280861257,0.0441940338615064,0.0299460622903841,0.0325963580754799,0.021506477091848,0.0304061313341886,0.0291229605536452,0.2649506799256884,0.1647080981158763,0.1561586986542334,0.139054464592815,0.1278510788928778,0.1180908640920738,0.1186987684219562,0.1031277318122255,0.1356616978034192,0.0,-0.0496457168227165,0.0,-0.075528927853801,0.0,7.2507676086234225,50.53874400100114,0.524626731213278,0.026445655705219,8.581427041372862,49.68485537267863,0.5367407042040498,0.1004796839725968,0.0406985093410257,-0.0099291433645433,-0.0135952070136841,2013.3333333333333
3634,2018.8888888888887,0.2056494662778725,0.1020775601992149,0.0821357711310227,0.0485263610073176,0.0447599765181073,0.0367126969085842,0.0357209120680004,0.0304439137962584,0.0260171906933801,0.0216955462607343,0.268028909796226,0.1844675369267575,0.1652652497832733,0.1282253023268465,0.1250493930312502,0.1100634882791937,0.1115984534421235,0.1076550609119724,0.0274650971391757,0.0,0.1702647646635521,0.0,-0.0528724980836455,0.0,7.2507676086234225,50.53874400100114,0.5565905735724689,0.026445655705219,8.581427041372862,49.68485537267863,0.5367407042040498,0.1004796839725968,0.0082395291417527,0.0340529529327104,-0.0095170496550561,2018.8888888888887
3644,2024.4444444444443,0.2365463471417734,0.151564143397409,0.1351336190183203,0.0999335448476066,0.0930183320414628,0.0932793868130799,0.0851879710056894,0.0768280371255152,0.0853183280260573,0.0721081746536889,0.2658348937571983,0.1676842792237363,0.1609215155468297,0.1208184876461336,0.1266996702658435,0.1111395803442715,0.1103084931419076,0.1013487805100904,-0.0026917527878421,0.0,0.0717394414077615,0.0,0.0352930022792647,0.0,7.2507676086234225,50.53874400100114,0.5565905735724689,0.0774241781266415,8.581427041372862,49.68485537267863,0.5367407042040498,0.1004796839725968,-0.0008075258363526,0.0143478882815523,0.0063527404102676,2024.4444444444443
3654,2030.0,0.2388742535126398,0.1445274056425903,0.1289593493721825,0.0980564672020833,0.0978402763348489,0.0895953196814134,0.0775381293153368,0.0764590388109157,0.0808135426296721,0.0883417037602042,0.2666329737442242,0.1720325610949551,0.1605341250877399,0.1265051218186718,0.1185692221643012,0.1058946934779025,0.1003312229077635,0.1099752230288931,0.0734016154870254,0.0,-0.1139224310455119,0.0,-0.0006631488677599,0.0,7.2507676086234225,50.53874400100114,0.5565905735724689,0.0774241781266415,7.885600772247455,49.68485537267863,0.5367407042040498,0.1004796839725968,0.0220204846461076,-0.0227844862091023,-0.0001193667961967,2030.0
3664,2035.5555555555557,0.2402172749050081,0.1404761828639488,0.1308019491153082,0.1104357848741089,0.1080727155686421,0.0845758880612061,0.0851705364768579,0.0782987662300995,0.0768386956423855,0.0813307704439897,0.2528960305975365,0.16366561349558,0.1492344151375566,0.1263693910399902,0.1231464283491446,0.1048560761249875,0.1020573542569129,0.1027850407826664,-0.0303629514151943,0.0,0.2291794794455953,0.0,0.1467654492402433,0.0,7.2507676086234225,50.53874400100114,0.5565905735724689,0.0774241781266415,7.885600772247455,50.72416159082536,0.5367407042040498,0.1004796839725968,-0.0091088854245582,0.045835895889119,0.0264177808632438,2035.5555555555557
3674,2041.111111111111,0.2330060392003523,0.1515468779417795,0.1273305985134468,0.0912635360666602,0.0996853549843174,0.0835120917483131,0.0829982216337613,0.0783458024660349,0.0783449082919437,0.0787848085442425,0.2668498865083969,0.1692243692098753,0.1692057299645994,0.1252212818921076,0.1187613485276776,0.1153602071610093,0.1086993036832014,0.1050549143187655,-0.0111650508315533,0.0,-0.075364342784914,0.0,-0.0702058625549913,0.0,7.2507676086234225,50.53874400100114,0.5565905735724689,0.0774241781266415,7.885600772247455,50.72416159082536,0.5791208214589801,0.1004796839725968,-0.0033495152494659,-0.0150728685569828,-0.0126370552598984,2041.111111111111
3684,2046.6666666666663,0.2407359103524537,0.1419018442117204,0.1251637563735454,0.1022261052749741,0.0913165288331513,0.0885606253721737,0.0781821537911816,0.0789932632109566,0.0773301173970519,0.0817167249549259,0.289800249242675,0.1942221945938042,0.1781122019025396,0.1472089536627116,0.1387923059799541,0.1232252434120584,0.1306149679637071,0.116767076975968,-0.0103832823690131,0.0,0.0656314112186781,0.0,-0.0238557142007954,0.0,7.2507676086234225,50.53874400100114,0.5565905735724689,0.0774241781266415,7.885600772247455,50.72416159082536,0.5791208214589801,0.1186220698155793,-0.0031149847107039,0.0131262822437356,-0.0042940285561431,2046.6666666666663
3694,2052.222222222222,0.2717748193833911,0.175099096249318,0.1452609394342489,0.1102988753377731,0.1016730665105664,0.0844983505862218,0.088181263597564,0.0795590021382292,0.0721375652643551,0.0808059914576356,0.2822178087748275,0.1889619641365828,0.181336956809363,0.1403625076878272,0.1376301430213314,0.1366616973239696,0.1327049723495929,0.1198981530987149,-0.0534945730023627,0.0,-0.0235522201139102,0.0,-0.0117173983210138,0.0,9.19499983726619,50.53874400100114,0.5565905735724689,0.0774241781266415,7.885600772247455,50.72416159082536,0.5791208214589801,0.1186220698155793,-0.0160483719007088,-0.004710444022782,-0.0021091316977824,2052.222222222222
3704,2057.777777777778,0.2844101915872844,0.1860519123112511,0.164339641248243,0.1188684496920582,0.1173014696525308,0.0906062331576039,0.0963617203459875,0.0809822928481252,0.0891136850963935,0.0829661822890012,0.2796603757800273,0.1888089158912264,0.1708787509638004,0.1302899978021789,0.1394549314911695,0.123649757017009,0.1209589280770548,0.1175682265077917,0.0591114184308092,0.0,0.0305678659898745,0.0,-0.0946040527527705,0.0,9.19499983726619,43.587425273764126,0.5565905735724689,0.0774241781266415,7.885600772247455,50.72416159082536,0.5791208214589801,0.1186220698155793,0.0177334255292427,0.0061135731979749,-0.0170287294954986,2057.777777777778
3714,2063.333333333333,0.265949355276509,0.1821982916069792,0.1527769808269387,0.1162268292160613,0.0966886808367411,0.0839651636802759,0.0894613535640896,0.0829076721912871,0.0814079780569713,0.0733272046006871,0.2908082337610868,0.185713316062415,0.1711287863592692,0.1367954596241816,0.1365024057691548,0.1289641198080505,0.1195484528279951,0.1229803231585761,-0.051975727420214,0.0,0.0602556756943944,0.0,-0.0373813581837591,0.0,9.19499983726619,43.587425273764126,0.5272617449636061,0.0774241781266415,7.885600772247455,50.72416159082536,0.5791208214589801,0.1186220698155793,-0.0155927182260642,0.0120511351388788,-0.0067286444730766,2063.333333333333
3724,2068.8888888888887,0.2378928832542464,0.1311999065247148,0.1090181479146909,0.0541999424845696,0.054616151708766,0.0311766082128524,0.0359315765327386,0.0230830637542917,0.0169170709585136,0.032464783535346,0.2805488017136102,0.192608732622151,0.1798758602614541,0.1457430559500573,0.1347848729270428,0.1282489170580241,0.1247875523598261,0.1146017296032853,0.074898177796905,0.0,0.1030877122239095,0.0,-0.0686501347762953,0.0,9.19499983726619,43.587425273764126,0.5272617449636061,0.0169787461173064,7.885600772247455,50.72416159082536,0.5791208214589801,0.1186220698155793,0.0224694533390715,0.0206175424447819,-0.0123570242597331,2068.8888888888887
3734,2074.4444444444443,0.2392037272568178,0.1277620779142954,0.1137525189226182,0.0630687838115812,0.0519480112177511,0.0342178143619386,0.0261965757157867,0.0242479229438205,0.0303161026725515,0.0187301627592434,0.2959505530814069,0.2070747784364271,0.1875533069020387,0.1489366364171505,0.13941489963367,0.135542573665128,0.1256479172195761,0.1145440098761371,-0.2386805060701863,0.0,-0.0224567724934264,0.0,-0.1716654092610251,0.0,9.19499983726619,43.587425273764126,0.5272617449636061,0.0169787461173064,8.938790191344951,50.72416159082536,0.5791208214589801,0.1186220698155793,-0.0716041518210559,-0.0044913544986852,-0.0308997736669845,2074.4444444444443
3744,2080.0,0.2261913084626516,0.1211382615392293,0.1105240937605513,0.0579067194292069,0.0587202274945823,0.0290270409262968,0.0258973007654518,0.0246935496874091,0.0226079069070973,0.0252017053465941,0.2857084935199599,0.1755903587961128,0.1814760309699518,0.1501415103168319,0.1365609293853383,0.1274878919476514,0.1255310613932889,0.1225431476754555,0.1672828795630874,0.0,-0.0627513650687012,0.0,-0.0932689461245998,0.0,9.19499983726619,43.587425273764126,0.5272617449636061,0.0169787461173064,8.938790191344951,58.83182605711836,0.5791208214589801,0.1186220698155793,0.0501848638689262,-0.0125502730137402,-0.0167884103024279,2080.0
3754,2085.555555555556,0.2325012021201876,0.1071360717458615,0.0933564231841658,0.0594905543996714,0.053983511322013,0.0336685599953938,0.0373408512385533,0.0228809167887867,0.0357354951973625,0.0252904665253061,0.2804109118787468,0.1911159563723355,0.1720359647832728,0.1451906569600344,0.1413184494318228,0.1267309758469344,0.1278719427731654,0.1185961897556391,-0.1734121524058288,0.0,-0.1162402594748805,0.0,0.126354372213742,0.0,9.19499983726619,43.587425273764126,0.5272617449636061,0.0169787461173064,8.938790191344951,58.83182605711836,0.5461334364602205,0.1186220698155793,-0.0520236457217486,-0.0232480518949761,0.0227437869984735,2085.555555555556
3764,2091.111111111111,0.2247606498518695,0.1133515387082902,0.1050891604516999,0.0641110477204511,0.0590316513254841,0.0238120813187803,0.0325178910642197,0.0311217314463765,0.0171870504697532,0.0260429685303035,0.2851173412368281,0.2091672803429405,0.2024690226682495,0.1646923593906674,0.1686608285836764,0.154356888212367,0.1499026850353924,0.1513524380308933,-0.1309352431100336,0.0,0.1784311594376333,0.0,0.0952019108514281,0.0,9.19499983726619,43.587425273764126,0.5272617449636061,0.0169787461173064,8.938790191344951,58.83182605711836,0.5461334364602205,0.1454861360373257,-0.03928057293301,0.0356862318875266,0.017136343953257,2091.111111111111
3774,2096.6666666666665,0.199592940456917,0.0999387563732919,0.0746545901717522,0.0441444673881559,0.0393751443961295,0.0274357285248118,0.0152975602077295,0.0150082145523749,0.013586716590618,0.0120866067380088,0.2986957091213229,0.2071916650412457,0.2003640167822905,0.1689523507361159,0.1614496665414391,0.1527454361878266,0.1485860810588059,0.150970375727253,0.0406096445230436,0.0,-0.0828962849268609,0.0,0.0365089001190144,0.0,7.065016534794893,43.587425273764126,0.5272617449636061,0.0169787461173064,8.938790191344951,58.83182605711836,0.5461334364602205,0.1454861360373257,0.012182893356913,-0.0165792569853721,0.0065716020214225,2096.6666666666665
3784,2102.222222222222,0.1891250093967728,0.094015046937875,0.0672087495533055,0.0486821145452368,0.0225745893539052,0.0302435552953714,0.0238169980749552,0.0173665305559478,0.0244350693680038,0.0202204432059942,0.2923810739675584,0.201008422643683,0.2074947702169494,0.1715671386235527,0.1543365921723488,0.1454226440902996,0.154229294144754,0.1432643104219479,0.0236258748688862,0.0,0.0706458770187472,0.0,0.0116686596407962,0.0,7.065016534794893,50.12952032376262,0.5272617449636061,0.0169787461173064,8.938790191344951,58.83182605711836,0.5461334364602205,0.1454861360373257,0.0070877624606658,0.0141291754037494,0.0021003587353433,2102.222222222222
3794,2107.777777777778,0.2082780133725604,0.0997503092255902,0.0892166792948353,0.0328802962529007,0.0389251240513563,0.0242768372396412,0.0220716615779908,0.0234212023686365,0.0204650759426867,0.0079559470392363,0.2926734067606135,0.2029478084062562,0.2078703315683266,0.1564562150016262,0.1596476882938718,0.1529622525773901,0.1608797901257034,0.1571361239766224,-0.05076089173903,0.0,0.1211434615685619,0.0,-0.0252247113095372,0.0,7.065016534794893,50.12952032376262,0.599477008843903,0.0169787461173064,8.938790191344951,58.83182605711836,0.5461334364602205,0.1454861360373257,-0.015228267521709,0.0242286923137123,-0.0045404480357167,2107.777777777778
3804,2113.333333333333,0.2939245676388583,0.2031064527375281,0.1816146450088063,0.1601936090839603,0.1601412778794201,0.1480129275268666,0.1438462653307782,0.1387904801359508,0.1333149214866398,0.1383211768397385,0.2948045322854054,0.218310187323505,0.1978479081478727,0.1589993638632124,0.169096175822173,0.1478748779273964,0.1573790077443641,0.1593691777231916,-0.1214873435522095,0.0,-0.0070317245370506,0.0,-0.2654736930251221,0.0,7.065016534794893,50.12952032376262,0.599477008843903,0.137243385410826,8.938790191344951,58.83182605711836,0.5461334364602205,0.1454861360373257,-0.0364462030656628,-0.0014063449074101,-0.0477852647445219,2113.333333333333
3814,2118.8888888888887,0.2926750704268092,0.2075630990224345,0.1915248125522702,0.1573930294428937,0.151772745253527,0.1376606272105937,0.1403799649076715,0.1354193637794142,0.1304733533511962,0.1429490965414426,0.2545989722469413,0.1856448638349284,0.1768794519108253,0.1493464830198356,0.1541814936843838,0.1374238342970954,0.150457816415953,0.1426167723036255,-0.0947933904295742,0.0,-0.084045557466045,0.0,0.1526572241014658,0.0,7.065016534794893,50.12952032376262,0.599477008843903,0.137243385410826,6.12158657968433,58.83182605711836,0.5461334364602205,0.1454861360373257,-0.0284380171288722,-0.016809111493209,0.0274783003382638,2118.8888888888887
3824,2124.4444444444443,0.2862908825575176,0.2059158284204997,0.1928776693902227,0.160055362605507,0.1554675868563221,0.1458020701090755,0.1410916255576793,0.146115656660902,0.1359394562312794,0.1361771925967727,0.2782027462546015,0.2012389722191504,0.1815239053975038,0.1522285060358941,0.1564207438312005,0.151085379553926,0.1502180938498727,0.1405253851013596,0.0033749395905984,0.0,-0.0722726932958243,0.0,0.0152877958972958,0.0,7.065016534794893,50.12952032376262,0.599477008843903,0.137243385410826,6.12158657968433,46.30701628868763,0.5461334364602205,0.1454861360373257,0.0010124818771795,-0.0144545386591648,0.0027518032615132,2124.4444444444443
3834,2130.0,0.2869055560737803,0.2005615083948014,0.1799789329353689,0.157249609588144,0.1468957980029049,0.1501424832017885,0.1509697881661773,0.1363361446066546,0.1444435002074204,0.1369883070549694,0.28549930647509,0.2096478088786619,0.1895039558497746,0.1666546348016238,0.149414284851205,0.1482510899592045,0.1495661885050302,0.1503908623457121,0.0442749980290694,0.0,0.0724848179983874,0.0,-0.163103801686158,0.0,7.065016534794893,50.12952032376262,0.599477008843903,0.137243385410826,6.12158657968433,46.30701628868763,0.6199949396931455,0.1454861360373257,0.0132824994087208,0.0144969635996774,-0.0293586843035084,2130.0
3844,2135.555555555556,0.2815797099132744,0.2070553263035079,0.1840943408374092,0.1565645436073029,0.1572290239273268,0.1522655223883686,0.1460962691713284,0.1402966355215601,0.1288316080407452,0.1426336003661208,0.1963798974240714,0.0968209024398138,0.0680870852321622,0.0383570958348055,0.0264887908350964,0.0176965442810257,0.0098250930703328,0.0115000079912053,-0.0488963102989791,0.0,0.0200113933465722,0.0,0.1968607326043783,0.0,7.065016534794893,50.12952032376262,0.599477008843903,0.137243385410826,6.12158657968433,46.30701628868763,0.6199949396931455,0.0099597327754918,-0.0146688930896937,0.0040022786693144,0.0354349318687881,2135.555555555556
3854,2141.111111111111,0.2915762820494296,0.2045667187584448,0.1837793160446303,0.1644251291705784,0.1501673009759363,0.1433401663362712,0.1471838732893773,0.1306190946531566,0.1424295834340807,0.1467906245998763,0.2029107196312019,0.0907171915765055,0.0663175631817865,0.034632760158166,0.0205018976507488,0.0061224776160492,0.0177641764042912,-0.0005636149433627,0.1382695152456995,0.0,-0.0348738651798211,0.0,-0.101250744737807,0.0,7.1569618444992695,50.12952032376262,0.599477008843903,0.137243385410826,6.12158657968433,46.30701628868763,0.6199949396931455,0.0099597327754918,0.0414808545737098,-0.0069747730359642,-0.0182251340528052,2141.111111111111
3864,2146.6666666666665,0.2955309928842825,0.2051435747090301,0.1839976900624089,0.1596879161464911,0.1573969305276773,0.1443773077742246,0.1439174378997789,0.1394456887818676,0.1425705107938593,0.1363531885193209,0.1870064573974611,0.0859211510192611,0.0643158901191669,0.0385371861974131,0.0238828925984493,0.0192978909248022,0.0075930345013252,0.0069127084884666,-0.1359054100532673,0.0,-0.1231082885720846,0.0,-0.0680625076008296,0.0,7.1569618444992695,49.30126908195081,0.599477008843903,0.137243385410826,6.12158657968433,46.30701628868763,0.6199949396931455,0.0099597327754918,-0.0407716230159801,-0.0246216577144169,-0.0122512513681493,2146.6666666666665
3874,2152.222222222222,0.3271580064353167,0.2108966416538862,0.196260112267961,0.1615164921280066,0.1548902243703659,0.1614143889993795,0.1453465833324275,0.1470264390997501,0.133224828693442,0.1369151716007244,0.1932903885834746,0.0941769794410635,0.0596155348705294,0.0221254639650172,0.0286027140203678,0.0123614952834442,0.0053325761197948,0.0165832791946156,0.0163996549744847,0.0,0.0206809958468141,0.0,-0.0441166578261492,0.0,7.1569618444992695,49.30126908195081,0.6761714053738455,0.137243385410826,6.12158657968433,46.30701628868763,0.6199949396931455,0.0099597327754918,0.0049198964923454,0.0041361991693628,-0.0079409984087068,2152.222222222222
3884,2157.777777777778,0.2940597984404596,0.1963276468515371,0.1805945044735151,0.1484832286075829,0.1332791661977285,0.1222999066610189,0.1257971578775439,0.1146575655251776,0.1236451086377826,0.1029053810207167,0.1941713054016249,0.0918440228475112,0.0617571366828424,0.0344200414222283,0.0232055814764211,0.016906184857498,0.0244922894915856,0.0104361596384747,-0.1394555420601226,0.0,0.0913083119990143,0.0,-0.0920781982165436,0.0,7.1569618444992695,49.30126908195081,0.6761714053738455,0.1141439282486681,6.12158657968433,46.30701628868763,0.6199949396931455,0.0099597327754918,-0.0418366626180367,0.0182616623998028,-0.0165740756789778,2157.777777777778
3894,2163.333333333333,0.3043086720226888,0.1841876712071931,0.1791630254561779,0.1439585649278607,0.1319245840329343,0.1348786852040141,0.1192591974870801,0.1138321417288655,0.1161547967928616,0.1042437552938883,0.255539865223007,0.1182661320680477,0.0982742529724449,0.052544316364762,0.0507623849806999,0.0271933156345212,0.0155443854788066,0.0141081078407943,0.191264970800292,0.0,-0.12892763735769,0.0,-0.0752179432736965,0.0,7.1569618444992695,49.30126908195081,0.6761714053738455,0.1141439282486681,8.486941408685224,46.30701628868763,0.6199949396931455,0.0099597327754918,0.0573794912400876,-0.025785527471538,-0.0135392297892653,2163.333333333333
3904,2168.8888888888887,0.3092319050216059,0.1946232979697787,0.1761181565699031,0.1393683853159931,0.1325292512521678,0.117815331414469,0.1210546883889249,0.1111647572951299,0.109957199284887,0.1181364914963494,0.2337486481181389,0.0985729707387968,0.0945549769344877,0.046080075206822,0.0379429716816421,0.0213425220095233,0.0218923759551594,0.0177106675876285,-0.0122705781188105,0.0,-0.160065060677341,0.0,-0.1455614749745947,0.0,7.1569618444992695,49.30126908195081,0.6761714053738455,0.1141439282486681,8.486941408685224,55.22139545058625,0.6199949396931455,0.0099597327754918,-0.0036811734356431,-0.0320130121354682,-0.026201065495427,2168.8888888888887
3914,2174.4444444444443,0.3077022647308023,0.1940458075390998,0.1859706993219722,0.1400520420902826,0.1353483668280977,0.1255573522374181,0.1274277889430307,0.1099652999347576,0.1161734444383525,0.1142285821758825,0.233620806289051,0.1124047725318164,0.09313856853112,0.0401996919015048,0.0295780927332824,0.0167892675944385,0.0135472775816902,0.0083770714574379,-0.081182571442205,0.0,-0.0302860059661872,0.0,0.0191268970875167,0.0,7.1569618444992695,49.30126908195081,0.6761714053738455,0.1141439282486681,8.486941408685224,55.22139545058625,0.6415441552099566,0.0099597327754918,-0.0243547714326615,-0.0060572011932374,0.003442841475753,2174.4444444444443
3924,2180.0,0.2952331468110759,0.1962819698027604,0.1799699250568869,0.1417289200010231,0.1357762420927082,0.1260106965299962,0.1213554835472392,0.1174359694921761,0.1135317786192861,0.1149983503929555,0.3144290900658701,0.203242741898933,0.190684451490044,0.163507966139696,0.1572320612352961,0.1367361155089599,0.1237042455986875,0.1226329662438948,-0.0234634952370933,0.0,0.0681545280785049,0.0,0.0685966878242071,0.0,7.1569618444992695,49.30126908195081,0.6761714053738455,0.1141439282486681,8.486941408685224,55.22139545058625,0.6415441552099566,0.127454001396967,-0.007039048571128,0.0136309056157009,0.0123474038083572,2180.0
3934,2185.555555555556,0.3280485230668626,0.2137501618882533,0.1973662992340601,0.1488550516633641,0.1520183262339636,0.1258608567516054,0.134245911377137,0.1191870971500343,0.1151893190619335,0.1169350266628724,0.3149624423099166,0.2022631833423691,0.198926409923092,0.1478164796245615,0.1532865007115853,0.1414061572504711,0.1312423878861774,0.1254052503354815,0.0017025394448605,0.0,0.0550340909279826,0.0,0.0024628711920712,0.0,8.580725410357404,49.30126908195081,0.6761714053738455,0.1141439282486681,8.486941408685224,55.22139545058625,0.6415441552099566,0.127454001396967,0.0005107618334581,0.0110068181855965,0.0004433168145728,2185.555555555556
3944,2191.111111111111,0.330043407463931,0.187574229613938,0.1871485233750065,0.1477877907605666,0.1353851393063909,0.1313365651752494,0.1243922957601437,0.1167557894458247,0.1169723226820625,0.1190414453634557,0.3148979374829312,0.2108116828447689,0.1977635881329441,0.1459709892398599,0.1464950591155547,0.1374537604386395,0.1300054365654728,0.1308074507190227,-0.0178587123723857,0.0,0.013514342120153,0.0,0.072590772488857,0.0,8.580725410357404,54.71366118627202,0.6761714053738455,0.1141439282486681,8.486941408685224,55.22139545058625,0.6415441552099566,0.127454001396967,-0.0053576137117157,0.0027028684240306,0.0130663390479942,2191.111111111111
3954,2196.6666666666665,0.2731089357282547,0.1796452269177887,0.1766683018430887,0.1363886203458441,0.1461253268114353,0.1150387118162302,0.1228020466934325,0.1106437577127021,0.1219336378360834,0.1180472378228731,0.3268954768520465,0.2041116431426197,0.1961618182453005,0.1460136651922147,0.1526799913703144,0.1311186106939344,0.1357646934499237,0.1267576730129483,0.0961566392373377,0.0,-0.14348536654004,0.0,0.0781376041701102,0.0,8.580725410357404,54.71366118627202,0.5603289005504428,0.1141439282486681,8.486941408685224,55.22139545058625,0.6415441552099566,0.127454001396967,0.0288469917712013,-0.028697073308008,0.0140647687506198,2196.6666666666665
3964,2202.222222222222,0.2232674264721494,0.1077350696474538,0.0969659733706984,0.0452498563288188,0.0587155364448117,0.0384428521319383,0.035109788751879,0.0258702540999594,0.0204980361340005,0.0200409785076706,0.3145685365686327,0.2065742234992516,0.1868721245334156,0.1489346001681786,0.1470780765568766,0.140994869518428,0.1346216481681615,0.135665650653423,0.0239786398752576,0.0,0.0499548316607973,0.0,-0.0140728624646735,0.0,8.580725410357404,54.71366118627202,0.5603289005504428,0.0251461084348112,8.486941408685224,55.22139545058625,0.6415441552099566,0.127454001396967,0.0071935919625772,0.0099909663321594,-0.0025331152436412,2202.222222222222
3974,2207.777777777778,0.2283563592799384,0.0978596688806157,0.0943629571904501,0.0553083070109422,0.0510346107055436,0.0304349559058105,0.037892653855901,0.0345525949770112,0.0320807387571247,0.0276549161336277,0.3184626568187905,0.209469376479726,0.1950444816298017,0.1545149163238951,0.1530339535869008,0.1386738546624608,0.1329703755854307,0.1279873143139634,0.053753390631889,0.0,-0.0713321332112713,0.0,-0.1533621397637637,0.0,8.580725410357404,54.71366118627202,0.5603289005504428,0.0251461084348112,8.269574937467365,55.22139545058625,0.6415441552099566,0.127454001396967,0.0161260171895667,-0.0142664266422542,-0.0276051851574774,2207.777777777778
3984,2213.333333333333,0.2170479740755587,0.1067075670637201,0.0985728967584676,0.0656488790498317,0.0544475311186984,0.0467021747967146,0.0297291144015999,0.0195381725393581,0.0255667867197283,0.022929243298656,0.3303117793369496,0.2289603177457526,0.2020305534902044,0.1651485164275731,0.1556315298288761,0.1364665760067726,0.1341237562593928,0.1306752023544493,-0.0188576624927431,0.0,0.1098228444992176,0.0,0.03564079031162,0.0,8.580725410357404,54.71366118627202,0.5603289005504428,0.0251461084348112,8.269574937467365,43.316745915373225,0.6415441552099566,0.127454001396967,-0.0056572987478229,0.0219645688998435,0.0064153422560916,2213.333333333333
3994,2218.8888888888887,0.2245701184815364,0.1154565781633181,0.1100330446824447,0.0554666664352839,0.0515939904446392,0.0320435114828683,0.0293782178078815,0.0337238163970751,0.0266149156806065,0.034290567915419,0.3433835442739589,0.2275373420940376,0.210627167296231,0.1709027315988852,0.1528259376826706,0.1415577916062157,0.1315334705059548,0.1273574875003583,0.0254118373434689,0.0,-0.1962359558450045,0.0,0.0744081149428273,0.0,8.580725410357404,54.71366118627202,0.5603289005504428,0.0251461084348112,8.269574937467365,43.316745915373225,0.6838911703039938,0.127454001396967,0.0076235512030406,-0.0392471911690009,0.0133934606897089,2218.8888888888887
4004,2224.4444444444443,0.2262127231852378,0.1065264659184554,0.1000930465952401,0.04746680976814,0.0486674215998633,0.0355572272358766,0.0303877716911395,0.0354266392080644,0.0255559977596583,0.0279797107757878,0.320416334322018,0.1974063453340414,0.170010390301506,0.1369327150758914,0.1277529294250413,0.1072085573825035,0.0997906684645097,0.0901520967126037,-0.0918178879185841,0.0,0.0220061841387246,0.0,0.1433705828985536,0.0,8.580725410357404,54.71366118627202,0.5603289005504428,0.0251461084348112,8.269574937467365,43.316745915373225,0.6838911703039938,0.0894964256034182,-0.0275453663755752,0.0044012368277449,0.0258067049217396,2224.4444444444443
4014,2230.0,0.2056334290416115,0.0973708890411681,0.0903494535754712,0.0513798738208938,0.0401087815267588,0.042393702926401,0.0334221597937219,0.0232529485405057,0.0281318239042945,0.0227431125994965,0.3221324763610766,0.1989510774760834,0.1716699126110571,0.1359218636924763,0.123241522269369,0.1025929171247259,0.1013381491455934,0.0917642401165708,-0.1308559818473766,0.0,-0.0963996792824249,0.0,-0.0437235687738801,0.0,7.45418916118984,54.71366118627202,0.5603289005504428,0.0251461084348112,8.269574937467365,43.316745915373225,0.6838911703039938,0.0894964256034182,-0.0392567945542129,-0.0192799358564849,-0.0078702423792984,2230.0
4024,2235.555555555556,0.1963995724190143,0.0922151115544487,0.0819801602920173,0.0415315691676117,0.0441301204364783,0.0299395357959818,0.0280080186641517,0.0253399361120452,0.021498634499729,0.0247335994036623,0.3171509633043972,0.203985839707106,0.1801486799105726,0.1339960042302882,0.1198384900090751,0.1075245071469394,0.1022192294781231,0.090126098237821,-0.0875071178445132,0.0,-0.1171971454740634,0.0,0.0283859822733228,0.0,7.45418916118984,58.73286313304702,0.5603289005504428,0.0251461084348112,8.269574937467365,43.316745915373225,0.6838911703039938,0.0894964256034182,-0.0262521353533539,-0.0234394290948126,0.0051094768091981,2235.555555555556
4034,2241.111111111111,0.1988280085668572,0.0925514138574983,0.0889191461720321,0.0485932199441722,0.0357045922592173,0.0279186709544593,0.0279643027840145,0.0269328665985076,0.0259599786769677,0.0287484598734296,0.3163844124832135,0.2015903331632024,0.1816949914603373,0.1281465966947029,0.1222270711031578,0.096415281431573,0.0979005194209315,0.0951409023916789,0.1712981234411945,0.0,0.1094863573379058,0.0,0.0226160654764798,0.0,7.45418916118984,58.73286313304702,0.531026054387569,0.0251461084348112,8.269574937467365,43.316745915373225,0.6838911703039938,0.0894964256034182,0.0513894370323583,0.0218972714675811,0.0040708917857663,2241.111111111111
4044,2246.6666666666665,0.228973994797047,0.1362736896775906,0.1217618875620465,0.0988147858965737,0.0985227348184809,0.0765095321712747,0.0794400831561409,0.0789375254403912,0.0838411793898115,0.0898183946801361,0.3223367625707675,0.2081689100294116,0.180862286262654,0.1339629475853797,0.1270589347763646,0.1052443886270201,0.0975425964585381,0.0884698732494493,-0.0077762779847431,0.0,-0.1379084348578335,0.0,-0.1269012311367311,0.0,7.45418916118984,58.73286313304702,0.531026054387569,0.0771699506542869,8.269574937467365,43.316745915373225,0.6838911703039938,0.0894964256034182,-0.0023328833954229,-0.0275816869715667,-0.0228422216046116,2246.6666666666665
4054,2252.222222222222,0.2185321538064023,0.1331625997128333,0.1200471718434107,0.0836529708889055,0.0955837053443925,0.0873149736943183,0.0905962155316844,0.0794472585008283,0.0759068519694408,0.07247881966795,0.2839700610305949,0.1764339300237189,0.1517994008994819,0.1210158063130912,0.1035242875021061,0.1034986961027228,0.0971999073822282,0.0898251372464482,-0.1465486511692173,0.0,-0.1474986086497383,0.0,-0.1084045286490859,0.0,7.45418916118984,58.73286313304702,0.531026054387569,0.0771699506542869,6.274662219648708,43.316745915373225,0.6838911703039938,0.0894964256034182,-0.0439645953507652,-0.0294997217299476,-0.0195128151568354,2252.222222222222
4064,2257.777777777778,0.2235182316976042,0.1380283786409601,0.1283521954266055,0.0993432068443869,0.103889239298665,0.0877094991749904,0.0752886818729496,0.0792962155603763,0.0838488015456911,0.0759265415204886,0.262863329414588,0.1471011962332123,0.1374804359661751,0.1040523993290032,0.1040737760156695,0.0984280703948461,0.0923234421746543,0.0807950915982604,0.1046885710465318,0.0,-0.0015165540016465,0.0,-0.0371408298472042,0.0,7.45418916118984,58.73286313304702,0.531026054387569,0.0771699506542869,6.274662219648708,59.30855418169148,0.6838911703039938,0.0894964256034182,0.0314065713139595,-0.0003033108003293,-0.0066853493724967,2257.777777777778
4074,2263.333333333333,0.2333707632149794,0.1351372546820045,0.1239575377612962,0.090304944398923,0.0912264376913168,0.0906933237987627,0.0858443513554645,0.0788635897737972,0.0791765789630448,0.0806094815288235,0.2424940506126477,0.1464446795856243,0.1408679193145391,0.1060541813853569,0.0982699991114058,0.0945110238742332,0.1011327526972254,0.0881115901294347,0.0700999853043913,0.0,0.2130147072646704,0.0,-0.1078639366060194,0.0,7.45418916118984,58.73286313304702,0.531026054387569,0.0771699506542869,6.274662219648708,59.30855418169148,0.6150752123623258,0.0894964256034182,0.0210299955913174,0.0426029414529341,-0.0194155085890834,2263.333333333333
4084,2268.8888888888887,0.2223846029487507,0.1296884095212476,0.135533816555805,0.0935014256603909,0.0928625388567569,0.0802088750238577,0.085541547789066,0.0820941462269436,0.0763045486929471,0.0775222575383809,0.2584605381560125,0.1656273791817209,0.1591915441519324,0.1313929899215094,0.1290597996007768,0.1296599130943879,0.1259614146965842,0.1244502466174594,-0.0696078651431938,0.0,0.0962867541245849,0.0,-0.0489369386330674,0.0,7.45418916118984,58.73286313304702,0.531026054387569,0.0771699506542869,6.274662219648708,59.30855418169148,0.6150752123623258,0.1205499896700081,-0.0208823595429581,0.0192573508249169,-0.0088086489539521,2268.8888888888887
4094,2274.4444444444443,0.2220599423351022,0.1375887061586438,0.1123641169439442,0.1025295019635605,0.0937087830800044,0.0830408552018845,0.0834767726955468,0.0791410078254127,0.0755394516089665,0.0758360706394022,0.2633793680072035,0.1625998913054824,0.1525068925959515,0.1390324877915979,0.1247997112642623,0.1270123837818096,0.1148011059258725,0.115164129900831,-0.0643950381846784,0.0,0.0218057106400122,0.0,-0.0461482340536192,0.0,7.30215173967265,58.73286313304702,0.531026054387569,0.0771699506542869,6.274662219648708,59.30855418169148,0.6150752123623258,0.1205499896700081,-0.0193185114554035,0.0043611421280024,-0.0083066821296514,2274.4444444444443
4104,2280.0,0.2276933453289565,0.1347882335108468,0.1298885288506568,0.0946891359089087,0.0907184476437209,0.0838353518090009,0.0842846332045258,0.0804212653994987,0.0847713991034861,0.0691952957385487,0.2621728652116143,0.1669117237295322,0.1572572109549597,0.1330428277276473,0.1345654541510904,0.1222179001428814,0.1220069432382143,0.1229556287988345,0.059007844382791,0.0,0.1356670988907787,0.0,-0.0174951470024234,0.0,7.30215173967265,56.03593253337077,0.531026054387569,0.0771699506542869,6.274662219648708,59.30855418169148,0.6150752123623258,0.1205499896700081,0.0177023533148373,0.0271334197781557,-0.0031491264604362,2280.0
4114,2285.555555555555,0.2526176251781466,0.1522946009376335,0.1364495294466169,0.1006929024799444,0.0947791659851348,0.0789616412735366,0.0807650729994658,0.0793072933107048,0.0792727011831124,0.079188064474835,0.2647345466133464,0.174266085198913,0.1687020042017785,0.1407967015116677,0.1276372419372652,0.1232689322194856,0.1135131889883094,0.1272244951049688,-0.0404371289231975,0.0,0.1522866802262509,0.0,0.058361740719464,0.0,7.30215173967265,56.03593253337077,0.6405683931178195,0.0771699506542869,6.274662219648708,59.30855418169148,0.6150752123623258,0.1205499896700081,-0.0121311386769592,0.0304573360452501,0.0105051133295035,2285.555555555555
4124,2291.111111111111,0.2702847031634065,0.1640900711729449,0.1579729610662832,0.1151354173104388,0.1158623162510016,0.110539598665695,0.0989662339485876,0.0972693308884701,0.0962816961572524,0.1006090410956755,0.2697996608962152,0.1695955051659087,0.1605808890477617,0.1297648622653396,0.1326089317499484,0.1244734278100647,0.1184612265020501,0.1222591758634278,0.0369181034855646,0.0,-0.016048567189482,0.0,0.1561922565736151,0.0,7.30215173967265,56.03593253337077,0.6405683931178195,0.0965522204689027,6.274662219648708,59.30855418169148,0.6150752123623258,0.1205499896700081,0.0110754310456693,-0.0032097134378964,0.0281146061832507,2291.111111111111
4134,2296.6666666666665,0.2763856099080571,0.1729017019107327,0.142812298561138,0.1200468608943442,0.1102248744593251,0.1069330199701622,0.1038853136395504,0.0931431163401916,0.1056209560605514,0.1024682938267266,0.2960184020348499,0.190561970804698,0.1891131300702083,0.1391726841489591,0.14283424470514,0.1309849753200391,0.126915656906399,0.1239376332628214,0.1035022222897513,0.0,-0.1945011381563783,0.0,0.1163407655301489,0.0,7.30215173967265,56.03593253337077,0.6405683931178195,0.0965522204689027,8.851688444721095,59.30855418169148,0.6150752123623258,0.1205499896700081,0.0310506666869254,-0.0389002276312756,0.0209413377954268,2296.6666666666665
4144,2302.222222222222,0.2774186785195536,0.1695983362061131,0.1557816293760123,0.1174004077951904,0.1151313603465934,0.1037972403411144,0.0943175329254211,0.0939197980223445,0.0899382534707281,0.1059380374699489,0.315243754931148,0.2102748555463698,0.1955065123891507,0.1530509721749943,0.1476842086958034,0.1264556560425576,0.1344891459787583,0.1259746742914728,0.1483207711612583,0.0,-0.1646773147041951,0.0,0.117807524765607,0.0,7.30215173967265,56.03593253337077,0.6405683931178195,0.0965522204689027,8.851688444721095,48.66982676190486,0.6150752123623258,0.1205499896700081,0.0444962313483775,-0.032935462940839,0.0212053544578092,2302.222222222222
4154,2307.777777777778,0.2749568825435384,0.15948017376381,0.1574327660029542,0.1180172428927707,0.114617793991453,0.1029255093633081,0.0925742865794006,0.0954885980454341,0.1046274966768522,0.0978905650909061,0.3070523318272509,0.2073097634546163,0.1961266624572088,0.1514072749960425,0.1507214176701123,0.1317961511954909,0.1247632328195411,0.1258924647150388,0.2048423471895288,0.0,-0.1620258006521231,0.0,-0.0834298000264717,0.0,7.30215173967265,56.03593253337077,0.6405683931178195,0.0965522204689027,8.851688444721095,48.66982676190486,0.5830176867184254,0.1205499896700081,0.0614527041568586,-0.0324051601304246,-0.0150173640047649,2307.777777777778
4164,2313.333333333333,0.2790182080065652,0.162101057503381,0.1531409228748378,0.1124222774066727,0.1166259702696028,0.1060606843811792,0.1092990607086043,0.1005884958654601,0.0986021768399879,0.0945680295251744,0.297425575179197,0.1897944125494741,0.1743542743347154,0.1387282224082865,0.1309307399602299,0.1162552761431788,0.1163705919558685,0.1050441510533308,-0.1590151196489607,0.0,0.0443634193394543,0.0,-0.0346289731132671,0.0,7.30215173967265,56.03593253337077,0.6405683931178195,0.0965522204689027,8.851688444721095,48.66982676190486,0.5830176867184254,0.1038181693177525,-0.0477045358946882,0.0088726838678908,-0.006233215160388,2313.333333333333
4174,2318.8888888888887,0.2990098309672899,0.1817008875203767,0.1711568754236485,0.1236491617018692,0.1209205171964579,0.1053439582029482,0.1156955315282667,0.1109232616161139,0.1026282848254354,0.0920251727446917,0.2910044367284237,0.188883590992777,0.1768102365495599,0.1378453742654082,0.1365234071158574,0.1084589027088751,0.1089670117232189,0.1059936161950199,-0.1076323044739707,0.0,0.0316872218056916,0.0,0.1870578133500057,0.0,9.072176979657726,56.03593253337077,0.6405683931178195,0.0965522204689027,8.851688444721095,48.66982676190486,0.5830176867184254,0.1038181693177525,-0.0322896913421912,0.0063374443611383,0.033670406403001,2318.8888888888887
4184,2324.4444444444443,0.3134830340470008,0.1983844926715314,0.1815695634994964,0.1334785970376297,0.1330957496296016,0.1073402049873891,0.1109804196540267,0.1040701765661674,0.1030691936041501,0.1015603125167985,0.286484782062911,0.1880662623929959,0.1873848107975342,0.1387318083360785,0.1368575025680324,0.10847379480001,0.1164804957222428,0.1093439104262203,0.0569033813325501,0.0,0.0361299794512366,0.0,0.0566842351516264,0.0,9.072176979657726,46.70152040067589,0.6405683931178195,0.0965522204689027,8.851688444721095,48.66982676190486,0.5830176867184254,0.1038181693177525,0.017071014399765,0.0072259958902473,0.0102031623272927,2324.4444444444443
4194,2330.0,0.3202314733569453,0.1966976311403467,0.1870895541737819,0.1385737829314913,0.1288132184810213,0.1128375904722391,0.1099930393947241,0.1018120522534903,0.1051106473261753,0.0944603416691849,0.3007271990730216,0.1887782947886415,0.1777429126822044,0.1408358904000859,0.1301063106615425,0.1040029094419285,0.1154227581639943,0.1043647824948212,0.0578925543844348,0.0,-0.1269825767362681,0.0,0.0967738338490638,0.0,9.072176979657726,46.70152040067589,0.6339314109391478,0.0965522204689027,8.851688444721095,48.66982676190486,0.5830176867184254,0.1038181693177525,0.0173677663153304,-0.0253965153472536,0.0174192900928315,2330.0
4204,2335.555555555555,0.2689143149648033,0.1454428452345139,0.1278687019125413,0.0717380898492664,0.0712936843038782,0.0492233530024579,0.0401602446070644,0.0428160405103824,0.0319615827367441,0.0349509248046771,0.2862852628345175,0.1869393419413855,0.1782960655112042,0.1362524703393153,0.1434000464726616,0.1180460264446917,0.1130668263416408,0.1028520944892222,-0.0769694004475707,0.0,0.0930318581938041,0.0,-0.0666648426406688,0.0,9.072176979657726,46.70152040067589,0.6339314109391478,0.0313556111796159,8.851688444721095,48.66982676190486,0.5830176867184254,0.1038181693177525,-0.0230908201342712,0.0186063716387608,-0.0119996716753203,2335.555555555555
4214,2341.111111111111,0.2780407187026515,0.1513415007318629,0.1329399279601473,0.0859502595828944,0.0677256511107038,0.047367671443002,0.046780737504059,0.0362034700310356,0.0370912802806543,0.0382453607671311,0.271379157215879,0.1755100301886769,0.1572880767177381,0.1306396153898244,0.1179803562221924,0.1109200685827314,0.1121230209303779,0.1009014878296179,-0.1013590301903732,0.0,0.0345559802151307,0.0,0.0295286018002417,0.0,9.072176979657726,46.70152040067589,0.6339314109391478,0.0313556111796159,7.65509992095865,48.66982676190486,0.5830176867184254,0.1038181693177525,-0.0304077090571119,0.0069111960430261,0.0053151483240435,2341.111111111111
4224,2346.6666666666665,0.273505572293287,0.1444910624311584,0.1382476279616985,0.0725453977594843,0.0706076461308218,0.0486069738033792,0.0436706629694412,0.0378025376856695,0.0434127380442661,0.0413862378548084,0.2753179071843229,0.1721221916587781,0.1599944774983998,0.1175525693035036,0.1228450484266574,0.1083252333669059,0.1146602832423411,0.101333826209884,0.1192224829062753,0.0,0.0242207179107198,0.0,0.0150041650289004,0.0,9.072176979657726,46.70152040067589,0.6339314109391478,0.0313556111796159,7.65509992095865,55.38343403736266,0.5830176867184254,0.1038181693177525,0.0357667448718825,0.0048441435821439,0.002700749705202,2346.6666666666665
4234,2352.222222222222,0.2802989073602037,0.1551975993993483,0.1394055608162069,0.0762319710348262,0.0677628313109864,0.046698691601812,0.0486172540358291,0.0441054274269689,0.0269416129710606,0.0410984178653122,0.2448724171445211,0.1584296458294238,0.1561449133259684,0.1267279650587932,0.1267264680041765,0.1089579742694841,0.1081192279170226,0.1091444889863511,-0.0565383820504609,0.0,0.1461989984193741,0.0,0.0681688013123497,0.0,9.072176979657726,46.70152040067589,0.6339314109391478,0.0313556111796159,7.65509992095865,55.38343403736266,0.513062990230034,0.1038181693177525,-0.0169615146151382,0.0292397996838748,0.0122703842362229,2352.222222222222
4244,2357.777777777778,0.2674626656128325,0.1405903242551729,0.1344009557691448,0.080160840221645,0.0708734763382371,0.0524953875227672,0.0475867853430482,0.0302279026220631,0.0319286285193607,0.0374515169753702,0.2466695931396463,0.1679528593471983,0.155034524426153,0.1301270040319206,0.1241256730200928,0.1110931896114874,0.1133443215546275,0.1145356648667316,-0.1091962037335274,0.0,0.2171014331114219,0.0,0.1127196666776996,0.0,9.072176979657726,46.70152040067589,0.6339314109391478,0.0313556111796159,7.65509992095865,55.38343403736266,0.513062990230034,0.1091763098166407,-0.0327588611200582,0.0434202866222843,0.0202895400019859,2357.777777777778
4254,2363.333333333333,0.215136911213825,0.1164374769152648,0.087167488418666,0.0590788020218242,0.0506987826434228,0.0447848020044191,0.0399372453054235,0.0370832377092385,0.0395405688018835,0.0416095909216861,0.245108221537645,0.1633930237884631,0.156313410730606,0.1309070448277059,0.1290539966785875,0.1199515958079111,0.1123324736788951,0.1030089092323835,0.0104371323461787,0.0,-0.0801650697192231,0.0,-0.0715352366919462,0.0,6.449383926241611,46.70152040067589,0.6339314109391478,0.0313556111796159,7.65509992095865,55.38343403736266,0.513062990230034,0.1091763098166407,0.0031311397038536,-0.0160330139438446,-0.0128763426045503,2363.333333333333
4264,2368.8888888888887,0.2025850820554042,0.1021832562597764,0.0859473199633982,0.0533528347116228,0.0495972241688594,0.0353798809917116,0.0449848746168558,0.0262293854425318,0.0322358468006691,0.023163416319758,0.2523201833633801,0.1651022099662996,0.1584168813593011,0.131646455172454,0.1196498284715751,0.1121562526355161,0.1111717844548573,0.1118854161563006,0.0476971452492476,0.0,-0.1554905133140514,0.0,0.0543838859163013,0.0,6.449383926241611,59.16700057990582,0.6339314109391478,0.0313556111796159,7.65509992095865,55.38343403736266,0.513062990230034,0.1091763098166407,0.0143091435747742,-0.0310981026628102,0.0097890994649342,2368.8888888888887
4274,2374.4444444444443,0.1877858795257721,0.1024683124556118,0.0792227905185174,0.0520751970369319,0.038893843541971,0.0346249819757413,0.0388016573892304,0.0298327571907907,0.0290665736308272,0.0325906494463318,0.2466122103881125,0.168974243568732,0.1583290214545337,0.1188426585037959,0.1278119996279361,0.1172160035846791,0.1163791957802683,0.1064310203111275,-0.0353717560897352,0.0,0.0785834660458969,0.0,0.0051887797597033,0.0,6.449383926241611,59.16700057990582,0.5937339600996857,0.0313556111796159,7.65509992095865,55.38343403736266,0.513062990230034,0.1091763098166407,-0.0106115268269205,0.0157166932091793,0.0009339803567465,2374.4444444444443
4284,2380.0,0.2178776489321124,0.1149433433503927,0.1080052433274964,0.0778965096796853,0.0769058866129902,0.0639296942393314,0.0588794092406917,0.0581773786459046,0.0671448290558646,0.0567840993947795,0.2412368117946348,0.1660200566758689,0.1534171522684543,0.122654160641297,0.1280924590502165,0.1000542845942134,0.1174815145766488,0.1169457660142478,0.0126831472380201,0.0,0.0372381976987706,0.0,-0.021899807145336,0.0,6.449383926241611,59.16700057990582,0.5937339600996857,0.0613606284422068,7.65509992095865,55.38343403736266,0.513062990230034,0.1091763098166407,0.003804944171406,0.0074476395397541,-0.0039419652861604,2380.0
4294,2385.555555555555,0.2223091497598402,0.1121753287994328,0.1032899841358298,0.0781556705706589,0.0723343385515243,0.0659797192977446,0.0670972612042987,0.063783069436281,0.0566606734004536,0.0584271738823265,0.2466081538931439,0.1654847645720557,0.1601728994331802,0.1391141274889335,0.1347424800690019,0.104298370686262,0.1221823634516769,0.1075560968712685,-0.0417718720504215,0.0,0.0424889803036064,0.0,-0.0237090036248921,0.0,6.449383926241611,59.16700057990582,0.5937339600996857,0.0613606284422068,8.161333952603156,55.38343403736266,0.513062990230034,0.1091763098166407,-0.0125315616151264,0.0084977960607212,-0.0042676206524805,2385.555555555555
4304,2391.111111111111,0.2216761396129218,0.1218404977710031,0.1146969093360083,0.0766507942460675,0.0768355532503435,0.0673787733205986,0.0640346470171697,0.0683520939687055,0.0653398298279373,0.0614968907834395,0.2579255339393681,0.1705133605839784,0.1616159538344651,0.1267599573409651,0.1305068556193207,0.117395765200818,0.1215416376202262,0.109215763909212,-0.0991763636805049,0.0,0.0272828862389715,0.0,-0.1377300890440856,0.0,6.449383926241611,59.16700057990582,0.5937339600996857,0.0613606284422068,8.161333952603156,50.46597739932183,0.513062990230034,0.1091763098166407,-0.0297529091041514,0.0054565772477943,-0.0247914160279354,2391.111111111111
4314,2396.6666666666665,0.2144138374751677,0.1099293822311338,0.0980321072674028,0.0829269326538924,0.0689106559316063,0.072114743564699,0.0678823454464014,0.0667050911947334,0.0668838467657903,0.055848264662864,0.2998109339075147,0.2013050641111283,0.1790301119704284,0.1388516365536983,0.1362482464559025,0.1275874444063044,0.1123784661071238,0.1019532241959012,0.0104610187790282,0.0,0.1279286996878978,0.0,-0.0709893305228295,0.0,6.449383926241611,59.16700057990582,0.5937339600996857,0.0613606284422068,8.161333952603156,50.46597739932183,0.6461697710646527,0.1091763098166407,0.0031383056337084,0.0255857399375795,-0.0127780794941093,2396.6666666666665
4324,2402.222222222222,0.2138554112351982,0.1203745698343217,0.1006880017335982,0.0775540294486147,0.0715552291137215,0.062058653957704,0.0652808730495505,0.0651792384870796,0.0641896748474487,0.0557831579773636,0.2504830098476835,0.1102667564907205,0.0887104624661904,0.0487639024349567,0.0490014450402362,0.0197099244639696,0.0225653884194715,0.0119859529480782,-0.0817798279363869,0.0,-0.0402556755483058,0.0,0.0424029910864778,0.0,6.449383926241611,59.16700057990582,0.5937339600996857,0.0613606284422068,8.161333952603156,50.46597739932183,0.6461697710646527,0.0127136842100565,-0.024533948380916,-0.0080511351096611,0.007632538395566,2402.222222222222
4334,2407.777777777778,0.2479217361736675,0.1262534723177011,0.1302330041542563,0.0900527765296061,0.0877083646834995,0.0654075657253788,0.0740530981673894,0.0750358769109544,0.0657115209821029,0.0637851829295684,0.2464721433799913,0.115474760263941,0.0925512219279907,0.047243957371182,0.0446392583382529,0.016422156164336,0.0298271686514442,0.0160716717728504,-0.1010170380635653,0.0,-0.0112001765938051,0.0,0.0703947867327737,0.0,8.200933986121193,59.16700057990582,0.5937339600996857,0.0613606284422068,8.161333952603156,50.46597739932183,0.6461697710646527,0.0127136842100565,-0.0303051114190696,-0.002240035318761,0.0126710616118992,2407.777777777778
4344,2413.333333333333,0.2637036805194464,0.1367943845727125,0.1263632246454121,0.0951695597926698,0.0898832373376343,0.0632080139655426,0.0673470286737591,0.0662190867444848,0.0722297346793302,0.0653031818295264,0.2410809447275639,0.1188235411777454,0.1011742948098641,0.049772634529431,0.0377198436153157,0.0263366477276284,0.0188175262224213,0.0153789599368572,-0.0676952407128499,0.0,-0.1055768853505284,0.0,-0.0818145335303244,0.0,8.200933986121193,51.16217385699176,0.5937339600996857,0.0613606284422068,8.161333952603156,50.46597739932183,0.6461697710646527,0.0127136842100565,-0.0203085722138549,-0.0211153770701056,-0.0147266160354584,2413.333333333333
4354,2418.8888888888887,0.2915776777857268,0.1603469673167036,0.1511755588497213,0.0920716610119514,0.1014624039903716,0.0754351950399204,0.0646049818274542,0.0585554711386247,0.0621380642840593,0.0547353307414498,0.2436429814689892,0.1095261925960946,0.0959062493983428,0.0589422884763988,0.0387253407763271,0.0180438153375558,0.0186231432505834,0.0164463394697302,0.0799099887046738,0.0,-0.1226080939754821,0.0,-0.024402826640705,0.0,8.200933986121193,51.16217385699176,0.686422778341764,0.0613606284422068,8.161333952603156,50.46597739932183,0.6461697710646527,0.0127136842100565,0.0239729966114021,-0.0245216187950964,-0.0043925087953269,2418.8888888888887
4364,2424.4444444444443,0.2574894669735524,0.1151636793645725,0.0938457093487807,0.0447701787422224,0.0426331379239288,0.0125647125288365,0.0095571179415705,0.0091426530843214,0.0085039378580475,-0.0008172505635367,0.2461642308842281,0.0946130817184079,0.0894207967276332,0.0500115132750265,0.0365098785236043,0.0287351956985609,0.0276356610477937,0.0157651734424862,-0.1425320023134235,0.0,0.0575605788588452,0.0,0.0898305407820804,0.0,8.200933986121193,51.16217385699176,0.686422778341764,0.0059408367132947,8.161333952603156,50.46597739932183,0.6461697710646527,0.0127136842100565,-0.042759600694027,0.011512115771769,0.0161694973407744,2424.4444444444443
4374,2430.0,0.2561608370472185,0.1103003041275706,0.1020656236180348,0.0467354938936406,0.0350289824536563,0.0227563202430257,0.0132611883665578,0.010443901413947,0.0031086418972267,0.0104316590962842,0.2247262160703823,0.1002045261846524,0.0832097176776489,0.0399630788188683,0.0335155452427042,0.0149843609515059,0.0069017962498352,0.016466988331551,0.0439159508938896,0.0,-0.0693856177315426,0.0,-0.0155572431016047,0.0,8.200933986121193,51.16217385699176,0.686422778341764,0.0059408367132947,7.358458929169223,50.46597739932183,0.6461697710646527,0.0127136842100565,0.0131747852681669,-0.0138771235463085,-0.0028003037582888,2430.0
4384,2435.555555555555,0.2524321773826543,0.1126065536883908,0.0908573269982448,0.0538886822732314,0.0389098897068786,0.012342364748043,0.0191706974671143,0.0081077775044267,0.0101397679453905,0.0122857050477661,0.2296359955027569,0.0980401301331544,0.0825431692920948,0.0440087781437681,0.0336227780106548,0.0153822477535519,0.0187109077400519,0.0200966604494202,-0.0102966223685282,0.0,-0.0541503696312053,0.0,-0.0331117702970073,0.0,8.200933986121193,51.16217385699176,0.686422778341764,0.0059408367132947,7.358458929169223,52.62145824320065,0.6461697710646527,0.0127136842100565,-0.0030889867105584,-0.010830073926241,-0.0059601186534613,2435.555555555555
4394,2441.111111111111,0.2478918577636396,0.1055663978735261,0.0937668580213074,0.0436407055562906,0.04133477556462,0.0251829387812597,0.024662432119693,0.0102779383406955,0.0077363573193724,-0.0031626510190347,0.205240258018857,0.0948352008501855,0.0855103060567584,0.0338207630372283,0.0362313833175078,0.0220395031199231,0.0185306438613287,0.0206873489320651,0.0729728755267854,0.0,-0.0661539279876062,0.0,0.1043738558256835,0.0,8.200933986121193,51.16217385699176,0.686422778341764,0.0059408367132947,7.358458929169223,52.62145824320065,0.6101493902536503,0.0127136842100565,0.0218918626580356,-0.0132307855975212,0.018787294048623,2441.111111111111
4404,2446.6666666666665,0.2575196455644525,0.1115080521050604,0.08937154785675,0.0482848491419777,0.0411692778587741,0.0162508893683982,0.0159758941490202,0.009609439810223,0.0210449934395867,0.0025696508822285,0.211870905869821,0.0914501044781234,0.0862588518867707,0.0394575700455653,0.0277785296100331,0.0295947701976348,0.0158988301121983,0.013916975373565,0.0760896357433854,0.0,-0.0190231751797084,0.0,0.0170460108845777,0.0,8.200933986121193,51.16217385699176,0.686422778341764,0.0059408367132947,7.358458929169223,52.62145824320065,0.6101493902536503,0.011124164672611,0.0228268907230156,-0.0038046350359416,0.0030682819592239,2446.6666666666665
4414,2452.222222222222,0.2452348701591061,0.1235213284649949,0.0970652977276443,0.0556603666519884,0.0363038982463906,0.022872645070736,0.0162609257823729,0.0086993237636155,0.0107345801639731,0.0092047504658088,0.2185238250622262,0.0920386864429134,0.0780024767431373,0.03658602032623,0.0271157119945482,0.0179962004154368,0.0249340778214797,0.0167310547820384,0.0486665935154466,0.0,0.0919067965557518,0.0,0.004419557358867,0.0,8.298330858194065,51.16217385699176,0.686422778341764,0.0059408367132947,7.358458929169223,52.62145824320065,0.6101493902536503,0.011124164672611,0.0145999780546339,0.0183813593111503,0.000795520324596,2452.222222222222
4424,2457.777777777778,0.2681530092386804,0.1392618632515403,0.1056366640370097,0.0507374445044582,0.0417021806926125,0.0335202425013044,0.0228906336052705,0.0100764480563291,0.0116709284193308,0.0150086070322199,0.208343220915384,0.099294918936503,0.0837918614783063,0.0407133701911276,0.0303109264297548,0.0266856375506778,0.018723469383335,0.0184792455021377,0.1342081202591579,0.0,-0.1493471854725624,0.0,0.0089511500798838,0.0,8.298330858194065,44.44393770454528,0.686422778341764,0.0059408367132947,7.358458929169223,52.62145824320065,0.6101493902536503,0.011124164672611,0.0402624360777473,-0.0298694370945124,0.001611207014379,2457.777777777778
4434,2463.333333333333,0.2039400091966766,0.1078771398108247,0.0874934264734149,0.0412175880923657,0.025102298681854,0.0203546201683351,0.0185107789505802,0.0035995018613623,0.0045979757460684,0.0013216016253011,0.2206242904943808,0.0987690958452987,0.0797060846629166,0.0424518844236642,0.0280047940912299,0.008956019605262,0.0218626428774705,0.0115940983637638,0.0708677707087199,0.0,0.0047218632503728,0.0,0.0423139906321582,0.0,8.298330858194065,44.44393770454528,0.5391098358673696,0.0059408367132947,7.358458929169223,52.62145824320065,0.6101493902536503,0.011124164672611,0.0212603312126159,0.0009443726500745,0.0076165183137884,2463.333333333333
4444,2468.8888888888887,0.2873147725606974,0.2032037309579879,0.1982513815713218,0.1633201721990111,0.1569559765402434,0.1445376268240521,0.1343239385544987,0.1352536429564098,0.1385111267465737,0.1290052284662773,0.2130607760149372,0.0980271931303694,0.0801236938528549,0.033490390320127,0.0294941454538675,0.0143867871059923,0.0238082446901563,0.0256680602206925,-0.1219968797772966,0.0,-0.0336699480832289,0.0,-0.0039341194093633,0.0,8.298330858194065,44.44393770454528,0.5391098358673696,0.131803632712148,7.358458929169223,52.62145824320065,0.6101493902536503,0.011124164672611,-0.0365990639331889,-0.0067339896166457,-0.0007081414936854,2468.8888888888887
4454,2474.4444444444443,0.2783110637106745,0.2049258923397342,0.1913114725736206,0.1607664168785074,0.1596460208585459,0.1457790190757136,0.1453419966589576,0.1423846418736111,0.1358687322057008,0.1291299099653236,0.1965276406141081,0.0820446496699314,0.0630088680121132,0.0347139785616947,0.0286881152251252,0.0208509257393198,0.0002781450949204,0.0055958899157954,0.0683092447108727,0.0,0.0037869184072842,0.0,-0.0817330455743691,0.0,8.298330858194065,44.44393770454528,0.5391098358673696,0.131803632712148,6.593526323219059,52.62145824320065,0.6101493902536503,0.011124164672611,0.0204927734132618,0.0007573836814568,-0.0147119482033864,2474.4444444444443
4464,2480.0,0.2842631438705782,0.207767241503377,0.1888450430108728,0.1633442860106085,0.1565237815732436,0.1451555724095657,0.1406198354521917,0.1385353051193245,0.1406663170776226,0.1305807228749908,0.2076626232280079,0.0848423996069422,0.0705717213804276,0.0352029491844124,0.0337235779684714,0.0205952567235549,0.0162082050833839,0.0023583268861722,-0.049520486523339,0.0,-0.0525955187271648,0.0,-0.1187667659336365,0.0,8.298330858194065,44.44393770454528,0.5391098358673696,0.131803632712148,6.593526323219059,49.08581504012943,0.6101493902536503,0.011124164672611,-0.0148561459570017,-0.0105191037454329,-0.0213780178680545,2480.0
4474,2485.555555555555,0.2877706168416996,0.2165279998914572,0.1866298113704228,0.1598447324035989,0.1534399173285851,0.1538444701567107,0.1450442753055172,0.1362095358103692,0.1412586011532857,0.1297445679342545,0.2115122006080278,0.0968043244870352,0.0711515852694182,0.0372710148717916,0.0326456501443942,0.0217074025646868,0.0206670239606943,0.0092689875383512,0.1247817211052149,0.0,0.0118526451007894,0.0,-0.0275422354443626,0.0,8.298330858194065,44.44393770454528,0.5391098358673696,0.131803632712148,6.593526323219059,49.08581504012943,0.6500573764478406,0.011124164672611,0.0374345163315644,0.0023705290201578,-0.0049576023799852,2485.555555555555
4484,2491.111111111111,0.284695747654492,0.2062685125971919,0.1971814085219498,0.1590331408174127,0.1540530213615216,0.1428998380003023,0.1406816706420044,0.1414502317681665,0.1327635590593381,0.1322439979040922,0.2789256005612877,0.1766071875929979,0.1592359333585984,0.137723851883444,0.1211960913052217,0.1118407196309475,0.1091373743992436,0.1123352007125666,0.0966818781507953,0.0,-0.0414392186187072,0.0,-0.0136393687422584,0.0,8.298330858194065,44.44393770454528,0.5391098358673696,0.131803632712148,6.593526323219059,49.08581504012943,0.6500573764478406,0.1060973079036891,0.0290045634452386,-0.0082878437237414,-0.0024550863736065,2491.111111111111
4494,2496.6666666666665,0.2838600561620802,0.2084353061776732,0.1895741012072258,0.16088199841666,0.1629787005537681,0.1418285757721376,0.1468577027792817,0.1303755901657976,0.139636696556043,0.1360636686175916,0.2726388303582001,0.1778231842954579,0.1552714385893829,0.1251096328111804,0.1162274928436177,0.1093840875896647,0.1183323528269989,0.1076499320793716,0.0447951497256097,0.0,0.1935532278943255,0.0,0.0333021416804278,0.0,8.171068818948156,44.44393770454528,0.5391098358673696,0.131803632712148,6.593526323219059,49.08581504012943,0.6500573764478406,0.1060973079036891,0.0134385449176829,0.0387106455788651,0.005994385502477,2496.6666666666665
4504,2502.222222222222,0.2764477342438697,0.1826743574841255,0.1756997901995359,0.1642413883280779,0.160739804947869,0.1517751589337665,0.1331342091580901,0.1416375560821697,0.138458700912208,0.1389854590116754,0.2803828612711622,0.178525165654332,0.1572763909765263,0.1255870836485699,0.1208348892674344,0.1047522865212043,0.1170290261302247,0.1051540816511319,-0.1158010955997364,0.0,-0.02619588198798,0.0,0.1063698464369085,0.0,8.171068818948156,56.14091493852781,0.5391098358673696,0.131803632712148,6.593526323219059,49.08581504012943,0.6500573764478406,0.1060973079036891,-0.0347403286799209,-0.005239176397596,0.0191465723586435,2502.222222222222
4514,2507.777777777778,0.3008772438499011,0.199152209681805,0.1895945442856739,0.1554899158274479,0.1555301186167539,0.1511469931143057,0.1277324629835756,0.1343147490229598,0.1279928841837338,0.1234689725602159,0.2802533711403439,0.1797221191832449,0.1553892780310136,0.1336813617583363,0.1221102017211776,0.1124534162579555,0.1128784710274797,0.1043619921533868,0.0660519641892272,0.0,-0.0093715310662341,0.0,-0.1352428782060063,0.0,8.171068818948156,56.14091493852781,0.593163234840799,0.131803632712148,6.593526323219059,49.08581504012943,0.6500573764478406,0.1060973079036891,0.0198155892567681,-0.0018743062132468,-0.0243437180770811,2507.777777777778
4524,2513.333333333333,0.2693800184281599,0.1643669186409569,0.1623017795022793,0.1197081354190542,0.1161681232702084,0.0999911890017096,0.0933264404749869,0.0967038001645512,0.1011011736524077,0.0954950342879421,0.2773621622891409,0.1780879720538089,0.1669012550320724,0.1306162547757757,0.1207532476240337,0.1185278751668549,0.1180012642773712,0.108052641299994,0.0783035416088843,0.0,-0.2044652029359087,0.0,-0.0502131615381469,0.0,8.171068818948156,56.14091493852781,0.593163234840799,0.0930578150609146,6.593526323219059,49.08581504012943,0.6500573764478406,0.1060973079036891,0.0234910624826653,-0.0408930405871817,-0.0090383690768664,2513.333333333333
4534,2518.8888888888887,0.266754749179057,0.1674498110018834,0.1511921102066292,0.1092632835251801,0.1200097567422563,0.1101650998043089,0.1017831500018959,0.0916801165469727,0.0977931951469103,0.0985389301378419,0.3152893585866828,0.1968643176617377,0.1868794369800788,0.135627208245904,0.1377536749739149,0.1157745629499648,0.1145530228011482,0.1082543975655542,0.0513487777292498,0.0,0.0362417679749311,0.0,0.152724019180703,0.0,8.171068818948156,56.14091493852781,0.593163234840799,0.0930578150609146,8.456749922156808,49.08581504012943,0.6500573764478406,0.1060973079036891,0.0154046333187749,0.0072483535949862,0.0274903234525265,2518.8888888888887
4544,2524.4444444444443,0.2735333649329775,0.1713974229848495,0.1526334842730668,0.1193467888481156,0.1248799342907489,0.105240783289113,0.0917963463778548,0.0994335563716018,0.0953169152289753,0.0908738462524784,0.3150366029688008,0.1840565069450599,0.1787435577013094,0.141246412586773,0.1241622716823926,0.1243067839266005,0.1131207278588312,0.1171750698412874,-0.0424686388607886,0.0,0.0362957408833657,0.0,0.1463937538784937,0.0,8.171068818948156,56.14091493852781,0.593163234840799,0.0930578150609146,8.456749922156808,53.56183272025926,0.6500573764478406,0.1060973079036891,-0.0127405916582365,0.0072591481766731,0.0263508756981288,2524.4444444444443
4554,2530.0,0.2679423558532434,0.1541416506263951,0.1580118095833413,0.1085026479497895,0.1149846270383477,0.093119878496435,0.0936687307646104,0.0892599938587915,0.0918249614744335,0.0896680144389929,0.3054491154623159,0.1951851494687032,0.1762332499421816,0.1362709213472208,0.1324018218435193,0.115929907452901,0.1074690441177771,0.1104924176506568,-0.0044403051536994,0.0,-0.0595889808576687,0.0,0.1041108824069786,0.0,8.171068818948156,56.14091493852781,0.593163234840799,0.0930578150609146,8.456749922156808,53.56183272025926,0.6283656733414756,0.1060973079036891,-0.0013320915461098,-0.0119177961715337,0.0187399588332561,2530.0
4564,2535.555555555555,0.2614065522078619,0.1636454772953491,0.1618854415854177,0.1143229239324146,0.1200680346405562,0.0961971655337747,0.1018492837868997,0.1010978688609076,0.1010036391018166,0.09034008774974,0.2683190754318877,0.1403900416898096,0.1384303840725545,0.1003261959797465,0.0814398857803135,0.072055003485389,0.072612087453675,0.0645771631942011,0.0984804078602086,0.0,-0.0148616398461534,0.0,-0.1037416847459235,0.0,8.171068818948156,56.14091493852781,0.593163234840799,0.0930578150609146,8.456749922156808,53.56183272025926,0.6283656733414756,0.0609193085605674,0.0295441223580626,-0.0029723279692306,-0.0186735032542662,2535.555555555555
4574,2541.111111111111,0.266899523664202,0.1690402588415598,0.1528668840662411,0.1185274662245468,0.1134955477216677,0.099762979007213,0.1053393194356537,0.0898210717911255,0.0834938825675111,0.0931608932836215,0.2711327730807141,0.1515934768690713,0.140944733849936,0.0908513374177453,0.0896054034619719,0.0738108045377084,0.0668429519048567,0.0673348399758811,0.0072289013713159,0.0,0.0480957821846842,0.0,-0.1628727720730466,0.0,8.18663506589876,56.14091493852781,0.593163234840799,0.0930578150609146,8.456749922156808,53.56183272025926,0.6283656733414756,0.0609193085605674,0.0021686704113947,0.0096191564369368,-0.0293170989731483,2541.111111111111
4584,2546.6666666666665,0.2876842988968293,0.18426818284621,0.1623409142824439,0.1156651186194601,0.1278675157429855,0.1000337730152469,0.1122123123304508,0.1011860277525684,0.0900360408926893,0.0951223126507266,0.2669319265969901,0.1479125613757312,0.1316922951402308,0.0989436072625543,0.088199475434434,0.07777081234582,0.075461598405756,0.0624965782323529,0.0759191884961363,0.0,0.0312653655340495,0.0,0.0479878824552085,0.0,8.18663506589876,47.92165327952674,0.593163234840799,0.0930578150609146,8.456749922156808,53.56183272025926,0.6283656733414756,0.0609193085605674,0.0227757565488409,0.0062530731068099,0.0086378188419375,2546.6666666666665
4594,2552.222222222222,0.3082007316005832,0.1839409386043612,0.1667161665616495,0.1187428304212011,0.1253779927183401,0.1054998545489234,0.1016198513204645,0.1019859831911374,0.0913618367980471,0.0843997489897459,0.2688451566297978,0.1451832460091666,0.1338600124103186,0.0892524297714981,0.0914449788773133,0.0810093060453622,0.0699288161179356,0.0732123697313722,-0.1190171395270861,0.0,0.0795717875175889,0.0,-0.0547112267956474,0.0,8.18663506589876,47.92165327952674,0.6488584510594297,0.0930578150609146,8.456749922156808,53.56183272025926,0.6283656733414756,0.0609193085605674,-0.0357051418581258,0.0159143575035177,-0.0098480208232165,2552.222222222222
4604,2557.777777777778,0.2792068694906048,0.160062820447367,0.1409258814302453,0.0981134210283172,0.0893358546631054,0.0631528393402702,0.0719386623305565,0.0585860420208089,0.05831446993325,0.0559987134154041,0.2681265649019528,0.1447482658845724,0.144448619130621,0.0801508606942466,0.096963286296652,0.0744123215532721,0.0739075367182324,0.0666467545385118,-0.0690665598178382,0.0,0.1335788951273167,0.0,0.0141079413025487,0.0,8.18663506589876,47.92165327952674,0.6488584510594297,0.0570645234171375,8.456749922156808,53.56183272025926,0.6283656733414756,0.0609193085605674,-0.0207199679453514,0.0267157790254633,0.0025394294344587,2557.777777777778
4614,2563.333333333333,0.2808700009271827,0.1546453769484046,0.1423713438427181,0.1007299485349414,0.0930866175513804,0.0698044220960229,0.0681595772391393,0.0574057417433466,0.0583320149782355,0.0591643858301622,0.2487696415084602,0.1311641684327361,0.1205876627915222,0.091554871536211,0.0789983118202704,0.073425829058096,0.0702085607002275,0.0648865311996621,0.249451340225236,0.0,0.1318231061300566,0.0,-0.0048678532974124,0.0,8.18663506589876,47.92165327952674,0.6488584510594297,0.0570645234171375,7.399863462958335,53.56183272025926,0.6283656733414756,0.0609193085605674,0.0748354020675707,0.0263646212260113,-0.0008762135935342,2563.333333333333
4624,2568.8888888888887,0.2757654289583264,0.1501811536447621,0.1279143969396526,0.0820685856063171,0.073890090650538,0.0758795089598958,0.0615761047900861,0.063577322130778,0.0621672867436842,0.0612157246110961,0.2465767304505449,0.1361831352809946,0.1293054471118523,0.0879713000040532,0.0838202385872844,0.0588300825345778,0.0703966121640414,0.0636714775553804,0.055998783607925,0.0,-0.0763504066843179,0.0,0.0632809100321469,0.0,8.18663506589876,47.92165327952674,0.6488584510594297,0.0570645234171375,7.399863462958335,55.10914179995703,0.6283656733414756,0.0609193085605674,0.0167996350823775,-0.0152700813368635,0.0113905638057864,2568.8888888888887
4634,2574.4444444444443,0.2784671051261286,0.1541205791746137,0.14690889024778,0.0932949885172275,0.0987170588700779,0.0661853632677861,0.066465983941708,0.065493817233767,0.0702151813473856,0.054698674374965,0.2372638119454587,0.1353796768481373,0.1158747001118164,0.0810209682857742,0.0833787871034116,0.0604432596126328,0.0603218395512798,0.0672720958753566,0.1008014431234672,0.0,-0.0459691481720137,0.0,0.0998986816551654,0.0,8.18663506589876,47.92165327952674,0.6488584510594297,0.0570645234171375,7.399863462958335,55.10914179995703,0.6007311596945369,0.0609193085605674,0.0302404329370401,-0.0091938296344027,0.0179817626979297,2574.4444444444443
4644,2580.0,0.2823371205467344,0.153307398253433,0.1432031430058181,0.091987842815617,0.1028416782862542,0.068715277070693,0.0708227940163561,0.0653198003546122,0.0542684470906508,0.0577563196069612,0.2284673406771147,0.130960889051572,0.1042354494615025,0.0713475365609779,0.074211414490997,0.0550173645344439,0.0586473966975353,0.0479605804073248,0.026813514524975,0.0,-0.1164166832883529,0.0,0.011910760981745,0.0,8.18663506589876,47.92165327952674,0.6488584510594297,0.0570645234171375,7.399863462958335,55.10914179995703,0.6007311596945369,0.0507048856022945,0.0080440543574925,-0.0232833366576705,0.0021439369767141,2580.0
4654,2585.555555555555,0.2991276233344292,0.1711019066257239,0.1372136726515148,0.0999871438501368,0.1028132212302814,0.0673783241454345,0.073891053896663,0.0674440113610155,0.0650864838425173,0.0601023966464564,0.2290421814107528,0.1243671339017491,0.1036771948944282,0.069922827930886,0.0701869340514871,0.0548376221239744,0.053493575461676,0.051283162091005,0.2434537457100711,0.0,0.0619441536134197,0.0,0.0944099664647676,0.0,9.045820604382154,47.92165327952674,0.6488584510594297,0.0570645234171375,7.399863462958335,55.10914179995703,0.6007311596945369,0.0507048856022945,0.0730361237130213,0.0123888307226839,0.0169937939636581,2585.555555555555
4664,2591.111111111111,0.2919381468177758,0.1696786771901081,0.1575607624568926,0.0980030014766541,0.1019138579117021,0.0696514814589856,0.0731055418931577,0.0569394932446086,0.0711886037760966,0.0542264146729832,0.2328036108426539,0.1190520333362977,0.1092315093020866,0.0786452920726375,0.0692653502866951,0.0490011551981114,0.0589658290566584,0.0562298190980789,0.0138572379710238,0.0,-0.0022075577330564,0.0,0.0020777356874573,0.0,9.045820604382154,47.619251882658055,0.6488584510594297,0.0570645234171375,7.399863462958335,55.10914179995703,0.6007311596945369,0.0507048856022945,0.0041571713913071,-0.0004415115466112,0.0003739924237423,2591.111111111111
4674,2596.6666666666665,0.3061889697120644,0.1748022713867561,0.1602294530996487,0.1078789833244523,0.0944942633605431,0.0764769519907834,0.0763802414383173,0.0750345912975595,0.061348898914497,0.0542306424588118,0.2245954275991866,0.1196362871019574,0.1250945691057964,0.065742480939128,0.0708172524012684,0.0569358253980375,0.0542138207400184,0.0575012467367392,0.0830173493355087,0.0,0.0261651190137383,0.0,0.1211704924750799,0.0,9.045820604382154,47.619251882658055,0.6689458201348977,0.0570645234171375,7.399863462958335,55.10914179995703,0.6007311596945369,0.0507048856022945,0.0249052048006526,0.0052330238027476,0.0218106886455143,2596.6666666666665
4684,2602.222222222222,0.339098161954028,0.2158519396326973,0.2108070204164778,0.1539105004791851,0.1622903941458229,0.1355849516376787,0.1316173996324885,0.1228727915168361,0.1135701287908397,0.1242325058497843,0.2298684404225251,0.1245550424923023,0.1165125749738083,0.0756626568147535,0.0709882367246511,0.0621743404241834,0.0572206035424834,0.0534336636480563,-0.0695599619782948,0.0,0.0651681471967321,0.0,0.1488539326069216,0.0,9.045820604382154,47.619251882658055,0.6689458201348977,0.1177860604048068,7.399863462958335,55.10914179995703,0.6007311596945369,0.0507048856022945,-0.0208679885934884,0.0130336294393464,0.0267937078692459,2602.222222222222
4694,2607.777777777778,0.348435652587722,0.2198542992837056,0.2084976283301398,0.1590543133750552,0.1523048999999822,0.1304554520637997,0.1330595135441003,0.1310098591848206,0.1222647257899851,0.122651116342614,0.2395993174620834,0.1291124995493783,0.1085103781621233,0.0735230040877548,0.071066102993425,0.056834559524661,0.0547251873619127,0.0523275467665924,-0.0111627928752157,0.0,-0.0788303257436753,0.0,0.0679786618957887,0.0,9.045820604382154,47.619251882658055,0.6689458201348977,0.1177860604048068,7.341866471312744,55.10914179995703,0.6007311596945369,0.0507048856022945,-0.0033488378625647,-0.015766065148735,0.0122361591412419,2607.777777777778
4704,2613.333333333333,0.3397477892138867,0.2236209011114586,0.2087057756614739,0.1573085864779808,0.1545362093689868,0.1242922379898154,0.1271848286580904,0.1272204360788814,0.1186811744821969,0.1217045479033876,0.2335454267327373,0.1235470342281158,0.1165454961742142,0.0714937944575105,0.0772410301843126,0.0488975870457478,0.0561369483306645,0.0519710329194792,-0.0276040144805259,0.0,-0.0030946149676619,0.0,0.0436878615938694,0.0,9.045820604382154,47.619251882658055,0.6689458201348977,0.1177860604048068,7.341866471312744,54.25781879459656,0.6007311596945369,0.0507048856022945,-0.0082812043441577,-0.0006189229935323,0.0078638150868964,2613.333333333333
4714,2618.8888888888887,0.3402642542416312,0.2247231910719263,0.2068474182280167,0.1585664014410018,0.1417026874304491,0.1263055088332588,0.135189957603538,0.1155818342560951,0.1318440578658547,0.1257696235810311,0.1944520610882086,0.1138278641958736,0.0974630874464494,0.0714031648372985,0.0673439649920202,0.0572232520833665,0.0571103637640881,0.0485976691318525,0.0092611227329619,0.0,-0.0839611410543216,0.0,-0.0087028740725723,0.0,9.045820604382154,47.619251882658055,0.6689458201348977,0.1177860604048068,7.341866471312744,54.25781879459656,0.5068779400501676,0.0507048856022945,0.0027783368198885,-0.0167922282108643,-0.001566517333063,2618.8888888888887
4724,2624.4444444444443,0.3406353250059586,0.2212622334910429,0.2090249365691781,0.1672778791077537,0.149564693841888,0.134560210479862,0.134699487668724,0.132044874548188,0.1203444337022147,0.1247012953224819,0.2017300292123841,0.1229124437509551,0.1007873550087933,0.0761844064519709,0.0814037121857153,0.0630520642353207,0.0604998471163718,0.0686820938978023,0.0180603202418655,0.0,-0.1073648236600797,0.0,0.1146671966974226,0.0,9.045820604382154,47.619251882658055,0.6689458201348977,0.1177860604048068,7.341866471312744,54.25781879459656,0.5068779400501676,0.0584697605822755,0.0054180960725596,-0.0214729647320159,0.020640095405536,2624.4444444444443
4734,2630.0,0.3397653991075187,0.2318940652325421,0.2186615409613549,0.1581502246496923,0.149710780862486,0.131165055039668,0.1307902128028697,0.1255775834940533,0.1224281090008395,0.1197013389135803,0.2038763296726911,0.1185648159931854,0.1094975419622805,0.0776407194222301,0.0802359533297886,0.0674064136659878,0.057291542689081,0.0578646617069066,-0.2177035344899852,0.0,0.0886830646143496,0.0,-0.0283156928089927,0.0,9.153067795827436,47.619251882658055,0.6689458201348977,0.1177860604048068,7.341866471312744,54.25781879459656,0.5068779400501676,0.0584697605822755,-0.0653110603469955,0.0177366129228699,-0.0050968247056186,2630.0
4744,2635.555555555555,0.3480366264419935,0.2084597133738507,0.2033117722473973,0.1525156591340173,0.1475716786369914,0.1337756958344964,0.1303519432475222,0.1175455922423413,0.1242052851849928,0.11377444965206,0.2130942418724906,0.1159024163924966,0.1090223028110706,0.0821269510844222,0.076534836879936,0.064105805102718,0.077565286752824,0.0592972357034448,-0.1729530571253114,0.0,-0.0261874546748501,0.0,-0.0475825665912496,0.0,9.153067795827436,51.59078715036719,0.6689458201348977,0.1177860604048068,7.341866471312744,54.25781879459656,0.5068779400501676,0.0584697605822755,-0.0518859171375934,-0.00523749093497,-0.0085648619864249,2635.555555555555
4754,2641.111111111111,0.3127634559166397,0.2127572036540005,0.1976109974344424,0.1504803884107427,0.1537369935823352,0.132281599975587,0.1277083468968216,0.1295562820283163,0.127199942795856,0.1201375177496398,0.2177628135644198,0.1146409715541037,0.1032155698550112,0.0788390281396472,0.07509304778695,0.0691754310931439,0.0639020663148591,0.0560983630752583,-0.0990217209128779,0.0,0.1668954656698484,0.0,0.0571827000739643,0.0,9.153067795827436,51.59078715036719,0.6115651652446795,0.1177860604048068,7.341866471312744,54.25781879459656,0.5068779400501676,0.0584697605822755,-0.0297065162738633,0.0333790931339696,0.0102928860133135,2641.111111111111
4764,2646.6666666666665,0.3025775542451255,0.1908736897316956,0.1841994147326068,0.1387549946186612,0.1297051033242592,0.1213258388132354,0.1100218958217727,0.0994243363828413,0.1031118951848269,0.1098572186045296,0.2096717039792942,0.1278078708816099,0.1069586242152197,0.0838642804502053,0.0838531258654906,0.0693198878110982,0.0666493434029864,0.056081986363437,0.1055233811718707,0.0,0.0544483397752107,0.0,0.0426481017031496,0.0,9.153067795827436,51.59078715036719,0.6115651652446795,0.0997108328330321,7.341866471312744,54.25781879459656,0.5068779400501676,0.0584697605822755,0.0316570143515612,0.0108896679550421,0.0076766583065669,2646.6666666666665
4774,2652.222222222222,0.3031809737564389,0.1830789013733152,0.182462145502953,0.1404658006841938,0.1245919103110172,0.1065674024799505,0.1060780975842115,0.0986890834215884,0.0928821381317202,0.0989130115393773,0.2213033197743296,0.1233476906409344,0.1100181176447815,0.0775538078768731,0.0798750749098829,0.066568431696237,0.066099992316761,0.0597669576022881,0.0175843733649511,0.0,-0.1016842868750345,0.0,0.1027612632950161,0.0,9.153067795827436,51.59078715036719,0.6115651652446795,0.0997108328330321,8.033014895922769,54.25781879459656,0.5068779400501676,0.0584697605822755,0.0052753120094853,-0.0203368573750069,0.0184970273931029,2652.222222222222
4784,2657.777777777778,0.309847562298264,0.197424255739833,0.1804678718661054,0.1339474334951032,0.1281211322228856,0.1105942623764243,0.1181257191115378,0.1100813690129375,0.1014677285760618,0.1040668352472588,0.2173401142106571,0.1291073806758691,0.1026050687667696,0.0844727446532191,0.0807167166122628,0.0643976655767071,0.0620507494033836,0.055888903394253,0.0218585633793947,0.0,0.0622388674595939,0.0,-0.0615617922632612,0.0,9.153067795827436,51.59078715036719,0.6115651652446795,0.0997108328330321,8.033014895922769,51.67196502094249,0.5068779400501676,0.0584697605822755,0.0065575690138184,0.0124477734919187,-0.011081122607387,2657.777777777778
4794,2663.333333333333,0.3015238882427378,0.1954522366599064,0.1778577241380727,0.1342190935055079,0.1289744583984554,0.1142769129543901,0.1061819459045852,0.0958479091354573,0.1145739393894151,0.0984499393585437,0.247005606686813,0.1347157935253252,0.1352515251727713,0.0867892711011889,0.0783532508315733,0.0746541676639231,0.0673221762085403,0.0683108129646913,-0.0492064501370611,0.0,0.0446351767884688,0.0,-0.0291643224079734,0.0,9.153067795827436,51.59078715036719,0.6115651652446795,0.0997108328330321,8.033014895922769,51.67196502094249,0.5841258621019859,0.0584697605822755,-0.0147619350411183,0.0089270353576937,-0.0052495780334352,2663.333333333333
4804,2668.8888888888887,0.3106854678245109,0.187781026644441,0.1796688093230032,0.137222321934339,0.1306674178290938,0.1188594527810697,0.1182771628732868,0.1039785558519175,0.1052889195493657,0.0967726291880821,0.2165049042311482,0.122069121263185,0.097210510913198,0.0586876494187228,0.0555933774629518,0.033395644076575,0.0339798595673499,0.0399812800662312,-0.0588907981760178,0.0,0.0524139571422681,0.0,0.0474320232499259,0.0,9.153067795827436,51.59078715036719,0.6115651652446795,0.0997108328330321,8.033014895922769,51.67196502094249,0.5841258621019859,0.0275225532280194,-0.0176672394528053,0.0104827914284536,0.0085377641849866,2668.8888888888887
4814,2674.4444444444443,0.2813557679376721,0.167864223323374,0.1651850970783321,0.1183153511456372,0.1220893282438516,0.105454545055469,0.1086340287741395,0.1023320736141347,0.1032373082081059,0.098819080299169,0.2269078761362404,0.1163984145723081,0.0889308676123305,0.061494972444301,0.0423892626780239,0.0391406871177315,0.0367056980597297,0.0307019740056815,0.0331959960245583,0.0,-0.1924468774375338,0.0,-0.0698288474849023,0.0,7.336454512434773,51.59078715036719,0.6115651652446795,0.0997108328330321,8.033014895922769,51.67196502094249,0.5841258621019859,0.0275225532280194,0.0099587988073675,-0.0384893754875067,-0.0125691925472824,2674.4444444444443
4824,2680.0,0.2745420018120184,0.1813219250508911,0.1660591388106546,0.1294155483199207,0.1228335409382335,0.1183173430658607,0.1207566041373617,0.1027875907329216,0.1055884380175682,0.0972272178920234,0.2182511943127177,0.1183550396247047,0.0930240173026533,0.0556665366449783,0.0513829914404918,0.033984630070168,0.0359660225829567,0.0291900451187093,-0.0684785541203057,0.0,0.0619043339844578,0.0,0.009263835924067,0.0,7.336454512434773,45.8584435406906,0.6115651652446795,0.0997108328330321,8.033014895922769,51.67196502094249,0.5841258621019859,0.0275225532280194,-0.0205435662360917,0.0123808667968915,0.001667490466332,2680.0
4834,2685.555555555555,0.2721337395553745,0.1725582069864099,0.16300105012408,0.127681364856597,0.1218917799620395,0.1046335056304536,0.106096781756182,0.1074409444812482,0.1050000303062881,0.1046429834931837,0.2286922140489801,0.120242053467448,0.1014274728753229,0.0640089609273387,0.0498331608011953,0.034738516179725,0.0330634717026042,0.0395976092907187,0.0315320733441819,0.0,-0.0716537414518233,0.0,0.110004230338272,0.0,7.336454512434773,45.8584435406906,0.5861489849280462,0.0997108328330321,8.033014895922769,51.67196502094249,0.5841258621019859,0.0275225532280194,0.0094596220032545,-0.0143307482903646,0.0198007614608889,2685.555555555555
4844,2691.111111111111,0.2991736002683117,0.2244709896364238,0.2057850192829965,0.1785621516596614,0.1658715416884011,0.1551265886315918,0.1580335278247313,0.1503534798310005,0.1555892214575588,0.1532886910665646,0.2224603332955647,0.1084257571487404,0.0997168803826939,0.0623830149076191,0.0500203678409443,0.0318497868257842,0.035809369949357,0.0239077172229929,0.0669242886829013,0.0,0.0966747794642065,0.0,-0.1653972631906177,0.0,7.336454512434773,45.8584435406906,0.5861489849280462,0.1498588133219723,8.033014895922769,51.67196502094249,0.5841258621019859,0.0275225532280194,0.0200772866048704,0.0193349558928413,-0.0297715073743111,2691.111111111111
4854,2696.6666666666665,0.2984325232207372,0.2229012678376409,0.2054280250795338,0.1721340025433672,0.1635865467228102,0.1495774865263755,0.1508719780062608,0.1496124119465073,0.1481887379902389,0.1484973241160384,0.2117277902417262,0.094682927476653,0.0913577673076549,0.050027733296165,0.0401185874666225,0.0323906391600582,0.0352830662419328,0.029016532918995,0.0028895643271145,0.0,-0.0052130335580592,0.0,-0.1984744838844382,0.0,7.336454512434773,45.8584435406906,0.5861489849280462,0.1498588133219723,7.057655825636014,51.67196502094249,0.5841258621019859,0.0275225532280194,0.0008668692981343,-0.0010426067116118,-0.0357254070991988,2696.6666666666665
4864,2702.222222222222,0.2988251755721851,0.2197945612757235,0.1980921643251264,0.1685175594656112,0.1620918982470347,0.1602653881845502,0.1531636395391834,0.1477901901470896,0.1469583174827989,0.1539854465043216,0.2123285339652222,0.1049299538605884,0.0962633232161695,0.0447668719386675,0.0460080031276122,0.0371439093317834,0.0358010026056903,0.0234733965047694,0.0887119582297323,0.0,0.0336032188673561,0.0,-0.0296232900469609,0.0,7.336454512434773,45.8584435406906,0.5861489849280462,0.1498588133219723,7.057655825636014,48.94758563638537,0.5841258621019859,0.0275225532280194,0.0266135874689197,0.0067206437734712,-0.0053321922084529,2702.222222222222
4874,2707.777777777778,0.3041955930684514,0.2232822651608331,0.2021856559613822,0.174941764883021,0.1677951066052094,0.1686800402191356,0.1604900927049848,0.153926337564906,0.1484588487847994,0.153539173075327,0.2018862706607766,0.1037154463715343,0.086615822049844,0.0576003889120669,0.0394524960700171,0.0341099198868053,0.0275073076520617,0.0247868951906441,-0.0371617607687263,0.0,-0.0358484817329611,0.0,-0.0407758570389085,0.0,7.336454512434773,45.8584435406906,0.5861489849280462,0.1498588133219723,7.057655825636014,48.94758563638537,0.5743255127652905,0.0275225532280194,-0.0111485282306179,-0.0071696963465922,-0.0073396542670035,2707.777777777778
4884,2713.333333333333,0.2980430699323489,0.2229430058831836,0.205659740641925,0.1807721452867,0.1718122731147361,0.1650833374843835,0.1609080891018878,0.1472450226891885,0.1563649971257984,0.1616788424457143,0.2472548177661951,0.1640742782631722,0.1441564849062617,0.1070997130556289,0.1023508490595637,0.1000044642467872,0.0869141235793439,0.0863926452405122,0.0275257816320763,0.0,-0.0617154857092184,0.0,0.0428117691570156,0.0,7.336454512434773,45.8584435406906,0.5861489849280462,0.1498588133219723,7.057655825636014,48.94758563638537,0.5743255127652905,0.0872141609287306,0.0082577344896228,-0.0123430971418436,0.0077061184482628,2713.333333333333
4894,2718.8888888888887,0.33910779044561,0.2305901602470857,0.2233160664140072,0.1837509011244406,0.1864961853591081,0.1672488670293053,0.1596639027727562,0.1542104144895525,0.1478463670473144,0.1538144237519783,0.2528581632204733,0.1490434772424152,0.1361420512936363,0.1189965082436746,0.1008665940712709,0.1013375795180835,0.0966299567010282,0.0843421735634536,0.2018149770436294,0.0,0.0476449558136453,0.0,0.1195725837788797,0.0,9.4332754543226,45.8584435406906,0.5861489849280462,0.1498588133219723,7.057655825636014,48.94758563638537,0.5743255127652905,0.0872141609287306,0.0605444931130888,0.009528991162729,0.0215230650801983,2718.8888888888887
4904,2724.4444444444443,0.3175089786615666,0.2235499473727519,0.2141610889115443,0.1715499376588599,0.1737819786009081,0.1703031568557544,0.1641345405317162,0.1546922791293239,0.1528775259587407,0.1473360184840971,0.2430968800261547,0.1571701522053459,0.1467161991095988,0.1148453986317283,0.0930511831746697,0.0902019876742042,0.096738093553464,0.0871266913061777,0.0828465786161988,0.0,0.0546203311760266,0.0,-0.0527313212168279,0.0,9.4332754543226,57.78145787437038,0.5861489849280462,0.1498588133219723,7.057655825636014,48.94758563638537,0.5743255127652905,0.0872141609287306,0.0248539735848596,0.0109240662352053,-0.009491637819029,2724.4444444444443
4914,2730.0,0.3163447892255777,0.2131988370532923,0.2120892509499902,0.1747661883384147,0.1752143930712971,0.1599492571480424,0.1516320588622958,0.1531599466380371,0.1585937102035658,0.1513098669126199,0.243300068028236,0.157015273460865,0.1304693294232868,0.1230221105159107,0.1087631376048582,0.093815104697566,0.0938342512007059,0.0929575332146718,-0.0913755627913585,0.0,-0.0236502718248389,0.0,0.0338354876809596,0.0,9.4332754543226,57.78145787437038,0.5754277491409066,0.1498588133219723,7.057655825636014,48.94758563638537,0.5743255127652905,0.0872141609287306,-0.0274126688374075,-0.0047300543649677,0.0060903877825727,2730.0
4924,2735.555555555555,0.2482420063387929,0.1262360536406013,0.1265466531146525,0.0752743567417272,0.0735785478747576,0.0518421278249806,0.0452008193307177,0.0411885251284744,0.0555486352448343,0.040575269627458,0.2512348310058209,0.1535754949278095,0.1418237178070903,0.1137329838804879,0.0982031462616208,0.0948045163483881,0.1004285474238516,0.0899635301209411,0.1356267151654973,0.0,0.0070770432750965,0.0,-0.0676255231060738,0.0,9.4332754543226,57.78145787437038,0.5754277491409066,0.0400351713062899,7.057655825636014,48.94758563638537,0.5743255127652905,0.0872141609287306,0.0406880145496491,0.0014154086550193,-0.0121725941590932,2735.555555555555
4934,2741.111111111111,0.248009309934406,0.1186934547956833,0.1208498067187851,0.0737029520340051,0.0711062443493619,0.0567585099886324,0.0501520908900822,0.0503388718583199,0.039845392783065,0.0406713009080631,0.2718916759540856,0.1717382406115205,0.1546807723861097,0.1212384587442851,0.1151479971958178,0.1085479885264905,0.09120504336461,0.0851279929663833,-0.0571048980935012,0.0,0.0510668388062252,0.0,-0.039049186076089,0.0,9.4332754543226,57.78145787437038,0.5754277491409066,0.0400351713062899,8.653195813054198,48.94758563638537,0.5743255127652905,0.0872141609287306,-0.0171314694280503,0.010213367761245,-0.007028853493696,2741.111111111111
4944,2746.6666666666665,0.2472066234597337,0.1261781768404722,0.1247040092751946,0.072100623265017,0.0736396831313056,0.0364117182598873,0.0507787098394249,0.0325381856657829,0.0480085312502027,0.0486699050434314,0.2799324241636386,0.1738959730168099,0.1647298301166599,0.1199380202406983,0.1103597596108798,0.1084301186971022,0.0926463824997252,0.0864044137148363,-0.0427171275501819,0.0,-0.0864346475708698,0.0,0.033004254072781,0.0,9.4332754543226,57.78145787437038,0.5754277491409066,0.0400351713062899,8.653195813054198,49.87666677828318,0.5743255127652905,0.0872141609287306,-0.0128151382650545,-0.0172869295141739,0.0059407657331005,2746.6666666666665
4954,2752.222222222222,0.2515177927469765,0.1237076927190425,0.1121016643903028,0.0806542759361553,0.072494217668359,0.046938045270579,0.0629206631693481,0.051513602387843,0.039929399557944,0.0371982526326673,0.2938598473324142,0.1744559077073548,0.1721755143149897,0.1289565668039587,0.1256089734595463,0.0988662177030125,0.0949917529276085,0.0857646667476181,0.0002709245074944,0.0,-0.1948286849055033,0.0,0.0223236831051316,0.0,9.4332754543226,57.78145787437038,0.5754277491409066,0.0400351713062899,8.653195813054198,49.87666677828318,0.6371082294236313,0.0872141609287306,8.127735224833189e-05,-0.0389657369811006,0.0040182629589236,2752.222222222222
4964,2757.777777777778,0.253026952096529,0.127776934315643,0.1163052779158345,0.0728900082661055,0.0712228920014946,0.0531231457185491,0.0566518737996808,0.052064067862037,0.0412530350508821,0.0374266786127489,0.2556601152436984,0.1128690973589132,0.1038382288545407,0.0461396244081856,0.0488060729754123,0.024810382328827,0.0305921972944516,0.010450810588618,-0.0548402589543244,0.0,0.0685961228405417,0.0,-0.0458026691355757,0.0,9.4332754543226,57.78145787437038,0.5754277491409066,0.0400351713062899,8.653195813054198,49.87666677828318,0.6371082294236313,0.0109937134244479,-0.0164520776862973,0.0137192245681083,-0.0082444804444036,2757.777777777778
4974,2763.333333333333,0.2381945559289292,0.1259158371357785,0.1268120990068486,0.0668434063019316,0.0713024071623262,0.0555007178982757,0.0539387586489823,0.0481540583502841,0.0484083318990428,0.0407710291463164,0.2470300533814726,0.1149811247056904,0.099486253816249,0.0415741987696983,0.0430393464760196,0.0197238951657184,0.0235861797137151,0.0100853557505214,-0.0634419222467874,0.0,-0.1897845443962525,0.0,-0.02080430812157,0.0,9.172984630035996,57.78145787437038,0.5754277491409066,0.0400351713062899,8.653195813054198,49.87666677828318,0.6371082294236313,0.0109937134244479,-0.0190325766740362,-0.0379569088792505,-0.0037447754618826,2763.333333333333
4984,2768.8888888888887,0.2698976041989472,0.1448441729403918,0.1293757407131722,0.0775849682817456,0.0775234780423787,0.0539609807789797,0.0503143554262785,0.0423330835391193,0.0426605741366863,0.0401276710089044,0.2535953227414118,0.1129439133952748,0.1023903637730507,0.0482952862218199,0.0415390570451211,0.0285828316210792,0.024469478858201,0.0125985083111678,0.0778766569216694,0.0,0.0587117926124526,0.0,-0.2144420547731295,0.0,9.172984630035996,46.25930325233851,0.5754277491409066,0.0400351713062899,8.653195813054198,49.87666677828318,0.6371082294236313,0.0109937134244479,0.0233629970765008,0.0117423585224905,-0.0385995698591633,2768.8888888888887
4994,2774.4444444444443,0.2703804385617163,0.1525754327879749,0.127078867743595,0.0832173584701474,0.0765185558257207,0.0588408533913142,0.0617548800663304,0.0483615514878786,0.0447618089171864,0.0432473183477712,0.2538266191780706,0.1238229650647627,0.1016932540165876,0.0437884620814665,0.0476731712624975,0.0265889631988676,0.0209574684071307,0.0171257233051314,0.0251318931777448,0.0,-0.002522751796532,0.0,0.0040975776522927,0.0,9.172984630035996,46.25930325233851,0.5989053914574938,0.0400351713062899,8.653195813054198,49.87666677828318,0.6371082294236313,0.0109937134244479,0.0075395679533234,-0.0005045503593064,0.0007375639774126,2774.4444444444443
