source_row_index,time,X1A,Y1A,X2A,Y2A,X3A,Y3A,X4A,Y4A,X5A,Y5A,X1B,Y1B,X2B,Y2B,X3B,Y3B,X4B,Y4B,s1,c1,s2,c2,s3,c3,L_A,G_A,X0_A,Y6_A,L_B,G_B,X0_B,Y5_B,H1,H2,H3,time_hours
4,2.2222222222222223,0.262,0.146,0.136,0.094,0.08,0.064,0.062,0.06,0.064,0.056,0.246,0.144,0.114,0.09,0.072,0.048,0.072,0.06,0.3894183423086505,0.9210609940028852,0.7621752729138397,0.6473707232789524,0.9992983441292992,0.0374542310085335,8.0,50.0,0.6,0.05,7.5,50.0,0.6,0.05,0.1168255026925951,0.1524350545827679,0.1798737019432738,2.2222222222222223
14,7.777777777777778,0.266,0.144,0.142,0.088,0.078,0.064,0.066,0.06,0.056,0.058,0.256,0.128,0.114,0.074,0.072,0.066,0.06,0.048,0.98544972998846,0.169967142900241,0.9992983441292992,0.0374542310085335,0.6996631969312388,-0.7144728202387818,8.400305493134933,50.0,0.6,0.05,7.5,50.0,0.6,0.05,0.295634918996538,0.1998596688258598,0.125939375447623,7.777777777777778
24,13.333333333333332,0.256,0.132,0.124,0.084,0.076,0.054,0.05,0.052,0.046,0.052,0.24,0.132,0.11,0.076,0.07,0.062,0.064,0.052,0.675463180551151,-0.7373937155412454,0.8084964038195901,-0.5885011172553458,-0.05837414342758,-0.9982947757947532,8.400305493134933,57.94427601939151,0.6,0.05,7.5,50.0,0.6,0.05,0.2026389541653452,0.161699280763918,-0.0105073458169644,13.333333333333332
34,18.88888888888889,0.26,0.136,0.13,0.086,0.074,0.062,0.062,0.048,0.042,0.042,0.24,0.132,0.108,0.074,0.07,0.056,0.056,0.064,-0.2555411020268312,-0.9667981925794612,0.2714757041622825,-0.9624452930164876,-0.7781661744883689,-0.6280584406583017,8.400305493134933,57.94427601939151,0.6551371380490387,0.05,7.5,50.0,0.6,0.05,-0.0766623306080493,0.0542951408324565,-0.1400699114079064,18.88888888888889
44,24.444444444444443,0.256,0.108,0.11,0.07,0.058,0.05,0.04,0.044,0.04,0.032,0.228,0.128,0.118,0.076,0.068,0.076,0.048,0.052,-0.9516020738895158,-0.3073328699784202,-0.3817978087964113,-0.9242458726974436,-0.9881227838869232,0.1536664047980449,8.400305493134933,57.94427601939151,0.6551371380490387,0.0337810784985887,7.5,50.0,0.6,0.05,-0.2854806221668547,-0.0763595617592822,-0.1778621010996462,24.444444444444443
54,30.0,0.254,0.12,0.116,0.062,0.054,0.048,0.05,0.03,0.028,0.032,0.212,0.124,0.1,0.076,0.066,0.058,0.058,0.05,-0.7727644875559877,0.6346928759426339,-0.8715757724135877,-0.4902608213407002,-0.5506855425976376,0.8347127848391598,8.400305493134933,57.94427601939151,0.6551371380490387,0.0337810784985887,6.9004988547336765,50.0,0.6,0.05,-0.2318293462667963,-0.1743151544827175,-0.0991233976675747,30.0
64,35.55555555555556,0.258,0.124,0.12,0.064,0.062,0.038,0.05,0.04,0.034,0.028,0.22,0.12,0.114,0.08,0.064,0.054,0.05,0.054,0.1165492048504936,0.9931849187581926,-0.9881227838869232,0.1536664047980449,0.2475473809225765,0.9688757888389888,8.400305493134933,57.94427601939151,0.6551371380490387,0.0337810784985887,6.9004988547336765,57.47106890792524,0.6,0.05,0.034964761455148,-0.1976245567773846,0.0445585285660637,35.55555555555556
74,41.11111111111111,0.266,0.12,0.12,0.072,0.054,0.046,0.044,0.036,0.04,0.034,0.194,0.112,0.09,0.064,0.062,0.05,0.052,0.058,0.8987080958116269,0.4385473275743903,-0.6815304434667846,0.7317897612210544,0.883593322443704,0.4682551019827723,8.400305493134933,57.94427601939151,0.6551371380490387,0.0337810784985887,6.9004988547336765,57.47106890792524,0.501053060913115,0.05,0.269612428743488,-0.1363060886933569,0.1590467980398667,41.11111111111111
84,46.66666666666666,0.264,0.116,0.112,0.056,0.064,0.05,0.044,0.026,0.034,0.038,0.248,0.174,0.164,0.132,0.136,0.128,0.12,0.12,0.8545989080882814,-0.5192886541166841,-0.0830894028174972,0.9965420970232174,0.9407305566797732,-0.3391548609838345,8.400305493134933,57.94427601939151,0.6551371380490387,0.0337810784985887,6.9004988547336765,57.47106890792524,0.501053060913115,0.1231842627574149,0.2563796724264844,-0.0166178805634994,0.1693315002023591,46.66666666666666
94,52.22222222222222,0.268,0.124,0.12,0.064,0.072,0.052,0.044,0.04,0.046,0.028,0.24,0.172,0.162,0.134,0.124,0.124,0.132,0.122,0.0247754254533577,-0.9996930420352064,0.5509326371071146,0.8345497165359296,0.3815241669453948,-0.9243588643144082,8.950622172006547,57.94427601939151,0.6551371380490387,0.0337810784985887,6.9004988547336765,57.47106890792524,0.501053060913115,0.1231842627574149,0.0074326276360073,0.1101865274214229,0.068674350050171,52.22222222222222
104,57.77777777777777,0.27,0.152,0.128,0.078,0.07,0.048,0.044,0.04,0.04,0.04,0.232,0.172,0.162,0.124,0.126,0.124,0.126,0.126,-0.8278264690856537,-0.5609842574272288,0.9490312849149584,0.3151818843979825,-0.4276475141444285,-0.9039455755995992,8.950622172006547,49.358699056874414,0.6551371380490387,0.0337810784985887,6.9004988547336765,57.47106890792524,0.501053060913115,0.1231842627574149,-0.2483479407256961,0.1898062569829917,-0.0769765525459971,57.77777777777777
114,63.33333333333333,0.236,0.124,0.112,0.066,0.062,0.05,0.048,0.034,0.034,0.032,0.242,0.162,0.164,0.136,0.142,0.132,0.128,0.124,-0.9193285256646756,0.3934908663478909,0.9407305566797732,-0.3391548609838345,-0.956635016270188,-0.2912892817213455,8.950622172006547,49.358699056874414,0.5606064853638627,0.0337810784985887,6.9004988547336765,57.47106890792524,0.501053060913115,0.1231842627574149,-0.2757985576994027,0.1881461113359546,-0.1721943029286338,63.33333333333333
124,68.88888888888889,0.246,0.13,0.132,0.08,0.082,0.048,0.046,0.046,0.052,0.05,0.244,0.172,0.16,0.134,0.136,0.126,0.13,0.128,-0.1656041754483111,0.9861923022788632,0.529585035721523,-0.8482568537535274,-0.8588586819729085,0.5122126164004147,8.950622172006547,49.358699056874414,0.5606064853638627,0.041763841815116,6.9004988547336765,57.47106890792524,0.501053060913115,0.1231842627574149,-0.0496812526344933,0.1059170071443046,-0.1545945627551235,68.88888888888889
134,74.44444444444444,0.252,0.134,0.13,0.084,0.07,0.052,0.056,0.05,0.048,0.042,0.252,0.17,0.158,0.132,0.138,0.124,0.128,0.128,0.7403758899524474,0.6721930835534694,-0.1083422905364747,-0.9941136494794296,-0.1983791711210513,0.9801253514042604,8.950622172006547,49.358699056874414,0.5606064853638627,0.041763841815116,6.764608762962374,57.47106890792524,0.501053060913115,0.1231842627574149,0.2221127669857342,-0.0216684581072949,-0.0357082508017892,74.44444444444444
144,80.0,0.26,0.142,0.126,0.08,0.078,0.05,0.054,0.048,0.048,0.046,0.25,0.182,0.168,0.14,0.132,0.126,0.126,0.13,0.965657776549278,-0.2598173562137541,-0.6998746875935423,-0.7142656520272002,0.592073514707223,0.8058839576404507,8.950622172006547,49.358699056874414,0.5606064853638627,0.041763841815116,6.764608762962374,48.901526117652935,0.501053060913115,0.1231842627574149,0.2896973329647834,-0.1399749375187084,0.1065732326473001,80.0
154,85.55555555555556,0.25,0.132,0.122,0.088,0.062,0.058,0.048,0.056,0.05,0.042,0.288,0.194,0.168,0.15,0.144,0.13,0.13,0.118,0.3031183567457022,-0.9529529168871804,-0.9917029117035484,-0.1285509039980052,0.9946141324939038,0.10364712945084,8.950622172006547,49.358699056874414,0.5606064853638627,0.041763841815116,6.764608762962374,48.901526117652935,0.6009096517915906,0.1231842627574149,0.0909355070237106,-0.1983405823407096,0.1790305438489026,85.55555555555556
164,91.1111111111111,0.23,0.132,0.12,0.078,0.072,0.048,0.052,0.05,0.044,0.04,0.236,0.148,0.136,0.104,0.106,0.092,0.09,0.092,-0.6381066823479474,-0.7699479605420717,-0.8588586819729076,0.5122126164004163,0.7455079269466744,-0.6664967598268366,8.950622172006547,49.358699056874414,0.5606064853638627,0.041763841815116,6.764608762962374,48.901526117652935,0.6009096517915906,0.0830246028111738,-0.1914320047043842,-0.1717717363945815,0.1341914268504014,91.1111111111111
174,96.66666666666666,0.246,0.14,0.13,0.08,0.064,0.056,0.064,0.052,0.042,0.036,0.238,0.146,0.132,0.102,0.088,0.092,0.08,0.084,-0.9926593804706332,0.1209435999284741,-0.3582292822368287,0.9336336440746372,0.0079631837859373,-0.99996829334934,9.585600906990056,49.358699056874414,0.5606064853638627,0.041763841815116,6.764608762962374,48.901526117652935,0.6009096517915906,0.0830246028111738,-0.2977978141411899,-0.0716458564473657,0.0014333730814687,96.66666666666666
184,102.2222222222222,0.252,0.122,0.124,0.07,0.072,0.052,0.062,0.048,0.04,0.04,0.244,0.154,0.142,0.108,0.098,0.096,0.088,0.08,-0.4345656220718935,0.90064017238477,0.295803023278522,0.9552489578216172,-0.7347988423875798,-0.678285088459029,9.585600906990056,55.85323838427506,0.5606064853638627,0.041763841815116,6.764608762962374,48.901526117652935,0.6009096517915906,0.0830246028111738,-0.130369686621568,0.0591606046557044,-0.1322637916297643,102.2222222222222
194,107.77777777777776,0.268,0.132,0.128,0.082,0.08,0.062,0.058,0.038,0.048,0.046,0.248,0.162,0.134,0.108,0.094,0.09,0.096,0.09,0.5230657651576964,0.8522923238654644,0.8231649376246212,0.5678023295702946,-0.9961386609048648,0.0877938964317145,9.585600906990056,55.85323838427506,0.6244358458882325,0.041763841815116,6.764608762962374,48.901526117652935,0.6009096517915906,0.0830246028111738,0.1569197295473089,0.1646329875249242,-0.1793049589628756,107.77777777777776
204,113.33333333333331,0.34,0.232,0.232,0.184,0.176,0.166,0.164,0.15,0.154,0.148,0.25,0.158,0.144,0.102,0.104,0.092,0.09,0.086,0.9997929001426692,0.0203508433316829,0.9980266527163616,-0.0627917229240817,-0.6048328224062841,0.7963524702919231,9.585600906990056,55.85323838427506,0.6244358458882325,0.1483440221522827,6.764608762962374,48.901526117652935,0.6009096517915906,0.0830246028111738,0.2999378700428007,0.1996053305432723,-0.1088699080331311,113.33333333333331
214,118.88888888888889,0.34,0.238,0.226,0.176,0.172,0.166,0.152,0.16,0.148,0.154,0.256,0.16,0.148,0.106,0.104,0.082,0.08,0.086,0.5573150535176614,-0.8303011087085252,0.7455079269466744,-0.6664967598268366,0.1827446700862667,0.983160406828439,9.585600906990056,55.85323838427506,0.6244358458882325,0.1483440221522827,6.645926094706796,48.901526117652935,0.6009096517915906,0.0830246028111738,0.1671945160552984,0.1491015853893349,0.032894040615528,118.88888888888889
224,124.44444444444444,0.334,0.234,0.226,0.184,0.174,0.16,0.158,0.156,0.148,0.146,0.25,0.164,0.14,0.112,0.096,0.094,0.086,0.082,-0.3975556831214329,-0.9175780505318611,0.1737437124748847,-0.9847909028699668,0.8505923298201333,0.5258257206063217,9.585600906990056,55.85323838427506,0.6244358458882325,0.1483440221522827,6.645926094706796,43.20424067715689,0.6009096517915906,0.0830246028111738,-0.1192667049364298,0.0347487424949769,0.153106619367624,124.44444444444444
234,130.0,0.32,0.232,0.23,0.174,0.176,0.162,0.158,0.144,0.154,0.15,0.25,0.164,0.136,0.098,0.098,0.092,0.088,0.076,-0.9869155581206488,-0.1612379643241888,-0.4724219863984661,-0.8813724903622346,0.9611527245021164,-0.276017101249467,9.585600906990056,55.85323838427506,0.6244358458882325,0.1483440221522827,6.645926094706796,43.20424067715689,0.6225079208546062,0.0830246028111738,-0.2960746674361946,-0.0944843972796932,0.1730074904103809,130.0
244,135.55555555555554,0.336,0.224,0.218,0.178,0.174,0.156,0.156,0.152,0.154,0.154,0.196,0.106,0.064,0.038,0.026,0.014,0.012,0.008,-0.6689098203780243,0.743343562696173,-0.9162845541178744,-0.400527921479899,0.4419893909578907,-0.897020277519228,9.585600906990056,55.85323838427506,0.6244358458882325,0.1483440221522827,6.645926094706796,43.20424067715689,0.6225079208546062,0.0065913011942075,-0.2006729461134072,-0.1832569108235748,0.0795580903724203,135.55555555555554
254,141.11111111111111,0.294,0.206,0.186,0.164,0.168,0.148,0.148,0.148,0.158,0.152,0.212,0.102,0.082,0.034,0.026,0.018,0.012,0.004,0.2640885213844694,0.9644984462781496,-0.9677707302573794,0.2518329082091905,-0.3667545680323215,-0.930317734339954,6.514176892075508,55.85323838427506,0.6244358458882325,0.1483440221522827,6.645926094706796,43.20424067715689,0.6225079208546062,0.0065913011942075,0.0792265564153408,-0.1935541460514759,-0.0660158222458178,141.11111111111111
264,146.66666666666666,0.308,0.212,0.194,0.164,0.158,0.148,0.154,0.15,0.152,0.152,0.222,0.1,0.07,0.034,0.02,0.022,0.014,0.018,0.9542850944926968,0.2988979063644716,-0.6048328224062841,0.7963524702919231,-0.9352099151945376,-0.3540937933963622,6.514176892075508,50.297776405427406,0.6244358458882325,0.1483440221522827,6.645926094706796,43.20424067715689,0.6225079208546062,0.0065913011942075,0.286285528347809,-0.1209665644812568,-0.1683377847350167,146.66666666666666
274,152.2222222222222,0.292,0.208,0.19,0.164,0.166,0.144,0.152,0.142,0.156,0.158,0.22,0.102,0.082,0.038,0.026,0.018,0.01,0.004,0.7671163526355301,-0.641507990222383,0.0171099101996514,0.9998536147721624,-0.8909386274970502,0.4541237298728974,6.514176892075508,50.297776405427406,0.5932412050650578,0.1483440221522827,6.645926094706796,43.20424067715689,0.6225079208546062,0.0065913011942075,0.230134905790659,0.0034219820399302,-0.160368952949469,152.2222222222222
284,157.77777777777777,0.278,0.204,0.18,0.154,0.15,0.142,0.142,0.144,0.14,0.144,0.206,0.104,0.07,0.044,0.028,0.018,0.024,0.006,-0.1253356260964291,-0.9921143990644506,0.6317257433241713,0.7751919666905245,-0.2629461685166028,0.9648105059867654,6.514176892075508,50.297776405427406,0.5932412050650578,0.1375751659789278,6.645926094706796,43.20424067715689,0.6225079208546062,0.0065913011942075,-0.0376006878289287,0.1263451486648342,-0.0473303103329885,157.77777777777777
294,163.33333333333331,0.27,0.186,0.178,0.152,0.15,0.14,0.144,0.134,0.13,0.138,0.232,0.112,0.092,0.048,0.028,0.024,0.018,0.012,-0.902554608210187,-0.4305754047766267,0.9758205177669764,0.2185733677852591,0.5373221810064718,0.843377065018043,6.514176892075508,50.297776405427406,0.5932412050650578,0.1375751659789278,7.887678763473032,43.20424067715689,0.6225079208546062,0.0065913011942075,-0.270766382463056,0.1951641035533952,0.0967179925811649,163.33333333333331
304,168.88888888888889,0.276,0.198,0.176,0.154,0.138,0.142,0.138,0.136,0.14,0.136,0.218,0.106,0.078,0.038,0.03,0.02,0.016,0.016,-0.8499690458793281,0.5268326309626091,0.9020440841114932,-0.4316439161154221,0.9855501955689284,0.1693836238071637,6.514176892075508,50.297776405427406,0.5932412050650578,0.1375751659789278,7.887678763473032,50.28235293199028,0.6225079208546062,0.0065913011942075,-0.2549907137637984,0.1804088168222986,0.1773990352024071,168.88888888888889
314,174.44444444444443,0.274,0.202,0.182,0.156,0.138,0.138,0.138,0.142,0.152,0.128,0.218,0.098,0.08,0.042,0.03,0.02,0.022,0.016,-0.0159258626000982,0.9998731754079828,0.4419893909578875,-0.8970202775192296,0.7880698563115249,-0.6155858198278551,6.514176892075508,50.297776405427406,0.5932412050650578,0.1375751659789278,7.887678763473032,50.28235293199028,0.5993746870787008,0.0065913011942075,-0.0047777587800294,0.0883978781915775,0.1418525741360745,174.44444444444443
324,180.0,0.282,0.204,0.188,0.15,0.148,0.142,0.148,0.14,0.136,0.142,0.242,0.132,0.102,0.06,0.068,0.04,0.044,0.044,0.8327594853077798,0.5536349335346549,-0.2073364206067587,-0.9782697014065076,0.0742654455843613,-0.9972385088794736,6.514176892075508,50.297776405427406,0.5932412050650578,0.1375751659789278,7.887678763473032,50.28235293199028,0.5993746870787008,0.0371272383040996,0.2498278455923339,-0.0414672841213517,0.013367780205185,180.0
334,185.55555555555557,0.286,0.194,0.18,0.154,0.152,0.148,0.146,0.146,0.136,0.138,0.246,0.124,0.114,0.07,0.06,0.044,0.046,0.048,0.915809602890819,-0.4016127130121261,-0.767875494257776,-0.6405991143596564,-0.6881958664651078,-0.7255249474555231,6.437740881736019,50.297776405427406,0.5932412050650578,0.1375751659789278,7.887678763473032,50.28235293199028,0.5993746870787008,0.0371272383040996,0.2747428808672457,-0.1535750988515552,-0.1238752559637194,185.55555555555557
344,191.11111111111111,0.278,0.202,0.192,0.162,0.158,0.142,0.136,0.138,0.146,0.134,0.232,0.126,0.11,0.074,0.058,0.04,0.054,0.034,0.15686859504841,-0.9876194833474772,-0.9995907169932172,-0.0286076650739901,-0.999768099461336,0.0215347927658558,6.437740881736019,43.84804287970621,0.5932412050650578,0.1375751659789278,7.887678763473032,50.28235293199028,0.5993746870787008,0.0371272383040996,0.047060578514523,-0.1999181433986434,-0.1799582579030404,191.11111111111111
354,196.66666666666663,0.292,0.204,0.188,0.164,0.15,0.146,0.148,0.134,0.14,0.138,0.23,0.122,0.112,0.068,0.058,0.044,0.048,0.046,-0.7462966756449163,-0.6656134553337595,-0.8032557266939547,0.5956343152752086,-0.6563167561777931,0.7544854641146238,6.437740881736019,43.84804287970621,0.6384064241763678,0.1375751659789278,7.887678763473032,50.28235293199028,0.5993746870787008,0.0371272383040996,-0.2238890026934749,-0.1606511453387909,-0.1181370161120027,196.66666666666663
364,202.2222222222222,0.226,0.112,0.088,0.054,0.05,0.036,0.034,0.032,0.032,0.046,0.234,0.124,0.102,0.068,0.07,0.048,0.044,0.04,-0.9633202244737608,0.2683545138800967,-0.2629461685165993,0.9648105059867664,0.1171372537596939,0.99311573534087,6.437740881736019,43.84804287970621,0.6384064241763678,0.0300910085980492,7.887678763473032,50.28235293199028,0.5993746870787008,0.0371272383040996,-0.2889960673421282,-0.0525892337033198,0.0210847056767449,202.2222222222222
374,207.77777777777777,0.21,0.118,0.09,0.064,0.052,0.048,0.032,0.036,0.04,0.032,0.22,0.12,0.102,0.062,0.054,0.048,0.036,0.034,-0.2946716015002576,0.9555985806128394,0.3899636384793438,0.9208302561623134,0.8138458035103572,0.5810808963548716,6.437740881736019,43.84804287970621,0.6384064241763678,0.0300910085980492,7.10860893180662,50.28235293199028,0.5993746870787008,0.0371272383040996,-0.0884014804500772,0.0779927276958687,0.1464922446318642,207.77777777777777
384,213.3333333333333,0.228,0.122,0.09,0.064,0.046,0.032,0.03,0.028,0.024,0.026,0.24,0.144,0.116,0.07,0.066,0.05,0.042,0.04,0.6448967329448674,0.7642697192987803,0.875881079810891,0.4825270293251016,0.9773425123922588,-0.2116639163173255,6.437740881736019,43.84804287970621,0.6384064241763678,0.0300910085980492,7.10860893180662,40.07468484104152,0.5993746870787008,0.0371272383040996,0.1934690198834602,0.1751762159621782,0.1759216522306065,213.3333333333333
394,218.88888888888889,0.236,0.124,0.088,0.062,0.052,0.038,0.028,0.03,0.034,0.03,0.274,0.15,0.12,0.076,0.072,0.044,0.038,0.042,0.9915499852141412,-0.1297251973281856,0.9867239266785252,-0.1624065655080247,0.500508340480548,-0.8657317142795496,6.437740881736019,43.84804287970621,0.6384064241763678,0.0300910085980492,7.10860893180662,40.07468484104152,0.6660095459603491,0.0371272383040996,0.2974649955642423,0.197344785335705,0.0900915012864986,218.88888888888889
404,224.44444444444443,0.226,0.116,0.098,0.068,0.052,0.046,0.044,0.032,0.03,0.036,0.254,0.13,0.102,0.062,0.056,0.03,0.032,0.03,0.4265767538445731,-0.9044513657900166,0.6750264479500299,-0.7377935311236916,-0.304246639582638,-0.9525932932278456,6.437740881736019,43.84804287970621,0.6384064241763678,0.0300910085980492,7.10860893180662,40.07468484104152,0.6660095459603491,0.0231691621592159,0.1279730261533719,0.135005289590006,-0.0547643951248748,224.44444444444443
414,230.0,0.248,0.122,0.11,0.07,0.054,0.04,0.038,0.032,0.036,0.032,0.246,0.13,0.106,0.058,0.054,0.038,0.034,0.024,-0.5305891777502036,-0.8476291196356829,0.0742654455843613,-0.9972385088794736,-0.9096666718335282,-0.4153390737160569,7.256317774604113,43.84804287970621,0.6384064241763678,0.0300910085980492,7.10860893180662,40.07468484104152,0.6660095459603491,0.0231691621592159,-0.1591767533250611,0.0148530891168722,-0.163740000930035,230.0
424,235.55555555555557,0.218,0.106,0.104,0.056,0.048,0.026,0.04,0.03,0.03,0.022,0.238,0.134,0.11,0.052,0.054,0.034,0.03,0.038,-0.9999338662588036,-0.0115005699302648,-0.5582979127486861,-0.8296405490454649,-0.919095376767658,0.3940351360022567,7.256317774604113,57.606643079616575,0.6384064241763678,0.0300910085980492,7.10860893180662,40.07468484104152,0.6660095459603491,0.0231691621592159,-0.2999801598776411,-0.1116595825497372,-0.1654371678181784,235.55555555555557
434,241.1111111111111,0.212,0.104,0.088,0.058,0.038,0.03,0.032,0.03,0.028,0.036,0.252,0.128,0.098,0.064,0.052,0.03,0.024,0.03,-0.5499439695603477,0.8352015507314431,-0.9517838802794656,-0.3067693681581722,-0.3263552978038782,0.9452471738097618,7.256317774604113,57.606643079616575,0.6019581619736846,0.0300910085980492,7.10860893180662,40.07468484104152,0.6660095459603491,0.0231691621592159,-0.1649831908681043,-0.1903567760558931,-0.058743953604698,241.1111111111111
444,246.66666666666663,0.288,0.176,0.17,0.148,0.142,0.132,0.126,0.126,0.128,0.128,0.254,0.146,0.106,0.066,0.046,0.04,0.034,0.038,0.4056618765553358,0.9140232173799544,-0.9376917403002812,0.3474682721812599,0.480204780438259,0.8771564107069181,7.256317774604113,57.606643079616575,0.6019581619736846,0.1270725369548803,7.10860893180662,40.07468484104152,0.6660095459603491,0.0231691621592159,0.1216985629666007,-0.1875383480600562,0.0864368604788866,246.66666666666663
454,252.2222222222222,0.292,0.194,0.178,0.148,0.142,0.146,0.132,0.13,0.136,0.12,0.282,0.144,0.116,0.07,0.062,0.042,0.04,0.022,0.988304064171637,0.1524961532033674,-0.5220561061960487,0.8529111454210339,0.9721464458716792,0.2343742472607913,7.256317774604113,57.606643079616575,0.6019581619736846,0.1270725369548803,7.919151500827579,40.07468484104152,0.6660095459603491,0.0231691621592159,0.2964912192514911,-0.1044112212392097,0.1749863602569022,252.2222222222222
464,257.77777777777777,0.296,0.188,0.184,0.144,0.148,0.128,0.126,0.14,0.114,0.128,0.252,0.11,0.102,0.054,0.042,0.036,0.036,0.028,0.6623040529862428,-0.7492351709563533,0.1171372537596939,0.99311573534087,0.8271615660536287,-0.5619641835951011,7.256317774604113,57.606643079616575,0.6019581619736846,0.1270725369548803,7.919151500827579,54.83541894723714,0.6660095459603491,0.0231691621592159,0.1986912158958728,0.0234274507519387,0.1488890818896531,257.77777777777777
474,263.3333333333333,0.288,0.186,0.18,0.148,0.142,0.142,0.13,0.124,0.13,0.126,0.192,0.094,0.09,0.042,0.038,0.03,0.03,0.024,-0.2726152501430668,-0.9621231342138246,0.7061694571803293,0.7080428643420107,0.1402406838270786,-0.990117442831765,7.256317774604113,57.606643079616575,0.6019581619736846,0.1270725369548803,7.919151500827579,54.83541894723714,0.5182991210126091,0.0231691621592159,-0.08178457504292,0.1412338914360658,0.0252433230888741,263.3333333333333
484,268.88888888888886,0.278,0.18,0.17,0.148,0.144,0.132,0.132,0.118,0.13,0.122,0.23,0.138,0.126,0.096,0.1,0.094,0.092,0.08,-0.9568933495204898,-0.2904395249332599,0.9928019069358957,0.1197679989999389,-0.6385624602058219,-0.769569999685466,7.256317774604113,57.606643079616575,0.6019581619736846,0.1270725369548803,7.919151500827579,54.83541894723714,0.5182991210126091,0.0811715732064733,-0.2870680048561469,0.1985603813871791,-0.1149412428370479,268.88888888888886
494,274.44444444444446,0.28,0.186,0.186,0.146,0.15,0.13,0.136,0.128,0.13,0.124,0.228,0.132,0.132,0.104,0.098,0.088,0.09,0.076,-0.7614081162885409,0.6482728441404405,0.8542912850916277,-0.5197945750164148,-0.9989951175354576,-0.0448191381032413,8.02487115616112,57.606643079616575,0.6019581619736846,0.1270725369548803,7.919151500827579,54.83541894723714,0.5182991210126091,0.0811715732064733,-0.2284224348865622,0.1708582570183255,-0.1798191211563823,274.44444444444446
504,280.0,0.294,0.188,0.188,0.154,0.148,0.132,0.138,0.13,0.136,0.13,0.23,0.14,0.134,0.096,0.106,0.088,0.088,0.084,0.1341122276456571,0.990966149974821,0.3499513689566622,-0.9367678684526696,-0.7049106374142481,0.7092961252257328,8.02487115616112,57.42678753385761,0.6019581619736846,0.1270725369548803,7.919151500827579,54.83541894723714,0.5182991210126091,0.0811715732064733,0.0402336682936971,0.0699902737913324,-0.1268839147345646,280.0
514,285.55555555555554,0.292,0.196,0.182,0.15,0.148,0.14,0.142,0.128,0.132,0.132,0.25,0.142,0.13,0.106,0.104,0.088,0.094,0.072,0.9063304079726636,0.4225697475968966,-0.304246639582638,-0.9525932932278456,0.0510140303719879,0.9986979366681428,8.02487115616112,57.42678753385761,0.5722528118028315,0.1270725369548803,7.919151500827579,54.83541894723714,0.5182991210126091,0.0811715732064733,0.2718991223917991,-0.0608493279165276,0.0091825254669578,285.55555555555554
524,291.1111111111111,0.272,0.154,0.158,0.114,0.11,0.094,0.094,0.094,0.096,0.082,0.248,0.148,0.132,0.102,0.094,0.096,0.092,0.086,0.8452725909664307,-0.534335331941373,-0.8281584853210446,-0.5604939992459804,0.7735155546985523,0.6337773162865574,8.02487115616112,57.42678753385761,0.5722528118028315,0.0897276100810819,7.919151500827579,54.83541894723714,0.5182991210126091,0.0811715732064733,0.2535817772899292,-0.1656316970642089,0.1392327998457394,291.1111111111111
534,296.66666666666663,0.258,0.158,0.162,0.112,0.11,0.096,0.092,0.092,0.094,0.106,0.204,0.122,0.122,0.098,0.086,0.084,0.084,0.088,0.0070750519999309,-0.9999749715063864,-0.997431767453648,0.0716231057291704,0.9892286295640172,-0.1463786816817825,8.02487115616112,57.42678753385761,0.5722528118028315,0.0897276100810819,6.177754927036511,54.83541894723714,0.5182991210126091,0.0811715732064733,0.0021225155999792,-0.1994863534907296,0.178061153321523,296.66666666666663
544,302.22222222222223,0.242,0.152,0.148,0.12,0.118,0.086,0.096,0.09,0.094,0.088,0.208,0.15,0.118,0.104,0.092,0.08,0.086,0.084,-0.8376272571470276,-0.5462422338892768,-0.7395793537510688,0.6730693719856458,0.5568233307341394,-0.8306309519576905,8.02487115616112,57.42678753385761,0.5722528118028315,0.0897276100810819,6.177754927036511,47.752636022214574,0.5182991210126091,0.0811715732064733,-0.2512881771441083,-0.1479158707502137,0.100228199532145,302.22222222222223
554,307.77777777777777,0.25,0.148,0.138,0.12,0.114,0.11,0.104,0.1,0.098,0.086,0.222,0.142,0.124,0.096,0.094,0.086,0.072,0.09,-0.9122189289890194,0.4097030944405064,-0.1650202174395798,0.9862901843961512,-0.2403989788105227,-0.9706741631396488,8.02487115616112,57.42678753385761,0.5722528118028315,0.0897276100810819,6.177754927036511,47.752636022214574,0.5646072692516413,0.0811715732064733,-0.2736656786967057,-0.0330040434879159,-0.043271816185894,307.77777777777777
564,313.3333333333333,0.258,0.158,0.144,0.118,0.104,0.098,0.092,0.098,0.088,0.092,0.19,0.086,0.076,0.052,0.044,0.034,0.028,0.018,-0.1481207244316433,0.9889692871843117,0.4802047804382527,0.8771564107069214,-0.8801177643686586,-0.4747554326626651,8.02487115616112,57.42678753385761,0.5722528118028315,0.0897276100810819,6.177754927036511,47.752636022214574,0.5646072692516413,0.0225299593605677,-0.044436217329493,0.0960409560876505,-0.1584211975863585,313.3333333333333
574,318.88888888888886,0.284,0.17,0.17,0.12,0.114,0.102,0.102,0.09,0.102,0.092,0.196,0.088,0.072,0.038,0.04,0.038,0.012,0.028,0.7521589910744791,0.6589816781563973,0.9197938564608124,0.392401913370649,-0.943204943182464,0.3322114314050087,9.01228193222104,57.42678753385761,0.5722528118028315,0.0897276100810819,6.177754927036511,47.752636022214574,0.5646072692516413,0.0225299593605677,0.2256476973223437,0.1839587712921625,-0.1697768897728435,318.88888888888886
584,324.4444444444444,0.298,0.182,0.18,0.124,0.126,0.108,0.102,0.094,0.094,0.098,0.186,0.092,0.074,0.044,0.038,0.034,0.03,0.02,0.9609071989456204,-0.2768706467187912,0.96550376822865,-0.2603890810619316,-0.3883273405824465,0.9215215008648276,9.01228193222104,47.58892343100625,0.5722528118028315,0.0897276100810819,6.177754927036511,47.752636022214574,0.5646072692516413,0.0225299593605677,0.2882721596836861,0.19310075364573,-0.0698989213048403,324.4444444444444
594,330.0,0.34,0.206,0.192,0.13,0.126,0.112,0.1,0.104,0.092,0.088,0.194,0.096,0.078,0.038,0.036,0.026,0.026,0.022,0.2862017595567536,-0.9581693758551346,0.5977603669052548,-0.8016748366746302,0.4209728261427711,0.9070732493296052,9.01228193222104,47.58892343100625,0.6957495768822443,0.0897276100810819,6.177754927036511,47.752636022214574,0.5646072692516413,0.0225299593605677,0.085860527867026,0.1195520733810509,0.0757751087056988,330.0
604,335.55555555555554,0.33,0.196,0.188,0.134,0.122,0.116,0.1,0.1,0.084,0.084,0.184,0.086,0.078,0.044,0.038,0.04,0.024,0.034,-0.6516362576815548,-0.7585315996547397,-0.0259592535322582,-0.9996630017941286,0.9544619060317372,0.2983328173940356,9.01228193222104,47.58892343100625,0.6957495768822443,0.0884987539515915,6.177754927036511,47.752636022214574,0.5646072692516413,0.0225299593605677,-0.1954908773044664,-0.0051918507064516,0.1718031430857127,335.55555555555554
614,341.1111111111111,0.326,0.192,0.186,0.142,0.126,0.108,0.104,0.082,0.102,0.096,0.204,0.094,0.094,0.054,0.046,0.036,0.03,0.028,-0.9903629047820132,0.1384966311205186,-0.6385624602058163,-0.7695699996854706,0.8626109181104161,-0.5058679708745207,9.01228193222104,47.58892343100625,0.6957495768822443,0.0884987539515915,7.815168761489554,47.752636022214574,0.5646072692516413,0.0225299593605677,-0.2971088714346039,-0.1277124920411632,0.1552699652598749,341.1111111111111
624,346.66666666666663,0.328,0.192,0.192,0.13,0.122,0.108,0.1,0.09,0.094,0.086,0.206,0.098,0.078,0.044,0.044,0.034,0.024,0.028,-0.4185544645184254,0.908191697953518,-0.9777169518400208,-0.2099275162637291,0.2055983804026011,-0.9786364524049916,9.01228193222104,47.58892343100625,0.6957495768822443,0.0884987539515915,7.815168761489554,52.75993161576665,0.5646072692516413,0.0225299593605677,-0.1255663393555276,-0.1955433903680042,0.0370077084724682,346.66666666666663
634,352.22222222222223,0.336,0.208,0.19,0.128,0.13,0.102,0.096,0.094,0.096,0.088,0.248,0.116,0.092,0.052,0.05,0.032,0.036,0.022,0.5380710201605928,0.842899506028648,-0.8981881339876635,0.4396112782490448,-0.5861171814177069,-0.8102262953317196,9.01228193222104,47.58892343100625,0.6957495768822443,0.0884987539515915,7.815168761489554,52.75993161576665,0.6352900487625577,0.0225299593605677,0.1614213060481778,-0.1796376267975327,-0.1055010926551872,352.22222222222223
644,357.77777777777777,0.348,0.206,0.192,0.136,0.122,0.114,0.104,0.094,0.098,0.092,0.254,0.118,0.098,0.058,0.052,0.034,0.034,0.034,0.9999964903456066,0.002649395491278,-0.4340322727238281,0.9008973228033196,-0.993823118908031,-0.1109757105132186,9.01228193222104,47.58892343100625,0.6957495768822443,0.0884987539515915,7.815168761489554,52.75993161576665,0.6352900487625577,0.0226182028752553,0.2999989471036819,-0.0868064545447656,-0.1788881614034455,357.77777777777777
654,363.3333333333333,0.304,0.198,0.176,0.12,0.126,0.098,0.102,0.084,0.086,0.086,0.238,0.12,0.104,0.052,0.048,0.04,0.026,0.028,0.5425297990269695,-0.8400365570424635,0.2159872661882171,0.9763961802693312,-0.7504004857954433,0.6609834422419087,7.8090030950022,47.58892343100625,0.6957495768822443,0.0884987539515915,7.815168761489554,52.75993161576665,0.6352900487625577,0.0226182028752553,0.1627589397080908,0.0431974532376434,-0.1350720874431797,363.3333333333333
664,368.88888888888886,0.318,0.192,0.17,0.13,0.112,0.104,0.094,0.086,0.096,0.088,0.242,0.118,0.102,0.05,0.038,0.028,0.036,0.028,-0.4137362875127194,-0.9103967730584244,0.7735155546985523,0.6337773162865574,-0.0153338303214199,0.9998824299124742,7.8090030950022,44.79127923659047,0.6957495768822443,0.0884987539515915,7.815168761489554,52.75993161576665,0.6352900487625577,0.0226182028752553,-0.1241208862538158,0.1547031109397104,-0.0027600894578555,368.88888888888886
674,374.4444444444444,0.264,0.168,0.148,0.112,0.112,0.102,0.094,0.094,0.092,0.086,0.238,0.108,0.092,0.054,0.042,0.03,0.028,0.028,-0.9896151393558494,-0.1437423944342891,0.9998047747125915,0.0197588578086882,0.7297791752818041,0.6836829347914205,7.8090030950022,44.79127923659047,0.5804996596207963,0.0884987539515915,7.815168761489554,52.75993161576665,0.6352900487625577,0.0226182028752553,-0.2968845418067548,0.1999609549425183,0.1313602515507247,374.4444444444444
684,380.0,0.226,0.118,0.088,0.044,0.042,0.026,0.026,0.018,0.018,0.024,0.222,0.114,0.092,0.052,0.034,0.024,0.034,0.036,-0.655646395919263,0.7550680787307069,0.7979521167226309,-0.6027208470078607,0.9967587361940652,-0.0804488770636981,7.8090030950022,44.79127923659047,0.5804996596207963,0.0145056140897618,7.815168761489554,52.75993161576665,0.6352900487625577,0.0226182028752553,-0.1966939187757788,0.1595904233445262,0.1794165725149317,380.0
694,385.55555555555554,0.236,0.112,0.106,0.056,0.038,0.028,0.016,0.018,0.02,0.02,0.262,0.126,0.11,0.056,0.05,0.028,0.038,0.026,0.2811206202572212,0.9596724424855572,0.2543960317720423,-0.967100128745022,0.6106863819454836,-0.7918725547121424,7.8090030950022,44.79127923659047,0.5804996596207963,0.0145056140897618,8.903484153146465,52.75993161576665,0.6352900487625577,0.0226182028752553,0.0843361860771663,0.0508792063544084,0.109923548750187,385.55555555555554
704,391.1111111111111,0.248,0.118,0.09,0.048,0.058,0.028,0.018,0.028,0.018,0.014,0.282,0.136,0.124,0.076,0.054,0.044,0.036,0.026,0.9594266346233796,0.2819583883754056,-0.3980989155989186,-0.9173424951450604,-0.1754927351642102,-0.9844807260198568,7.8090030950022,44.79127923659047,0.5804996596207963,0.0145056140897618,8.903484153146465,44.300080747117605,0.6352900487625577,0.0226182028752553,0.2878279903870139,-0.0796197831197837,-0.0315886923295578,391.1111111111111
714,396.6666666666666,0.224,0.11,0.088,0.056,0.04,0.036,0.03,0.022,0.016,0.02,0.288,0.148,0.128,0.074,0.054,0.044,0.034,0.026,0.7556402257394118,-0.6549869076893757,-0.880117764368662,-0.4747554326626588,-0.8466933096895727,-0.5320812337669102,7.8090030950022,44.79127923659047,0.5804996596207963,0.0145056140897618,8.903484153146465,44.300080747117605,0.6343530325222569,0.0226182028752553,0.2266920677218235,-0.1760235528737324,-0.152404795744123,396.6666666666666
724,402.2222222222222,0.23,0.11,0.092,0.054,0.044,0.02,0.022,0.014,0.014,0.022,0.28,0.16,0.142,0.082,0.084,0.06,0.054,0.05,-0.1428783218759178,-0.989740261451418,-0.9852477624027156,0.1711340021165926,-0.963161161672734,0.2689248531564714,7.8090030950022,44.79127923659047,0.5804996596207963,0.0145056140897618,8.903484153146465,44.300080747117605,0.6343530325222569,0.0450630122218605,-0.0428634965627753,-0.1970495524805431,-0.1733690091010921,402.2222222222222
734,407.77777777777777,0.242,0.12,0.112,0.06,0.048,0.036,0.028,0.02,0.024,0.014,0.28,0.158,0.126,0.084,0.08,0.054,0.068,0.046,-0.9100351992756786,-0.4145309832561085,-0.6684695659939159,0.7437394969610701,-0.4485894065784412,0.8937379617682142,9.197046483678411,44.79127923659047,0.5804996596207963,0.0145056140897618,8.903484153146465,44.300080747117605,0.6343530325222569,0.0450630122218605,-0.2730105597827035,-0.1336939131987831,-0.0807460931841194,407.77777777777777
744,413.3333333333333,0.224,0.104,0.102,0.052,0.05,0.026,0.028,0.026,0.018,0.022,0.28,0.154,0.142,0.096,0.078,0.072,0.054,0.05,-0.8405099113037244,0.5417961692372929,-0.065435669860714,0.9978567898801308,0.359887142574136,0.932995843833092,9.197046483678411,53.24429476676907,0.5804996596207963,0.0145056140897618,8.903484153146465,44.300080747117605,0.6343530325222569,0.0450630122218605,-0.2521529733911173,-0.0130871339721428,0.0647796856633445,413.3333333333333
754,418.88888888888886,0.218,0.106,0.096,0.046,0.05,0.026,0.032,0.014,0.012,0.024,0.288,0.166,0.14,0.094,0.084,0.054,0.058,0.046,0.0017763129108369,0.9999984223549768,0.5656194473060391,0.824666381532078,0.932574448888274,0.3609776963757347,9.197046483678411,53.24429476676907,0.5263231631616612,0.0145056140897618,8.903484153146465,44.300080747117605,0.6343530325222569,0.0450630122218605,0.000532893873251,0.1131238894612078,0.1678634007998893,418.88888888888886
764,424.4444444444444,0.296,0.192,0.198,0.16,0.156,0.128,0.142,0.13,0.126,0.13,0.298,0.164,0.146,0.092,0.08,0.058,0.06,0.05,0.8424294032270538,0.538806737688487,0.9544619060317372,0.2983328173940356,0.8942618133288321,-0.4475441980652068,9.197046483678411,53.24429476676907,0.5263231631616612,0.1267611481311829,8.903484153146465,44.300080747117605,0.6343530325222569,0.0450630122218605,0.2527288209681161,0.1908923812063474,0.1609671263991897,424.4444444444444
774,430.0,0.292,0.198,0.19,0.156,0.148,0.138,0.138,0.132,0.122,0.124,0.296,0.162,0.148,0.084,0.088,0.06,0.06,0.05,0.9085567852785652,-0.4177613767742052,0.9345794583884148,-0.3557544602087475,0.2700507365081657,-0.9628460934704972,9.197046483678411,53.24429476676907,0.5263231631616612,0.1267611481311829,8.834844513434938,44.300080747117605,0.6343530325222569,0.0450630122218605,0.2725670355835695,0.1869158916776829,0.0486091325714698,430.0
784,435.55555555555554,0.284,0.2,0.196,0.146,0.158,0.146,0.13,0.126,0.122,0.128,0.266,0.124,0.128,0.076,0.064,0.062,0.058,0.05,0.1393612489692598,-0.9902416080360024,0.5144862750308131,-0.8574986138792987,-0.531090969825348,-0.8473148067689903,9.197046483678411,53.24429476676907,0.5263231631616612,0.1267611481311829,8.834844513434938,58.07833576391853,0.6343530325222569,0.0450630122218605,0.0418083746907779,0.1028972550061626,-0.0955963745685626,435.55555555555554
794,441.1111111111111,0.29,0.186,0.184,0.164,0.156,0.138,0.132,0.128,0.132,0.12,0.258,0.126,0.128,0.08,0.076,0.052,0.056,0.046,-0.7579623769450551,-0.6522982716026483,-0.1259230396058107,-0.9920400133545186,-0.9842748781731876,-0.1766436078581854,9.197046483678411,53.24429476676907,0.5263231631616612,0.1267611481311829,8.834844513434938,58.07833576391853,0.6139438295718554,0.0450630122218605,-0.2273887130835165,-0.0251846079211621,-0.1771694780711737,441.1111111111111
804,446.6666666666666,0.286,0.194,0.194,0.15,0.152,0.136,0.146,0.128,0.138,0.124,0.226,0.102,0.106,0.056,0.042,0.032,0.034,0.026,-0.9584188890186744,0.2853650875145902,-0.712408900359854,-0.7017646034733183,-0.7925859894286711,0.6097601572433005,9.197046483678411,53.24429476676907,0.5263231631616612,0.1267611481311829,8.834844513434938,58.07833576391853,0.6139438295718554,0.021818993064139,-0.2875256667056023,-0.1424817800719708,-0.1426654780971608,446.6666666666666
814,452.2222222222222,0.25,0.176,0.162,0.134,0.138,0.13,0.126,0.126,0.128,0.122,0.244,0.11,0.104,0.058,0.056,0.03,0.036,0.02,-0.2777094945036903,0.9606651011994268,-0.993823118908031,-0.1109757105132186,-0.0816141693878604,0.996663999226986,7.015883183898664,53.24429476676907,0.5263231631616612,0.1267611481311829,8.834844513434938,58.07833576391853,0.6139438295718554,0.021818993064139,-0.0833128483511071,-0.1987646237816062,-0.0146905504898148,452.2222222222222
824,457.77777777777777,0.256,0.184,0.166,0.14,0.144,0.134,0.12,0.132,0.126,0.124,0.248,0.116,0.102,0.054,0.06,0.032,0.038,0.02,0.6583247285350398,0.7527340511756234,-0.8496569568710199,0.5273358091772999,0.6828292558545386,0.7305779953907297,7.015883183898664,58.55811369489049,0.5263231631616612,0.1267611481311829,8.834844513434938,58.07833576391853,0.6139438295718554,0.021818993064139,0.1974974185605119,-0.169931391374204,0.1229092660538169,457.77777777777777
834,463.3333333333333,0.286,0.194,0.176,0.142,0.144,0.134,0.132,0.124,0.134,0.132,0.252,0.112,0.1,0.06,0.052,0.032,0.044,0.018,0.9890982321786884,-0.1472572140881154,-0.3416460379628582,0.9398286996811076,0.9998996738972932,-0.0141648205102319,7.015883183898664,58.55811369489049,0.6104652975334527,0.1267611481311829,8.834844513434938,58.07833576391853,0.6139438295718554,0.021818993064139,0.2967294696536065,-0.0683292075925716,0.1799819413015127,463.3333333333333
844,468.88888888888886,0.208,0.096,0.09,0.048,0.04,0.022,0.032,0.032,0.028,0.026,0.252,0.11,0.104,0.06,0.052,0.032,0.032,0.026,0.4104993826174394,-0.9118608758306834,0.3126664190111701,0.9498629956065936,0.6618603113118487,-0.7496271928833576,7.015883183898664,58.55811369489049,0.6104652975334527,0.0270828747673367,8.834844513434938,58.07833576391853,0.6139438295718554,0.021818993064139,0.1231498147852318,0.062533283802234,0.1191348560361327,468.88888888888886
854,474.4444444444444,0.2,0.088,0.082,0.054,0.04,0.03,0.026,0.034,0.036,0.032,0.232,0.11,0.094,0.042,0.054,0.03,0.032,0.02,-0.545510706207386,-0.83810385359639,0.8330871491101043,0.5531417557801968,-0.1098137194998809,-0.9939521854745336,7.015883183898664,58.55811369489049,0.6104652975334527,0.0270828747673367,8.65217068258941,58.07833576391853,0.6139438295718554,0.021818993064139,-0.1636532118622158,0.1666174298220208,-0.0197664695099785,474.4444444444444
864,480.0,0.198,0.098,0.082,0.044,0.056,0.034,0.032,0.032,0.024,0.028,0.236,0.12,0.102,0.062,0.048,0.028,0.034,0.026,-0.9999807674966554,0.0062019865204627,0.9967587361940656,-0.0804488770636911,-0.8095404904318835,-0.5870640462090193,7.015883183898664,58.55811369489049,0.6104652975334527,0.0270828747673367,8.65217068258941,52.83143410444961,0.6139438295718554,0.021818993064139,-0.2999942302489966,0.1993517472388131,-0.145717288277739,480.0
874,485.55555555555554,0.21,0.094,0.084,0.054,0.044,0.038,0.034,0.026,0.032,0.02,0.238,0.116,0.106,0.056,0.052,0.036,0.034,0.016,-0.535073122797096,0.844805748832336,0.7335928365759875,-0.6795892510365334,-0.9788761561949268,0.2044540800107575,7.015883183898664,58.55811369489049,0.6104652975334527,0.0270828747673367,8.65217068258941,52.83143410444961,0.6139388548947615,0.021818993064139,-0.1605219368391287,0.1467185673151975,-0.1761977081150868,485.55555555555554
884,491.1111111111111,0.216,0.098,0.084,0.052,0.052,0.032,0.026,0.028,0.026,0.03,0.264,0.146,0.136,0.09,0.086,0.064,0.058,0.044,0.4217782833859809,0.9066990016890804,0.1562837935305251,-0.9877121928374216,-0.5068761353009783,0.8620188997129613,7.015883183898664,58.55811369489049,0.6104652975334527,0.0270828747673367,8.65217068258941,52.83143410444961,0.6139388548947615,0.056443175419488,0.1265334850157942,0.031256758706105,-0.0912377043541761,491.1111111111111
894,496.6666666666666,0.23,0.112,0.092,0.054,0.046,0.036,0.032,0.026,0.026,0.034,0.274,0.148,0.134,0.086,0.092,0.068,0.068,0.06,0.9908486809542004,0.1349773738495509,-0.4879499517729242,-0.872871608293454,0.2972167169751811,0.9548100455852436,7.715056902902815,58.55811369489049,0.6104652975334527,0.0270828747673367,8.65217068258941,52.83143410444961,0.6139388548947615,0.056443175419488,0.2972546042862601,-0.0975899903545848,0.0534990090555325,496.6666666666666
904,502.2222222222222,0.252,0.13,0.104,0.068,0.056,0.04,0.04,0.032,0.028,0.036,0.27,0.142,0.13,0.088,0.09,0.068,0.066,0.062,0.6489373707859352,-0.7608418290271886,-0.923231095520654,-0.384245161666003,0.9065804545815286,0.4220330311370769,7.715056902902815,44.789784253636896,0.6104652975334527,0.0270828747673367,8.65217068258941,52.83143410444961,0.6139388548947615,0.056443175419488,0.1946812112357805,-0.1846462191041308,0.1631844818246751,502.2222222222222
914,507.77777777777777,0.19,0.108,0.088,0.052,0.046,0.034,0.032,0.036,0.028,0.026,0.256,0.148,0.14,0.09,0.084,0.07,0.062,0.056,-0.2896039653549008,-0.9571465630982108,-0.963161161672734,0.2689248531564714,0.921974878838832,-0.3872496904971278,7.715056902902815,44.789784253636896,0.5076114573382479,0.0270828747673367,8.65217068258941,52.83143410444961,0.6139388548947615,0.056443175419488,-0.0868811896064702,-0.1926322323345468,0.1659554781909897,507.77777777777777
924,513.3333333333333,0.26,0.186,0.18,0.156,0.146,0.142,0.146,0.134,0.138,0.132,0.258,0.142,0.128,0.08,0.082,0.072,0.06,0.048,-0.9618847513255586,-0.2734551611642541,-0.5906410785467989,0.8069343940699728,0.3333139399549109,-0.94281589795237,7.715056902902815,44.789784253636896,0.5076114573382479,0.1314328212163906,8.65217068258941,52.83143410444961,0.6139388548947615,0.056443175419488,-0.2885654253976675,-0.1181282157093597,0.0599965091918839,513.3333333333333
934,518.8888888888889,0.25,0.194,0.17,0.154,0.156,0.142,0.14,0.138,0.124,0.13,0.244,0.134,0.122,0.078,0.068,0.064,0.064,0.064,-0.7498131328862885,0.6616496548410261,0.0348065630297582,0.9993940680082384,-0.4737261301403302,-0.8806722169015364,7.715056902902815,44.789784253636896,0.5076114573382479,0.1314328212163906,7.403190650442289,52.83143410444961,0.6139388548947615,0.056443175419488,-0.2249439398658865,0.0069613126059516,-0.0852707034252594,518.8888888888889
944,524.4444444444445,0.27,0.198,0.184,0.146,0.152,0.132,0.14,0.138,0.134,0.13,0.248,0.134,0.116,0.09,0.076,0.06,0.06,0.068,0.1516332219882075,0.9884368295391844,0.6453491474998329,0.763887739017481,-0.970392440451801,-0.2415336653843474,7.715056902902815,44.789784253636896,0.5076114573382479,0.1314328212163906,7.403190650442289,50.95270398427471,0.6139388548947615,0.056443175419488,0.0454899665964622,0.1290698294999665,-0.1746706392813241,524.4444444444445
954,530.0,0.282,0.202,0.18,0.154,0.152,0.142,0.138,0.14,0.13,0.14,0.234,0.136,0.114,0.074,0.076,0.062,0.072,0.05,0.9136686918591708,0.4064597415690164,0.9795367845170068,0.2012652175068592,-0.8312813869105229,0.5558518289761377,7.715056902902815,44.789784253636896,0.5076114573382479,0.1314328212163906,7.403190650442289,50.95270398427471,0.564432661956045,0.056443175419488,0.2741006075577512,0.1959073569034013,-0.1496306496438941,530.0
964,535.5555555555555,0.274,0.198,0.186,0.162,0.152,0.142,0.136,0.136,0.134,0.136,0.274,0.178,0.17,0.134,0.136,0.124,0.11,0.108,0.8356813800338802,-0.5492145583145713,0.8942618133288321,-0.4475441980652068,-0.1475351252221657,0.9890568167833838,7.715056902902815,44.789784253636896,0.5076114573382479,0.1314328212163906,7.403190650442289,50.95270398427471,0.564432661956045,0.1126987379782391,0.250704414010164,0.1788523626657664,-0.0265563225399898,535.5555555555555
974,541.1111111111111,0.26,0.182,0.17,0.142,0.144,0.138,0.134,0.132,0.138,0.134,0.266,0.172,0.16,0.132,0.13,0.114,0.114,0.118,-0.0106275386524216,-0.999943526116446,0.4260411492718455,-0.904703785295013,0.6328725376470995,0.7742559984217886,6.480629986565633,44.789784253636896,0.5076114573382479,0.1314328212163906,7.403190650442289,50.95270398427471,0.564432661956045,0.1126987379782391,-0.0031882615957264,0.0852082298543691,0.1139170567764779,541.1111111111111
984,546.6666666666666,0.244,0.174,0.168,0.146,0.144,0.14,0.138,0.128,0.13,0.128,0.258,0.176,0.156,0.142,0.126,0.116,0.114,0.114,-0.8471655473130925,-0.531329027482697,-0.2246211897698139,-0.9744461612148684,0.99863761173782,0.0521816100037466,6.480629986565633,47.44370545130408,0.5076114573382479,0.1314328212163906,7.403190650442289,50.95270398427471,0.564432661956045,0.1126987379782391,-0.2541496641939277,-0.0449242379539627,0.1797547701128075,546.6666666666666
994,552.2222222222222,0.24,0.18,0.166,0.148,0.148,0.138,0.138,0.132,0.136,0.128,0.254,0.174,0.162,0.124,0.126,0.114,0.128,0.11,-0.9048234586781954,0.4257869286692912,-0.7790950123531515,-0.6269058635285227,0.7101197774216412,-0.704080891456826,6.480629986565633,47.44370545130408,0.5060700588768223,0.1314328212163906,7.403190650442289,50.95270398427471,0.564432661956045,0.1126987379782391,-0.2714470376034586,-0.1558190024706303,0.1278215599358954,552.2222222222222
1004,557.7777777777777,0.164,0.088,0.07,0.04,0.028,0.032,0.02,0.016,0.02,0.02,0.266,0.176,0.164,0.14,0.126,0.12,0.116,0.126,-0.1305908549417222,0.9914363462197612,-0.9999405005165968,-0.0109085024919863,-0.0436511455301369,-0.9990468344847035,6.480629986565633,47.44370545130408,0.5060700588768223,0.0184338153307514,7.403190650442289,50.95270398427471,0.564432661956045,0.1126987379782391,-0.0391772564825166,-0.1999881001033193,-0.0078572061954246,557.7777777777777
1014,563.3333333333333,0.18,0.082,0.068,0.046,0.032,0.02,0.032,0.024,0.01,0.02,0.298,0.194,0.184,0.136,0.132,0.128,0.124,0.114,0.7637063785775808,0.6455637592987364,-0.7925859894286711,0.6097601572433005,-0.7688229068670624,-0.6394617563830383,6.480629986565633,47.44370545130408,0.5060700588768223,0.0184338153307514,8.901444706192104,50.95270398427471,0.564432661956045,0.1126987379782391,0.2291119135732742,-0.1585171978857342,-0.1383881232360712,563.3333333333333
1024,568.8888888888889,0.18,0.086,0.056,0.03,0.038,0.026,0.03,0.028,0.024,0.018,0.296,0.186,0.178,0.144,0.144,0.12,0.118,0.106,0.955855489645069,-0.2938371707517371,-0.245825963807983,0.9693139819056962,-0.9902807266877492,0.1390830052550758,6.480629986565633,47.44370545130408,0.5060700588768223,0.0184338153307514,8.901444706192104,53.15521460077029,0.564432661956045,0.1126987379782391,0.2867566468935206,-0.0491651927615966,-0.1782505308037948,568.8888888888889
1034,574.4444444444445,0.178,0.09,0.066,0.036,0.032,0.024,0.016,0.024,0.018,0.026,0.3,0.186,0.184,0.14,0.146,0.132,0.124,0.112,0.2691954716863338,-0.9630855611126004,0.4062030027788633,0.9137828629020324,-0.5629308645415518,0.8265039877378094,6.480629986565633,47.44370545130408,0.5060700588768223,0.0184338153307514,8.901444706192104,53.15521460077029,0.5856440492778963,0.1126987379782391,0.0807586415059001,0.0812406005557726,-0.1013275556174793,574.4444444444445
1044,580.0,0.16,0.078,0.062,0.036,0.03,0.03,0.016,0.022,0.018,0.018,0.262,0.156,0.15,0.104,0.1,0.088,0.094,0.076,-0.6649616214822976,-0.7468775280831748,0.8842854941544778,0.4669466402363026,0.2332375149077431,0.9724197970216673,6.480629986565633,47.44370545130408,0.5060700588768223,0.0184338153307514,8.901444706192104,53.15521460077029,0.5856440492778963,0.078561016186572,-0.1994884864446892,0.1768570988308955,0.0419827526833937,580.0
1054,585.5555555555555,0.202,0.112,0.102,0.066,0.042,0.038,0.036,0.022,0.022,0.026,0.262,0.16,0.15,0.104,0.096,0.09,0.09,0.088,-0.987756066487739,0.1560062598637291,0.9836944067128494,-0.1798480308534273,0.8765943861484953,0.4812299680744567,9.192989467407278,47.44370545130408,0.5060700588768223,0.0184338153307514,8.901444706192104,53.15521460077029,0.5856440492778963,0.078561016186572,-0.2963268199463216,0.1967388813425699,0.1577869895067291,585.5555555555555
1064,591.1111111111111,0.208,0.108,0.1,0.058,0.048,0.038,0.036,0.026,0.016,0.024,0.274,0.154,0.142,0.11,0.102,0.086,0.09,0.08,-0.4024121392348401,0.9154586119516488,0.6618603113118594,-0.7496271928833482,0.9456280817737016,-0.3252499515157374,9.192989467407278,46.88421333992052,0.5060700588768223,0.0184338153307514,8.901444706192104,53.15521460077029,0.5856440492778963,0.078561016186572,-0.120723641770452,0.1323720622623719,0.1702130547192663,591.1111111111111
1074,596.6666666666666,0.264,0.134,0.122,0.068,0.052,0.034,0.036,0.018,0.02,0.016,0.282,0.164,0.15,0.108,0.108,0.09,0.088,0.084,0.5529076530119089,0.8332425380649157,0.0566007674348547,-0.998396891584597,0.3951094149183332,-0.9186340676476638,9.192989467407278,46.88421333992052,0.6180581964579429,0.0184338153307514,8.901444706192104,53.15521460077029,0.5856440492778963,0.078561016186572,0.1658722959035726,0.0113201534869709,0.0711196946852999,596.6666666666666
1084,602.2222222222222,0.322,0.208,0.19,0.142,0.138,0.114,0.116,0.108,0.106,0.102,0.282,0.164,0.15,0.12,0.104,0.1,0.084,0.088,0.9998866989437916,-0.0150528826238586,-0.5728966671573459,-0.819627603707931,-0.4142752650865518,-0.9101516383204872,9.192989467407278,46.88421333992052,0.6180581964579429,0.1025526560009315,8.901444706192104,53.15521460077029,0.5856440492778963,0.078561016186572,0.2999660096831374,-0.1145793334314691,-0.0745695477155793,602.2222222222222
1094,607.7777777777777,0.324,0.206,0.194,0.146,0.134,0.128,0.116,0.104,0.1,0.1,0.246,0.144,0.136,0.094,0.102,0.076,0.08,0.086,0.5275745250805048,-0.8495087524481897,-0.9570651523559288,-0.2898728930857849,-0.9522369362482304,-0.3053601435102224,9.192989467407278,46.88421333992052,0.6180581964579429,0.1025526560009315,7.066241331070536,53.15521460077029,0.5856440492778963,0.078561016186572,0.1582723575241514,-0.1914130304711857,-0.1714026485246814,607.7777777777777
1104,613.3333333333333,0.312,0.196,0.188,0.15,0.136,0.114,0.114,0.102,0.106,0.104,0.236,0.152,0.136,0.106,0.098,0.086,0.084,0.082,-0.4297872341072202,-0.9029301929819744,-0.9313939547827832,0.3640127758665712,-0.8663162853163362,0.4994958396180135,9.192989467407278,46.88421333992052,0.6180581964579429,0.1025526560009315,7.066241331070536,50.3819697299198,0.5856440492778963,0.078561016186572,-0.128936170232166,-0.1862787909565566,-0.1559369313569405,613.3333333333333
1114,618.8888888888888,0.312,0.206,0.192,0.142,0.134,0.118,0.11,0.104,0.116,0.102,0.248,0.152,0.128,0.106,0.1,0.084,0.078,0.084,-0.9920045923221472,-0.1262017781640605,-0.5068761353009783,0.8620188997129613,-0.2128064187422862,0.977094380365624,9.192989467407278,46.88421333992052,0.6180581964579429,0.1025526560009315,7.066241331070536,50.3819697299198,0.6530494766557045,0.078561016186572,-0.2976013776966441,-0.1013752270601956,-0.0383051553736115,618.8888888888888
1124,624.4444444444445,0.302,0.204,0.194,0.148,0.142,0.116,0.116,0.106,0.118,0.1,0.298,0.208,0.186,0.156,0.154,0.146,0.142,0.136,-0.6421775032196706,0.7665559694885625,0.1346989597330084,0.9908865678001924,0.5801290021527876,0.8145246103471712,9.192989467407278,46.88421333992052,0.6180581964579429,0.1025526560009315,7.066241331070536,50.3819697299198,0.6530494766557045,0.1363768970985825,-0.1926532509659011,0.0269397919466016,0.1044232203875017,624.4444444444445
1134,630.0,0.27,0.172,0.158,0.128,0.118,0.11,0.108,0.104,0.104,0.106,0.314,0.214,0.184,0.17,0.15,0.146,0.138,0.136,0.2980646207896799,0.95454569394739,0.7185925282891245,0.6954313613053728,0.9929781071327172,0.118298261843216,6.88339928984581,46.88421333992052,0.6180581964579429,0.1025526560009315,7.066241331070536,50.3819697299198,0.6530494766557045,0.1363768970985825,0.0894193862369039,0.1437185056578249,0.178736059283889,630.0
1144,635.5555555555555,0.26,0.164,0.142,0.12,0.124,0.104,0.104,0.104,0.102,0.094,0.306,0.206,0.198,0.154,0.152,0.14,0.142,0.14,0.964267507040424,0.2649305095039942,0.9947664676108444,0.1021747273891284,0.7552522725321318,-0.6554342109129264,6.88339928984581,58.66838784614857,0.6180581964579429,0.1025526560009315,7.066241331070536,50.3819697299198,0.6530494766557045,0.1363768970985825,0.2892802521121271,0.1989532935221689,0.1359454090557837,635.5555555555555
1154,641.1111111111111,0.24,0.15,0.138,0.114,0.102,0.11,0.118,0.112,0.106,0.102,0.308,0.212,0.196,0.152,0.16,0.142,0.146,0.144,0.7439272942656475,-0.6682605635877316,0.8449560603977716,-0.5348357280484143,0.0227036437116062,-0.9997422390607572,6.88339928984581,58.66838784614857,0.5010357731630865,0.1025526560009315,7.066241331070536,50.3819697299198,0.6530494766557045,0.1363768970985825,0.2231781882796942,0.1689912120795543,0.0040866558680891,641.1111111111111
1164,646.6666666666666,0.228,0.164,0.146,0.122,0.124,0.126,0.126,0.118,0.12,0.114,0.308,0.208,0.194,0.156,0.148,0.146,0.15,0.14,-0.160376242060473,-0.9870559563583824,0.3333139399549243,-0.9428158979523654,-0.724719856498165,-0.6890436340300077,6.88339928984581,58.66838784614857,0.5010357731630865,0.112946625539663,7.066241331070536,50.3819697299198,0.6530494766557045,0.1363768970985825,-0.0481128726181418,0.0666627879909848,-0.1304495741696696,646.6666666666666
1174,652.2222222222222,0.222,0.16,0.15,0.124,0.126,0.112,0.12,0.118,0.102,0.114,0.326,0.212,0.208,0.164,0.154,0.146,0.138,0.148,-0.9172306010491283,-0.3983566548949,-0.3210617018978648,-0.9470582788690708,-0.997324653790574,0.0730994866022428,6.88339928984581,58.66838784614857,0.5010357731630865,0.112946625539663,8.431580490951735,50.3819697299198,0.6530494766557045,0.1363768970985825,-0.2751691803147385,-0.0642123403795729,-0.1795184376823033,652.2222222222222
1184,657.7777777777777,0.218,0.156,0.142,0.124,0.118,0.12,0.112,0.118,0.114,0.12,0.34,0.234,0.212,0.182,0.168,0.15,0.142,0.146,-0.8307873754588468,0.5565899179631275,-0.8379505428447398,-0.5457461752007118,-0.6165067605711761,0.7873496136850735,6.88339928984581,58.66838784614857,0.5010357731630865,0.112946625539663,8.431580490951735,42.73528103085163,0.6530494766557045,0.1363768970985825,-0.249236212637654,-0.1675901085689479,-0.1109712169028117,657.7777777777777
1194,663.3333333333333,0.23,0.158,0.152,0.128,0.126,0.116,0.114,0.126,0.118,0.116,0.312,0.22,0.208,0.17,0.168,0.144,0.146,0.136,0.0194779317560243,0.99981028709176,-0.996007611667735,0.0892683454531019,0.1682312650544882,0.9857475546295646,6.88339928984581,58.66838784614857,0.5010357731630865,0.112946625539663,8.431580490951735,42.73528103085163,0.583780730182637,0.1363768970985825,0.0058433795268073,-0.199201522333547,0.0302816277098078,663.3333333333333
1204,668.8888888888888,0.236,0.158,0.168,0.13,0.122,0.118,0.112,0.112,0.11,0.12,0.314,0.214,0.2,0.164,0.138,0.138,0.132,0.118,0.8518353183414913,0.5238096891296019,-0.727548844448357,0.6860558861651581,0.8427482854916172,0.5383078369306356,6.88339928984581,58.66838784614857,0.5010357731630865,0.112946625539663,8.431580490951735,42.73528103085163,0.583780730182637,0.1222884416992568,0.2555505955024473,-0.1455097688896714,0.1516946913884911,668.8888888888888
1214,674.4444444444445,0.232,0.164,0.14,0.118,0.13,0.116,0.11,0.106,0.11,0.11,0.316,0.212,0.196,0.16,0.15,0.128,0.126,0.134,0.901019241683639,-0.4337791213461526,-0.1475351252221657,0.9890568167833838,0.9651172666346476,-0.261817993353525,6.4456678069907545,58.66838784614857,0.5010357731630865,0.112946625539663,8.431580490951735,42.73528103085163,0.583780730182637,0.1222884416992568,0.2703057725050917,-0.0295070250444331,0.1737211079942365,674.4444444444445
1224,680.0,0.226,0.162,0.142,0.12,0.126,0.114,0.122,0.114,0.108,0.114,0.308,0.202,0.196,0.156,0.148,0.138,0.138,0.128,0.1218102294849817,-0.9925534081311777,0.4956568935898819,0.8685184188241655,0.4551650486306003,-0.8904070858349585,6.4456678069907545,52.569238957325815,0.5010357731630865,0.112946625539663,8.431580490951735,42.73528103085163,0.583780730182637,0.1222884416992568,0.0365430688454945,0.0991313787179763,0.081929708753508,680.0
1234,685.5555555555555,0.268,0.18,0.158,0.128,0.128,0.12,0.112,0.108,0.116,0.118,0.292,0.204,0.192,0.152,0.152,0.128,0.134,0.13,-0.7693905459455131,-0.6387786688749595,0.9265960019993038,0.3760583054247122,-0.3530001630788932,-0.93562326011396,6.4456678069907545,52.569238957325815,0.6586047316196068,0.112946625539663,8.431580490951735,42.73528103085163,0.583780730182637,0.1222884416992568,-0.2308171637836539,0.1853192003998607,-0.0635400293542007,685.5555555555555
1244,691.1111111111111,0.246,0.146,0.13,0.096,0.092,0.092,0.086,0.072,0.084,0.08,0.29,0.206,0.198,0.152,0.144,0.126,0.134,0.126,-0.9532172016599972,0.3022862326661346,0.9607430941263252,-0.2774395557388581,-0.92988831226573,-0.3678419860641145,6.4456678069907545,52.569238957325815,0.6586047316196068,0.0769505374233312,8.431580490951735,42.73528103085163,0.583780730182637,0.1222884416992568,-0.2859651604979991,0.192148618825265,-0.1673798962078314,691.1111111111111
1254,696.6666666666666,0.242,0.15,0.134,0.102,0.09,0.08,0.078,0.074,0.074,0.072,0.302,0.206,0.186,0.16,0.14,0.14,0.118,0.122,-0.2606603581546308,0.9654305659583704,0.5834755151073104,-0.8121307304062929,-0.8975364105155246,0.4409403494792779,6.4456678069907545,52.569238957325815,0.6586047316196068,0.0769505374233312,8.17754826165326,42.73528103085163,0.583780730182637,0.1222884416992568,-0.0781981074463892,0.116695103021462,-0.1615565538927944,696.6666666666666
1264,702.2222222222222,0.254,0.146,0.14,0.102,0.094,0.086,0.08,0.076,0.072,0.078,0.296,0.206,0.198,0.154,0.146,0.126,0.128,0.13,0.6715464165412728,0.7409624892196469,-0.0436511455301086,-0.9990468344847048,-0.2771406316162536,0.9608293658643786,6.4456678069907545,52.569238957325815,0.6586047316196068,0.0769505374233312,8.17754826165326,44.52846965394288,0.583780730182637,0.1222884416992568,0.2014639249623818,-0.0087302291060217,-0.0498853136909256,702.2222222222222
1274,707.7777777777777,0.268,0.148,0.138,0.1,0.092,0.088,0.088,0.084,0.08,0.078,0.294,0.204,0.184,0.158,0.15,0.138,0.132,0.124,0.9863365128641004,-0.1647430829840408,-0.6520852734881984,-0.7581456298758317,0.5248309024521668,0.8512065106842429,6.4456678069907545,52.569238957325815,0.6586047316196068,0.0769505374233312,8.17754826165326,44.52846965394288,0.5397042295985346,0.1222884416992568,0.2959009538592301,-0.1304170546976397,0.09446956244139,707.7777777777777
1284,713.3333333333333,0.244,0.132,0.138,0.1,0.086,0.08,0.084,0.08,0.078,0.078,0.242,0.15,0.126,0.096,0.084,0.06,0.062,0.056,0.3942933679835435,-0.9189846244438444,-0.9812798732191252,-0.1925871501815676,0.9829460813802384,0.1838939941902237,6.4456678069907545,52.569238957325815,0.6586047316196068,0.0769505374233312,8.17754826165326,44.52846965394288,0.5397042295985346,0.0544690425825527,0.118288010395063,-0.196255974643825,0.1769302946484429,713.3333333333333
1294,718.8888888888888,0.268,0.16,0.14,0.1,0.082,0.082,0.08,0.076,0.068,0.078,0.232,0.146,0.122,0.084,0.08,0.066,0.062,0.056,-0.5602612810440533,-0.8283159403047103,-0.8902654297512648,0.4554420540417802,0.7970590583349059,-0.6039013640705518,6.97409928821487,52.569238957325815,0.6586047316196068,0.0769505374233312,8.17754826165326,44.52846965394288,0.5397042295985346,0.0544690425825527,-0.1680783843132159,-0.1780530859502529,0.143470630500283,718.8888888888888
1304,724.4444444444445,0.266,0.16,0.138,0.102,0.094,0.078,0.084,0.09,0.082,0.086,0.232,0.134,0.126,0.082,0.086,0.062,0.058,0.066,-0.9997142920570232,0.0239025993759018,-0.4180166466841374,0.9084393667686076,0.0889584587831572,-0.9960353370292268,6.97409928821487,46.92122878224957,0.6586047316196068,0.0769505374233312,8.17754826165326,44.52846965394288,0.5397042295985346,0.0544690425825527,-0.299914287617107,-0.0836033293368274,0.0160125225809683,724.4444444444445
1314,730.0,0.278,0.166,0.15,0.104,0.106,0.09,0.084,0.084,0.084,0.076,0.238,0.148,0.122,0.094,0.076,0.064,0.056,0.05,-0.5200345933714359,0.8541451994227945,0.2332375149077293,0.9724197970216704,-0.6774255445337909,-0.735591348245136,6.97409928821487,46.92122878224957,0.6896248122821629,0.0769505374233312,8.17754826165326,44.52846965394288,0.5397042295985346,0.0544690425825527,-0.1560103780114307,0.0466475029815458,-0.1219365980160823,730.0
1324,735.5555555555555,0.292,0.178,0.162,0.114,0.11,0.1,0.086,0.098,0.092,0.084,0.244,0.152,0.128,0.086,0.08,0.06,0.066,0.056,0.4377625121974489,0.899090642212774,0.7846134300866648,0.6199852944446652,-0.999976919981468,0.0067940786260353,6.97409928821487,46.92122878224957,0.6896248122821629,0.0859999076416681,8.17754826165326,44.52846965394288,0.5397042295985346,0.0544690425825527,0.1313287536592346,0.1569226860173329,-0.1799958455966642,735.5555555555555
1334,741.1111111111111,0.288,0.186,0.158,0.124,0.112,0.1,0.104,0.09,0.088,0.082,0.23,0.138,0.108,0.08,0.078,0.058,0.066,0.064,0.993082782897255,0.1174162949212905,0.999997883771495,0.0020572925245551,-0.6673679050582203,0.7447281915559544,6.97409928821487,46.92122878224957,0.6896248122821629,0.0859999076416681,7.020204202262519,44.52846965394288,0.5397042295985346,0.0544690425825527,0.2979248348691765,0.199999576754299,-0.1201262229104796,741.1111111111111
1344,746.6666666666666,0.296,0.174,0.15,0.118,0.11,0.092,0.09,0.092,0.09,0.086,0.226,0.13,0.112,0.08,0.08,0.056,0.06,0.064,0.6353673228372488,-0.7722100524278528,0.7871577652331881,-0.6167516944711973,0.1024842186430508,0.9947346304060812,6.97409928821487,46.92122878224957,0.6896248122821629,0.0859999076416681,7.020204202262519,45.43049239617571,0.5397042295985346,0.0544690425825527,0.1906101968511746,0.1574315530466376,0.0184471593557491,746.6666666666666
1354,752.2222222222222,0.282,0.174,0.148,0.114,0.114,0.1,0.1,0.084,0.084,0.084,0.268,0.15,0.122,0.096,0.08,0.07,0.066,0.072,-0.3065019236927904,-0.9518700388039424,0.2372366360653424,-0.9714518920195688,0.8051911919399743,0.5930152986410075,6.97409928821487,46.92122878224957,0.6896248122821629,0.0859999076416681,7.020204202262519,45.43049239617571,0.6904078981415044,0.0544690425825527,-0.0919505771078371,0.0474473272130684,0.1449344145491953,752.2222222222222
1364,757.7777777777777,0.284,0.156,0.15,0.11,0.1,0.09,0.092,0.088,0.09,0.086,0.272,0.16,0.14,0.092,0.084,0.072,0.078,0.068,-0.9665747150857268,-0.2563851012772511,-0.4142752650865518,-0.9101516383204872,0.9803566139334766,-0.1972331349365218,6.97409928821487,46.92122878224957,0.6896248122821629,0.0859999076416681,7.020204202262519,45.43049239617571,0.6904078981415044,0.0666717314470669,-0.289972414525718,-0.0828550530173103,0.1764641905080257,757.7777777777777
1374,763.3333333333333,0.33,0.194,0.192,0.132,0.116,0.116,0.092,0.096,0.098,0.082,0.264,0.156,0.146,0.1,0.098,0.076,0.08,0.068,-0.7379831710164991,0.674819115983263,-0.8883839426383482,-0.4591012638431135,0.5132163896133758,-0.8582592483814034,9.537263202817886,46.92122878224957,0.6896248122821629,0.0859999076416681,7.020204202262519,45.43049239617571,0.6904078981415044,0.0666717314470669,-0.2213949513049497,-0.1776767885276696,0.0923789501304076,763.3333333333333
1384,768.8888888888888,0.338,0.204,0.186,0.13,0.13,0.112,0.096,0.086,0.094,0.086,0.276,0.158,0.144,0.102,0.102,0.072,0.064,0.076,0.1691066971015343,0.9855977500965644,-0.9820639813100092,0.1885479689986971,-0.2901706454532042,-0.9569749194818382,9.537263202817886,50.31045338212542,0.6896248122821629,0.0859999076416681,7.020204202262519,45.43049239617571,0.6904078981415044,0.0666717314470669,0.0507320091304603,-0.1964127962620018,-0.0522307161815767,768.8888888888888
1394,774.4444444444445,0.3,0.184,0.18,0.118,0.134,0.108,0.102,0.088,0.088,0.096,0.276,0.166,0.14,0.106,0.086,0.084,0.068,0.07,0.9207206477799073,0.3902223580879855,-0.6551992017205003,0.7554561576059985,-0.903444979365814,-0.4287040578985739,9.537263202817886,50.31045338212542,0.6042332258052447,0.0859999076416681,7.020204202262519,45.43049239617571,0.6904078981415044,0.0666717314470669,0.2762161943339721,-0.1310398403441,-0.1626200962858465,774.4444444444445
1404,780.0,0.33,0.22,0.214,0.172,0.166,0.146,0.142,0.142,0.138,0.126,0.284,0.162,0.14,0.1,0.1,0.074,0.08,0.064,0.825828281010248,-0.5639216703440815,-0.0477614304967349,0.9988587716774108,-0.9248042865086724,0.3804432042436628,9.537263202817886,50.31045338212542,0.6042332258052447,0.1344810785574001,7.020204202262519,45.43049239617571,0.6904078981415044,0.0666717314470669,0.2477484843030744,-0.0095522860993469,-0.166464771571561,780.0
1414,785.5555555555555,0.332,0.22,0.214,0.174,0.156,0.152,0.152,0.142,0.14,0.134,0.308,0.178,0.15,0.102,0.1,0.08,0.072,0.074,-0.0283267988179891,-0.9995987157198258,0.5801290021527761,0.8145246103471794,-0.3402544718920394,0.9403333953218238,9.537263202817886,50.31045338212542,0.6042332258052447,0.1344810785574001,8.228302254645119,45.43049239617571,0.6904078981415044,0.0666717314470669,-0.0084980396453967,0.1160258004305552,-0.061245804940567,785.5555555555555
1424,791.1111111111111,0.318,0.214,0.206,0.168,0.162,0.15,0.148,0.144,0.138,0.128,0.284,0.162,0.152,0.11,0.088,0.076,0.076,0.074,-0.8564383504486782,-0.5162493117484488,0.9595934152949462,0.2813902580449096,0.4672217405002269,0.884140172825519,9.537263202817886,50.31045338212542,0.6042332258052447,0.1344810785574001,8.228302254645119,51.613057277056456,0.6904078981415044,0.0666717314470669,-0.2569315051346034,0.1919186830589892,0.0840999132900408,791.1111111111111
1434,796.6666666666666,0.32,0.224,0.214,0.164,0.162,0.15,0.146,0.142,0.146,0.136,0.248,0.138,0.132,0.088,0.08,0.08,0.068,0.07,-0.8971444323446928,0.4417373286387726,0.9281354790587132,-0.3722425721387241,0.968585709920341,0.24867996006536,9.537263202817886,50.31045338212542,0.6042332258052447,0.1344810785574001,8.228302254645119,51.613057277056456,0.5853299007672517,0.0666717314470669,-0.2691433297034078,0.1856270958117426,0.1743454277856613,796.6666666666666
1444,802.2222222222222,0.328,0.216,0.21,0.17,0.164,0.142,0.148,0.136,0.138,0.138,0.294,0.204,0.19,0.158,0.156,0.138,0.14,0.142,-0.1130200605365233,0.9935927062515708,0.4992262832397654,-0.8664716487702351,0.835356041088414,-0.54970927281345,9.537263202817886,50.31045338212542,0.6042332258052447,0.1344810785574001,8.228302254645119,51.613057277056456,0.5853299007672517,0.131728178912742,-0.033906018160957,0.099845256647953,0.1503640873959145,802.2222222222222
1454,807.7777777777777,0.304,0.206,0.184,0.16,0.158,0.138,0.144,0.15,0.14,0.134,0.314,0.214,0.192,0.166,0.164,0.136,0.132,0.132,0.77501443371023,0.6319435319241834,-0.1434643265724233,-0.9896554890471336,0.1548215504728339,-0.9879424515168824,7.717267679702043,50.31045338212542,0.6042332258052447,0.1344810785574001,8.228302254645119,51.613057277056456,0.5853299007672517,0.131728178912742,0.232504330113069,-0.0286928653144846,0.0278678790851101,807.7777777777777
1464,813.3333333333333,0.298,0.198,0.194,0.154,0.152,0.142,0.144,0.128,0.132,0.132,0.304,0.212,0.198,0.16,0.164,0.14,0.14,0.138,0.9505042317659508,-0.3107116112973889,-0.724719856498165,-0.6890436340300077,-0.6271482287166843,-0.7788999288853,7.717267679702043,58.45519152336935,0.6042332258052447,0.1344810785574001,8.228302254645119,51.613057277056456,0.5853299007672517,0.131728178912742,0.2851512695297852,-0.144943971299633,-0.1128866811690031,813.3333333333333
1474,818.8888888888888,0.258,0.176,0.174,0.15,0.148,0.146,0.142,0.134,0.138,0.132,0.31,0.204,0.196,0.172,0.158,0.15,0.138,0.132,0.2521048226109057,-0.967699932012152,-0.995631879135598,-0.0933657391601335,-0.998225846161038,-0.0595412466789186,7.717267679702043,58.45519152336935,0.5137430704243723,0.1344810785574001,8.228302254645119,51.613057277056456,0.5853299007672517,0.131728178912742,0.0756314467832717,-0.1991263758271196,-0.1796806523089868,818.8888888888888
1484,824.4444444444443,0.214,0.12,0.118,0.094,0.08,0.07,0.084,0.068,0.066,0.064,0.288,0.198,0.196,0.166,0.154,0.15,0.132,0.134,-0.6780785978116494,-0.7349893980118267,-0.84018896397399,0.5422937440320635,-0.7152903339210259,0.6988274022955505,7.717267679702043,58.45519152336935,0.5137430704243723,0.0644995292851744,8.228302254645119,51.613057277056456,0.5853299007672517,0.131728178912742,-0.2034235793434948,-0.168037792794798,-0.1287522601057846,824.4444444444443
1494,830.0,0.212,0.124,0.106,0.086,0.086,0.074,0.078,0.068,0.078,0.062,0.28,0.206,0.186,0.154,0.148,0.136,0.134,0.132,-0.984839682525844,0.1734669989433003,-0.3249557277294924,0.9457292292277932,0.036285888955535,0.9993414502874912,7.717267679702043,58.45519152336935,0.5137430704243723,0.0644995292851744,7.558544459633577,51.613057277056456,0.5853299007672517,0.131728178912742,-0.2954519047577532,-0.0649911455458984,0.0065314600119963,830.0
1504,835.5555555555555,0.212,0.13,0.114,0.078,0.084,0.078,0.062,0.068,0.066,0.062,0.27,0.186,0.184,0.146,0.148,0.14,0.136,0.144,-0.3861437049466708,0.9224386370540094,0.3294318304957787,0.9441793627569924,0.7640884859632961,0.6451114520905034,7.717267679702043,58.45519152336935,0.5137430704243723,0.0644995292851744,7.558544459633577,59.018763911637,0.5853299007672517,0.131728178912742,-0.1158431114840012,0.0658863660991557,0.1375359274733933,835.5555555555555
1514,841.1111111111111,0.208,0.114,0.112,0.088,0.082,0.072,0.072,0.068,0.06,0.066,0.282,0.19,0.168,0.15,0.15,0.134,0.142,0.134,0.5675710141675148,0.8233244463010063,0.8427482854916095,0.5383078369306475,0.9912790180936806,-0.1317797719197775,7.717267679702043,58.45519152336935,0.5137430704243723,0.0644995292851744,7.558544459633577,59.018763911637,0.5501998493329516,0.131728178912742,0.1702713042502544,0.1685496570983219,0.1784302232568625,841.1111111111111
1524,846.6666666666666,0.222,0.122,0.124,0.082,0.078,0.066,0.08,0.074,0.058,0.052,0.272,0.182,0.166,0.138,0.144,0.126,0.126,0.118,0.9994635603439508,-0.0327504434259121,0.9951784527231704,-0.0980808199166192,0.5690078121743521,-0.8223321164131662,7.717267679702043,58.45519152336935,0.5137430704243723,0.0644995292851744,7.558544459633577,59.018763911637,0.5501998493329516,0.1209058720893163,0.2998390681031852,0.1990356905446341,0.1024214061913833,846.6666666666666
1534,852.2222222222222,0.238,0.128,0.116,0.088,0.084,0.074,0.074,0.07,0.064,0.06,0.274,0.17,0.172,0.142,0.13,0.12,0.124,0.122,0.5124539184025196,-0.8587147265034552,0.7214478508981023,-0.6924687707286947,-0.2260633783237695,-0.9741125956381244,8.5647078399955,58.45519152336935,0.5137430704243723,0.0644995292851744,7.558544459633577,59.018763911637,0.5501998493329516,0.1209058720893163,0.1537361755207558,0.1442895701796204,-0.0406914080982785,852.2222222222222
1544,857.7777777777777,0.234,0.128,0.122,0.088,0.088,0.072,0.074,0.058,0.07,0.058,0.26,0.176,0.16,0.138,0.136,0.128,0.122,0.118,-0.4457034928158865,-0.8951806501995667,0.138774897948261,-0.9903239508865016,-0.8730233792217382,-0.4876783564320412,8.5647078399955,54.34171808562246,0.5137430704243723,0.0644995292851744,7.558544459633577,59.018763911637,0.5501998493329516,0.1209058720893163,-0.1337110478447659,0.0277549795896522,-0.1571442082599128,857.7777777777777
1554,863.3333333333333,0.262,0.154,0.148,0.098,0.09,0.062,0.072,0.066,0.068,0.068,0.26,0.18,0.166,0.136,0.126,0.124,0.126,0.128,-0.9940831682063098,-0.1086216124392632,-0.5033250020717622,-0.8640971833592912,-0.947999840795143,0.31827079955972,8.5647078399955,54.34171808562246,0.6259244365680406,0.0644995292851744,7.558544459633577,59.018763911637,0.5501998493329516,0.1209058720893163,-0.2982249504618929,-0.1006650004143524,-0.1706399713431257,863.3333333333333
1564,868.8888888888888,0.318,0.22,0.214,0.17,0.178,0.142,0.15,0.158,0.154,0.148,0.242,0.178,0.166,0.134,0.132,0.116,0.132,0.128,-0.6285073631972635,0.777803634863468,-0.92988831226573,-0.3678419860641145,-0.4018700214571337,0.915696721548157,8.5647078399955,54.34171808562246,0.6259244365680406,0.145734106269237,7.558544459633577,59.018763911637,0.5501998493329516,0.1209058720893163,-0.188552208959179,-0.185977662453146,-0.072336603862284,868.8888888888888
1574,874.4444444444443,0.328,0.22,0.214,0.172,0.176,0.154,0.158,0.144,0.144,0.148,0.254,0.186,0.15,0.128,0.134,0.134,0.13,0.126,0.3149152130251381,0.949119807297968,-0.95824975503826,0.2859325217059348,0.4075551948797279,0.913180575311667,8.5647078399955,54.34171808562246,0.6259244365680406,0.145734106269237,6.998044377633975,59.018763911637,0.5501998493329516,0.1209058720893163,0.0944745639075414,-0.191649951007652,0.073359935078351,874.4444444444443
1584,880.0,0.334,0.22,0.22,0.188,0.166,0.15,0.154,0.148,0.152,0.14,0.276,0.186,0.168,0.144,0.138,0.128,0.122,0.124,0.9688061946981408,0.247819605992965,-0.576264237988675,0.8172634385651494,0.9499602278107246,0.312370878248591,8.5647078399955,54.34171808562246,0.6259244365680406,0.145734106269237,6.998044377633975,47.96551119358741,0.5501998493329516,0.1209058720893163,0.2906418584094422,-0.115252847597735,0.1709928410059304,880.0
1594,885.5555555555555,0.332,0.222,0.226,0.174,0.178,0.152,0.152,0.152,0.156,0.148,0.266,0.176,0.168,0.142,0.132,0.132,0.122,0.114,0.7319812288443485,-0.6813247981833023,0.0524923080849972,0.9986213284283036,0.869974582263995,-0.4930965688529857,8.5647078399955,54.34171808562246,0.6259244365680406,0.145734106269237,6.998044377633975,47.96551119358741,0.5405823504427032,0.1209058720893163,0.2195943686533045,0.0104984616169994,0.1565954248075191,885.5555555555555
1604,891.1111111111111,0.322,0.218,0.214,0.18,0.182,0.16,0.156,0.136,0.138,0.146,0.18,0.086,0.07,0.028,0.026,0.018,0.016,0.004,-0.1778239031045208,-0.9840623250001364,0.6587703104142202,0.752344122138767,0.2200028944999774,-0.9754992190727944,8.5647078399955,54.34171808562246,0.6259244365680406,0.145734106269237,6.998044377633975,47.96551119358741,0.5405823504427032,0.0076056082908405,-0.0533471709313562,0.131754062082844,0.0396005210099959,891.1111111111111
1614,896.6666666666666,0.298,0.198,0.192,0.158,0.16,0.14,0.148,0.148,0.152,0.154,0.174,0.086,0.066,0.032,0.034,0.01,0.01,0.008,-0.9241385586160584,-0.3820574884477913,0.9829460813802356,0.1838939941902376,-0.5741093022730025,-0.8187786691430147,7.081306223921086,54.34171808562246,0.6259244365680406,0.145734106269237,6.998044377633975,47.96551119358741,0.5405823504427032,0.0076056082908405,-0.2772415675848175,0.1965892162760471,-0.1033396744091404,896.6666666666666
1624,902.2222222222222,0.294,0.198,0.182,0.164,0.156,0.148,0.152,0.142,0.144,0.146,0.178,0.086,0.072,0.034,0.024,0.016,0.012,0.02,-0.8208044852193098,0.5712092410350728,0.8861992963604775,-0.4633042274037597,-0.9920791430806608,-0.1256143855788084,7.081306223921086,58.30928794247816,0.6259244365680406,0.145734106269237,6.998044377633975,47.96551119358741,0.5405823504427032,0.0076056082908405,-0.2462413455657929,0.1772398592720955,-0.1785742457545189,902.2222222222222
1634,907.7777777777776,0.314,0.212,0.192,0.172,0.158,0.144,0.154,0.148,0.152,0.148,0.18,0.08,0.062,0.024,0.034,0.018,0.022,0.008,0.0371734465542777,0.99930882857667,0.4099593936581375,-0.9121037745516968,-0.760063023540733,0.6498493673507109,7.081306223921086,58.30928794247816,0.6680337634316779,0.145734106269237,6.998044377633975,47.96551119358741,0.5405823504427032,0.0076056082908405,0.0111520339662833,0.0819918787316275,-0.1368113442373319,907.7777777777776
1644,913.3333333333331,0.226,0.092,0.08,0.04,0.038,0.028,0.016,0.01,0.016,0.018,0.188,0.092,0.068,0.04,0.022,0.012,0.016,0.01,0.8609742829999781,0.5086484876736325,-0.241835566536915,-0.9703172464497214,-0.0300722235264832,0.9995477284112916,7.081306223921086,58.30928794247816,0.6680337634316779,0.0168608612238868,6.998044377633975,47.96551119358741,0.5405823504427032,0.0076056082908405,0.2582922848999934,-0.048367113307383,-0.0054130002347669,913.3333333333331
1654,918.8888888888888,0.238,0.094,0.086,0.048,0.04,0.03,0.02,0.01,0.024,0.024,0.21,0.09,0.074,0.044,0.026,0.024,0.008,0.01,0.8931993342418353,-0.4496609270438585,-0.7900703755464241,-0.6130161512423081,0.7196211609287135,0.6943668949075916,7.081306223921086,58.30928794247816,0.6680337634316779,0.0168608612238868,7.811337075950596,47.96551119358741,0.5405823504427032,0.0076056082908405,0.2679598002725505,-0.1580140751092848,0.1295318089671684,918.8888888888888
1664,924.4444444444443,0.222,0.1,0.084,0.028,0.036,0.022,0.03,0.012,0.02,0.012,0.198,0.096,0.074,0.044,0.032,0.026,0.022,0.004,0.1042210367815234,-0.9945541591548368,-0.999976919981468,0.0067940786260353,0.9978363829459366,-0.0657461243676775,7.081306223921086,58.30928794247816,0.6680337634316779,0.0168608612238868,7.811337075950596,49.583929897792494,0.5405823504427032,0.0076056082908405,0.031266311034457,-0.1999953839962936,0.1796105489302685,924.4444444444443
1674,930.0,0.216,0.094,0.078,0.048,0.046,0.03,0.016,0.016,0.01,0.012,0.23,0.102,0.08,0.038,0.032,0.018,0.014,0.014,-0.7805776012557846,-0.6250588839603557,-0.7816678694223893,0.6236949109241333,0.6222936420400873,-0.7827838929592789,7.081306223921086,58.30928794247816,0.6680337634316779,0.0168608612238868,7.811337075950596,49.583929897792494,0.6189369740976557,0.0076056082908405,-0.2341732803767353,-0.1563335738844778,0.1120128555672157,930.0
1684,935.5555555555557,0.216,0.088,0.074,0.042,0.036,0.022,0.028,0.014,0.024,0.016,0.28,0.178,0.174,0.124,0.118,0.1,0.106,0.096,-0.9477167925165668,0.3191126465405444,-0.2286287214939565,0.9735136915873546,-0.1609606543003303,-0.9869608238259558,7.081306223921086,58.30928794247816,0.6680337634316779,0.0168608612238868,7.811337075950596,49.583929897792494,0.6189369740976557,0.0988912509913594,-0.2843150377549701,-0.0457257442987913,-0.0289729177740594,935.5555555555557
1694,941.1111111111112,0.222,0.104,0.078,0.044,0.038,0.02,0.026,0.02,0.026,0.014,0.29,0.178,0.172,0.124,0.114,0.11,0.108,0.1,-0.2435295353575599,0.9698934814754304,0.4223150700827353,0.9064491058967484,-0.8387574715744317,-0.5445051917824717,7.38131037084439,58.30928794247816,0.6680337634316779,0.0168608612238868,7.811337075950596,49.583929897792494,0.6189369740976557,0.0988912509913594,-0.0730588606072679,0.084463014016547,-0.1509763448833977,941.1111111111112
1704,946.6666666666666,0.228,0.094,0.092,0.038,0.04,0.02,0.028,0.022,0.022,0.014,0.288,0.178,0.166,0.12,0.132,0.104,0.114,0.102,0.6845576535152035,0.7289587224347882,0.8924127887182592,0.4512199181464617,-0.9670209331052464,0.2546969079833096,7.38131037084439,59.22701689472914,0.6680337634316779,0.0168608612238868,7.811337075950596,49.583929897792494,0.6189369740976557,0.0988912509913594,0.205367296054561,0.1784825577436518,-0.1740637679589443,946.6666666666666
1714,952.2222222222222,0.212,0.094,0.082,0.038,0.036,0.038,0.024,0.006,0.022,0.014,0.286,0.188,0.166,0.128,0.126,0.112,0.108,0.1,0.9832656927454548,-0.1821773242470117,0.9803566139334824,-0.197233134936494,-0.4617159598347603,0.887027830698601,7.38131037084439,59.22701689472914,0.5931680070122249,0.0168608612238868,7.811337075950596,49.583929897792494,0.6189369740976557,0.0988912509913594,0.2949797078236364,0.1960713227866964,-0.0831088727702568,952.2222222222222
1724,957.7777777777776,0.25,0.16,0.146,0.118,0.108,0.108,0.104,0.094,0.1,0.098,0.282,0.182,0.164,0.124,0.114,0.114,0.104,0.09,0.3779637886275763,-0.9258203791698952,0.6484867590992273,-0.7612259344458653,0.3460940037423528,0.9381998404250494,7.38131037084439,59.22701689472914,0.5931680070122249,0.094215128229736,7.811337075950596,49.583929897792494,0.6189369740976557,0.0988912509913594,0.1133891365882728,0.1296973518198454,0.0622969206736235,957.7777777777776
1734,963.3333333333331,0.252,0.16,0.146,0.114,0.112,0.102,0.106,0.102,0.096,0.096,0.28,0.178,0.164,0.12,0.118,0.102,0.098,0.1,-0.5748362796851744,-0.8182684471233801,0.0389183515837554,-0.9992423939715545,0.927151651274926,0.3746862894985322,7.38131037084439,59.22701689472914,0.5931680070122249,0.094215128229736,7.90567855169914,49.583929897792494,0.6189369740976557,0.0988912509913594,-0.1724508839055523,0.007783670316751,0.1668872972294866,963.3333333333331
1744,968.8888888888888,0.248,0.162,0.148,0.114,0.108,0.098,0.108,0.094,0.1,0.092,0.28,0.2,0.174,0.13,0.128,0.122,0.1,0.102,-0.9991345234487016,0.0415957215700868,-0.5873158856590147,-0.8093578012551477,0.9007622411358036,-0.4343125429273309,7.38131037084439,59.22701689472914,0.5931680070122249,0.094215128229736,7.90567855169914,43.67778793019382,0.6189369740976557,0.0988912509913594,-0.2997403570346104,-0.1174631771318029,0.1621372034044446,968.8888888888888
1754,974.4444444444443,0.256,0.154,0.14,0.114,0.112,0.104,0.104,0.1,0.1,0.098,0.258,0.17,0.148,0.126,0.122,0.108,0.102,0.094,-0.5048330940984223,0.8632169756805143,-0.9620464967664526,-0.2728855768621638,0.2842154686199066,-0.958760432744889,7.38131037084439,59.22701689472914,0.5931680070122249,0.094215128229736,7.90567855169914,43.67778793019382,0.5123730836312749,0.0988912509913594,-0.1514499282295266,-0.1924092993532905,0.0511587843515831,974.4444444444443
1764,980.0,0.258,0.15,0.142,0.122,0.114,0.102,0.098,0.096,0.096,0.092,0.236,0.14,0.134,0.096,0.092,0.066,0.064,0.068,0.4536095538088512,0.8912005232793206,-0.924804286508678,0.3804432042436497,-0.5185423190201618,-0.855051965312748,7.38131037084439,59.22701689472914,0.5931680070122249,0.094215128229736,7.90567855169914,43.67778793019382,0.5123730836312749,0.0617275235246962,0.1360828661426553,-0.1849608573017356,-0.0933376174236291,980.0
1774,985.5555555555557,0.302,0.176,0.166,0.116,0.124,0.118,0.114,0.102,0.106,0.09,0.232,0.154,0.118,0.09,0.088,0.074,0.07,0.062,0.9950056698719,0.0998184197569333,-0.4915373181917151,0.870856512190669,-0.9815638773886524,-0.1911343888622725,8.844896283003099,59.22701689472914,0.5931680070122249,0.094215128229736,7.90567855169914,43.67778793019382,0.5123730836312749,0.0617275235246962,0.29850170096157,-0.098307463638343,-0.1766814979299574,985.5555555555557
1784,991.1111111111112,0.282,0.174,0.152,0.122,0.128,0.098,0.104,0.084,0.09,0.102,0.238,0.142,0.136,0.09,0.086,0.066,0.072,0.07,0.6215981617584952,-0.7833362785537635,0.1522184533819985,0.9883468735469304,-0.801488819991389,0.5980097586401169,8.844896283003099,56.30443576583544,0.5931680070122249,0.094215128229736,7.90567855169914,43.67778793019382,0.5123730836312749,0.0617275235246962,0.1864794485275485,0.0304436906763997,-0.14426798759845,991.1111111111112
1794,996.6666666666666,0.294,0.19,0.164,0.12,0.13,0.102,0.106,0.098,0.1,0.094,0.232,0.144,0.124,0.094,0.082,0.07,0.072,0.054,-0.3233038296288762,-0.946295214902465,0.7307904049278914,0.682601922107848,-0.0962979147271181,0.9953525564438004,8.844896283003099,56.30443576583544,0.645997849800413,0.094215128229736,7.90567855169914,43.67778793019382,0.5123730836312749,0.0617275235246962,-0.0969911488886628,0.1461580809855782,-0.0173336246508812,996.6666666666666
1804,1002.2222222222222,0.25,0.112,0.11,0.058,0.058,0.038,0.028,0.03,0.024,0.022,0.216,0.134,0.12,0.086,0.084,0.074,0.074,0.062,-0.9709617710474594,-0.2392346947338137,0.9964192856797104,0.0845494359859122,0.6719850261070086,0.7405647336242545,8.844896283003099,56.30443576583544,0.645997849800413,0.0169807428787834,7.90567855169914,43.67778793019382,0.5123730836312749,0.0617275235246962,-0.2912885313142378,0.199283857135942,0.1209573046992615,1002.2222222222222
1814,1007.7777777777776,0.254,0.114,0.102,0.054,0.056,0.032,0.038,0.034,0.022,0.022,0.23,0.148,0.14,0.086,0.084,0.078,0.068,0.07,-0.7259219379846142,0.6877771004858055,0.8353560410884062,-0.5497092728134618,0.9999998335167872,0.0005770324063041,8.844896283003099,56.30443576583544,0.645997849800413,0.0169807428787834,8.740064584593137,43.67778793019382,0.5123730836312749,0.0617275235246962,-0.2177765813953842,0.1670712082176812,0.1799999700330217,1007.7777777777776
1824,1013.3333333333331,0.25,0.11,0.114,0.044,0.048,0.038,0.02,0.018,0.02,0.018,0.226,0.13,0.132,0.078,0.084,0.064,0.066,0.082,0.1865271771007545,0.982449801365354,0.3165720561291834,-0.9485684652560096,0.6728392381683893,-0.7397887263137912,8.844896283003099,56.30443576583544,0.645997849800413,0.0169807428787834,8.740064584593137,56.04073155994568,0.5123730836312749,0.0617275235246962,0.0559581531302263,0.0633144112258366,0.12111106287031,1013.3333333333331
1834,1018.8888888888888,0.262,0.122,0.112,0.07,0.046,0.028,0.028,0.016,0.018,0.014,0.294,0.158,0.148,0.1,0.094,0.072,0.074,0.054,0.9274840657738394,0.3738626856689878,-0.3377761490286354,-0.941226472825422,-0.0951491494289148,-0.995463027622299,8.844896283003099,56.30443576583544,0.645997849800413,0.0169807428787834,8.740064584593137,56.04073155994568,0.6755382733299067,0.0617275235246962,0.2782452197321517,-0.067555229805727,-0.0171268468972046,1018.8888888888888
1844,1024.4444444444443,0.264,0.112,0.106,0.054,0.05,0.028,0.036,0.02,0.02,0.022,0.306,0.178,0.17,0.104,0.112,0.084,0.088,0.082,0.8157163816863875,-0.5784520590753117,-0.8474800011609749,-0.530827323743036,-0.8007981443485523,-0.5989343302966654,8.844896283003099,56.30443576583544,0.645997849800413,0.0169807428787834,8.740064584593137,56.04073155994568,0.6755382733299067,0.0784956229462765,0.2447149145059162,-0.169496000232195,-0.1441436659827394,1024.4444444444443
1854,1030.0,0.268,0.124,0.116,0.052,0.054,0.036,0.034,0.026,0.014,0.016,0.3,0.164,0.168,0.11,0.112,0.096,0.094,0.086,-0.0460171818547157,-0.9989406483741414,-0.9942713243226596,0.1068856100214845,-0.9817838051690176,0.1900014734359831,9.330033392322344,56.30443576583544,0.645997849800413,0.0169807428787834,8.740064584593137,56.04073155994568,0.6755382733299067,0.0784956229462765,-0.0138051545564147,-0.1988542648645319,-0.1767210849304231,1030.0
1864,1035.5555555555554,0.294,0.164,0.124,0.078,0.06,0.038,0.034,0.018,0.018,0.02,0.29,0.164,0.162,0.11,0.104,0.086,0.092,0.074,-0.8654427606176839,-0.5010078124085915,-0.715290333921016,0.6988274022955606,-0.5195287589276371,0.8544529645610162,9.330033392322344,40.93304475907775,0.645997849800413,0.0169807428787834,8.740064584593137,56.04073155994568,0.6755382733299067,0.0784956229462765,-0.2596328281853051,-0.1430580667842032,-0.0935151766069746,1035.5555555555554
1874,1041.111111111111,0.218,0.12,0.114,0.062,0.054,0.04,0.034,0.028,0.014,0.024,0.28,0.158,0.154,0.114,0.104,0.09,0.09,0.09,-0.8891842564625434,0.4575492957694874,-0.1300037980481974,0.9915134958703504,0.2831088078565619,0.9590877972917996,9.330033392322344,40.93304475907775,0.5060577667863204,0.0169807428787834,8.740064584593137,56.04073155994568,0.6755382733299067,0.0784956229462765,-0.266755276938763,-0.0260007596096394,0.0509595854141811,1041.111111111111
1884,1046.6666666666663,0.228,0.108,0.092,0.052,0.046,0.02,0.022,0.008,0.018,0.004,0.294,0.176,0.158,0.114,0.108,0.09,0.09,0.086,-0.095413847599021,0.9954376915138138,0.510953676443654,0.8596082482902975,0.9002604165486768,0.4353517915382948,9.330033392322344,40.93304475907775,0.5060577667863204,0.003032336003422,8.740064584593137,56.04073155994568,0.6755382733299067,0.0784956229462765,-0.0286241542797063,0.1021907352887308,0.1620468749787618,1046.6666666666663
1894,1052.2222222222222,0.222,0.124,0.112,0.054,0.042,0.012,0.02,0.008,0.01,0.002,0.262,0.15,0.134,0.108,0.098,0.082,0.082,0.076,0.7860796127235081,0.6181252643764528,0.9331077683765986,0.3595968473099342,0.9275834460447224,-0.3736160470640917,9.330033392322344,40.93304475907775,0.5060577667863204,0.003032336003422,6.7583060338573695,56.04073155994568,0.6755382733299067,0.0784956229462765,0.2358238838170524,0.1866215536753197,0.16696502028805,1052.2222222222222
1904,1057.7777777777778,0.23,0.122,0.098,0.062,0.046,0.022,0.018,0.002,0.004,0.012,0.288,0.166,0.154,0.1,0.104,0.09,0.086,0.08,0.9448551022999314,-0.3274886801979362,0.9556813397547126,-0.2944030856574665,0.347176516509776,-0.9377998008019288,9.330033392322344,40.93304475907775,0.5060577667863204,0.003032336003422,6.7583060338573695,44.97139546417966,0.6755382733299067,0.0784956229462765,0.2834565306899794,0.1911362679509425,0.0624917729717596,1057.7777777777778
1914,1063.3333333333333,0.224,0.122,0.102,0.058,0.042,0.016,0.028,0.01,0.016,0.006,0.23,0.152,0.134,0.102,0.098,0.082,0.092,0.082,0.2349351682443619,-0.9720110424897412,0.5690078121743521,-0.8223321164131662,-0.4606919649261483,-0.8875600900516452,9.330033392322344,40.93304475907775,0.5060577667863204,0.003032336003422,6.7583060338573695,44.97139546417966,0.5375006668711932,0.0784956229462765,0.0704805504733085,0.1138015624348704,-0.0829245536867067,1063.3333333333333
1924,1068.888888888889,0.21,0.11,0.096,0.054,0.042,0.026,0.014,-0.0,0.01,0.008,0.236,0.148,0.128,0.112,0.1,0.088,0.082,0.088,-0.690983076036065,-0.7228709349750739,-0.0613293580139344,-0.9981175831762502,-0.966726352443852,-0.2558127430184144,9.330033392322344,40.93304475907775,0.5060577667863204,0.003032336003422,6.7583060338573695,44.97139546417966,0.5375006668711932,0.0850583727578093,-0.2072949228108195,-0.0122658716027868,-0.1740107434398933,1068.888888888889
1934,1074.4444444444443,0.168,0.076,0.05,0.024,0.024,0.014,0.006,0.004,0.006,0.006,0.222,0.146,0.128,0.108,0.096,0.09,0.082,0.088,-0.9816146668406318,0.1908733764655388,-0.6654037345239122,-0.746483670338227,-0.8393853071958253,0.5435368488555031,6.524754691305746,40.93304475907775,0.5060577667863204,0.003032336003422,6.7583060338573695,44.97139546417966,0.5375006668711932,0.0850583727578093,-0.2944844000521895,-0.1330807469047824,-0.1510893552952485,1074.4444444444443
1944,1080.0,0.15,0.066,0.05,0.022,0.024,0.002,0.008,-0.002,0.004,0.008,0.224,0.154,0.128,0.102,0.102,0.096,0.086,0.082,-0.3697542598998873,0.9291295858414405,-0.9845352784575762,-0.1751864306173937,-0.1620995636799251,0.9867744075799584,6.524754691305746,51.80775735669704,0.5060577667863204,0.003032336003422,6.7583060338573695,44.97139546417966,0.5375006668711932,0.0850583727578093,-0.1109262779699662,-0.1969070556915152,-0.0291779214623865,1080.0
1954,1085.5555555555554,0.172,0.07,0.054,0.018,0.02,0.01,0.004,0.004,-0.002,0.002,0.226,0.144,0.138,0.116,0.108,0.094,0.092,0.088,0.5820565083836733,0.813148338895313,-0.8820637317266533,0.4711301021718424,0.6213898444380219,0.7835015387536204,6.524754691305746,51.80775735669704,0.5332022306094434,0.003032336003422,6.7583060338573695,44.97139546417966,0.5375006668711932,0.0850583727578093,0.1746169525151019,-0.1764127463453306,0.1118501719988439,1085.5555555555554
1964,1091.111111111111,0.238,0.162,0.14,0.12,0.116,0.108,0.114,0.1,0.104,0.106,0.238,0.156,0.13,0.108,0.108,0.09,0.088,0.084,0.9987272071504024,-0.0504377408054416,-0.4018700214571337,0.915696721548157,0.9977598431778982,0.0668976482517587,6.524754691305746,51.80775735669704,0.5332022306094434,0.1016810562850964,6.7583060338573695,44.97139546417966,0.5375006668711932,0.0850583727578093,0.2996181621451207,-0.0803740042914267,0.1795967717720216,1091.111111111111
1974,1096.6666666666663,0.236,0.158,0.146,0.126,0.112,0.102,0.098,0.1,0.108,0.096,0.23,0.148,0.14,0.104,0.102,0.086,0.082,0.098,0.4971727175295446,-0.8676515942152632,0.2504146710240084,0.968138674227994,0.7204220259764048,-0.6935359431839508,6.524754691305746,51.80775735669704,0.5332022306094434,0.1016810562850964,6.0632260633316735,44.97139546417966,0.5375006668711932,0.0850583727578093,0.1491518152588633,0.0500829342048016,0.1296759646757528,1096.6666666666663
1984,1102.2222222222222,0.228,0.15,0.142,0.124,0.11,0.098,0.112,0.1,0.106,0.104,0.216,0.144,0.128,0.098,0.096,0.094,0.088,0.084,-0.4614800757584913,-0.8871505732838914,0.7954654211959736,0.6059989799343827,-0.0289186608305668,-0.9995817680689092,6.524754691305746,51.80775735669704,0.5332022306094434,0.1016810562850964,6.0632260633316735,46.2114039410639,0.5375006668711932,0.0850583727578093,-0.1384440227275474,0.1590930842391947,-0.005205358949502,1102.2222222222222
1994,1107.7777777777778,0.224,0.162,0.14,0.114,0.114,0.106,0.1,0.112,0.104,0.114,0.258,0.162,0.142,0.116,0.098,0.094,0.084,0.088,-0.9958502156186052,-0.0910074065797798,0.9998776107889704,-0.0156449174795019,-0.7593125492263406,-0.6507260964395051,6.524754691305746,51.80775735669704,0.5332022306094434,0.1016810562850964,6.0632260633316735,46.2114039410639,0.6876682573729227,0.0850583727578093,-0.2987550646855816,0.199975522157794,-0.1366762588607413,1107.7777777777778
2004,1113.3333333333333,0.234,0.15,0.132,0.118,0.106,0.108,0.106,0.122,0.104,0.102,0.252,0.156,0.13,0.108,0.102,0.082,0.086,0.082,-0.6146402598375389,0.7888075500315921,0.7761167321143073,-0.6305892626204546,-0.9922234495408464,0.1244693784882997,6.524754691305746,51.80775735669704,0.5332022306094434,0.1016810562850964,6.0632260633316735,46.2114039410639,0.6876682573729227,0.0807594569815867,-0.1843920779512616,0.1552233464228614,-0.1786002209173523,1113.3333333333333
2014,1118.888888888889,0.274,0.178,0.172,0.122,0.114,0.116,0.112,0.108,0.114,0.108,0.268,0.162,0.138,0.104,0.104,0.092,0.086,0.076,0.3316671162793998,0.943396482916333,0.2200028944999774,-0.9754992190727944,-0.5750538434488248,0.8181155646574233,8.997079688789603,51.80775735669704,0.5332022306094434,0.1016810562850964,6.0632260633316735,46.2114039410639,0.6876682573729227,0.0807594569815867,0.0995001348838199,0.0440005788999954,-0.1035096918207884,1118.888888888889
2024,1124.4444444444443,0.282,0.172,0.164,0.138,0.13,0.112,0.118,0.096,0.102,0.104,0.272,0.15,0.132,0.1,0.104,0.084,0.084,0.09,0.9730412752503024,0.2306310401035937,-0.4303217878711304,-0.9026755557138976,0.218876958856801,0.9757524670128168,8.997079688789603,53.16052163223452,0.5332022306094434,0.1016810562850964,6.0632260633316735,46.2114039410639,0.6876682573729227,0.0807594569815867,0.2919123825750906,-0.086064357574226,0.0393978525942241,1124.4444444444443
2034,1130.0,0.308,0.19,0.184,0.13,0.134,0.116,0.118,0.11,0.108,0.102,0.274,0.16,0.138,0.104,0.1,0.078,0.078,0.084,0.7198057731658344,-0.6941755173708847,-0.8963717167453582,-0.4433032206277992,0.8694049376147979,0.4941002473699132,8.997079688789603,53.16052163223452,0.6221501571227053,0.1016810562850964,6.0632260633316735,46.2114039410639,0.6876682573729227,0.0807594569815867,0.2159417319497503,-0.1792743433490716,0.1564928887706636,1130.0
2044,1135.5555555555554,0.268,0.134,0.13,0.058,0.058,0.05,0.044,0.03,0.036,0.028,0.256,0.158,0.14,0.112,0.09,0.082,0.084,0.082,-0.1952158372129099,-0.980760305528962,-0.9785724383507284,0.2059028482083476,0.9503200913800992,-0.3112743547408302,8.997079688789603,53.16052163223452,0.6221501571227053,0.0286879020127346,6.0632260633316735,46.2114039410639,0.6876682573729227,0.0807594569815867,-0.0585647511638729,-0.1957144876701456,0.1710576164484178,1135.5555555555554
2054,1141.111111111111,0.246,0.12,0.118,0.058,0.052,0.036,0.044,0.024,0.028,0.038,0.296,0.182,0.162,0.112,0.104,0.088,0.086,0.088,-0.9307569071420532,-0.3656385917916204,-0.6417235093491862,0.7669360713570362,0.4086087928694306,-0.9127096221634714,8.997079688789603,53.16052163223452,0.6221501571227053,0.0286879020127346,7.723184244773418,46.2114039410639,0.6876682573729227,0.0807594569815867,-0.279227072142616,-0.1283447018698372,0.0735495827164975,1141.111111111111
2064,1146.6666666666663,0.252,0.126,0.118,0.068,0.066,0.044,0.04,0.04,0.032,0.02,0.306,0.194,0.164,0.114,0.12,0.098,0.086,0.078,-0.8105643690502,0.5856495570102065,-0.0300722235264832,0.9995477284112916,-0.4008129806493082,-0.9161598957294612,8.997079688789603,53.16052163223452,0.6221501571227053,0.0286879020127346,7.723184244773418,40.79372836918,0.6876682573729227,0.0807594569815867,-0.2431693107150599,-0.0060144447052966,-0.0721463365168754,1146.6666666666663
2074,1152.2222222222222,0.252,0.122,0.122,0.064,0.068,0.044,0.05,0.032,0.034,0.028,0.3,0.19,0.168,0.12,0.112,0.09,0.088,0.084,0.0548573118372815,0.9984942039581338,0.5944567546037858,0.804127581236917,-0.947631904421456,-0.3193646406892351,8.997079688789603,53.16052163223452,0.6221501571227053,0.0286879020127346,7.723184244773418,40.79372836918,0.6603328810183746,0.0807594569815867,0.0164571935511844,0.1188913509207571,-0.170573742795862,1152.2222222222222
2084,1157.7777777777776,0.274,0.138,0.122,0.072,0.072,0.044,0.044,0.036,0.034,0.036,0.346,0.242,0.228,0.178,0.17,0.152,0.152,0.15,0.8698434332090523,0.4933278845788963,0.9644242045783448,0.2643595158556371,-0.8735856101841685,0.4866705062762217,8.997079688789603,53.16052163223452,0.6221501571227053,0.0286879020127346,7.723184244773418,40.79372836918,0.6603328810183746,0.1440106375539264,0.2609530299627157,0.192884840915669,-0.1572454098331503,1157.7777777777776
2094,1163.3333333333333,0.27,0.126,0.122,0.07,0.066,0.048,0.046,0.034,0.04,0.044,0.348,0.24,0.228,0.18,0.18,0.158,0.158,0.15,0.8850995135769236,-0.4654018167840487,0.9214006381223274,-0.3886140296846833,-0.2271874166637655,0.973851055197685,9.132829028293903,53.16052163223452,0.6221501571227053,0.0286879020127346,7.723184244773418,40.79372836918,0.6603328810183746,0.1440106375539264,0.265529854073077,0.1842801276244655,-0.0408937349994778,1163.3333333333333
2104,1168.888888888889,0.292,0.17,0.14,0.084,0.082,0.048,0.048,0.04,0.038,0.026,0.334,0.24,0.224,0.182,0.166,0.162,0.156,0.154,0.0865991830076946,-0.9962432341062096,0.4838098425658416,-0.8751731464324163,0.5680584088515789,0.8229882405800295,9.132829028293903,41.014192919321225,0.6221501571227053,0.0286879020127346,7.723184244773418,40.79372836918,0.6603328810183746,0.1440106375539264,0.0259797549023084,0.0967619685131683,0.1022505135932842,1168.888888888889
2114,1174.4444444444443,0.246,0.144,0.126,0.076,0.07,0.05,0.048,0.04,0.022,0.028,0.334,0.24,0.22,0.174,0.168,0.152,0.148,0.16,-0.7915200370461841,-0.6111432164021845,-0.1609606543003303,-0.9869608238259558,0.9911262755960074,0.1329236842070935,9.132829028293903,41.014192919321225,0.5677320166760437,0.0286879020127346,7.723184244773418,40.79372836918,0.6603328810183746,0.1440106375539264,-0.2374560111138552,-0.032192130860066,0.1784027296072813,1174.4444444444443
2124,1180.0,0.262,0.16,0.136,0.09,0.086,0.06,0.062,0.056,0.044,0.05,0.322,0.23,0.208,0.18,0.176,0.156,0.156,0.15,-0.9419193853214908,0.3358390560306902,-0.7368036979677665,-0.6761067302290552,0.7648324774348176,-0.6442292150010889,9.132829028293903,41.014192919321225,0.5677320166760437,0.0477004796793423,7.723184244773418,40.79372836918,0.6603328810183746,0.1440106375539264,-0.2825758155964472,-0.1473607395935533,0.1376698459382671,1180.0
2134,1185.5555555555554,0.272,0.158,0.142,0.088,0.088,0.056,0.06,0.06,0.056,0.056,0.318,0.216,0.2,0.164,0.158,0.152,0.144,0.146,-0.226322394616003,0.9740524491500846,-0.9971286255520798,-0.0757265085991705,0.0374391694030808,-0.9992989085325809,9.132829028293903,41.014192919321225,0.5677320166760437,0.0477004796793423,6.33815097516861,40.79372836918,0.6603328810183746,0.1440106375539264,-0.0678967183848009,-0.1994257251104159,0.0067390504925545,1185.5555555555554
2144,1191.111111111111,0.272,0.16,0.152,0.102,0.094,0.066,0.066,0.052,0.056,0.042,0.31,0.21,0.192,0.158,0.152,0.152,0.148,0.15,0.6973543619602194,0.7167265125939288,-0.8304576703870402,0.5570817334066251,-0.7144833656049355,-0.6996524281912012,9.132829028293903,41.014192919321225,0.5677320166760437,0.0477004796793423,6.33815097516861,52.53223638656242,0.6603328810183746,0.1440106375539264,0.2092063085880658,-0.166091534077408,-0.1286070058088884,1191.111111111111
2154,1196.6666666666663,0.276,0.178,0.142,0.094,0.084,0.08,0.072,0.056,0.058,0.042,0.312,0.21,0.188,0.166,0.164,0.148,0.148,0.14,0.9798867341646488,-0.1995544742874459,-0.308163581991283,0.9513333835907904,-0.9982938958559588,0.058389189896179,9.132829028293903,41.014192919321225,0.5677320166760437,0.0477004796793423,6.33815097516861,52.53223638656242,0.6594916350732667,0.1440106375539264,0.2939660202493946,-0.0616327163982566,-0.1796929012540725,1196.6666666666663
2164,1202.2222222222222,0.274,0.162,0.144,0.096,0.082,0.066,0.054,0.058,0.05,0.052,0.232,0.116,0.104,0.076,0.058,0.058,0.042,0.046,0.3615157619573079,-0.9323659978015216,0.3460940037423528,0.9381998404250494,-0.6280467119289176,0.7781756406077456,9.132829028293903,41.014192919321225,0.5677320166760437,0.0477004796793423,6.33815097516861,52.53223638656242,0.6594916350732667,0.0470582208003365,0.1084547285871923,0.0692188007484705,-0.1130484081472051,1202.2222222222222
2174,1207.7777777777776,0.262,0.162,0.144,0.094,0.086,0.064,0.064,0.054,0.048,0.052,0.232,0.118,0.094,0.07,0.062,0.042,0.058,0.044,-0.5892311345782555,-0.8079645227629872,0.8521453191361109,0.5233052217152201,0.1536812979417521,0.9881204676874872,9.16098955173995,41.014192919321225,0.5677320166760437,0.0477004796793423,6.33815097516861,52.53223638656242,0.6594916350732667,0.0470582208003365,-0.1767693403734766,0.1704290638272222,0.0276626336295153,1207.7777777777776
2184,1213.3333333333333,0.24,0.124,0.114,0.078,0.08,0.05,0.068,0.048,0.044,0.048,0.232,0.122,0.1,0.064,0.066,0.054,0.042,0.056,-0.9982416433611464,0.0592758083845174,0.9932862975371832,-0.1156820259369378,0.8347210847741207,0.5506729615965499,9.16098955173995,55.9425382569226,0.5677320166760437,0.0477004796793423,6.33815097516861,52.53223638656242,0.6594916350732667,0.0470582208003365,-0.2994724930083439,0.1986572595074366,0.1502497952593417,1213.3333333333333
2194,1218.888888888889,0.23,0.122,0.118,0.078,0.072,0.06,0.054,0.042,0.044,0.05,0.224,0.122,0.098,0.07,0.062,0.052,0.06,0.048,-0.4894733888649996,0.8720182346677234,0.7090767759414477,-0.7051312826846374,0.968872057651077,-0.2475619839615288,9.16098955173995,55.9425382569226,0.525827588294865,0.0477004796793423,6.33815097516861,52.53223638656242,0.6594916350732667,0.0470582208003365,-0.1468420166594999,0.1418153551882895,0.1743969703771938,1218.888888888889
2204,1224.4444444444443,0.278,0.178,0.182,0.138,0.134,0.128,0.124,0.122,0.128,0.122,0.236,0.12,0.098,0.066,0.066,0.056,0.044,0.04,0.4693144420314156,0.8830311175155386,0.1212225127131731,-0.9926253585374012,0.4682417842549338,-0.88360037996696,9.16098955173995,55.9425382569226,0.525827588294865,0.1150288735107232,6.33815097516861,52.53223638656242,0.6594916350732667,0.0470582208003365,0.1407943326094246,0.0242445025426346,0.0842835211658881,1224.4444444444443
2214,1230.0,0.274,0.182,0.178,0.14,0.14,0.116,0.122,0.122,0.12,0.118,0.282,0.154,0.136,0.092,0.086,0.056,0.062,0.048,0.9966167392786132,0.0821892632261937,-0.5185423190201618,-0.855051965312748,-0.3391690398024614,-0.9407254447709366,9.16098955173995,55.9425382569226,0.525827588294865,0.1150288735107232,8.647862159705754,52.53223638656242,0.6594916350732667,0.0470582208003365,0.298985021783584,-0.1037084638040323,-0.061050427164443,1230.0
2224,1235.5555555555554,0.28,0.184,0.176,0.14,0.138,0.122,0.134,0.116,0.122,0.116,0.302,0.172,0.154,0.094,0.082,0.06,0.068,0.044,0.607634202566602,-0.7942170206380934,-0.9362541180965236,-0.3513235351457415,-0.9243646146090664,-0.3815102348019409,9.16098955173995,55.9425382569226,0.525827588294865,0.1150288735107232,8.647862159705754,43.94565139663493,0.6594916350732667,0.0470582208003365,0.1822902607699806,-0.1872508236193047,-0.1663856306296319,1235.5555555555554
2234,1241.111111111111,0.274,0.182,0.168,0.142,0.144,0.122,0.118,0.122,0.122,0.124,0.262,0.152,0.136,0.092,0.086,0.064,0.06,0.046,-0.3400044177364198,-0.9404238384471748,-0.9530380495038528,0.3028505839484078,-0.9039391299180422,0.4276611385232622,9.16098955173995,55.9425382569226,0.525827588294865,0.1150288735107232,8.647862159705754,43.94565139663493,0.6147282358997046,0.0470582208003365,-0.1020013253209259,-0.1906076099007705,-0.1627090433852475,1241.111111111111
2244,1246.6666666666663,0.276,0.176,0.176,0.134,0.134,0.12,0.126,0.12,0.116,0.114,0.296,0.19,0.172,0.13,0.124,0.116,0.106,0.102,-0.9750445443833146,-0.2220093161746472,-0.5617068061850643,0.8273363668335718,-0.2912748631162846,0.9566394065250446,9.16098955173995,55.9425382569226,0.525827588294865,0.1150288735107232,8.647862159705754,43.94565139663493,0.6147282358997046,0.0958124949033154,-0.2925133633149943,-0.1123413612370128,-0.0524294753609312,1246.6666666666663
2254,1252.2222222222222,0.264,0.178,0.174,0.144,0.13,0.12,0.12,0.122,0.114,0.118,0.298,0.188,0.174,0.142,0.136,0.114,0.102,0.104,-0.7136332135724825,0.7005195475404035,0.0701616029587498,0.9975356381955778,0.5122255612120096,0.8588509617163166,8.34986962397632,55.9425382569226,0.525827588294865,0.1150288735107232,8.647862159705754,43.94565139663493,0.6147282358997046,0.0958124949033154,-0.2140899640717447,0.0140323205917499,0.0922006010181617,1252.2222222222222
2264,1257.7777777777776,0.284,0.202,0.186,0.154,0.146,0.124,0.116,0.114,0.116,0.11,0.308,0.204,0.182,0.14,0.124,0.112,0.1,0.104,0.2038892027087302,0.9789939698582408,0.6719850261070296,0.7405647336242354,0.9801283412988456,0.1983643984760712,8.34986962397632,41.92491355256087,0.525827588294865,0.1150288735107232,8.647862159705754,43.94565139663493,0.6147282358997046,0.0958124949033154,0.061166760812619,0.1343970052214059,0.1764231014337922,1257.7777777777776
2274,1263.3333333333333,0.336,0.226,0.2,0.158,0.144,0.13,0.132,0.108,0.12,0.118,0.312,0.198,0.184,0.142,0.136,0.116,0.108,0.098,0.9339568263027396,0.3573858511504261,0.9860473399419885,0.1664651416763538,0.8058750337123153,-0.592085661065335,8.34986962397632,41.92491355256087,0.6322382922029898,0.1150288735107232,8.647862159705754,43.94565139663493,0.6147282358997046,0.0958124949033154,0.2801870478908218,0.1972094679883977,0.1450575060682167,1263.3333333333333
2284,1268.888888888889,0.302,0.204,0.18,0.138,0.134,0.106,0.112,0.104,0.09,0.092,0.308,0.198,0.176,0.146,0.126,0.112,0.1,0.106,0.8053488509566002,-0.5928011709358236,0.8778590598597927,-0.4789190652104808,0.1036321384391341,-0.9946156945687776,8.34986962397632,41.92491355256087,0.6322382922029898,0.0947932087019278,8.647862159705754,43.94565139663493,0.6147282358997046,0.0958124949033154,0.24160465528698,0.1755718119719585,0.0186537849190441,1268.888888888889
2294,1274.4444444444443,0.314,0.204,0.178,0.132,0.128,0.108,0.114,0.096,0.1,0.09,0.308,0.194,0.17,0.144,0.13,0.106,0.106,0.098,-0.0636931439025054,-0.9979695303063189,0.3937491638609005,-0.9192179262606022,-0.6665079961783102,-0.745497881305087,8.34986962397632,41.92491355256087,0.6322382922029898,0.0947932087019278,8.471656467006042,43.94565139663493,0.6147282358997046,0.0958124949033154,-0.0191079431707516,0.0787498327721801,-0.1199714393120958,1274.4444444444443
2304,1280.0,0.306,0.196,0.172,0.15,0.128,0.112,0.11,0.096,0.096,0.098,0.286,0.174,0.156,0.11,0.122,0.108,0.104,0.1,-0.874175955993647,-0.4856093058854961,-0.2589741562201021,-0.9658842510415449,-0.9999684132582712,-0.0079481120862502,8.34986962397632,41.92491355256087,0.6322382922029898,0.0947932087019278,8.471656467006042,56.070253982606566,0.6147282358997046,0.0958124949033154,-0.262252786798094,-0.0517948312440204,-0.1799943143864888,1280.0
2314,1285.5555555555554,0.296,0.196,0.182,0.14,0.126,0.11,0.108,0.102,0.098,0.09,0.26,0.158,0.146,0.12,0.112,0.106,0.11,0.098,-0.8809454256131869,0.4732178748644232,-0.8007981443485693,-0.5989343302966427,-0.6782740133640106,0.7348090655368087,8.34986962397632,41.92491355256087,0.6322382922029898,0.0947932087019278,8.471656467006042,56.070253982606566,0.5654336415865311,0.0958124949033154,-0.2642836276839561,-0.1601596288697138,-0.1220893224055219,1285.5555555555554
2324,1291.111111111111,0.308,0.194,0.186,0.136,0.126,0.112,0.114,0.098,0.088,0.098,0.27,0.17,0.166,0.132,0.132,0.11,0.116,0.108,-0.0777777336119568,0.9969707238200064,-0.9996999639746,0.0244945305973218,0.0878089103996211,0.9961373375466012,8.34986962397632,41.92491355256087,0.6322382922029898,0.0947932087019278,8.471656467006042,56.070253982606566,0.5654336415865311,0.108307099938983,-0.023333320083587,-0.19993999279492,0.0158056038719318,1291.111111111111
2334,1296.6666666666663,0.334,0.218,0.194,0.15,0.14,0.122,0.116,0.102,0.096,0.106,0.282,0.182,0.178,0.134,0.136,0.12,0.128,0.114,0.7968984479817411,0.6041132870615347,-0.7705047882250665,0.6374342094069358,0.7963615863486249,0.6048208195724596,9.17527484023154,41.92491355256087,0.6322382922029898,0.0947932087019278,8.471656467006042,56.070253982606566,0.5654336415865311,0.108307099938983,0.2390695343945223,-0.1541009576450133,0.1433450855427524,1296.6666666666663
2344,1302.2222222222222,0.316,0.182,0.166,0.128,0.122,0.114,0.112,0.1,0.094,0.102,0.278,0.182,0.17,0.144,0.12,0.112,0.114,0.114,0.9389098715864914,-0.3441631198101247,-0.2113598308928488,0.977408318915358,0.9831576523568164,-0.1827594884328396,9.17527484023154,57.85895516381579,0.6322382922029898,0.0947932087019278,8.471656467006042,56.070253982606566,0.5654336415865311,0.108307099938983,0.2816729614759474,-0.0422719661785697,0.1769683774242269,1302.2222222222222
2354,1307.7777777777776,0.268,0.16,0.162,0.13,0.12,0.102,0.106,0.1,0.098,0.098,0.288,0.174,0.174,0.132,0.132,0.11,0.12,0.108,0.2176918892593287,-0.97601754151793,0.4382947911477697,0.8988312834190479,0.5258129002687318,-0.8506002550616739,9.17527484023154,57.85895516381579,0.5323024653893998,0.0947932087019278,8.471656467006042,56.070253982606566,0.5654336415865311,0.108307099938983,0.0653075667777986,0.0876589582295539,0.0946463220483717,1307.7777777777776
2364,1313.3333333333333,0.194,0.088,0.074,0.034,0.028,0.014,0.018,0.016,0.01,0.002,0.266,0.17,0.164,0.13,0.126,0.114,0.116,0.11,-0.7036710121152473,-0.7105259366896493,0.9002604165486768,0.4353517915382948,-0.2760315878817596,-0.9611485642144374,9.17527484023154,57.85895516381579,0.5323024653893998,0.0040053525129426,8.471656467006042,56.070253982606566,0.5654336415865311,0.108307099938983,-0.2111013036345742,0.1800520833097353,-0.0496856858187167,1313.3333333333333
2374,1318.888888888889,0.192,0.084,0.08,0.034,0.03,0.022,0.008,0.014,0.012,0.004,0.26,0.166,0.162,0.13,0.136,0.12,0.11,0.108,-0.9780820300962222,0.2082199375728768,0.9767115943469484,-0.214556429566308,-0.8970269391595316,-0.4419758708595775,9.17527484023154,57.85895516381579,0.5323024653893998,0.0040053525129426,7.952422330266685,56.070253982606566,0.5654336415865311,0.108307099938983,-0.2934246090288666,0.1953423188693897,-0.1614648490487157,1318.888888888889
2384,1324.4444444444443,0.204,0.09,0.088,0.03,0.044,0.016,0.01,0.012,0.02,0.006,0.274,0.19,0.162,0.14,0.136,0.118,0.12,0.112,-0.3532489402631192,0.9355293614863102,0.6349099823521525,-0.7725861209661934,-0.9303122064446432,0.3667685899039056,9.17527484023154,57.85895516381579,0.5323024653893998,0.0040053525129426,7.952422330266685,44.29352545487527,0.5654336415865311,0.108307099938983,-0.1059746820789357,0.1269819964704304,-0.1674561971600358,1324.4444444444443
2394,1330.0,0.204,0.104,0.082,0.038,0.044,0.012,0.022,0.01,0.012,0.014,0.306,0.204,0.176,0.146,0.132,0.12,0.108,0.11,0.596359596156948,0.8027174048639546,0.0212237393943775,-0.9997747510745204,-0.354079697707073,0.935215252052525,9.17527484023154,57.85895516381579,0.5323024653893998,0.0040053525129426,7.952422330266685,44.29352545487527,0.6127419448534138,0.108307099938983,0.1789078788470844,0.0042447478788755,-0.0637343455872731,1330.0
2404,1335.5555555555554,0.22,0.09,0.076,0.036,0.03,0.012,0.012,0.01,0.01,0.012,0.316,0.23,0.208,0.18,0.164,0.15,0.15,0.144,0.9976778701235004,-0.0681092318693711,-0.6015510495199706,-0.7988343600656033,0.4541371582057217,0.8909317827627609,9.17527484023154,57.85895516381579,0.5323024653893998,0.0040053525129426,7.952422330266685,44.29352545487527,0.6127419448534138,0.1417206794710261,0.2993033610370501,-0.1203102099039941,0.0817446884770299,1335.5555555555554
2414,1341.111111111111,0.186,0.078,0.066,0.016,0.028,0.01,0.016,0.006,0.018,0.006,0.322,0.222,0.212,0.172,0.172,0.152,0.152,0.14,0.4817357113257375,-0.8763165549237819,-0.966726352443852,-0.2558127430184144,0.964814469048282,0.2629316266923427,7.613822797608217,57.85895516381579,0.5323024653893998,0.0040053525129426,7.952422330266685,44.29352545487527,0.6127419448534138,0.1417206794710261,0.1445207133977212,-0.1933452704887704,0.1736666044286907,1341.111111111111
2424,1346.6666666666663,0.198,0.074,0.068,0.04,0.03,0.008,0.006,0.008,0.0,0.014,0.31,0.212,0.204,0.174,0.162,0.152,0.148,0.148,-0.4771120388268783,-0.8788424787221311,-0.9179248005660192,0.3967544083004422,0.8433689663074065,-0.537334892473564,7.613822797608217,45.055491007686136,0.5323024653893998,0.0040053525129426,7.952422330266685,44.29352545487527,0.6127419448534138,0.1417206794710261,-0.1431336116480635,-0.1835849601132038,0.1518064139353331,1346.6666666666663
2434,1352.2222222222222,0.212,0.098,0.078,0.04,0.024,0.022,0.016,0.004,0.0,0.008,0.304,0.22,0.202,0.17,0.164,0.16,0.154,0.142,-0.997305180796934,-0.0733646805731105,-0.476044461788269,0.8794212132992456,0.1693687694012761,-0.9855527484368848,7.613822797608217,45.055491007686136,0.5913020099923738,0.0040053525129426,7.952422330266685,44.29352545487527,0.6127419448534138,0.1417206794710261,-0.2991915542390802,-0.0952088923576538,0.0304863784922297,1352.2222222222222
2444,1357.7777777777776,0.274,0.182,0.164,0.126,0.126,0.11,0.116,0.1,0.096,0.094,0.318,0.23,0.198,0.166,0.18,0.142,0.146,0.144,-0.6005805388507749,0.7995642665562993,0.1696902444004032,0.985497448477332,-0.6155976976860285,-0.7880605780037859,7.613822797608217,45.055491007686136,0.5913020099923738,0.09858658699061,7.952422330266685,44.29352545487527,0.6127419448534138,0.1417206794710261,-0.1801741616552324,0.0339380488800806,-0.1108075855834851,1357.7777777777776
2454,1363.3333333333333,0.274,0.182,0.172,0.132,0.122,0.104,0.11,0.098,0.102,0.104,0.292,0.212,0.188,0.17,0.156,0.148,0.14,0.146,0.3483150807957025,0.937377514393365,0.7427592644930534,0.6695585672737959,-0.9972396281081164,-0.0742504150209654,7.613822797608217,45.055491007686136,0.5913020099923738,0.09858658699061,6.303296903563976,44.29352545487527,0.6127419448534138,0.1417206794710261,0.1044945242387107,0.1485518528986107,-0.1795031330594609,1363.3333333333333
2464,1368.888888888889,0.282,0.188,0.17,0.126,0.118,0.102,0.104,0.102,0.094,0.09,0.292,0.202,0.192,0.146,0.154,0.138,0.146,0.148,0.9769714214959344,0.2133701984350508,0.9977598431778982,0.0668976482517587,-0.7255145747634234,0.6882068016271337,7.613822797608217,45.055491007686136,0.5913020099923738,0.09858658699061,6.303296903563976,47.611695270010856,0.6127419448534138,0.1417206794710261,0.2930914264487803,0.1995519686355796,-0.1305926234574162,1368.888888888889
2474,1374.4444444444443,0.29,0.174,0.152,0.128,0.118,0.11,0.114,0.11,0.102,0.094,0.258,0.196,0.184,0.154,0.156,0.14,0.15,0.146,0.7074047428073463,-0.706808693957334,0.8254942356435895,-0.5644105481998063,0.021549861444824,0.999767774771576,7.613822797608217,45.055491007686136,0.5913020099923738,0.09858658699061,6.303296903563976,47.611695270010856,0.5267442377677045,0.1417206794710261,0.2122214228422038,0.1650988471287179,0.0038789750600683,1374.4444444444443
2484,1380.0,0.27,0.178,0.158,0.128,0.128,0.116,0.106,0.104,0.106,0.102,0.238,0.156,0.14,0.116,0.12,0.108,0.104,0.098,-0.2125465940541934,-0.9771509327406702,0.2997309640962864,-0.9540237676084966,0.7544953561510288,0.6563053843650318,7.613822797608217,45.055491007686136,0.5913020099923738,0.09858658699061,6.303296903563976,47.611695270010856,0.5267442377677045,0.099366933242138,-0.063763978216258,0.0599461928192572,0.1358091641071852,1380.0
2494,1385.5555555555554,0.294,0.18,0.182,0.128,0.13,0.116,0.108,0.104,0.112,0.094,0.222,0.152,0.13,0.118,0.104,0.104,0.108,0.1,-0.9370835725511564,-0.3491051103246146,-0.354384742956268,-0.9350997026840612,0.993113969714682,-0.117152222162217,9.05776810324219,45.055491007686136,0.5913020099923738,0.09858658699061,6.303296903563976,47.611695270010856,0.5267442377677045,0.099366933242138,-0.2811250717653469,-0.0708769485912536,0.1787605145486427,1385.5555555555554
2504,1391.111111111111,0.294,0.188,0.176,0.138,0.132,0.12,0.106,0.102,0.102,0.096,0.226,0.158,0.136,0.106,0.106,0.102,0.104,0.11,-0.800070236026884,0.5999063405431603,-0.856743873902352,-0.5157421201829367,0.5810686298611447,-0.81385456157184,9.05776810324219,47.53707562817565,0.5913020099923738,0.09858658699061,6.303296903563976,47.611695270010856,0.5267442377677045,0.099366933242138,-0.2400210708080651,-0.1713487747804704,0.104592353375006,1391.111111111111
2514,1396.6666666666663,0.284,0.188,0.176,0.13,0.126,0.114,0.11,0.108,0.108,0.104,0.23,0.15,0.136,0.106,0.108,0.102,0.102,0.096,0.0725239857875905,0.9973666685254132,-0.9922234495408429,0.1244693784883279,-0.2116786469722948,-0.9773393220453062,9.05776810324219,47.53707562817565,0.5743447905548836,0.09858658699061,6.303296903563976,47.611695270010856,0.5267442377677045,0.099366933242138,0.0217571957362771,-0.1984446899081685,-0.038102156455013,1396.6666666666663
2524,1402.2222222222222,0.294,0.174,0.162,0.118,0.124,0.096,0.096,0.076,0.096,0.08,0.236,0.154,0.146,0.122,0.11,0.108,0.1,0.092,0.87843998953042,0.4778526810574525,-0.702807663774274,0.7113799180045407,-0.8657392579313393,-0.500495291962366,9.05776810324219,47.53707562817565,0.5743447905548836,0.0809282488421151,6.303296903563976,47.611695270010856,0.5267442377677045,0.099366933242138,0.263531996859126,-0.1405615327548548,-0.155833066427641,1402.2222222222222
2534,1407.7777777777776,0.292,0.182,0.158,0.124,0.106,0.104,0.096,0.094,0.09,0.092,0.254,0.162,0.148,0.12,0.108,0.102,0.108,0.1,0.8767223180325651,-0.4809968576442114,-0.1124317299323581,0.9936594517763202,-0.952588707460545,0.3042609972024809,9.05776810324219,47.53707562817565,0.5743447905548836,0.0809282488421151,6.64517333891428,47.611695270010856,0.5267442377677045,0.099366933242138,0.2630166954097695,-0.0224863459864716,-0.1714659673428981,1407.7777777777776
2544,1413.3333333333333,0.276,0.178,0.158,0.12,0.112,0.086,0.104,0.086,0.094,0.084,0.248,0.164,0.14,0.124,0.108,0.106,0.1,0.102,0.0689501905477056,-0.9976201036584192,0.5260903352523434,0.8504286913986834,-0.4153253630121202,0.9096729317940876,9.05776810324219,47.53707562817565,0.5743447905548836,0.0809282488421151,6.64517333891428,44.94819183233542,0.5267442377677045,0.099366933242138,0.0206850571643116,0.1052180670504686,-0.0747585653421816,1413.3333333333333
2554,1418.888888888889,0.266,0.166,0.166,0.114,0.12,0.09,0.092,0.088,0.084,0.092,0.24,0.174,0.138,0.12,0.112,0.1,0.104,0.094,-0.8022144241466499,-0.5970360271299036,0.9393271149177452,0.3430226977625611,0.3940489887254059,0.9190894376960737,9.05776810324219,47.53707562817565,0.5743447905548836,0.0809282488421151,6.64517333891428,44.94819183233542,0.5659704566564828,0.099366933242138,-0.2406643272439949,0.187865422983549,0.070928817970573,1418.888888888889
2564,1424.4444444444443,0.274,0.18,0.162,0.12,0.12,0.098,0.088,0.082,0.082,0.078,0.224,0.136,0.12,0.096,0.082,0.082,0.078,0.068,-0.9358267968819208,0.3524602193691143,0.950320091380108,-0.3112743547408031,0.945252092587098,0.3263410508344179,9.05776810324219,47.53707562817565,0.5743447905548836,0.0809282488421151,6.64517333891428,44.94819183233542,0.5659704566564828,0.0686138547207326,-0.2807480390645762,0.1900640182760216,0.1701453766656776,1424.4444444444443
2574,1430.0,0.234,0.15,0.122,0.1,0.09,0.088,0.084,0.09,0.078,0.08,0.228,0.142,0.124,0.092,0.084,0.074,0.07,0.078,-0.2090443283503611,0.977906165633772,0.5543617920342663,-0.8322757977573041,0.8771491728759988,-0.4802180010401018,6.660900672968236,47.53707562817565,0.5743447905548836,0.0809282488421151,6.64517333891428,44.94819183233542,0.5659704566564828,0.0686138547207326,-0.0627132985051083,0.1108723584068532,0.1578868511176797,1430.0
2584,1435.5555555555554,0.238,0.144,0.134,0.104,0.102,0.08,0.102,0.082,0.078,0.076,0.24,0.136,0.126,0.098,0.082,0.08,0.068,0.074,0.7099325316092474,0.7042696930600414,-0.0789883509377017,-0.9968755390800512,0.2343595948711843,-0.9721499782913202,6.660900672968236,55.05464272734011,0.5743447905548836,0.0809282488421151,6.64517333891428,44.94819183233542,0.5659704566564828,0.0686138547207326,0.2129797594827742,-0.0157976701875403,0.0421847270768131,1435.5555555555554
2594,1441.111111111111,0.256,0.156,0.134,0.108,0.102,0.084,0.088,0.096,0.084,0.082,0.24,0.148,0.126,0.082,0.072,0.082,0.072,0.072,0.9762006960288828,-0.2168690874069537,-0.6785136695376808,-0.7345877757290213,-0.5619766506565204,-0.8271530959362234,6.660900672968236,55.05464272734011,0.6158109148858508,0.0809282488421151,6.64517333891428,44.94819183233542,0.5659704566564828,0.0686138547207326,0.2928602088086648,-0.1357027339075361,-0.1011557971181736,1441.111111111111
2604,1446.6666666666663,0.222,0.116,0.092,0.068,0.062,0.056,0.034,0.048,0.046,0.052,0.236,0.146,0.112,0.1,0.084,0.076,0.078,0.076,0.3449544424997691,-0.9386194290550742,-0.9874821473676728,-0.1577308106557806,-0.9901195564516658,-0.1402257605861226,6.660900672968236,55.05464272734011,0.6158109148858508,0.0449540809335751,6.64517333891428,44.94819183233542,0.5659704566564828,0.0686138547207326,0.1034863327499307,-0.1974964294735345,-0.1782215201612998,1446.6666666666663
2614,1452.2222222222222,0.218,0.098,0.102,0.066,0.058,0.054,0.054,0.05,0.052,0.052,0.214,0.142,0.122,0.09,0.084,0.082,0.08,0.076,-0.6034413346247149,-0.7974073962952329,-0.8735856101841685,0.4866705062762217,-0.7695603750718546,0.6385740592282672,6.660900672968236,55.05464272734011,0.6158109148858508,0.0449540809335751,6.232639717053009,44.94819183233542,0.5659704566564828,0.0686138547207326,-0.1810324003874144,-0.1747171220368337,-0.1385208675129338,1452.2222222222222
2624,1457.7777777777776,0.212,0.112,0.098,0.068,0.068,0.05,0.05,0.044,0.042,0.052,0.196,0.126,0.11,0.084,0.078,0.072,0.08,0.074,-0.9970359316075316,0.0769373191858264,-0.385597457115901,0.922667112812498,-0.0448040810672564,0.9989957929439536,6.660900672968236,55.05464272734011,0.6158109148858508,0.0449540809335751,6.232639717053009,55.26361902802962,0.5659704566564828,0.0686138547207326,-0.2991107794822594,-0.0771194914231802,-0.0080647345921061,1457.7777777777776
2634,1463.3333333333333,0.22,0.112,0.096,0.072,0.068,0.042,0.046,0.05,0.042,0.046,0.198,0.124,0.106,0.086,0.072,0.078,0.076,0.07,-0.4739602911371612,0.8805462182220631,0.267513351513406,0.9635541535181428,0.7093067496828089,0.704899946697692,6.660900672968236,55.05464272734011,0.6158109148858508,0.0449540809335751,6.232639717053009,55.26361902802962,0.5262157976582641,0.0686138547207326,-0.1421880873411483,0.0535026703026812,0.1276752149429056,1463.3333333333333
2644,1468.888888888889,0.22,0.112,0.102,0.064,0.052,0.052,0.06,0.05,0.056,0.04,0.162,0.08,0.068,0.036,0.036,0.026,0.022,0.016,0.4848722552248454,0.8745849850718753,0.806068127200167,0.5918227558247616,0.9986971676622264,-0.0510290829179463,6.660900672968236,55.05464272734011,0.6158109148858508,0.0449540809335751,6.232639717053009,55.26361902802962,0.5262157976582641,0.0199809963524517,0.1454616765674536,0.1612136254400334,0.1797654901792007,1468.888888888889
2654,1474.4444444444443,0.226,0.11,0.098,0.066,0.056,0.054,0.048,0.052,0.048,0.06,0.172,0.082,0.068,0.036,0.026,0.026,0.028,0.018,0.9979154862360996,0.0645343500019103,0.9994439934564908,-0.0333422246369631,0.6337656576514799,-0.7735251070143665,6.818189586583285,55.05464272734011,0.6158109148858508,0.0449540809335751,6.232639717053009,55.26361902802962,0.5262157976582641,0.0199809963524517,0.2993746458708298,0.1998887986912982,0.1140778183772663,1474.4444444444443
2664,1480.0,0.244,0.148,0.12,0.074,0.07,0.056,0.058,0.046,0.054,0.046,0.178,0.082,0.058,0.036,0.022,0.02,0.02,0.018,0.5934798213249355,-0.8048488688444078,0.7648324774348176,-0.6442292150010889,-0.1463935914938251,-0.9892264232063048,6.818189586583285,41.62524622231981,0.6158109148858508,0.0449540809335751,6.232639717053009,55.26361902802962,0.5262157976582641,0.0199809963524517,0.1780439463974806,0.1529664954869635,-0.0263508464688885,1480.0
2674,1485.5555555555554,0.262,0.148,0.124,0.082,0.066,0.06,0.052,0.038,0.044,0.04,0.164,0.074,0.066,0.038,0.03,0.028,0.03,0.016,-0.3565984543400042,-0.9342577494258852,0.2027002078324825,-0.9792408415424004,-0.8306393444029604,-0.5568108112544333,6.818189586583285,41.62524622231981,0.6812784730800514,0.0449540809335751,6.232639717053009,55.26361902802962,0.5262157976582641,0.0199809963524517,-0.1069795363020012,0.0405400415664965,-0.1495150819925328,1485.5555555555554
2684,1491.111111111111,0.262,0.152,0.11,0.074,0.064,0.05,0.044,0.052,0.038,0.044,0.166,0.084,0.054,0.026,0.03,0.03,0.026,0.018,-0.9788217556227158,-0.2047143637355829,-0.4462334552500214,-0.8949165902002416,-0.9706705396935172,0.2404136089556832,6.818189586583285,41.62524622231981,0.6812784730800514,0.0403866449510085,6.232639717053009,55.26361902802962,0.5262157976582641,0.0199809963524517,-0.2936465266868147,-0.0892466910500042,-0.174720697144833,1491.111111111111
2694,1496.6666666666663,0.26,0.146,0.108,0.084,0.07,0.056,0.05,0.046,0.048,0.038,0.172,0.078,0.066,0.044,0.034,0.018,0.018,0.018,-0.7011208488537569,0.7130424638845763,-0.904078583459432,-0.4273662538502389,-0.4747421673183011,0.8801249198664484,6.818189586583285,41.62524622231981,0.6812784730800514,0.0403866449510085,6.9192317376205805,55.26361902802962,0.5262157976582641,0.0199809963524517,-0.210336254656127,-0.1808157166918864,-0.0854535901172942,1496.6666666666663
2704,1502.2222222222222,0.26,0.138,0.12,0.082,0.066,0.05,0.038,0.052,0.05,0.052,0.178,0.094,0.072,0.032,0.03,0.028,0.028,0.026,0.221187332966891,0.9752313385730556,-0.974774227714062,0.2231932010264964,0.3322256475187913,0.943199935925952,6.818189586583285,41.62524622231981,0.6812784730800514,0.0403866449510085,6.9192317376205805,56.65588620004135,0.5262157976582641,0.0199809963524517,0.0663561998900673,-0.1949548455428124,0.0598006165533824,1502.2222222222222
2714,1507.7777777777776,0.272,0.144,0.116,0.084,0.062,0.056,0.058,0.05,0.042,0.042,0.218,0.098,0.082,0.046,0.042,0.026,0.02,0.024,0.9401369009154276,0.3407970180872124,-0.6280467119288955,0.7781756406077633,0.9215273536984356,0.3883134512034811,6.818189586583285,41.62524622231981,0.6812784730800514,0.0403866449510085,6.9192317376205805,56.65588620004135,0.6239846919423603,0.0199809963524517,0.2820410702746282,-0.1256093423857791,0.1658749236657184,1507.7777777777776
2724,1513.3333333333333,0.268,0.156,0.12,0.076,0.068,0.048,0.05,0.038,0.032,0.042,0.218,0.104,0.088,0.054,0.046,0.04,0.034,0.022,0.7947289378257734,-0.6069645091620415,-0.012373592441489,0.9999234441746488,0.9070669042497792,-0.420986497663193,6.818189586583285,41.62524622231981,0.6812784730800514,0.0403866449510085,6.9192317376205805,56.65588620004135,0.6239846919423603,0.0280715079811078,0.238418681347732,-0.0024747184882978,0.1632720427649602,1513.3333333333333
2734,1518.888888888889,0.288,0.162,0.136,0.084,0.074,0.056,0.042,0.034,0.048,0.04,0.222,0.094,0.084,0.048,0.048,0.046,0.038,0.04,-0.0813491456206217,-0.9966856658479616,0.608598214589271,0.7934785524503807,0.298318431541666,-0.9544664024482582,7.791402919605084,41.62524622231981,0.6812784730800514,0.0403866449510085,6.9192317376205805,56.65588620004135,0.6239846919423603,0.0280715079811078,-0.0244047436861865,0.1217196429178542,0.0536973176774998,1518.888888888889
2744,1524.4444444444443,0.25,0.12,0.104,0.068,0.066,0.044,0.048,0.044,0.05,0.048,0.208,0.102,0.094,0.036,0.036,0.03,0.028,0.03,-0.8826351997442234,-0.4700586178047103,0.968952759996103,0.2472459279663356,-0.5058809722412083,-0.8626032934810125,7.791402919605084,57.678449294442935,0.6812784730800514,0.0403866449510085,6.9192317376205805,56.65588620004135,0.6239846919423603,0.0280715079811078,-0.264790559923267,0.1937905519992206,-0.0910585750034174,1524.4444444444443
2754,1530.0,0.21,0.118,0.1,0.07,0.066,0.052,0.046,0.038,0.042,0.044,0.206,0.102,0.088,0.058,0.048,0.034,0.028,0.03,-0.8724305217037582,0.4887381556618105,0.9143770461619306,-0.4048637023149675,-0.9786395511089448,-0.2055836301977445,7.791402919605084,57.678449294442935,0.5750748034038927,0.0403866449510085,6.9192317376205805,56.65588620004135,0.6239846919423603,0.0280715079811078,-0.2617291565111274,0.1828754092323861,-0.17615511919961,1530.0
2764,1535.5555555555554,0.26,0.176,0.168,0.122,0.122,0.11,0.116,0.104,0.116,0.104,0.208,0.086,0.082,0.052,0.048,0.032,0.036,0.028,-0.0601172454282891,0.99819132274435,0.4682417842549087,-0.8836003799669733,-0.8102174611779797,0.586129393225002,7.791402919605084,57.678449294442935,0.5750748034038927,0.10663223297948,6.9192317376205805,56.65588620004135,0.6239846919423603,0.0280715079811078,-0.0180351736284867,0.0936483568509817,-0.1458391430120363,1535.5555555555554
2774,1541.111111111111,0.274,0.166,0.162,0.126,0.122,0.11,0.11,0.106,0.104,0.116,0.196,0.114,0.082,0.054,0.046,0.036,0.032,0.024,0.8074675490490059,0.5899119910908671,-0.1784065397431118,-0.9839568621524468,-0.1109607314229963,0.9938247914406612,7.791402919605084,57.678449294442935,0.5750748034038927,0.10663223297948,6.290423126509404,56.65588620004135,0.6239846919423603,0.0280715079811078,0.2422402647147017,-0.0356813079486223,-0.0199729316561393,1541.111111111111
2784,1546.6666666666663,0.272,0.166,0.164,0.134,0.126,0.122,0.108,0.1,0.114,0.112,0.212,0.1,0.088,0.054,0.04,0.03,0.026,0.032,0.932670402758092,-0.3607297046530244,-0.7486566379017265,-0.6629579462723734,0.6609947523355292,0.7503905232509885,7.791402919605084,57.678449294442935,0.5750748034038927,0.10663223297948,6.290423126509404,54.54649553477088,0.6239846919423603,0.0280715079811078,0.2798011208274276,-0.1497313275803453,0.1189790554203952,1546.6666666666663
2794,1552.2222222222222,0.27,0.17,0.158,0.126,0.13,0.118,0.112,0.112,0.108,0.112,0.222,0.094,0.092,0.04,0.046,0.034,0.026,0.028,0.2003803894013216,-0.9797181735291912,-0.9983128891030316,-0.0580635466601739,0.9998826609131016,0.0153187599150694,7.791402919605084,57.678449294442935,0.5750748034038927,0.10663223297948,6.290423126509404,54.54649553477088,0.6552947048130493,0.0280715079811078,0.0601141168203964,-0.1996625778206063,0.1799788789643583,1552.2222222222222
2804,1557.7777777777776,0.266,0.168,0.148,0.13,0.122,0.116,0.104,0.102,0.11,0.106,0.268,0.186,0.174,0.14,0.14,0.13,0.128,0.126,-0.7161384298695125,-0.6979582718644642,-0.8204661257292739,0.5716951430008788,0.6836719353531114,-0.7297894797888848,7.791402919605084,57.678449294442935,0.5750748034038927,0.10663223297948,6.290423126509404,54.54649553477088,0.6552947048130493,0.1238650172553198,-0.2148415289608537,-0.1640932251458547,0.12306094836356,1557.7777777777776
2814,1563.3333333333333,0.272,0.176,0.16,0.134,0.128,0.12,0.102,0.112,0.102,0.106,0.268,0.182,0.164,0.136,0.126,0.12,0.132,0.118,-0.974242879359895,0.2255012461529674,-0.2912748631162846,0.9566394065250446,-0.0804639003782985,-0.9967575235411624,8.557443169392675,57.678449294442935,0.5750748034038927,0.10663223297948,6.290423126509404,54.54649553477088,0.6552947048130493,0.1238650172553198,-0.2922728638079684,-0.0582549726232569,-0.0144835020680937,1563.3333333333333
2824,1568.888888888889,0.288,0.188,0.178,0.142,0.128,0.12,0.122,0.12,0.108,0.114,0.276,0.178,0.174,0.144,0.142,0.132,0.12,0.122,-0.3366329185180217,0.9416359584096388,0.3626477171139957,0.9319263024896376,-0.7918817589952256,-0.6106744466330873,8.557443169392675,47.41465589652505,0.5750748034038927,0.10663223297948,6.290423126509404,54.54649553477088,0.6552947048130493,0.1238650172553198,-0.1009898755554065,0.0725295434227991,-0.1425387166191406,1568.888888888889
2834,1574.4444444444443,0.27,0.182,0.174,0.132,0.132,0.114,0.12,0.108,0.108,0.104,0.282,0.196,0.166,0.146,0.142,0.132,0.128,0.13,0.6104757951470775,0.7920349130811997,0.8612753051757521,0.5081386116941077,-0.9844780808505312,0.1755075734116769,8.557443169392675,47.41465589652505,0.5128424000332207,0.10663223297948,6.290423126509404,54.54649553477088,0.6552947048130493,0.1238650172553198,0.1831427385441232,0.1722550610351504,-0.1772060545530956,1574.4444444444443
2844,1580.0,0.26,0.154,0.14,0.11,0.108,0.09,0.088,0.076,0.082,0.086,0.288,0.192,0.168,0.138,0.144,0.128,0.13,0.128,0.9963158781073258,-0.0857593786779512,0.991082863604814,-0.1332469792110927,-0.5320684721953269,0.8467013292157575,8.557443169392675,47.41465589652505,0.5128424000332207,0.0778164351090442,6.290423126509404,54.54649553477088,0.6552947048130493,0.1238650172553198,0.2988947634321977,0.1982165727209628,-0.0957723249951588,1580.0
2854,1585.5555555555554,0.25,0.16,0.15,0.104,0.104,0.09,0.078,0.086,0.08,0.076,0.318,0.208,0.196,0.154,0.152,0.128,0.124,0.124,0.4661477374817293,-0.8847068931802582,0.6964834885869465,-0.7175728186921217,0.268939370061127,0.9631571082804322,8.557443169392675,47.41465589652505,0.5128424000332207,0.0778164351090442,8.272379719146606,54.54649553477088,0.6552947048130493,0.1238650172553198,0.1398443212445188,0.1392966977173893,0.0484090866110028,1585.5555555555554
2864,1591.111111111111,0.254,0.158,0.146,0.112,0.098,0.082,0.092,0.08,0.076,0.084,0.318,0.224,0.198,0.152,0.152,0.134,0.134,0.134,-0.4925944832340822,-0.8702589701274831,0.1036321384391341,-0.9946156945687776,0.8937447228854826,0.4485759359510404,8.557443169392675,47.41465589652505,0.5128424000332207,0.0778164351090442,8.272379719146606,43.81676406979354,0.6552947048130493,0.1238650172553198,-0.1477783449702246,0.0207264276878268,0.1608740501193868,1591.111111111111
2874,1596.6666666666663,0.242,0.16,0.14,0.11,0.1,0.098,0.084,0.086,0.08,0.076,0.28,0.19,0.18,0.152,0.146,0.13,0.128,0.13,-0.9984476077803784,-0.0556989633443915,-0.5335971337741682,-0.8457387887687264,0.9329904194445218,-0.3599012048114529,8.557443169392675,47.41465589652505,0.5128424000332207,0.0778164351090442,8.272379719146606,43.81676406979354,0.5532474453225887,0.1238650172553198,-0.2995342823341135,-0.1067194267548336,0.1679382755000139,1596.6666666666663
2884,1602.2222222222222,0.246,0.15,0.146,0.1,0.104,0.088,0.084,0.084,0.082,0.076,0.262,0.164,0.156,0.116,0.108,0.096,0.094,0.084,-0.5863326063104505,0.8100704134686035,-0.9423265180795638,-0.3346949855077687,0.3609636404078972,-0.9325798895019548,8.557443169392675,47.41465589652505,0.5128424000332207,0.0778164351090442,8.272379719146606,43.81676406979354,0.5532474453225887,0.0804180063569058,-0.1758997818931351,-0.1884653036159127,0.0649734552734215,1602.2222222222222
2894,1607.7777777777776,0.252,0.152,0.152,0.106,0.11,0.08,0.092,0.078,0.086,0.08,0.272,0.172,0.142,0.12,0.112,0.1,0.086,0.086,0.3648538893899531,0.9310647879696792,-0.947527678327889,0.3196737380557881,-0.4475576764864096,-0.8942550677620376,8.794661001273342,47.41465589652505,0.5128424000332207,0.0778164351090442,8.272379719146606,43.81676406979354,0.5532474453225887,0.0804180063569058,0.1094561668169859,-0.1895055356655778,-0.0805603817675537,1607.7777777777776
2904,1613.3333333333333,0.262,0.15,0.146,0.1,0.102,0.086,0.08,0.082,0.09,0.076,0.282,0.174,0.158,0.116,0.106,0.1,0.094,0.096,0.9805954017951524,0.196042490236693,-0.5469733451833293,0.8371500221937276,-0.962850163613534,-0.2700362242910951,8.794661001273342,57.93173461518359,0.5128424000332207,0.0778164351090442,8.272379719146606,43.81676406979354,0.5532474453225887,0.0804180063569058,0.2941786205385456,-0.1093946690366658,-0.1733130294504361,1613.3333333333333
2914,1618.8888888888887,0.242,0.148,0.142,0.108,0.096,0.088,0.094,0.082,0.076,0.082,0.272,0.172,0.158,0.12,0.098,0.098,0.088,0.08,0.6947820240372783,-0.7192203689236442,0.0878089103996211,0.9961373375466012,-0.8473068019758317,0.5311037406434722,8.794661001273342,57.93173461518359,0.5251483035068338,0.0778164351090442,8.272379719146606,43.81676406979354,0.5532474453225887,0.0804180063569058,0.2084346072111834,0.0175617820799242,-0.1525152243556497,1618.8888888888887
2924,1624.4444444444443,0.202,0.102,0.094,0.054,0.056,0.034,0.034,0.03,0.034,0.034,0.264,0.168,0.15,0.11,0.106,0.098,0.084,0.08,-0.2298107424690028,-0.9732353377502512,0.6849891533148638,0.728553264930565,-0.1766287726732963,0.9842775404650485,8.794661001273342,57.93173461518359,0.5251483035068338,0.0276405319299744,8.272379719146606,43.81676406979354,0.5532474453225887,0.0804180063569058,-0.0689432227407008,0.1369978306629727,-0.0317931790811933,1624.4444444444443
2934,1630.0,0.204,0.102,0.086,0.052,0.052,0.034,0.032,0.034,0.026,0.028,0.254,0.166,0.152,0.106,0.1,0.09,0.088,0.084,-0.9431165721758212,-0.3324622253539928,0.9888395883214692,0.1489841218661469,0.6097721031700973,0.7925767989258304,8.794661001273342,57.93173461518359,0.5251483035068338,0.0276405319299744,8.39861091416443,43.81676406979354,0.5532474453225887,0.0804180063569058,-0.2829349716527463,0.1977679176642938,0.1097589785706175,1630.0
2944,1635.5555555555554,0.196,0.094,0.088,0.056,0.05,0.038,0.036,0.026,0.036,0.032,0.254,0.16,0.146,0.106,0.096,0.084,0.088,0.088,-0.7893253748290663,0.6139751238046652,0.8692437175126422,-0.4943838180652781,0.9966652292169604,0.0815991474827019,8.794661001273342,57.93173461518359,0.5251483035068338,0.0276405319299744,8.39861091416443,52.8904324604695,0.5532474453225887,0.0804180063569058,-0.2367976124487198,0.1738487435025284,0.1793997412590528,1635.5555555555554
2954,1641.111111111111,0.212,0.102,0.098,0.058,0.054,0.038,0.032,0.036,0.02,0.032,0.292,0.17,0.158,0.112,0.104,0.09,0.096,0.082,0.090167931975027,0.9959265756286187,0.3774155398856996,-0.9260440109696656,0.730567703584569,-0.6828402671775949,8.794661001273342,57.93173461518359,0.5251483035068338,0.0276405319299744,8.39861091416443,52.8904324604695,0.6441945583619955,0.0804180063569058,0.0270503795925081,0.0754831079771399,0.1315021866452224,1641.111111111111
2964,1646.6666666666663,0.218,0.106,0.1,0.056,0.048,0.042,0.03,0.04,0.026,0.036,0.344,0.23,0.218,0.176,0.172,0.158,0.162,0.152,0.8867612579520385,0.4622277267703855,-0.2760315878817869,-0.9611485642144296,-0.0141798911731574,-0.999899460289042,8.794661001273342,57.93173461518359,0.5251483035068338,0.0276405319299744,8.39861091416443,52.8904324604695,0.6441945583619955,0.149515674754697,0.2660283773856115,-0.0552063175763573,-0.0025523804111683,1646.6666666666663
2974,1652.2222222222222,0.234,0.102,0.106,0.052,0.062,0.048,0.036,0.03,0.032,0.03,0.34,0.234,0.218,0.176,0.168,0.16,0.142,0.156,0.8680703728770103,-0.4964411624081633,-0.8112749568623606,-0.5846648136906949,-0.7496371684737427,-0.6618490127231962,9.405375867810818,57.93173461518359,0.5251483035068338,0.0276405319299744,8.39861091416443,52.8904324604695,0.6441945583619955,0.149515674754697,0.260421111863103,-0.1622549913724721,-0.1349346903252737,1652.2222222222222
2984,1657.7777777777776,0.226,0.11,0.104,0.062,0.058,0.046,0.05,0.026,0.034,0.034,0.32,0.23,0.222,0.17,0.172,0.16,0.156,0.14,0.0512795902904904,-0.998684336324366,-0.999109719289216,0.0421873064063614,-0.993950530229856,0.1098287005103319,9.405375867810818,56.860501336831724,0.5251483035068338,0.0276405319299744,8.39861091416443,52.8904324604695,0.6441945583619955,0.149515674754697,0.0153838770871471,-0.1998219438578432,-0.178911095441374,1657.7777777777776
2994,1663.3333333333333,0.268,0.122,0.13,0.062,0.066,0.038,0.042,0.032,0.03,0.034,0.334,0.226,0.216,0.18,0.166,0.156,0.162,0.152,-0.8126574111211593,-0.5827417370927321,-0.7591002441532891,0.6509737470331787,-0.5870518446050694,0.8095493386729344,9.405375867810818,56.860501336831724,0.6554231618106363,0.0276405319299744,8.39861091416443,52.8904324604695,0.6441945583619955,0.149515674754697,-0.2437972233363478,-0.1518200488306578,-0.1056693320289124,1663.3333333333333
3004,1668.8888888888887,0.294,0.148,0.152,0.094,0.092,0.072,0.072,0.058,0.062,0.068,0.33,0.234,0.21,0.176,0.174,0.164,0.16,0.162,-0.9294409365096808,0.3689709277707491,-0.1940247037762746,0.9809966433808676,0.2044688337818821,0.9788730745157296,9.405375867810818,56.860501336831724,0.6554231618106363,0.0592528822809655,8.39861091416443,52.8904324604695,0.6441945583619955,0.149515674754697,-0.2788322809529042,-0.0388049407552549,0.0368043900807387,1668.8888888888887
3014,1674.4444444444443,0.288,0.166,0.152,0.102,0.09,0.066,0.08,0.062,0.066,0.054,0.318,0.228,0.212,0.174,0.166,0.156,0.154,0.148,-0.1917007512076882,0.9814534232384172,0.4541371582056964,0.8909317827627737,0.8620265393416938,0.5068631427422822,9.405375867810818,56.860501336831724,0.6554231618106363,0.0592528822809655,7.923687331829445,52.8904324604695,0.6441945583619955,0.149515674754697,-0.0575102253623064,0.0908274316411392,0.1551647770815049,1674.4444444444443
3024,1680.0,0.292,0.16,0.144,0.094,0.094,0.076,0.07,0.056,0.07,0.056,0.332,0.242,0.23,0.18,0.172,0.16,0.162,0.15,0.7222882206813438,0.6915921675850432,0.9078259183348962,0.4193472332082355,0.9548055657739246,-0.2972311080071123,9.405375867810818,56.860501336831724,0.6554231618106363,0.0592528822809655,7.923687331829445,43.68891284893158,0.6441945583619955,0.149515674754697,0.2166864662044031,0.1815651836669792,0.1718650018393064,1680.0
3034,1685.5555555555554,0.284,0.162,0.148,0.102,0.092,0.064,0.074,0.058,0.062,0.056,0.354,0.236,0.234,0.184,0.17,0.16,0.164,0.154,0.9722087334787266,-0.2341157375053851,0.9727604902393402,-0.2318124859219592,0.4220193669483528,-0.9065868154349652,9.405375867810818,56.860501336831724,0.6554231618106363,0.0592528822809655,7.923687331829445,43.68891284893158,0.6518988930561611,0.149515674754697,0.291662620043618,0.194552098047868,0.0759634860507035,1685.5555555555554
3044,1691.111111111111,0.29,0.164,0.158,0.1,0.092,0.072,0.074,0.06,0.066,0.058,0.32,0.204,0.188,0.156,0.148,0.128,0.122,0.12,0.3282850202860699,-0.9445787132133427,0.6211342357975977,-0.7837041923584014,-0.3872635866213986,-0.9219690420383596,9.405375867810818,56.860501336831724,0.6554231618106363,0.0592528822809655,7.923687331829445,43.68891284893158,0.6518988930561611,0.1136535996777583,0.0984855060858209,0.1242268471595195,-0.0697074455918517,1691.111111111111
3054,1696.6666666666663,0.274,0.144,0.136,0.092,0.086,0.074,0.07,0.058,0.058,0.06,0.312,0.204,0.194,0.146,0.142,0.116,0.122,0.116,-0.6174624265936747,-0.7866003761409289,0.003522476052146,-0.9999937960619866,-0.9428209216118688,-0.3332997296292728,8.708144683631101,56.860501336831724,0.6554231618106363,0.0592528822809655,7.923687331829445,43.68891284893158,0.6518988930561611,0.1136535996777583,-0.1852387279781024,0.0007044952104292,-0.1697077658901364,1696.6666666666663
3064,1702.2222222222222,0.282,0.158,0.146,0.096,0.102,0.072,0.072,0.07,0.058,0.062,0.304,0.202,0.184,0.138,0.134,0.132,0.124,0.12,-0.9955177660370688,0.0945747191619629,-0.6155976976860285,-0.7880605780037859,-0.8806650767175864,0.4737394037337485,8.708144683631101,48.89598048853558,0.6554231618106363,0.0592528822809655,7.923687331829445,43.68891284893158,0.6518988930561611,0.1136535996777583,-0.2986553298111206,-0.1231195395372057,-0.1585197138091655,1702.2222222222222
3074,1707.7777777777776,0.262,0.148,0.144,0.092,0.092,0.072,0.062,0.074,0.064,0.054,0.308,0.22,0.182,0.154,0.144,0.128,0.122,0.124,-0.4582986624513802,0.8887982538210096,-0.9711032528022974,-0.2386597418853823,-0.2415190394305999,0.970396080779658,8.708144683631101,48.89598048853558,0.5756360657581642,0.0592528822809655,7.923687331829445,43.68891284893158,0.6518988930561611,0.1136535996777583,-0.137489598735414,-0.1942206505604594,-0.0434734270975079,1707.7777777777776
3084,1713.3333333333333,0.27,0.158,0.142,0.1,0.092,0.076,0.078,0.07,0.074,0.07,0.318,0.206,0.188,0.154,0.14,0.13,0.12,0.118,0.5002781178395388,0.8658647728201723,-0.9107576528667236,0.4129412763876924,0.5558643581329249,0.8312730089191345,8.708144683631101,48.89598048853558,0.5756360657581642,0.0629656398554912,7.923687331829445,43.68891284893158,0.6518988930561611,0.1136535996777583,0.1500834353518616,-0.1821515305733447,0.1000555844639264,1713.3333333333333
3094,1718.8888888888887,0.278,0.164,0.144,0.098,0.096,0.084,0.068,0.078,0.06,0.056,0.286,0.192,0.172,0.146,0.134,0.126,0.116,0.116,0.9989015037395316,0.0468592128284544,-0.460402421283857,0.8877103190095076,0.9890590403465114,0.1475202179663454,8.708144683631101,48.89598048853558,0.5756360657581642,0.0629656398554912,6.10001770533374,43.68891284893158,0.6518988930561611,0.1136535996777583,0.2996704511218594,-0.0920804842567714,0.178030627262372,1718.8888888888887
3104,1724.4444444444443,0.266,0.156,0.136,0.106,0.088,0.076,0.066,0.06,0.072,0.064,0.272,0.184,0.16,0.128,0.124,0.112,0.126,0.122,0.5791394537717035,-0.8152284913354126,0.1871088574310284,0.9823391855519432,0.7742464595671672,-0.6328842072983863,8.708144683631101,48.89598048853558,0.5756360657581642,0.0629656398554912,6.10001770533374,56.88640232822986,0.6518988930561611,0.1136535996777583,0.173741836131511,0.0374217714862057,0.1393643627220901,1724.4444444444443
3114,1730.0,0.27,0.158,0.136,0.104,0.08,0.072,0.082,0.066,0.066,0.068,0.254,0.162,0.154,0.126,0.134,0.118,0.112,0.116,-0.3730807391553991,-0.9277988801843108,0.7544953561510288,0.6563053843650318,0.0521665583552947,-0.998638398114835,8.708144683631101,48.89598048853558,0.5756360657581642,0.0629656398554912,6.10001770533374,56.88640232822986,0.6084739755109543,0.1136535996777583,-0.1119242217466197,0.1508990712302057,0.009389980503953,1730.0
3124,1735.5555555555554,0.25,0.14,0.136,0.098,0.09,0.068,0.074,0.072,0.068,0.058,0.204,0.116,0.098,0.076,0.072,0.072,0.056,0.062,-0.9822922210530184,-0.1873552573554535,0.9987877199978736,0.0492248959516351,-0.704091594427583,-0.7101091653094079,8.708144683631101,48.89598048853558,0.5756360657581642,0.0629656398554912,6.10001770533374,56.88640232822986,0.6084739755109543,0.0581277958502597,-0.2946876663159055,0.1997575439995747,-0.1267364869969649,1735.5555555555554
3134,1741.111111111111,0.256,0.138,0.136,0.09,0.086,0.076,0.068,0.074,0.062,0.068,0.21,0.114,0.1,0.072,0.074,0.054,0.064,0.06,-0.6883887649871538,0.7253419250529098,0.815373734582545,-0.5789349470820649,-0.9990461764534514,0.0436662033355244,8.153692058451325,48.89598048853558,0.5756360657581642,0.0629656398554912,6.10001770533374,56.88640232822986,0.6084739755109543,0.0581277958502597,-0.2065166294961461,0.163074746916509,-0.1798283117616212,1741.111111111111
3144,1746.6666666666663,0.25,0.154,0.128,0.082,0.084,0.076,0.07,0.066,0.07,0.062,0.218,0.11,0.098,0.068,0.054,0.062,0.058,0.062,0.2384161469404473,0.9711630866533544,0.2827959415632032,-0.9591800954124212,-0.6394501684757267,0.7688325448602997,8.153692058451325,54.43280437039324,0.5756360657581642,0.0629656398554912,6.10001770533374,56.88640232822986,0.6084739755109543,0.0581277958502597,0.0715248440821342,0.0565591883126406,-0.1151010303256308,1746.6666666666663
3154,1752.2222222222222,0.256,0.134,0.132,0.08,0.08,0.076,0.074,0.072,0.056,0.064,0.224,0.122,0.114,0.072,0.062,0.068,0.062,0.06,0.9460223528833958,0.324101385132745,-0.370882278834638,-0.9286798884688016,0.1390979309253268,0.9902786302916432,8.153692058451325,54.43280437039324,0.5762921738796791,0.0629656398554912,6.10001770533374,56.88640232822986,0.6084739755109543,0.0581277958502597,0.2838067058650187,-0.0741764557669276,0.0250376275665588,1752.2222222222222
3164,1757.7777777777776,0.296,0.186,0.186,0.148,0.144,0.138,0.128,0.124,0.138,0.112,0.218,0.118,0.1,0.064,0.068,0.064,0.06,0.062,0.783859970390956,-0.6209376352087942,-0.8657392579313535,-0.5004952919623413,0.8265124722373806,0.5629184072634801,8.153692058451325,54.43280437039324,0.5762921738796791,0.1245961010117987,6.10001770533374,56.88640232822986,0.6084739755109543,0.0581277958502597,0.2351579911172868,-0.1731478515862707,0.1487722450027284,1757.7777777777776
3174,1763.3333333333333,0.288,0.194,0.18,0.146,0.138,0.122,0.136,0.126,0.128,0.116,0.27,0.146,0.124,0.088,0.08,0.072,0.064,0.058,-0.0989796539234652,-0.9950894573399875,-0.989864629090824,0.1420141404046987,0.9724162815141844,-0.2332521713642262,8.153692058451325,54.43280437039324,0.5762921738796791,0.1245961010117987,8.758390038916161,56.88640232822986,0.6084739755109543,0.0581277958502597,-0.0296938961770395,-0.1979729258181648,0.1750349306725531,1763.3333333333333
3184,1768.8888888888887,0.276,0.196,0.186,0.148,0.15,0.126,0.13,0.116,0.122,0.124,0.264,0.144,0.14,0.088,0.09,0.072,0.066,0.068,-0.8908178408887134,-0.4543606214829481,-0.6901047458610126,0.7237094995508261,0.481216755834355,-0.8766016392320167,8.153692058451325,54.43280437039324,0.5762921738796791,0.1245961010117987,8.758390038916161,47.74864594621289,0.6084739755109543,0.0581277958502597,-0.267245352266614,-0.1380209491722025,0.0866190160501839,1768.8888888888887
3194,1774.4444444444443,0.282,0.186,0.18,0.144,0.146,0.124,0.136,0.122,0.122,0.124,0.238,0.14,0.128,0.086,0.082,0.086,0.062,0.052,-0.8636422131578337,0.5041052743741519,-0.0948244276569502,0.995494011995819,-0.3252642041522769,-0.9456231794415711,8.153692058451325,54.43280437039324,0.5762921738796791,0.1245961010117987,8.758390038916161,47.74864594621289,0.5275632308699862,0.0581277958502597,-0.2590926639473501,-0.01896488553139,-0.0585475567474098,1774.4444444444443
3204,1780.0,0.276,0.194,0.178,0.142,0.146,0.132,0.136,0.124,0.126,0.13,0.276,0.182,0.184,0.14,0.14,0.122,0.12,0.128,-0.0424379175397685,0.9990991057722391,0.5410621264489105,0.840982624863667,-0.9186400227022308,-0.3950955690584813,8.153692058451325,54.43280437039324,0.5762921738796791,0.1245961010117987,8.758390038916161,47.74864594621289,0.5275632308699862,0.1140559943985273,-0.0127313752619305,0.1082124252897821,-0.1653552040864015,1780.0
3214,1785.5555555555554,0.312,0.198,0.208,0.158,0.158,0.138,0.13,0.136,0.134,0.136,0.284,0.2,0.178,0.142,0.146,0.132,0.118,0.116,0.8177836037519086,0.5755258269048761,0.9452520925871074,0.3263410508343911,-0.9101453941871293,0.4142889830057701,9.57743634799554,54.43280437039324,0.5762921738796791,0.1245961010117987,8.758390038916161,47.74864594621289,0.5275632308699862,0.1140559943985273,0.2453350811255725,0.1890504185174215,-0.1638261709536832,1785.5555555555554
3224,1791.111111111111,0.334,0.244,0.216,0.166,0.154,0.142,0.144,0.132,0.134,0.128,0.282,0.194,0.184,0.142,0.15,0.128,0.126,0.114,0.9261386511563596,-0.3771832430454441,0.9446610291250056,-0.3280480758250003,-0.3053457911922464,0.9522415385820874,9.57743634799554,42.95976297524129,0.5762921738796791,0.1245961010117987,8.758390038916161,47.74864594621289,0.5275632308699862,0.1140559943985273,0.2778415953469079,0.1889322058250011,-0.0549622424146043,1791.111111111111
3234,1796.6666666666663,0.36,0.24,0.224,0.164,0.164,0.152,0.14,0.14,0.136,0.132,0.276,0.184,0.182,0.142,0.13,0.122,0.124,0.114,0.1830060937949038,-0.9831117788094754,0.5395420444964559,-0.8419586582609531,0.4995088968333801,0.8663087567283962,9.57743634799554,42.95976297524129,0.642535135212293,0.1245961010117987,8.758390038916161,47.74864594621289,0.5275632308699862,0.1140559943985273,0.0549018281384711,0.1079084088992912,0.0899116014300084,1796.6666666666663
3244,1802.2222222222224,0.344,0.232,0.216,0.172,0.164,0.14,0.136,0.146,0.13,0.138,0.264,0.186,0.17,0.144,0.136,0.122,0.114,0.114,-0.7283814222257445,-0.6851718789883321,-0.0966225902783622,-0.9953210914312524,0.9770975877105766,0.212791691779007,9.57743634799554,42.95976297524129,0.642535135212293,0.123798510045006,8.758390038916161,47.74864594621289,0.5275632308699862,0.1140559943985273,-0.2185144266677233,-0.0193245180556724,0.1758775657879037,1802.2222222222224
3254,1807.7777777777776,0.334,0.234,0.22,0.17,0.166,0.142,0.142,0.122,0.122,0.12,0.262,0.18,0.172,0.142,0.136,0.126,0.12,0.114,-0.9700984177550735,0.2427118865426717,-0.6914109701025484,-0.7224616740158974,0.8145158664478347,-0.5801412787457321,9.57743634799554,42.95976297524129,0.642535135212293,0.123798510045006,8.761715834989083,47.74864594621289,0.5275632308699862,0.1140559943985273,-0.291029525326522,-0.1382821940205096,0.1466128559606102,1807.7777777777776
3264,1813.3333333333333,0.35,0.228,0.226,0.172,0.16,0.14,0.14,0.13,0.132,0.118,0.278,0.198,0.184,0.144,0.138,0.122,0.128,0.118,-0.3199114018384557,0.9474474629095558,-0.9901195564516658,-0.1402257605861226,0.1182832954883216,-0.9929798900322314,9.57743634799554,42.95976297524129,0.642535135212293,0.123798510045006,8.761715834989083,42.46762828555149,0.5275632308699862,0.1140559943985273,-0.0959734205515367,-0.1980239112903331,0.0212909931878978,1813.3333333333333
3274,1818.8888888888887,0.358,0.236,0.22,0.178,0.164,0.146,0.144,0.142,0.13,0.13,0.282,0.194,0.176,0.144,0.138,0.128,0.132,0.118,0.6244006815814203,0.7811042112552318,-0.8648337220204358,0.5020583962611117,-0.655445594134148,-0.755242393626135,9.57743634799554,42.95976297524129,0.642535135212293,0.123798510045006,8.761715834989083,42.46762828555149,0.5183619826303218,0.1140559943985273,0.187320204474426,-0.1729667444040871,-0.1179802069441466,1818.8888888888887
3284,1824.4444444444443,0.358,0.246,0.226,0.18,0.162,0.142,0.148,0.13,0.134,0.126,0.308,0.228,0.216,0.18,0.178,0.158,0.154,0.16,0.9946416579266146,-0.1033826499805232,-0.36920405320069,0.9293483561615536,-0.9997425811405296,-0.022688575417407,9.57743634799554,42.95976297524129,0.642535135212293,0.123798510045006,8.761715834989083,42.46762828555149,0.5183619826303218,0.14818073727698,0.2983924973779844,-0.073840810640138,-0.1799536646052953,1824.4444444444443
3294,1830.0,0.308,0.216,0.176,0.148,0.136,0.134,0.126,0.122,0.128,0.116,0.3,0.23,0.212,0.184,0.17,0.158,0.152,0.152,0.4504136809990983,-0.8928199795977028,0.2845281979451851,0.9586676716016168,-0.6890327108460208,0.7247302418032409,6.773620752325083,42.95976297524129,0.642535135212293,0.123798510045006,8.761715834989083,42.46762828555149,0.5183619826303218,0.14818073727698,0.1351241042997294,0.056905639589037,-0.1240258879522837,1830.0
3304,1835.5555555555557,0.3,0.202,0.174,0.146,0.134,0.128,0.126,0.124,0.134,0.124,0.296,0.222,0.208,0.166,0.174,0.156,0.15,0.15,-0.5079225570499245,-0.8614027374230164,0.8164182253945689,0.5774610646992427,0.0731145184473021,0.9973235519089174,6.773620752325083,43.536151182737925,0.642535135212293,0.123798510045006,8.761715834989083,42.46762828555149,0.5183619826303218,0.14818073727698,-0.1523767671149773,0.1632836450789138,0.0131606133205143,1835.5555555555557
3314,1841.111111111111,0.28,0.192,0.172,0.146,0.142,0.134,0.118,0.128,0.134,0.116,0.28,0.218,0.212,0.17,0.172,0.16,0.158,0.146,-0.9992771385520772,-0.0380157910238953,0.998697167662228,-0.051029082917918,0.7873589056944278,0.6164948934287072,6.773620752325083,43.536151182737925,0.6149905867658038,0.123798510045006,8.761715834989083,42.46762828555149,0.5183619826303218,0.14818073727698,-0.2997831415656232,0.1997394335324456,0.141724603024997,1841.111111111111
3324,1846.6666666666663,0.244,0.148,0.122,0.092,0.084,0.064,0.072,0.078,0.06,0.068,0.296,0.22,0.206,0.18,0.172,0.156,0.154,0.154,-0.5719009272721323,0.8203226983238213,0.75330853748497,-0.6576672770879326,0.9857450189062504,-0.1682461223966723,6.773620752325083,43.536151182737925,0.6149905867658038,0.0669409554434452,8.761715834989083,42.46762828555149,0.5183619826303218,0.14818073727698,-0.1715702781816396,0.150661707496994,0.177434103403125,1846.6666666666663
3334,1852.2222222222224,0.252,0.144,0.132,0.098,0.094,0.072,0.068,0.068,0.074,0.058,0.298,0.218,0.204,0.172,0.166,0.164,0.154,0.15,0.3812783590855566,0.9244602819445654,0.1853339984256861,-0.9826755868686,0.5382951348184587,-0.8427563988667054,6.773620752325083,43.536151182737925,0.6149905867658038,0.0669409554434452,8.2511765739835,42.46762828555149,0.5183619826303218,0.14818073727698,0.1143835077256669,0.0370667996851372,0.0968931242673225,1852.2222222222224
3344,1857.7777777777776,0.254,0.156,0.14,0.09,0.074,0.074,0.074,0.074,0.07,0.07,0.302,0.222,0.206,0.178,0.168,0.156,0.156,0.148,0.983912080455226,0.1786533457124971,-0.4620052807817896,-0.8868771733051538,-0.2618325397417474,-0.9651133203579704,6.773620752325083,43.536151182737925,0.6149905867658038,0.0669409554434452,8.2511765739835,43.81114496316227,0.5183619826303218,0.14818073727698,0.2951736241365678,-0.0924010561563579,-0.0471298571535145,1857.7777777777776
3354,1863.3333333333333,0.258,0.156,0.126,0.094,0.09,0.086,0.074,0.07,0.07,0.07,0.354,0.25,0.224,0.19,0.178,0.162,0.174,0.156,0.6819415725973977,-0.7314066526655251,-0.9115021275818344,-0.4112953578801847,-0.8904139460618472,-0.4551516282059968,6.773620752325083,43.536151182737925,0.6149905867658038,0.0669409554434452,8.2511765739835,43.81114496316227,0.6828855523119839,0.14818073727698,0.2045824717792193,-0.1823004255163669,-0.1602745102911325,1863.3333333333333
3364,1868.8888888888887,0.246,0.15,0.128,0.092,0.096,0.086,0.078,0.072,0.062,0.064,0.284,0.154,0.134,0.08,0.07,0.042,0.042,0.036,-0.2470028721717871,-0.9690147476374588,-0.9706705396935172,0.2404136089556832,-0.9356179395268704,0.3530142649178548,6.773620752325083,43.536151182737925,0.6149905867658038,0.0669409554434452,8.2511765739835,43.81114496316227,0.6828855523119839,0.0325792269461583,-0.0741008616515361,-0.1941341079387034,-0.1684112291148366,1868.8888888888887
3374,1874.4444444444443,0.29,0.178,0.154,0.112,0.112,0.082,0.078,0.068,0.072,0.062,0.272,0.146,0.126,0.076,0.068,0.044,0.048,0.042,-0.9488540153783376,-0.3157151524719798,-0.6141730955314169,0.7891713430715519,-0.3678279705814363,0.9298938563394976,8.861155168597247,43.536151182737925,0.6149905867658038,0.0669409554434452,8.2511765739835,43.81114496316227,0.6828855523119839,0.0325792269461583,-0.2846562046135013,-0.1228346191062833,-0.0662090347046585,1874.4444444444443
3384,1880.0,0.286,0.182,0.164,0.112,0.104,0.088,0.082,0.078,0.076,0.068,0.276,0.152,0.12,0.082,0.068,0.046,0.046,0.038,-0.7783331527105312,0.6278514978812147,0.0053289163133703,0.99998580122466,0.4409538772565509,0.8975297644827244,8.861155168597247,41.352070505481215,0.6149905867658038,0.0669409554434452,8.2511765739835,43.81114496316227,0.6828855523119839,0.0325792269461583,-0.2334999458131593,0.001065783262674,0.0793716979061791,1880.0
3394,1885.5555555555557,0.282,0.176,0.16,0.112,0.104,0.09,0.088,0.068,0.076,0.07,0.286,0.152,0.13,0.082,0.072,0.044,0.04,0.036,0.1077836210920998,0.9941743765679512,0.6225489504202653,0.7825808612090038,0.9608335428678,0.2771261497948388,8.861155168597247,41.352070505481215,0.594680517551433,0.0669409554434452,8.2511765739835,43.81114496316227,0.6828855523119839,0.0325792269461583,0.0323350863276299,0.124509790084053,0.172950037716204,1885.5555555555557
3404,1891.111111111111,0.26,0.132,0.102,0.058,0.058,0.028,0.03,0.01,0.01,0.002,0.294,0.156,0.124,0.078,0.074,0.048,0.046,0.042,0.8948046307322899,0.4464579183081539,0.9731776623772944,0.230054857479395,0.8511986002434986,-0.5248437319274268,8.861155168597247,41.352070505481215,0.594680517551433,0.0048837489967789,8.2511765739835,43.81114496316227,0.6828855523119839,0.0325792269461583,0.2684413892196869,0.1946355324754589,0.1532157480438297,1891.111111111111
3414,1896.6666666666663,0.26,0.132,0.112,0.056,0.052,0.028,0.026,0.016,0.008,0.002,0.258,0.126,0.112,0.062,0.06,0.034,0.044,0.04,0.8591463894801912,-0.5117298910979811,0.9070669042497672,-0.4209864976632188,0.1838791790323431,-0.9829488529513586,8.861155168597247,41.352070505481215,0.594680517551433,0.0048837489967789,6.941432119191309,43.81114496316227,0.6828855523119839,0.0325792269461583,0.2577439168440573,0.1814133808499534,0.0330982522258217,1896.6666666666663
3424,1902.2222222222224,0.25,0.13,0.108,0.06,0.052,0.016,0.024,0.014,0.012,0.016,0.246,0.128,0.106,0.062,0.058,0.048,0.038,0.04,0.0335929198965784,-0.9994355985919364,0.4525269870672613,-0.8917507084246284,-0.6039133774168877,-0.7970499561363315,8.861155168597247,41.352070505481215,0.594680517551433,0.0048837489967789,6.941432119191309,46.24461348350058,0.6828855523119839,0.0325792269461583,0.0100778759689735,0.0905053974134522,-0.1087044079350397,1902.2222222222224
3434,1907.7777777777776,0.242,0.118,0.11,0.052,0.038,0.016,0.024,0.006,0.012,0.002,0.242,0.12,0.106,0.062,0.056,0.042,0.046,0.04,-0.8228457253182612,-0.5682648258738743,-0.1957965156619191,-0.9806445454162542,-0.9960366777137,-0.0889434463524721,8.861155168597247,41.352070505481215,0.594680517551433,0.0048837489967789,6.941432119191309,46.24461348350058,0.6439496878277151,0.0325792269461583,-0.2468537175954783,-0.0391593031323838,-0.1792866019884659,1907.7777777777776
3444,1913.3333333333333,0.244,0.126,0.102,0.044,0.04,0.032,0.016,0.018,0.014,0.01,0.25,0.152,0.132,0.094,0.084,0.078,0.078,0.072,-0.9227638054229752,0.3853660070651139,-0.7602749617936712,-0.649601402761441,-0.7355811378840975,0.677436631419601,8.861155168597247,41.352070505481215,0.594680517551433,0.0048837489967789,6.941432119191309,46.24461348350058,0.6439496878277151,0.0682526224728599,-0.2768291416268925,-0.1520549923587342,-0.1324046048191375,1913.3333333333333
3454,1918.8888888888887,0.202,0.098,0.076,0.04,0.024,0.012,0.01,0.014,0.012,0.016,0.26,0.148,0.132,0.084,0.092,0.082,0.068,0.064,-0.1742970983651247,0.984693110314832,-0.9991842986607438,-0.040382388609857,0.0068091504540505,0.9999768174663322,6.581677959657334,41.352070505481215,0.594680517551433,0.0048837489967789,6.941432119191309,46.24461348350058,0.6439496878277151,0.0682526224728599,-0.0522891295095374,-0.1998368597321487,0.0012256470817291,1918.8888888888887
3464,1924.4444444444443,0.178,0.08,0.058,0.028,0.022,0.008,0.006,0.004,0.012,0.012,0.27,0.154,0.132,0.08,0.092,0.08,0.066,0.06,0.7344175571173696,0.6786979090860346,-0.8102174611779963,0.586129393224979,0.7447382501583123,0.6673566803075661,6.581677959657334,59.90723318857994,0.594680517551433,0.0048837489967789,6.941432119191309,46.24461348350058,0.6439496878277151,0.0682526224728599,0.2203252671352108,-0.1620434922355992,0.1340528850284962,1924.4444444444443
3474,1930.0,0.214,0.076,0.05,0.026,0.032,0.016,0.006,0.004,0.012,0.004,0.26,0.16,0.148,0.086,0.092,0.08,0.08,0.072,0.9679120975262466,-0.251289019780693,-0.2742948637368957,0.9616456352147384,0.9947330856328438,-0.1024992114475107,6.581677959657334,59.90723318857994,0.6777398613416665,0.0048837489967789,6.941432119191309,46.24461348350058,0.6439496878277151,0.0682526224728599,0.2903736292578739,-0.0548589727473791,0.1790519554139119,1930.0
3484,1935.5555555555557,0.302,0.188,0.19,0.152,0.148,0.146,0.148,0.142,0.144,0.134,0.274,0.156,0.13,0.094,0.08,0.076,0.078,0.068,0.311512719224828,-0.9502419827397406,0.3790877829632522,0.9253607149690364,0.5930031625897654,-0.8052001298798556,6.581677959657334,59.90723318857994,0.6777398613416665,0.1374485902460104,6.941432119191309,46.24461348350058,0.6439496878277151,0.0682526224728599,0.0934538157674484,0.0758175565926504,0.1067405692661577,1935.5555555555557
3494,1941.111111111111,0.296,0.196,0.182,0.15,0.15,0.138,0.138,0.134,0.138,0.128,0.252,0.152,0.132,0.09,0.082,0.078,0.076,0.068,-0.6312900165173887,-0.7755468490332967,0.8701353824308519,0.4928127598205176,-0.1972479110221593,-0.9803536410894766,6.581677959657334,59.90723318857994,0.6777398613416665,0.1374485902460104,6.739726590220917,46.24461348350058,0.6439496878277151,0.0682526224728599,-0.1893870049552166,0.1740270764861703,-0.0355046239839886,1941.111111111111
3504,1946.6666666666663,0.28,0.196,0.18,0.152,0.146,0.142,0.142,0.134,0.136,0.14,0.248,0.14,0.126,0.104,0.08,0.068,0.074,0.068,-0.9936876224165904,0.1121824810568201,0.9885688414441484,-0.1507701751865203,-0.8582669835720107,-0.5132034537200642,6.581677959657334,59.90723318857994,0.6777398613416665,0.1374485902460104,6.739726590220917,47.88220509449936,0.6439496878277151,0.0682526224728599,-0.2981062867249771,0.1977137682888297,-0.1544880570429619,1946.6666666666663
3514,1952.2222222222224,0.292,0.204,0.184,0.152,0.158,0.144,0.146,0.14,0.134,0.146,0.22,0.132,0.116,0.084,0.076,0.076,0.076,0.068,-0.4424934108912375,0.8967717554193143,0.6836719353531114,-0.7297894797888848,-0.9569705458699124,0.2901850691152841,6.581677959657334,59.90723318857994,0.6777398613416665,0.1374485902460104,6.739726590220917,47.88220509449936,0.5454359001826706,0.0682526224728599,-0.1327480232673712,0.1367343870706223,-0.1722546982565842,1952.2222222222224
3524,1957.7777777777776,0.302,0.202,0.18,0.152,0.146,0.142,0.138,0.138,0.144,0.136,0.196,0.09,0.072,0.034,0.038,0.028,0.022,0.02,0.5155272019446027,0.8568732135241298,0.086009287645294,-0.9962943352437316,-0.4286904409675157,0.9034514407665069,6.581677959657334,59.90723318857994,0.6777398613416665,0.1374485902460104,6.739726590220917,47.88220509449936,0.5454359001826706,0.0187359573266498,0.1546581605833808,0.0172018575290588,-0.0771642793741528,1957.7777777777776
3534,1963.3333333333333,0.3,0.192,0.19,0.156,0.154,0.14,0.138,0.136,0.132,0.14,0.202,0.098,0.09,0.04,0.04,0.022,0.024,0.022,0.9995744827880754,0.029169390788146,-0.5484847284152161,-0.8361605723156806,0.380457143014039,0.924798552296442,6.505676558930355,59.90723318857994,0.6777398613416665,0.1374485902460104,6.739726590220917,47.88220509449936,0.5454359001826706,0.0187359573266498,0.2998723448364226,-0.1096969456830432,0.068482285742527,1963.3333333333333
3544,1968.8888888888887,0.306,0.218,0.198,0.162,0.154,0.15,0.142,0.142,0.128,0.138,0.198,0.094,0.068,0.042,0.036,0.022,0.02,0.012,0.5646175939300979,-0.8253526353169214,-0.9481036092297456,-0.3179615482499889,0.9403385235905232,0.3402402989823445,6.505676558930355,50.06672895972814,0.6777398613416665,0.1374485902460104,6.739726590220917,47.88220509449936,0.5454359001826706,0.0187359573266498,0.1693852781790293,-0.1896207218459491,0.1692609342462941,1968.8888888888887
3554,1974.4444444444443,0.26,0.186,0.176,0.152,0.152,0.14,0.13,0.14,0.136,0.144,0.19,0.096,0.062,0.042,0.038,0.024,0.028,0.026,-0.3894461069197696,-0.921049254820303,-0.9417203683654002,0.3363967119425144,0.8841331306764914,-0.4672350663640157,6.505676558930355,50.06672895972814,0.524626731213278,0.1374485902460104,6.739726590220917,47.88220509449936,0.5454359001826706,0.0187359573266498,-0.1168338320759309,-0.18834407367308,0.1591439635217684,1974.4444444444443
3564,1980.0,0.174,0.09,0.07,0.044,0.036,0.038,0.024,0.018,0.03,0.018,0.182,0.086,0.068,0.038,0.026,0.024,0.02,0.018,-0.9854548530903412,-0.1699374370781615,-0.5320684721953269,0.8467013292157575,0.2486653613421625,-0.9685894579586192,6.505676558930355,50.06672895972814,0.524626731213278,0.026445655705219,6.739726590220917,47.88220509449936,0.5454359001826706,0.0187359573266498,-0.2956364559271023,-0.1064136944390654,0.0447597650415892,1980.0
3574,1985.5555555555557,0.174,0.088,0.074,0.054,0.046,0.03,0.032,0.026,0.032,0.034,0.21,0.108,0.09,0.056,0.038,0.028,0.03,0.032,-0.6754409519875507,0.7374140766069978,0.1054287000466901,0.9944268646846108,-0.5497218633848424,-0.8353477556782544,6.505676558930355,50.06672895972814,0.524626731213278,0.026445655705219,8.581427041372862,47.88220509449936,0.5454359001826706,0.0187359573266498,-0.2026322855962652,0.021085740009338,-0.0989499354092716,1985.5555555555557
3584,1991.111111111111,0.178,0.094,0.078,0.052,0.038,0.034,0.026,0.03,0.03,0.024,0.222,0.102,0.092,0.058,0.052,0.042,0.03,0.032,0.255570245417051,0.9667904890189334,0.6977786167692194,0.7163134802442537,-0.9879447849024208,-0.1548066600121242,6.505676558930355,50.06672895972814,0.524626731213278,0.026445655705219,8.581427041372862,49.68485537267863,0.5454359001826706,0.0187359573266498,0.0766710736251152,0.1395557233538439,-0.1778300612824357,1991.111111111111
3594,1996.6666666666663,0.188,0.092,0.078,0.05,0.038,0.026,0.032,0.024,0.03,0.032,0.226,0.11,0.092,0.056,0.056,0.026,0.034,0.026,0.9516113378077888,0.3073041844096344,0.9913219514763292,0.1314564130088845,-0.7788904763079287,0.6271599683627838,6.505676558930355,50.06672895972814,0.524626731213278,0.026445655705219,8.581427041372862,49.68485537267863,0.5367407042040498,0.0187359573266498,0.2854834013423366,0.1982643902952658,-0.1402002857354271,1996.6666666666663
3604,2002.2222222222224,0.184,0.092,0.076,0.05,0.036,0.036,0.028,0.028,0.024,0.024,0.274,0.182,0.158,0.128,0.132,0.102,0.106,0.118,0.772745354798576,-0.6347161701400263,0.8603559692183537,-0.5096936395820015,-0.0595262012358626,0.9982267434638424,6.505676558930355,50.06672895972814,0.524626731213278,0.026445655705219,8.581427041372862,49.68485537267863,0.5367407042040498,0.1004796839725968,0.2318236064395727,0.1720711938436707,-0.0107147162224552,2002.2222222222224
3614,2007.7777777777776,0.194,0.1,0.078,0.05,0.042,0.034,0.042,0.03,0.03,0.038,0.268,0.18,0.17,0.126,0.122,0.104,0.104,0.102,-0.1165791437146599,-0.9931814050065358,0.3609636404078707,-0.932579889501965,0.6988381831984756,0.7152798009896923,7.2507676086234225,50.06672895972814,0.524626731213278,0.026445655705219,8.581427041372862,49.68485537267863,0.5367407042040498,0.1004796839725968,-0.0349737431143979,0.0721927280815741,0.1257908729757256,2007.7777777777776
3624,2013.3333333333333,0.18,0.094,0.086,0.044,0.044,0.03,0.032,0.022,0.03,0.03,0.256,0.16,0.152,0.138,0.126,0.118,0.118,0.102,-0.8987213151289041,-0.4385202364007539,-0.2930025160179014,-0.9561116700507214,0.999340903266652,-0.0363009512023031,7.2507676086234225,50.53874400100114,0.524626731213278,0.026445655705219,8.581427041372862,49.68485537267863,0.5367407042040498,0.1004796839725968,-0.2696163945386712,-0.0586005032035802,0.1798813625879973,2013.3333333333333
3634,2018.8888888888887,0.2,0.098,0.08,0.048,0.044,0.036,0.036,0.03,0.026,0.022,0.26,0.18,0.162,0.126,0.124,0.11,0.112,0.108,-0.8545832540793279,0.5193144152121978,-0.8214975298359989,-0.5702120732441152,0.6450999355405892,-0.7640982091102738,7.2507676086234225,50.53874400100114,0.5565905735724689,0.026445655705219,8.581427041372862,49.68485537267863,0.5367407042040498,0.1004796839725968,-0.2563749762237983,-0.1642995059671997,0.116117988397306,2018.8888888888887
3644,2024.4444444444443,0.238,0.152,0.136,0.1,0.094,0.094,0.086,0.076,0.086,0.072,0.266,0.168,0.16,0.12,0.126,0.112,0.11,0.102,-0.0247452903418142,0.999693788420184,-0.9982063708977928,0.0598668614431904,-0.1317947126372683,-0.991277031773086,7.2507676086234225,50.53874400100114,0.5565905735724689,0.0774241781266415,8.581427041372862,49.68485537267863,0.5367407042040498,0.1004796839725968,-0.0074235871025442,-0.1996412741795585,-0.0237230482747082,2024.4444444444443
3654,2030.0,0.246,0.148,0.132,0.1,0.098,0.09,0.078,0.076,0.08,0.088,0.274,0.174,0.164,0.128,0.12,0.106,0.1,0.11,0.8278433792172102,0.5609593028787653,-0.7474578111939231,0.6643092807459412,-0.8223406925060397,-0.5689954177747719,7.2507676086234225,50.53874400100114,0.5565905735724689,0.0774241781266415,7.885600772247455,49.68485537267863,0.5367407042040498,0.1004796839725968,0.248353013765163,-0.1494915622387846,-0.1480213246510871,2030.0
3664,2035.5555555555557,0.248,0.144,0.134,0.112,0.11,0.084,0.086,0.078,0.076,0.082,0.26,0.168,0.152,0.128,0.124,0.106,0.102,0.102,0.9193166637192772,-0.3935185787330217,-0.1766287726732404,0.9842775404650584,-0.9741091882603004,0.2260780602952411,7.2507676086234225,50.53874400100114,0.5565905735724689,0.0774241781266415,7.885600772247455,50.72416159082536,0.5367407042040498,0.1004796839725968,0.2757949991157831,-0.035325754534648,-0.175339653886854,2035.5555555555557
3674,2041.111111111111,0.234,0.152,0.128,0.092,0.1,0.084,0.084,0.078,0.078,0.078,0.27,0.17,0.17,0.126,0.12,0.116,0.108,0.106,0.1655744472438511,-0.9861972938615748,0.4698372065327427,0.8827530794947752,-0.4876651980140543,0.8730307294969136,7.2507676086234225,50.53874400100114,0.5565905735724689,0.0774241781266415,7.885600772247455,50.72416159082536,0.5791208214589801,0.1004796839725968,0.0496723341731553,0.0939674413065485,-0.0877797356425297,2041.111111111111
3684,2046.6666666666663,0.234,0.14,0.122,0.102,0.09,0.088,0.078,0.078,0.078,0.082,0.284,0.192,0.176,0.146,0.138,0.122,0.13,0.116,-0.7403961524418864,-0.6721707650956347,0.915106923179506,0.4032112587080595,0.3182850879446636,0.9479950436537408,7.2507676086234225,50.53874400100114,0.5565905735724689,0.0774241781266415,7.885600772247455,50.72416159082536,0.5791208214589801,0.1186220698155793,-0.2221188457325659,0.1830213846359012,0.0572913158300394,2046.6666666666663
3694,2052.222222222222,0.26,0.172,0.14,0.108,0.1,0.084,0.088,0.08,0.072,0.08,0.274,0.186,0.178,0.14,0.136,0.136,0.132,0.12,-0.9656499440843508,0.2598464652249285,0.9685045398183688,-0.2489958962537526,0.9157027785001024,0.4018562198687394,9.19499983726619,50.53874400100114,0.5565905735724689,0.0774241781266415,7.885600772247455,50.72416159082536,0.5791208214589801,0.1186220698155793,-0.2896949832253052,0.1937009079636737,0.1648265001300184,2052.222222222222
3704,2057.777777777778,0.28,0.184,0.162,0.118,0.116,0.09,0.096,0.08,0.088,0.082,0.276,0.188,0.17,0.13,0.138,0.124,0.12,0.118,-0.3030896304585436,0.9529620537610632,0.6071638365162757,-0.7945766644112053,0.9131744324640269,-0.4075689584524348,9.19499983726619,43.587425273764126,0.5565905735724689,0.0774241781266415,7.885600772247455,50.72416159082536,0.5791208214589801,0.1186220698155793,-0.090926889137563,0.1214327673032551,0.1643713978435248,2057.777777777778
3714,2063.333333333333,0.272,0.184,0.156,0.118,0.098,0.084,0.09,0.084,0.082,0.074,0.296,0.188,0.172,0.138,0.136,0.13,0.12,0.124,0.6381298916414477,0.7699287248789164,-0.0141798911731859,-0.9998994602890416,0.3123565602447164,-0.9499649358118902,9.19499983726619,43.587425273764126,0.5272617449636061,0.0774241781266415,7.885600772247455,50.72416159082536,0.5791208214589801,0.1186220698155793,0.1914389674924343,-0.0028359782346371,0.0562241808440489,2063.333333333333
3724,2068.8888888888887,0.248,0.136,0.114,0.056,0.056,0.032,0.036,0.024,0.018,0.032,0.288,0.196,0.182,0.146,0.136,0.128,0.126,0.114,0.992655734253017,-0.1209735229486338,-0.6294514281806297,-0.777039831386632,-0.4931096812075895,-0.869967150126572,9.19499983726619,43.587425273764126,0.5272617449636061,0.0169787461173064,7.885600772247455,50.72416159082536,0.5791208214589801,0.1186220698155793,0.2977967202759051,-0.1258902856361259,-0.0887597426173661,2068.8888888888887
3734,2074.4444444444443,0.248,0.13,0.118,0.064,0.054,0.034,0.026,0.024,0.03,0.018,0.302,0.21,0.19,0.15,0.14,0.136,0.126,0.114,0.4345384726588688,-0.900653271675231,-0.9751758261969103,-0.2214319489169826,-0.9755025348844822,-0.2199881915784336,9.19499983726619,43.587425273764126,0.5272617449636061,0.0169787461173064,8.938790191344951,50.72416159082536,0.5791208214589801,0.1186220698155793,0.1303615417976606,-0.1950351652393821,-0.1755904562792068,2074.4444444444443
3744,2080.0,0.222,0.118,0.11,0.058,0.058,0.028,0.026,0.024,0.022,0.026,0.28,0.174,0.18,0.15,0.136,0.128,0.126,0.122,-0.5230914567210042,-0.852276555998989,-0.9033050894709216,0.4289987358209001,-0.8187700159731751,0.5741216429845565,9.19499983726619,43.587425273764126,0.5272617449636061,0.0169787461173064,8.938790191344951,58.83182605711836,0.5791208214589801,0.1186220698155793,-0.1569274370163012,-0.1806610178941843,-0.1473786028751715,2080.0
3754,2085.555555555556,0.224,0.102,0.09,0.058,0.052,0.032,0.036,0.022,0.036,0.026,0.272,0.188,0.17,0.144,0.14,0.126,0.128,0.118,-0.9997935131514344,-0.0203207052119898,-0.4446160986234253,0.8957212316590941,-0.1255994327724139,0.9920810362501884,9.19499983726619,43.587425273764126,0.5272617449636061,0.0169787461173064,8.938790191344951,58.83182605711836,0.5461334364602205,0.1186220698155793,-0.2999380539454303,-0.088923219724685,-0.0226078978990345,2085.555555555556
3764,2091.111111111111,0.22,0.11,0.102,0.062,0.058,0.024,0.032,0.03,0.016,0.026,0.28,0.208,0.2,0.164,0.168,0.154,0.15,0.152,-0.5572900243744051,0.8303179082332109,0.2044688337819099,0.9788730745157238,0.649860823081099,0.7600532288099016,9.19499983726619,43.587425273764126,0.5272617449636061,0.0169787461173064,8.938790191344951,58.83182605711836,0.5461334364602205,0.1454861360373257,-0.1671870073123215,0.0408937667563819,0.1169749481545978,2091.111111111111
3774,2096.6666666666665,0.2,0.102,0.074,0.044,0.04,0.028,0.016,0.016,0.014,0.012,0.302,0.208,0.2,0.17,0.162,0.152,0.148,0.15,0.3975833427377776,0.9175660660559842,0.765995002013654,0.6428465266998821,0.9995481815516224,0.0300571581631601,7.065016534794893,43.587425273764126,0.5272617449636061,0.0169787461173064,8.938790191344951,58.83182605711836,0.5461334364602205,0.1454861360373257,0.1192750028213332,0.1531990004027308,0.179918672679292,2096.6666666666665
3784,2102.222222222222,0.194,0.098,0.07,0.05,0.024,0.03,0.024,0.018,0.024,0.02,0.3,0.204,0.21,0.172,0.156,0.146,0.154,0.144,0.9869204180864206,0.1612082143196329,0.9995025940208144,0.0315367174205404,0.694356048571461,-0.7196316264674772,7.065016534794893,50.12952032376262,0.5272617449636061,0.0169787461173064,8.938790191344951,58.83182605711836,0.5461334364602205,0.1454861360373257,0.2960761254259261,0.1999005188041629,0.1249840887428629,2102.222222222222
3794,2107.777777777778,0.212,0.102,0.09,0.034,0.04,0.024,0.022,0.024,0.02,0.008,0.3,0.206,0.21,0.158,0.16,0.154,0.162,0.158,0.6688874124631056,-0.7433637262124184,0.8049977094952661,-0.5932779177648324,-0.065761163926501,-0.9978353918953926,7.065016534794893,50.12952032376262,0.599477008843903,0.0169787461173064,8.938790191344951,58.83182605711836,0.5461334364602205,0.1454861360373257,0.2006662237389316,0.1609995418990532,-0.0118370095067701,2107.777777777778
3804,2113.333333333333,0.292,0.202,0.182,0.16,0.16,0.148,0.144,0.138,0.134,0.138,0.294,0.218,0.198,0.158,0.17,0.148,0.158,0.16,-0.2641175954464967,-0.9644904850622222,0.2657722956730707,-0.9640358327638376,-0.7827932721900868,-0.6222818437122658,7.065016534794893,50.12952032376262,0.599477008843903,0.137243385410826,8.938790191344951,58.83182605711836,0.5461334364602205,0.1454861360373257,-0.079235278633949,0.0531544591346141,-0.1409027889942156,2113.333333333333
3814,2118.8888888888887,0.286,0.204,0.19,0.156,0.152,0.138,0.14,0.136,0.13,0.142,0.248,0.184,0.176,0.148,0.154,0.138,0.15,0.142,-0.9542941041432276,-0.2988691399215963,-0.3872635866213724,-0.9219690420383706,-0.9869583976864312,0.1609755299299619,7.065016534794893,50.12952032376262,0.599477008843903,0.137243385410826,6.12158657968433,58.83182605711836,0.5461334364602205,0.1454861360373257,-0.2862882312429682,-0.0774527173242744,-0.1776525115835576,2118.8888888888887
3824,2124.4444444444443,0.282,0.204,0.192,0.16,0.154,0.146,0.14,0.146,0.136,0.136,0.272,0.198,0.18,0.152,0.156,0.15,0.15,0.14,-0.7670970144434711,0.6415311141573049,-0.8744633342501972,-0.4850916171735273,-0.5444925498198433,0.8387656783576003,7.065016534794893,50.12952032376262,0.599477008843903,0.137243385410826,6.12158657968433,46.30701628868763,0.5461334364602205,0.1454861360373257,-0.2301291043330413,-0.1748926668500394,-0.0980086589675717,2124.4444444444443
3834,2130.0,0.288,0.2,0.18,0.158,0.148,0.15,0.152,0.136,0.144,0.136,0.286,0.21,0.19,0.166,0.15,0.148,0.15,0.15,0.1253655326864813,0.9921106204522936,-0.9871956021861354,0.1595143975456555,0.2547114830647382,0.9670170941586098,7.065016534794893,50.12952032376262,0.599477008843903,0.137243385410826,6.12158657968433,46.30701628868763,0.6199949396931455,0.1454861360373257,0.0376096598059443,-0.1974391204372271,0.0458480669516528,2130.0
3844,2135.555555555556,0.29,0.21,0.186,0.158,0.158,0.152,0.146,0.14,0.128,0.142,0.204,0.1,0.07,0.04,0.026,0.018,0.01,0.012,0.9025675872172582,0.430548197655985,-0.6771855610560029,0.7358122830568041,0.887034789662371,0.4617025903421305,7.065016534794893,50.12952032376262,0.599477008843903,0.137243385410826,6.12158657968433,46.30701628868763,0.6199949396931455,0.0099597327754918,0.2707702761651774,-0.1354371122112005,0.1596662621392267,2135.555555555556
3854,2141.111111111111,0.298,0.208,0.186,0.166,0.15,0.144,0.148,0.13,0.142,0.146,0.208,0.094,0.068,0.036,0.02,0.006,0.018,-0.0,0.8499531644641445,-0.5268582524905412,-0.0771874090458543,0.9970166016094156,0.9381946239285012,-0.3461081444168257,7.1569618444992695,50.12952032376262,0.599477008843903,0.137243385410826,6.12158657968433,46.30701628868763,0.6199949396931455,0.0099597327754918,0.2549859493392433,-0.0154374818091708,0.1688750323071302,2141.111111111111
3864,2146.6666666666665,0.296,0.206,0.184,0.16,0.158,0.144,0.144,0.14,0.142,0.136,0.188,0.086,0.064,0.038,0.024,0.02,0.008,0.006,0.0158957220625731,-0.9998736550285288,0.5558643581329249,0.8312730089191345,0.3746723152625275,-0.9271572985075496,7.1569618444992695,49.30126908195081,0.599477008843903,0.137243385410826,6.12158657968433,46.30701628868763,0.6199949396931455,0.0099597327754918,0.0047687166187719,0.1111728716265849,0.0674410167472549,2146.6666666666665
3874,2152.222222222222,0.318,0.208,0.194,0.16,0.154,0.162,0.146,0.146,0.134,0.136,0.188,0.092,0.058,0.022,0.028,0.012,0.006,0.016,-0.8327761738964797,-0.553609830286945,0.9508808445991396,0.3095571342651095,-0.4343261193256202,-0.9007556949981204,7.1569618444992695,49.30126908195081,0.6761714053738455,0.137243385410826,6.12158657968433,46.30701628868763,0.6199949396931455,0.0099597327754918,-0.2498328521689439,0.1901761689198279,-0.0781787014786116,2152.222222222222
3884,2157.777777777778,0.286,0.194,0.178,0.148,0.132,0.122,0.126,0.114,0.124,0.102,0.188,0.09,0.06,0.034,0.022,0.016,0.024,0.01,-0.915797496119203,0.401640319317917,0.93870592644163,-0.344718992316004,-0.9587647163817546,-0.2842010179809591,7.1569618444992695,49.30126908195081,0.6761714053738455,0.1141439282486681,6.12158657968433,46.30701628868763,0.6199949396931455,0.0099597327754918,-0.2747392488357609,0.187741185288326,-0.1725776489487158,2157.777777777778
3894,2163.333333333333,0.3,0.184,0.178,0.144,0.132,0.134,0.12,0.114,0.116,0.104,0.252,0.116,0.098,0.052,0.05,0.028,0.016,0.014,-0.1568388238264123,0.987624211601127,0.524553213813438,-0.8513776634831299,-0.8550441496541776,0.5185552064555561,7.1569618444992695,49.30126908195081,0.6761714053738455,0.1141439282486681,8.486941408685224,46.30701628868763,0.6199949396931455,0.0099597327754918,-0.0470516471479237,0.1049106427626876,-0.1539079469377519,2163.333333333333
3904,2168.8888888888887,0.316,0.198,0.178,0.14,0.134,0.118,0.122,0.112,0.11,0.118,0.24,0.102,0.096,0.048,0.038,0.022,0.022,0.018,0.7463167397930274,0.6655909584006583,-0.1142265497704106,-0.9934547273668528,-0.1911195945363783,0.9815667580884402,7.1569618444992695,49.30126908195081,0.6761714053738455,0.1141439282486681,8.486941408685224,55.22139545058625,0.6199949396931455,0.0099597327754918,0.2238950219379082,-0.0228453099540821,-0.034401527016548,2168.8888888888887
3914,2174.4444444444443,0.318,0.198,0.19,0.142,0.136,0.126,0.128,0.11,0.116,0.114,0.242,0.116,0.096,0.042,0.03,0.018,0.014,0.008,0.9633121346627986,-0.2683835524233966,-0.7040915944276233,-0.710109165309368,0.5980218387532721,0.8014798065916292,7.1569618444992695,49.30126908195081,0.6761714053738455,0.1141439282486681,8.486941408685224,55.22139545058625,0.6415441552099566,0.0099597327754918,0.2889936403988395,-0.1408183188855246,0.1076439309755889,2174.4444444444443
3924,2180.0,0.3,0.198,0.182,0.142,0.136,0.126,0.122,0.118,0.114,0.116,0.318,0.204,0.192,0.164,0.158,0.136,0.124,0.122,0.2946427954651127,-0.955607462863546,-0.9924466791911633,-0.1226767661883552,0.9953540077499278,0.096282912586589,7.1569618444992695,49.30126908195081,0.6761714053738455,0.1141439282486681,8.486941408685224,55.22139545058625,0.6415441552099566,0.127454001396967,0.0883928386395338,-0.1984893358382326,0.1791637213949869,2180.0
3934,2185.555555555556,0.324,0.212,0.196,0.148,0.152,0.126,0.134,0.12,0.116,0.116,0.31,0.2,0.196,0.148,0.152,0.142,0.13,0.126,-0.6449197710683285,-0.7642502789565567,-0.8558108099258374,0.5172889498279297,0.7405546052630965,-0.6719961879531903,8.580725410357404,49.30126908195081,0.6761714053738455,0.1141439282486681,8.486941408685224,55.22139545058625,0.6415441552099566,0.127454001396967,-0.1934759313204985,-0.1711621619851674,0.1332998289473573,2185.555555555556
3944,2191.111111111111,0.322,0.184,0.184,0.146,0.134,0.13,0.124,0.116,0.116,0.12,0.306,0.208,0.194,0.144,0.146,0.138,0.13,0.13,-0.9915460742814468,0.1297550869024092,-0.3526949471206519,0.9357383578092546,0.000561960232038,-0.9999998421003364,8.580725410357404,54.71366118627202,0.6761714053738455,0.1141439282486681,8.486941408685224,55.22139545058625,0.6415441552099566,0.127454001396967,-0.297463822284434,-0.0705389894241303,0.0001011528417668,2191.111111111111
3954,2196.6666666666665,0.268,0.178,0.174,0.136,0.146,0.114,0.122,0.11,0.122,0.118,0.322,0.202,0.196,0.146,0.152,0.13,0.136,0.126,-0.4265494895492143,0.904464224259481,0.3014538781607521,0.9534807598173348,-0.7397988673815998,-0.6728280878656168,8.580725410357404,54.71366118627202,0.5603289005504428,0.1141439282486681,8.486941408685224,55.22139545058625,0.6415441552099566,0.127454001396967,-0.1279648468647642,0.0602907756321504,-0.1331637961286879,2196.6666666666665
3964,2202.222222222222,0.226,0.11,0.098,0.046,0.058,0.038,0.036,0.026,0.02,0.02,0.318,0.208,0.188,0.15,0.148,0.142,0.134,0.136,0.5306147287408172,0.8476131249829187,0.8265124722373806,0.5629184072634801,-0.9954615934044404,0.0951641532127111,8.580725410357404,54.71366118627202,0.5603289005504428,0.0251461084348112,8.486941408685224,55.22139545058625,0.6415441552099566,0.127454001396967,0.1591844186222451,0.1653024944474761,-0.1791830868127993,2202.222222222222
3974,2207.777777777778,0.234,0.102,0.096,0.056,0.052,0.03,0.038,0.034,0.032,0.028,0.326,0.212,0.198,0.156,0.154,0.14,0.134,0.128,0.9999342124817364,0.0114704275652603,0.9976373674484652,-0.0686999495669106,-0.5989222604574947,0.8008071715016574,8.580725410357404,54.71366118627202,0.5603289005504428,0.0251461084348112,8.269574937467365,55.22139545058625,0.6415441552099566,0.127454001396967,0.2999802637445208,0.199527473489693,-0.107806006882349,2207.777777777778
3984,2213.333333333333,0.22,0.108,0.1,0.066,0.054,0.046,0.03,0.02,0.026,0.022,0.336,0.232,0.204,0.166,0.156,0.136,0.134,0.13,0.5499187926997843,-0.8352181280573426,0.7415485236681958,-0.6708992376247862,0.1900162710333762,0.981780941321724,8.580725410357404,54.71366118627202,0.5603289005504428,0.0251461084348112,8.269574937467365,43.316745915373225,0.6415441552099566,0.127454001396967,0.1649756378099352,0.1483097047336391,0.0342029287860077,2213.333333333333
3994,2218.8888888888887,0.22,0.114,0.108,0.054,0.052,0.032,0.03,0.034,0.026,0.034,0.34,0.226,0.208,0.17,0.152,0.142,0.132,0.128,-0.4056894290097991,-0.9140109885497566,0.1679097085491497,-0.985802378661636,0.8544607948931938,0.5195158804026027,8.580725410357404,54.71366118627202,0.5603289005504428,0.0251461084348112,8.269574937467365,43.316745915373225,0.6838911703039938,0.127454001396967,-0.1217068287029397,0.0335819417098299,0.1538029430807748,2218.8888888888887
4004,2224.4444444444443,0.22,0.102,0.098,0.046,0.048,0.036,0.03,0.036,0.026,0.028,0.312,0.194,0.166,0.136,0.126,0.106,0.1,0.09,-0.9883086606205348,-0.1524663613471663,-0.4776323218491438,-0.8785598244428184,0.9590835301168974,-0.2831232633651115,8.580725410357404,54.71366118627202,0.5603289005504428,0.0251461084348112,8.269574937467365,43.316745915373225,0.6838911703039938,0.0894964256034182,-0.2964925981861604,-0.0955264643698287,0.1726350354210415,2224.4444444444443
4014,2230.0,0.202,0.096,0.088,0.05,0.04,0.042,0.034,0.024,0.028,0.022,0.316,0.196,0.168,0.134,0.122,0.102,0.1,0.092,-0.6622814674756042,0.7492551353433355,-0.9186400227022308,-0.3950955690584813,0.4353382226047877,-0.9002669781455411,7.45418916118984,54.71366118627202,0.5603289005504428,0.0251461084348112,8.269574937467365,43.316745915373225,0.6838911703039938,0.0894964256034182,-0.1986844402426812,-0.1837280045404461,0.0783608800688617,2230.0
4024,2235.555555555556,0.202,0.094,0.084,0.042,0.044,0.03,0.028,0.026,0.022,0.024,0.32,0.206,0.182,0.134,0.12,0.108,0.102,0.09,0.272644252598926,0.962114915966265,-0.9662626603139431,0.2575586754178959,-0.3736300277232399,-0.9275778147322904,7.45418916118984,58.73286313304702,0.5603289005504428,0.0251461084348112,8.269574937467365,43.316745915373225,0.6838911703039938,0.0894964256034182,0.0817932757796778,-0.1932525320627886,-0.0672534049901831,2235.555555555556
4034,2241.111111111111,0.206,0.096,0.092,0.05,0.036,0.028,0.028,0.028,0.026,0.028,0.324,0.206,0.186,0.13,0.124,0.096,0.098,0.096,0.9569021041974112,0.2904106798700188,-0.6001070079080897,0.799919732885494,-0.9378050334012148,-0.3471623817860257,7.45418916118984,58.73286313304702,0.531026054387569,0.0251461084348112,8.269574937467365,43.316745915373225,0.6838911703039938,0.0894964256034182,0.2870706312592234,-0.1200214015816179,-0.1688049060122186,2241.111111111111
4044,2246.6666666666665,0.234,0.138,0.124,0.1,0.1,0.076,0.08,0.08,0.084,0.09,0.33,0.212,0.184,0.136,0.128,0.106,0.098,0.088,0.7613885741769286,-0.6482957960011955,0.0230297550780228,0.9997347800197042,-0.8875531463201535,0.4607053423362879,7.45418916118984,58.73286313304702,0.531026054387569,0.0771699506542869,8.269574937467365,43.316745915373225,0.6838911703039938,0.0894964256034182,0.2284165722530785,0.0046059510156045,-0.1597595663376276,2246.6666666666665
4054,2252.222222222222,0.218,0.134,0.12,0.084,0.096,0.088,0.09,0.08,0.076,0.072,0.284,0.176,0.152,0.122,0.104,0.104,0.098,0.09,-0.1341420996184954,-0.9909621067982072,0.6363045901773973,0.7714379226607767,-0.2557981723189987,0.966730207988899,7.45418916118984,58.73286313304702,0.531026054387569,0.0771699506542869,6.274662219648708,43.316745915373225,0.6838911703039938,0.0894964256034182,-0.0402426298855486,0.1272609180354794,-0.0460436710174197,2252.222222222222
4064,2257.777777777778,0.214,0.136,0.126,0.098,0.104,0.088,0.076,0.08,0.084,0.076,0.256,0.144,0.136,0.104,0.104,0.098,0.092,0.08,-0.9063431456526624,-0.4225424266608468,0.9770975877105889,0.2127916917789514,0.5435495001574431,0.8393771148170492,7.45418916118984,58.73286313304702,0.531026054387569,0.0771699506542869,6.274662219648708,59.30855418169148,0.6838911703039938,0.0894964256034182,-0.2719029436957986,0.1954195175421177,0.0978389100283397,2257.777777777778
4074,2263.333333333333,0.224,0.132,0.12,0.09,0.09,0.09,0.086,0.078,0.08,0.08,0.236,0.144,0.138,0.106,0.098,0.094,0.1,0.088,-0.8452564833893074,0.5343608118943056,0.8994725032578564,-0.4369773631242761,0.9867768506611392,0.1620846908232972,7.45418916118984,58.73286313304702,0.531026054387569,0.0771699506542869,6.274662219648708,59.30855418169148,0.6150752123623258,0.0894964256034182,-0.2535769450167922,0.1798945006515713,0.177619833119005,2263.333333333333
4084,2268.8888888888887,0.222,0.13,0.136,0.094,0.092,0.08,0.086,0.082,0.076,0.078,0.258,0.166,0.158,0.132,0.128,0.13,0.126,0.124,-0.0070449083979028,0.9999751843249236,0.4366703757484437,-0.8996215776334586,0.7834921729671204,-0.6214016534410413,7.45418916118984,58.73286313304702,0.531026054387569,0.0771699506542869,6.274662219648708,59.30855418169148,0.6150752123623258,0.1205499896700081,-0.0021134725193708,0.0873340751496887,0.1410285911340816,2268.8888888888887
4094,2274.4444444444443,0.23,0.14,0.114,0.104,0.094,0.084,0.084,0.08,0.076,0.076,0.27,0.164,0.154,0.14,0.126,0.128,0.114,0.116,0.8376437228853657,0.5462169839090915,-0.2131251323391213,-0.9770249116401444,0.0668826098315464,-0.9977608513577396,7.30215173967265,58.73286313304702,0.531026054387569,0.0771699506542869,6.274662219648708,59.30855418169148,0.6150752123623258,0.1205499896700081,0.2512931168656097,-0.0426250264678242,0.0120388697696783,2274.4444444444443
4104,2280.0,0.236,0.138,0.132,0.096,0.092,0.084,0.084,0.08,0.084,0.07,0.268,0.17,0.16,0.134,0.136,0.122,0.122,0.124,0.9122065783397184,-0.4097305925040787,-0.7716550286618359,-0.6360412854059879,-0.6935468014332361,-0.7204115727983048,7.30215173967265,56.03593253337077,0.531026054387569,0.0771699506542869,6.274662219648708,59.30855418169148,0.6150752123623258,0.1205499896700081,0.2736619735019154,-0.1543310057323672,-0.1248384242579825,2280.0
4114,2285.555555555555,0.256,0.154,0.138,0.102,0.096,0.08,0.08,0.08,0.08,0.08,0.266,0.174,0.17,0.14,0.128,0.124,0.114,0.128,0.1480909125247055,-0.9889737517384372,-0.999742581140531,-0.0226885754173501,-0.999581332088206,0.028933726700298,7.30215173967265,56.03593253337077,0.6405683931178195,0.0771699506542869,6.274662219648708,59.30855418169148,0.6150752123623258,0.1205499896700081,0.0444272737574116,-0.1999485162281062,-0.179924639775877,2285.555555555555
4124,2291.111111111111,0.266,0.162,0.156,0.114,0.116,0.11,0.098,0.098,0.096,0.1,0.264,0.168,0.16,0.13,0.132,0.124,0.118,0.122,-0.7521788553093249,-0.658959004510564,-0.799714888487356,0.6003799606346434,-0.6507146518726722,0.7593223569988091,7.30215173967265,56.03593253337077,0.6405683931178195,0.0965522204689027,6.274662219648708,59.30855418169148,0.6150752123623258,0.1205499896700081,-0.2256536565927974,-0.1599429776974712,-0.117128637337081,2291.111111111111
4134,2296.6666666666665,0.268,0.17,0.14,0.12,0.11,0.106,0.104,0.094,0.106,0.102,0.286,0.188,0.186,0.138,0.142,0.13,0.126,0.124,-0.9608988524224372,0.2768996125191277,-0.2572289050912463,0.966350500794385,0.1244843334412726,0.992221573403684,7.30215173967265,56.03593253337077,0.6405683931178195,0.0965522204689027,8.851688444721095,59.30855418169148,0.6150752123623258,0.1205499896700081,-0.2882696557267312,-0.0514457810182492,0.022407180019429,2296.6666666666665
4144,2302.222222222222,0.274,0.168,0.154,0.116,0.114,0.104,0.094,0.094,0.09,0.106,0.312,0.208,0.194,0.152,0.146,0.126,0.134,0.126,-0.2861728760304968,0.958178002786765,0.3954090492577699,0.9185051354048416,0.8181242318776109,0.5750415126011941,7.30215173967265,56.03593253337077,0.6405683931178195,0.0965522204689027,8.851688444721095,48.66982676190486,0.6150752123623258,0.1205499896700081,-0.085851862809149,0.0790818098515539,0.1472623617379699,2302.222222222222
4154,2307.777777777778,0.276,0.16,0.158,0.118,0.114,0.104,0.092,0.096,0.104,0.098,0.312,0.21,0.198,0.152,0.15,0.132,0.124,0.126,0.6516591228300479,0.7585119561565081,0.8787227743064492,0.477332468951335,0.9757491679497842,-0.2188916655455477,7.30215173967265,56.03593253337077,0.6405683931178195,0.0965522204689027,8.851688444721095,48.66982676190486,0.5830176867184254,0.1205499896700081,0.1954977368490143,0.1757445548612898,0.1756348502309611,2307.777777777778
4164,2313.333333333333,0.286,0.166,0.156,0.114,0.118,0.106,0.11,0.1,0.098,0.094,0.308,0.194,0.178,0.14,0.132,0.116,0.116,0.106,0.9903587294406572,-0.138526484906992,0.9857450189062408,-0.1682461223967283,0.4940871434889632,-0.869412384682273,7.30215173967265,56.03593253337077,0.6405683931178195,0.0965522204689027,8.851688444721095,48.66982676190486,0.5830176867184254,0.1038181693177525,0.2971076188321971,0.1971490037812482,0.0889356858280133,2313.333333333333
4174,2318.8888888888887,0.302,0.184,0.172,0.124,0.122,0.106,0.116,0.112,0.102,0.092,0.296,0.192,0.18,0.138,0.138,0.108,0.11,0.106,0.4185270874768687,-0.9082043145945352,0.6706461311590628,-0.7417774374847089,-0.3112886780977682,-0.9503153996900944,9.072176979657726,56.03593253337077,0.6405683931178195,0.0965522204689027,8.851688444721095,48.66982676190486,0.5830176867184254,0.1038181693177525,0.1255581262430606,0.1341292262318125,-0.0560319620575982,2318.8888888888887
4184,2324.4444444444443,0.308,0.196,0.18,0.132,0.132,0.106,0.11,0.104,0.102,0.102,0.28,0.186,0.186,0.138,0.136,0.108,0.116,0.11,-0.5380964285766633,-0.8428832858427315,0.0683594830282411,-0.9976607545053136,-0.9127157806837092,-0.4085950363023604,9.072176979657726,46.70152040067589,0.6405683931178195,0.0965522204689027,8.851688444721095,48.66982676190486,0.5830176867184254,0.1038181693177525,-0.1614289285729989,0.0136718966056482,-0.1642888405230676,2324.4444444444443
4194,2330.0,0.31,0.192,0.184,0.136,0.128,0.112,0.11,0.102,0.104,0.094,0.29,0.184,0.174,0.14,0.13,0.104,0.116,0.104,-0.9999965697555808,-0.0026192512425253,-0.563200437428632,-0.8263203176009879,-0.9161538545013383,0.4008267891275986,9.072176979657726,46.70152040067589,0.6339314109391478,0.0965522204689027,8.851688444721095,48.66982676190486,0.5830176867184254,0.1038181693177525,-0.2999989709266742,-0.1126400874857264,-0.1649076938102409,2330.0
4204,2335.555555555555,0.266,0.142,0.126,0.072,0.07,0.048,0.04,0.042,0.032,0.034,0.282,0.184,0.176,0.136,0.142,0.118,0.112,0.102,-0.5425044764216775,0.8400529108707627,-0.9535835811066176,-0.3011284673422271,-0.3193503577774676,0.9476367178341094,9.072176979657726,46.70152040067589,0.6339314109391478,0.0313556111796159,8.851688444721095,48.66982676190486,0.5830176867184254,0.1038181693177525,-0.1627513429265032,-0.1907167162213235,-0.0574830643999441,2335.555555555555
4214,2341.111111111111,0.284,0.154,0.136,0.088,0.068,0.048,0.048,0.036,0.038,0.038,0.276,0.178,0.158,0.132,0.118,0.112,0.112,0.1,0.4137637306467923,0.9103843008319336,-0.9356179395268504,0.353014264917908,0.486683673057631,0.873578274901072,9.072176979657726,46.70152040067589,0.6339314109391478,0.0313556111796159,7.65509992095865,48.66982676190486,0.5830176867184254,0.1038181693177525,0.1241291191940377,-0.1871235879053701,0.0876030611503735,2341.111111111111
4224,2346.6666666666665,0.284,0.148,0.142,0.074,0.072,0.05,0.044,0.038,0.044,0.042,0.284,0.176,0.162,0.118,0.124,0.108,0.114,0.102,0.9896194719277532,0.1437125630605586,-0.5169968581504664,0.8559872946852346,0.9738544792959472,0.2271727385828227,9.072176979657726,46.70152040067589,0.6339314109391478,0.0313556111796159,7.65509992095865,55.38343403736266,0.5830176867184254,0.1038181693177525,0.2968858415783259,-0.1033993716300932,0.1752938062732705,2346.6666666666665
4234,2352.222222222222,0.288,0.158,0.142,0.078,0.07,0.048,0.05,0.044,0.028,0.042,0.252,0.16,0.158,0.128,0.128,0.11,0.108,0.11,0.655623634582411,-0.7550878424242766,0.1230154501625658,0.9924047556422234,0.8229796786098628,-0.5680708130112012,9.072176979657726,46.70152040067589,0.6339314109391478,0.0313556111796159,7.65509992095865,55.38343403736266,0.513062990230034,0.1038181693177525,0.1966870903747233,0.0246030900325131,0.1481363421497752,2352.222222222222
4244,2357.777777777778,0.266,0.14,0.134,0.08,0.07,0.052,0.048,0.03,0.032,0.038,0.246,0.168,0.154,0.13,0.124,0.112,0.114,0.114,-0.2811495488346985,-0.959663967850229,0.7103494084734676,0.7038492153021091,0.1329087457616277,-0.9911282789326874,9.072176979657726,46.70152040067589,0.6339314109391478,0.0313556111796159,7.65509992095865,55.38343403736266,0.513062990230034,0.1091763098166407,-0.0843448646504095,0.1420698816946935,0.0239235742370929,2357.777777777778
4254,2363.333333333333,0.206,0.114,0.084,0.058,0.05,0.044,0.04,0.036,0.04,0.042,0.238,0.16,0.154,0.13,0.128,0.12,0.112,0.102,-0.9594351336407766,-0.2819294669517629,0.9934936514768952,0.1138875079853176,-0.6442407426181456,-0.764822767411392,6.449383926241611,46.70152040067589,0.6339314109391478,0.0313556111796159,7.65509992095865,55.38343403736266,0.513062990230034,0.1091763098166407,-0.2878305400922329,0.198698730295379,-0.1159633336712662,2363.333333333333
4264,2368.8888888888887,0.194,0.1,0.084,0.052,0.048,0.036,0.044,0.026,0.032,0.024,0.246,0.162,0.156,0.13,0.12,0.112,0.11,0.112,-0.7556204812393581,0.6550096856777011,0.8511986002434687,-0.5248437319274751,-0.9992994727088502,-0.0374241077891497,6.449383926241611,59.16700057990582,0.6339314109391478,0.0313556111796159,7.65509992095865,55.38343403736266,0.513062990230034,0.1091763098166407,-0.2266861443718074,0.1702397200486937,-0.179873905087593,2368.8888888888887
4274,2374.4444444444443,0.188,0.102,0.078,0.052,0.038,0.034,0.038,0.03,0.03,0.032,0.246,0.168,0.158,0.118,0.128,0.118,0.116,0.106,0.1429081568911636,0.9897359540271186,0.3443986211681156,-0.9388235136262304,-0.699641659292229,0.7144939108087742,6.449383926241611,59.16700057990582,0.5937339600996857,0.0313556111796159,7.65509992095865,55.38343403736266,0.513062990230034,0.1091763098166407,0.042872447067349,0.0688797242336231,-0.1259354986726012,2374.4444444444443
4284,2380.0,0.224,0.118,0.11,0.078,0.078,0.064,0.06,0.058,0.068,0.056,0.248,0.168,0.156,0.124,0.128,0.1,0.118,0.118,0.910047694630644,0.4145035506451664,-0.3098816222330864,-0.9507751470259362,0.0584042363515252,0.998293015690381,6.449383926241611,59.16700057990582,0.5937339600996857,0.0613606284422068,7.65509992095865,55.38343403736266,0.513062990230034,0.1091763098166407,0.2730143083891932,-0.0619763244466172,0.0105127625432745,2380.0
4294,2385.555555555555,0.23,0.114,0.106,0.08,0.074,0.066,0.068,0.064,0.056,0.058,0.254,0.168,0.162,0.14,0.136,0.104,0.122,0.108,0.8404935788266796,-0.5418215056188892,-0.8314626596919162,-0.555580638195793,0.7781851065503627,0.6280349830568364,6.449383926241611,59.16700057990582,0.5937339600996857,0.0613606284422068,8.161333952603156,55.38343403736266,0.513062990230034,0.1091763098166407,0.2521480736480039,-0.1662925319383832,0.1400733191790652,2385.555555555555
4304,2391.111111111111,0.224,0.122,0.116,0.076,0.078,0.068,0.064,0.068,0.066,0.062,0.258,0.17,0.162,0.126,0.13,0.118,0.122,0.11,-0.0018064572158607,-0.9999983683548324,-0.9969902018940856,0.0775276552411485,0.9881181512635716,-0.1536961910505958,6.449383926241611,59.16700057990582,0.5937339600996857,0.0613606284422068,8.161333952603156,50.46597739932183,0.513062990230034,0.1091763098166407,-0.0005419371647582,-0.1993980403788171,0.1778612672274429,2391.111111111111
4314,2396.6666666666665,0.21,0.108,0.096,0.082,0.068,0.072,0.068,0.066,0.066,0.056,0.292,0.198,0.176,0.138,0.136,0.128,0.112,0.102,-0.8424456448249816,-0.5387813429540975,-0.7355811378840975,0.677436631419601,0.5506603804703558,-0.8347293845194639,6.449383926241611,59.16700057990582,0.5937339600996857,0.0613606284422068,8.161333952603156,50.46597739932183,0.6461697710646527,0.1091763098166407,-0.2527336934474944,-0.1471162275768195,0.099118868484664,2396.6666666666665
4324,2402.222222222222,0.208,0.118,0.098,0.076,0.072,0.062,0.066,0.066,0.064,0.056,0.242,0.106,0.086,0.048,0.048,0.02,0.022,0.012,-0.908544191719215,0.4177887644411687,-0.1591774891677404,0.9872499819915186,-0.2475765869442165,-0.9688683262430724,6.449383926241611,59.16700057990582,0.5937339600996857,0.0613606284422068,8.161333952603156,50.46597739932183,0.6461697710646527,0.0127136842100565,-0.2725632575157645,-0.031835497833548,-0.0445637856499589,2402.222222222222
4334,2407.777777777778,0.246,0.126,0.13,0.09,0.088,0.066,0.074,0.074,0.066,0.064,0.246,0.114,0.092,0.046,0.044,0.016,0.03,0.016,-0.1393313987130124,0.9902458085408268,0.4853900160053255,0.8742977366791875,-0.8836074372895112,-0.4682284664206807,8.200933986121193,59.16700057990582,0.5937339600996857,0.0613606284422068,8.161333952603156,50.46597739932183,0.6461697710646527,0.0127136842100565,-0.0417994196139037,0.0970780032010651,-0.159049338712112,2407.777777777778
4344,2413.333333333333,0.268,0.14,0.128,0.096,0.09,0.064,0.068,0.066,0.072,0.066,0.248,0.122,0.104,0.05,0.038,0.026,0.02,0.016,0.7579820397103044,0.6522754230205262,0.9221011493415376,0.3869489247730449,-0.9407203326483912,0.3391832185440491,8.200933986121193,51.16217385699176,0.5937339600996857,0.0613606284422068,8.161333952603156,50.46597739932183,0.6461697710646527,0.0127136842100565,0.2273946119130913,0.1844202298683075,-0.1693296598767104,2413.333333333333
4354,2418.8888888888887,0.296,0.164,0.154,0.092,0.102,0.076,0.064,0.058,0.062,0.054,0.252,0.114,0.1,0.06,0.04,0.018,0.02,0.016,0.9584102864372152,-0.2853939783025124,0.9639450768252606,-0.2661012755781945,-0.3814963025718438,0.924370364693726,8.200933986121193,51.16217385699176,0.686422778341764,0.0613606284422068,8.161333952603156,50.46597739932183,0.6461697710646527,0.0127136842100565,0.2875230859311645,0.1927890153650521,-0.0686693344629318,2418.8888888888887
4364,2424.4444444444443,0.26,0.116,0.094,0.046,0.042,0.012,0.01,0.01,0.008,-0.0,0.25,0.096,0.09,0.05,0.036,0.028,0.028,0.016,0.2776805357492585,-0.9606734721360868,0.5930031625897196,-0.8052001298798893,0.4276747628049359,0.9039326840311406,8.200933986121193,51.16217385699176,0.686422778341764,0.0059408367132947,8.161333952603156,50.46597739932183,0.6461697710646527,0.0127136842100565,0.0833041607247775,0.1186006325179439,0.0769814573048884,2424.4444444444443
4374,2430.0,0.25,0.108,0.1,0.046,0.034,0.022,0.014,0.01,0.004,0.01,0.22,0.098,0.082,0.04,0.032,0.014,0.006,0.016,-0.6583474189171495,-0.7527142060603926,-0.031877814665814,-0.9994917733188864,0.9566437965625842,0.2912604444450445,8.200933986121193,51.16217385699176,0.686422778341764,0.0059408367132947,7.358458929169223,50.46597739932183,0.6461697710646527,0.0127136842100565,-0.1975042256751448,-0.0063755629331628,0.1721958833812651,2430.0
4384,2435.555555555555,0.246,0.108,0.088,0.052,0.038,0.012,0.018,0.008,0.01,0.012,0.222,0.094,0.08,0.042,0.032,0.014,0.018,0.02,-0.9890937927558066,0.1472870297478144,-0.6431078994843082,-0.7657755739254686,0.8588432412646044,-0.5122385059072664,8.200933986121193,51.16217385699176,0.686422778341764,0.0059408367132947,7.358458929169223,52.62145824320065,0.6461697710646527,0.0127136842100565,-0.2967281378267419,-0.1286215798968616,0.1545917834276288,2435.555555555555
4394,2441.111111111111,0.246,0.104,0.094,0.044,0.042,0.026,0.024,0.01,0.008,-0.004,0.202,0.094,0.084,0.034,0.036,0.022,0.018,0.02,-0.410471894974451,0.9118732496548428,-0.9789427963536506,-0.2041347630054592,0.1983496257859815,-0.9801313309707844,8.200933986121193,51.16217385699176,0.686422778341764,0.0059408367132947,7.358458929169223,52.62145824320065,0.6101493902536503,0.0127136842100565,-0.1231415684923353,-0.1957885592707301,0.0357029326414766,2441.111111111111
4404,2446.6666666666665,0.264,0.114,0.092,0.05,0.042,0.016,0.016,0.01,0.022,0.002,0.216,0.094,0.088,0.04,0.028,0.03,0.016,0.014,0.5455359700582291,0.8380874091481312,-0.8955694458830863,0.4449217544699987,-0.5920978072889511,-0.8058661096011025,8.200933986121193,51.16217385699176,0.686422778341764,0.0059408367132947,7.358458929169223,52.62145824320065,0.6101493902536503,0.011124164672611,0.1636607910174687,-0.1791138891766172,-0.1065776053120112,2446.6666666666665
4414,2452.222222222222,0.256,0.128,0.1,0.058,0.038,0.024,0.016,0.008,0.01,0.01,0.226,0.096,0.082,0.038,0.028,0.018,0.026,0.016,0.99998058008745,-0.0062321302912387,-0.4286904409675157,0.9034514407665069,-0.9946172564177016,-0.1036171474039126,8.298330858194065,51.16217385699176,0.686422778341764,0.0059408367132947,7.358458929169223,52.62145824320065,0.6101493902536503,0.011124164672611,0.299994174026235,-0.0857380881935031,-0.1790311061551862,2452.222222222222
4424,2457.777777777778,0.272,0.142,0.108,0.052,0.042,0.034,0.024,0.01,0.012,0.016,0.212,0.102,0.086,0.042,0.032,0.026,0.018,0.018,0.5350476564309894,-0.8448218778817852,0.2217647331366506,0.9751002015879344,-0.7454878354941125,0.6665192323784087,8.298330858194065,44.44393770454528,0.686422778341764,0.0059408367132947,7.358458929169223,52.62145824320065,0.6101493902536503,0.011124164672611,0.1605142969292968,0.0443529466273301,-0.1341878103889402,2457.777777777778
4434,2463.333333333333,0.198,0.106,0.086,0.04,0.024,0.02,0.018,0.004,0.004,0.002,0.216,0.098,0.078,0.042,0.028,0.008,0.022,0.012,-0.421805615049486,-0.9066862870434982,0.7772545982908969,0.6291862120514533,-0.0079330403847469,0.9999685329400392,8.298330858194065,44.44393770454528,0.5391098358673696,0.0059408367132947,7.358458929169223,52.62145824320065,0.6101493902536503,0.011124164672611,-0.1265416845148458,0.1554509196581794,-0.0014279472692544,2463.333333333333
4444,2468.8888888888887,0.276,0.198,0.194,0.162,0.156,0.144,0.134,0.134,0.138,0.128,0.206,0.094,0.078,0.032,0.028,0.014,0.024,0.026,-0.9908527493096584,-0.1349475052955452,0.9999042412175706,0.0138386558275889,0.7348192885190937,0.6782629381149267,8.298330858194065,44.44393770454528,0.5391098358673696,0.131803632712148,7.358458929169223,52.62145824320065,0.6101493902536503,0.011124164672611,-0.2972558247928975,0.1999808482435141,0.1322674719334368,2468.8888888888887
4454,2474.4444444444443,0.27,0.202,0.188,0.16,0.158,0.146,0.144,0.142,0.136,0.13,0.192,0.08,0.06,0.034,0.028,0.02,0.0,0.006,-0.6489144354061622,0.7608613904789109,0.7943694120485737,-0.6074349654091401,0.9961360139620454,-0.0878239243475695,8.298330858194065,44.44393770454528,0.5391098358673696,0.131803632712148,6.593526323219059,52.62145824320065,0.6101493902536503,0.011124164672611,-0.1946743306218486,0.1588738824097147,0.1793044825131681,2474.4444444444443
4464,2480.0,0.286,0.208,0.19,0.164,0.156,0.146,0.14,0.138,0.14,0.13,0.21,0.086,0.07,0.036,0.034,0.02,0.016,0.002,0.2896328177875231,0.957137832739078,0.2486653613421625,-0.9685894579586192,0.6048088166012291,-0.7963707022244232,8.298330858194065,44.44393770454528,0.5391098358673696,0.131803632712148,6.593526323219059,49.08581504012943,0.6101493902536503,0.011124164672611,0.0868898453362569,0.0497330722684325,0.1088655869882212,2480.0
4474,2485.555555555555,0.296,0.22,0.19,0.162,0.154,0.154,0.146,0.136,0.142,0.13,0.218,0.1,0.074,0.038,0.034,0.022,0.02,0.01,0.9618929940175333,0.2734261656462045,-0.4035235326980099,-0.9149692664559383,-0.1827743067379228,-0.9831548976618444,8.298330858194065,44.44393770454528,0.5391098358673696,0.131803632712148,6.593526323219059,49.08581504012943,0.6500573764478406,0.011124164672611,0.2885678982052599,-0.0807047065396019,-0.0328993752128261,2485.555555555555
4484,2491.111111111111,0.292,0.21,0.2,0.16,0.156,0.144,0.142,0.142,0.132,0.132,0.284,0.18,0.162,0.138,0.122,0.112,0.11,0.112,0.7497931875446031,-0.6616722571724641,-0.8829133688843055,-0.4695359230616612,-0.8506081801100074,-0.5258000798116536,8.298330858194065,44.44393770454528,0.5391098358673696,0.131803632712148,6.593526323219059,49.08581504012943,0.6500573764478406,0.1060973079036891,0.2249379562633809,-0.1765826737768611,-0.1531094724198013,2491.111111111111
4494,2496.6666666666665,0.284,0.208,0.19,0.162,0.164,0.142,0.148,0.13,0.14,0.136,0.272,0.178,0.156,0.126,0.116,0.11,0.118,0.108,-0.1516630177083494,-0.9884322582046768,-0.9842172052536472,0.1769646656332839,-0.9611444037084108,0.2760460744513561,8.171068818948156,44.44393770454528,0.5391098358673696,0.131803632712148,6.593526323219059,49.08581504012943,0.6500573764478406,0.1060973079036891,-0.0454989053125048,-0.1968434410507294,-0.1730059926675139,2496.6666666666665
4504,2502.222222222222,0.272,0.18,0.174,0.164,0.16,0.152,0.132,0.142,0.138,0.138,0.274,0.176,0.156,0.124,0.12,0.104,0.116,0.106,-0.913680943910124,-0.4064321994324571,-0.6640541580083622,0.7476844757194074,-0.4419623506608861,0.8970336005960445,8.171068818948156,56.14091493852781,0.5391098358673696,0.131803632712148,6.593526323219059,49.08581504012943,0.6500573764478406,0.1060973079036891,-0.2741042831730372,-0.1328108316016724,-0.0795532231189595,2502.222222222222
4514,2507.777777777778,0.294,0.196,0.186,0.154,0.154,0.15,0.128,0.134,0.128,0.124,0.274,0.176,0.154,0.132,0.122,0.112,0.112,0.104,-0.8356648239364876,0.5492397491398444,-0.0595262012358059,0.9982267434638455,0.366782611692217,0.930306678337975,8.171068818948156,56.14091493852781,0.593163234840799,0.131803632712148,6.593526323219059,49.08581504012943,0.6500573764478406,0.1060973079036891,-0.2506994471809463,-0.0119052402471611,0.066020870104599,2507.777777777778
4524,2513.333333333333,0.268,0.164,0.162,0.12,0.116,0.1,0.094,0.096,0.102,0.096,0.276,0.178,0.166,0.13,0.12,0.118,0.118,0.108,0.0106576812986265,0.9999432053018495,0.5704923915410338,0.8213028863907589,0.9352205886980616,0.3540656019373406,8.171068818948156,56.14091493852781,0.593163234840799,0.0930578150609146,6.593526323219059,49.08581504012943,0.6500573764478406,0.1060973079036891,0.0031973043895879,0.1140984783082067,0.168339705965651,2513.333333333333
4534,2518.8888888888887,0.27,0.17,0.152,0.11,0.12,0.11,0.102,0.092,0.098,0.098,0.322,0.2,0.188,0.136,0.138,0.116,0.114,0.108,0.8471815634981072,0.5313034899837403,0.9562116070003224,0.2926762078438583,0.890924937826091,-0.454150586435354,8.171068818948156,56.14091493852781,0.593163234840799,0.0930578150609146,8.456749922156808,49.08581504012943,0.6500573764478406,0.1060973079036891,0.2541544690494322,0.1912423214000644,0.1603664888086963,2518.8888888888887
4544,2524.4444444444443,0.28,0.174,0.154,0.12,0.126,0.106,0.092,0.1,0.096,0.09,0.324,0.188,0.182,0.142,0.126,0.124,0.114,0.118,0.9048106231954692,-0.4258142037938923,0.932456649556204,-0.3612818798368091,0.2629170848083627,-0.9648184318906186,8.171068818948156,56.14091493852781,0.593163234840799,0.0930578150609146,8.456749922156808,53.56183272025926,0.6500573764478406,0.1060973079036891,0.2714431869586408,0.1864913299112408,0.0473250752655052,2524.4444444444443
4554,2530.0,0.268,0.154,0.158,0.108,0.116,0.094,0.094,0.09,0.092,0.09,0.308,0.196,0.178,0.136,0.132,0.116,0.108,0.11,0.1305609686748637,-0.991440282346184,0.5093999972256562,-0.8605298616704138,-0.5373476038185985,-0.8433608674051758,8.171068818948156,56.14091493852781,0.593163234840799,0.0930578150609146,8.456749922156808,53.56183272025926,0.6283656733414756,0.1060973079036891,0.0391682906024591,0.1018799994451312,-0.0967225686873477,2530.0
4564,2535.555555555555,0.254,0.16,0.16,0.114,0.12,0.096,0.102,0.102,0.1,0.09,0.26,0.138,0.136,0.1,0.08,0.072,0.072,0.064,-0.7637258383326557,-0.6455407375705132,-0.1317947126373246,-0.9912770317730786,-0.9855553010809572,-0.169353914956885,8.171068818948156,56.14091493852781,0.593163234840799,0.0930578150609146,8.456749922156808,53.56183272025926,0.6283656733414756,0.0609193085605674,-0.2291177514997967,-0.0263589425274649,-0.1773999541945722,2535.555555555555
4574,2541.111111111111,0.26,0.166,0.15,0.118,0.112,0.1,0.106,0.09,0.084,0.094,0.262,0.148,0.138,0.09,0.088,0.074,0.066,0.068,-0.9558466316792708,0.2938659842639025,-0.7165515686245173,-0.6975341206720598,-0.7880512995169922,0.6156095754043954,8.18663506589876,56.14091493852781,0.593163234840799,0.0930578150609146,8.456749922156808,53.56183272025926,0.6283656733414756,0.0609193085605674,-0.2867539895037812,-0.1433103137249034,-0.1418492339130586,2541.111111111111
4584,2546.6666666666665,0.286,0.182,0.162,0.116,0.128,0.1,0.112,0.102,0.09,0.096,0.264,0.146,0.13,0.098,0.088,0.078,0.076,0.062,-0.2691664399725714,0.9630936753984484,-0.994462786306147,-0.1050893270138058,-0.0742353844406914,0.9972407471102164,8.18663506589876,47.92165327952674,0.593163234840799,0.0930578150609146,8.456749922156808,53.56183272025926,0.6283656733414756,0.0609193085605674,-0.0807499319917714,-0.1988925572612294,-0.0133623691993244,2546.6666666666665
4594,2552.222222222222,0.316,0.186,0.17,0.12,0.126,0.106,0.102,0.102,0.092,0.084,0.276,0.148,0.136,0.09,0.092,0.082,0.07,0.074,0.6649841353202905,0.7468574829057586,-0.8465197015249976,0.5323573939845573,0.6882177366327987,0.7255042019065276,8.18663506589876,47.92165327952674,0.6488584510594297,0.0930578150609146,8.456749922156808,53.56183272025926,0.6283656733414756,0.0609193085605674,0.1994952405960871,-0.1693039403049995,0.1238791925939037,2552.222222222222
4604,2557.777777777778,0.29,0.164,0.144,0.1,0.09,0.064,0.072,0.058,0.058,0.056,0.278,0.148,0.148,0.082,0.098,0.074,0.074,0.066,0.9877513633311394,-0.1560360350607362,-0.3360753125442329,0.94183511523955,0.9997674498546976,-0.0215649301189465,8.18663506589876,47.92165327952674,0.6488584510594297,0.0570645234171375,8.456749922156808,53.56183272025926,0.6283656733414756,0.0609193085605674,0.2963254089993418,-0.0672150625088466,0.1799581409738455,2557.777777777778
4614,2563.333333333333,0.284,0.156,0.144,0.102,0.094,0.07,0.068,0.058,0.058,0.06,0.252,0.132,0.122,0.092,0.08,0.074,0.07,0.064,0.402384543144084,-0.9154707419894568,0.3182850879447175,0.9479950436537226,0.656294012403172,-0.7545052480160395,8.18663506589876,47.92165327952674,0.6488584510594297,0.0570645234171375,7.399863462958335,53.56183272025926,0.6283656733414756,0.0609193085605674,0.1207153629432252,0.0636570175889435,0.1181329222325709,2563.333333333333
4624,2568.8888888888887,0.268,0.148,0.126,0.082,0.074,0.076,0.062,0.064,0.062,0.062,0.242,0.134,0.128,0.088,0.084,0.058,0.07,0.064,-0.5529327703181427,-0.8332258706427111,0.8363477043662425,0.5481993409347701,-0.1171671905380984,-0.9931122038628912,8.18663506589876,47.92165327952674,0.6488584510594297,0.0570645234171375,7.399863462958335,55.10914179995703,0.6283656733414756,0.0609193085605674,-0.1658798310954428,0.1672695408732485,-0.0210900942968577,2568.8888888888887
4634,2574.4444444444443,0.268,0.15,0.142,0.092,0.098,0.066,0.066,0.066,0.07,0.054,0.23,0.132,0.114,0.08,0.082,0.06,0.06,0.068,-0.9998862447300892,0.0150830235549776,0.9962649249382668,-0.0863492868398441,-0.8138633194484349,-0.581056363235422,8.18663506589876,47.92165327952674,0.6488584510594297,0.0570645234171375,7.399863462958335,55.10914179995703,0.6007311596945369,0.0609193085605674,-0.2999658734190267,0.1992529849876533,-0.1464953975007182,2574.4444444444443
4644,2580.0,0.276,0.15,0.14,0.09,0.102,0.068,0.07,0.066,0.054,0.058,0.224,0.13,0.104,0.07,0.074,0.054,0.058,0.048,-0.5275489169488146,0.8495246554551156,0.7295561213695454,-0.6839209499439428,-0.977336131476328,0.2116933775791908,8.18663506589876,47.92165327952674,0.6488584510594297,0.0570645234171375,7.399863462958335,55.10914179995703,0.6007311596945369,0.0507048856022945,-0.1582646750846443,0.1459112242739091,-0.175920503665739,2580.0
4654,2585.555555555555,0.3,0.172,0.138,0.1,0.104,0.068,0.074,0.068,0.066,0.06,0.23,0.126,0.104,0.07,0.07,0.054,0.054,0.052,0.4298144521587208,0.902917236913494,0.1504327986740445,-0.9886202370390232,-0.5004822433304614,0.8657468013864729,9.045820604382154,47.92165327952674,0.6488584510594297,0.0570645234171375,7.399863462958335,55.10914179995703,0.6007311596945369,0.0507048856022945,0.1289443356476162,0.0300865597348089,-0.090086803799483,2585.555555555555
4664,2591.111111111111,0.302,0.174,0.162,0.1,0.104,0.07,0.074,0.058,0.072,0.054,0.24,0.122,0.112,0.08,0.07,0.05,0.06,0.056,0.992008396142438,0.1261718747697285,-0.493109681207639,-0.8699671501265439,0.304275354753252,0.9525841214768292,9.045820604382154,47.619251882658055,0.6488584510594297,0.0570645234171375,7.399863462958335,55.10914179995703,0.6007311596945369,0.0507048856022945,0.2976025188427313,-0.0986219362415278,0.0547695638555853,2591.111111111111
4674,2596.6666666666665,0.314,0.178,0.164,0.11,0.096,0.078,0.078,0.076,0.062,0.054,0.23,0.122,0.126,0.066,0.072,0.058,0.054,0.058,0.6421543955938998,-0.7665753271658522,-0.9254900319277424,-0.378771964118764,0.909679191548002,0.4153116522138209,9.045820604382154,47.619251882658055,0.6689458201348977,0.0570645234171375,7.399863462958335,55.10914179995703,0.6007311596945369,0.0507048856022945,0.1926463186781699,-0.1850980063855485,0.1637422544786403,2596.6666666666665
4684,2602.222222222222,0.34,0.214,0.21,0.154,0.162,0.136,0.132,0.122,0.114,0.124,0.228,0.124,0.116,0.076,0.07,0.062,0.058,0.054,-0.2980933948169394,-0.954536708548452,-0.961551970928516,0.274623027445781,0.9190834984157108,-0.3940628413590126,9.045820604382154,47.619251882658055,0.6689458201348977,0.1177860604048068,7.399863462958335,55.10914179995703,0.6007311596945369,0.0507048856022945,-0.0894280184450818,-0.1923103941857032,0.1654350297148279,2602.222222222222
4694,2607.777777777778,0.34,0.216,0.206,0.158,0.152,0.13,0.132,0.13,0.122,0.122,0.232,0.126,0.106,0.072,0.07,0.056,0.054,0.052,-0.964275492761208,-0.2649014421631738,-0.5858528571276092,0.8104174416900325,0.3263268037907755,-0.9452570111497172,9.045820604382154,47.619251882658055,0.6689458201348977,0.1177860604048068,7.341866471312744,55.10914179995703,0.6007311596945369,0.0507048856022945,-0.2892826478283624,-0.1171705714255218,0.0587388246823395,2607.777777777778
4704,2613.333333333333,0.332,0.22,0.206,0.156,0.154,0.124,0.126,0.128,0.118,0.122,0.228,0.122,0.114,0.07,0.076,0.048,0.056,0.052,-0.7439071496450573,0.6682829884913772,0.040723376715799,0.9991704592254832,-0.4802312215328657,-0.8771419348458103,9.045820604382154,47.619251882658055,0.6689458201348977,0.1177860604048068,7.341866471312744,54.25781879459656,0.6007311596945369,0.0507048856022945,-0.2231721448935172,0.0081446753431598,-0.0864416198759158,2613.333333333333
4714,2618.8888888888887,0.34,0.224,0.206,0.158,0.142,0.126,0.134,0.116,0.132,0.126,0.194,0.114,0.098,0.072,0.068,0.058,0.058,0.048,0.1604059961510714,0.9870511214718224,0.649860823081099,0.7600532288099016,-0.9721535104901126,-0.2343449424283585,9.045820604382154,47.619251882658055,0.6689458201348977,0.1177860604048068,7.341866471312744,54.25781879459656,0.5068779400501676,0.0507048856022945,0.0481217988453214,0.1299721646162198,-0.1749876318882202,2618.8888888888887
4724,2624.4444444444443,0.346,0.226,0.212,0.168,0.15,0.134,0.134,0.132,0.12,0.124,0.208,0.126,0.104,0.078,0.082,0.064,0.06,0.068,0.9172426088361556,0.3983290053905731,0.980711307559158,0.1954618408426734,-0.8271446256309175,0.5619891175902691,9.045820604382154,47.619251882658055,0.6689458201348977,0.1177860604048068,7.341866471312744,54.25781879459656,0.5068779400501676,0.0584697605822755,0.2751727826508466,0.1961422615118316,-0.1488860326135651,2624.4444444444443
4734,2630.0,0.348,0.236,0.222,0.16,0.15,0.132,0.132,0.126,0.122,0.12,0.212,0.122,0.112,0.078,0.08,0.068,0.058,0.058,0.8307705970382384,-0.5566149612584348,0.891596223140195,-0.4528312874373186,-0.1402108373133044,0.9901216698466416,9.153067795827436,47.619251882658055,0.6689458201348977,0.1177860604048068,7.341866471312744,54.25781879459656,0.5068779400501676,0.0584697605822755,0.2492311791114715,0.178319244628039,-0.0252379507163948,2630.0
4744,2635.555555555555,0.348,0.208,0.204,0.152,0.148,0.134,0.13,0.118,0.124,0.114,0.214,0.116,0.11,0.082,0.076,0.064,0.078,0.06,-0.0195080703817328,-0.9998096994878484,0.420676919486273,-0.9072105209991448,0.6385856581056747,0.769550750283399,9.153067795827436,51.59078715036719,0.6689458201348977,0.1177860604048068,7.341866471312744,54.25781879459656,0.5068779400501676,0.0584697605822755,-0.0058524211145198,0.0841353838972546,0.1149454184590214,2635.555555555555
4754,2641.111111111111,0.306,0.21,0.194,0.15,0.152,0.132,0.128,0.13,0.128,0.12,0.212,0.112,0.1,0.078,0.074,0.068,0.064,0.056,-0.8518511078588448,-0.5237840108667493,-0.2303869592859013,-0.9730990951547516,0.9989964681255096,0.0447890240210437,9.153067795827436,51.59078715036719,0.6115651652446795,0.1177860604048068,7.341866471312744,54.25781879459656,0.5068779400501676,0.0584697605822755,-0.2555553323576534,-0.0460773918571802,0.1798193642625917,2641.111111111111
4764,2646.6666666666665,0.296,0.186,0.182,0.138,0.128,0.12,0.11,0.1,0.102,0.11,0.202,0.124,0.104,0.082,0.082,0.068,0.066,0.056,-0.9010061652831614,0.4338062817914611,-0.7827932721900868,-0.6222818437122658,0.7048892558209934,-0.7093173739787615,9.153067795827436,51.59078715036719,0.6115651652446795,0.0997108328330321,7.341866471312744,54.25781879459656,0.5068779400501676,0.0584697605822755,-0.2703018495849484,-0.1565586544380173,0.1268800660477788,2646.6666666666665
4774,2652.222222222222,0.304,0.182,0.182,0.14,0.124,0.106,0.106,0.098,0.092,0.098,0.22,0.122,0.11,0.078,0.08,0.066,0.066,0.06,-0.1217803095489896,0.9925570795708186,-0.999987561586318,-0.0049876520177435,-0.0510441354522841,-0.998696398429437,9.153067795827436,51.59078715036719,0.6115651652446795,0.0997108328330321,8.033014895922769,54.25781879459656,0.5068779400501676,0.0584697605822755,-0.0365340928646968,-0.1999975123172636,-0.0091879443814111,2652.222222222222
4784,2657.777777777778,0.318,0.2,0.184,0.136,0.13,0.112,0.118,0.11,0.102,0.104,0.224,0.132,0.106,0.086,0.082,0.064,0.062,0.056,0.7694098011658514,0.6387554758042587,-0.7889616989820717,0.6144423793483997,-0.7735346591544903,-0.633753998872391,9.153067795827436,51.59078715036719,0.6115651652446795,0.0997108328330321,8.033014895922769,51.67196502094249,0.5068779400501676,0.0584697605822755,0.2308229403497554,-0.1577923397964143,-0.1392362386478082,2657.777777777778
4794,2663.333333333333,0.31,0.2,0.182,0.136,0.13,0.114,0.106,0.096,0.114,0.098,0.256,0.138,0.138,0.088,0.08,0.076,0.068,0.068,0.9532080890038852,-0.3023149666449893,-0.2400823353555583,0.9707525288404976,-0.9892242166238672,0.1464085012726255,9.153067795827436,51.59078715036719,0.6115651652446795,0.0997108328330321,8.033014895922769,51.67196502094249,0.5841258621019859,0.0584697605822755,0.2859624267011655,-0.0480164670711116,-0.178060358992296,2663.333333333333
4804,2668.8888888888887,0.314,0.19,0.18,0.138,0.132,0.12,0.118,0.104,0.106,0.096,0.22,0.124,0.098,0.06,0.056,0.034,0.034,0.04,0.2606312557561464,-0.9654384229576604,0.4116064011950008,0.9113617122171088,-0.5567982916482541,0.8306477366595215,9.153067795827436,51.59078715036719,0.6115651652446795,0.0997108328330321,8.033014895922769,51.67196502094249,0.5841258621019859,0.0275225532280194,0.0781893767268439,0.0823212802390001,-0.1002236924966857,2668.8888888888887
4814,2674.4444444444443,0.274,0.166,0.164,0.118,0.122,0.106,0.108,0.102,0.104,0.098,0.222,0.114,0.088,0.06,0.042,0.038,0.036,0.03,-0.6715687520712523,-0.7409422455505293,0.8870347896623972,0.4617025903420801,0.2404282390462219,0.9706669160268792,7.336454512434773,51.59078715036719,0.6115651652446795,0.0997108328330321,8.033014895922769,51.67196502094249,0.5841258621019859,0.0275225532280194,-0.2014706256213757,0.1774069579324794,0.0432770830283199,2674.4444444444443
4824,2680.0,0.264,0.178,0.162,0.128,0.122,0.118,0.12,0.102,0.106,0.098,0.21,0.114,0.09,0.054,0.05,0.034,0.036,0.03,-0.9863315463422648,0.1647728153855384,0.9826122809282642,-0.1856693441819462,0.8801320751643031,0.4747289018660834,7.336454512434773,45.8584435406906,0.6115651652446795,0.0997108328330321,8.033014895922769,51.67196502094249,0.5841258621019859,0.0275225532280194,-0.2958994639026794,0.1965224561856528,0.1584237735295745,2680.0
4834,2685.555555555555,0.268,0.17,0.162,0.126,0.122,0.104,0.106,0.108,0.104,0.104,0.224,0.118,0.1,0.064,0.048,0.034,0.032,0.04,-0.3942656656071748,0.9189965097449126,0.6574101580666109,-0.7535329349609303,0.9431949284551608,-0.3322398635571356,7.336454512434773,45.8584435406906,0.5861489849280462,0.0997108328330321,8.033014895922769,51.67196502094249,0.5841258621019859,0.0275225532280194,-0.1182796996821524,0.1314820316133221,0.1697750871219289,2685.555555555555
4844,2691.111111111111,0.302,0.226,0.206,0.178,0.166,0.156,0.158,0.15,0.156,0.154,0.226,0.11,0.1,0.062,0.05,0.032,0.036,0.024,0.560286249837925,0.828299051214327,0.0506882557315388,-0.9987145241413556,0.3882995617362564,-0.9215332063227192,7.336454512434773,45.8584435406906,0.5861489849280462,0.1498588133219723,8.033014895922769,51.67196502094249,0.5841258621019859,0.0275225532280194,0.1680858749513774,0.0101376511463077,0.0698939211125261,2691.111111111111
4854,2696.6666666666665,0.308,0.226,0.208,0.174,0.164,0.15,0.152,0.15,0.148,0.148,0.22,0.098,0.094,0.052,0.04,0.032,0.036,0.03,0.999713571074411,-0.0239327351058917,-0.5777396491657246,-0.8162211083902849,-0.4210001690879922,-0.9070605589638886,7.336454512434773,45.8584435406906,0.5861489849280462,0.1498588133219723,7.057655825636014,51.67196502094249,0.5841258621019859,0.0275225532280194,0.2999140713223233,-0.1155479298331449,-0.0757800304358386,2696.6666666666665
4864,2702.222222222222,0.304,0.222,0.2,0.17,0.162,0.16,0.154,0.148,0.148,0.154,0.216,0.106,0.098,0.046,0.046,0.038,0.036,0.024,0.5200088454804753,-0.8541608751412483,-0.9587647163817546,-0.2842010179809591,-0.954470898647944,-0.2983040456215543,7.336454512434773,45.8584435406906,0.5861489849280462,0.1498588133219723,7.057655825636014,48.94758563638537,0.5841258621019859,0.0275225532280194,0.1560026536441426,-0.1917529432763509,-0.1718047617566299,2702.222222222222
4874,2707.777777777778,0.302,0.222,0.202,0.174,0.168,0.168,0.16,0.154,0.148,0.154,0.198,0.102,0.086,0.058,0.04,0.034,0.028,0.024,-0.4377896145045509,-0.8990774457364374,-0.9292223042079422,0.3695211893281394,-0.8625956686556258,0.5058939734930176,7.336454512434773,45.8584435406906,0.5861489849280462,0.1498588133219723,7.057655825636014,48.94758563638537,0.5743255127652905,0.0275225532280194,-0.1313368843513652,-0.1858444608415884,-0.1552672203580126,2707.777777777778
4884,2713.333333333333,0.29,0.22,0.204,0.18,0.17,0.164,0.16,0.148,0.156,0.162,0.24,0.16,0.142,0.106,0.102,0.1,0.086,0.086,-0.9930863218843478,-0.1173863590295641,-0.5017632262318706,0.8650050085412134,-0.2055688799461715,0.9786426495905828,7.336454512434773,45.8584435406906,0.5861489849280462,0.1498588133219723,7.057655825636014,48.94758563638537,0.5743255127652905,0.0872141609287306,-0.2979258965653043,-0.1003526452463741,-0.0370023983903108,2713.333333333333
4894,2718.8888888888887,0.33,0.226,0.22,0.182,0.186,0.166,0.16,0.154,0.148,0.154,0.246,0.146,0.134,0.118,0.1,0.102,0.096,0.084,-0.6353440447759311,0.7722292048140627,0.1405636493639599,0.9900716441134376,0.5861416048991286,0.8102086268401947,9.4332754543226,45.8584435406906,0.5861489849280462,0.1498588133219723,7.057655825636014,48.94758563638537,0.5743255127652905,0.0872141609287306,-0.1906032134327793,0.0281127298727919,0.1055054888818431,2718.8888888888887
4904,2724.4444444444443,0.318,0.224,0.214,0.172,0.174,0.17,0.164,0.154,0.152,0.148,0.244,0.158,0.146,0.116,0.092,0.09,0.096,0.088,0.3065306170603361,0.9518607990691756,0.7226975889588242,0.6911643761892697,0.9938264637475228,0.1109457523075741,9.4332754543226,57.78145787437038,0.5861489849280462,0.1498588133219723,7.057655825636014,48.94758563638537,0.5743255127652905,0.0872141609287306,0.0919591851181008,0.1445395177917648,0.1788887634745541,2724.4444444444443
4914,2730.0,0.324,0.218,0.214,0.176,0.176,0.16,0.152,0.154,0.158,0.152,0.252,0.16,0.132,0.124,0.11,0.094,0.094,0.094,0.9665824432096538,0.2563559643910324,0.9953540077499278,0.096282912586589,0.7503805605360626,-0.6610060622789965,9.4332754543226,57.78145787437038,0.5754277491409066,0.1498588133219723,7.057655825636014,48.94758563638537,0.5743255127652905,0.0872141609287306,0.2899747329628961,0.1990708015499855,0.1350685008964912,2730.0
4924,2735.555555555555,0.252,0.128,0.128,0.076,0.074,0.052,0.046,0.042,0.056,0.04,0.256,0.156,0.144,0.114,0.098,0.096,0.1,0.09,0.7379628286953362,-0.6748413617021246,0.8417744803490873,-0.5398293473247114,0.0153036895052034,-0.9998828916865856,9.4332754543226,57.78145787437038,0.5754277491409066,0.0400351713062899,7.057655825636014,48.94758563638537,0.5743255127652905,0.0872141609287306,0.2213888486086008,0.1683548960698174,0.0027546641109366,2735.555555555555
4934,2741.111111111111,0.246,0.118,0.12,0.074,0.07,0.056,0.05,0.05,0.04,0.04,0.272,0.172,0.154,0.122,0.116,0.108,0.092,0.086,-0.1691364072315795,-0.9855926520367292,0.3277256733570187,-0.9447729266986268,-0.7297997841302126,-0.683660935759456,9.4332754543226,57.78145787437038,0.5754277491409066,0.0400351713062899,8.653195813054198,48.94758563638537,0.5743255127652905,0.0872141609287306,-0.0507409221694738,0.0655451346714037,-0.1313639611434382,2741.111111111111
4944,2746.6666666666665,0.24,0.122,0.122,0.07,0.072,0.036,0.05,0.032,0.048,0.048,0.272,0.17,0.162,0.118,0.11,0.108,0.092,0.086,-0.920732410362226,-0.3901946033821656,-0.3266636169073848,-0.945140667514093,-0.9967563106618248,0.0804789236746341,9.4332754543226,57.78145787437038,0.5754277491409066,0.0400351713062899,8.653195813054198,49.87666677828318,0.5743255127652905,0.0872141609287306,-0.2762197231086677,-0.0653327233814769,-0.1794161359191284,2746.6666666666665
4954,2752.222222222222,0.244,0.12,0.11,0.08,0.072,0.046,0.062,0.052,0.04,0.038,0.286,0.17,0.17,0.128,0.124,0.098,0.094,0.086,-0.8258112815809584,0.5639465641473622,-0.8411672235307347,-0.5407750937844632,-0.6106625111819414,0.791890963098434,9.4332754543226,57.78145787437038,0.5754277491409066,0.0400351713062899,8.653195813054198,49.87666677828318,0.6371082294236313,0.0872141609287306,-0.2477433844742875,-0.1682334447061469,-0.1099192520127494,2752.222222222222
4964,2757.777777777778,0.256,0.128,0.118,0.074,0.072,0.054,0.056,0.052,0.042,0.038,0.256,0.112,0.104,0.046,0.048,0.024,0.03,0.01,0.028356931061995,0.9995978613726348,-0.9954615934044352,0.0951641532127677,0.1755224116193714,0.9844754354575436,9.4332754543226,57.78145787437038,0.5754277491409066,0.0400351713062899,8.653195813054198,49.87666677828318,0.6371082294236313,0.0109937134244479,0.0085070793185985,-0.199092318680887,0.0315940340914868,2757.777777777778
4974,2763.333333333333,0.248,0.13,0.13,0.068,0.072,0.056,0.054,0.048,0.048,0.04,0.256,0.118,0.102,0.042,0.044,0.02,0.024,0.01,0.8564539120612674,0.5162234947335803,-0.7234739461677769,0.6903516851695407,0.8467093485496042,0.5320557105028615,9.172984630035996,57.78145787437038,0.5754277491409066,0.0400351713062899,8.653195813054198,49.87666677828318,0.6371082294236313,0.0109937134244479,0.2569361736183802,-0.1446947892335554,0.1524076827389287,2763.333333333333
4984,2768.8888888888887,0.278,0.148,0.134,0.08,0.08,0.054,0.05,0.042,0.042,0.04,0.262,0.116,0.104,0.05,0.042,0.028,0.024,0.012,0.8971311160509818,-0.4417643722768053,-0.1416763221901709,0.9899130364484888,0.9631530546693372,-0.2689538869046601,9.172984630035996,46.25930325233851,0.5754277491409066,0.0400351713062899,8.653195813054198,49.87666677828318,0.6371082294236313,0.0109937134244479,0.2691393348152945,-0.0283352644380341,0.1733675498404807,2768.8888888888887
4994,2774.4444444444443,0.272,0.154,0.128,0.084,0.076,0.06,0.062,0.048,0.044,0.044,0.256,0.124,0.102,0.044,0.048,0.026,0.022,0.018,0.112990109275541,-0.9935961127167826,0.500790712641848,0.8655684040742649,0.4485624652217428,-0.8937514837997154,9.172984630035996,46.25930325233851,0.5989053914574938,0.0400351713062899,8.653195813054198,49.87666677828318,0.6371082294236313,0.0109937134244479,0.0338970327826623,0.1001581425283696,0.0807412437399137,2774.4444444444443
