source_row_index,time,X1A,Y1A,X2A,Y2A,X3A,Y3A,X4A,Y4A,X5A,Y5A,X1B,Y1B,X2B,Y2B,X3B,Y3B,X4B,Y4B,s1,c1,s2,c2,s3,c3,L_A,G_A,X0_A,Y6_A,L_B,G_B,X0_B,Y5_B,H1,H2,H3,time_hours
4,2.2222222222222223,0.2596626298523364,0.148493119529736,0.1352484961916466,0.0910698308016668,0.0866877109667347,0.0676103922717719,0.0661920031601855,0.057220898427597,0.0563997156892185,0.0518458932229186,0.2434216010617532,0.1358293378550782,0.1203456829841636,0.0807512665929958,0.0758921082392604,0.0608497624445757,0.0590108647271808,0.052889118007356,-0.2008615074092269,0.0,-0.0879839742680801,0.0,-0.167752345713407,0.0,8.0,50.0,0.6,0.05,7.5,50.0,0.6,0.05,-0.060258452222768,-0.017596794853616,-0.0301954222284132,2.2222222222222223
14,7.777777777777778,0.2554882042201281,0.1411406537368193,0.1273900271814895,0.0834062066433993,0.078624358629407,0.0625353430863929,0.0608385515112402,0.0539783834890486,0.0536430900537203,0.0506345536554433,0.2387002053300121,0.1315491772296544,0.1144830970507567,0.0774014963398015,0.0715496189947966,0.0581343714139012,0.0566028422926838,0.0522332561789498,-0.2129242404065839,0.0,0.1498424706896584,0.0,0.022639821009095,0.0,8.400305493134933,50.0,0.6,0.05,7.5,50.0,0.6,0.05,-0.0638772721219751,0.0299684941379316,0.0040751677816371,7.777777777777778
24,13.333333333333332,0.2478307533983043,0.1293612615757356,0.1212153931728748,0.0774156351902034,0.0753829530776449,0.0599523276396961,0.0588218834189648,0.0528808292108073,0.0529293443370467,0.0505054851791395,0.2403778186621045,0.1321086807941613,0.114688936100335,0.0776375506841255,0.0717631120075241,0.0582155937247356,0.0567342762070837,0.0521527131677172,0.0533987394100698,0.0,0.0905862513413593,0.0,-0.0238866457566305,0.0,8.400305493134933,57.94427601939151,0.6,0.05,7.5,50.0,0.6,0.05,0.0160196218230209,0.0181172502682718,-0.0042995962361935,13.333333333333332
34,18.88888888888889,0.2661494733633801,0.1369757957400681,0.1279005374167147,0.0802967796158804,0.0778369165330737,0.0611984601438416,0.0597799840871778,0.0530501211000546,0.0530075276121872,0.0505743073799732,0.2391174489171004,0.1318441400247916,0.114583172481405,0.0775049369032952,0.0714275461843655,0.0584436773725405,0.0566584093616042,0.0518805488403846,-0.0742264565584402,0.0,0.118986754434183,0.0,0.0091053317262254,0.0,8.400305493134933,57.94427601939151,0.6551371380490387,0.05,7.5,50.0,0.6,0.05,-0.022267936967532,0.0237973508868366,0.0016389597107205,18.88888888888889
44,24.444444444444443,0.2558253657999074,0.1228689945113523,0.1133364521894312,0.0649525566536963,0.0624387395578732,0.0455094906677994,0.0439209748209684,0.0368122086377418,0.0370281972841394,0.0343783173429126,0.2395485670298375,0.1314700357395893,0.1145655831482153,0.077863999305364,0.0715551119843859,0.0584220919926701,0.0564103092408174,0.0522678012204396,0.044162109737225,0.0,-0.0260939200397567,0.0,-0.0478106382941805,0.0,8.400305493134933,57.94427601939151,0.6551371380490387,0.0337810784985887,7.5,50.0,0.6,0.05,0.0132486329211675,-0.0052187840079513,-0.0086059148929525,24.444444444444443
54,30.0,0.2557852830806737,0.1228508024809226,0.1134288938828358,0.0650169216967528,0.0620034252897937,0.0451799082052523,0.0436867267399505,0.0366993820735351,0.0367567111127351,0.0345933889098313,0.2280978337082959,0.1256461044066673,0.1069937795686082,0.0739914177669964,0.0677814813979246,0.0572054821286038,0.0549273352062102,0.0520800919511487,-0.1400968284396807,0.0,-0.0208016373200012,0.0,-0.0578467370311843,0.0,8.400305493134933,57.94427601939151,0.6551371380490387,0.0337810784985887,6.9004988547336765,50.0,0.6,0.05,-0.0420290485319042,-0.0041603274640002,-0.0104124126656131,30.0
64,35.55555555555556,0.2553098765374819,0.1228934898515397,0.1133321190473751,0.0647942354205698,0.0622144643436816,0.0452610333830133,0.0438140849966215,0.0362916003524384,0.0373949175582742,0.0345488150295552,0.2199560536382926,0.1158446661312972,0.101697480482461,0.0701170486666486,0.065611722980527,0.0560791200499238,0.0542947787261868,0.0515029437963983,-0.1596661565288793,0.0,0.1005475282911924,0.0,0.026345690540683,0.0,8.400305493134933,57.94427601939151,0.6551371380490387,0.0337810784985887,6.9004988547336765,57.47106890792524,0.6,0.05,-0.0478998469586638,0.0201095056582384,0.0047422242973229,35.55555555555556
74,41.11111111111111,0.2562717909570998,0.1234798426937609,0.1137050280246907,0.0649244437667965,0.0623090756721087,0.0450362458599187,0.0441198859309457,0.03624044125941,0.0375277613043398,0.0343884128443106,0.189927517543056,0.1042218662617463,0.0929046943818256,0.0668741646925368,0.0631126600261528,0.0551264884249778,0.0533482818964726,0.0511342682492276,-0.0514493793098019,0.0,0.0944591656234764,0.0,-0.0135316484233784,0.0,8.400305493134933,57.94427601939151,0.6551371380490387,0.0337810784985887,6.9004988547336765,57.47106890792524,0.501053060913115,0.05,-0.0154348137929405,0.0188918331246952,-0.0024356967162081,41.11111111111111
84,46.66666666666666,0.2559179427516824,0.1232340791452322,0.1131276316432886,0.064930278900642,0.0620278936486198,0.0451072429562237,0.0441245830819811,0.0361799463586526,0.0374893356250322,0.0344977319125986,0.2398772595513447,0.1682657243030706,0.1588086991580609,0.1374746242978695,0.134160275513583,0.1275867308335141,0.1260005334777549,0.1242508014543887,-0.006566473269017,0.0,-0.1101560910135846,0.0,0.0688837615996954,0.0,8.400305493134933,57.94427601939151,0.6551371380490387,0.0337810784985887,6.9004988547336765,57.47106890792524,0.501053060913115,0.1231842627574149,-0.0019699419807051,-0.0220312182027169,0.0123990770879451,46.66666666666666
94,52.22222222222222,0.2669394195460281,0.1292418150130422,0.1211916112329633,0.0679976561618019,0.0660455982396036,0.0467083354883217,0.0461237998254986,0.0367867570774326,0.0384321314177357,0.0347742627753009,0.2402168600862778,0.1685361789750319,0.1588186474905589,0.1373090025976292,0.1340256758845296,0.1278718227865464,0.1259725936317935,0.1241764164713653,-0.0220499551079021,0.0,-0.028031183989788,0.0,-0.2612404811205933,0.0,8.950622172006547,57.94427601939151,0.6551371380490387,0.0337810784985887,6.9004988547336765,57.47106890792524,0.501053060913115,0.1231842627574149,-0.0066149865323706,-0.0056062367979576,-0.0470232866017068,52.22222222222222
104,57.77777777777777,0.2788313233426197,0.1461747614557496,0.1304220516584837,0.0762257499922996,0.0714774641218799,0.0507426418578454,0.0484769573007215,0.0383394785457839,0.0391637792463229,0.0354602789736813,0.2397281635960141,0.1682800994796039,0.1586364497173729,0.1371258323003973,0.1336880733402532,0.1279668200855558,0.1256656170422419,0.1235757543782608,-0.0795598173245745,0.0,0.1137687454317788,0.0,-0.0590070190076305,0.0,8.950622172006547,49.358699056874414,0.6551371380490387,0.0337810784985887,6.9004988547336765,57.47106890792524,0.501053060913115,0.1231842627574149,-0.0238679451973723,0.0227537490863557,-0.0106212634213734,57.77777777777777
114,63.33333333333333,0.2407865784032478,0.1291267491423891,0.1151493441888941,0.0690903764146039,0.0653410406197119,0.0480061891010474,0.0462813775592683,0.0374282411446459,0.0385751647363178,0.0350956234153039,0.2394345921412658,0.1683290882223826,0.1581393994945202,0.1368344425731588,0.1334445068395156,0.1278829279210175,0.125592579575083,0.1235181342164479,0.0374379279042199,0.0,0.1717516189241028,0.0,0.2309072032069173,0.0,8.950622172006547,49.358699056874414,0.5606064853638627,0.0337810784985887,6.9004988547336765,57.47106890792524,0.501053060913115,0.1231842627574149,0.0112313783712659,0.0343503237848205,0.0415632965772451,63.33333333333333
124,68.88888888888889,0.2465642171669508,0.1358127136176802,0.1216277165852611,0.0763982175754746,0.073049952530575,0.0558303767529379,0.0540718205676073,0.0452253076477385,0.0467258798938492,0.0429577052114205,0.2394421001595276,0.1683360474772268,0.1577681054202855,0.13692742844984,0.1333752599950649,0.1279149316482915,0.125785576055459,0.1237568680647688,0.1103362527754236,0.0,-0.0856945688596371,0.0,-0.0717334658903924,0.0,8.950622172006547,49.358699056874414,0.5606064853638627,0.041763841815116,6.9004988547336765,57.47106890792524,0.501053060913115,0.1231842627574149,0.033100875832627,-0.0171389137719274,-0.0129120238602706,68.88888888888889
134,74.44444444444444,0.2466901550253915,0.1360801965406827,0.1219053460609023,0.0763147575040481,0.0731945328346035,0.056140700253132,0.0541525554334861,0.045343111891066,0.0470658889591703,0.0429281003316097,0.2375094994306714,0.1675661661659247,0.1570000697087034,0.1362723749513576,0.1330263010069612,0.1272720225911227,0.1256002962240138,0.1238642119520367,-0.0679224149233113,0.0,-0.1436867706469615,0.0,0.006221582838569,0.0,8.950622172006547,49.358699056874414,0.5606064853638627,0.041763841815116,6.764608762962374,57.47106890792524,0.501053060913115,0.1231842627574149,-0.0203767244769934,-0.0287373541293923,0.0011198849109424,74.44444444444444
144,80.0,0.2455513870542794,0.1358899729275581,0.1218216530010979,0.076852904833286,0.0734305483810085,0.055844375615382,0.0542033434172504,0.0452592946505393,0.0472526792006766,0.0427619751467129,0.2427239185966205,0.1750374626752939,0.1606495663601183,0.1393471549272176,0.1348388148742831,0.1283604782466602,0.1262132414617801,0.1239984585168069,-0.0917205285079172,0.0,0.028681472212542,0.0,0.0285086758317905,0.0,8.950622172006547,49.358699056874414,0.5606064853638627,0.041763841815116,6.764608762962374,48.901526117652935,0.501053060913115,0.1231842627574149,-0.0275161585523751,0.0057362944425084,0.0051315616497223,80.0
154,85.55555555555556,0.2459129409959569,0.1359145712409993,0.1218312400634629,0.0768112535664454,0.0730194278469675,0.0560421719914591,0.0543835018274075,0.0451504261922719,0.047033213717103,0.0424361251594365,0.2746896507587077,0.1890658895136939,0.1710836395302557,0.1436903826632424,0.1379970849032133,0.129415186294501,0.1271225102670913,0.1244683053128766,-0.1248250927487941,0.0,-0.1539389400349778,0.0,0.0135243973264368,0.0,8.950622172006547,49.358699056874414,0.5606064853638627,0.041763841815116,6.764608762962374,48.901526117652935,0.6009096517915906,0.1231842627574149,-0.0374475278246382,-0.0307877880069955,0.0024343915187586,85.55555555555556
164,91.1111111111111,0.2477124597793255,0.1363598251136314,0.1226813174765783,0.0769161955768566,0.0731473046156941,0.0559492984197908,0.0544159267546056,0.0446993134078174,0.0472985022280008,0.0423006129298649,0.2483613420555722,0.1549687619803323,0.1353300815054618,0.1056329755446724,0.0991794144055362,0.0896985698801632,0.0875966412321727,0.084135442293153,-0.0662264339952778,0.0,-0.10813947700113,0.0,0.1036754150387629,0.0,8.950622172006547,49.358699056874414,0.5606064853638627,0.041763841815116,6.764608762962374,48.901526117652935,0.6009096517915906,0.0830246028111738,-0.0198679301985833,-0.021627895400226,0.0186615747069773,91.1111111111111
174,96.66666666666666,0.2563318139586734,0.1417870100037631,0.130208957970641,0.081094823269546,0.0776668722842543,0.057981869153439,0.0565966251496724,0.045712562472984,0.0484889463913414,0.042806974695054,0.2476881879540287,0.154399543391125,0.135099028984219,0.1057661558154908,0.0994720722027348,0.0898487607213399,0.0875457781722425,0.0841449992208878,-0.0185873515028134,0.0,0.0693605762356548,0.0,-0.0176178773834325,0.0,9.585600906990056,49.358699056874414,0.5606064853638627,0.041763841815116,6.764608762962374,48.901526117652935,0.6009096517915906,0.0830246028111738,-0.005576205450844,0.0138721152471309,-0.0031712179290178,96.66666666666666
184,102.2222222222222,0.2486323359694174,0.1308565343352829,0.1242643239856896,0.075481950385398,0.0741486345074136,0.0552303046769367,0.0549860003048693,0.0445971138775764,0.0475621419533222,0.0424513501576331,0.248568499789461,0.1552458247171229,0.1355631179856566,0.1057520660876105,0.0993740298554892,0.0898663203871806,0.087724017973702,0.0840588555920111,-0.1042580012574776,0.0,-0.0169617329620794,0.0,-0.1054064881851031,0.0,9.585600906990056,55.85323838427506,0.5606064853638627,0.041763841815116,6.764608762962374,48.901526117652935,0.6009096517915906,0.0830246028111738,-0.0312774003772433,-0.0033923465924158,-0.0189731678733185,102.2222222222222
194,107.77777777777776,0.2742685240941836,0.1413673319669089,0.1343336632254614,0.0795814444323631,0.0777132166356773,0.057264237294199,0.0564561566419482,0.0451752108458624,0.0481972357545003,0.042381169115381,0.2480381068427571,0.1546754814623712,0.1356692311056645,0.1053331811947498,0.0992474952919797,0.0899979961412764,0.0873451740252311,0.0844794735868244,-0.0764523800337163,0.0,-0.0577612784417483,0.0,-0.0111099039314931,0.0,9.585600906990056,55.85323838427506,0.6244358458882325,0.041763841815116,6.764608762962374,48.901526117652935,0.6009096517915906,0.0830246028111738,-0.0229357140101148,-0.0115522556883496,-0.0019997827076687,107.77777777777776
204,113.33333333333331,0.3385930582506807,0.2304102670272904,0.2241335917975656,0.1790969355078615,0.1776865345565839,0.1615795164475728,0.1605964745598816,0.1509068346876537,0.1535978889813606,0.1488669478715111,0.2486918234951503,0.155007521252884,0.1358714934991914,0.1055942413970129,0.0993759637616615,0.0901564438907533,0.0876118763671403,0.0847352620404075,-0.0614128669844391,0.0,-0.0388919444210566,0.0,0.0140417183646968,0.0,9.585600906990056,55.85323838427506,0.6244358458882325,0.1483440221522827,6.764608762962374,48.901526117652935,0.6009096517915906,0.0830246028111738,-0.0184238600953317,-0.0077783888842113,0.0025275093056454,113.33333333333331
214,118.88888888888889,0.337786312144459,0.2299313868146477,0.2239442011985583,0.1787435816758523,0.1773895737925176,0.1617214525059694,0.1609889368310604,0.1506354869646241,0.1537965940832978,0.1488033685921095,0.2457834332081875,0.153285662726368,0.1341325082534535,0.1047831804786402,0.0982511402673634,0.0897404577709817,0.0877700522496396,0.0846181154747996,-0.1480684823829498,0.0,-0.0244957802167456,0.0,-0.2125955617440895,0.0,9.585600906990056,55.85323838427506,0.6244358458882325,0.1483440221522827,6.645926094706796,48.901526117652935,0.6009096517915906,0.0830246028111738,-0.0444205447148849,-0.0048991560433491,-0.0382672011139361,118.88888888888889
224,124.44444444444444,0.339190841580792,0.2311324642288621,0.2240155787776227,0.1786723576935422,0.1775871998620508,0.1615633679099223,0.1607154705007475,0.1507534643843176,0.1536598962384741,0.1488651077815326,0.2546147358036758,0.16284534413273,0.1389094781626855,0.1086968323326863,0.1005048473083787,0.0905552433899225,0.0883159554721612,0.0850388277438677,0.147402404143058,0.0,0.0105609785540625,0.0,0.0557118061552653,0.0,9.585600906990056,55.85323838427506,0.6244358458882325,0.1483440221522827,6.645926094706796,43.20424067715689,0.6009096517915906,0.0830246028111738,0.0442207212429174,0.0021121957108125,0.0100281251079477,124.44444444444444
234,130.0,0.3386159639724033,0.2308893582932981,0.224126091990408,0.178829269661102,0.1776748469776928,0.1616880477535391,0.1609027944620204,0.1509105792821322,0.1539041127218942,0.1485886216522085,0.2615428407541373,0.1658056777882531,0.141123496188181,0.1099978510326372,0.1013322022378627,0.0909411311938912,0.0884784326282195,0.0848448587812773,0.0374100116742049,0.0,-0.0039805659665969,0.0,-0.0791359196455087,0.0,9.585600906990056,55.85323838427506,0.6244358458882325,0.1483440221522827,6.645926094706796,43.20424067715689,0.6225079208546062,0.0830246028111738,0.0112230035022614,-0.0007961131933193,-0.0142444655361915,130.0
244,135.55555555555554,0.3391167130435958,0.230867536860287,0.2245512504704299,0.17872501283369,0.1774069348357305,0.1614350335841326,0.1606504062970286,0.1510108479063728,0.154031528173713,0.1487634102327688,0.210386277123793,0.1011122484651131,0.0728903528890772,0.0373496454832925,0.0276134271076792,0.0157007464474183,0.0125874671499923,0.0086886107251767,0.1480500340906817,0.0,0.0223502462914439,0.0,0.019857918117696,0.0,9.585600906990056,55.85323838427506,0.6244358458882325,0.1483440221522827,6.645926094706796,43.20424067715689,0.6225079208546062,0.0065913011942075,0.0444150102272045,0.0044700492582887,0.0035744252611852,135.55555555555554
254,141.11111111111111,0.289367996395134,0.2049487160463206,0.1904939326756191,0.1631642016546676,0.1595916551955728,0.1541066869531662,0.1531452262852953,0.1478455768363732,0.150869112536697,0.1476414317168428,0.2087539600587598,0.1002623448273697,0.072854334302197,0.0372277695622407,0.0275919034334993,0.0150811382396636,0.0124024124999852,0.0083617582024145,-0.1492846120308533,0.0,0.1079646031963781,0.0,-0.2266535530736043,0.0,6.514176892075508,55.85323838427506,0.6244358458882325,0.1483440221522827,6.645926094706796,43.20424067715689,0.6225079208546062,0.0065913011942075,-0.044785383609256,0.0215929206392756,-0.0407976395532487,141.11111111111111
264,146.66666666666666,0.2949445679349794,0.2117161398895432,0.1934110998887193,0.1655203267919683,0.16097969925502,0.1551843220782105,0.1535375528556743,0.1480308700964936,0.1512322488978227,0.1475681794655436,0.2100622151464481,0.1009422705091302,0.0730921592233154,0.0372245748416578,0.0277302217097202,0.0150642682351468,0.0126334142100909,0.008704319375887,-0.0202697074780387,0.0,0.1018774029947937,0.0,-0.0131445233258075,0.0,6.514176892075508,50.297776405427406,0.6244358458882325,0.1483440221522827,6.645926094706796,43.20424067715689,0.6225079208546062,0.0065913011942075,-0.0060809122434116,0.0203754805989587,-0.0023660141986453,146.66666666666666
274,152.2222222222222,0.2858593430482465,0.2080865952180963,0.1902446693596492,0.1643834283760238,0.1602458532784509,0.1546548658253768,0.1528567541425152,0.1480006262816978,0.151115038716781,0.1475131594865821,0.2103058469128642,0.1010882570871458,0.0730751014886678,0.0375695897852899,0.0278595100271512,0.0146878130027237,0.0125503696840126,0.0084640696220982,-0.0973808283809656,0.0,-0.0817313941915189,0.0,-0.1350763240222268,0.0,6.514176892075508,50.297776405427406,0.5932412050650578,0.1483440221522827,6.645926094706796,43.20424067715689,0.6225079208546062,0.0065913011942075,-0.0292142485142896,-0.0163462788383037,-0.0243137383240008,152.2222222222222
284,157.77777777777777,0.2781700532364666,0.1987512117290527,0.1803754949796882,0.1540210600747337,0.1497542795150399,0.1437997944597701,0.1421964672950088,0.1375283664356337,0.1404544684391803,0.1369876396147364,0.2105526197139618,0.1008945138096388,0.0734147423045832,0.0375212904180741,0.0277644815643189,0.01455819531068,0.0123675595140362,0.008412442255619,-0.0469506087064881,0.0,-0.1067156754483174,0.0,-0.1265041257814454,0.0,6.514176892075508,50.297776405427406,0.5932412050650578,0.1375751659789278,6.645926094706796,43.20424067715689,0.6225079208546062,0.0065913011942075,-0.0140851826119464,-0.0213431350896634,-0.0227707426406601,157.77777777777777
294,163.33333333333331,0.2785505876430447,0.1994468314431625,0.1806226429471996,0.1541682445996391,0.1500282064018755,0.1435692878860138,0.1423253083604295,0.1373213723939216,0.1403745823726059,0.1370765110014194,0.2399350130511639,0.1178339266374304,0.0931475466332421,0.0478938361134455,0.037683861444254,0.019164061609779,0.0165473912814917,0.0098200039933118,0.0515123547964791,0.0,0.1318843306346409,0.0,0.0253587843929537,0.0,6.514176892075508,50.297776405427406,0.5932412050650578,0.1375751659789278,7.887678763473032,43.20424067715689,0.6225079208546062,0.0065913011942075,0.0154537064389437,0.0263768661269281,0.0045645811907316,163.33333333333331
304,168.88888888888889,0.2774661322451222,0.1990172494389859,0.1811153067640331,0.1539565301569162,0.1502718115386985,0.1434261931327464,0.1425394701452634,0.1370778473346665,0.1404872504180698,0.137737160654298,0.2266735320585751,0.1020237616432066,0.0843350660346989,0.040394231595972,0.0332949728389495,0.0164968218877637,0.0147431097253544,0.0085209068840174,-0.1109619041717895,0.0,-0.0526657267636187,0.0,-0.0521875320059547,0.0,6.514176892075508,50.297776405427406,0.5932412050650578,0.1375751659789278,7.887678763473032,50.28235293199028,0.6225079208546062,0.0065913011942075,-0.0332885712515368,-0.0105331453527237,-0.0093937557610718,168.88888888888889
314,174.44444444444443,0.2783044058439361,0.1992681080648435,0.1811513354395951,0.1537222205041144,0.1501874590824043,0.1435725937993837,0.1425255639839898,0.1368556986054656,0.1404295918601465,0.1376196117386218,0.2195539238618991,0.0989990108828557,0.0816290520501931,0.0392289907646902,0.0325595691495049,0.0157673912412327,0.014178490041087,0.0083357470117678,0.1460373164188477,0.0,-0.0065764078328761,0.0,-0.0944879729947572,0.0,6.514176892075508,50.297776405427406,0.5932412050650578,0.1375751659789278,7.887678763473032,50.28235293199028,0.5993746870787008,0.0065913011942075,0.0438111949256543,-0.0013152815665752,-0.0170078351390563,174.44444444444443
324,180.0,0.2768454873464854,0.1988608874376973,0.181054856240819,0.1543000916897794,0.1503523949859797,0.1436761497433621,0.1426686394578282,0.1367963033199369,0.1401403441788115,0.1375039570110266,0.2374455676059004,0.1243092220461819,0.1074674682729097,0.0678670862263584,0.0618079995258285,0.0460011145772816,0.0442425963938655,0.0386063330121738,-0.1129218785795553,0.0,0.0008380168894644,0.0,0.1333027066305204,0.0,6.514176892075508,50.297776405427406,0.5932412050650578,0.1375751659789278,7.887678763473032,50.28235293199028,0.5993746870787008,0.0371272383040996,-0.0338765635738665,0.0001676033778928,0.0239944871934936,180.0
334,185.55555555555557,0.2759116510737273,0.19860156147043,0.1808471185236766,0.1536803634194739,0.1502878989577293,0.1433303523945537,0.1424441453981036,0.1365994954023652,0.1401121678933157,0.1377742735992076,0.2386088931872325,0.1245530544720472,0.1073543072771829,0.067924183248729,0.0622764189162063,0.0465523016314643,0.0440742563639156,0.0388485392360986,0.0428691204609476,0.0,0.0006120593542674,0.0,0.0833519403277243,0.0,6.437740881736019,50.297776405427406,0.5932412050650578,0.1375751659789278,7.887678763473032,50.28235293199028,0.5993746870787008,0.0371272383040996,0.0128607361382842,0.0001224118708534,0.0150033492589903,185.55555555555557
344,191.11111111111111,0.2823843511270445,0.2070309411837136,0.1852867733705964,0.1575104114708881,0.1523108664127552,0.1449339066011997,0.143423711426033,0.1370017313048299,0.1401314901195018,0.1378751536511251,0.2386413921837094,0.1250307246346783,0.1072370285118552,0.0678552700774111,0.0627108226916199,0.0466750349559787,0.0444781423023026,0.0384293075437434,0.0180568643926416,0.0,0.0634697014875014,0.0,0.0710864904301968,0.0,6.437740881736019,43.84804287970621,0.5932412050650578,0.1375751659789278,7.887678763473032,50.28235293199028,0.5993746870787008,0.0371272383040996,0.0054170593177925,0.0126939402975002,0.0127955682774354,191.11111111111111
354,196.66666666666663,0.2954400992082068,0.2130477176819686,0.189427835975947,0.1591565273066582,0.1536671107989423,0.1452916009423588,0.1441691552716859,0.1372261241019196,0.1402316730815679,0.1382209731846367,0.2368733142130133,0.1247374198068101,0.10659569339602,0.0679588688321272,0.0628431394407999,0.0463503210843936,0.0442669459050652,0.0384144565616498,-0.1652613658028091,0.0,0.1311252823029601,0.0,0.1683885629407723,0.0,6.437740881736019,43.84804287970621,0.6384064241763678,0.1375751659789278,7.887678763473032,50.28235293199028,0.5993746870787008,0.0371272383040996,-0.0495784097408427,0.026225056460592,0.030309941329339,196.66666666666663
364,202.2222222222222,0.2238538023321331,0.1216947766905192,0.0934946068809021,0.0566935303274501,0.049658552046334,0.0395605691940572,0.0381780171622765,0.0304972370627871,0.0333250046964843,0.0308019588821113,0.2381693942735873,0.1252443109647867,0.1072016235596703,0.0682888666967911,0.0629602247189115,0.0463521070398488,0.043750024867672,0.0385941307935647,0.0935891341551318,0.0,0.1324830474774501,0.0,-0.0667187213264778,0.0,6.437740881736019,43.84804287970621,0.6384064241763678,0.0300910085980492,7.887678763473032,50.28235293199028,0.5993746870787008,0.0371272383040996,0.0280767402465395,0.02649660949549,-0.012009369838766,202.2222222222222
374,207.77777777777777,0.2234969964809797,0.1212376340311218,0.0933327420296899,0.0566683720273106,0.0492285932881982,0.0393614416197504,0.0385541974480575,0.0303251510987766,0.0332494447353124,0.0304065158783571,0.2225271483925452,0.1173760923565067,0.0964428438611897,0.0636046923554567,0.0581952366066268,0.0444486587670803,0.0415905637535555,0.0377927437500155,-0.0410246973078175,0.0,0.0248407584816528,0.0,0.0108974113432014,0.0,6.437740881736019,43.84804287970621,0.6384064241763678,0.0300910085980492,7.10860893180662,50.28235293199028,0.5993746870787008,0.0371272383040996,-0.0123074091923452,0.0049681516963305,0.0019615340417762,207.77777777777777
384,213.3333333333333,0.2245053410977517,0.1214247068021261,0.0942223904162986,0.0570762709271038,0.0499075398992957,0.0394133436641646,0.0386489735635021,0.0302956389764287,0.0332142255731203,0.0301218838221372,0.2388213111856253,0.1374912971154966,0.1071032952987197,0.0725183826537828,0.0631063186946107,0.0478865181696209,0.0435735177535841,0.0387602482888173,-0.00631107145948,0.0,-0.0988382445933284,0.0,0.0712606644328975,0.0,6.437740881736019,43.84804287970621,0.6384064241763678,0.0300910085980492,7.10860893180662,40.07468484104152,0.5993746870787008,0.0371272383040996,-0.001893321437844,-0.0197676489186656,0.0128269195979215,213.3333333333333
394,218.88888888888889,0.2227561085095806,0.1206544786514042,0.0941456697335685,0.0570763129978988,0.0496359453748681,0.0392218194709874,0.0383928302394989,0.0302882762706888,0.0328809618031361,0.0299564521740652,0.2610903560115435,0.1484211035204673,0.1150994457628643,0.0762028883506059,0.0656135389942763,0.048861798074663,0.0446118276391564,0.0387951975734103,-0.1085477665066932,0.0,0.048348182434892,0.0,0.0086291776966972,0.0,6.437740881736019,43.84804287970621,0.6384064241763678,0.0300910085980492,7.10860893180662,40.07468484104152,0.6660095459603491,0.0371272383040996,-0.0325643299520079,0.0096696364869784,0.0015532519854055,218.88888888888889
404,224.44444444444443,0.2235173793303525,0.1205876770123877,0.0940886999342663,0.0570549685370902,0.0497219844902199,0.0392952270177419,0.0384391132497291,0.0303191113612671,0.0327482980423371,0.0302144125527793,0.2532658985396437,0.1372283378695987,0.1034186959079146,0.0629591296827603,0.052152213576132,0.0351836316932164,0.0305863912648898,0.0249093309848802,0.0566249406884679,0.0,0.0139309492744244,0.0,-0.0990298148376572,0.0,6.437740881736019,43.84804287970621,0.6384064241763678,0.0300910085980492,7.10860893180662,40.07468484104152,0.6660095459603491,0.0231691621592159,0.0169874822065403,0.0027861898548848,-0.0178253666707783,224.44444444444443
414,230.0,0.2426429477529758,0.1322536269708699,0.10700633873809,0.0637871245816772,0.0565101262966394,0.0421384901913585,0.0409311690216159,0.0314322685332132,0.0336540485299787,0.0305008921156393,0.2537216034977624,0.1373185891280743,0.103605457461189,0.0628251618348816,0.0518426055145009,0.0352001857441017,0.0308732342503269,0.025251805924038,-0.0050259031155774,0.0,0.0191635801823373,0.0,-0.1262539325538874,0.0,7.256317774604113,43.84804287970621,0.6384064241763678,0.0300910085980492,7.10860893180662,40.07468484104152,0.6660095459603491,0.0231691621592159,-0.0015077709346732,0.0038327160364674,-0.0227257078596997,230.0
424,235.55555555555557,0.2249206852051348,0.1089354482110097,0.0950341406938284,0.0534397638235352,0.0509179273865532,0.038284956688707,0.0380775128336987,0.0297544786633981,0.0331320979844689,0.0299401662994319,0.2548738896726741,0.1377377508755532,0.1039019882116208,0.0631393596386879,0.0517802475728811,0.0354393283973966,0.0308992507382727,0.0251444900110929,0.1437901907952453,0.0,0.0593727686717638,0.0,-0.1017936021043398,0.0,7.256317774604113,57.606643079616575,0.6384064241763678,0.0300910085980492,7.10860893180662,40.07468484104152,0.6660095459603491,0.0231691621592159,0.0431370572385736,0.0118745537343527,-0.0183228483787811,235.55555555555557
434,241.1111111111111,0.2120111234754532,0.1040620332178008,0.0910648593482729,0.0521440370779684,0.049735156476028,0.0377637338770471,0.037841727618084,0.0295970294775947,0.0331194619583833,0.0297379233943579,0.2535431923883945,0.1374091125156636,0.1039363372261113,0.0631516279727708,0.0513086691450522,0.0353457616655836,0.0306008168149278,0.0250890034868809,-0.0082909697724399,0.0,0.0197160913753812,0.0,-0.1233283374451454,0.0,7.256317774604113,57.606643079616575,0.6019581619736846,0.0300910085980492,7.10860893180662,40.07468484104152,0.6660095459603491,0.0231691621592159,-0.0024872909317319,0.0039432182750762,-0.0221991007401261,241.1111111111111
444,246.66666666666663,0.2800809291533248,0.1894981722567744,0.1785575303672858,0.1454901824899382,0.1433091465152875,0.1337278770644782,0.1340126795629707,0.1261037344208807,0.1299813361549409,0.1267581235661599,0.2560892444775388,0.1385278158870681,0.1044538274616928,0.0632886715136035,0.0514501161271634,0.035699778460814,0.0304767435251591,0.0253472813792228,0.2938319856919316,0.0,-0.033189619515581,0.0,-0.0102646110975693,0.0,7.256317774604113,57.606643079616575,0.6019581619736846,0.1270725369548803,7.10860893180662,40.07468484104152,0.6660095459603491,0.0231691621592159,0.0881495957075794,-0.0066379239031162,-0.0018476299975624,246.66666666666663
454,252.2222222222222,0.2775764980343008,0.1886292427090899,0.177824933795632,0.1449839342391565,0.143414642234665,0.1334981159689631,0.1339308159041733,0.1258095865105577,0.1297219035257512,0.1271574361758152,0.2730738587789648,0.1495996944879116,0.1182268057324798,0.0704672908639154,0.0586171614485043,0.03945466164386,0.0336100512193091,0.0264508062566651,0.0510873012549083,0.0,0.1483839734626558,0.0,0.0091608260485345,0.0,7.256317774604113,57.606643079616575,0.6019581619736846,0.1270725369548803,7.919151500827579,40.07468484104152,0.6660095459603491,0.0231691621592159,0.0153261903764725,0.0296767946925311,0.0016489486887362,252.2222222222222
464,257.77777777777777,0.2775863946584296,0.1892834379927181,0.1778973025594518,0.1451615493202728,0.1436208446317261,0.1331455995891326,0.1339469146693745,0.126055011328928,0.1299372977902483,0.1265790298773732,0.2483416584954769,0.1165524059223069,0.1005528219375483,0.0546693814002542,0.0496334081567754,0.0328289351216565,0.0297439899908925,0.0246003987001273,-0.0287441359073169,0.0,0.1126056668102124,0.0,0.0411679891912859,0.0,7.256317774604113,57.606643079616575,0.6019581619736846,0.1270725369548803,7.919151500827579,54.83541894723714,0.6660095459603491,0.0231691621592159,-0.008623240772195,0.0225211333620424,0.0074102380544314,257.77777777777777
474,263.3333333333333,0.2776249404673599,0.1890947466757726,0.1776399322499052,0.1450807618407994,0.1437905337355207,0.1332863946485624,0.1342094023839959,0.1261661063980084,0.1299816233355235,0.1263717850922566,0.1970793903053742,0.0953968588361472,0.0825835722233851,0.0473521824317956,0.0435629462716539,0.0307068914345676,0.0277609450249052,0.023897851625772,0.0881642238996357,0.0,0.2490421202827157,0.0,0.0369547206134855,0.0,7.256317774604113,57.606643079616575,0.6019581619736846,0.1270725369548803,7.919151500827579,54.83541894723714,0.5182991210126091,0.0231691621592159,0.0264492671698907,0.0498084240565431,0.0066518497104273,263.3333333333333
484,268.88888888888886,0.2769815802427151,0.1887810040776664,0.1778353907123854,0.144915843066767,0.1437441969759987,0.133123013518978,0.1341453569432329,0.1265754861519337,0.1298756917208169,0.1261583064667614,0.2343269951042222,0.1448280710647964,0.1333349494262932,0.1026193521951127,0.0990935181840754,0.0877311046796967,0.0849554768637565,0.0815741334564938,-0.1473439833642351,0.0,0.0309709550262413,0.0,-0.0407743355190649,0.0,7.256317774604113,57.606643079616575,0.6019581619736846,0.1270725369548803,7.919151500827579,54.83541894723714,0.5182991210126091,0.0811715732064733,-0.0442031950092705,0.0061941910052482,-0.0073393803934316,268.88888888888886
494,274.44444444444446,0.2904040023398881,0.1952796431232414,0.1861869509172607,0.148603575816978,0.1477307793463364,0.1355952672597666,0.1359536867305732,0.1270957987656,0.1303190794705127,0.1266420184733997,0.2352568685240848,0.1451488139610287,0.1330213978511239,0.1029475531918157,0.0993164045575973,0.0877160033168232,0.0847910580240989,0.0818408964357123,-0.0456875894284152,0.0,-0.1465935431272511,0.0,-0.0996043316267159,0.0,8.02487115616112,57.606643079616575,0.6019581619736846,0.1270725369548803,7.919151500827579,54.83541894723714,0.5182991210126091,0.0811715732064733,-0.0137062768285245,-0.0293187086254502,-0.0179287796928088,274.44444444444446
504,280.0,0.2897359284807295,0.1956263546191878,0.1864421555156876,0.1486954043726195,0.1476807448382771,0.135588314466836,0.1361349833816632,0.1272700905049776,0.1304537947727378,0.1264846040089789,0.2353378574350686,0.1451559731231033,0.132894533228511,0.1031746066241152,0.0997514864235561,0.0877749658210549,0.0850203688241571,0.0818727224844922,-0.1590724751836522,0.0,0.1171639193950782,0.0,0.0692004965728398,0.0,8.02487115616112,57.42678753385761,0.6019581619736846,0.1270725369548803,7.919151500827579,54.83541894723714,0.5182991210126091,0.0811715732064733,-0.0477217425550956,0.0234327838790156,0.0124560893831111,280.0
514,285.55555555555554,0.2807218517307878,0.191519066650138,0.1828951644615691,0.1470817782139095,0.146215988162637,0.135125646639873,0.135337397780636,0.1270460517219697,0.1299436803478025,0.1263570999392611,0.2366188732944643,0.1454408703606936,0.1327310972183399,0.1028793806609279,0.0998399739665043,0.0878111199722135,0.0849965460064593,0.0817061581074675,0.1377535386648488,0.0,-0.0610914132428815,0.0,-0.2147324428890823,0.0,8.02487115616112,57.42678753385761,0.5722528118028315,0.1270725369548803,7.919151500827579,54.83541894723714,0.5182991210126091,0.0811715732064733,0.0413260615994546,-0.0122182826485763,-0.0386518397200348,285.55555555555554
524,291.1111111111111,0.2552527353280487,0.1589427012753444,0.1494869879343571,0.1112490470168213,0.1103804580158936,0.0984745404774628,0.0983677393583269,0.0900700731034233,0.0932530472250461,0.089176220885128,0.2352941645858867,0.1452966084619159,0.1323450466363264,0.1031866238320944,0.0992593553794764,0.0880815512714135,0.0855429996541641,0.0814781766028212,-0.0660565063611841,0.0,-0.0415981586773758,0.0,-0.0611559149205859,0.0,8.02487115616112,57.42678753385761,0.5722528118028315,0.0897276100810819,7.919151500827579,54.83541894723714,0.5182991210126091,0.0811715732064733,-0.0198169519083552,-0.0083196317354751,-0.0110080646857054,291.1111111111111
534,296.66666666666663,0.2558149430102262,0.158766753890849,0.149617863231549,0.111394411200444,0.1099758034888305,0.0984879166189411,0.0987169061176702,0.0895577814832319,0.0932400187326762,0.089246403425119,0.2090738605125802,0.1318494813697396,0.1156339291179802,0.0963843003812718,0.0915815745695605,0.0847743866933044,0.0825223518805459,0.0803049288038219,0.005476888009287,0.0,-0.0356674642245271,0.0,-0.0854778869672008,0.0,8.02487115616112,57.42678753385761,0.5722528118028315,0.0897276100810819,6.177754927036511,54.83541894723714,0.5182991210126091,0.0811715732064733,0.0016430664027861,-0.0071334928449054,-0.0153860196540961,296.66666666666663
544,302.22222222222223,0.2553837516563492,0.1581191995807339,0.1494267501697647,0.1110562056326268,0.1096567585691707,0.0987335807103518,0.0988192210532368,0.0897464797404905,0.0930767900161898,0.0891328760994144,0.2140053934287162,0.1390660763436168,0.1188959589062165,0.098988591628059,0.0929507986104263,0.0859369040637847,0.0833373363628864,0.0806494225246766,-0.0396859194093856,0.0,0.0402939341682583,0.0,-0.0711391489702128,0.0,8.02487115616112,57.42678753385761,0.5722528118028315,0.0897276100810819,6.177754927036511,47.752636022214574,0.5182991210126091,0.0811715732064733,-0.0119057758228156,0.0080587868336516,-0.0128050468146383,302.22222222222223
554,307.77777777777777,0.2572780635943534,0.1584277709885527,0.1497881840022927,0.1113720527594561,0.1095569672106416,0.0986297032158725,0.0991230419728361,0.0897859765404871,0.0931756125213982,0.0891039449358038,0.2293911919959972,0.1455594501405244,0.1237570942405901,0.1007089743867138,0.0945397598836137,0.086641960883677,0.083612674975575,0.0808595808068499,0.1915123874996295,0.0,-0.1163408924910968,0.0,-0.0782881775317754,0.0,8.02487115616112,57.42678753385761,0.5722528118028315,0.0897276100810819,6.177754927036511,47.752636022214574,0.5646072692516413,0.0811715732064733,0.0574537162498888,-0.0232681784982193,-0.0140918719557195,307.77777777777777
564,313.3333333333333,0.2551386493968605,0.1580132975151289,0.1493993335407674,0.1116252773471895,0.1093006567291854,0.0989152568194898,0.0991206222103947,0.090178475332709,0.0929357611698682,0.0893916020415653,0.1873107096936507,0.0938556538304705,0.0700535109374878,0.0440129088461595,0.0371094296871676,0.0289926764251011,0.0253252615452909,0.0221562897087365,0.0070249712979297,0.0,0.0172981584397826,0.0,-0.1655348957482323,0.0,8.02487115616112,57.42678753385761,0.5722528118028315,0.0897276100810819,6.177754927036511,47.752636022214574,0.5646072692516413,0.0225299593605677,0.0021074913893789,0.0034596316879565,-0.0297962812346818,313.3333333333333
574,318.88888888888886,0.2710903816705052,0.1660350917818433,0.1610074859138109,0.1168040165111022,0.1154950603587535,0.1012309421761159,0.1018569947986679,0.0909759336740542,0.0938465755537673,0.0895885113426388,0.188058619634295,0.094365849497385,0.0704933399709361,0.0439341262351238,0.0374683580460408,0.0293721915299414,0.0251855934683521,0.0222349920475904,0.2028389710161383,0.0,-0.0869376431412063,0.0,-0.0145800797051655,0.0,9.01228193222104,57.42678753385761,0.5722528118028315,0.0897276100810819,6.177754927036511,47.752636022214574,0.5646072692516413,0.0225299593605677,0.0608516913048414,-0.0173875286282412,-0.0026244143469297,318.88888888888886
584,324.4444444444444,0.2825733307992859,0.1816310020960568,0.1696088479496373,0.1245112915295968,0.120273106780796,0.1045370774429386,0.1045711619782509,0.0921530077915047,0.094572778126726,0.0902438619283551,0.188467709068375,0.09431735211004,0.0705652711782767,0.0437861234581236,0.037604166036918,0.0293364092036698,0.0249815079210312,0.0221363933036235,0.0614963568980659,0.0,0.0938269297417624,0.0,0.0658394481485183,0.0,9.01228193222104,47.58892343100625,0.5722528118028315,0.0897276100810819,6.177754927036511,47.752636022214574,0.5646072692516413,0.0225299593605677,0.0184489070694197,0.0187653859483525,0.0118511006667333,324.4444444444444
594,330.0,0.3337269747292665,0.2055076722963848,0.189893172361363,0.1344703936954302,0.1284039638720125,0.1083144543704904,0.1079909835521474,0.0935207802012868,0.0955273465607425,0.090884130109419,0.1895673809597674,0.095062466674373,0.0708685219245336,0.0436863070210488,0.0377940272443136,0.0292474213278152,0.0254204503224116,0.0222409393775061,0.2982577107784206,0.0,-0.0520045712091832,0.0,0.1167597477810931,0.0,9.01228193222104,47.58892343100625,0.6957495768822443,0.0897276100810819,6.177754927036511,47.752636022214574,0.5646072692516413,0.0225299593605677,0.0894773132335262,-0.0104009142418366,0.0210167546005967,330.0
604,335.55555555555554,0.3302513176888161,0.2034082409343129,0.1883409497406352,0.1329824352048961,0.12705610154479,0.1071633566784223,0.1068060859152499,0.0922523245566521,0.0938854523322449,0.089487613561749,0.187410828824369,0.0942249961195495,0.0704585097028631,0.0432756404634957,0.0380127552222046,0.0289470990643681,0.0259720640268091,0.0224256753403576,-0.0773130058546312,0.0,0.0406464641369394,0.0,-0.0663135467996874,0.0,9.01228193222104,47.58892343100625,0.6957495768822443,0.0884987539515915,6.177754927036511,47.752636022214574,0.5646072692516413,0.0225299593605677,-0.0231939017563893,0.0081292928273878,-0.0119364384239437,335.55555555555554
614,341.1111111111111,0.3299203032650035,0.2035962996413328,0.1882786604919735,0.1326515054230213,0.1272587294527072,0.1069437223979414,0.1067894264722197,0.0923284138384479,0.0939389593028938,0.08877215212201,0.2193496713898885,0.111926669066377,0.0915652844099879,0.0531121862399273,0.0478654977721066,0.033367570550579,0.0299000800516218,0.0235919610485039,-0.1023752083703381,0.0,0.0297050642870481,0.0,0.1466166749202479,0.0,9.01228193222104,47.58892343100625,0.6957495768822443,0.0884987539515915,7.815168761489554,47.752636022214574,0.5646072692516413,0.0225299593605677,-0.0307125625111014,0.0059410128574096,0.0263910014856446,341.1111111111111
624,346.66666666666663,0.3304906450094633,0.2041002505692953,0.1881696089863254,0.1326891919144294,0.1271992754428541,0.106884740843212,0.1070855197547274,0.0926637509065789,0.0936885402541512,0.0886460045523327,0.213972087953651,0.1039039282218208,0.0875087048509798,0.0494078674290373,0.0454933146292048,0.0322213328100578,0.0288797448028142,0.0232599167965742,0.0340028703718708,0.0,-0.0153473592234088,0.0,-0.1196746306867587,0.0,9.01228193222104,47.58892343100625,0.6957495768822443,0.0884987539515915,7.815168761489554,52.75993161576665,0.5646072692516413,0.0225299593605677,0.0102008611115612,-0.0030694718446817,-0.0215414335236165,346.66666666666663
634,352.22222222222223,0.3295341865817548,0.2035590643931551,0.18833721729471,0.1327602929392197,0.1269693188739936,0.1067358605196433,0.1068595208046863,0.092552708881566,0.0937912765771656,0.0887699601767806,0.2381744205761935,0.1140535827875283,0.0956890329853547,0.0526414502078204,0.0486657519676082,0.0334854531974973,0.0296562971211167,0.0237514219520433,-0.0505881476005021,0.0,0.0378401861505162,0.0,-0.0667826120366208,0.0,9.01228193222104,47.58892343100625,0.6957495768822443,0.0884987539515915,7.815168761489554,52.75993161576665,0.6352900487625577,0.0225299593605677,-0.0151764442801506,0.0075680372301032,-0.0120208701665917,352.22222222222223
644,357.77777777777777,0.3302092082411785,0.2036537121878344,0.188186353789535,0.1326097607817718,0.1271636559959081,0.1069305014696847,0.1070727095115482,0.0925210535098593,0.0937662736423727,0.0889815555777657,0.2390437940964831,0.1146389128929463,0.0961889491735565,0.0529274976654832,0.0485181686317379,0.0337727243642273,0.0297723975664047,0.0238009195601634,-0.0236907397058954,0.0,0.1720853797851113,0.0,0.0098370937117722,0.0,9.01228193222104,47.58892343100625,0.6957495768822443,0.0884987539515915,7.815168761489554,52.75993161576665,0.6352900487625577,0.0226182028752553,-0.0071072219117686,0.0344170759570222,0.001770676868119,357.77777777777777
654,363.3333333333333,0.3050917144646147,0.1884501361974241,0.169013361997283,0.1231708655091278,0.1169838270968045,0.1020945923740965,0.1018557184787473,0.0903078781344196,0.0916816234556626,0.0879133529390472,0.2376331235306526,0.1147174387569374,0.0958296722144198,0.052964772522323,0.0488605174143994,0.0340616364429629,0.0293252281818151,0.0238491656323985,-0.2409811283985699,0.0,0.047260258074531,0.0,0.0522014256362217,0.0,7.8090030950022,47.58892343100625,0.6957495768822443,0.0884987539515915,7.815168761489554,52.75993161576665,0.6352900487625577,0.0226182028752553,-0.0722943385195709,0.0094520516149062,0.0093962566145199,363.3333333333333
664,368.88888888888886,0.3106197157607603,0.1950071861227235,0.1724292495628311,0.1264578246317513,0.1192424723038816,0.1032726174183071,0.1026291170460776,0.0905925733518955,0.0915669532732703,0.0879236869635667,0.239077978504767,0.1155767355750626,0.0963863106649018,0.0528797857495386,0.0487564121089701,0.0341568785864133,0.0290779982410435,0.0238985070185426,-0.0674056834431921,0.0,0.0952443295497047,0.0,0.0806348463256941,0.0,7.8090030950022,44.79127923659047,0.6957495768822443,0.0884987539515915,7.815168761489554,52.75993161576665,0.6352900487625577,0.0226182028752553,-0.0202217050329576,0.0190488659099409,0.0145142723386249,368.88888888888886
674,374.4444444444444,0.267031446617732,0.1741104323741308,0.1561565454027573,0.1188734998944888,0.1132423982826629,0.100277199479801,0.1005602302862095,0.0895361543344947,0.0908799527835141,0.0875045090536641,0.2375626504954247,0.1149108428818111,0.0961396399987639,0.0526803839991345,0.0487000021388208,0.0339567495510022,0.0291753422442585,0.0236847124645108,-0.132247595288339,0.0,0.0304689862716291,0.0,-0.0632399965255002,0.0,7.8090030950022,44.79127923659047,0.5804996596207963,0.0884987539515915,7.815168761489554,52.75993161576665,0.6352900487625577,0.0226182028752553,-0.0396742785865017,0.0060937972543258,-0.01138319937459,374.4444444444444
684,380.0,0.2210307353584192,0.113711768921262,0.0928064847086447,0.0497723908111217,0.0435687440574794,0.0281426740280984,0.0278471537951383,0.0159373703175106,0.0175908822706211,0.0135546080533277,0.2379384110234276,0.1154173294280898,0.0962865966441874,0.0531103377172852,0.0487891466784988,0.0343529932910991,0.0294921238136534,0.0241887503513672,-0.0505691204782016,0.0,0.033115410737416,0.0,-0.1463470143479603,0.0,7.8090030950022,44.79127923659047,0.5804996596207963,0.0145056140897618,7.815168761489554,52.75993161576665,0.6352900487625577,0.0226182028752553,-0.0151707361434604,0.0066230821474832,-0.0263424625826328,380.0
694,385.55555555555554,0.2219176882240655,0.113642671244541,0.0925176365632595,0.0495230999131049,0.0438305915865597,0.0284417973135418,0.0273711491173477,0.0156410568038637,0.0174047400603028,0.0140674845742671,0.2599300497276565,0.1276158073285462,0.1121623890093544,0.0602788739059592,0.0570650720908777,0.0376316847037264,0.0334427916618228,0.0253231162058431,-0.0353573982144571,0.0,-0.1194644799005072,0.0,0.1449417009640166,0.0,7.8090030950022,44.79127923659047,0.5804996596207963,0.0145056140897618,8.903484153146465,52.75993161576665,0.6352900487625577,0.0226182028752553,-0.0106072194643371,-0.0238928959801014,0.0260895061735229,385.55555555555554
704,391.1111111111111,0.2204335203229481,0.1128408878623492,0.0918910616689192,0.0493679853414268,0.044060052353415,0.0286033676727558,0.0272403028156828,0.0157821874033892,0.0175758758580635,0.0139016541545622,0.272626259733834,0.1456416037400402,0.1221282537085654,0.069622368561164,0.062661793839681,0.0414984162854695,0.0360049023544562,0.0269307741696994,-0.1404233310298182,0.0,-0.1032385927796413,0.0,-0.0596636800597444,0.0,7.8090030950022,44.79127923659047,0.5804996596207963,0.0145056140897618,8.903484153146465,44.300080747117605,0.6352900487625577,0.0226182028752553,-0.0421269993089454,-0.0206477185559282,-0.0107394624107539,391.1111111111111
714,396.6666666666666,0.2212758726839096,0.1137073335688463,0.0922730010200076,0.0496472562948588,0.0439584395891214,0.0285767630331975,0.0273597902123358,0.0161651010235033,0.0178736429260603,0.013747950505629,0.273311128019181,0.1461483508584366,0.1224511323455739,0.0700221346274949,0.0628403440180099,0.0420202338543001,0.0354811710771089,0.0267734508904982,-0.0987935544381867,0.0,0.0103198482364542,0.0,0.1710797669981911,0.0,7.8090030950022,44.79127923659047,0.5804996596207963,0.0145056140897618,8.903484153146465,44.300080747117605,0.6343530325222569,0.0226182028752553,-0.029638066331456,0.0020639696472908,0.0307943580596743,396.6666666666666
724,402.2222222222222,0.2220873421572918,0.1139381508297502,0.0923547062010893,0.0498041199611797,0.043651050019226,0.0287128873790471,0.0274666132941875,0.0155901316262273,0.017809773697903,0.0140376945164385,0.2870505467615557,0.164536361823079,0.1415463906444469,0.0906283496933769,0.0841609419389482,0.0636524982098814,0.057173159733119,0.0489771057741049,0.0560371259061412,0.0,-0.0002084706268667,0.0,-0.0791428267191699,0.0,7.8090030950022,44.79127923659047,0.5804996596207963,0.0145056140897618,8.903484153146465,44.300080747117605,0.6343530325222569,0.0450630122218605,0.0168111377718423,-4.169412537334704e-05,-0.0142457088094505,402.2222222222222
734,407.77777777777777,0.2484970182540716,0.1305611859124382,0.1130541913426851,0.0609443884251371,0.0554907173218685,0.034650054443559,0.0331803138301368,0.0179016163462446,0.0201165645762199,0.0150000048660615,0.2868503507807623,0.1645845771524882,0.1410430603745306,0.0901361869230961,0.0841669187398587,0.0641418457233127,0.0570410779434808,0.0491095793136186,0.1187128372186721,0.0,0.0940060970274808,0.0,0.0810969893735907,0.0,9.197046483678411,44.79127923659047,0.5804996596207963,0.0145056140897618,8.903484153146465,44.300080747117605,0.6343530325222569,0.0450630122218605,0.0356138511656016,0.0188012194054961,0.0145974580872463,407.77777777777777
744,413.3333333333333,0.2359004008985642,0.112570770836975,0.1025838572829107,0.0515869018786914,0.0489815042495138,0.0300013683386787,0.0300446209555852,0.0157749994829829,0.0185598885209684,0.0145996664325628,0.2871617367636194,0.1647217117430613,0.1411300512217065,0.0903798236383604,0.0843905790194681,0.0640531176532074,0.0569606466197412,0.0491221316461669,0.0700354290522139,0.0,0.0232618897639139,0.0,-0.052996041541686,0.0,9.197046483678411,53.24429476676907,0.5804996596207963,0.0145056140897618,8.903484153146465,44.300080747117605,0.6343530325222569,0.0450630122218605,0.0210106287156641,0.0046523779527827,-0.0095392874775034,413.3333333333333
754,418.88888888888886,0.2139121562179721,0.1032044102122728,0.0937854326747966,0.0482488681449861,0.0452627485376551,0.028367511406916,0.0286678135687514,0.0154387281487384,0.0184115869797026,0.0147860115450321,0.2865655299774345,0.1645556747401335,0.1406243785047304,0.0900840812594581,0.0846959929350642,0.0640069136349606,0.0567710126792997,0.0495780682896944,-0.0046278387616521,0.0,-0.0639482862257992,0.0,0.0170836874309451,0.0,9.197046483678411,53.24429476676907,0.5263231631616612,0.0145056140897618,8.903484153146465,44.300080747117605,0.6343530325222569,0.0450630122218605,-0.0013883516284956,-0.0127896572451598,0.0030750637375701,418.88888888888886
764,424.4444444444444,0.2826065713013342,0.1967951296186393,0.1889224016376073,0.1532212877347429,0.1508257061204886,0.1381175912557889,0.1387032799807376,0.1268015839184663,0.1296403003592218,0.1268561161364592,0.2875419140960255,0.1651643282972366,0.1411403161644907,0.0899142997302205,0.0847501399139691,0.0641011186870849,0.057108637931416,0.0493399601369477,-0.0555470111314663,0.0,0.1272004668036176,0.0,0.0198772396211877,0.0,9.197046483678411,53.24429476676907,0.5263231631616612,0.1267611481311829,8.903484153146465,44.300080747117605,0.6343530325222569,0.0450630122218605,-0.0166641033394399,0.0254400933607235,0.0035779031318137,424.4444444444444
774,430.0,0.2820772524593274,0.1967362616237231,0.1886225692952902,0.1536026160437373,0.1511196834615791,0.1383842870665975,0.1389451523928121,0.1267692877707578,0.129732604027859,0.1268510265889927,0.2860028565709664,0.1637950307810732,0.1402193681037732,0.0893339212845479,0.0840444943826021,0.0636495132926586,0.0566991630711476,0.049329737862365,0.0083893833260676,0.0,-0.1219995992107976,0.0,0.1118426618413928,0.0,9.197046483678411,53.24429476676907,0.5263231631616612,0.1267611481311829,8.834844513434938,44.300080747117605,0.6343530325222569,0.0450630122218605,0.0025168149978202,-0.0243999198421595,0.0201316791314507,430.0
784,435.55555555555554,0.2821811724279839,0.1967730500064488,0.1881879680064305,0.1536261473102302,0.1509727581576367,0.1381752859499785,0.1387650652323732,0.1265680043958605,0.1299618443712158,0.1263963318652275,0.2662689139443376,0.1368154359055669,0.12499095608348,0.0764049121814251,0.0758770218517927,0.0580425315831256,0.0531092826253871,0.0472033261420759,0.0049877454006447,0.0,0.1290556578806685,0.0,0.0538385094663784,0.0,9.197046483678411,53.24429476676907,0.5263231631616612,0.1267611481311829,8.834844513434938,58.07833576391853,0.6343530325222569,0.0450630122218605,0.0014963236201934,0.0258111315761337,0.0096909317039481,435.55555555555554
794,441.1111111111111,0.2823806445471299,0.1964037295290794,0.1878406467449579,0.15300393875399,0.1506559044679368,0.137697575454534,0.1386070501559147,0.1266595998039459,0.1299802569623007,0.1264313951450555,0.2583406780663021,0.1334761191757064,0.1211748145296373,0.0750563889945786,0.0749919416086618,0.05772486029844,0.0524155527651777,0.0476126991744093,0.0464862427863388,0.0,-0.1135763443386382,0.0,0.0817161194508133,0.0,9.197046483678411,53.24429476676907,0.5263231631616612,0.1267611481311829,8.834844513434938,58.07833576391853,0.6139438295718554,0.0450630122218605,0.0139458728359016,-0.0227152688677276,0.0147089015011463,441.1111111111111
804,446.6666666666666,0.2824335987466645,0.1968927432355261,0.1881105620517327,0.1529931343873125,0.1507068195067894,0.1376013359471473,0.1385928736244277,0.126507819591829,0.1299115708345538,0.1262513487931042,0.2437855549227659,0.114376323615657,0.1015610784622198,0.0534059904644834,0.0529374539574569,0.0347212392052072,0.0291860277930024,0.0242601236399179,-0.0523007188595389,0.0,0.1063291523735408,0.0,-0.0958469512233959,0.0,9.197046483678411,53.24429476676907,0.5263231631616612,0.1267611481311829,8.834844513434938,58.07833576391853,0.6139438295718554,0.021818993064139,-0.0156902156578616,0.0212658304747081,-0.0172524512202112,446.6666666666666
814,452.2222222222222,0.2543496935333377,0.1809279303747165,0.1680920142173798,0.1432509259465137,0.1396842967926676,0.1326442336451676,0.1334376001595182,0.1245473316945068,0.1284361518570251,0.125482850732898,0.2450059944852235,0.1145442802851652,0.1018380287183411,0.0535185972879803,0.0528549920209282,0.0348858452057668,0.0294005822222206,0.0242166814859446,0.2596786890774919,0.0,-0.0397910007800427,0.0,0.0166806860134578,0.0,7.015883183898664,53.24429476676907,0.5263231631616612,0.1267611481311829,8.834844513434938,58.07833576391853,0.6139438295718554,0.021818993064139,0.0779036067232475,-0.0079582001560085,0.0030025234824224,452.2222222222222
824,457.77777777777777,0.2486396834011631,0.1753041499027791,0.1650297897043644,0.1411319104322855,0.138659803358476,0.1320579042868341,0.132892796275289,0.1247545096395845,0.1283033950024457,0.1254391556128587,0.2425560751529933,0.1136339425280932,0.1012158174100333,0.0533291187288315,0.0528717119326764,0.0345919658114949,0.0294411812365339,0.0242870581527077,-0.0736140616018447,0.0,0.0455664215200418,0.0,-0.0236278490113115,0.0,7.015883183898664,58.55811369489049,0.5263231631616612,0.1267611481311829,8.834844513434938,58.07833576391853,0.6139438295718554,0.021818993064139,-0.0220842184805534,0.0091132843040083,-0.004253012822036,457.77777777777777
834,463.3333333333333,0.2760728087467693,0.1856710110466967,0.1731928477391012,0.143822923727745,0.1411176976879359,0.1328039505144189,0.1339430235731375,0.1256173431547698,0.1287651276753015,0.1257271791755562,0.2437266165662527,0.1140011958827811,0.1012475360134931,0.0531989870582462,0.0532618175902387,0.0346841047556897,0.0295220401550224,0.0238217465048199,0.0217191773402601,0.0,-0.1379663042335497,0.0,-0.0810870687671834,0.0,7.015883183898664,58.55811369489049,0.6104652975334527,0.1267611481311829,8.834844513434938,58.07833576391853,0.6139438295718554,0.021818993064139,0.006515753202078,-0.0275932608467099,-0.014595672378093,463.3333333333333
844,468.88888888888886,0.2073927186906147,0.0977641210800389,0.083265379625775,0.0473326491254001,0.0445961874496968,0.0343422103828364,0.0353577085246832,0.0260178946518757,0.029747764325607,0.0261815191190303,0.243669538376268,0.114252860614003,0.1015105607675623,0.0531915267314151,0.0531630663596192,0.0347086000366869,0.0297835670342876,0.0240130348371905,0.0236492598730265,0.0,-0.0252526946809286,0.0,-0.143456326329975,0.0,7.015883183898664,58.55811369489049,0.6104652975334527,0.0270828747673367,8.834844513434938,58.07833576391853,0.6139438295718554,0.021818993064139,0.0070947779619079,-0.0050505389361857,-0.0258221387393955,468.88888888888886
854,474.4444444444444,0.208255839420071,0.0980558539479102,0.0834567438158444,0.0478082331970961,0.0447119446471541,0.0344915626832492,0.0355753744617773,0.0260521432417472,0.0297936137076595,0.0261495269221041,0.2411013801280546,0.1130416637518963,0.0992491147321699,0.0524860844444065,0.0520800744126237,0.0340085005310675,0.0290439755126741,0.0233705977778422,-0.0211123746815454,0.0,0.0356145792271537,0.0,0.0237430072801073,0.0,7.015883183898664,58.55811369489049,0.6104652975334527,0.0270828747673367,8.65217068258941,58.07833576391853,0.6139438295718554,0.021818993064139,-0.0063337124044636,0.0071229158454307,0.0042737413104193,474.4444444444444
864,480.0,0.2073065223525632,0.0978796502423964,0.0830984880927088,0.0476959180987857,0.044678001501853,0.0344710603211554,0.0348931575197417,0.0261522244689234,0.0300023853811235,0.026198530368673,0.2464429392800987,0.1213186730596671,0.1032055260807153,0.0562267883765566,0.0545560543902368,0.0358661031474196,0.0298897194173241,0.0240344640274375,0.0555236128051151,0.0,0.0892451629980893,0.0,-0.0969366351388208,0.0,7.015883183898664,58.55811369489049,0.6104652975334527,0.0270828747673367,8.65217068258941,52.83143410444961,0.6139438295718554,0.021818993064139,0.0166570838415345,0.0178490325996178,-0.0174485943249877,480.0
874,485.55555555555554,0.207482501807844,0.0982072099788138,0.0828530265473851,0.0477698511282924,0.0446293169801285,0.0347522223998881,0.0350180753232913,0.0264749693430935,0.0299040210148592,0.0261382856142209,0.2465185043365569,0.1212477800608893,0.1032261547794083,0.0564699222557461,0.0546190423982713,0.0354714999342903,0.0299515934799502,0.0241605500394409,0.0405519247139874,0.0,0.0529379170081726,0.0,-0.0846004081155399,0.0,7.015883183898664,58.55811369489049,0.6104652975334527,0.0270828747673367,8.65217068258941,52.83143410444961,0.6139388548947615,0.021818993064139,0.0121655774141962,0.0105875834016345,-0.0152280734607971,485.55555555555554
884,491.1111111111111,0.2075656273920781,0.0980950849497858,0.0826794502224584,0.0477206517528491,0.0447418630044937,0.0347896763161894,0.0351723034010744,0.0261333074147076,0.0299653375712261,0.0265760560128911,0.2676135690543074,0.1503450153287705,0.1324544982731788,0.0888494820977194,0.0872427622692062,0.0690545893620157,0.0639106732241475,0.0579702845782639,0.1238234252191818,0.0,0.0326776476574639,0.0,0.0384845465791805,0.0,7.015883183898664,58.55811369489049,0.6104652975334527,0.0270828747673367,8.65217068258941,52.83143410444961,0.6139388548947615,0.056443175419488,0.0371470275657545,0.0065355295314927,0.0069272183842525,491.1111111111111
894,496.6666666666666,0.2209453615665777,0.1047601416691001,0.0915043224850196,0.051967999944308,0.0487095897793431,0.0366626473207067,0.0370157892622473,0.0267463010947896,0.0307781890909564,0.0271413128022806,0.2667612553957248,0.1500462031765284,0.1326431408184028,0.0886042478666342,0.0876631332617948,0.0689846190295553,0.0641196106746488,0.0581962858629144,-0.0254062830445856,0.0,0.0047734340481461,0.0,0.1681781925693793,0.0,7.715056902902815,58.55811369489049,0.6104652975334527,0.0270828747673367,8.65217068258941,52.83143410444961,0.6139388548947615,0.056443175419488,-0.0076218849133756,0.0009546868096292,0.0302720746624882,496.6666666666666
904,502.2222222222222,0.2387381296303686,0.1284824329202106,0.1032492762849649,0.0627025016844872,0.0547266451623867,0.041214082778212,0.0397098692580876,0.0287297952300677,0.0318595517192666,0.0275496342619822,0.267139796703159,0.1501559684337322,0.1322222994950992,0.0885856425031369,0.0877639293217432,0.068768502926665,0.06418999481891,0.0585098425536822,-0.023453256147934,0.0,0.1021803963486598,0.0,-0.0284558088392347,0.0,7.715056902902815,44.789784253636896,0.6104652975334527,0.0270828747673367,8.65217068258941,52.83143410444961,0.6139388548947615,0.056443175419488,-0.0070359768443802,0.0204360792697319,-0.0051220455910622,502.2222222222222
914,507.77777777777777,0.2009732064539396,0.110672456404503,0.0895940160572272,0.0564204070765997,0.0497910919876386,0.039369063328468,0.0380764528871373,0.0281944650664678,0.0315242329352398,0.0272798287002531,0.2672807467984242,0.1504010198720485,0.1322198336845875,0.0887325489428378,0.0875085100924533,0.0684469106369313,0.0636246476612663,0.0585647850544157,-0.051377102048996,0.0,-0.0736855165862642,0.0,0.099349413233231,0.0,7.715056902902815,44.789784253636896,0.5076114573382479,0.0270828747673367,8.65217068258941,52.83143410444961,0.6139388548947615,0.056443175419488,-0.0154131306146988,-0.0147371033172528,0.0178828943819815,507.77777777777777
924,513.3333333333333,0.2661141277855045,0.1966694214046911,0.1798233943608038,0.1544495418849818,0.1488341241500858,0.1412310479262212,0.1405321952106216,0.1316426336130642,0.1353429652637671,0.131419214716165,0.2667764628002096,0.1505398827558574,0.1321384957135128,0.0887178157348849,0.0873672591223192,0.0681529344218095,0.0637680974761561,0.058508734164906,-0.0271299761272433,0.0,0.213716385789536,0.0,0.1476845844528206,0.0,7.715056902902815,44.789784253636896,0.5076114573382479,0.1314328212163906,8.65217068258941,52.83143410444961,0.6139388548947615,0.056443175419488,-0.008138992838173,0.0427432771579072,0.0265832252015077,513.3333333333333
934,518.8888888888889,0.2678058218278491,0.1974782078797693,0.1800238572159301,0.1546799383885865,0.1490093239032368,0.1411674606167938,0.1403339150957428,0.1316118082902556,0.1355366135952473,0.1314976822118264,0.2448148297694304,0.1384135500147109,0.1165971232921843,0.0816839173474553,0.0792811452502683,0.0647906664591217,0.0603618819051547,0.0571727617190654,-0.0889390656751279,0.0,-0.0377049477347529,0.0,0.093699865255201,0.0,7.715056902902815,44.789784253636896,0.5076114573382479,0.1314328212163906,7.403190650442289,52.83143410444961,0.6139388548947615,0.056443175419488,-0.0266817197025384,-0.0075409895469505,0.0168659757459361,518.8888888888889
944,524.4444444444445,0.2675263781988356,0.1972151454609167,0.1797528864549005,0.154502640680656,0.1488246687958444,0.1411064430164171,0.1399877936554045,0.1319020324652508,0.1357823050969319,0.1317166566400106,0.247193364539484,0.1415923366797857,0.1183284339608289,0.0830317962460725,0.0796740161355705,0.0652383463914233,0.0603825267937497,0.0573657828709628,0.081475219451882,0.0,0.0327550381463952,0.0,0.0254094683202585,0.0,7.715056902902815,44.789784253636896,0.5076114573382479,0.1314328212163906,7.403190650442289,50.95270398427471,0.6139388548947615,0.056443175419488,0.0244425658355646,0.006551007629279,0.0045737042976465,524.4444444444445
954,530.0,0.2671699849936969,0.1971886418297949,0.1796573141859467,0.1547671199198697,0.1487747750324847,0.1407024612480086,0.1396702053840621,0.1321449747125663,0.1361904881977126,0.1313881534533584,0.2298993802157349,0.1339278278591435,0.1123692481070071,0.0803673367454313,0.0777924188228923,0.0646552999435231,0.0601737603101513,0.057458005340069,0.1074861199412589,0.0,-0.0061422660333069,0.0,0.0537162837061429,0.0,7.715056902902815,44.789784253636896,0.5076114573382479,0.1314328212163906,7.403190650442289,50.95270398427471,0.564432661956045,0.056443175419488,0.0322458359823776,-0.0012284532066613,0.0096689310671057,530.0
964,535.5555555555555,0.266562500285522,0.1966645091171294,0.1794710147612672,0.1544131477747996,0.1486152785886168,0.1408895183654965,0.1394531523971613,0.1319624021765789,0.1359618394086059,0.1313863359490837,0.2663352830856689,0.1819244671505448,0.1620102298101338,0.1338711538554214,0.1320736595535283,0.1198998844961958,0.1157153144805342,0.1133965696991936,-0.1056436278766647,0.0,-0.0619726216411375,0.0,0.0489007612215297,0.0,7.715056902902815,44.789784253636896,0.5076114573382479,0.1314328212163906,7.403190650442289,50.95270398427471,0.564432661956045,0.1126987379782391,-0.0316930883629994,-0.0123945243282275,0.0088021370198753,535.5555555555555
974,541.1111111111111,0.2498148894609697,0.1866743917566188,0.1679299227040133,0.1484308920654015,0.1425009127701932,0.1380367512477497,0.1366569456355159,0.1307963971361515,0.1349419601127061,0.1309227437144072,0.2667149253156533,0.181624755581953,0.1622870728047636,0.1341998218604376,0.1321238199169984,0.1197811098790016,0.1159585166522134,0.113264436844429,-0.0286736171580076,0.0,-0.0613398506444,0.0,-0.0052093484484444,0.0,6.480629986565633,44.789784253636896,0.5076114573382479,0.1314328212163906,7.403190650442289,50.95270398427471,0.564432661956045,0.1126987379782391,-0.0086020851474022,-0.01226797012888,-0.0009376827207199,541.1111111111111
984,546.6666666666666,0.2477762715680577,0.1840142214485582,0.1664386093860677,0.1471986992674192,0.1419902910538137,0.1377660052467197,0.1360634560027611,0.1306264044827302,0.1348100611340546,0.1310089400395248,0.2663160159523348,0.1814497939628704,0.162498708348924,0.1343702660937253,0.131885048237541,0.1195760853673959,0.1156624692186519,0.1135410858408335,0.0133330846002626,0.0,0.0573191843522365,0.0,-0.0827448390881568,0.0,6.480629986565633,47.44370545130408,0.5076114573382479,0.1314328212163906,7.403190650442289,50.95270398427471,0.564432661956045,0.1126987379782391,0.0039999253800787,0.0114638368704473,-0.0148940710358682,546.6666666666666
994,552.2222222222222,0.2468201933014004,0.1835363725518117,0.1660129549324823,0.1472867370446598,0.1416761799955605,0.1374673289453959,0.1358930493332577,0.1306727319461452,0.1347971671015672,0.1308539769286905,0.2659835752044913,0.1815829362363807,0.1622998242869581,0.1341213474315608,0.1320525880445452,0.1196393111707465,0.1155441508215774,0.1137842570223986,-0.0485409922102777,0.0,0.0538812938826319,0.0,0.1876486730205399,0.0,6.480629986565633,47.44370545130408,0.5060700588768223,0.1314328212163906,7.403190650442289,50.95270398427471,0.564432661956045,0.1126987379782391,-0.0145622976630833,0.0107762587765263,0.0337767611436971,552.2222222222222
1004,557.7777777777777,0.1694985558667472,0.0860521148866237,0.0646937354688278,0.0387475113219721,0.0324728168799869,0.0261332020399144,0.0242465806373878,0.0183430504839947,0.0221270379323665,0.0180389440049752,0.2658787475482753,0.1816821988520218,0.1618410283174575,0.133914321348105,0.1321516759569306,0.1197250393974926,0.1157925538612546,0.1143643631921736,-0.0664941209685354,0.0,0.0559818343080395,0.0,-0.0120487146751125,0.0,6.480629986565633,47.44370545130408,0.5060700588768223,0.0184338153307514,7.403190650442289,50.95270398427471,0.564432661956045,0.1126987379782391,-0.0199482362905606,0.0111963668616079,-0.0021687686415202,557.7777777777777
1014,563.3333333333333,0.16956332914253,0.0863832820492974,0.0650202478232951,0.0392197480379325,0.0326225514243922,0.026263321884469,0.0241915672038367,0.0182784096709809,0.0219415945631152,0.0177964384482336,0.2882438793652728,0.1943547059382458,0.177851191823641,0.1417394224634018,0.1404562639754454,0.1235041846324908,0.1190579998843003,0.1158540934942519,-0.105190086875574,0.0,0.124782268150432,0.0,0.0433002682316099,0.0,6.480629986565633,47.44370545130408,0.5060700588768223,0.0184338153307514,8.901444706192104,50.95270398427471,0.564432661956045,0.1126987379782391,-0.0315570260626722,0.0249564536300864,0.0077940482816897,563.3333333333333
1024,568.8888888888889,0.16967053035401,0.0864233741158606,0.0647607419084468,0.0389954419803216,0.0326538131110588,0.0266616182495357,0.0240182109976944,0.0181111391324463,0.0217446092140854,0.0175854777449589,0.2858425291132611,0.19078198930622,0.1758817212426635,0.140325230298085,0.1397420032073985,0.1229965601158481,0.1187443151417,0.1155197437056693,-0.0203401444796295,0.0,-0.0613432671142138,0.0,0.0738060807271273,0.0,6.480629986565633,47.44370545130408,0.5060700588768223,0.0184338153307514,8.901444706192104,53.15521460077029,0.564432661956045,0.1126987379782391,-0.0061020433438888,-0.0122686534228427,0.0132850945308829,568.8888888888889
1034,574.4444444444445,0.1705972667124348,0.0866512681681393,0.0651360761550031,0.0388629904011376,0.0326040123317417,0.0265560905373731,0.0238809616142847,0.0183713174145895,0.0218021939101698,0.0170852691434477,0.2955340348052364,0.1949542803249674,0.1796514971998646,0.1416277153561055,0.1407966502376503,0.1237414568280196,0.1192684663654029,0.1156396336821398,0.1255671274433801,0.0,0.0981945012801409,0.0,-0.011770317577648,0.0,6.480629986565633,47.44370545130408,0.5060700588768223,0.0184338153307514,8.901444706192104,53.15521460077029,0.5856440492778963,0.1126987379782391,0.037670138233014,0.0196389002560281,-0.0021186571639766,574.4444444444445
1044,580.0,0.1711503694966119,0.0864841657006088,0.0651908259208534,0.0388050463032063,0.032312007375731,0.0264069799823074,0.0239507950593606,0.018479302048203,0.0216097566395451,0.016991486757112,0.2750077585776329,0.1666956612487624,0.1503180948762279,0.1095223664714704,0.1088661398279767,0.0904627128193624,0.0862401272145997,0.0815930458569956,0.2099435448817264,0.0,-0.1813292058741835,0.0,0.0200945788153279,0.0,6.480629986565633,47.44370545130408,0.5060700588768223,0.0184338153307514,8.901444706192104,53.15521460077029,0.5856440492778963,0.078561016186572,0.0629830634645179,-0.0362658411748367,0.003617024186759,580.0
1054,585.5555555555555,0.2166587426595046,0.1135679407790189,0.0982047316660743,0.0561412417205697,0.0498627603135468,0.0348789305874248,0.0320444732616114,0.0223492823948065,0.0244072839674973,0.0184288818929433,0.2745692938583939,0.1665981271533421,0.1505981879956602,0.1098859245850011,0.1090628547039096,0.0906361226521477,0.0867302993548367,0.0818657369884424,0.0702195221243947,0.0,0.0670525756613858,0.0,0.1004884895679841,0.0,9.192989467407278,47.44370545130408,0.5060700588768223,0.0184338153307514,8.901444706192104,53.15521460077029,0.5856440492778963,0.078561016186572,0.0210658566373184,0.0134105151322771,0.0180879281222371,585.5555555555555
1064,591.1111111111111,0.2177180909953449,0.1148650308000315,0.099058943770814,0.0567058527713227,0.0500756248657184,0.0351642763845653,0.0319828140097597,0.0227647703554477,0.0246925165733783,0.0184123420159133,0.2745785147350753,0.1664336018987411,0.1508079651126624,0.1098425193888138,0.1092906483197365,0.0904353367133164,0.0867312350234392,0.0816677136858423,0.1154920338357823,0.0,0.0064762348609275,0.0,0.1367455348481354,0.0,9.192989467407278,46.88421333992052,0.5060700588768223,0.0184338153307514,8.901444706192104,53.15521460077029,0.5856440492778963,0.078561016186572,0.0346476101507347,0.0012952469721855,0.0246141962726643,591.1111111111111
1074,596.6666666666666,0.2628608911415144,0.1362839583225861,0.1176394682487636,0.0655474844218789,0.0575613217816711,0.0390533199918591,0.0350148149018454,0.0238914720640233,0.0262520587043112,0.0190183493427942,0.2734705422908006,0.1664001544524873,0.1504773061577698,0.10971975091827,0.1085314904746946,0.0905391556903212,0.0868760651306197,0.0815948201150245,-0.1162041047674412,0.0,0.0317421720354633,0.0,0.0575565715600261,0.0,9.192989467407278,46.88421333992052,0.6180581964579429,0.0184338153307514,8.901444706192104,53.15521460077029,0.5856440492778963,0.078561016186572,-0.0348612314302323,0.0063484344070926,0.0103601828808046,596.6666666666666
1084,602.2222222222222,0.3120897179040431,0.2034252441913226,0.1871401168996422,0.1427467801135681,0.1359732743925036,0.1202248349337475,0.1166724450321405,0.1067970792966076,0.1093614736159213,0.102322740309468,0.2728322153224526,0.1666312805591952,0.1502866376152745,0.1096415525874835,0.1079525479845908,0.0903664094241386,0.0872153570612006,0.0813058703398704,-0.1247520051203825,0.0,0.1353888173091244,0.0,0.1413323828602687,0.0,9.192989467407278,46.88421333992052,0.6180581964579429,0.1025526560009315,8.901444706192104,53.15521460077029,0.5856440492778963,0.078561016186572,-0.0374256015361147,0.0270777634618248,0.0254398289148483,602.2222222222222
1094,607.7777777777777,0.3125319065224295,0.2036894091720707,0.1873035925495251,0.1429106070579855,0.136160285899042,0.1202035746289688,0.1170565292532905,0.1072585477058316,0.1093869498154707,0.1020910645275271,0.2424578116850033,0.1497811997464303,0.1290484468410594,0.1000882138102589,0.0974031963961851,0.0858049137571462,0.0828837625300868,0.0797206541652073,-0.0714462622613767,0.0,0.1199063948842324,0.0,-0.0132995337045467,0.0,9.192989467407278,46.88421333992052,0.6180581964579429,0.1025526560009315,7.066241331070536,53.15521460077029,0.5856440492778963,0.078561016186572,-0.021433878678413,0.0239812789768464,-0.0023939160668184,607.7777777777777
1104,613.3333333333333,0.3130301675443599,0.2028110042434601,0.1865587049913866,0.1427882192071611,0.1357431722617919,0.1199221271124144,0.1170301242980961,0.1072416694574854,0.1093754403709011,0.1025999585127087,0.245393483241336,0.1532482937882948,0.1308311665364608,0.1011729856322184,0.0976540241865369,0.0858161028830559,0.0830190063321377,0.0796580793125902,0.005404751243407,0.0,-0.0837931337862807,0.0,-0.0004767696891822,0.0,9.192989467407278,46.88421333992052,0.6180581964579429,0.1025526560009315,7.066241331070536,50.3819697299198,0.5856440492778963,0.078561016186572,0.0016214253730221,-0.0167586267572561,-8.581854405280081e-05,613.3333333333333
1114,618.8888888888888,0.3148055755108281,0.2038002343842962,0.1874699619924101,0.1434807629778515,0.1359454583381696,0.1199157391953791,0.1176147623053935,0.1074246523166992,0.1099213004214583,0.1025931155149997,0.2693704630180698,0.1631440391528709,0.1387643312393333,0.1044582764899253,0.1001817604500957,0.0866197980509176,0.0838763913360578,0.0803755526012125,0.1626577088166807,0.0,0.0976465616549302,0.0,0.0166150810525974,0.0,9.192989467407278,46.88421333992052,0.6180581964579429,0.1025526560009315,7.066241331070536,50.3819697299198,0.6530494766557045,0.078561016186572,0.0487973126450042,0.019529312330986,0.0029907145894675,618.8888888888888
1124,624.4444444444445,0.3132006665067919,0.203378470324951,0.1872263569709973,0.1435571033803279,0.1358183416187839,0.1199428287542005,0.1176386060427136,0.1074409131193922,0.1099908191314934,0.1025597611919254,0.3064325839057809,0.2122709521280875,0.189943174183321,0.1592193698120935,0.1555963373615873,0.1435938024433261,0.1408511646972193,0.1388940519142124,-0.1182487124851788,0.0,0.009694166184322,0.0,-0.0146621837629966,0.0,9.192989467407278,46.88421333992052,0.6180581964579429,0.1025526560009315,7.066241331070536,50.3819697299198,0.6530494766557045,0.1363768970985825,-0.0354746137455536,0.0019388332368644,-0.0026391930773393,624.4444444444445
1134,630.0,0.2702881273684907,0.1781580034751839,0.1561888144819241,0.1276445634237276,0.1188363036368681,0.1120671391861893,0.1094186459515504,0.1037588320125419,0.1067925544323422,0.1015433909547671,0.3049827964055401,0.2115868527232307,0.1896186417375346,0.1589224190823251,0.1556111734096845,0.1439574428673795,0.1409480324086702,0.1385661346948883,-0.2712037724709424,0.0,-0.0673611691287003,0.0,0.1049982294966567,0.0,6.88339928984581,46.88421333992052,0.6180581964579429,0.1025526560009315,7.066241331070536,50.3819697299198,0.6530494766557045,0.1363768970985825,-0.0813611317412827,-0.01347223382574,0.0188996813093982,630.0
1144,635.5555555555555,0.2601960581149624,0.1638540780574849,0.149201398620279,0.1213114562765108,0.1151318920299672,0.1094920014040209,0.1076140417158389,0.1028269694591578,0.1061767559592546,0.1012528520366106,0.3066496227994643,0.2122107094993648,0.1902386727767697,0.1588135467185319,0.1557076858064501,0.1440764006455549,0.140996311179375,0.13848598807276,0.0175095549069201,0.0,-0.1293861554825582,0.0,-0.0002956646299239,0.0,6.88339928984581,58.66838784614857,0.6180581964579429,0.1025526560009315,7.066241331070536,50.3819697299198,0.6530494766557045,0.1363768970985825,0.005252866472076,-0.0258772310965116,-5.321963338631342e-05,635.5555555555555
1154,641.1111111111111,0.2237342521203765,0.1500618868661891,0.1382501271959456,0.117331619672957,0.1113219099749907,0.1078468338355691,0.1068864050250087,0.1029611437860361,0.105964316921806,0.1014885574450121,0.3065102798847838,0.2122746681722759,0.1904423144685354,0.1589394274544792,0.15620615892074,0.1439008234945112,0.1409543897514371,0.1387462129250991,-0.0300523081629465,0.0,-0.0727044071568905,0.0,-0.0964512076602928,0.0,6.88339928984581,58.66838784614857,0.5010357731630865,0.1025526560009315,7.066241331070536,50.3819697299198,0.6530494766557045,0.1363768970985825,-0.0090156924488839,-0.0145408814313781,-0.0173612173788527,641.1111111111111
1164,646.6666666666666,0.2317405495527854,0.1599415307138586,0.1476252528456443,0.1270554400226885,0.1212662505899111,0.1181753744014344,0.1173953935271879,0.1132306265167948,0.1167208189075323,0.1120976036951544,0.3071712152005264,0.2123060906982665,0.1902254022449678,0.15892798629339,0.1561862573852495,0.1436710404801693,0.1407721839081006,0.1385974548690146,0.0741350430974025,0.0,-0.0868377588146035,0.0,-0.1615972122597975,0.0,6.88339928984581,58.66838784614857,0.5010357731630865,0.112946625539663,7.066241331070536,50.3819697299198,0.6530494766557045,0.1363768970985825,0.0222405129292207,-0.0173675517629207,-0.0290874982067635,646.6666666666666
1174,652.2222222222222,0.2314974819833646,0.1598383024966778,0.1477448424552298,0.1270772967225642,0.1211781820267073,0.1180889952932232,0.1173058164193508,0.1136405381506247,0.1165375014911565,0.11230398715446,0.3309511358741076,0.225328764436278,0.2069807562856275,0.1670172827978825,0.1641018021187959,0.1475212562340226,0.1445431567087066,0.1405991788396484,0.0516470078905753,0.0,0.0259982430478463,0.0,-0.1157836660386442,0.0,6.88339928984581,58.66838784614857,0.5010357731630865,0.112946625539663,8.431580490951735,50.3819697299198,0.6530494766557045,0.1363768970985825,0.0154941023671726,0.0051996486095692,-0.0208410598869559,652.2222222222222
1184,657.7777777777777,0.2315229753312702,0.1600316535463943,0.1478305073678313,0.1265339399191234,0.1214985747755294,0.118331161917626,0.1176849493016554,0.1138077519437072,0.116490663298913,0.1124976317134841,0.3423467649551062,0.2401110000026699,0.2151530890143549,0.174406552727225,0.1682760647453003,0.1501782137875126,0.1462591714888599,0.1417189696039245,0.016434127008399,0.0,-0.1121500118102951,0.0,-0.1163729949021826,0.0,6.88339928984581,58.66838784614857,0.5010357731630865,0.112946625539663,8.431580490951735,42.73528103085163,0.6530494766557045,0.1363768970985825,0.0049302381025197,-0.022430002362059,-0.0209471390823928,657.7777777777777
1194,663.3333333333333,0.230519014108692,0.1601325315297286,0.1480163284024633,0.1265794219055839,0.1215767311751893,0.1182847149586922,0.1177241429979616,0.1138984818645396,0.1165247280912238,0.1126966394489781,0.3145341744007163,0.2263781958792736,0.2044571873214705,0.1693606809707912,0.1644139570358502,0.1481481734056318,0.1449494072947857,0.1410189031892144,-0.0965623111098647,0.0,0.0328450621512745,0.0,0.0092220366275927,0.0,6.88339928984581,58.66838784614857,0.5010357731630865,0.112946625539663,8.431580490951735,42.73528103085163,0.583780730182637,0.1363768970985825,-0.0289686933329594,0.0065690124302549,0.0016599665929666,663.3333333333333
1204,668.8888888888888,0.2308501177733236,0.1607402324841214,0.1484438551018647,0.1262841060672631,0.1215389060062362,0.1181630849568016,0.1176548317225887,0.1136301006680663,0.1162712814377049,0.1127576341930218,0.3070936527812843,0.2150905691278276,0.1929067118786318,0.1561423476317938,0.1510797610459303,0.134869790082446,0.1311308395491237,0.1268665568586052,0.0562849892006825,0.0,-0.0103023151555643,0.0,0.0060430962038338,0.0,6.88339928984581,58.66838784614857,0.5010357731630865,0.112946625539663,8.431580490951735,42.73528103085163,0.583780730182637,0.1222884416992568,0.0168854967602047,-0.0020604630311128,0.00108775731669,668.8888888888888
1214,674.4444444444445,0.2255292839303036,0.1583133268978215,0.1449618587455109,0.1248005808413542,0.1199060053576755,0.1175591322417718,0.1167525798281655,0.1131690330527757,0.1163028294288062,0.1125452662938341,0.3082188439329818,0.2157084931202958,0.1932558014817328,0.1562671687089412,0.151121726688386,0.1345544882734358,0.1311197678338041,0.1269429411450681,0.1819848021211206,0.0,0.0790626867752972,0.0,0.0498981133294408,0.0,6.4456678069907545,58.66838784614857,0.5010357731630865,0.112946625539663,8.431580490951735,42.73528103085163,0.583780730182637,0.1222884416992568,0.0545954406363361,0.0158125373550594,0.0089816603992993,674.4444444444445
1224,680.0,0.2280730456224242,0.1633132464079399,0.1468845594923068,0.1265853159193672,0.1207364313147082,0.1176564330866301,0.117429490103506,0.1126595077988375,0.1163838548761603,0.1130442035867141,0.3064017459482835,0.2152253337554723,0.1931028915618167,0.1563449445592848,0.1510766984580466,0.134342017232242,0.1313706445651898,0.1268333981993714,-0.0889430193401167,0.0,0.0906606203132138,0.0,-0.061028808416255,0.0,6.4456678069907545,52.569238957325815,0.5010357731630865,0.112946625539663,8.431580490951735,42.73528103085163,0.583780730182637,0.1222884416992568,-0.026682905802035,0.0181321240626427,-0.0109851855149259,680.0
1234,685.5555555555555,0.2759603709118853,0.183118930166973,0.1615856557081804,0.1324755994719116,0.1253418872907374,0.1190976627815869,0.1189398873905367,0.1134313120871132,0.1166123299344572,0.1135000609411392,0.3064982087381324,0.2156174859888379,0.1933801245132247,0.1564549503906033,0.1512979537023227,0.1342340435827195,0.1312466818476422,0.1269143772090689,-0.1323506800918621,0.0,0.0911118682471301,0.0,0.0321691466669066,0.0,6.4456678069907545,52.569238957325815,0.6586047316196068,0.112946625539663,8.431580490951735,42.73528103085163,0.583780730182637,0.1222884416992568,-0.0397052040275586,0.018222373649426,0.0057904464000432,685.5555555555555
1244,691.1111111111111,0.2505839657067434,0.1514669400099093,0.1288131366871409,0.0976978850270088,0.0905646475289251,0.0837004676859171,0.083131394030308,0.077125910552214,0.0810810601758077,0.0776662342031163,0.3063941950024593,0.2156646723185004,0.1932423884218463,0.1558927813497658,0.1512813514035241,0.1346337138772473,0.1313465171044855,0.1269615897441775,0.0327411479533644,0.0,0.0631950020308534,0.0,0.0918198245685702,0.0,6.4456678069907545,52.569238957325815,0.6586047316196068,0.0769505374233312,8.431580490951735,42.73528103085163,0.583780730182637,0.1222884416992568,0.0098223443860093,0.0126390004061706,0.0165275684223426,691.1111111111111
1254,696.6666666666666,0.2502390408886314,0.1516203357002737,0.1288133446469292,0.0973272146764892,0.0904289305361726,0.0834832675379011,0.0829997371537829,0.0769523455794879,0.0811914879839811,0.0777074586760326,0.3020179521561542,0.2126440076220475,0.1900747780803852,0.1539994596628312,0.1495613094611504,0.1335699375543209,0.130528334926838,0.1264827045034105,-0.1365719870810289,0.0,-0.0231864433695798,0.0,-0.1187511038597267,0.0,6.4456678069907545,52.569238957325815,0.6586047316196068,0.0769505374233312,8.17754826165326,42.73528103085163,0.583780730182637,0.1222884416992568,-0.0409715961243086,-0.0046372886739159,-0.0213751986947508,696.6666666666666
1264,702.2222222222222,0.2500404637793373,0.1513325616950792,0.1281642005220496,0.0969551266874597,0.0905174248539591,0.0834229049580353,0.083213009593444,0.076700190112587,0.0812967292760431,0.078094528753561,0.2991197267020507,0.2086062243079915,0.1880614651399391,0.1522829315031076,0.1482407358685392,0.1327019981384183,0.1300267403441095,0.1260942475079419,6.802004008610554e-05,0.0,-0.1003338242475468,0.0,-0.0024760508016434,0.0,6.4456678069907545,52.569238957325815,0.6586047316196068,0.0769505374233312,8.17754826165326,44.52846965394288,0.583780730182637,0.1222884416992568,2.040601202583166e-05,-0.0200667648495093,-0.0004456891442958,702.2222222222222
1274,707.7777777777777,0.2517490185464442,0.1517576903311393,0.1289072421608351,0.0969327697131074,0.0910156796207298,0.0832504218623482,0.0831532869656635,0.0763146353757471,0.081150917926926,0.0783721435206917,0.2845508129405875,0.2016166290277964,0.1828774546586945,0.1502025760036243,0.1466265669174426,0.1315732677797513,0.1289907627653178,0.1260205078393395,0.1101992181056809,0.0,-0.0610742750461381,0.0,-0.0279923520916377,0.0,6.4456678069907545,52.569238957325815,0.6586047316196068,0.0769505374233312,8.17754826165326,44.52846965394288,0.5397042295985346,0.1222884416992568,0.0330597654317042,-0.0122148550092276,-0.0050386233764947,707.7777777777777
1284,713.3333333333333,0.2506826443201396,0.1513618090321478,0.1289784455306868,0.0971041542121859,0.0907871967034766,0.0833597926252443,0.0828636633448186,0.0761263290437547,0.0809965397265019,0.0784055119972325,0.2413020815827451,0.1455951258831714,0.1244828382779478,0.0871899067802273,0.0822857523755087,0.0654751617034983,0.0624893898187202,0.0585081245529869,-0.024747163305928,0.0,-0.0624919238164902,0.0,-0.1250179291177542,0.0,6.4456678069907545,52.569238957325815,0.6586047316196068,0.0769505374233312,8.17754826165326,44.52846965394288,0.5397042295985346,0.0544690425825527,-0.0074241489917784,-0.012498384763298,-0.0225032272411957,713.3333333333333
1294,718.8888888888888,0.2621721143512942,0.1575939741050764,0.1363900362715397,0.1007239784826823,0.0938027643211888,0.0847289254130784,0.0840832056708763,0.0766810505123867,0.0813938045931008,0.0783342463611411,0.242019522889771,0.145828854783846,0.1246210893522018,0.0873729331049295,0.0825002157424899,0.0653076607869553,0.0631523044965568,0.058460636845481,0.0452278422042627,0.0,-0.0561525586191787,0.0,0.0910719992318646,0.0,6.97409928821487,52.569238957325815,0.6586047316196068,0.0769505374233312,8.17754826165326,44.52846965394288,0.5397042295985346,0.0544690425825527,0.0135683526612788,-0.0112305117238357,0.0163929598617356,718.8888888888888
1304,724.4444444444445,0.2697557210436859,0.1661603613800985,0.1408838958247567,0.1048282527727453,0.0962101009541494,0.0864562201591756,0.0849551164596948,0.0774607626458635,0.0814526440325213,0.0779940083717298,0.2420073984070493,0.1458191186042169,0.1244659309003486,0.0872589088261521,0.0823361024046337,0.0652850901632062,0.0630948063195246,0.0584045632561456,0.0919381559092504,0.0,-0.0168609799591051,0.0,-0.0399876655506745,0.0,6.97409928821487,46.92122878224957,0.6586047316196068,0.0769505374233312,8.17754826165326,44.52846965394288,0.5397042295985346,0.0544690425825527,0.0275814467727751,-0.003372195991821,-0.0071977797991214,724.4444444444445
1314,730.0,0.2799063374404199,0.1711386820145002,0.1441053286095807,0.1063539740707883,0.0974924211494362,0.0871446916466475,0.0856565286790378,0.0779046389600104,0.0813668943034039,0.0779577514976303,0.2415356525494671,0.145709853867307,0.1245305534614903,0.0869217716312755,0.0820164357479051,0.0649711371861785,0.0636258841003317,0.0585552459379252,0.0649321042375643,0.0,0.1469897838589693,0.0,-0.1865438700302127,0.0,6.97409928821487,46.92122878224957,0.6896248122821629,0.0769505374233312,8.17754826165326,44.52846965394288,0.5397042295985346,0.0544690425825527,0.0194796312712692,0.0293979567717938,-0.0335778966054382,730.0
1324,735.5555555555555,0.2859649738645159,0.1784208398998945,0.1520971907648876,0.1148553246311219,0.1061982159062946,0.0963708140778858,0.0950592748979499,0.0868887563235766,0.0902500143450255,0.0870124130337703,0.2407758554667324,0.1458477817708876,0.1243030422390709,0.0870545532853471,0.0820727403244674,0.0647710514367041,0.0635246878998311,0.058612621877535,-0.0014591879370597,0.0,-0.0298264028241695,0.0,0.0592513194595791,0.0,6.97409928821487,46.92122878224957,0.6896248122821629,0.0859999076416681,8.17754826165326,44.52846965394288,0.5397042295985346,0.0544690425825527,-0.0004377563811179,-0.0059652805648339,0.0106652375027242,735.5555555555555
1334,741.1111111111111,0.2857722391235471,0.1784921336204614,0.1515343903870887,0.1148183338693357,0.1065421147276004,0.0962666370867093,0.0949242028370531,0.0868255206427767,0.0904825402047904,0.0870266192555253,0.2206489028800439,0.1337440236145272,0.1099667180719333,0.0801887993580237,0.07402062065184,0.0613424658784757,0.0604728587734342,0.0575286883100953,0.063975505025732,0.0,0.0728752414783678,0.0,0.0704801565253766,0.0,6.97409928821487,46.92122878224957,0.6896248122821629,0.0859999076416681,7.020204202262519,44.52846965394288,0.5397042295985346,0.0544690425825527,0.0191926515077196,0.0145750482956735,0.0126864281745678,741.1111111111111
1344,746.6666666666666,0.2843679480318654,0.1783274107525334,0.1512200334053428,0.1145911202250616,0.1064526969082178,0.0961387813656069,0.0949729274356746,0.0868464415517728,0.0906683202880536,0.0874005812209647,0.2183659052491513,0.1317368885619235,0.1088850601619043,0.0795528131225502,0.0734200768449191,0.0609528044498675,0.0603459994060988,0.0574839160621907,-0.1372771918873541,0.0,0.0292442863073652,0.0,-0.0443868106796087,0.0,6.97409928821487,46.92122878224957,0.6896248122821629,0.0859999076416681,7.020204202262519,45.43049239617571,0.5397042295985346,0.0544690425825527,-0.0411831575662062,0.005848857261473,-0.0079896259223295,746.6666666666666
1354,752.2222222222222,0.2863752246291985,0.1792976901130484,0.151884640257927,0.1150700407563422,0.1065221276984757,0.0964781913510017,0.0952786570580596,0.0867911063492272,0.0908714181104553,0.0873874262560264,0.2711045679929237,0.1555255355365628,0.1268885889230141,0.087038831667747,0.078798414054488,0.0635561504247588,0.0619455689051311,0.0584140131063195,-0.0571358394763882,0.0,-0.1716679792478819,0.0,0.0501872556464669,0.0,6.97409928821487,46.92122878224957,0.6896248122821629,0.0859999076416681,7.020204202262519,45.43049239617571,0.6904078981415044,0.0544690425825527,-0.0171407518429164,-0.0343335958495763,0.009033706016364,752.2222222222222
1364,757.7777777777777,0.2862871710893571,0.179039721826515,0.1514944948966575,0.1148304977904928,0.1063049145529266,0.0964740212955464,0.0955778331517485,0.086731569661358,0.0910761708579988,0.0868234978418612,0.2791260322412661,0.1655950216374722,0.1378429568696267,0.0988748797389523,0.0904981906123466,0.075600338436237,0.0739107761905508,0.070367274514769,0.0680807457008677,0.0,-0.1504023137577785,0.0,0.1214575610784197,0.0,6.97409928821487,46.92122878224957,0.6896248122821629,0.0859999076416681,7.020204202262519,45.43049239617571,0.6904078981415044,0.0666717314470669,0.0204242237102603,-0.0300804627515557,0.0218623609941155,757.7777777777777
1374,763.3333333333333,0.3392668368447156,0.2107877715668522,0.1905894759656452,0.1354601974609265,0.1282715925387251,0.1073510146257775,0.1061977132922886,0.0914089721848226,0.095569670156803,0.0880854939616275,0.2785518038225407,0.1656777452161012,0.1378113588949049,0.0989765606918632,0.0901113559919936,0.0759418864178866,0.0738664687787185,0.0703649140717688,0.13667806875407,0.0,0.0437218772918292,0.0,0.0044889672061661,0.0,9.537263202817886,46.92122878224957,0.6896248122821629,0.0859999076416681,7.020204202262519,45.43049239617571,0.6904078981415044,0.0666717314470669,0.041003420626221,0.0087443754583658,0.0008080140971099,763.3333333333333
1384,768.8888888888888,0.3331887162735547,0.2029745004759411,0.1860107447723126,0.1313064423239315,0.1256216929635,0.1050775169867084,0.1048013781272714,0.0903712655219917,0.0952909098040695,0.0882172295472423,0.2782350489426238,0.165838430904485,0.1378114234373924,0.0993645439323134,0.0904759399915918,0.0761817640156998,0.0739556205432783,0.0703554416339823,-0.0195119406323036,0.0,0.086493499612946,0.0,0.2256456467587476,0.0,9.537263202817886,50.31045338212542,0.6896248122821629,0.0859999076416681,7.020204202262519,45.43049239617571,0.6904078981415044,0.0666717314470669,-0.0058535821896911,0.0172986999225892,0.0406162164165745,768.8888888888888
1394,774.4444444444445,0.2977929606314491,0.1866577543110024,0.17078569349101,0.1244601119696477,0.1194698109225557,0.1021927185532965,0.1020658338056481,0.0892305949553204,0.0943282143459886,0.0876679248810515,0.2779528861943675,0.1655079030570837,0.1373973158658643,0.0993474177928943,0.0904060323922205,0.0760869212716709,0.0740652394505088,0.0703295881017923,-0.0499883413400875,0.0,0.1054295461093826,0.0,0.1037480366132964,0.0,9.537263202817886,50.31045338212542,0.6042332258052447,0.0859999076416681,7.020204202262519,45.43049239617571,0.6904078981415044,0.0666717314470669,-0.0149965024020262,0.0210859092218765,0.0186746465903933,774.4444444444445
1404,780.0,0.3257500203022854,0.2255039955954584,0.2106472517881237,0.16942291036694,0.164348144451867,0.1489383436156119,0.1493132370660859,0.137163834204784,0.1425777445087894,0.1360764542745361,0.2773520720668694,0.1650821777664896,0.1376469238489618,0.0994822333548184,0.0904338267572599,0.076159892404349,0.0737494594864949,0.0704406452657104,-0.166183437078842,0.0,0.2052036735343516,0.0,0.0103954456668184,0.0,9.537263202817886,50.31045338212542,0.6042332258052447,0.1344810785574001,7.020204202262519,45.43049239617571,0.6904078981415044,0.0666717314470669,-0.0498550311236526,0.0410407347068703,0.0018711802200273,780.0
1414,785.5555555555555,0.3265646138107437,0.226280681927927,0.2113950023122918,0.1694897472618573,0.1647363029264704,0.1488507269110875,0.1497716610934528,0.1374464807916858,0.1430632787652754,0.1358438505673584,0.3047852049489187,0.1815105283571274,0.1567089032317537,0.1089651886507832,0.1002638101543881,0.0805778089517874,0.0776117324062931,0.0720694169749618,-0.042724742853677,0.0,0.1204805471842235,0.0,-0.01678823431712,0.0,9.537263202817886,50.31045338212542,0.6042332258052447,0.1344810785574001,8.228302254645119,45.43049239617571,0.6904078981415044,0.0666717314470669,-0.0128174228561031,0.0240961094368447,-0.0030218821770816,785.5555555555555
1424,791.1111111111111,0.325759477116963,0.2253986064992133,0.2111293879117083,0.1693158549454847,0.1646139756246045,0.1487462550061278,0.1499671455293726,0.1377074192037243,0.1432933756487243,0.1357536445353089,0.2939030089109801,0.167684581743357,0.1494539939358765,0.1025727137042764,0.0965631977231755,0.0781280139879654,0.075930815562886,0.0717328677159792,-0.1497550648428334,0.0,-0.0413088503526976,0.0,0.0757405356212086,0.0,9.537263202817886,50.31045338212542,0.6042332258052447,0.1344810785574001,8.228302254645119,51.613057277056456,0.6904078981415044,0.0666717314470669,-0.04492651945285,-0.0082617700705395,0.0136332964118175,791.1111111111111
1434,796.6666666666666,0.3284647989667624,0.2265135809300875,0.2119660018659992,0.1692885607395177,0.1648002207107278,0.1488470741082467,0.1501689984983696,0.1377588234350783,0.1433567667711012,0.1356752065759358,0.2573592233830783,0.1520743189166297,0.136237535424901,0.097057835884018,0.091268542469064,0.0761098151647351,0.0743162065819803,0.0706264480993617,0.1204498900175307,0.0,-0.0253542489718903,0.0,-0.0237816008403063,0.0,9.537263202817886,50.31045338212542,0.6042332258052447,0.1344810785574001,8.228302254645119,51.613057277056456,0.5853299007672517,0.0666717314470669,0.0361349670052592,-0.005070849794378,-0.0042806881512551,796.6666666666666
1444,802.2222222222222,0.3283041973639345,0.2259240083637957,0.211917275550553,0.1688404613524101,0.1649151045059543,0.1492294697355836,0.1499310174570922,0.1376530943222592,0.14375697115744,0.1357587165518357,0.2986157659937711,0.2067407088010846,0.1923860143181161,0.1586711400364678,0.1532914158625021,0.1398464088249188,0.1383079390991306,0.1353246420697331,0.1402157274106524,0.0,0.0387937416014581,0.0,-0.009714949307931,0.0,9.537263202817886,50.31045338212542,0.6042332258052447,0.1344810785574001,8.228302254645119,51.613057277056456,0.5853299007672517,0.131728178912742,0.0420647182231957,0.0077587483202916,-0.0017486908754275,802.2222222222222
1454,807.7777777777777,0.2989052377195605,0.2092888275722154,0.1904485936527484,0.1578325879319098,0.1531002506472075,0.1434954440466523,0.1439769716049016,0.1356805699292681,0.1412716959279199,0.134935784057129,0.2974419423819861,0.2062867785331203,0.1921953280139362,0.1585854912545165,0.1533744066513579,0.1397774442527014,0.1384998030889465,0.1352857795920718,0.0334083559591926,0.0,0.0575693541439234,0.0,0.052454056001197,0.0,7.717267679702043,50.31045338212542,0.6042332258052447,0.1344810785574001,8.228302254645119,51.613057277056456,0.5853299007672517,0.131728178912742,0.0100225067877578,0.0115138708287846,0.0094417300802154,807.7777777777777
1464,813.3333333333333,0.2914427850492347,0.1996650859757346,0.1853997067208499,0.1533674994130379,0.1506696539298847,0.1413896635263487,0.1427111770108284,0.1347079321881645,0.1411911864535692,0.1348797707671861,0.2977377180810271,0.2063002288756527,0.1922160275835427,0.1585151067454656,0.1530651993649236,0.13994463829356,0.1383603230914956,0.135328526899363,-0.0301731002943005,0.0,-0.0086011117853,0.0,-0.0365461090117062,0.0,7.717267679702043,58.45519152336935,0.6042332258052447,0.1344810785574001,8.228302254645119,51.613057277056456,0.5853299007672517,0.131728178912742,-0.0090519300882901,-0.00172022235706,-0.0065782996221071,813.3333333333333
1474,818.8888888888888,0.2628416551828755,0.18801328115905,0.1758561767486632,0.1494763708797058,0.147148346421666,0.1400452203990188,0.141623106292507,0.134125271548701,0.1406363596360397,0.1347061009211567,0.2989086623718357,0.2068849733014418,0.1924971417620176,0.1587474413194749,0.1531499018380207,0.1398121599142002,0.1383566449471896,0.1352692841437025,0.1687376145627946,0.0,-0.1550780735524299,0.0,0.070697602892443,0.0,7.717267679702043,58.45519152336935,0.5137430704243723,0.1344810785574001,8.228302254645119,51.613057277056456,0.5853299007672517,0.131728178912742,0.0506212843688383,-0.0310156147104859,0.0127255685206397,818.8888888888888
1484,824.4444444444443,0.215698851647387,0.1270725351193255,0.1138212060969581,0.0822437714825245,0.0798461104266455,0.0708633633725487,0.0721685718650249,0.064050933167435,0.0711602562487222,0.064709019847429,0.2982688405354699,0.2071629644936006,0.1923610993644776,0.1588373446922472,0.1532328917310041,0.1400118598676181,0.1383893916635294,0.1356314348805937,-0.0674798651786938,0.0,0.0198788872768307,0.0,0.0100882951786744,0.0,7.717267679702043,58.45519152336935,0.5137430704243723,0.0644995292851744,8.228302254645119,51.613057277056456,0.5853299007672517,0.131728178912742,-0.0202439595536081,0.0039757774553661,0.0018158931321613,824.4444444444443
1494,830.0,0.2150257914707214,0.126571364930555,0.1136586826564694,0.0819818623342706,0.0801341822802902,0.0711445618041851,0.0722043899771904,0.0641405663970638,0.071295672206737,0.0649509658123323,0.2872332543296179,0.2012830084293833,0.1847136777744168,0.1556054779554383,0.1498834500667735,0.1382580794555611,0.1372804582663514,0.1349055131946056,-0.1733217617254786,0.0,-0.0204750699933363,0.0,-0.0272243845364973,0.0,7.717267679702043,58.45519152336935,0.5137430704243723,0.0644995292851744,7.558544459633577,51.613057277056456,0.5853299007672517,0.131728178912742,-0.0519965285176435,-0.0040950139986672,-0.0049003892165695,830.0
1504,835.5555555555555,0.2148904123430726,0.1267981626870113,0.1135499591331517,0.0822271867445929,0.0803049549339685,0.0710587530467275,0.0720076522842447,0.0641222340826638,0.0716783378889669,0.0649141748307254,0.2816956652658711,0.1932238813749155,0.1807201736402754,0.1522561513985897,0.1477593414983007,0.1370078731565535,0.1365314638723793,0.1347181799577502,-0.1451780115302911,0.0,0.2105931581834573,0.0,-0.1791057358146175,0.0,7.717267679702043,58.45519152336935,0.5137430704243723,0.0644995292851744,7.558544459633577,59.018763911637,0.5853299007672517,0.131728178912742,-0.0435534034590873,0.0421186316366914,-0.0322390324466311,835.5555555555555
1514,841.1111111111111,0.2160577693598824,0.127059306905112,0.1134493454070243,0.0822315715852464,0.0805231905779969,0.0710893313809971,0.0717903847767211,0.0645049335568182,0.0716472168845037,0.0648539886126139,0.2713599051108391,0.1889658091940592,0.1771802352639348,0.1511327329375414,0.1464732012268593,0.1369511005188148,0.1360642364852433,0.1343880090650944,0.1697224764398298,0.0,0.1064136992788252,0.0,-0.0469737055824353,0.0,7.717267679702043,58.45519152336935,0.5137430704243723,0.0644995292851744,7.558544459633577,59.018763911637,0.5501998493329516,0.131728178912742,0.0509167429319489,0.021282739855765,-0.0084552670048383,841.1111111111111
1524,846.6666666666666,0.2151756929654545,0.1271640438552904,0.1131564054559047,0.0822678996856996,0.0804636004596593,0.0715506215017779,0.0715703039194268,0.0646713797464378,0.0715714678659551,0.0649062638759681,0.2634351990403272,0.1793695619319076,0.1674985378289286,0.1409272952316986,0.1362250104814064,0.1258556900717632,0.125474856595103,0.1234343630556468,-0.0297577043395082,0.0,-0.1006769399882233,0.0,-0.1387021630994828,0.0,7.717267679702043,58.45519152336935,0.5137430704243723,0.0644995292851744,7.558544459633577,59.018763911637,0.5501998493329516,0.1209058720893163,-0.0089273113018524,-0.0201353879976446,-0.0249663893579069,846.6666666666666
1534,852.2222222222222,0.2285217126038188,0.1339875798831064,0.1220569070313362,0.0857928394343355,0.0850193208520339,0.0734592022056987,0.0738275220054962,0.0659072062976656,0.0724712186172329,0.0656009732914709,0.2650292645987728,0.1796552969413618,0.1677787795535222,0.141219323900905,0.1367180094228264,0.1258889730240052,0.1254310455072503,0.1234281713865855,0.229360980898134,0.0,0.154223891291884,0.0,0.0199169810650689,0.0,8.5647078399955,58.45519152336935,0.5137430704243723,0.0644995292851744,7.558544459633577,59.018763911637,0.5501998493329516,0.1209058720893163,0.0688082942694402,0.0308447782583768,0.0035850565917124,852.2222222222222
1544,857.7777777777777,0.2296301454528963,0.1377879057438852,0.123879826436914,0.0878620541085904,0.086482606667439,0.0745993844721933,0.0744561641391358,0.0664350083302279,0.072735922438707,0.0655920541893395,0.2628425278370306,0.1785506203179506,0.1670654019286865,0.1412381952420486,0.1365379462748499,0.1256415510220455,0.1253625041444429,0.123384805094004,-0.0820988705431616,0.0,0.0287760535407956,0.0,0.0224777783779175,0.0,8.5647078399955,54.34171808562246,0.5137430704243723,0.0644995292851744,7.558544459633577,59.018763911637,0.5501998493329516,0.1209058720893163,-0.0246296611629485,0.0057552107081591,0.0040460001080251,857.7777777777777
1554,863.3333333333333,0.2718700145709711,0.1557208978556878,0.139628311678928,0.0944306359862359,0.0923734182053443,0.0772566519258837,0.0764965817589323,0.0672301513486308,0.0731019652265116,0.0655839948506077,0.2629922307359619,0.1787051924220203,0.1669766080654319,0.1412273851717008,0.1362088118862137,0.1254916279547586,0.1256408871058194,0.1234774669673441,0.0041563916383696,0.0,0.1069668313405302,0.0,-0.1419691845990689,0.0,8.5647078399955,54.34171808562246,0.6259244365680406,0.0644995292851744,7.558544459633577,59.018763911637,0.5501998493329516,0.1209058720893163,0.0012469174915108,0.021393366268106,-0.0255544532278324,863.3333333333333
1564,868.8888888888888,0.3240400057316158,0.2247330715129499,0.2101801318382543,0.1712700145500798,0.1694860099989781,0.1567454670685204,0.1561046152492647,0.1478492039597483,0.1545031466226255,0.1467739209870144,0.2637088125286662,0.1790500210315438,0.1672820157379762,0.141518095064047,0.1363204288445154,0.1254907142627933,0.1258742406416892,0.1231779984714386,0.0055639741629703,0.0,-0.2005816977044693,0.0,-0.1081796920851798,0.0,8.5647078399955,54.34171808562246,0.6259244365680406,0.145734106269237,7.558544459633577,59.018763911637,0.5501998493329516,0.1209058720893163,0.0016691922488911,-0.0401163395408938,-0.0194723445753323,868.8888888888888
1574,874.4444444444443,0.3236312920977488,0.2249069764029195,0.2103836662662747,0.1708633824898767,0.1696992814675304,0.156509204990661,0.1561901339059269,0.1480202021956358,0.1545125430887032,0.1468766876246757,0.2555846348886845,0.1752835716655449,0.1621620341524694,0.1396446126719737,0.1339850828274773,0.1246011666637288,0.1249533210331733,0.1229187772103633,-0.0188644330481495,0.0,0.0068833592679852,0.0,0.0436342276901708,0.0,8.5647078399955,54.34171808562246,0.6259244365680406,0.145734106269237,6.998044377633975,59.018763911637,0.5501998493329516,0.1209058720893163,-0.0056593299144448,0.001376671853597,0.0078541609842307,874.4444444444443
1584,880.0,0.3229212256817875,0.2247437805391769,0.2096878356252845,0.1704702117950587,0.1696091771998669,0.1564758867525899,0.1565021679539542,0.1477639667171853,0.1547992776389735,0.1472243082833168,0.2640267348708704,0.1866984030576443,0.1675455111288086,0.1442927629491277,0.1367674689496081,0.1260724316103309,0.125769555047412,0.1233115649574398,-0.0350041372510298,0.0,0.1639043356153428,0.0,0.0596801190019129,0.0,8.5647078399955,54.34171808562246,0.6259244365680406,0.145734106269237,6.998044377633975,47.96551119358741,0.5501998493329516,0.1209058720893163,-0.0105012411753089,0.0327808671230685,0.0107424214203443,880.0
1594,885.5555555555555,0.3241898260707934,0.2246249755816442,0.2099636061765034,0.170722390308428,0.1692777624469437,0.1562225294558539,0.1563679711645648,0.1482461559378037,0.1549380862830463,0.1471588465078863,0.2617427235603866,0.1855401465505517,0.1668230292195049,0.1439749129271404,0.136570709936528,0.125956159287369,0.1252711721693122,0.12300900172668,0.0792069045853834,0.0,2.9978522037406525e-05,0.0,-0.0928924873980354,0.0,8.5647078399955,54.34171808562246,0.6259244365680406,0.145734106269237,6.998044377633975,47.96551119358741,0.5405823504427032,0.1209058720893163,0.023762071375615,5.995704407481305e-06,-0.0167206477316463,885.5555555555555
1604,891.1111111111111,0.323007979217866,0.2240929406729924,0.20950078044995,0.1707004038964035,0.1694775660560188,0.1564921905283945,0.1562107279231593,0.1483672216128725,0.1548808536344269,0.1470421199361973,0.1855532899310684,0.0880882831148345,0.0655567232948112,0.0364454150477999,0.0270175007256604,0.0145777581870067,0.0130705949094316,0.0103604519547069,-0.0811145346823121,0.0,-0.0430840388171036,0.0,0.1791689832698009,0.0,8.5647078399955,54.34171808562246,0.6259244365680406,0.145734106269237,6.998044377633975,47.96551119358741,0.5405823504427032,0.0076056082908405,-0.0243343604046936,-0.0086168077634207,0.0322504169885641,891.1111111111111
1614,896.6666666666666,0.2999697876153216,0.2122270957640839,0.1931951842464124,0.162921901177783,0.1611996485461334,0.1526961858837608,0.1521081396992681,0.1467943786542355,0.1532861884450224,0.1463872579956219,0.1864879869940669,0.0882218963081902,0.0660936330235644,0.0364565943571233,0.027356011444945,0.0146125324467833,0.0131296924468276,0.0099238436933372,0.0983597749159859,0.0,-0.0151811472689576,0.0,-0.1121890900157984,0.0,7.081306223921086,54.34171808562246,0.6259244365680406,0.145734106269237,6.998044377633975,47.96551119358741,0.5405823504427032,0.0076056082908405,0.0295079324747957,-0.0030362294537915,-0.0201940362028437,896.6666666666666
1624,902.2222222222222,0.2958886387170638,0.2077779238329676,0.1903079143112808,0.161311563518051,0.1604008431620287,0.1516971374737001,0.1515491636799035,0.1467417296685988,0.1534086274917325,0.146597895821665,0.1851808497030671,0.0879060349132982,0.0656160177513375,0.0360177968256114,0.0271000008793818,0.0145142059526872,0.0129706192902755,0.0099474454002318,-0.1019225972686098,0.0,0.0221304950955963,0.0,0.0055717267486637,0.0,7.081306223921086,58.30928794247816,0.6259244365680406,0.145734106269237,6.998044377633975,47.96551119358741,0.5405823504427032,0.0076056082908405,-0.0305767791805829,0.0044260990191192,0.0010029108147594,902.2222222222222
1634,907.7777777777776,0.309970455798459,0.2132094917567112,0.1947863963314896,0.1632037717035874,0.1620213560367996,0.1523459706160332,0.151951895649339,0.1469046913381091,0.1535581386984267,0.1467707463125127,0.1865974172198329,0.0885822423968471,0.0659417884717675,0.0363757333440224,0.0273560045561646,0.0140893710790414,0.0128871422199646,0.0098406853954272,0.0828616066433463,0.0,-0.0312784370158169,0.0,-0.0916267298236475,0.0,7.081306223921086,58.30928794247816,0.6680337634316779,0.145734106269237,6.998044377633975,47.96551119358741,0.5405823504427032,0.0076056082908405,0.0248584819930039,-0.0062556874031633,-0.0164928113682565,907.7777777777776
1644,913.3333333333331,0.2218856404339554,0.0999203191237756,0.0786307671233733,0.039003861680625,0.0372415367496997,0.0251436230014821,0.0243816786312357,0.0184685589566518,0.0248428013019066,0.018156810724301,0.1868416740453784,0.088348176833378,0.0664701977264807,0.0365126573836651,0.0273842351749871,0.0145162326552479,0.0131408080176979,0.0098474593186121,0.0861226598364822,0.0,0.1100751069550102,0.0,-0.0173448904585509,0.0,7.081306223921086,58.30928794247816,0.6680337634316779,0.0168608612238868,6.998044377633975,47.96551119358741,0.5405823504427032,0.0076056082908405,0.0258367979509446,0.022015021391002,-0.0031220802825391,913.3333333333331
1654,918.8888888888888,0.221321001143012,0.0993998725417078,0.0785580006931177,0.039054743909268,0.0372715549660069,0.0255986050189089,0.0242337744675435,0.0178912278906609,0.0245612870680291,0.0181409952955149,0.2014296689219705,0.0967007638837909,0.0765312280441595,0.0414710957285668,0.0327205571314262,0.0167767321185085,0.0152815928401286,0.0106101611595867,-0.1093961260323604,0.0,-0.1105085536111661,0.0,-0.0377840419261056,0.0,7.081306223921086,58.30928794247816,0.6680337634316779,0.0168608612238868,7.811337075950596,47.96551119358741,0.5405823504427032,0.0076056082908405,-0.0328188378097081,-0.0221017107222332,-0.006801127546699,918.8888888888888
1664,924.4444444444443,0.2208823348427173,0.0994225590873897,0.0787023893955492,0.0390228063189552,0.0367798747326939,0.0252882173509009,0.0239647327336967,0.0179428528611412,0.0244793552751879,0.0181568928659822,0.1988381587267288,0.0936429878489965,0.0748279597720448,0.0400875040885709,0.0320138142866972,0.0162022939008183,0.0151276839315097,0.010433830916218,-0.1245517310311458,0.0,-0.004988801809726,0.0,0.1221371350660038,0.0,7.081306223921086,58.30928794247816,0.6680337634316779,0.0168608612238868,7.811337075950596,49.583929897792494,0.5405823504427032,0.0076056082908405,-0.0373655193093437,-0.0009977603619452,0.0219846843118806,924.4444444444443
1674,930.0,0.2211662547369562,0.0999197938815869,0.0788260022150984,0.0391442868700747,0.0367566161502782,0.0251118913467098,0.0238482361023325,0.0177823483113469,0.0244494427007222,0.0181699329904557,0.2276369896509124,0.1061203667585721,0.0849213289726046,0.0442723754811723,0.035807073486392,0.0176703562087145,0.0160765877243864,0.0109775839711948,-0.0211854166669976,0.0,-0.0365014681309693,0.0,0.134584076108768,0.0,7.081306223921086,58.30928794247816,0.6680337634316779,0.0168608612238868,7.811337075950596,49.583929897792494,0.6189369740976557,0.0076056082908405,-0.0063556250000993,-0.0073002936261938,0.0242251336995782,930.0
1684,935.5555555555557,0.2212284914932496,0.1004567066332896,0.0788046667903031,0.0389791722592834,0.0369019680392377,0.0248679336049785,0.0240456773609951,0.0177936013794712,0.0243033439837401,0.0186453758625452,0.2869969116505366,0.183667767390728,0.1651209076466387,0.1303451950078997,0.1230767917583013,0.1070110304852317,0.1060969418417456,0.1017672187277021,0.0828222391907718,0.0,0.1310930142813659,0.0,-0.0634335778105927,0.0,7.081306223921086,58.30928794247816,0.6680337634316779,0.0168608612238868,7.811337075950596,49.583929897792494,0.6189369740976557,0.0988912509913594,0.0248466717572315,0.0262186028562731,-0.0114180440059066,935.5555555555557
1694,941.1111111111112,0.2276551858663917,0.1039107120025609,0.082510712185972,0.0409888500494412,0.0392417716511766,0.0253308030239471,0.024782282701181,0.0181402740502441,0.0246880678080945,0.0183743339607761,0.2859948240336584,0.183550950907002,0.1649415558195568,0.1304563875606,0.1229578584652413,0.1070173968045257,0.105985925051279,0.1019635238084302,-0.0759902575184957,0.0,-0.075623239177149,0.0,-0.0108699543154883,0.0,7.38131037084439,58.30928794247816,0.6680337634316779,0.0168608612238868,7.811337075950596,49.583929897792494,0.6189369740976557,0.0988912509913594,-0.0227970772555487,-0.0151246478354298,-0.0019565917767878,941.1111111111112
1704,946.6666666666666,0.2252101785811132,0.102402498232725,0.0811630613630985,0.0404232104290827,0.0389465837664446,0.0252361936581079,0.0246885282035319,0.0178700475832653,0.0243452487387066,0.0186993897886657,0.2850195542520486,0.1825679473876452,0.1647043240067466,0.130167284066118,0.1228423869760037,0.106962541869675,0.1060394843123994,0.1018693225581715,-0.1026458079151745,0.0,-0.0259706050543905,0.0,0.0711788421643592,0.0,7.38131037084439,59.22701689472914,0.6680337634316779,0.0168608612238868,7.811337075950596,49.583929897792494,0.6189369740976557,0.0988912509913594,-0.0307937423745523,-0.0051941210108781,0.0128121915895846,946.6666666666666
1714,952.2222222222222,0.2020398204326241,0.0934189833169346,0.0735320068769776,0.037435115722309,0.0364020245485084,0.0243581464839926,0.0238314920143402,0.017326662132603,0.0239983141599506,0.0189228811296802,0.2858107760775058,0.1830448156324877,0.165297389188815,0.1305222735766832,0.1225471808541221,0.1066646172494346,0.1056333894727069,0.1016005253742601,-0.1037858246793206,0.0,0.0444898712293193,0.0,-0.3551215077175762,0.0,7.38131037084439,59.22701689472914,0.5931680070122249,0.0168608612238868,7.811337075950596,49.583929897792494,0.6189369740976557,0.0988912509913594,-0.0311357474037962,0.0088979742458638,-0.0639218713891637,952.2222222222222
1724,957.7777777777776,0.2547687351030694,0.1614359303849757,0.1428564053444139,0.1116750038050906,0.1111130921579405,0.1003707497964037,0.1002751750456475,0.0947065312420651,0.1014835271679188,0.0958164144325392,0.2865165148199086,0.1829162494117178,0.1655419116089089,0.1303128877912548,0.1230193331051841,0.1067620481466162,0.1054288843988936,0.1018370093451309,0.0170418095301613,0.0,0.0960293530715827,0.0,-0.0802171200518416,0.0,7.38131037084439,59.22701689472914,0.5931680070122249,0.094215128229736,7.811337075950596,49.583929897792494,0.6189369740976557,0.0988912509913594,0.0051125428590484,0.0192058706143165,-0.0144390816093314,957.7777777777776
1734,963.3333333333331,0.2548597605509477,0.1617351248968719,0.1430927279588456,0.112064620866935,0.1108061049673509,0.1000981228024013,0.1004067709612161,0.0948131078028894,0.1018209518451903,0.095738852815002,0.2877273362705158,0.1836720837018913,0.1662685571246084,0.1310669446907677,0.1232023882379551,0.1070976735257814,0.1054756766986787,0.1018480638273064,0.0484920541990806,0.0,0.0880993108563133,0.0,-0.0873641359035009,0.0,7.38131037084439,59.22701689472914,0.5931680070122249,0.094215128229736,7.90567855169914,49.583929897792494,0.6189369740976557,0.0988912509913594,0.0145476162597242,0.0176198621712626,-0.0157255444626301,963.3333333333331
1744,968.8888888888888,0.2540818221344087,0.1612633171245557,0.1431433455832781,0.1117757876706371,0.1102918320360326,0.0996211667352183,0.1002959845276964,0.0951138548371231,0.1017053927100221,0.095912393163177,0.294477108222537,0.1941401166663655,0.1717807678419414,0.1362144164402236,0.1258954513618418,0.1092226585668368,0.1066025073909971,0.1023156469295875,-0.0607307040741458,0.0,-0.1069303965848149,0.0,0.0570559286719395,0.0,7.38131037084439,59.22701689472914,0.5931680070122249,0.094215128229736,7.90567855169914,43.67778793019382,0.6189369740976557,0.0988912509913594,-0.0182192112222437,-0.0213860793169629,0.0102700671609491,968.8888888888888
1754,974.4444444444443,0.2544924894522735,0.1615308836513902,0.1436356736374716,0.1117451271720515,0.1102282406089966,0.0998658521513283,0.1001563249977068,0.0951176345692903,0.1013641246694586,0.0955849692240017,0.2551020249394465,0.1756686138906553,0.1575439984149592,0.1297305423596011,0.12051812171247,0.1068601564991492,0.1043617870730926,0.1013834691094387,-0.0705584490927519,0.0,0.109728527498594,0.0,0.0413182999898442,0.0,7.38131037084439,59.22701689472914,0.5931680070122249,0.094215128229736,7.90567855169914,43.67778793019382,0.5123730836312749,0.0988912509913594,-0.0211675347278255,0.0219457054997188,0.0074372939981719,974.4444444444443
1764,980.0,0.2541582503241849,0.1613551377708946,0.1433062000622409,0.1112921419933751,0.1103878485291001,0.0997752186045724,0.1001579772756779,0.0949779201591568,0.1013469295729646,0.0958232670461076,0.2313472286444626,0.1448491101334289,0.1251412800917058,0.0944408983555228,0.0849647386777899,0.0704711496539202,0.0677443775073962,0.0641713336600394,0.0020681575326526,0.0,0.053684821348617,0.0,-0.184829095182878,0.0,7.38131037084439,59.22701689472914,0.5931680070122249,0.094215128229736,7.90567855169914,43.67778793019382,0.5123730836312749,0.0617275235246962,0.0006204472597957,0.0107369642697234,-0.033269237132918,980.0
1774,985.5555555555557,0.2776751327453908,0.1733762021919482,0.1597696378189755,0.1187828644826591,0.1182924791261157,0.1028187814807064,0.1037821273043317,0.096432301069816,0.1029970010859753,0.095971358658556,0.2308600964974615,0.1452857985874891,0.125070491209429,0.0944918840770108,0.084790307499004,0.0706203381417648,0.0679977525643703,0.063960152452605,-0.1056082146688205,0.0,-0.0375980874670472,0.0,0.1227607533959966,0.0,8.844896283003099,59.22701689472914,0.5931680070122249,0.094215128229736,7.90567855169914,43.67778793019382,0.5123730836312749,0.0617275235246962,-0.0316824644006461,-0.0075196174934094,0.0220969356112793,985.5555555555557
1784,991.1111111111112,0.2813003157394184,0.1777261336846848,0.1615617039069599,0.1201919867808036,0.1192805869116164,0.1038348240650729,0.1047837404075605,0.0965234184031956,0.102935577503265,0.0959866861617596,0.2316820066152091,0.1459657463369757,0.1251100644350909,0.0944078414856765,0.0851102175008107,0.0711601078849711,0.0680297992958035,0.0638131037340705,0.135002260870651,0.0,0.0923971357678173,0.0,0.1817311492941356,0.0,8.844896283003099,56.30443576583544,0.5931680070122249,0.094215128229736,7.90567855169914,43.67778793019382,0.5123730836312749,0.0617275235246962,0.0405006782611953,0.0184794271535634,0.0327116068729444,991.1111111111112
1794,996.6666666666666,0.3007571306510539,0.1859892644277884,0.1693874362632477,0.1232845429665109,0.1220235233701811,0.1049474013846357,0.1056625537360059,0.0969860849385934,0.1032512787057157,0.0959315501409901,0.2313107979832852,0.1457837103433595,0.1251755743517196,0.0942843624324689,0.0849886436111086,0.0712488330488327,0.0685502539293129,0.0637308196277974,-0.0071407579404109,0.0,-0.0337950034197267,0.0,0.0715228933323255,0.0,8.844896283003099,56.30443576583544,0.645997849800413,0.094215128229736,7.90567855169914,43.67778793019382,0.5123730836312749,0.0617275235246962,-0.0021422273821232,-0.0067590006839453,0.0128741207998185,996.6666666666666
1804,1002.2222222222222,0.2530617841832089,0.1209261347454659,0.1030117506691842,0.0506934093305177,0.0491810973675859,0.0297255717000281,0.0299258431329261,0.0200794808743748,0.0264076104442838,0.0187303492039963,0.2320329164526653,0.1462932801223592,0.1261474484912012,0.0942823935553991,0.085154025337479,0.0713248433304711,0.068402923838288,0.0638031101629017,-0.0391762671859053,0.0,-0.1347347835584741,0.0,-0.055789106743385,0.0,8.844896283003099,56.30443576583544,0.645997849800413,0.0169807428787834,7.90567855169914,43.67778793019382,0.5123730836312749,0.0617275235246962,-0.0117528801557715,-0.0269469567116948,-0.0100420392138093,1002.2222222222222
1814,1007.7777777777776,0.2515688729181643,0.1207576277900274,0.1022887211474322,0.0509756232902403,0.0493140435973782,0.0297815689562625,0.0298858266848182,0.0202958997419042,0.0267342819426435,0.0186349170409151,0.2442361756305415,0.1542503510295722,0.1356978193896726,0.0993145367300606,0.0905219897073441,0.0741088463396583,0.0704871875141012,0.0650696652589733,-0.105568773997401,0.0,0.0746615701463396,0.0,-0.128864612813697,0.0,8.844896283003099,56.30443576583544,0.645997849800413,0.0169807428787834,8.740064584593137,43.67778793019382,0.5123730836312749,0.0617275235246962,-0.0316706321992203,0.0149323140292679,-0.0231956303064654,1007.7777777777776
1824,1013.3333333333331,0.2519008751557101,0.1203180801472921,0.1021346327257319,0.0509269389719141,0.0494236781153019,0.0296976772115194,0.0295752276852251,0.0203942414446161,0.0267000530603018,0.0184907650821341,0.2293684971671112,0.134584279939827,0.1245968038175662,0.0893131363534738,0.0844834932263953,0.0699999928086306,0.0680005441956504,0.0641413088190877,-0.0101227376526453,0.0,0.0490592867646559,0.0,0.0001917692373762,0.0,8.844896283003099,56.30443576583544,0.645997849800413,0.0169807428787834,8.740064584593137,56.04073155994568,0.5123730836312749,0.0617275235246962,-0.0030368212957936,0.0098118573529311,3.451846272772949e-05,1013.3333333333331
1834,1018.8888888888888,0.2515573193022286,0.1202035518067814,0.1021603017987514,0.0513967989286711,0.0492639363184596,0.029943715688938,0.0294235678294771,0.0203516648674026,0.0267597696789598,0.0185814237442654,0.2893293115075678,0.1593818874275614,0.1470123511799931,0.0985625720103076,0.0925516101906488,0.0730909370369945,0.0706101920599525,0.0648562109618454,-0.1217607174203984,0.0,-0.044037073644771,0.0,0.1417301389904562,0.0,8.844896283003099,56.30443576583544,0.645997849800413,0.0169807428787834,8.740064584593137,56.04073155994568,0.6755382733299067,0.0617275235246962,-0.0365282152261195,-0.0088074147289542,0.0255114250182821,1018.8888888888888
1844,1024.4444444444443,0.2527597914938705,0.1205776142622742,0.1018667215431223,0.0512384056753948,0.0493495610809652,0.0301304361545618,0.0296836876448793,0.0207201532904397,0.0265557511386015,0.0187734538845016,0.3006875579246891,0.173817170472334,0.1619136631527875,0.1143960327312684,0.1083876201402049,0.0898622019138346,0.087213397828627,0.0814316242362386,-0.0161436110249101,0.0,0.035270404316637,0.0,-0.0637633392382215,0.0,8.844896283003099,56.30443576583544,0.645997849800413,0.0169807428787834,8.740064584593137,56.04073155994568,0.6755382733299067,0.0784956229462765,-0.004843083307473,0.0070540808633274,-0.0114774010628798,1024.4444444444443
1854,1030.0,0.2626447427447988,0.1264181036363106,0.1093115669504395,0.0545517317491875,0.0534928267648317,0.0320687052622398,0.0314146644218707,0.0213385672143549,0.0276204416905631,0.0189382172975171,0.3015128319802528,0.1740703866316688,0.1621596857740415,0.1149416583856683,0.1084925723286771,0.0896069457661271,0.0875129363237458,0.0815275931416441,0.0287123663811227,0.0,0.0555913725736404,0.0,0.0763669406507249,0.0,9.330033392322344,56.30443576583544,0.645997849800413,0.0169807428787834,8.740064584593137,56.04073155994568,0.6755382733299067,0.0784956229462765,0.0086137099143368,0.011118274514728,0.0137460493171304,1030.0
1864,1035.5555555555554,0.289758465984188,0.164090547249804,0.1313898124941769,0.0751590292149084,0.0669616582525465,0.0420375878168361,0.0383006698956136,0.025592699964459,0.0302937221326378,0.0202788928653809,0.3004443635165383,0.1735277004618267,0.1621083070754793,0.1151152983436887,0.1086478482074265,0.0896339340365076,0.0876338152770028,0.0812583037116917,-0.0306353151773222,0.0,-0.0820791583400056,0.0,0.1259114022183906,0.0,9.330033392322344,40.93304475907775,0.645997849800413,0.0169807428787834,8.740064584593137,56.04073155994568,0.6755382733299067,0.0784956229462765,-0.0091905945531966,-0.0164158316680011,0.0226640523993103,1035.5555555555554
1874,1041.111111111111,0.2284258688800211,0.1322510886003753,0.105053817282286,0.061358164274395,0.0553617650468505,0.0364861797876656,0.033540478187067,0.0236474947744594,0.0287610237076041,0.0199433943573309,0.2998072855193279,0.1735629879772518,0.1620377228386379,0.1150284088220184,0.1088236881635165,0.089901488004388,0.0876056021315364,0.0807641743277529,-0.0750642882917586,0.0,-0.142029822325081,0.0,-0.0244612410944771,0.0,9.330033392322344,40.93304475907775,0.5060577667863204,0.0169807428787834,8.740064584593137,56.04073155994568,0.6755382733299067,0.0784956229462765,-0.0225192864875275,-0.0284059644650161,-0.0044030233970058,1041.111111111111
1884,1046.6666666666663,0.2212238726681987,0.1220389309723869,0.0942320010665658,0.0489567614785471,0.042570622660757,0.0229300948740312,0.0203484103505862,0.0102820988026659,0.0152179216527071,0.0061015403813551,0.3003506236116242,0.1735638062869211,0.1624171486272782,0.1155538543519262,0.1087947612733537,0.0896979925408484,0.0875072586205974,0.0805964749931634,0.0038306312671531,0.0,-0.1338387972950011,0.0,0.1187021193102541,0.0,9.330033392322344,40.93304475907775,0.5060577667863204,0.003032336003422,8.740064584593137,56.04073155994568,0.6755382733299067,0.0784956229462765,0.0011491893801459,-0.0267677594590002,0.0213663814758457,1046.6666666666663
1894,1052.2222222222222,0.2206934404316198,0.1219498349920961,0.0939432840961645,0.0488305713153559,0.0427060667209793,0.0227266324337132,0.0203613544652884,0.0101572872018402,0.0149871757092697,0.0058258338734823,0.2609178187456527,0.1536056475138606,0.1365109520378163,0.1040875482524367,0.0959393861532658,0.0846755643834953,0.0823370376858235,0.0793503060248397,-0.035025535119769,0.0,0.1180007763371549,0.0,0.0508869123223854,0.0,9.330033392322344,40.93304475907775,0.5060577667863204,0.003032336003422,6.7583060338573695,56.04073155994568,0.6755382733299067,0.0784956229462765,-0.0105076605359307,0.0236001552674309,0.0091596442180293,1052.2222222222222
1904,1057.7777777777778,0.2194857066591061,0.121699132305177,0.0941187961115768,0.0490676767466016,0.0424669454247156,0.0225478375443614,0.0204100585442499,0.0100786356779101,0.0150998303008955,0.0057636865466607,0.2739526938038165,0.1700572585796418,0.1446215606082998,0.1112020107583171,0.0999516775705846,0.0867858583325374,0.0839383282043702,0.0798458771111626,-0.1575182295296766,0.0,0.1047901755248643,0.0,0.0184262870058319,0.0,9.330033392322344,40.93304475907775,0.5060577667863204,0.003032336003422,6.7583060338573695,44.97139546417966,0.6755382733299067,0.0784956229462765,-0.0472554688589029,0.0209580351049728,0.0033167316610497,1057.7777777777778
1914,1063.3333333333333,0.2196629327667031,0.1219465253170806,0.0937927338017479,0.0493473750119753,0.0424174210364125,0.0226340906680002,0.0204976574281429,0.0098376813574341,0.0154766028893409,0.0056404059453771,0.2292806102487313,0.1494544522818866,0.1304066625392648,0.1047440611015118,0.0950758853033496,0.0845147933121117,0.082702117520269,0.0796096988526742,-0.0182027708905352,0.0,0.1522026265614039,0.0,-0.0747625342202703,0.0,9.330033392322344,40.93304475907775,0.5060577667863204,0.003032336003422,6.7583060338573695,44.97139546417966,0.5375006668711932,0.0784956229462765,-0.0054608312671605,0.0304405253122807,-0.0134572561596486,1063.3333333333333
1924,1068.888888888889,0.2216965259933646,0.1223260319799857,0.0938913811071517,0.0497065895211587,0.0422233540718549,0.0226136439315394,0.0204317247980718,0.0103739869339036,0.0152138976413738,0.0055603619006954,0.2346973552538866,0.1555009964267767,0.136663893975415,0.1110230997187055,0.1010729914654203,0.0907858032961262,0.0895796485101106,0.0860585612959835,0.1889322723595725,0.0,-0.0698961117929361,0.0,-0.0114116624204586,0.0,9.330033392322344,40.93304475907775,0.5060577667863204,0.003032336003422,6.7583060338573695,44.97139546417966,0.5375006668711932,0.0850583727578093,0.0566796817078717,-0.0139792223585872,-0.0020540992356825,1068.888888888889
1934,1074.4444444444443,0.1701470790068044,0.0888485681505639,0.0550082040464028,0.0281601177801966,0.0202554945351253,0.0109105384910749,0.0095324492654892,0.0055651814807457,0.0106228142159399,0.003965058964016,0.2352743431233439,0.1553023118028076,0.1364345058725079,0.1111432086152637,0.1009843534369249,0.0908653055813724,0.0893154818654563,0.0860296571166577,0.0984762864191519,0.0,-0.1755419362564723,0.0,-0.1074434808601523,0.0,6.524754691305746,40.93304475907775,0.5060577667863204,0.003032336003422,6.7583060338573695,44.97139546417966,0.5375006668711932,0.0850583727578093,0.0295428859257455,-0.0351083872512944,-0.0193398265548274,1074.4444444444443
1944,1080.0,0.156005632919512,0.0714362584313335,0.0461166073841464,0.0209419132609254,0.0161271756891281,0.0082032034793663,0.007783771812662,0.0045189089898451,0.0101235787320158,0.0035846591015701,0.2336746878028732,0.1545104837304126,0.1361790777257688,0.1109648135642904,0.10107172916386,0.0909035045499599,0.0893909580174281,0.0864474060708342,-0.0455654745595565,0.0,0.0343304021730307,0.0,-0.003844168935385,0.0,6.524754691305746,51.80775735669704,0.5060577667863204,0.003032336003422,6.7583060338573695,44.97139546417966,0.5375006668711932,0.0850583727578093,-0.0136696423678669,0.0068660804346061,-0.0006919504083693,1080.0
1954,1085.5555555555554,0.1636177018339552,0.0743445882812737,0.0485371587569956,0.0220296233623838,0.0169573656574366,0.0084119149624467,0.0084316356700252,0.0043121069758947,0.0107478032836662,0.0035402094565516,0.2329192338083953,0.154451435049475,0.1359360612138361,0.1109751449271989,0.1013739981657694,0.0910143106262871,0.0898416830631836,0.0868297953500647,-0.0925891480816957,0.0,0.1786565745679144,0.0,0.0852345921798461,0.0,6.524754691305746,51.80775735669704,0.5332022306094434,0.003032336003422,6.7583060338573695,44.97139546417966,0.5375006668711932,0.0850583727578093,-0.0277767444245087,0.0357313149135828,0.0153422265923723,1085.5555555555554
1964,1091.111111111111,0.2333105742777442,0.1609759101774859,0.1379335729849217,0.1170768219464589,0.1130011594537199,0.1056777900372504,0.1060844045868825,0.102454567416606,0.1093124694467123,0.1018521981819364,0.2337427116178025,0.1552386990540317,0.1361489165182668,0.1114764023174504,0.1012713213141162,0.09126615207291,0.0896868945151852,0.0867554132530824,-0.0079986015810557,0.0,-0.0043100087958058,0.0,-0.0101840415944369,0.0,6.524754691305746,51.80775735669704,0.5332022306094434,0.1016810562850964,6.7583060338573695,44.97139546417966,0.5375006668711932,0.0850583727578093,-0.0023995804743167,-0.0008620017591611,-0.0018331274869986,1091.111111111111
1974,1096.6666666666663,0.2330364863045542,0.1608178820603878,0.1379448004014519,0.1172267749429709,0.1130327661677944,0.1056290601257353,0.1061318931466081,0.1023187451721749,0.1094106791030934,0.1018980011546552,0.221528211878507,0.1483107745474121,0.1282647220356381,0.1077034244939533,0.0976588307830344,0.0896471045699513,0.0883975722202751,0.0862848272279302,0.0892800849259968,0.0,0.086044063365468,0.0,0.0968342569272445,0.0,6.524754691305746,51.80775735669704,0.5332022306094434,0.1016810562850964,6.0632260633316735,44.97139546417966,0.5375006668711932,0.0850583727578093,0.026784025477799,0.0172088126730936,0.017430166246904,1096.6666666666663
1984,1102.2222222222222,0.2338149745376983,0.1606706497553825,0.1383052835564743,0.1172913094683503,0.112955932058788,0.1055566196170848,0.106461090578931,0.1024160754419139,0.1093366238872394,0.1017921703748288,0.220376752777545,0.1463355732865801,0.1276349388471137,0.1075202997720188,0.0973277686775444,0.0893654872571933,0.0885637325954067,0.086092659766094,0.0940343724037601,0.0,-0.0296735180767713,0.0,-0.0619455820191302,0.0,6.524754691305746,51.80775735669704,0.5332022306094434,0.1016810562850964,6.0632260633316735,46.2114039410639,0.5375006668711932,0.0850583727578093,0.028210311721128,-0.0059347036153542,-0.0111502047634434,1102.2222222222222
1994,1107.7777777777778,0.2329588973353311,0.1605001138915934,0.1380974412682708,0.1172881890611819,0.1129518465262465,0.1059065635560774,0.1065995489840344,0.1020940215380879,0.1094886866810099,0.10163202068017,0.2642247500165997,0.1656602636603966,0.1406012200552151,0.1135663277506225,0.1013508097280255,0.0907458337606763,0.0895059985220445,0.0866127732908529,0.0516744605183061,0.0,0.0314739493664363,0.0,0.0095533442815808,0.0,6.524754691305746,51.80775735669704,0.5332022306094434,0.1016810562850964,6.0632260633316735,46.2114039410639,0.6876682573729227,0.0850583727578093,0.0155023381554918,0.0062947898732872,0.0017196019706845,1107.7777777777778
2004,1113.3333333333333,0.2337159032039157,0.1606720921458821,0.1383165539145051,0.117389355842228,0.113267101192585,0.1057266360034761,0.106795295475822,0.1023558471513447,0.1091823016237975,0.1012797205727346,0.2621115129768077,0.1620795917423519,0.1365911472578904,0.1095199834296547,0.0970529622409077,0.08627117992257,0.0852908061337605,0.0825068525837741,0.1365252518459686,0.0,-0.0021890675904583,0.0,0.0829250102542608,0.0,6.524754691305746,51.80775735669704,0.5332022306094434,0.1016810562850964,6.0632260633316735,46.2114039410639,0.6876682573729227,0.0807594569815867,0.0409575755537905,-0.0004378135180916,0.0149265018457669,1113.3333333333333
2014,1118.888888888889,0.2682993844454895,0.1804057142612464,0.1631677208749407,0.129826114468395,0.1257318210754636,0.1114830792463495,0.1125772580140817,0.104989553228007,0.1115803473441323,0.102067779073204,0.2610151876717335,0.1616404015604798,0.1361817888987872,0.1093003634518958,0.0966162436951342,0.0860748725520507,0.0849082662356008,0.0823068202292276,-0.0645827359551693,0.0,-0.1129749724183625,0.0,-0.0028857453655401,0.0,8.997079688789603,51.80775735669704,0.5332022306094434,0.1016810562850964,6.0632260633316735,46.2114039410639,0.6876682573729227,0.0807594569815867,-0.0193748207865508,-0.0225949944836725,-0.0005194341657972,1118.888888888889
2024,1124.4444444444443,0.2662299281436108,0.1783329872420247,0.1620081145327765,0.128765575727506,0.1250476194795916,0.1111536542426602,0.1120548095670971,0.1052216397189707,0.1113538829270605,0.1020872190444337,0.2605172349112796,0.1614625860894222,0.1362376337502796,0.109362705572941,0.0962386949331155,0.0861378921132804,0.0846765850296348,0.081892502010765,-0.0515710684203648,0.0,0.151316443950178,0.0,0.0421725658428459,0.0,8.997079688789603,53.16052163223452,0.5332022306094434,0.1016810562850964,6.0632260633316735,46.2114039410639,0.6876682573729227,0.0807594569815867,-0.0154713205261094,0.0302632887900356,0.0075910618517122,1124.4444444444443
2034,1130.0,0.3022041273534545,0.1937689697104684,0.1760056840653872,0.1346239046642714,0.1302253922542379,0.1131866954652075,0.1143186394138555,0.1056912361993259,0.1121603173309105,0.1024232104654501,0.2618719838916067,0.1616819955245116,0.1366313799161943,0.109816182645716,0.0961065740551133,0.0857423737881728,0.0845185870845297,0.0815875287382857,0.0556632240422502,0.0,0.0052458589901293,0.0,-0.0447870137856239,0.0,8.997079688789603,53.16052163223452,0.6221501571227053,0.1016810562850964,6.0632260633316735,46.2114039410639,0.6876682573729227,0.0807594569815867,0.016698967212675,0.0010491717980258,-0.0080616624814123,1130.0
2044,1135.5555555555554,0.2577352809290666,0.1335385857119694,0.1137954035068731,0.0661127836904484,0.061099620920416,0.0424482490580752,0.0434130209035866,0.0335037460133876,0.0399962997316548,0.0297020600575995,0.2622681115373131,0.1619553463733674,0.1366212536191839,0.1095898263396547,0.0961838766298419,0.0854053338382923,0.0844683961857398,0.0812828180892974,0.1764540878137744,0.0,0.1639809621003513,0.0,0.0200974079038077,0.0,8.997079688789603,53.16052163223452,0.6221501571227053,0.0286879020127346,6.0632260633316735,46.2114039410639,0.6876682573729227,0.0807594569815867,0.0529362263441323,0.0327961924200702,0.0036175334226853,1135.5555555555554
2054,1141.111111111111,0.2566550505178963,0.1329293253770545,0.1139406362185558,0.066191283064274,0.0610203316536067,0.0424088810100441,0.0436083444684528,0.0335018820334374,0.0401564795251081,0.0293671509922186,0.2987992615741576,0.1825445976561451,0.1612935558873391,0.1218772677400957,0.1079084258491437,0.0901401512620573,0.0892815434789975,0.082858723800588,0.0188386714721977,0.0,-0.0555159607268553,0.0,-0.0805542199064294,0.0,8.997079688789603,53.16052163223452,0.6221501571227053,0.0286879020127346,7.723184244773418,46.2114039410639,0.6876682573729227,0.0807594569815867,0.0056516014416593,-0.011103192145371,-0.0144997595831572,1141.111111111111
2064,1146.6666666666663,0.2573258612492837,0.1329118168012914,0.1141220344275901,0.0659643048984144,0.0611112120419078,0.0423144200113981,0.0438668326517964,0.0336929185824836,0.0401375240108696,0.0295839743694387,0.3090295259875126,0.1957793561570544,0.1679112710494164,0.1283015192400605,0.111783022517312,0.0931844518631475,0.0905028060862706,0.0836623524266032,0.0968388262146301,0.0,-0.0361758170666239,0.0,0.051230856903316,0.0,8.997079688789603,53.16052163223452,0.6221501571227053,0.0286879020127346,7.723184244773418,40.79372836918,0.6876682573729227,0.0807594569815867,0.029051647864389,-0.0072351634133247,0.0092215542425968,1146.6666666666663
2074,1152.2222222222222,0.2584348997259169,0.1334982739159791,0.1144547150483548,0.066460116537728,0.0608497374622103,0.042367384500405,0.043619909832031,0.0340657887975669,0.0401209625877285,0.0295687911029735,0.2995968390471475,0.1911778174643227,0.1641945373349324,0.126108634527123,0.1101859433491593,0.0922740659458949,0.0895019594348492,0.0835466785995699,0.1190374567460876,0.0,0.0393754009115437,0.0,0.0596799658610795,0.0,8.997079688789603,53.16052163223452,0.6221501571227053,0.0286879020127346,7.723184244773418,40.79372836918,0.6603328810183746,0.0807594569815867,0.0357112370238262,0.0078750801823087,0.0107423938549943,1152.2222222222222
2084,1157.7777777777776,0.2567661736713726,0.1327938584966762,0.1139048307439574,0.066295549359684,0.0603293769019256,0.0425524833817273,0.0431904996658117,0.0341575726546043,0.0402884601130351,0.0296701821794306,0.3373226544387126,0.2421544566505759,0.2181701661951321,0.1850100833361075,0.1700934498808555,0.153605033440808,0.15127612453033,0.1465779342081295,-0.0561042889239981,0.0,-0.0363847291324687,0.0,-0.0279261259995596,0.0,8.997079688789603,53.16052163223452,0.6221501571227053,0.0286879020127346,7.723184244773418,40.79372836918,0.6603328810183746,0.1440106375539264,-0.0168312866771994,-0.0072769458264937,-0.0050267026799207,1157.7777777777776
2094,1163.3333333333333,0.2598717717190265,0.133992050364907,0.1163172758293061,0.0672099807127252,0.061282233651399,0.0434254913214858,0.0433552041791349,0.0343278690932257,0.0404144028148085,0.0297395154389388,0.3376580219848842,0.2420943732702444,0.2183186954333374,0.1851344179976789,0.1705409134490962,0.1535558944860975,0.1511905457325401,0.1465039745603402,-0.0263608755928297,0.0,-0.2108826761622505,0.0,-0.1449341057962287,0.0,9.132829028293903,53.16052163223452,0.6221501571227053,0.0286879020127346,7.723184244773418,40.79372836918,0.6603328810183746,0.1440106375539264,-0.0079082626778489,-0.0421765352324501,-0.0260881390433211,1163.3333333333333
2104,1168.888888888889,0.2809419726900395,0.1626226037176927,0.1332831264048272,0.0835040165734894,0.0719985088275651,0.051254324518404,0.0487353248612521,0.0378900360835396,0.0421706934894746,0.0303306613267046,0.3370829902494648,0.241877710466725,0.2183637406811069,0.1850578587274941,0.1703805888778045,0.1533075748110329,0.1507767716600424,0.1467721347337684,0.0058439772998527,0.0,-0.0064911556575892,0.0,-0.1272830133284729,0.0,9.132829028293903,41.014192919321225,0.6221501571227053,0.0286879020127346,7.723184244773418,40.79372836918,0.6603328810183746,0.1440106375539264,0.0017531931899558,-0.0012982311315178,-0.0229109423991251,1168.888888888889
2114,1174.4444444444443,0.2587673079760322,0.1519836623134853,0.1241096522854789,0.0789459629105592,0.0677353149816062,0.0495974100098698,0.0472230774208334,0.03695715360921,0.0417663862653529,0.0302135559984968,0.338061721823501,0.2424430988612205,0.2192343307517914,0.1852193690129722,0.1706728241422651,0.1537111533631062,0.1508442350249618,0.1464691699954693,-0.0421731879509949,0.0,-0.1178901439195474,0.0,-0.017593589182098,0.0,9.132829028293903,41.014192919321225,0.5677320166760437,0.0286879020127346,7.723184244773418,40.79372836918,0.6603328810183746,0.1440106375539264,-0.0126519563852984,-0.0235780287839094,-0.0031668460527776,1174.4444444444443
2124,1180.0,0.2696716058974888,0.1665655621215186,0.1392868267417452,0.096242886672567,0.0849209596043098,0.0675757050576756,0.0654446921951321,0.0551434012955096,0.0606259543789919,0.0489663861061425,0.337834447386472,0.242476055970543,0.219716097186543,0.1854751303090318,0.1705562854075377,0.1536343550731979,0.150617874717781,0.1464953513779606,-0.0293118792403566,0.0,0.0046113989235715,0.0,-0.0423830293093011,0.0,9.132829028293903,41.014192919321225,0.5677320166760437,0.0477004796793423,7.723184244773418,40.79372836918,0.6603328810183746,0.1440106375539264,-0.008793563772107,0.0009222797847143,-0.0076289452756741,1180.0
2134,1185.5555555555554,0.270052703134872,0.1664093205947599,0.139434452536203,0.0960656891373911,0.0848474963864158,0.067851353836259,0.0652084759936603,0.0551049208804891,0.0604937847774261,0.0491281672352502,0.3106278747854678,0.2257503345535065,0.2001538608303802,0.1754871695185995,0.161386555159916,0.1493195117532968,0.1467935175042425,0.1453043289588245,0.0188988222097777,0.0,-0.0736222224534274,0.0,0.087150194742316,0.0,9.132829028293903,41.014192919321225,0.5677320166760437,0.0477004796793423,6.33815097516861,40.79372836918,0.6603328810183746,0.1440106375539264,0.0056696466629333,-0.0147244444906854,0.0156870350536168,1185.5555555555554
2144,1191.111111111111,0.2688029271965243,0.1663640016632278,0.1389689137752774,0.0961369411295577,0.084890223779708,0.0679189358896329,0.0654062354621335,0.0551464651705298,0.0604985195566592,0.0492063810362292,0.2963133599801754,0.2078376483268712,0.1913915973698116,0.1680112399075034,0.1573749940003753,0.1467653888183773,0.1453201237176516,0.1445372020845003,-0.0274074335067073,0.0,0.0810610856878271,0.0,-0.0428782299067777,0.0,9.132829028293903,41.014192919321225,0.5677320166760437,0.0477004796793423,6.33815097516861,52.53223638656242,0.6603328810183746,0.1440106375539264,-0.0082222300520121,0.0162122171375654,-0.0077180813832199,1191.111111111111
2154,1196.6666666666663,0.2691449364993349,0.1669187752321352,0.1395852441914434,0.0962372247487799,0.0852175769341317,0.0679609089333075,0.0656618845010494,0.0546180249254949,0.0603554101696528,0.0490809696318312,0.2962392670528801,0.2079498042560941,0.1915570079084391,0.1680718892043092,0.1576065393877639,0.1468234159012516,0.145193033475885,0.1445533522800802,-0.0721421880537564,0.0,-0.0380707872092525,0.0,-0.0816596451892483,0.0,9.132829028293903,41.014192919321225,0.5677320166760437,0.0477004796793423,6.33815097516861,52.53223638656242,0.6594916350732667,0.1440106375539264,-0.0216426564161269,-0.0076141574418505,-0.0146987361340647,1196.6666666666663
2164,1202.2222222222222,0.2683789387308541,0.1668844876278616,0.1390174286495072,0.0954911046202206,0.0846409725289897,0.0675297082910798,0.065369304663174,0.054504113468322,0.0601638777084488,0.04882685750553,0.2274768979814338,0.1222960180034269,0.1027583277915852,0.0741217341550524,0.063037973359205,0.0505912619586823,0.048970334641524,0.0478247074894876,-0.0777565394837468,0.0,-0.1148219293912051,0.0,0.0896566752444015,0.0,9.132829028293903,41.014192919321225,0.5677320166760437,0.0477004796793423,6.33815097516861,52.53223638656242,0.6594916350732667,0.0470582208003365,-0.023326961845124,-0.022964385878241,0.0161382015439922,1202.2222222222222
2174,1207.7777777777776,0.2702175383893418,0.1680355595671001,0.1398571843522632,0.0963399638134187,0.0857139849900082,0.0679020834576657,0.0652493478213829,0.0544402017351558,0.0598815957223402,0.0487996009493197,0.2282684756452264,0.1227263377203022,0.103274887160458,0.0742374912751993,0.0628768400066125,0.0505849363366141,0.049343774945094,0.0477322612169673,0.0934414717599027,0.0,0.0653304239410378,0.0,0.0334969667718043,0.0,9.16098955173995,41.014192919321225,0.5677320166760437,0.0477004796793423,6.33815097516861,52.53223638656242,0.6594916350732667,0.0470582208003365,0.0280324415279708,0.0130660847882075,0.0060294540189247,1207.7777777777776
2184,1213.3333333333333,0.2475000275478123,0.1370377654943521,0.1214814752828379,0.0799062125140278,0.0748096999412887,0.0597757460657316,0.0600630293195729,0.0510440207283707,0.0580036815743461,0.0478331962082193,0.2280286773237761,0.1225954974150277,0.1032368644990361,0.073835080729593,0.0626041811131756,0.050927286107585,0.0488648390888016,0.0474855992460548,-0.0236816008597092,0.0,0.0240875237484452,0.0,-0.0941206148390718,0.0,9.16098955173995,55.9425382569226,0.5677320166760437,0.0477004796793423,6.33815097516861,52.53223638656242,0.6594916350732667,0.0470582208003365,-0.0071044802579127,0.004817504749689,-0.0169417106710329,1213.3333333333333
2194,1218.888888888889,0.2322431790444333,0.1302536042666695,0.1149326906615729,0.0774552665223094,0.0725065177291819,0.0591043346007227,0.0589196770734371,0.0504294170417275,0.0573714664527738,0.0477049299404697,0.2283195506481507,0.1228220719677638,0.1032702558106408,0.0736927966046619,0.0627350702023194,0.050695686315197,0.0491151990663948,0.0477372264290337,0.1115086662244059,0.0,0.0635570138974191,0.0,-0.0569966225796661,0.0,9.16098955173995,55.9425382569226,0.525827588294865,0.0477004796793423,6.33815097516861,52.53223638656242,0.6594916350732667,0.0470582208003365,0.0334525998673217,0.0127114027794838,-0.0102593920643399,1218.888888888889
2204,1224.4444444444443,0.2729923126790898,0.1868063734161678,0.1719192571759956,0.1403290307517089,0.136194983026967,0.1248024462150162,0.1246422630905783,0.1171783304532314,0.1247125403170677,0.1148849328906406,0.228395405691502,0.1229288007173386,0.1039270983606309,0.0738710619974407,0.0625572829866638,0.0507792665611673,0.0493003548559946,0.0476532061394377,0.1795869076326926,0.0,0.0462415339995874,0.0,-0.1650707557796558,0.0,9.16098955173995,55.9425382569226,0.525827588294865,0.1150288735107232,6.33815097516861,52.53223638656242,0.6594916350732667,0.0470582208003365,0.0538760722898077,0.0092483067999174,-0.029712736040338,1224.4444444444443
2214,1230.0,0.2729749490773482,0.187084070620685,0.1719106829676009,0.1402274721509805,0.1360474792765512,0.1244838639084546,0.1244546889135687,0.1170705779564535,0.1246770318669566,0.1150692291191598,0.2769653280326591,0.1484618871204387,0.1363985901400504,0.0884995058763875,0.0784009852491035,0.0573429422105118,0.0556954606634491,0.0497721226617157,0.0173163952450984,0.0,-0.1427645417235239,0.0,-0.1341001300142892,0.0,9.16098955173995,55.9425382569226,0.525827588294865,0.1150288735107232,8.647862159705754,52.53223638656242,0.6594916350732667,0.0470582208003365,0.0051949185735295,-0.0285529083447047,-0.024138023402572,1230.0
2224,1235.5555555555554,0.2715831451488807,0.1862637800768731,0.1715021491839539,0.1402147855180191,0.1356830986811081,0.1246834528456908,0.1243587280062781,0.1173196358189652,0.1246438424044016,0.114928529944247,0.2897598693221335,0.1665645876059517,0.1459698948889295,0.0977092527937788,0.083774007188279,0.0609391662312927,0.0579871931642258,0.0509077142870474,-0.0660395749460737,0.0,-0.1844702116402311,0.0,0.0491738292107105,0.0,9.16098955173995,55.9425382569226,0.525827588294865,0.1150288735107232,8.647862159705754,43.94565139663493,0.6594916350732667,0.0470582208003365,-0.0198118724838221,-0.0368940423280462,0.0088512892579278,1235.5555555555554
2234,1241.111111111111,0.2727329556430823,0.1868049651862134,0.1722484469159647,0.1406665397358942,0.1355834769507842,0.1248506584502092,0.1243896268107416,0.1172187689798404,0.1247951979842401,0.1146397446780508,0.2729599937039753,0.1587761617928105,0.1394479551540389,0.0943371864727955,0.0816005882077393,0.0601873906660863,0.0570106360540434,0.0505300053305202,-0.0558318813653608,0.0,0.0263525701464958,0.0,0.0780661786253466,0.0,9.16098955173995,55.9425382569226,0.525827588294865,0.1150288735107232,8.647862159705754,43.94565139663493,0.6147282358997046,0.0470582208003365,-0.0167495644096082,0.0052705140292991,0.0140519121525624,1241.111111111111
2244,1246.6666666666663,0.2728955101493596,0.1865989820489033,0.1720166353305603,0.1403814903856292,0.1355248817521369,0.1248713790930985,0.1242556833378613,0.1169025031268363,0.1248971827983761,0.1145828726093538,0.3022062992181811,0.1977174413398303,0.1803297666801975,0.1395846340283377,0.1269522521960313,0.1075861701569266,0.1048969636396737,0.0988544862489315,0.1079019443315352,0.0,0.0285236978025051,0.0,0.0561787047972314,0.0,9.16098955173995,55.9425382569226,0.525827588294865,0.1150288735107232,8.647862159705754,43.94565139663493,0.6147282358997046,0.0958124949033154,0.0323705832994605,0.005704739560501,0.0101121668635016,1246.6666666666663
2254,1252.2222222222222,0.2628715274679845,0.1810967815652658,0.1643243928655729,0.1362844664829722,0.1317221081931204,0.1226878288423445,0.1223582263758205,0.115988605200153,0.1239047343166683,0.1143335105266369,0.3022971596404873,0.1981301981395418,0.1804772002628586,0.139537851107231,0.1270693975938844,0.1073624208152374,0.1049310641347119,0.0985678550466275,-0.0761856454729225,0.0,-0.0343619501452316,0.0,0.135956324199154,0.0,8.34986962397632,55.9425382569226,0.525827588294865,0.1150288735107232,8.647862159705754,43.94565139663493,0.6147282358997046,0.0958124949033154,-0.0228556936418767,-0.0068723900290463,0.0244721383558477,1252.2222222222222
2264,1257.7777777777776,0.2778942218394809,0.2010024686745837,0.1755636515336255,0.1464674629151242,0.1380045045402456,0.127113323546445,0.1255976250434821,0.1177797061354642,0.1252897473411297,0.1149606380295765,0.3017532640816281,0.1977569628104329,0.1803901214833773,0.1392723171355863,0.127054123544865,0.1074964823477631,0.1042932913592785,0.0985758908407786,0.0228290427715944,0.0,-0.1287870849595355,0.0,-0.1330174893424117,0.0,8.34986962397632,41.92491355256087,0.525827588294865,0.1150288735107232,8.647862159705754,43.94565139663493,0.6147282358997046,0.0958124949033154,0.0068487128314783,-0.0257574169919071,-0.0239431480816341,1257.7777777777776
2274,1263.3333333333333,0.319180543552982,0.2220177796098158,0.1921580741948758,0.1543840815430567,0.1447114224238969,0.1307544785210988,0.1284104643995323,0.11858372628156,0.1261718180357475,0.1152114882217821,0.3015838268218794,0.1977035971951876,0.1799111341537645,0.1396389000312868,0.1267388188321621,0.1077511445433031,0.1042307446121417,0.0984148957093709,-0.0500514198500291,0.0,0.1564222684150927,0.0,0.1178707500835254,0.0,8.34986962397632,41.92491355256087,0.6322382922029898,0.1150288735107232,8.647862159705754,43.94565139663493,0.6147282358997046,0.0958124949033154,-0.0150154259550087,0.0312844536830185,0.0212167350150345,1263.3333333333333
2284,1268.888888888889,0.3068523387305447,0.2054593148824857,0.1752472251279394,0.1360572656895021,0.1256958752416617,0.110696759044368,0.1084941502911827,0.0984260499837099,0.105979889861693,0.0955128728515231,0.3007818923170289,0.1974088130292194,0.1796058816289562,0.1399824432770155,0.1267212976233964,0.1076251887879667,0.1041473911620077,0.0983971511462395,-0.1424456813821772,0.0,-0.010733456797844,0.0,0.0478325135708552,0.0,8.34986962397632,41.92491355256087,0.6322382922029898,0.0947932087019278,8.647862159705754,43.94565139663493,0.6147282358997046,0.0958124949033154,-0.0427337044146531,-0.0021466913595688,0.0086098524427539,1268.888888888889
2294,1274.4444444444443,0.3072390464475401,0.2058823506744537,0.1749267443013738,0.1361865249128886,0.1256592304977321,0.1110796192221078,0.108371459477089,0.0982463756318986,0.1057280329742136,0.0958285082691886,0.2982691154212451,0.1959343261290608,0.1779402779754673,0.138661516860196,0.1256241742503462,0.1067731678757118,0.1039886698810966,0.0984141090505524,-0.0125118270779349,0.0,0.0994540168178138,0.0,0.0300411611257492,0.0,8.34986962397632,41.92491355256087,0.6322382922029898,0.0947932087019278,8.471656467006042,43.94565139663493,0.6147282358997046,0.0958124949033154,-0.0037535481233804,0.0198908033635627,0.0054074090026348,1274.4444444444443
2304,1280.0,0.3074746675685436,0.2064345536718614,0.1751543129297381,0.1361097624379928,0.1258397070075495,0.1113902325908131,0.1084580681891954,0.0983028206343678,0.1056635719204569,0.095827094139663,0.2838124570680095,0.1754432537597438,0.1664353367668959,0.129017424044323,0.1192572535416211,0.1021299830758998,0.1017087132409466,0.0970900958102673,0.0282463042612788,0.0,0.1968829264105796,0.0,0.0860585603304461,0.0,8.34986962397632,41.92491355256087,0.6322382922029898,0.0947932087019278,8.471656467006042,56.070253982606566,0.6147282358997046,0.0958124949033154,0.0084738912783836,0.0393765852821159,0.0154905408594802,1280.0
2314,1285.5555555555554,0.3081197704789452,0.2065983696675717,0.175444088015573,0.1364574368234264,0.1256026289243569,0.1111700995510231,0.1084318647493006,0.0984679384753173,0.1058129576174261,0.0958856018089978,0.2663394344037497,0.1683003983985564,0.1602899796873174,0.1264715090425966,0.1173236976410427,0.1014062066040847,0.1006127144063752,0.0968714930642933,0.0036417327267417,0.0,0.0217689406690319,0.0,0.1913123453685846,0.0,8.34986962397632,41.92491355256087,0.6322382922029898,0.0947932087019278,8.471656467006042,56.070253982606566,0.5654336415865311,0.0958124949033154,0.0010925198180225,0.0043537881338063,0.0344362221663452,1285.5555555555554
2324,1291.111111111111,0.3083210899400936,0.2066550513685724,0.1752713717465191,0.136487509079041,0.1256953406120195,0.1109573026127893,0.1083365136353452,0.0984114012064942,0.1056649859030709,0.0958564112687731,0.2741592116827435,0.1788487839189116,0.1714852374143663,0.1379602850929467,0.1291237661745845,0.1138196672925212,0.1129769720373444,0.1089861550684022,-0.0581352863643845,0.0,0.0114571248802989,0.0,-0.0941280810069783,0.0,8.34986962397632,41.92491355256087,0.6322382922029898,0.0947932087019278,8.471656467006042,56.070253982606566,0.5654336415865311,0.108307099938983,-0.0174405859093153,0.0022914249760597,-0.0169430545812561,1291.111111111111
2334,1296.6666666666663,0.3234412376240226,0.2163925747365551,0.1874687188170574,0.1435586161147033,0.1333083320555345,0.1150708362683497,0.1127107720306785,0.1001695864198977,0.1071815380408287,0.0965128963069047,0.2744985705238241,0.1789203275170556,0.1710504252251642,0.1378808806266623,0.1292137024856568,0.1135741972986736,0.1130813005728617,0.1088414854359125,0.1090306993000109,0.0,-0.0435782532661148,0.0,-0.0813883206160246,0.0,9.17527484023154,41.92491355256087,0.6322382922029898,0.0947932087019278,8.471656467006042,56.070253982606566,0.5654336415865311,0.108307099938983,0.0327092097900032,-0.0087156506532229,-0.0146498977108844,1296.6666666666663
2344,1302.2222222222222,0.2978266287907815,0.1836840649026195,0.168377688268618,0.1263666223229435,0.1223937307468657,0.1067730577685533,0.1069409078748391,0.0966447773406578,0.1049337629173737,0.0954327113259717,0.2724996628593898,0.1781775989442311,0.1708846840730366,0.1382435747266388,0.129368576828321,0.1135384975708077,0.1129219842843758,0.1088483558847345,-0.0874029754336708,0.0,0.16881935142447,0.0,0.0317741100094123,0.0,9.17527484023154,57.85895516381579,0.6322382922029898,0.0947932087019278,8.471656467006042,56.070253982606566,0.5654336415865311,0.108307099938983,-0.0262208926301012,0.033763870284894,0.0057193398016942,1302.2222222222222
2354,1307.7777777777776,0.2616811748413012,0.1680883980194257,0.1545082944379217,0.1209101374953378,0.1172982893732699,0.1050500213906907,0.1049290104976966,0.0960935077484857,0.1042373734296471,0.0954241144723964,0.2741068786940306,0.179051045204798,0.1713756928432565,0.1382255054125108,0.1293749972184128,0.1137852318318634,0.1130441501113874,0.108883542445845,0.0332847091086253,0.0,-0.0325332615434087,0.0,0.0544749535356621,0.0,9.17527484023154,57.85895516381579,0.5323024653893998,0.0947932087019278,8.471656467006042,56.070253982606566,0.5654336415865311,0.108307099938983,0.0099854127325875,-0.0065066523086817,0.0098054916364191,1307.7777777777776
2364,1313.3333333333333,0.2051960042658881,0.0915310594993985,0.077100677807693,0.0352477132207248,0.0311683657722981,0.016019693348295,0.0159465468441729,0.0061768453638471,0.0141250738750623,0.0049928766276286,0.2732529291636044,0.1787076345869601,0.1711440801547094,0.1380725221695034,0.1293167064340663,0.1140333218541746,0.1135360027873245,0.1091004049668526,-0.0926493577694981,0.0,-0.1396482314060638,0.0,-0.0484218236845144,0.0,9.17527484023154,57.85895516381579,0.5323024653893998,0.0040053525129426,8.471656467006042,56.070253982606566,0.5654336415865311,0.108307099938983,-0.0277948073308494,-0.0279296462812127,-0.0087159282632125,1313.3333333333333
2374,1318.888888888889,0.2051148847903428,0.0915812681350262,0.0768915587002031,0.0352322552775345,0.0305734853002625,0.0156424850968447,0.0160520963434796,0.0061609230640781,0.0139419072497461,0.0050428783175635,0.2658309348453355,0.1747982257590072,0.1657523181435601,0.1357761430169398,0.1265280256656329,0.1130014582571681,0.1125861872512378,0.1085507212785948,-0.023260270201862,0.0,0.1890902928175541,0.0,0.0321622722598205,0.0,9.17527484023154,57.85895516381579,0.5323024653893998,0.0040053525129426,7.952422330266685,56.070253982606566,0.5654336415865311,0.108307099938983,-0.0069780810605586,0.0378180585635108,0.0057892090067676,1318.888888888889
2384,1324.4444444444443,0.2057027848955324,0.0916366544468288,0.0772098720679604,0.0352127300045701,0.0305154347524074,0.0157676743562175,0.016250288787443,0.0060824102428553,0.0140759924711365,0.0050216941729652,0.2783282766253656,0.1914806300210543,0.1745886637058384,0.1437015462247454,0.1310940664299533,0.1159576524120028,0.114087389027019,0.1092527738544438,-0.0234385741920104,0.0,-0.0522714858263205,0.0,0.0134840814285662,0.0,9.17527484023154,57.85895516381579,0.5323024653893998,0.0040053525129426,7.952422330266685,44.29352545487527,0.5654336415865311,0.108307099938983,-0.0070315722576031,-0.0104542971652641,0.0024271346571419,1324.4444444444443
2394,1330.0,0.2067393599271806,0.0916531945049606,0.0771523934067571,0.0350458299385544,0.0307084784142375,0.0159494265989248,0.0161100231640023,0.0059927204412403,0.013803441144724,0.0050837759100713,0.2971792755892565,0.1997708518457347,0.1810580362617674,0.1467849364838272,0.1336342950911861,0.116960930329455,0.1148385606052015,0.1096386694372969,0.1451962714613461,0.0,0.0630092450348432,0.0,0.0522180855657,0.0,9.17527484023154,57.85895516381579,0.5323024653893998,0.0040053525129426,7.952422330266685,44.29352545487527,0.6127419448534138,0.108307099938983,0.0435588814384038,0.0126018490069686,0.009399255401826,1330.0
2404,1335.5555555555554,0.2051195341577345,0.0906648858796497,0.0767668806881045,0.0348410018889983,0.0305146551885067,0.0158423777815973,0.016398404971999,0.0064763029377379,0.0136425263823789,0.0051601321053136,0.3168929673405434,0.2262854162728144,0.209462882374227,0.1778527628042302,0.1651069388399744,0.1497715780548612,0.1478150205267972,0.1429000023746052,-0.0784813606149387,0.0,0.040842741195058,0.0,-0.0699104649961368,0.0,9.17527484023154,57.85895516381579,0.5323024653893998,0.0040053525129426,7.952422330266685,44.29352545487527,0.6127419448534138,0.1417206794710261,-0.0235444081844816,0.0081685482390116,-0.0125838836993046,1335.5555555555554
2414,1341.111111111111,0.178888411920389,0.0770742126373883,0.0583062825459805,0.0264464923055086,0.0207337987066211,0.0117006908444522,0.0119413088603187,0.0049671976412153,0.0118100286857624,0.0046738199279125,0.3173674623019454,0.226211658847707,0.2090162378284451,0.1780512272802498,0.1647524663365825,0.1496734834481092,0.1476433086608711,0.1427053093288832,0.0135021861439318,0.0,0.0136252462769124,0.0,0.1416863130299379,0.0,7.613822797608217,57.85895516381579,0.5323024653893998,0.0040053525129426,7.952422330266685,44.29352545487527,0.6127419448534138,0.1417206794710261,0.0040506558431795,0.0027250492553824,0.0255035363453888,1341.111111111111
2424,1346.6666666666663,0.1930796256933524,0.0959892052705239,0.0682525000024393,0.035179726814124,0.0265481519364705,0.0153571665002187,0.0139918013407205,0.006524999553302,0.0129928006824952,0.0052565823812542,0.3162817191912847,0.2255073949582931,0.2082413746483694,0.178027320418163,0.164963577969362,0.1495243434116506,0.1474002254272489,0.1429188211720942,-0.1794898587453862,0.0,-0.2069408533174205,0.0,0.1205853499337586,0.0,7.613822797608217,45.055491007686136,0.5323024653893998,0.0040053525129426,7.952422330266685,44.29352545487527,0.6127419448534138,0.1417206794710261,-0.0538469576236158,-0.0413881706634841,0.0217053629880765,1346.6666666666663
2434,1352.2222222222222,0.2136217947285294,0.1055929461117699,0.075902969869401,0.0388730323883929,0.029382341624031,0.0164234266739211,0.0150951647832343,0.0069668617262901,0.013228851304294,0.0055375617734328,0.3163513344229828,0.2253516308924212,0.2083519908459472,0.1778187912551496,0.1647414954674062,0.1494118788200692,0.1470926388203766,0.1425882274530213,-0.1330564330020845,0.0,0.0125286891417806,0.0,-0.0977759450495787,0.0,7.613822797608217,45.055491007686136,0.5913020099923738,0.0040053525129426,7.952422330266685,44.29352545487527,0.6127419448534138,0.1417206794710261,-0.0399169299006253,0.0025057378283561,-0.0175996701089241,1352.2222222222222
2444,1357.7777777777776,0.2760529454852237,0.1850022791037528,0.1588284621976047,0.1281884093137676,0.1199038274370187,0.1088164894413723,0.1080487147528207,0.1007708865587549,0.1074499147237508,0.1000920384923238,0.3179650097352604,0.2265508723882225,0.2087153442620656,0.1778210533884571,0.1649033819321134,0.1493410021243164,0.1471110108849134,0.1425861597256456,0.0331754443095165,0.0,-0.0832490498924223,0.0,-0.0628161338044537,0.0,7.613822797608217,45.055491007686136,0.5913020099923738,0.09858658699061,7.952422330266685,44.29352545487527,0.6127419448534138,0.1417206794710261,0.0099526332928549,-0.0166498099784844,-0.0113069040848016,1357.7777777777776
2454,1363.3333333333333,0.2763513364016883,0.184635832298362,0.1589968615913411,0.1279676709145993,0.1200428094312213,0.108625384468327,0.1081311107020598,0.1008593349658377,0.1070409580919153,0.0997427005819633,0.2886556922929417,0.2096585906675762,0.1890129793527269,0.1680500134077285,0.155088998238147,0.1448491453146756,0.1430138566915123,0.1412749817198959,0.0604728757687403,0.0,-0.2066208744220893,0.0,-0.081259419638121,0.0,7.613822797608217,45.055491007686136,0.5913020099923738,0.09858658699061,6.303296903563976,44.29352545487527,0.6127419448534138,0.1417206794710261,0.0181418627306221,-0.0413241748844178,-0.0146266955348617,1363.3333333333333
2464,1368.888888888889,0.2749791715135004,0.1851403355597551,0.1587249665247055,0.1281362897941963,0.1199278968360303,0.1085124241956812,0.1082855578212056,0.1008352169280339,0.106781423508054,0.0997035174035237,0.2843674711270626,0.2050389338612109,0.1869358689358404,0.166164264763752,0.1539149957346267,0.1443413813097788,0.1427687096396359,0.1412746527403811,-0.017109256640772,0.0,0.1426606519177649,0.0,0.1562671892452207,0.0,7.613822797608217,45.055491007686136,0.5913020099923738,0.09858658699061,6.303296903563976,47.611695270010856,0.6127419448534138,0.1417206794710261,-0.0051327769922316,0.0285321303835529,0.0281280940641397,1368.888888888889
2474,1374.4444444444443,0.2749193477459388,0.1848053180033862,0.1584313821642436,0.128718044039979,0.1197474952314858,0.1085338385273688,0.1087197491389193,0.1010643957996787,0.1064638592475845,0.0993479081087275,0.2576721903383697,0.1933172116868445,0.1789551801665941,0.1628663786027163,0.1514758856249391,0.1433266783372554,0.1422593390684237,0.1410521271870476,-0.0562730759690431,0.0,-0.0497489677613633,0.0,0.0781377337572351,0.0,7.613822797608217,45.055491007686136,0.5913020099923738,0.09858658699061,6.303296903563976,47.611695270010856,0.5267442377677045,0.1417206794710261,-0.0168819227907129,-0.0099497935522726,0.0140647920763023,1374.4444444444443
2484,1380.0,0.2759262390905442,0.1849205880073715,0.1585985810349541,0.1289427697994928,0.1199163039708592,0.1089769362355132,0.1086398036882585,0.100796460771312,0.106323217406115,0.0993315911167379,0.2287661601433028,0.1564164293364918,0.1410250691787153,0.121812414052963,0.1101923225764004,0.1014892860848719,0.1001585430820947,0.0983587119884586,0.0684052388873472,0.0,-0.1578607220855258,0.0,-0.1346537440862444,0.0,7.613822797608217,45.055491007686136,0.5913020099923738,0.09858658699061,6.303296903563976,47.611695270010856,0.5267442377677045,0.099366933242138,0.0205215716662041,-0.0315721444171051,-0.024237673935524,1380.0
2494,1385.5555555555554,0.2986926240512308,0.1996405090924717,0.1764854271697484,0.1389825953446911,0.1308150875144646,0.1140795921409485,0.1138191445478955,0.1031717975747837,0.1088753825175497,0.1000707471601357,0.228094934145717,0.1559559421712289,0.140833714479482,0.1214394916354282,0.1109170110938528,0.1011351777465028,0.1003183422955603,0.0984495855902834,-0.1403310645394252,0.0,0.1186322454773042,0.0,-0.0108611690574036,0.0,9.05776810324219,45.055491007686136,0.5913020099923738,0.09858658699061,6.303296903563976,47.611695270010856,0.5267442377677045,0.099366933242138,-0.0420993193618275,0.0237264490954608,-0.0019550104303326,1385.5555555555554
2504,1391.111111111111,0.2959693509389212,0.1949413591536913,0.173619285573856,0.1362150629697381,0.1292986124398365,0.112692222368508,0.1127644577804447,0.1020380120765348,0.1085818518290882,0.1000452154957816,0.2290099604442656,0.1564244242316043,0.1407852938981307,0.1211141952375299,0.110804790048232,0.1009514594693325,0.1001905894813039,0.0987706223070166,-0.0253840799526824,0.0,0.051591912410502,0.0,0.090285563267673,0.0,9.05776810324219,47.53707562817565,0.5913020099923738,0.09858658699061,6.303296903563976,47.611695270010856,0.5267442377677045,0.099366933242138,-0.0076152239858047,0.0103183824821004,0.0162514013881811,1391.111111111111
2514,1396.6666666666663,0.2907115667140673,0.1924782647639343,0.1712432044130313,0.1354117291084503,0.1283313033692115,0.1124348662827848,0.1125640445853932,0.1019925750515451,0.1087230213079762,0.0998477222080978,0.2300346330888126,0.1566336956473761,0.1411392498987534,0.121288001475411,0.1111141353207361,0.1008450592831334,0.1002939702781259,0.0990328377860988,0.1615288627903834,0.0,0.0885341275534412,0.0,0.0759468243611344,0.0,9.05776810324219,47.53707562817565,0.5743447905548836,0.09858658699061,6.303296903563976,47.611695270010856,0.5267442377677045,0.099366933242138,0.048458658837115,0.0177068255106882,0.0136704283850041,1396.6666666666663
2524,1402.2222222222222,0.2793739335309034,0.1777074681313176,0.1562287852190552,0.1188869062654954,0.1118494739499937,0.0953903292324155,0.0951422252273447,0.0845401717665722,0.09105862394402,0.082221439244686,0.2289550026709505,0.1562513614491132,0.1404560979527074,0.1209662191510413,0.1110794755967894,0.1011409250198123,0.1002490167535636,0.099302175552004,0.0650081904319978,0.0,-0.0671806331935591,0.0,0.0851674506934755,0.0,9.05776810324219,47.53707562817565,0.5743447905548836,0.0809282488421151,6.303296903563976,47.611695270010856,0.5267442377677045,0.099366933242138,0.0195024571295993,-0.0134361266387118,0.0153301411248255,1402.2222222222222
2534,1407.7777777777776,0.2792118340003958,0.1778508474023992,0.1562455794432628,0.1190394458173464,0.1121286564020305,0.0953736874684677,0.0946532524459006,0.0846300145774248,0.0913131876664752,0.0826052901371116,0.2347795316363046,0.1591414706487537,0.1438629622975861,0.1223446421945123,0.1122840287076758,0.101808386104061,0.1010306902860799,0.0998207126634268,0.0507127534897757,0.0,-0.0527965907121705,0.0,-0.0138501070844757,0.0,9.05776810324219,47.53707562817565,0.5743447905548836,0.0809282488421151,6.64517333891428,47.611695270010856,0.5267442377677045,0.099366933242138,0.0152138260469327,-0.0105593181424341,-0.0024930192752056,1407.7777777777776
2544,1413.3333333333333,0.2774485242598746,0.1777481734684489,0.1556383354376757,0.1185221190049486,0.1118666302917809,0.095142185060102,0.0948600608439889,0.084505308314874,0.0912374202756508,0.0825532318249411,0.2365522181460145,0.1620236385457575,0.1450839227244829,0.1236821369026978,0.1126013004332757,0.1024415682973938,0.101008647658208,0.0999887792951911,-0.0726778667802497,0.0,0.0687810270681109,0.0,-0.1121432183112173,0.0,9.05776810324219,47.53707562817565,0.5743447905548836,0.0809282488421151,6.64517333891428,44.94819183233542,0.5267442377677045,0.099366933242138,-0.0218033600340749,0.0137562054136221,-0.0201857792960191,1413.3333333333333
2554,1418.888888888889,0.2782249236582413,0.1784436390480132,0.1559464802209532,0.1184998461568681,0.1118407256376137,0.0952405612528014,0.0947178653347281,0.0842985933233079,0.0912650621320782,0.0822370840503102,0.2501556420547359,0.1678175993398423,0.1495403964338119,0.1258371706075458,0.1139533945729744,0.1030491819187724,0.1015908674490814,0.1000754427359622,-0.0188744058795649,0.0,0.111224291946451,0.0,0.1166532319741321,0.0,9.05776810324219,47.53707562817565,0.5743447905548836,0.0809282488421151,6.64517333891428,44.94819183233542,0.5659704566564828,0.099366933242138,-0.0056623217638694,0.0222448583892902,0.0209975817553437,1418.888888888889
2564,1424.4444444444443,0.2781630417766522,0.1785169445066442,0.155596295405908,0.1179149616808831,0.1113687397454221,0.0953796816880116,0.0950760946268894,0.0844665639534076,0.0910709535625388,0.0823889636188709,0.2293999409985926,0.1415035268144627,0.122044690915076,0.0963839049493769,0.0838813025247971,0.0724630387122582,0.071304131167763,0.0697685954095794,0.0390767215970448,0.0,0.0871108254778283,0.0,-0.0841608492073094,0.0,9.05776810324219,47.53707562817565,0.5743447905548836,0.0809282488421151,6.64517333891428,44.94819183233542,0.5659704566564828,0.0686138547207326,0.0117230164791134,0.0174221650955656,-0.0151489528573156,1424.4444444444443
2574,1430.0,0.2365925369718728,0.1543678780425815,0.1261870256328356,0.1025229210266513,0.0957377936257283,0.0881908171647853,0.0878951617327568,0.0812712550626542,0.0880019174549461,0.0814806186292885,0.22910695557582,0.1410865955648798,0.1215856332033679,0.0967766285072605,0.083401591014816,0.0719833774493176,0.0714010211112711,0.0695822193220245,0.0479178078039064,0.0,-0.016124920273915,0.0,0.1929469078249535,0.0,6.660900672968236,47.53707562817565,0.5743447905548836,0.0809282488421151,6.64517333891428,44.94819183233542,0.5659704566564828,0.0686138547207326,0.0143753423411719,-0.003224984054783,0.0347304434084916,1430.0
2584,1435.5555555555554,0.2290502614173347,0.1448464861986404,0.1217976379044605,0.0983234051395094,0.0938511242704792,0.0868806262835439,0.0869724725832827,0.0809469082300731,0.0874945635029944,0.0813977921718607,0.2296216075531189,0.1411086945057412,0.1221604482476645,0.096743407754861,0.0834654459254563,0.0723697043639195,0.0712557542309803,0.069290244284605,-0.0294713256817936,0.0,0.1263554040852975,0.0,0.0434104171895496,0.0,6.660900672968236,55.05464272734011,0.5743447905548836,0.0809282488421151,6.64517333891428,44.94819183233542,0.5659704566564828,0.0686138547207326,-0.008841397704538,0.0252710808170595,0.0078138750941189,1435.5555555555554
2594,1441.111111111111,0.2425701456551267,0.1499697635034029,0.1259542453930582,0.1004800050715912,0.0953267768808572,0.0874538065284508,0.0872965782408931,0.0810066329644208,0.0879180767312936,0.0814946137807411,0.2310089077179691,0.1414520484445111,0.1224755117936373,0.0971184820417984,0.0838376942920232,0.072198092405608,0.0710036712468927,0.0695922271873963,0.1490422637414386,0.0,0.1014521665354734,0.0,-0.0453892472662649,0.0,6.660900672968236,55.05464272734011,0.6158109148858508,0.0809282488421151,6.64517333891428,44.94819183233542,0.5659704566564828,0.0686138547207326,0.0447126791224316,0.0202904333070946,-0.0081700645079276,1441.111111111111
2604,1446.6666666666663,0.2171688023219977,0.1180010449210358,0.0929532638114651,0.0658721297617517,0.0602987852784771,0.0519728984991727,0.051737636309276,0.0449502931061453,0.0517690177894917,0.0455673871473003,0.230594362996278,0.1412261256673967,0.1225617689420207,0.0971599544670753,0.0833682692584878,0.0722078682989682,0.0710279666898033,0.06977783245846,0.0111731186176605,0.0,0.03784873186389,0.0,0.0326858365965795,0.0,6.660900672968236,55.05464272734011,0.6158109148858508,0.0449540809335751,6.64517333891428,44.94819183233542,0.5659704566564828,0.0686138547207326,0.0033519355852981,0.007569746372778,0.0058834505873843,1446.6666666666663
2614,1452.2222222222222,0.217492539812928,0.1180200598522746,0.0929045405043738,0.0658537107845213,0.0602002844563477,0.0524377734802357,0.0518735949490211,0.0448454473563834,0.051598987375854,0.0452904952206475,0.2228463842585652,0.1364926412826184,0.1177580489655383,0.0951586250189161,0.0812316231458461,0.0712372136888699,0.0701510108338796,0.0697383241431957,0.1042444682323674,0.0,0.0378667767147829,0.0,-0.0188365527231683,0.0,6.660900672968236,55.05464272734011,0.6158109148858508,0.0449540809335751,6.232639717053009,44.94819183233542,0.5659704566564828,0.0686138547207326,0.0312733404697102,0.0075733553429565,-0.0033905794901703,1452.2222222222222
2624,1457.7777777777776,0.2161883091535557,0.117099468959712,0.0924071623962073,0.0658685695700391,0.0600123299782959,0.0524716064824361,0.0519438772552466,0.0449440963468933,0.0515109772660633,0.0454699956567387,0.2109369698033709,0.1231154684515396,0.1113820820774171,0.089981169085677,0.0781681671231181,0.0695643576235331,0.0692724265329459,0.0692478455494416,-0.0951376590781624,0.0,0.0818959660950221,0.0,0.1476411448128926,0.0,6.660900672968236,55.05464272734011,0.6158109148858508,0.0449540809335751,6.232639717053009,55.26361902802962,0.5659704566564828,0.0686138547207326,-0.0285412977234487,0.0163791932190044,0.0265754060663206,1457.7777777777776
2634,1463.3333333333333,0.2174336991599828,0.1179614741566703,0.0930970236094457,0.0661785973192289,0.0601925120881332,0.052385858679521,0.0518608914763041,0.044845622940347,0.0517761184368669,0.0453306670458648,0.2007590823029149,0.1194952005139085,0.1085002575815725,0.0891526842528298,0.0773193318903509,0.0696102528528077,0.068837976435387,0.0692181323637629,-0.0017539497034508,0.0,0.1593583272684153,0.0,-0.0414249433120989,0.0,6.660900672968236,55.05464272734011,0.6158109148858508,0.0449540809335751,6.232639717053009,55.26361902802962,0.5262157976582641,0.0686138547207326,-0.0005261849110352,0.031871665453683,-0.0074564897961778,1463.3333333333333
2644,1468.888888888889,0.217099373976314,0.1177903374657206,0.0929500575981856,0.0658082568126155,0.0603068182528996,0.0520812712529786,0.0518209033432843,0.0449298035350985,0.0515766579672011,0.045611817010628,0.1653761594186918,0.075761316374608,0.0636500902817376,0.0420409862153706,0.029803491279354,0.0217411473414217,0.0205783742280497,0.0207688072544575,-0.1040582286957815,0.0,-0.0278937459766315,0.0,-0.0603731215802595,0.0,6.660900672968236,55.05464272734011,0.6158109148858508,0.0449540809335751,6.232639717053009,55.26361902802962,0.5262157976582641,0.0199809963524517,-0.0312174686087344,-0.0055787491953263,-0.0108671618844467,1468.888888888889
2654,1474.4444444444443,0.2205105347843558,0.1197250052207783,0.09510450755531,0.066781747813347,0.0610879297963435,0.0520508560165061,0.0522089385720877,0.0452216100302603,0.0514053557262517,0.0458848697531345,0.1659308644434237,0.0759417426210083,0.0639376640635512,0.0421575130792981,0.0297520436863128,0.0215070606492724,0.0206351979747818,0.0208308049960259,-0.0887548800669361,0.0,0.0507238093449547,0.0,0.0308584202629709,0.0,6.818189586583285,55.05464272734011,0.6158109148858508,0.0449540809335751,6.232639717053009,55.26361902802962,0.5262157976582641,0.0199809963524517,-0.0266264640200808,0.0101447618689909,0.0055545156473347,1474.4444444444443
2664,1480.0,0.2389507717232304,0.1420061044372934,0.1064694067217825,0.0765583611832627,0.0663523062803205,0.055850273129136,0.0545783352052634,0.0463827884569396,0.052087020066386,0.0463933644206393,0.1663668654354709,0.075928865200024,0.0638629353976179,0.0420797377868617,0.0297321462694721,0.0218547899925124,0.0208679426825929,0.0211350535939205,0.1003681097257401,0.0,-0.1236779199317229,0.0,-0.0595228409792895,0.0,6.818189586583285,41.62524622231981,0.6158109148858508,0.0449540809335751,6.232639717053009,55.26361902802962,0.5262157976582641,0.0199809963524517,0.030110432917722,-0.0247355839863445,-0.0107141113762721,1480.0
2674,1485.5555555555554,0.2611698262154932,0.1528122947703958,0.1136877165415801,0.0801806571474091,0.0691425477160909,0.0571973137757523,0.0553785937831253,0.0468173047799567,0.0523830029830291,0.046247075304623,0.1663541367996706,0.0760342752256608,0.0636030099085087,0.0419620471402606,0.0295100325347677,0.0216781727064945,0.0207953606395115,0.0208872434811034,0.0049693678972742,0.0,-0.0563643967746121,0.0,0.072516608907622,0.0,6.818189586583285,41.62524622231981,0.6812784730800514,0.0449540809335751,6.232639717053009,55.26361902802962,0.5262157976582641,0.0199809963524517,0.0014908103691822,-0.0112728793549224,0.0130529896033719,1485.5555555555554
2684,1491.111111111111,0.2584446862767138,0.1489567893735194,0.1096460935224818,0.0761236736493322,0.0648813948062959,0.0523000409951265,0.0511914082302739,0.042802028037501,0.0474904344433459,0.0416877883552827,0.1665198895786714,0.075848497107878,0.0636878675750964,0.0420487900674277,0.0298594281657902,0.0214931904010168,0.0206132469956611,0.0209848913645811,0.0743129395431597,0.0,-0.1296358165768227,0.0,-0.2053605386515415,0.0,6.818189586583285,41.62524622231981,0.6812784730800514,0.0403866449510085,6.232639717053009,55.26361902802962,0.5262157976582641,0.0199809963524517,0.0222938818629479,-0.0259271633153645,-0.0369648969572774,1491.111111111111
2694,1496.6666666666663,0.2573319716736759,0.1483370292376915,0.1090736119832293,0.0761986471318076,0.0647052750228056,0.05223743772457,0.0512562962365795,0.0426300292510494,0.0475405400734722,0.0412707673948766,0.1783683722438117,0.0816623480676523,0.0708344694852087,0.0449601099745972,0.0332200559709011,0.0224790929833696,0.0218890986989964,0.0211380204151333,0.0716807152564296,0.0,-0.0944153398325852,0.0,-0.0525154958667558,0.0,6.818189586583285,41.62524622231981,0.6812784730800514,0.0403866449510085,6.9192317376205805,55.26361902802962,0.5262157976582641,0.0199809963524517,0.0215042145769288,-0.018883067966517,-0.009452789256016,1496.6666666666663
2704,1502.2222222222222,0.2568638790151044,0.1478679379525551,0.108653122426444,0.0762422239171908,0.0646796837416334,0.0521644188523737,0.0514142323121146,0.0424389706141191,0.0478335468201937,0.0411974435615439,0.1761451416298383,0.0801348415284723,0.0699316131987928,0.0442296297909524,0.0329745409330846,0.0220515150975305,0.0220782912710557,0.0212040405354509,-0.0935756026083371,0.0,0.0455499241210112,0.0,-0.0588595827957918,0.0,6.818189586583285,41.62524622231981,0.6812784730800514,0.0403866449510085,6.9192317376205805,56.65588620004135,0.5262157976582641,0.0199809963524517,-0.0280726807825011,0.0091099848242022,-0.0105947249032425,1502.2222222222222
2714,1507.7777777777776,0.2568388731365645,0.1480748761832908,0.1083796356933229,0.076112600063383,0.0650062747433769,0.0523263025074697,0.051437226067761,0.042705697421421,0.0478481145042118,0.0413692653080732,0.2063472080593907,0.0917629380556997,0.0793234993855551,0.0478788069745296,0.0359342373720233,0.0227950383840964,0.0234739378358961,0.0218849588425072,-0.1365151662707128,0.0,0.1005174455181535,0.0,-0.0070075560036928,0.0,6.818189586583285,41.62524622231981,0.6812784730800514,0.0403866449510085,6.9192317376205805,56.65588620004135,0.6239846919423603,0.0199809963524517,-0.0409545498812138,0.0201034891036307,-0.0012613600806647,1507.7777777777776
2724,1513.3333333333333,0.2581479698372033,0.1483488482003984,0.1086028781098395,0.0761352827703335,0.0650569348598969,0.0522323455334103,0.0513087105739004,0.0428524656052397,0.0475275983581313,0.0411948821705712,0.2127249944488906,0.0987529477689552,0.0873732997992953,0.0556576972041594,0.0437178308424058,0.0308817387861909,0.0315679387707319,0.030257589541556,0.1257469483255112,0.0,0.024763673805844,0.0,-0.0109396466538556,0.0,6.818189586583285,41.62524622231981,0.6812784730800514,0.0403866449510085,6.9192317376205805,56.65588620004135,0.6239846919423603,0.0280715079811078,0.0377240844976533,0.0049527347611688,-0.001969136397694,1513.3333333333333
2734,1518.888888888889,0.2828016046494502,0.1629046380150295,0.126139965545556,0.0852160141859707,0.0739474094789135,0.0567380546458653,0.0553697211489035,0.0449103892097534,0.0489861300493606,0.0416579351005917,0.2131889192566607,0.0990110487961377,0.0876055200921703,0.0556572992255352,0.0435112334919967,0.0312047737956332,0.0317930809429591,0.0301092824532872,0.1123373167889446,0.0,-0.175651830847225,0.0,0.0841528342640595,0.0,7.791402919605084,41.62524622231981,0.6812784730800514,0.0403866449510085,6.9192317376205805,56.65588620004135,0.6239846919423603,0.0280715079811078,0.0337011950366833,-0.035130366169445,0.0151475101675307,1518.888888888889
2744,1524.4444444444443,0.2563983328606344,0.1292885356613154,0.1080361162866831,0.0689933221804156,0.0642148799838877,0.0502529839709412,0.0511232609309097,0.0422431215850068,0.0476738904644988,0.0408010333536743,0.2120373986430833,0.0979958544520207,0.0872527418389727,0.0555109229919236,0.0435750646705006,0.031031052797363,0.0320233507996195,0.0302208449673164,-0.112377513131354,0.0,-0.0905407903375237,0.0,0.0360746290648829,0.0,7.791402919605084,57.678449294442935,0.6812784730800514,0.0403866449510085,6.9192317376205805,56.65588620004135,0.6239846919423603,0.0280715079811078,-0.0337132539394062,-0.0181081580675047,0.0064934332316789,1524.4444444444443
2754,1530.0,0.2197928641648927,0.1150631614660628,0.0958569360952613,0.0640496799488752,0.060297709334813,0.0488372075096946,0.0501431833356212,0.0422102187744925,0.047137809424189,0.0403640378215946,0.2118256144310355,0.097974585314158,0.087024757211255,0.0554392567336488,0.0437175683437271,0.0308777345504233,0.0321518820901337,0.0300660368529711,-0.1506968043349963,0.0,0.0328470017087591,0.0,-0.1172349944560333,0.0,7.791402919605084,57.678449294442935,0.5750748034038927,0.0403866449510085,6.9192317376205805,56.65588620004135,0.6239846919423603,0.0280715079811078,-0.0452090413004988,0.0065694003417518,-0.021102299002086,1530.0
2764,1535.5555555555554,0.2652652864840266,0.1728408225605936,0.1547938809405836,0.1271288179713675,0.1240317052831802,0.1140532396555251,0.1154392592066364,0.1083020538340021,0.1131768690524646,0.1065426699807517,0.2129036650083765,0.0983746478690671,0.0870597074374992,0.0558586799532834,0.0433993106688325,0.0308810740163557,0.0324121991332261,0.0299730121541682,0.0305099729271864,0.0,-0.1268586891490636,0.0,-0.1036169989238245,0.0,7.791402919605084,57.678449294442935,0.5750748034038927,0.10663223297948,6.9192317376205805,56.65588620004135,0.6239846919423603,0.0280715079811078,0.0091529918781559,-0.0253717378298127,-0.0186510598062884,1535.5555555555554
2774,1541.111111111111,0.2642918283400521,0.1726460254858185,0.1546976197388173,0.127279678215173,0.1244097032570459,0.1139028404369499,0.115698200959113,0.1085415060512121,0.1132495661635636,0.106621581071614,0.1988546384837572,0.0919538007192221,0.0786709386028326,0.0523364303958886,0.0393474826745742,0.0294408237195039,0.0314283336743749,0.0296808316853108,0.069321284936841,0.0,0.1287616679637753,0.0,-0.0163249014643536,0.0,7.791402919605084,57.678449294442935,0.5750748034038927,0.10663223297948,6.290423126509404,56.65588620004135,0.6239846919423603,0.0280715079811078,0.0207963854810523,0.025752333592755,-0.0029384822635836,1541.111111111111
2784,1546.6666666666663,0.2637329855146427,0.1726812075704189,0.1548679168700761,0.1268069106842739,0.1245273962765455,0.1140442275532597,0.1150835273287676,0.108887439276033,0.1136447228299159,0.1066533107455006,0.2003444957329064,0.0948097466896067,0.0796363305116169,0.0532937048826527,0.0398434274097291,0.0294334732230621,0.031690776592481,0.0294546314336213,-0.0851813878566338,0.0,0.0280501802143581,0.0,0.0395633644501166,0.0,7.791402919605084,57.678449294442935,0.5750748034038927,0.10663223297948,6.290423126509404,54.54649553477088,0.6239846919423603,0.0280715079811078,-0.0255544163569901,0.0056100360428716,0.0071214056010209,1546.6666666666663
2794,1552.2222222222222,0.2637382430498626,0.1721757611656316,0.1547569575531762,0.127023662552244,0.1246156101048163,0.1144692634510971,0.1145734822667175,0.1089019278964175,0.1137610311442754,0.1063688145315281,0.2096265065458697,0.0979398594110143,0.0820958125545882,0.0543054497766086,0.040795380596218,0.0299525724159321,0.0318627895550415,0.0297616419966446,-0.0274330756159005,0.0,-0.011691164358654,0.0,-0.0285474478255606,0.0,7.791402919605084,57.678449294442935,0.5750748034038927,0.10663223297948,6.290423126509404,54.54649553477088,0.6552947048130493,0.0280715079811078,-0.0082299226847701,-0.0023382328717308,-0.0051385406086009,1552.2222222222222
2804,1557.7777777777776,0.263365351856529,0.1718715150392252,0.1545302367376312,0.1269914929164626,0.1240188834321189,0.1150018055593258,0.1146680313442542,0.1088291621037208,0.1137181948165513,0.1063448439207788,0.2771463518660818,0.1827896326213706,0.1698188995422908,0.1470108292480332,0.1341208837950074,0.1249721081621868,0.1269451820326575,0.1249352525131451,-0.0136400673048814,0.0,0.0168964036545079,0.0,0.0478529759072368,0.0,7.791402919605084,57.678449294442935,0.5750748034038927,0.10663223297948,6.290423126509404,54.54649553477088,0.6552947048130493,0.1238650172553198,-0.0040920201914644,0.0033792807309015,0.0086135356633026,1557.7777777777776
2814,1563.3333333333333,0.2756399731701121,0.1783678113391873,0.1629443660879853,0.1305843103773262,0.1282750425307896,0.1167669585900342,0.1164123141548663,0.1096877642272514,0.1147519936295355,0.1071083930095897,0.2778798759446633,0.1828660128669618,0.1700929476382922,0.1470012669317008,0.1338538430505103,0.1251523740925647,0.1271098253005207,0.1246987782376216,-0.0159552213271042,0.0,0.1925110524630405,0.0,-0.1914305641018643,0.0,8.557443169392675,57.678449294442935,0.5750748034038927,0.10663223297948,6.290423126509404,54.54649553477088,0.6552947048130493,0.1238650172553198,-0.0047865663981312,0.0385022104926081,-0.0344575015383355,1563.3333333333333
2824,1568.888888888889,0.285842639001877,0.1925222807454761,0.1707488080778376,0.1373830584588791,0.1324187695283709,0.1198940697436416,0.1182891396906281,0.110619521672293,0.1154364271303124,0.1070201467800116,0.2771254850402345,0.1822173526647219,0.170091269578638,0.1466229428151663,0.1341699939916432,0.1254505492898803,0.1273282653242119,0.1246852415046154,0.0671593716401613,0.0,-0.0117269149486387,0.0,-0.0445141251460365,0.0,8.557443169392675,47.41465589652505,0.5750748034038927,0.10663223297948,6.290423126509404,54.54649553477088,0.6552947048130493,0.1238650172553198,0.0201478114920483,-0.0023453829897277,-0.0080125425262865,1568.888888888889
2834,1574.4444444444443,0.2635754345818135,0.1822559885817637,0.1619151651899142,0.1340485645714605,0.1293348730744957,0.1188951197709325,0.1170977236309198,0.1098729535527303,0.115108810679407,0.1071842599477776,0.2786695378604834,0.1831921263766536,0.1702939451165889,0.1469114853194319,0.1343855335140525,0.1257777715366106,0.1272686260984013,0.1247234180720976,0.1235079084782031,0.0,0.0056320026351715,0.0,0.0624957454081605,0.0,8.557443169392675,47.41465589652505,0.5128424000332207,0.10663223297948,6.290423126509404,54.54649553477088,0.6552947048130493,0.1238650172553198,0.0370523725434609,0.0011264005270343,0.0112492341734688,1574.4444444444443
2844,1580.0,0.2453430538824201,0.1585761077426889,0.1368356685212833,0.1075908340690266,0.1021284315270424,0.0906448024545622,0.0884044213446922,0.0808061232282085,0.0861302020166791,0.0783684210977201,0.2779521767416086,0.1832146491988571,0.1700770385054351,0.146553837672512,0.1345981516039656,0.1256673339239118,0.1269566274706891,0.1250957417425288,0.0497499140148203,0.0,0.0824860036692014,0.0,0.1427692349589468,0.0,8.557443169392675,47.41465589652505,0.5128424000332207,0.0778164351090442,6.290423126509404,54.54649553477088,0.6552947048130493,0.1238650172553198,0.0149249742044461,0.0164972007338402,0.0256984622926104,1580.0
2854,1585.5555555555554,0.2453975614925023,0.1585391724132549,0.1367053746215674,0.1076938739191174,0.1023024622551313,0.0907214061139914,0.0886794432696693,0.0811011866936221,0.0860310917874451,0.0781005353284256,0.3141136247523633,0.2017359891263745,0.1932568858365253,0.1570836457949473,0.1456185724850285,0.1296724225970649,0.1311435306006405,0.126364271393832,0.0088683160456895,0.0,0.0933955186525857,0.0,-0.0661243105892732,0.0,8.557443169392675,47.41465589652505,0.5128424000332207,0.0778164351090442,8.272379719146606,54.54649553477088,0.6552947048130493,0.1238650172553198,0.0026604948137068,0.0186791037305171,-0.0119023759060691,1585.5555555555554
2864,1591.111111111111,0.2446532428618439,0.1580486092625925,0.1363030797961082,0.1075602042210036,0.1024301101628201,0.0907958229957352,0.0882668484446386,0.0810613658139027,0.0858491110286534,0.0780494463123194,0.3272873033446052,0.2199004752569183,0.2030240394828229,0.1660775365087127,0.1507964991436551,0.133475799021058,0.1332733074565118,0.1271434048723767,-0.0818152982498971,0.0,-0.1730950104110183,0.0,-0.0033036608952608,0.0,8.557443169392675,47.41465589652505,0.5128424000332207,0.0778164351090442,8.272379719146606,43.81676406979354,0.6552947048130493,0.1238650172553198,-0.0245445894749691,-0.0346190020822036,-0.0005946589611469,1591.111111111111
2874,1596.6666666666663,0.2442870491048251,0.1580124549465186,0.1366278065967499,0.1075316312792461,0.102354198840218,0.0909494909260696,0.0879154924509748,0.0806155473345557,0.0856942110674132,0.0777946931915628,0.2873802982031472,0.2007678140632206,0.1877241119381425,0.1588095584484622,0.1453383520786175,0.1307490745565783,0.1313007689780556,0.1264187348010817,-0.1431001982224253,0.0,0.135301343115733,0.0,-0.0102070771259396,0.0,8.557443169392675,47.41465589652505,0.5128424000332207,0.0778164351090442,8.272379719146606,43.81676406979354,0.5532474453225887,0.1238650172553198,-0.0429300594667276,0.0270602686231466,-0.0018372738826691,1596.6666666666663
2884,1602.2222222222222,0.2451089828480628,0.1587343191029807,0.1366335707286845,0.1073739050910731,0.1023381489275143,0.0909833293453187,0.0886630629576212,0.0803140601843775,0.0856610001570213,0.0777015672841731,0.2613966407276946,0.1655221744854325,0.150978193353643,0.1186275731416194,0.1041405413601806,0.0880916751770908,0.0883069880026073,0.0833142087918334,0.04701601672784,0.0,0.0384686058901326,0.0,-0.1291680362433495,0.0,8.557443169392675,47.41465589652505,0.5128424000332207,0.0778164351090442,8.272379719146606,43.81676406979354,0.5532474453225887,0.0804180063569058,0.014104805018352,0.0076937211780265,-0.0232502465238029,1602.2222222222222
2894,1607.7777777777776,0.2480710961457095,0.1606360790938883,0.1395424260728789,0.108852862541006,0.1041130898745558,0.0915316380013534,0.0895526755201436,0.0807325287655774,0.0860012186478019,0.0778762699417243,0.2609137391982952,0.1656357855795891,0.1507837007730747,0.1190883214553275,0.1037247939521985,0.0884555131284304,0.0881611740478012,0.0833109159142992,-0.0677867504832205,0.0,0.1497832635705341,0.0,0.1750484121473909,0.0,8.794661001273342,47.41465589652505,0.5128424000332207,0.0778164351090442,8.272379719146606,43.81676406979354,0.5532474453225887,0.0804180063569058,-0.0203360251449661,0.0299566527141068,0.0315087141865303,1607.7777777777776
2904,1613.3333333333333,0.2377910255132798,0.1463130988422131,0.1317113195321201,0.1018661609479935,0.0995974849208741,0.0880787848572101,0.0873160807618779,0.0790971469321627,0.0855067265325181,0.0774025671942011,0.2611507196887662,0.1654445003924147,0.1505855683072967,0.1188582628532937,0.1037345556464222,0.088381031965809,0.0883530776481714,0.0835707915401662,0.0225400540800302,0.0,-0.1872346099895527,0.0,0.0552598428526043,0.0,8.794661001273342,57.93173461518359,0.5128424000332207,0.0778164351090442,8.272379719146606,43.81676406979354,0.5532474453225887,0.0804180063569058,0.006762016224009,-0.0374469219979105,0.0099467717134687,1613.3333333333333
2914,1618.8888888888887,0.2433152944287041,0.1487080516387398,0.1337353424760615,0.1027488585660237,0.1003908513706826,0.0881954407928476,0.087214689020114,0.0793317188647226,0.0854127098355269,0.077396741154147,0.262564528200928,0.1661164685815239,0.1513786448492983,0.1187543678025016,0.1040133553009528,0.0884789208772132,0.0885429843388826,0.0837009215751617,0.1137779611483194,0.0,0.0564799865506721,0.0,-0.0105817397560231,0.0,8.794661001273342,57.93173461518359,0.5251483035068338,0.0778164351090442,8.272379719146606,43.81676406979354,0.5532474453225887,0.0804180063569058,0.0341333883444958,0.0112959973101344,-0.0019047131560841,1618.8888888888887
2924,1624.4444444444443,0.2113191639974483,0.1057931974024558,0.0902318979930186,0.0554567602232261,0.0528043470264714,0.0386636577326166,0.0382055082955537,0.0294702520947032,0.0354451438472579,0.0271327541123724,0.2621049770653308,0.1654150848591392,0.1508089631386555,0.1188591351553217,0.1036839882402161,0.088340665666486,0.0885212774512989,0.0838060797294607,0.0619594753077144,0.0,-0.1509487522684924,0.0,0.0543497363955277,0.0,8.794661001273342,57.93173461518359,0.5251483035068338,0.0276405319299744,8.272379719146606,43.81676406979354,0.5532474453225887,0.0804180063569058,0.0185878425923143,-0.0301897504536984,0.0097829525511949,1624.4444444444443
2934,1630.0,0.2103192739204906,0.1055169273394215,0.0901850965186473,0.055871437731855,0.0526170103819091,0.0386696434627535,0.037527877492777,0.0298310748343299,0.0355851590334501,0.0271747359498504,0.2634984623077547,0.1667657511738445,0.1523594993523925,0.1192501535764981,0.1045975869312933,0.0886516770787384,0.0891794784331382,0.0839132725773849,-0.0996946145376402,0.0,0.0568582415608469,0.0,-0.0086766601971176,0.0,8.794661001273342,57.93173461518359,0.5251483035068338,0.0276405319299744,8.39861091416443,43.81676406979354,0.5532474453225887,0.0804180063569058,-0.029908384361292,0.0113716483121693,-0.0015617988354811,1630.0
2944,1635.5555555555554,0.2126634543189812,0.1058255685511568,0.0904270753450779,0.0558747784281155,0.0528788194203372,0.038517563215865,0.0378033989400851,0.0302113376091887,0.0356814613924839,0.0269799585410222,0.2539510476832422,0.1523331665593598,0.1446300234536422,0.1120653752722915,0.1003117134529932,0.0859810828303248,0.0875357244384132,0.0831566679863843,0.2716362688238615,0.0,0.0046369793878166,0.0,0.0046511490659809,0.0,8.794661001273342,57.93173461518359,0.5251483035068338,0.0276405319299744,8.39861091416443,52.8904324604695,0.5532474453225887,0.0804180063569058,0.0814908806471584,0.0009273958775633,0.0008372068318765,1635.5555555555554
2954,1641.111111111111,0.2104745223327478,0.1055827380066755,0.0901535774246149,0.0551994409263453,0.0525808783828755,0.0384151748135999,0.0379835770121634,0.0301272321979169,0.035986607050489,0.0267443088689321,0.2860742777146557,0.1659147303155623,0.1562460113462782,0.1175050556904505,0.1043265416144766,0.0875901422318588,0.0884777592906544,0.0836115716204349,-0.0669403329266504,0.0,0.0548398481076026,0.0,0.0060247836705683,0.0,8.794661001273342,57.93173461518359,0.5251483035068338,0.0276405319299744,8.39861091416443,52.8904324604695,0.6441945583619955,0.0804180063569058,-0.0200820998779951,0.0109679696215205,0.0010844610607023,1641.111111111111
2964,1646.6666666666663,0.2111157899916567,0.1056311004247966,0.0900917137360156,0.0552986523303712,0.052609185611629,0.0384253867594858,0.0381469025241161,0.0302949641578791,0.0363734305084042,0.0263772249926498,0.3304054066449684,0.2248342283630906,0.2161731026346798,0.1830456201204331,0.1700304420736698,0.1553972401192033,0.1566828578923749,0.1525841525912974,0.1045805351966289,0.0,-0.0365373508845186,0.0,0.0058918380547216,0.0,8.794661001273342,57.93173461518359,0.5251483035068338,0.0276405319299744,8.39861091416443,52.8904324604695,0.6441945583619955,0.149515674754697,0.0313741605589886,-0.0073074701769037,0.0010605308498498,1646.6666666666663
2974,1652.2222222222222,0.2201501983902643,0.1103581506212593,0.0970130744686059,0.0584560749425091,0.0563149365982175,0.0401286206049569,0.0396156422204769,0.0309086448785691,0.0374272447866845,0.0262347064700471,0.3303420514377396,0.2248169463094193,0.2166166849212652,0.1830352900921843,0.1701268519988239,0.1556627113017711,0.1568777811668323,0.1522426243573337,0.0790934737524356,0.0,-0.0410388203901068,0.0,-0.0398484392439904,0.0,9.405375867810818,57.93173461518359,0.5251483035068338,0.0276405319299744,8.39861091416443,52.8904324604695,0.6441945583619955,0.149515674754697,0.0237280421257307,-0.0082077640780213,-0.0071727190639182,1652.2222222222222
2984,1657.7777777777776,0.220677486887302,0.1117997422903817,0.0978201618863026,0.0588091397417207,0.0568161286058311,0.0406487852330867,0.039906545021148,0.0308088579910156,0.0372219571308059,0.0260884060711148,0.329703504368638,0.2247361657006077,0.2165524171973221,0.1824643544942872,0.1701973754754189,0.1557169016020739,0.1571927563127492,0.1526575616026532,0.0052418990278204,0.0,0.0309735944053364,0.0,0.0718748926354313,0.0,9.405375867810818,56.860501336831724,0.5251483035068338,0.0276405319299744,8.39861091416443,52.8904324604695,0.6441945583619955,0.149515674754697,0.0015725697083461,0.0061947188810672,0.0129374806743776,1657.7777777777776
2994,1663.3333333333333,0.2723674073219093,0.1338095172209751,0.1184570029925695,0.0675849436678972,0.0645028384873407,0.0439322107565287,0.0429704095070417,0.0318756597923903,0.0379450664727988,0.0261440181115734,0.3299085454676586,0.2252348299479922,0.2165656321249642,0.1825073658883371,0.1702314113545453,0.1559464309462887,0.1573767455109091,0.1531098872362949,0.0205697110236383,0.0,-0.0131581954993823,0.0,-0.0558923685670322,0.0,9.405375867810818,56.860501336831724,0.6554231618106363,0.0276405319299744,8.39861091416443,52.8904324604695,0.6441945583619955,0.149515674754697,0.0061709133070915,-0.0026316390998764,-0.0100606263420657,1663.3333333333333
3004,1668.8888888888887,0.2919491412391895,0.1601528642689043,0.1450586602225662,0.0971289290268505,0.0943126226157578,0.0743891576227445,0.0733668410832097,0.0633031568532091,0.0692688195151631,0.0577527616459156,0.3302325605812431,0.2253194060566677,0.2167205943571077,0.1822161509075811,0.1704725557914075,0.1559605313355339,0.1573400367970414,0.1532462414263214,-0.048885658053314,0.0,-0.1734343447787968,0.0,-0.2462224725830212,0.0,9.405375867810818,56.860501336831724,0.6554231618106363,0.0592528822809655,8.39861091416443,52.8904324604695,0.6441945583619955,0.149515674754697,-0.0146656974159942,-0.0346868689557593,-0.0443200450649438,1668.8888888888887
3014,1674.4444444444443,0.2907617727298274,0.1599146217800799,0.144422538511471,0.0972112601473183,0.0944844253460617,0.0745043153777603,0.0732151551285696,0.0635525305423757,0.068540936567595,0.0580220232922678,0.3213584468146288,0.2205726389872139,0.2111365658726935,0.179837415989995,0.1674855983178479,0.1546998946090231,0.1558840839403319,0.1527792237129293,-0.172424349064852,0.0,-0.1228080992261163,0.0,0.0498179030620738,0.0,9.405375867810818,56.860501336831724,0.6554231618106363,0.0592528822809655,7.923687331829445,52.8904324604695,0.6441945583619955,0.149515674754697,-0.0517273047194556,-0.0245616198452232,0.0089672225511732,1674.4444444444443
3024,1680.0,0.2918685684229787,0.1606604173056653,0.1447252234304787,0.0968544982063167,0.0944979163470348,0.0744600252131022,0.0729628123188255,0.0634302734014043,0.0685140176178681,0.0582026725137843,0.3338699723734205,0.2359228703558526,0.2191988708042781,0.1869339789203027,0.1716637999461963,0.157521739743878,0.1576806800710873,0.1538603502890774,0.0875134185889502,0.0,0.118805042660288,0.0,-0.0359166052284346,0.0,9.405375867810818,56.860501336831724,0.6554231618106363,0.0592528822809655,7.923687331829445,43.68891284893158,0.6441945583619955,0.149515674754697,0.026254025576685,0.0237610085320576,-0.0064649889411182,1680.0
3034,1685.5555555555554,0.2911723460516203,0.159856963771459,0.1449494931197025,0.0965481644246985,0.0942313739540209,0.0743847149862842,0.0726213292815535,0.0636930358276663,0.0684062072130536,0.0583436623514099,0.3359330061169394,0.2367884355044456,0.219839634263678,0.1872238231730025,0.1719985042175742,0.1577562282628756,0.1576580561511967,0.1538467791854871,-0.1067226359613472,0.0,-0.1007132637541049,0.0,-0.1486158350967643,0.0,9.405375867810818,56.860501336831724,0.6554231618106363,0.0592528822809655,7.923687331829445,43.68891284893158,0.6518988930561611,0.149515674754697,-0.0320167907884041,-0.0201426527508209,-0.0267508503174175,1685.5555555555554
3044,1691.111111111111,0.2918496035766863,0.1601915812476008,0.1454009721489,0.0964937717899184,0.0943388777754801,0.0745458586690485,0.0731926161813235,0.0640418939635061,0.0684619122209031,0.0584265009397107,0.3145420312133908,0.2076790456872648,0.1892935754747519,0.1542277655865307,0.1377643873199133,0.1228984767922292,0.1222297737348665,0.118340330793195,0.0558369746754953,0.0,0.0685131072880952,0.0,0.104197097651082,0.0,9.405375867810818,56.860501336831724,0.6554231618106363,0.0592528822809655,7.923687331829445,43.68891284893158,0.6518988930561611,0.1136535996777583,0.0167510924026485,0.013702621457619,0.0187554775771947,1691.111111111111
3054,1696.6666666666663,0.2790550133674361,0.1527558472899145,0.1355856689956264,0.0916518987838005,0.0891420161372641,0.072217460174482,0.0702663126791862,0.0630403280076958,0.067073271024994,0.0581208739302178,0.314341028775701,0.207559368957309,0.1893070645579167,0.1543814635672237,0.1373975806749229,0.1226963513566554,0.1223700033147889,0.1180365946533798,-0.0226198472688003,0.0,-0.1736130076978746,0.0,0.0671953865235941,0.0,8.708144683631101,56.860501336831724,0.6554231618106363,0.0592528822809655,7.923687331829445,43.68891284893158,0.6518988930561611,0.1136535996777583,-0.00678595418064,-0.0347226015395749,0.0120951695742469,1696.6666666666663
3064,1702.2222222222222,0.289480461471695,0.1670466491100572,0.143183251620442,0.0988387281612384,0.0935084750531838,0.0757853780234099,0.0722904942366597,0.0639492919311335,0.0674758963501288,0.05812083003281,0.3137371681585023,0.2069349627857751,0.1888565113351507,0.1542980514609951,0.1374437129976745,0.1229841855693156,0.1221201284026714,0.1183670628439084,-0.013336462907948,0.0,-0.0011349423567749,0.0,0.0332040213130022,0.0,8.708144683631101,48.89598048853558,0.6554231618106363,0.0592528822809655,7.923687331829445,43.68891284893158,0.6518988930561611,0.1136535996777583,-0.0040009388723844,-0.0002269884713549,0.0059767238363404,1702.2222222222222
3074,1707.7777777777776,0.2583476080133798,0.1528522963471902,0.1310497825349499,0.0933382030607986,0.0892700357649071,0.0738777417003326,0.0706583925971148,0.0631969002046475,0.0666822829167769,0.0578857866126725,0.3144347509258795,0.2069826402215489,0.189294176715687,0.1543070948778805,0.1378086914078856,0.1231078962294916,0.1221425611518308,0.1186507026663893,0.0117708391037451,0.0,0.1740121787065669,0.0,0.0813140416385021,0.0,8.708144683631101,48.89598048853558,0.5756360657581642,0.0592528822809655,7.923687331829445,43.68891284893158,0.6518988930561611,0.1136535996777583,0.0035312517311235,0.0348024357413133,0.0146365274949303,1707.7777777777776
3084,1713.3333333333333,0.2590445446914743,0.1555489481438655,0.1341476604576939,0.0967548143425498,0.092454788701733,0.0773294110179499,0.0741870009760465,0.067250053576726,0.0700940272018821,0.0615490130606877,0.3130708499884301,0.2063343309446105,0.1889335954248675,0.1542693358119901,0.1374405543570678,0.1231738085689788,0.122315251395461,0.1187481138248914,-0.0686338512393686,0.0,0.0447208848488624,0.0,0.0338596057829665,0.0,8.708144683631101,48.89598048853558,0.5756360657581642,0.0629656398554912,7.923687331829445,43.68891284893158,0.6518988930561611,0.1136535996777583,-0.0205901553718105,0.0089441769697724,0.0060947290409339,1713.3333333333333
3094,1718.8888888888887,0.2607261344402993,0.1562343756434894,0.1350033712985683,0.097247240660038,0.0924438122073325,0.0775836043379516,0.0741073873908094,0.0675180238972347,0.0702815574466533,0.062221335506573,0.2780235854749195,0.1856731870273955,0.1647179255488672,0.1417164837933857,0.1256449293590997,0.1179945159144039,0.1175384585800064,0.1166757099944862,-0.0725434814036077,0.0,-0.1179759722417058,0.0,-0.0410023449788498,0.0,8.708144683631101,48.89598048853558,0.5756360657581642,0.0629656398554912,6.10001770533374,43.68891284893158,0.6518988930561611,0.1136535996777583,-0.0217630444210823,-0.0235951944483411,-0.0073804220961929,1718.8888888888887
3104,1724.4444444444443,0.2593493197218907,0.1555048482384311,0.134541135451974,0.0969726181540192,0.0927403870066539,0.0777420554469621,0.0740835036922215,0.0677057925755402,0.0701286888341091,0.062210746134439,0.2634792220476435,0.167899608877946,0.1563146696009163,0.135298648926978,0.1220588177554058,0.1159112224781162,0.1163843230342087,0.1162997936706634,-0.0997288633395797,0.0,-0.0579495173172013,0.0,-0.0585265124647526,0.0,8.708144683631101,48.89598048853558,0.5756360657581642,0.0629656398554912,6.10001770533374,56.88640232822986,0.6518988930561611,0.1136535996777583,-0.0299186590018739,-0.0115899034634402,-0.0105347722436554,1724.4444444444443
3114,1730.0,0.2604302845644904,0.15588590418008,0.1347947150469143,0.0974066687731816,0.0926106976250541,0.0781614581309468,0.074110279959134,0.0677145409511434,0.0702013558009224,0.0622298165211619,0.25217306641214,0.1634638381946905,0.1528998334690045,0.1340353376627725,0.1213823512773455,0.1159862884277549,0.1161739996845433,0.1162807376083233,0.0705849149155622,0.0,0.0583732651000636,0.0,0.1022187760735523,0.0,8.708144683631101,48.89598048853558,0.5756360657581642,0.0629656398554912,6.10001770533374,56.88640232822986,0.6084739755109543,0.1136535996777583,0.0211754744746686,0.0116746530200127,0.0183993796932394,1730.0
3124,1735.5555555555554,0.2611702411329405,0.1558370112516018,0.1347664234994607,0.0971679116558754,0.0929230281487372,0.0782544347385466,0.0741758824139435,0.0680231074580377,0.0699554098705018,0.062649036467667,0.2123955291905244,0.1139381499951166,0.1016766419114878,0.0803874302155298,0.0667992684424593,0.0613442196141026,0.0608149108363628,0.0607715191133232,0.0465405446117184,0.0,0.0223641943806595,0.0,-0.0708527817908646,0.0,8.708144683631101,48.89598048853558,0.5756360657581642,0.0629656398554912,6.10001770533374,56.88640232822986,0.6084739755109543,0.0581277958502597,0.0139621633835155,0.0044728388761319,-0.0127535007223556,1735.5555555555554
3134,1741.111111111111,0.2515403710016529,0.1506247901467419,0.1277629964072535,0.0938478936707433,0.0892227686439274,0.0764737914462259,0.0727465078671752,0.0673130969806899,0.0692317512192046,0.0622884100828339,0.2126594252320089,0.1141022467632617,0.1017311906115046,0.0804452621721574,0.0668285816244654,0.0614408647976687,0.0607703176495987,0.060680595987359,-0.0310261993282786,0.0,0.2072679540391623,0.0,-0.0384277419076628,0.0,8.153692058451325,48.89598048853558,0.5756360657581642,0.0629656398554912,6.10001770533374,56.88640232822986,0.6084739755109543,0.0581277958502597,-0.0093078597984835,0.0414535908078324,-0.0069169935433793,1741.111111111111
3144,1746.6666666666663,0.2445820150526522,0.1418822953374708,0.1227079602067076,0.08925596436759,0.0866643686644739,0.0746892274317312,0.0714471191070762,0.0664316729776744,0.0686702377498768,0.0619603566182862,0.2121592085183527,0.1141048401714786,0.1013662448307992,0.0802142667548416,0.0670144643641359,0.0614352891230578,0.0608956756216702,0.0605243722704048,0.0211403894397494,0.0,0.0187379072707788,0.0,0.0956935315682953,0.0,8.153692058451325,54.43280437039324,0.5756360657581642,0.0629656398554912,6.10001770533374,56.88640232822986,0.6084739755109543,0.0581277958502597,0.0063421168319248,0.0037475814541557,0.0172248356822931,1746.6666666666663
3154,1752.2222222222222,0.244320532640688,0.1417123356902201,0.1227025757325553,0.0892736598586512,0.0863622345765725,0.0745592019686067,0.071565977093292,0.06687447430847,0.0689170375238915,0.0621048326974132,0.2113831105671058,0.1138813880484322,0.1014974999977335,0.0802905841227997,0.0667689487562622,0.0616066381647818,0.0608353806748119,0.0600982900848076,-0.0981545157778892,0.0,-0.0037308671276625,0.0,0.0559241152840062,0.0,8.153692058451325,54.43280437039324,0.5762921738796791,0.0629656398554912,6.10001770533374,56.88640232822986,0.6084739755109543,0.0581277958502597,-0.0294463547333667,-0.0007461734255325,0.0100663407511211,1752.2222222222222
3164,1757.7777777777776,0.2847963566050331,0.1942073407153896,0.1771051526046128,0.1482468726107793,0.145195198758061,0.1350398755023791,0.1321393292633185,0.1285215208991904,0.1300952981821518,0.1235980594901738,0.2122775688521462,0.1144106438356207,0.1017537517560649,0.0805742419860211,0.0666143564099936,0.0615266995133266,0.0604084682553445,0.0604159765180186,0.1327366907328133,0.0,0.0422322171919427,0.0,0.1159156731363589,0.0,8.153692058451325,54.43280437039324,0.5762921738796791,0.1245961010117987,6.10001770533374,56.88640232822986,0.6084739755109543,0.0581277958502597,0.039821007219844,0.0084464434383885,0.0208648211645446,1757.7777777777776
3174,1763.3333333333333,0.2844734093222833,0.1938611038227553,0.1770847970399877,0.1481480989224175,0.145005759731566,0.135382863082722,0.1323258606313568,0.1286899791450172,0.1299384529968357,0.1234040073258654,0.2617160909871258,0.1389229586279326,0.133433590622499,0.0940847736849146,0.0815313923757726,0.0674915044812172,0.0663750373805574,0.0625217135701056,0.1337447858974641,0.0,0.120491128930802,0.0,0.0022847688961232,0.0,8.153692058451325,54.43280437039324,0.5762921738796791,0.1245961010117987,8.758390038916161,56.88640232822986,0.6084739755109543,0.0581277958502597,0.0401234357692392,0.0240982257861604,0.0004112584013021,1763.3333333333333
3184,1768.8888888888887,0.28457848689412,0.1939023811555427,0.1772262121890437,0.1483052921685817,0.1450639201671548,0.135576965997,0.1325915716726188,0.1286743328994557,0.1299425150060803,0.1235071096301344,0.2731085599523523,0.1547990922446938,0.1421006256815591,0.1016017073692559,0.0860878908532544,0.0706517257974949,0.0684274240965441,0.0637070707446542,0.0692539566863679,0.0,-0.0389982427933296,0.0,0.0333897698877378,0.0,8.153692058451325,54.43280437039324,0.5762921738796791,0.1245961010117987,8.758390038916161,47.74864594621289,0.6084739755109543,0.0581277958502597,0.0207761870059103,-0.0077996485586659,0.0060101585797928,1768.8888888888887
3194,1774.4444444444443,0.2839301587416977,0.1935553203241565,0.1768641908262412,0.1483908337548792,0.1448425440677319,0.1353766540770801,0.1324071823299854,0.1284606185645681,0.129859557249874,0.1234411608393435,0.2407640559594845,0.1401173846195504,0.1294417342101409,0.0960622830320675,0.0811625923215753,0.0688152614446322,0.0667410491605517,0.0630392158160414,0.0222181745081913,0.0,-0.0920558752797297,0.0,-0.1097158994565322,0.0,8.153692058451325,54.43280437039324,0.5762921738796791,0.1245961010117987,8.758390038916161,47.74864594621289,0.5275632308699862,0.0581277958502597,0.0066654523524573,-0.0184111750559459,-0.0197488619021758,1774.4444444444443
3204,1780.0,0.2832380438004426,0.1937170645939783,0.1767873526613398,0.1480167805547997,0.1452622342255371,0.1351289906646165,0.1323086262914319,0.1284863304716656,0.1297443258768803,0.1234421573749758,0.2746106467079836,0.1864043717893442,0.1762495946245162,0.1482002803069181,0.1339805876243171,0.1232706398430245,0.1213590093025998,0.1184163341529599,0.0693592590415092,0.0,0.0545779622614903,0.0,0.0457256374524992,0.0,8.153692058451325,54.43280437039324,0.5762921738796791,0.1245961010117987,8.758390038916161,47.74864594621289,0.5275632308699862,0.1140559943985273,0.0208077777124527,0.010915592452298,0.0082306147414498,1780.0
3214,1785.5555555555554,0.3026683045476072,0.2049279646085304,0.1918062965455862,0.1553662370756782,0.1536434696538467,0.1392840950917634,0.136210469530615,0.1301974599885136,0.1314431073763408,0.1239711090474699,0.2732162162444499,0.1863431518538873,0.1761122132049696,0.148209334041092,0.1338033813564477,0.1230477469909841,0.1213546640028719,0.1182041698271718,-0.1612934135592394,0.0,-0.0754644267849964,0.0,-0.0446347387079071,0.0,9.57743634799554,54.43280437039324,0.5762921738796791,0.1245961010117987,8.758390038916161,47.74864594621289,0.5275632308699862,0.1140559943985273,-0.0483880240677718,-0.0150928853569992,-0.0080342529674232,1785.5555555555554
3224,1791.111111111111,0.3175187955271427,0.2252626322383439,0.2040661978720284,0.1663964739028625,0.1607352447213546,0.1448322481569626,0.140034850991733,0.1326312475398223,0.1330374247513754,0.1248942334982852,0.2732557148158416,0.1859754170540864,0.1757644876107781,0.1481728439308384,0.1333782532812654,0.1225568065853058,0.1216598832869672,0.118218541188927,-0.0675243874717885,0.0,-0.1389858795128914,0.0,-0.075014926725403,0.0,9.57743634799554,42.95976297524129,0.5762921738796791,0.1245961010117987,8.758390038916161,47.74864594621289,0.5275632308699862,0.1140559943985273,-0.0202573162415365,-0.0277971759025782,-0.0135026868105725,1791.111111111111
3234,1796.6666666666663,0.3468590612616248,0.2405889869873585,0.2167130764502876,0.1729751952060294,0.1665488495074606,0.1475272048708517,0.1422597524692173,0.1335524196844152,0.1338936737699586,0.1251233877270101,0.2738049898620417,0.1867090732167529,0.1762133748538702,0.1481925212909043,0.1336508263316667,0.1228286041461367,0.1218238797672533,0.1185128798433561,-0.1335946300866623,0.0,0.0319133598130394,0.0,0.0140143289589127,0.0,9.57743634799554,42.95976297524129,0.642535135212293,0.1245961010117987,8.758390038916161,47.74864594621289,0.5275632308699862,0.1140559943985273,-0.0400783890259987,0.0063826719626078,0.0025225792126042,1796.6666666666663
3244,1802.2222222222224,0.3467725902288839,0.2400952295381839,0.2161684965470645,0.1723329439650571,0.1659203866415633,0.1467095379066355,0.1412443745240412,0.1327587654807446,0.1328685603413735,0.1241583000594358,0.2738444087175662,0.1864902781047843,0.1762247734109049,0.1482191073248416,0.133341333405476,0.1229989230257095,0.1217355027194267,0.1180776474820917,-0.0911292542279251,0.0,0.000955395414535,0.0,-0.106901075540842,0.0,9.57743634799554,42.95976297524129,0.642535135212293,0.123798510045006,8.758390038916161,47.74864594621289,0.5275632308699862,0.1140559943985273,-0.0273387762683775,0.000191079082907,-0.0192421935973515,1802.2222222222224
3254,1807.7777777777776,0.3464201431123063,0.2401260990432421,0.2160381269099528,0.1721506199157307,0.1661263027371743,0.1469733870915214,0.1410079022097294,0.1326066235679489,0.1328464417058025,0.1240643230945841,0.2739009796825152,0.1867538615972416,0.1763700768022806,0.1484803711816584,0.1329030491858295,0.1231336957424488,0.1215639934385451,0.1177048365250184,-0.0974244259550631,0.0,0.1527850079206728,0.0,-0.0040218322362912,0.0,9.57743634799554,42.95976297524129,0.642535135212293,0.123798510045006,8.761715834989083,47.74864594621289,0.5275632308699862,0.1140559943985273,-0.0292273277865189,0.0305570015841345,-0.0007239298025324,1807.7777777777776
3264,1813.3333333333333,0.3475229852577713,0.240345213712277,0.2165750894858281,0.1721990170747084,0.1660286055244594,0.1468861379329527,0.1413436038847368,0.1327909972608981,0.1328002282257858,0.1240024415371024,0.2815850672244128,0.1959974009515655,0.1817102905485623,0.1533650337362864,0.1357013883962668,0.1254992048741404,0.1226680101584596,0.1183742006455125,0.0373928513460433,0.0,-0.106820528228325,0.0,0.0990757198490358,0.0,9.57743634799554,42.95976297524129,0.642535135212293,0.123798510045006,8.761715834989083,42.46762828555149,0.5275632308699862,0.1140559943985273,0.0112178554038129,-0.021364105645665,0.0178336295728264,1813.3333333333333
3274,1818.8888888888887,0.3470253343129399,0.2402831062998865,0.2167677674594494,0.1719834105911359,0.1656790263245024,0.1470492345966821,0.1413891188914366,0.1327560828885222,0.1329986642019679,0.1239195496813211,0.2779037912965584,0.1942624035969294,0.1798507302398651,0.1526485666050151,0.1347713666059917,0.1252807124699617,0.1223475964899667,0.1179651897384775,0.0864402773476404,0.0,0.0650892329925451,0.0,-0.1181388321344384,0.0,9.57743634799554,42.95976297524129,0.642535135212293,0.123798510045006,8.761715834989083,42.46762828555149,0.5183619826303218,0.1140559943985273,0.0259320832042921,0.013017846598509,-0.0212649897841989,1818.8888888888887
3284,1824.4444444444443,0.3492243329996234,0.2409585962927965,0.2178252948610519,0.1726030074593113,0.1658725392994166,0.1471153550733152,0.1412900989200211,0.1327879973246392,0.1334011158953733,0.1241343170614504,0.3001525772108172,0.2223345717268399,0.2088435205030758,0.1840939051017445,0.1671188002736137,0.1584870304451226,0.1556763453302364,0.1519104776118955,0.2978654361440627,0.0,-0.0814824801656932,0.0,0.0384304714775564,0.0,9.57743634799554,42.95976297524129,0.642535135212293,0.123798510045006,8.761715834989083,42.46762828555149,0.5183619826303218,0.14818073727698,0.0893596308432188,-0.0162964960331386,0.0069174848659601,1824.4444444444443
3294,1830.0,0.2964695502401684,0.2076149089361916,0.1777025264622664,0.1505028815027014,0.1433741144110341,0.1357849628553184,0.1304105703828044,0.127710737591775,0.1287956487111038,0.1224012685313938,0.2994538536269591,0.2219928850503645,0.2086739535434087,0.1839675924548218,0.1671256027992857,0.1583587038282548,0.1554197506912632,0.1522773327266657,0.1587460588818813,0.0,-0.1572318442887181,0.0,-0.0811223214829886,0.0,6.773620752325083,42.95976297524129,0.642535135212293,0.123798510045006,8.761715834989083,42.46762828555149,0.5183619826303218,0.14818073727698,0.0476238176645643,-0.0314463688577436,-0.0146020178669379,1830.0
3304,1835.5555555555557,0.2942955064721771,0.2059674132939888,0.176430619898622,0.1497137022704192,0.142913870786264,0.1355293847228176,0.1303079271636698,0.1277368600800324,0.128604062176939,0.1222230738958674,0.2986437678958074,0.2218549614470505,0.208301950694388,0.1841418992555004,0.1670051577468413,0.1587647799294657,0.1555694995677208,0.1522321794394485,0.0702579602946156,0.0,-0.1264160669587799,0.0,0.0798050102162582,0.0,6.773620752325083,43.536151182737925,0.642535135212293,0.123798510045006,8.761715834989083,42.46762828555149,0.5183619826303218,0.14818073727698,0.0210773880883846,-0.0252832133917559,0.0143649018389264,1835.5555555555557
3314,1841.111111111111,0.2846410267775801,0.2016574114433015,0.1733605377662894,0.1481920897303264,0.1414717262893766,0.1348878158566029,0.1299854838683588,0.127403710349361,0.1289084507900482,0.1219825431724672,0.2981413649112112,0.2220825224597048,0.208458601498852,0.1839578896247896,0.1666988747648065,0.1582458703961942,0.1554032063278086,0.1519637569743199,0.0286590264726766,0.0,-0.0727658560609191,0.0,-0.0493795260300141,0.0,6.773620752325083,43.536151182737925,0.6149905867658038,0.123798510045006,8.761715834989083,42.46762828555149,0.5183619826303218,0.14818073727698,0.0085977079418029,-0.0145531712121838,-0.0088883146854025,1841.111111111111
3324,1846.6666666666663,0.2476006560872024,0.153807935419104,0.1227190522746801,0.0945407427566649,0.0869024865382964,0.078572320190512,0.0737564181156883,0.0710391932658521,0.0725311126396494,0.0651525480513593,0.2987035198097505,0.2222994088901695,0.208449331390142,0.1836041994395625,0.1662746386955934,0.1583451491885175,0.1554179490311918,0.1521495335043743,-0.0325047051522191,0.0,0.0057378756222597,0.0,0.0186717109452454,0.0,6.773620752325083,43.536151182737925,0.6149905867658038,0.0669409554434452,8.761715834989083,42.46762828555149,0.5183619826303218,0.14818073727698,-0.0097514115456657,0.0011475751244519,0.0033609079701441,1846.6666666666663
3334,1852.2222222222224,0.2466270958908834,0.1531005596213262,0.1222990315450535,0.0941810560862795,0.0866871215734455,0.0786112002768806,0.0740416462409857,0.0708438110356088,0.072724672380301,0.0654058380314198,0.2913964268550241,0.2176501256471669,0.2030300944193423,0.1808487444026159,0.1636625503935696,0.1568545900101552,0.1539679427570437,0.1517759104975863,-0.0595361821485864,0.0,-0.0771272056223386,0.0,0.0605087001849937,0.0,6.773620752325083,43.536151182737925,0.6149905867658038,0.0669409554434452,8.2511765739835,42.46762828555149,0.5183619826303218,0.14818073727698,-0.0178608546445759,-0.0154254411244677,0.0108915660332988,1852.2222222222224
3344,1857.7777777777776,0.2482858600540619,0.1536076251933862,0.1227943106495941,0.0944778293561929,0.0866057758742944,0.0784372647567642,0.0742511763933035,0.0713208989763085,0.0728969383970072,0.0653628377410097,0.2919953142375057,0.2165452586726069,0.2026464182026194,0.1801324657234085,0.1628956004259271,0.157042551035889,0.1537327606142129,0.1520652731655668,0.1867443153055305,0.0,0.0443019663230035,0.0,0.0963739637070417,0.0,6.773620752325083,43.536151182737925,0.6149905867658038,0.0669409554434452,8.2511765739835,43.81114496316227,0.5183619826303218,0.14818073727698,0.0560232945916591,0.0088603932646007,0.0173473134672675,1857.7777777777776
3354,1863.3333333333333,0.2481046113637151,0.1531678584697984,0.1227389154914962,0.0943778449755054,0.086314936284457,0.0782721897489145,0.0744424168669955,0.0714945255011334,0.0731325953120683,0.0656106969148192,0.3552652358432962,0.2463841585493184,0.2270445699740767,0.1913355242871056,0.1720682909622016,0.1611850821642682,0.1567352609046513,0.153144071851249,0.1376807085408162,0.0,-0.099636298151744,0.0,-0.0370102398383846,0.0,6.773620752325083,43.536151182737925,0.6149905867658038,0.0669409554434452,8.2511765739835,43.81114496316227,0.6828855523119839,0.14818073727698,0.0413042125622448,-0.0199272596303488,-0.0066618431709092,1863.3333333333333
3364,1868.8888888888887,0.2462783066147054,0.1521539030076164,0.1221685214269305,0.0940592140416727,0.0862196689615086,0.0784939922580794,0.0748747964242498,0.0714256908660716,0.0733645110459244,0.0655229391115483,0.2827506357855082,0.151540045332808,0.1279212646413259,0.083791772835668,0.0627195992119181,0.048355164315914,0.0437347931095029,0.0383311193031609,-0.0260289226294728,0.0,0.0606733881404653,0.0,0.1405717619534354,0.0,6.773620752325083,43.536151182737925,0.6149905867658038,0.0669409554434452,8.2511765739835,43.81114496316227,0.6828855523119839,0.0325792269461583,-0.0078086767888418,0.012134677628093,0.0253029171516183,1868.8888888888887
3374,1874.4444444444443,0.2885607786359761,0.1777889570845667,0.152819173126828,0.1105170397080405,0.1031999429318658,0.0872438411251767,0.0828452114251608,0.0749953277904846,0.0766151003077104,0.066763483546115,0.2836990858080034,0.1518345842258564,0.1281222449945647,0.0837168151192675,0.0627377547669599,0.0483501336389744,0.0440275111342426,0.0386120706893403,0.0714785182796738,0.0,0.025179529813296,0.0,-0.066313948809628,0.0,8.861155168597247,43.536151182737925,0.6149905867658038,0.0669409554434452,8.2511765739835,43.81114496316227,0.6828855523119839,0.0325792269461583,0.0214435554839021,0.0050359059626592,-0.011936510785733,1874.4444444444443
3384,1880.0,0.2920760201034234,0.1831399775766925,0.1556461290212052,0.1130598520605028,0.1053276149479846,0.0890044920531023,0.0841684647627848,0.0757833226528745,0.0771839126892212,0.0668719017346449,0.2834158157503579,0.1515664953655378,0.1278326049935559,0.0836410412966698,0.0624073958609886,0.0485019919618734,0.0435049668124149,0.0384781534402512,0.1346477773835969,0.0,0.0195011617462531,0.0,0.0993491497595602,0.0,8.861155168597247,41.352070505481215,0.6149905867658038,0.0669409554434452,8.2511765739835,43.81114496316227,0.6828855523119839,0.0325792269461583,0.040394333215079,0.0039002323492506,0.0178828469567208,1880.0
3394,1885.5555555555557,0.2845066755605699,0.1791342911502865,0.152619752669071,0.1116487789169961,0.1041824107726886,0.0886453384125284,0.0836381861713392,0.0752972806947554,0.0769818624560641,0.0666398366241748,0.2839607655107811,0.15195474507363,0.1280422219805123,0.0837545082815112,0.062298572320582,0.0487207735510348,0.0438088455119392,0.0382376325575856,0.082239386219835,0.0,-0.0536366480007739,0.0,-0.0182540417296817,0.0,8.861155168597247,41.352070505481215,0.594680517551433,0.0669409554434452,8.2511765739835,43.81114496316227,0.6828855523119839,0.0325792269461583,0.0246718158659505,-0.0107273296001547,-0.0032857275113427,1885.5555555555557
3404,1891.111111111111,0.2477534545278211,0.1301033020362827,0.1015821721373085,0.0549609862770479,0.04664561674628,0.0290291418717544,0.0233566338990462,0.0141163857880623,0.0158290647974691,0.0044520512993033,0.2831622132800971,0.1513064781436826,0.1279204344877226,0.0838959633447421,0.062335032200899,0.0489382574659896,0.0439778856799081,0.0384982809218243,0.0478575600952272,0.0,0.1490548292525386,0.0,0.0896113306841191,0.0,8.861155168597247,41.352070505481215,0.594680517551433,0.0048837489967789,8.2511765739835,43.81114496316227,0.6828855523119839,0.0325792269461583,0.0143572680285681,0.0298109658505077,0.0161300395231414,1891.111111111111
3414,1896.6666666666663,0.246360546048717,0.1296400965366708,0.1012546874373053,0.0550679407731971,0.0467133363977084,0.0289556048062941,0.0236891207882159,0.0141984559771856,0.015628981320213,0.0043737784339837,0.2513667700718971,0.1322309093739501,0.1060543932635709,0.0728427214098911,0.0513111358556782,0.043743188523053,0.0395824481137402,0.0366915809557444,-0.1181012043785187,0.0,0.1435221506337666,0.0,-0.1850253371151413,0.0,8.861155168597247,41.352070505481215,0.594680517551433,0.0048837489967789,6.941432119191309,43.81114496316227,0.6828855523119839,0.0325792269461583,-0.0354303613135556,0.0287044301267533,-0.0333045606807254,1896.6666666666663
3424,1902.2222222222224,0.2475582355997038,0.1293288693961109,0.1019135022338249,0.0550082855994215,0.0466662769453159,0.0294244058794716,0.0236269293927392,0.0142280770538212,0.0156405251674273,0.0042942895792693,0.2477738332701033,0.1270416012550195,0.103571281695631,0.0702064165500029,0.0502413069322217,0.0429829270932504,0.0391073246323626,0.0367199677735417,0.1057132644516145,0.0,-0.0855052786206707,0.0,-0.0643156694995778,0.0,8.861155168597247,41.352070505481215,0.594680517551433,0.0048837489967789,6.941432119191309,46.24461348350058,0.6828855523119839,0.0325792269461583,0.0317139793354843,-0.0171010557241341,-0.011576820509924,1902.2222222222224
3434,1907.7777777777776,0.2463947820906088,0.1290200057269745,0.101816850457244,0.0552336954460703,0.0467539474238274,0.0291192013242161,0.0234915154879081,0.0143307340969882,0.0157409906356285,0.0039282382693929,0.2337529084643319,0.1212392427493672,0.0993205715570984,0.0682638894428822,0.0484561423976561,0.0424482501209258,0.0386864175599894,0.0365887106634661,-0.0083092197486966,0.0,0.0100086927435119,0.0,-0.0454611533046244,0.0,8.861155168597247,41.352070505481215,0.594680517551433,0.0048837489967789,6.941432119191309,46.24461348350058,0.6439496878277151,0.0325792269461583,-0.002492765924609,0.0020017385487023,-0.0081830075948324,1907.7777777777776
3444,1913.3333333333333,0.2479585851911328,0.1296884913155115,0.1023129102075298,0.0553079810193863,0.0471482363480473,0.029035406374157,0.0236230443761007,0.0140619763843567,0.0156522810330749,0.0039927452279959,0.2589195078629649,0.1519189761498501,0.1310828535131415,0.1023031160168984,0.0829099370398276,0.0777807657953859,0.0738743104215049,0.0722003327075478,0.1278367643697685,0.0,-0.0093411929896099,0.0,-0.0197434995067721,0.0,8.861155168597247,41.352070505481215,0.594680517551433,0.0048837489967789,6.941432119191309,46.24461348350058,0.6439496878277151,0.0682526224728599,0.0383510293109305,-0.0018682385979219,-0.0035538299112189,1913.3333333333333
3454,1918.8888888888887,0.1978362757121175,0.0984227305043079,0.0651576897106055,0.0344716817349437,0.0265324990945103,0.018488970168477,0.013859788263643,0.0095618778475679,0.0120431733422115,0.0030767049834425,0.2584637085167501,0.1519314367454972,0.1311308357087307,0.1021976879301353,0.0833677133999949,0.0775701739985917,0.0736675268651712,0.0716966556582321,-0.0332078366244973,0.0,-0.0169878585124255,0.0,0.1017058269180816,0.0,6.581677959657334,41.352070505481215,0.594680517551433,0.0048837489967789,6.941432119191309,46.24461348350058,0.6439496878277151,0.0682526224728599,-0.0099623509873492,-0.0033975717024851,0.0183070488452546,1918.8888888888887
3464,1924.4444444444443,0.1732428176954479,0.0691605426890301,0.0506778495638549,0.0223820691220967,0.0195394076817956,0.0136585181414385,0.0110984268496222,0.0076872522270629,0.0113420204681978,0.0024763691153706,0.2574383619642001,0.1510755838856456,0.1308578228461453,0.1017591805030508,0.0829926654050821,0.0777724308560593,0.073425927900971,0.0718677146503654,-0.0327262643675663,0.0,0.085631055913989,0.0,-0.1432290186108684,0.0,6.581677959657334,59.90723318857994,0.594680517551433,0.0048837489967789,6.941432119191309,46.24461348350058,0.6439496878277151,0.0682526224728599,-0.0098178793102699,0.0171262111827978,-0.0257812233499563,1924.4444444444443
3474,1930.0,0.1977353465158581,0.077924568914901,0.058034505508354,0.024960575597562,0.0218429846882312,0.0142766988412051,0.0118952297584743,0.0076678250259146,0.0116179193206808,0.0028582816041474,0.2578332259338989,0.1515391812823929,0.1311271861634592,0.1014497431175997,0.083085870529499,0.0780322539013442,0.0732837445498029,0.0720549140296909,-0.0984888898708768,0.0,0.0131945989256851,0.0,0.2343757725508793,0.0,6.581677959657334,59.90723318857994,0.6777398613416665,0.0048837489967789,6.941432119191309,46.24461348350058,0.6439496878277151,0.0682526224728599,-0.029546666961263,0.002638919785137,0.0421876390591582,1930.0
3484,1935.5555555555557,0.2921384874009777,0.1961856924013272,0.1791564131853283,0.1537709336792706,0.1516361160213102,0.1452305355860868,0.1436915730770851,0.1398863054646867,0.1439386094233624,0.1352118798994764,0.2590346023459937,0.152360224487157,0.1313231928214323,0.1016179637310378,0.0832868680213959,0.0780538749638294,0.0731468736769056,0.0721194321947371,0.2233624860999725,0.0,0.0459286448745746,0.0,0.0464331941160361,0.0,6.581677959657334,59.90723318857994,0.6777398613416665,0.1374485902460104,6.941432119191309,46.24461348350058,0.6439496878277151,0.0682526224728599,0.0670087458299917,0.0091857289749149,0.0083579749408864,1935.5555555555557
3494,1941.111111111111,0.2922365989217681,0.1960336593264043,0.1791240111365808,0.1538169869580844,0.151258604805298,0.1456270263595574,0.1435395711287768,0.139440252338331,0.1438036120189028,0.1353649236441033,0.2544296416778464,0.1499401314209514,0.1283063634812046,0.1000524160541489,0.0820898832082298,0.0771142386546821,0.0722833435853223,0.0717353758142389,0.1691957991335965,0.0,-0.0255521950181343,0.0,0.0490447777112059,0.0,6.581677959657334,59.90723318857994,0.6777398613416665,0.1374485902460104,6.739726590220917,46.24461348350058,0.6439496878277151,0.0682526224728599,0.0507587397400789,-0.0051104390036268,0.008828059988017,1941.111111111111
3504,1946.6666666666663,0.292129484552441,0.195922898586277,0.179336206530078,0.1535169845164456,0.1517885715696919,0.1455908737273466,0.1432530139904564,0.1394994752717361,0.1438746466933151,0.1348868341098902,0.2520534984627848,0.1469202067972055,0.1271671692105607,0.0984978454689252,0.0813526181434861,0.0764308165035851,0.0720028946632039,0.0721897587556403,-0.0159609888833323,0.0,0.0403925257281391,0.0,0.0202032376601743,0.0,6.581677959657334,59.90723318857994,0.6777398613416665,0.1374485902460104,6.739726590220917,47.88220509449936,0.6439496878277151,0.0682526224728599,-0.0047882966649997,0.0080785051456278,0.0036365827788313,1946.6666666666663
3514,1952.2222222222224,0.2921469642069296,0.1959111070205206,0.1791094951918511,0.1537160556173647,0.1518593629817337,0.1458067035348481,0.1432163096236929,0.13926845796746,0.1444738198598761,0.1352024333214158,0.2201395017900699,0.1330694648019607,0.1170008360508763,0.0945655906060268,0.0783318286232339,0.0746672340226666,0.071340397790052,0.0718436501664268,0.0622118773965064,0.0,-0.0136139867251529,0.0,-0.1503877274380968,0.0,6.581677959657334,59.90723318857994,0.6777398613416665,0.1374485902460104,6.739726590220917,47.88220509449936,0.5454359001826706,0.0682526224728599,0.0186635632189519,-0.0027227973450305,-0.0270697909388574,1952.2222222222224
3524,1957.7777777777776,0.2916292150793526,0.1960791861452128,0.1790171190911947,0.1536184532251573,0.1519882117907218,0.1462288828055431,0.1430606774351882,0.1389332301141558,0.144293903007728,0.1356137595854943,0.1864891666086436,0.0902347843723189,0.0722293813495784,0.0471151136934355,0.030395092177223,0.0257129790705735,0.0221153542623268,0.0222350657758173,-0.0404689173183755,0.0,0.1519911930295165,0.0,-0.1669254313822853,0.0,6.581677959657334,59.90723318857994,0.6777398613416665,0.1374485902460104,6.739726590220917,47.88220509449936,0.5454359001826706,0.0187359573266498,-0.0121406751955126,0.0303982386059033,-0.0300465776488113,1957.7777777777776
3534,1963.3333333333333,0.2909237008595824,0.1956309096570041,0.1786060645265871,0.1537849741063238,0.1514924161396063,0.1461797478505617,0.1432548815369511,0.139400809841984,0.1440571705930971,0.1354685286726806,0.1877896148524876,0.0907166903347539,0.0727068940140159,0.0471172317016969,0.0303505966606763,0.0259228951103859,0.0221711918480332,0.0222176589305766,0.0756998940183145,0.0,-0.092026408048369,0.0,-0.0518769192544817,0.0,6.505676558930355,59.90723318857994,0.6777398613416665,0.1374485902460104,6.739726590220917,47.88220509449936,0.5454359001826706,0.0187359573266498,0.0227099682054943,-0.0184052816096738,-0.0093378454658067,1963.3333333333333
3544,1968.8888888888887,0.2996674964000672,0.2070287341816987,0.1832686101642984,0.1582799048587614,0.1537334233230388,0.1477209327316426,0.1443954349199853,0.1396128414463328,0.1440914427254315,0.1352599470450171,0.1880177047081452,0.0905010588291944,0.0723518104523666,0.0471278539568689,0.0301019775168142,0.0256057855562159,0.022006946855737,0.0220361341573813,0.1296583665749014,0.0,0.08037378674983,0.0,-0.0277636721650492,0.0,6.505676558930355,50.06672895972814,0.6777398613416665,0.1374485902460104,6.739726590220917,47.88220509449936,0.5454359001826706,0.0187359573266498,0.0388975099724704,0.016074757349966,-0.0049974609897088,1968.8888888888887
3554,1974.4444444444443,0.2515949512761055,0.1870125429878517,0.1685544298816561,0.1520693621654059,0.1494941658147376,0.1459136447303337,0.1426441937568183,0.1389577187549892,0.1438547340640568,0.1354679452477159,0.1874998998055801,0.0901864655931832,0.0724732805569577,0.0474150555105276,0.0296703985925587,0.0257139531731963,0.0221939571333495,0.0221047707948401,-0.0324258505150931,0.0,0.0462093259143663,0.0,0.0391498277271016,0.0,6.505676558930355,50.06672895972814,0.524626731213278,0.1374485902460104,6.739726590220917,47.88220509449936,0.5454359001826706,0.0187359573266498,-0.0097277551545279,0.0092418651828732,0.0070469689908783,1974.4444444444443
3564,1980.0,0.1755037490650489,0.0906717653041313,0.0688039945569357,0.0458004371673682,0.0417919598678554,0.0362400416205031,0.0325955066268166,0.0282346194007059,0.0333016473534936,0.0248564974012251,0.187565508622733,0.0901816156702266,0.0723775591002227,0.0473400043327887,0.0296526485990752,0.0256065260257408,0.0222528644490132,0.0222964814942132,0.0668564855550702,0.0,-0.0602112508153636,0.0,-0.0163742336142935,0.0,6.505676558930355,50.06672895972814,0.524626731213278,0.026445655705219,6.739726590220917,47.88220509449936,0.5454359001826706,0.0187359573266498,0.020056945666521,-0.0120422501630727,-0.0029473620505728,1980.0
3574,1985.5555555555557,0.1746511731762584,0.0900768090354149,0.0679885630760448,0.0458116581410549,0.0409674903377189,0.0362658735071942,0.0322963690746403,0.0281366651813273,0.0331178014784324,0.0246066043687832,0.2208485966563297,0.1087798728309648,0.0957880517609205,0.0585867376286397,0.041790853595048,0.0305466798229196,0.0270191033438932,0.0243078402966788,0.0357669573067205,0.0,-0.0525537765354816,0.0,0.0316079280971495,0.0,6.505676558930355,50.06672895972814,0.524626731213278,0.026445655705219,8.581427041372862,47.88220509449936,0.5454359001826706,0.0187359573266498,0.0107300871920161,-0.0105107553070963,0.0056894270574869,1985.5555555555557
3584,1991.111111111111,0.1751455801810092,0.0904914395546169,0.06771052113328,0.0459557640957982,0.0412745552213102,0.0363604076158972,0.0323688607117825,0.0283405277958582,0.0328962850414,0.0244698063521505,0.2188408829451341,0.105200566371662,0.094086377872172,0.057441863650329,0.0409363185026565,0.0300262646330146,0.0267941080026608,0.0240073086881238,-0.0204708459928265,0.0,-0.1318210015435623,0.0,0.0190252718178595,0.0,6.505676558930355,50.06672895972814,0.524626731213278,0.026445655705219,8.581427041372862,49.68485537267863,0.5454359001826706,0.0187359573266498,-0.0061412537978479,-0.0263642003087124,0.0034245489272147,1991.111111111111
3594,1996.6666666666663,0.1757510191368091,0.0909636255216731,0.0674795720337639,0.0459843308108278,0.0414163106817668,0.0364974865172047,0.0325033337280582,0.0282293346362079,0.0327784492196095,0.0246158319733716,0.216037947260555,0.1037513059147959,0.093033574351456,0.0568405389065319,0.0406959882734994,0.029601816566202,0.0269789295180271,0.0239861760469062,0.0936361376417861,0.0,-0.0892263592875802,0.0,-0.1846864141323655,0.0,6.505676558930355,50.06672895972814,0.524626731213278,0.026445655705219,8.581427041372862,49.68485537267863,0.5367407042040498,0.0187359573266498,0.0280908412925358,-0.017845271857516,-0.0332435545438258,1996.6666666666663
3604,2002.2222222222224,0.1747471771358652,0.0905135797283158,0.0673264623572042,0.0461493774843036,0.041291049463559,0.0364626656691595,0.0323899829600759,0.0284322104402338,0.0330185168010419,0.0247699346716152,0.2656818187293993,0.1709319192531754,0.1624190644824963,0.1330704805253511,0.1181396757378871,0.1094823014513607,0.107182311887855,0.1053281921243705,-0.0028450834124277,0.0,0.0792424302157685,0.0,0.0182343795336748,0.0,6.505676558930355,50.06672895972814,0.524626731213278,0.026445655705219,8.581427041372862,49.68485537267863,0.5367407042040498,0.1004796839725968,-0.0008535250237283,0.0158484860431537,0.0032821883160614,2002.2222222222224
3614,2007.7777777777776,0.188794555255522,0.0980262791353342,0.0764413586339932,0.05056343191753,0.0455590616184118,0.0383545527903879,0.033823789332103,0.0294447718343616,0.0334295438174217,0.0250115072729232,0.2653849045924788,0.1713281523863872,0.1633478328825738,0.1333524208531911,0.118008351553827,0.1093501463488913,0.1072389633600063,0.1054383671631323,-0.166645430914576,0.0,-0.0091553666726029,0.0,-0.1036181917306779,0.0,7.2507676086234225,50.06672895972814,0.524626731213278,0.026445655705219,8.581427041372862,49.68485537267863,0.5367407042040498,0.1004796839725968,-0.0499936292743728,-0.0018310733345205,-0.018651274511522,2007.7777777777776
3624,2013.3333333333333,0.1891531345013075,0.0975861258105822,0.0761665077332828,0.0502580010704978,0.0452863218337364,0.0382502637363827,0.0338751408887474,0.0293835363221517,0.0333353376320087,0.0251435736859605,0.2670562816790792,0.1716800753148631,0.1639705129864485,0.1337084188628117,0.1182040007597874,0.1094947455543802,0.1071771834529011,0.1050879893585187,0.1356616978034192,0.0,-0.0496457168227165,0.0,-0.075528927853801,0.0,7.2507676086234225,50.53874400100114,0.524626731213278,0.026445655705219,8.581427041372862,49.68485537267863,0.5367407042040498,0.1004796839725968,0.0406985093410257,-0.0099291433645433,-0.0135952070136841,2013.3333333333333
3634,2018.8888888888887,0.1988757163357286,0.1018424532368862,0.0796237776400023,0.0514314381279779,0.0464300410235926,0.0381417203949152,0.0343799439452277,0.0292714324683378,0.0333552620169502,0.025322659387083,0.2663240208076778,0.1711765579323574,0.1637101128050651,0.1336529085605064,0.1180346874674396,0.1095441852818562,0.1073891990679188,0.1051397801689542,0.0274650971391757,0.0,0.1702647646635521,0.0,-0.0528724980836455,0.0,7.2507676086234225,50.53874400100114,0.5565905735724689,0.026445655705219,8.581427041372862,49.68485537267863,0.5367407042040498,0.1004796839725968,0.0082395291417527,0.0340529529327104,-0.0095170496550561,2018.8888888888887
3644,2024.4444444444443,0.2319559411216935,0.145202724052909,0.1246108540076716,0.0999220376914707,0.0955313689671562,0.0881778517879718,0.084810196062078,0.0800890402757611,0.0839327228731335,0.0758021847301374,0.265702985028998,0.1710587072596242,0.1631534811515382,0.1331327225673256,0.1178378592514637,0.1093466204346014,0.1071475716851897,0.1052502375208681,-0.0026917527878421,0.0,0.0717394414077615,0.0,0.0352930022792647,0.0,7.2507676086234225,50.53874400100114,0.5565905735724689,0.0774241781266415,8.581427041372862,49.68485537267863,0.5367407042040498,0.1004796839725968,-0.0008075258363526,0.0143478882815523,0.0063527404102676,2024.4444444444443
3654,2030.0,0.2334080090263121,0.1456313009154634,0.1249759121208553,0.0998497363558782,0.0956387959642154,0.0888162164603489,0.0845830510678754,0.0802172603705583,0.0835435599917286,0.0759148468252784,0.2561682145758132,0.1655868235639872,0.1560952545006525,0.129916061788001,0.1145418708171143,0.1078624990444024,0.1053994381733331,0.1045400535093507,0.0734016154870254,0.0,-0.1139224310455119,0.0,-0.0006631488677599,0.0,7.2507676086234225,50.53874400100114,0.5565905735724689,0.0774241781266415,7.885600772247455,49.68485537267863,0.5367407042040498,0.1004796839725968,0.0220204846461076,-0.0227844862091023,-0.0001193667961967,2030.0
3664,2035.5555555555557,0.232633500605006,0.1453563018158932,0.1249628451935924,0.1001980299746641,0.0956331453709739,0.0891849373209513,0.0848211683980127,0.0801747153253289,0.0836232401943888,0.0759479932734014,0.2546572377527209,0.1645015349496978,0.1551118682908412,0.1290768603367879,0.1139531959926453,0.1076317312019323,0.105124052980974,0.1046987127971528,-0.0303629514151943,0.0,0.2291794794455953,0.0,0.1467654492402433,0.0,7.2507676086234225,50.53874400100114,0.5565905735724689,0.0774241781266415,7.885600772247455,50.72416159082536,0.5367407042040498,0.1004796839725968,-0.0091088854245582,0.045835895889119,0.0264177808632438,2035.5555555555557
3674,2041.111111111111,0.2325607691122065,0.1449702643494451,0.1250339586217866,0.0999154235134623,0.0954109731103119,0.088893560222645,0.0848101611707047,0.0808013494851746,0.0836041165217379,0.0762155814366536,0.268928493874804,0.1704674182467123,0.1601256829396827,0.130923589663805,0.1160945590753897,0.1081397390807857,0.1050570110539871,0.1050505261345428,-0.0111650508315533,0.0,-0.075364342784914,0.0,-0.0702058625549913,0.0,7.2507676086234225,50.53874400100114,0.5565905735724689,0.0774241781266415,7.885600772247455,50.72416159082536,0.5791208214589801,0.1004796839725968,-0.0033495152494659,-0.0150728685569828,-0.0126370552598984,2041.111111111111
3684,2046.6666666666663,0.2327909793358025,0.1453260773202346,0.1250099126950203,0.1001143334336117,0.0955747725852515,0.0892059033923338,0.0847869953300386,0.081063091086818,0.0836603839747704,0.0765549134147361,0.2810649874062538,0.1862988407298033,0.1764076555200629,0.1483908383397414,0.1336710946285915,0.1262666160852971,0.1229735967656002,0.1230213573007595,-0.0103832823690131,0.0,0.0656314112186781,0.0,-0.0238557142007954,0.0,7.2507676086234225,50.53874400100114,0.5565905735724689,0.0774241781266415,7.885600772247455,50.72416159082536,0.5791208214589801,0.1186220698155793,-0.0031149847107039,0.0131262822437356,-0.0042940285561431,2046.6666666666663
3694,2052.222222222222,0.2639447251064565,0.1626327328835635,0.1471876642802362,0.1112610855765596,0.1077114290309392,0.0948631376694459,0.090200523907537,0.0831969907013928,0.0859430897509743,0.0776936656327739,0.2806333328958917,0.1859587258525998,0.1759530883283089,0.148614499844051,0.1333978196223854,0.1262758192003029,0.1231642663887119,0.122707837116078,-0.0534945730023627,0.0,-0.0235522201139102,0.0,-0.0117173983210138,0.0,9.19499983726619,50.53874400100114,0.5565905735724689,0.0774241781266415,7.885600772247455,50.72416159082536,0.5791208214589801,0.1186220698155793,-0.0160483719007088,-0.004710444022782,-0.0021091316977824,2052.222222222222
3704,2057.777777777778,0.2746883136327368,0.1764100368312676,0.1552095998857399,0.118654389236964,0.1127404719279203,0.0981303248296088,0.0927480656990009,0.0846383947379786,0.0870814003153026,0.0784087841322508,0.2814462693329211,0.1864228040719573,0.1761836103178716,0.1486479204221752,0.133330104497115,0.126277672482278,0.1233252742500733,0.1232264930582116,0.0591114184308092,0.0,0.0305678659898745,0.0,-0.0946040527527705,0.0,9.19499983726619,43.587425273764126,0.5565905735724689,0.0774241781266415,7.885600772247455,50.72416159082536,0.5791208214589801,0.1186220698155793,0.0177334255292427,0.0061135731979749,-0.0170287294954986,2057.777777777778
3714,2063.333333333333,0.2609215378726655,0.1698706105932459,0.1503893808869829,0.1160881866318757,0.1104549113156993,0.0969944119837789,0.0916812640083192,0.0841246616201533,0.0869696146825457,0.078263457510409,0.2806906377477589,0.1861057337735865,0.176057503415855,0.1482782327227571,0.1334669832734778,0.1263666961943766,0.123532567970022,0.1235284868000486,-0.051975727420214,0.0,0.0602556756943944,0.0,-0.0373813581837591,0.0,9.19499983726619,43.587425273764126,0.5272617449636061,0.0774241781266415,7.885600772247455,50.72416159082536,0.5791208214589801,0.1186220698155793,-0.0155927182260642,0.0120511351388788,-0.0067286444730766,2063.333333333333
3724,2068.8888888888887,0.227065029314547,0.1223665831700368,0.1008742413746777,0.0608542522465219,0.0541995825956996,0.0385854843059552,0.0334949100068723,0.0242539287902799,0.0274104978784801,0.0180662776236496,0.2813969178329294,0.1857611782216109,0.1761226677141616,0.1484261458540713,0.1341688605009929,0.126398212246178,0.1234952879930624,0.1238511177486546,0.074898177796905,0.0,0.1030877122239095,0.0,-0.0686501347762953,0.0,9.19499983726619,43.587425273764126,0.5272617449636061,0.0169787461173064,7.885600772247455,50.72416159082536,0.5791208214589801,0.1186220698155793,0.0224694533390715,0.0206175424447819,-0.0123570242597331,2068.8888888888887
3734,2074.4444444444443,0.2248072892672993,0.1212435718433304,0.0998722788575238,0.0608559054953767,0.054187377694696,0.0384913522998333,0.0333487629043327,0.0243898869802272,0.0273518264333992,0.0179413221222456,0.2950162340883634,0.1940288072677015,0.1871998239878961,0.1535224075831159,0.1403159305508334,0.129014750698575,0.1259351384256748,0.1245121199381088,-0.2386805060701863,0.0,-0.0224567724934264,0.0,-0.1716654092610251,0.0,9.19499983726619,43.587425273764126,0.5272617449636061,0.0169787461173064,8.938790191344951,50.72416159082536,0.5791208214589801,0.1186220698155793,-0.0716041518210559,-0.0044913544986852,-0.0308997736669845,2074.4444444444443
3744,2080.0,0.2271273719171509,0.122394264085843,0.1006368542868357,0.0611901754215976,0.0545977957885535,0.0388671865761216,0.0332230286319489,0.0243628408609422,0.027270088056643,0.0180921338130329,0.28945161431005,0.1842671765983933,0.1824763388236565,0.1488430245109405,0.1372530957464241,0.127313791131454,0.1249070506631052,0.1237845311595417,0.1672828795630874,0.0,-0.0627513650687012,0.0,-0.0932689461245998,0.0,9.19499983726619,43.587425273764126,0.5272617449636061,0.0169787461173064,8.938790191344951,58.83182605711836,0.5791208214589801,0.1186220698155793,0.0501848638689262,-0.0125502730137402,-0.0167884103024279,2080.0
3754,2085.555555555556,0.2250461666253339,0.1212145935488085,0.1002089006528325,0.0611837830527396,0.0547058597717204,0.039018518523867,0.0328390275662985,0.0243027259856068,0.027473497221789,0.0178716332143064,0.2754460234076581,0.1786126714090788,0.1771947729794772,0.1468889091081169,0.1351656694955994,0.1270906747775291,0.124169966064404,0.1235736603613524,-0.1734121524058288,0.0,-0.1162402594748805,0.0,0.126354372213742,0.0,9.19499983726619,43.587425273764126,0.5272617449636061,0.0169787461173064,8.938790191344951,58.83182605711836,0.5461334364602205,0.1186220698155793,-0.0520236457217486,-0.0232480518949761,0.0227437869984735,2085.555555555556
3764,2091.111111111111,0.2247808377793664,0.1211153818732005,0.1005903062452679,0.0611963516427823,0.0547336867858067,0.0395302514453517,0.0327226341474565,0.0241608643013435,0.0272748193507335,0.0184838112628943,0.2922106930567867,0.2014504169372507,0.2003806579383832,0.1723642461461763,0.1608258499752962,0.1531644712050436,0.1504883518522468,0.1499684647573141,-0.1309352431100336,0.0,0.1784311594376333,0.0,0.0952019108514281,0.0,9.19499983726619,43.587425273764126,0.5272617449636061,0.0169787461173064,8.938790191344951,58.83182605711836,0.5461334364602205,0.1454861360373257,-0.03928057293301,0.0356862318875266,0.017136343953257,2091.111111111111
3774,2096.6666666666665,0.1880311199886315,0.0976823349906452,0.0718901872734835,0.0452211236313068,0.0382539287223811,0.0313132054952316,0.0248814413411695,0.020527907103661,0.0239323907585992,0.0171342196115012,0.2934258946414092,0.2014996291471439,0.2002909478353416,0.1728775072662292,0.1611138327910809,0.1533491680251875,0.1509338795299273,0.149810196805635,0.0406096445230436,0.0,-0.0828962849268609,0.0,0.0365089001190144,0.0,7.065016534794893,43.587425273764126,0.5272617449636061,0.0169787461173064,8.938790191344951,58.83182605711836,0.5461334364602205,0.1454861360373257,0.012182893356913,-0.0165792569853721,0.0065716020214225,2096.6666666666665
3784,2102.222222222222,0.1791247838935536,0.0869127669562975,0.0659653975276381,0.0402384669419321,0.0353085262825042,0.0293613591243698,0.023477620515966,0.0201834036202637,0.0235533229633431,0.016666229550474,0.2936343312870976,0.2018520292214303,0.199939637304095,0.1728324770711655,0.1613134943357254,0.1536142345619164,0.1505566704478932,0.1499322398807665,0.0236258748688862,0.0,0.0706458770187472,0.0,0.0116686596407962,0.0,7.065016534794893,50.12952032376262,0.5272617449636061,0.0169787461173064,8.938790191344951,58.83182605711836,0.5461334364602205,0.1454861360373257,0.0070877624606658,0.0141291754037494,0.0021003587353433,2102.222222222222
3794,2107.777777777778,0.2022381077886559,0.0965536436832384,0.0735373876271026,0.0434317941573395,0.0376086957139198,0.030173812248401,0.0242689627240091,0.0204896883334728,0.0237333182137082,0.0166244629877684,0.2930077815546961,0.2018937589374974,0.1998282133909322,0.1727882591302483,0.160987444982951,0.1536490265335167,0.1504147365276971,0.1500108591918235,-0.05076089173903,0.0,0.1211434615685619,0.0,-0.0252247113095372,0.0,7.065016534794893,50.12952032376262,0.599477008843903,0.0169787461173064,8.938790191344951,58.83182605711836,0.5461334364602205,0.1454861360373257,-0.015228267521709,0.0242286923137123,-0.0045404480357167,2107.777777777778
3804,2113.333333333333,0.2833116001125094,0.2002340034715245,0.1807767151078677,0.1583120521258879,0.1533335579626752,0.1484501220866599,0.1429908311159866,0.1402978051759253,0.1436861818119772,0.1369435428956994,0.2928161965599795,0.2022591650661704,0.1995434068791722,0.1728996366666191,0.1612474503536084,0.1537878002714265,0.1504765714069581,0.1500607255653628,-0.1214873435522095,0.0,-0.0070317245370506,0.0,-0.2654736930251221,0.0,7.065016534794893,50.12952032376262,0.599477008843903,0.137243385410826,8.938790191344951,58.83182605711836,0.5461334364602205,0.1454861360373257,-0.0364462030656628,-0.0014063449074101,-0.0477852647445219,2113.333333333333
3814,2118.8888888888887,0.2829621970368843,0.1999844945661031,0.1810384194193911,0.1582760839132777,0.153644919836568,0.1482054657356764,0.1430524879634749,0.1406276483468652,0.1433212738591336,0.1370502820127643,0.255124809705442,0.1839050517169518,0.1756597461503807,0.1624400081153912,0.1503384506183958,0.1497002255095048,0.146000888837524,0.1487588130047618,-0.0947933904295742,0.0,-0.084045557466045,0.0,0.1526572241014658,0.0,7.065016534794893,50.12952032376262,0.599477008843903,0.137243385410826,6.12158657968433,58.83182605711836,0.5461334364602205,0.1454861360373257,-0.0284380171288722,-0.016809111493209,0.0274783003382638,2118.8888888888887
3824,2124.4444444444443,0.2827981230128455,0.1996570937186674,0.181542289585173,0.1588131410881163,0.1536641301159703,0.1480907507199848,0.1432777181651792,0.1408971603977833,0.1429268198282839,0.1372808597453098,0.2644629674174599,0.1950163196972047,0.1807821015694873,0.1670639693545038,0.1523472122054625,0.1508406866662671,0.1468202140781812,0.1491306176632409,0.0033749395905984,0.0,-0.0722726932958243,0.0,0.0152877958972958,0.0,7.065016534794893,50.12952032376262,0.599477008843903,0.137243385410826,6.12158657968433,46.30701628868763,0.5461334364602205,0.1454861360373257,0.0010124818771795,-0.0144545386591648,0.0027518032615132,2124.4444444444443
3834,2130.0,0.2830132080230082,0.1999590389721034,0.1815902449552975,0.1590000923826142,0.1540575830490409,0.1479309818534263,0.1435281307634594,0.1410779575667335,0.1429852687809793,0.1374134909770072,0.2869781901564131,0.2046851940799819,0.1875891425948087,0.170088748261966,0.1541944873144363,0.1517090850656742,0.1475944561042955,0.1494542934178187,0.0442749980290694,0.0,0.0724848179983874,0.0,-0.163103801686158,0.0,7.065016534794893,50.12952032376262,0.599477008843903,0.137243385410826,6.12158657968433,46.30701628868763,0.6199949396931455,0.1454861360373257,0.0132824994087208,0.0144969635996774,-0.0293586843035084,2130.0
3844,2135.555555555556,0.2822595454647628,0.1994739515129657,0.1811374725455884,0.1589599000818031,0.1537687860579868,0.1478360739066993,0.1434073103640423,0.140877926364448,0.1427035814299408,0.1377896960570591,0.1914898012178917,0.0861929862070009,0.0644940590003677,0.0401308359817722,0.0221057730758767,0.0179302103863367,0.0130821998326749,0.0141381555597736,-0.0488963102989791,0.0,0.0200113933465722,0.0,0.1968607326043783,0.0,7.065016534794893,50.12952032376262,0.599477008843903,0.137243385410826,6.12158657968433,46.30701628868763,0.6199949396931455,0.0099597327754918,-0.0146688930896937,0.0040022786693144,0.0354349318687881,2135.555555555556
3854,2141.111111111111,0.2855918791628884,0.201182043662438,0.1827416176257911,0.1592825511539972,0.154587391216371,0.1481431159418943,0.1434062731538773,0.1412262866794751,0.1428683464211602,0.1377177215262298,0.193251838043575,0.0869592858494669,0.064533789242859,0.0399649498499892,0.0225514128845422,0.01767592388838,0.0131083814047471,0.0136017682510464,0.1382695152456995,0.0,-0.0348738651798211,0.0,-0.101250744737807,0.0,7.1569618444992695,50.12952032376262,0.599477008843903,0.137243385410826,6.12158657968433,46.30701628868763,0.6199949396931455,0.0099597327754918,0.0414808545737098,-0.0069747730359642,-0.0182251340528052,2141.111111111111
3864,2146.6666666666665,0.2849711547486568,0.2014483913197529,0.1829198857246293,0.1593753664586795,0.1546729171587398,0.1484811937452256,0.143592680433572,0.1408152150032232,0.1428817049719432,0.1376194363790889,0.1914412271099344,0.0862840021787448,0.0640921543023744,0.0393932830361418,0.0226480581323724,0.0176740055138337,0.0128045869418959,0.013450296977118,-0.1359054100532673,0.0,-0.1231082885720846,0.0,-0.0680625076008296,0.0,7.1569618444992695,49.30126908195081,0.599477008843903,0.137243385410826,6.12158657968433,46.30701628868763,0.6199949396931455,0.0099597327754918,-0.0407716230159801,-0.0246216577144169,-0.0122512513681493,2146.6666666666665
3874,2152.222222222222,0.3115592893003475,0.2128634331498932,0.1917922871267461,0.1632072640754537,0.1578917887767567,0.1498919982374886,0.1444883996111768,0.1415065318278428,0.1431065512801381,0.1378160681775813,0.1921670607120203,0.0863047837444338,0.0638553074705631,0.0396721052035814,0.0226674491302378,0.017990127807025,0.0122348863482587,0.0135806918790348,0.0163996549744847,0.0,0.0206809958468141,0.0,-0.0441166578261492,0.0,7.1569618444992695,49.30126908195081,0.6761714053738455,0.137243385410826,6.12158657968433,46.30701628868763,0.6199949396931455,0.0099597327754918,0.0049198964923454,0.0041361991693628,-0.0079409984087068,2152.222222222222
3884,2157.777777777778,0.2946728219858934,0.192721308123913,0.1706614196823756,0.1411661370802836,0.135789488324633,0.1271560772972582,0.1219119683478272,0.1184658383411631,0.1200872906482478,0.1148099108921436,0.1913012725094777,0.085779543216546,0.0635034238766039,0.0390467911548759,0.0223564292249124,0.0179208022285259,0.0119536813080206,0.0132289545677013,-0.1394555420601226,0.0,0.0913083119990143,0.0,-0.0920781982165436,0.0,7.1569618444992695,49.30126908195081,0.6761714053738455,0.1141439282486681,6.12158657968433,46.30701628868763,0.6199949396931455,0.0099597327754918,-0.0418366626180367,0.0182616623998028,-0.0165740756789778,2157.777777777778
3894,2163.333333333333,0.2967309520703548,0.1932772702880317,0.1708905948465489,0.1413528374228273,0.1360480691570736,0.1273187345306254,0.1218120440893593,0.11851723054172,0.1198963874513944,0.1146649106409194,0.245118369573764,0.1160242475798253,0.0993559873521533,0.0567756029296025,0.0398655059122514,0.0258352522142586,0.0190563563302061,0.0159715630026251,0.191264970800292,0.0,-0.12892763735769,0.0,-0.0752179432736965,0.0,7.1569618444992695,49.30126908195081,0.6761714053738455,0.1141439282486681,8.486941408685224,46.30701628868763,0.6199949396931455,0.0099597327754918,0.0573794912400876,-0.025785527471538,-0.0135392297892653,2163.333333333333
3904,2168.8888888888887,0.2954157287788621,0.192573236960404,0.1704372655898914,0.1412005004939925,0.1357708171935101,0.1271626111948462,0.1215087645936637,0.1183134494536713,0.1200017549498518,0.1147807234947127,0.2305936707534718,0.098155420703771,0.0895269245498625,0.0485432935746666,0.0345707510885418,0.0223017097771244,0.0167766654414709,0.0148134420431811,-0.0122705781188105,0.0,-0.160065060677341,0.0,-0.1455614749745947,0.0,7.1569618444992695,49.30126908195081,0.6761714053738455,0.1141439282486681,8.486941408685224,55.22139545058625,0.6199949396931455,0.0099597327754918,-0.0036811734356431,-0.0320130121354682,-0.026201065495427,2168.8888888888887
3914,2174.4444444444443,0.2956144254891551,0.1926569318689104,0.1706612936501324,0.1412985788458253,0.1356290045828532,0.1269219016155394,0.1212922965551546,0.1183907564961401,0.1198631350951229,0.1148010950207593,0.2384124730874877,0.101333838781314,0.0924438189479715,0.049656258143929,0.035510743865297,0.0225719041430842,0.0168192061780656,0.0151142109347217,-0.081182571442205,0.0,-0.0302860059661872,0.0,0.0191268970875167,0.0,7.1569618444992695,49.30126908195081,0.6761714053738455,0.1141439282486681,8.486941408685224,55.22139545058625,0.6415441552099566,0.0099597327754918,-0.0243547714326615,-0.0060572011932374,0.003442841475753,2174.4444444444443
3924,2180.0,0.2966121539732704,0.1929195753048362,0.1710552232089195,0.1412871385459726,0.1360307499879718,0.1264183665170397,0.1215536824616135,0.1185713583023529,0.1200721077840635,0.1147798041353807,0.3136075488145083,0.2013031292041419,0.1946874155298043,0.1611510228398254,0.1471802958772178,0.1379614033006737,0.1325855256632138,0.1320186411682712,-0.0234634952370933,0.0,0.0681545280785049,0.0,0.0685966878242071,0.0,7.1569618444992695,49.30126908195081,0.6761714053738455,0.1141439282486681,8.486941408685224,55.22139545058625,0.6415441552099566,0.127454001396967,-0.007039048571128,0.0136309056157009,0.0123474038083572,2180.0
3934,2185.555555555556,0.3238414196344242,0.2087457807257915,0.1903436714712067,0.1511975129403976,0.1468740030978094,0.1312999365397213,0.1260293845738707,0.1209059307716299,0.1221226391151536,0.1152874515668169,0.3134050486344283,0.2008078793925201,0.1944296454040652,0.1610655955742037,0.1466423600600648,0.1377901329208661,0.1323964073282298,0.1322250824274437,0.0017025394448605,0.0,0.0550340909279826,0.0,0.0024628711920712,0.0,8.580725410357404,49.30126908195081,0.6761714053738455,0.1141439282486681,8.486941408685224,55.22139545058625,0.6415441552099566,0.127454001396967,0.0005107618334581,0.0110068181855965,0.0004433168145728,2185.555555555556
3944,2191.111111111111,0.3165607646631584,0.1989962993791413,0.1849177824649256,0.1463094256384835,0.1439494215041157,0.1292871675801674,0.1243609721659573,0.1200910560837642,0.1218528686565277,0.1150389478273651,0.3129974341949013,0.2003270937411468,0.1945123556649338,0.1611626723229167,0.1466211535218553,0.1380112381380485,0.1323521649763637,0.1324829111999745,-0.0178587123723857,0.0,0.013514342120153,0.0,0.072590772488857,0.0,8.580725410357404,54.71366118627202,0.6761714053738455,0.1141439282486681,8.486941408685224,55.22139545058625,0.6415441552099566,0.127454001396967,-0.0053576137117157,0.0027028684240306,0.0130663390479942,2191.111111111111
3954,2196.6666666666665,0.2737180465194473,0.1808935401612068,0.1687861865414071,0.1394955332557791,0.1383644115274079,0.1268807713682335,0.1221316222329573,0.1194871631886359,0.1208632721522337,0.1144080748716133,0.313409930968096,0.2004191684868503,0.1944906215926317,0.1613709590255065,0.1465673491539098,0.13801742199559,0.1327474335757957,0.1325093050302782,0.0961566392373377,0.0,-0.14348536654004,0.0,0.0781376041701102,0.0,8.580725410357404,54.71366118627202,0.5603289005504428,0.1141439282486681,8.486941408685224,55.22139545058625,0.6415441552099566,0.127454001396967,0.0288469917712013,-0.028697073308008,0.0140647687506198,2196.6666666666665
3964,2202.222222222222,0.2178922099510962,0.1061664708807005,0.0920857025336335,0.0556771537036293,0.0538111279472532,0.0394290056235458,0.0348884072875659,0.0309849018617283,0.0323780134849371,0.0254505057005172,0.3140031102452802,0.2004315718788424,0.1945000864522457,0.1613700126025071,0.1470395014951334,0.1381118877997125,0.1332963854461799,0.1327557222022216,0.0239786398752576,0.0,0.0499548316607973,0.0,-0.0140728624646735,0.0,8.580725410357404,54.71366118627202,0.5603289005504428,0.0251461084348112,8.486941408685224,55.22139545058625,0.6415441552099566,0.127454001396967,0.0071935919625772,0.0099909663321594,-0.0025331152436412,2202.222222222222
3974,2207.777777777778,0.2181556235518126,0.1062882606844081,0.0919035549119309,0.0556690047328522,0.0538295764234963,0.0391786598714214,0.0351359818902117,0.0309860044808746,0.0322922857944911,0.0249972938177669,0.310360349362567,0.1985075439329957,0.1919043084401026,0.1600035206566127,0.1455523260053499,0.1378409872807042,0.1327375681563452,0.1326673377160117,0.053753390631889,0.0,-0.0713321332112713,0.0,-0.1533621397637637,0.0,8.580725410357404,54.71366118627202,0.5603289005504428,0.0251461084348112,8.269574937467365,55.22139545058625,0.6415441552099566,0.127454001396967,0.0161260171895667,-0.0142664266422542,-0.0276051851574774,2207.777777777778
3984,2213.333333333333,0.2172432162619799,0.1059383760709105,0.0925307953642195,0.055208326315587,0.0539287466808734,0.0389908291643321,0.0355029804156601,0.0309693044651935,0.0324659427411358,0.0251303440195541,0.3254164596906418,0.2190160067168338,0.2035502905269939,0.1701900995164003,0.1517202221586372,0.1417201654033545,0.1350231366874995,0.1335727137816793,-0.0188576624927431,0.0,0.1098228444992176,0.0,0.03564079031162,0.0,8.580725410357404,54.71366118627202,0.5603289005504428,0.0251461084348112,8.269574937467365,43.316745915373225,0.6415441552099566,0.127454001396967,-0.0056572987478229,0.0219645688998435,0.0064153422560916,2213.333333333333
3994,2218.8888888888887,0.2179917007368261,0.1053192586753701,0.0927835014733267,0.0551294331756534,0.0540976804555089,0.0394034562701861,0.0355956530447576,0.0307638091528032,0.0321417544174075,0.0251634904339842,0.3416255193705026,0.2270260468771064,0.2097251327969171,0.1731435330721139,0.1539308439123766,0.1424143098828987,0.1357565467085557,0.1340338199721713,0.0254118373434689,0.0,-0.1962359558450045,0.0,0.0744081149428273,0.0,8.580725410357404,54.71366118627202,0.5603289005504428,0.0251461084348112,8.269574937467365,43.316745915373225,0.6838911703039938,0.127454001396967,0.0076235512030406,-0.0392471911690009,0.0133934606897089,2218.8888888888887
4004,2224.4444444444443,0.217320621716674,0.1052499516808167,0.0925311446609822,0.0551207500049316,0.0537576620236552,0.0393987116314867,0.0357437097177416,0.0307871435109087,0.0321274782143856,0.0255320893669772,0.3177953035312927,0.196397719692895,0.1771745219392539,0.1380117784458387,0.1180692914647508,0.1050365720605581,0.0986312907000799,0.0963644418827084,-0.0918178879185841,0.0,0.0220061841387246,0.0,0.1433705828985536,0.0,8.580725410357404,54.71366118627202,0.5603289005504428,0.0251461084348112,8.269574937467365,43.316745915373225,0.6838911703039938,0.0894964256034182,-0.0275453663755752,0.0044012368277449,0.0258067049217396,2224.4444444444443
4014,2230.0,0.1976726303618818,0.0943134016631769,0.0789584668944334,0.0482119742125676,0.0467343279673203,0.0362371266338057,0.032617587842524,0.0295827718841638,0.0312937308847042,0.0252573294778415,0.3179310391033354,0.1961600982295684,0.1778090770606107,0.1380283991442428,0.1175998050629267,0.1051487842672098,0.0983809460191509,0.0961128365631775,-0.1308559818473766,0.0,-0.0963996792824249,0.0,-0.0437235687738801,0.0,7.45418916118984,54.71366118627202,0.5603289005504428,0.0251461084348112,8.269574937467365,43.316745915373225,0.6838911703039938,0.0894964256034182,-0.0392567945542129,-0.0192799358564849,-0.0078702423792984,2230.0
4024,2235.555555555556,0.1927113997110503,0.0888064977765708,0.0762406053197034,0.0460080691638068,0.045897860493352,0.0357046594508566,0.0323126305109658,0.0295389202924439,0.0312900373976514,0.0252776790600162,0.3168857568200543,0.1958075841251074,0.1773338981065614,0.138367902275707,0.1175942902180979,0.1048610987529524,0.0983707973362426,0.096424756508554,-0.0875071178445132,0.0,-0.1171971454740634,0.0,0.0283859822733228,0.0,7.45418916118984,58.73286313304702,0.5603289005504428,0.0251461084348112,8.269574937467365,43.316745915373225,0.6838911703039938,0.0894964256034182,-0.0262521353533539,-0.0234394290948126,0.0051094768091981,2235.555555555556
4034,2241.111111111111,0.185376761722653,0.0859056030089631,0.0737433201384895,0.0450369537264327,0.0447007194258201,0.0354089731193725,0.0322608426812287,0.0294124677484031,0.030895039780594,0.0250872661751517,0.3191253255322743,0.1966321862218907,0.1777620721338643,0.1389493283426742,0.1178622042697764,0.1050634353012483,0.0982345546309118,0.0964479316421103,0.1712981234411945,0.0,0.1094863573379058,0.0,0.0226160654764798,0.0,7.45418916118984,58.73286313304702,0.531026054387569,0.0251461084348112,8.269574937467365,43.316745915373225,0.6838911703039938,0.0894964256034182,0.0513894370323583,0.0218972714675811,0.0040708917857663,2241.111111111111
4044,2246.6666666666665,0.2205668489202682,0.1315861036204663,0.1203595218783599,0.0948413103699905,0.0954158246144407,0.0866495960743324,0.0842043646700873,0.0815502942031284,0.0826636235101204,0.0769338752335896,0.3186483567741422,0.1965424287522404,0.1775094478575203,0.1388970180661966,0.1178135522066171,0.1047531780854866,0.0984139932910301,0.0962836775285798,-0.0077762779847431,0.0,-0.1379084348578335,0.0,-0.1269012311367311,0.0,7.45418916118984,58.73286313304702,0.531026054387569,0.0771699506542869,8.269574937467365,43.316745915373225,0.6838911703039938,0.0894964256034182,-0.0023328833954229,-0.0275816869715667,-0.0228422216046116,2246.6666666666665
4054,2252.222222222222,0.2194917705094203,0.1317607433300089,0.1202081643312044,0.0947623782283331,0.0956214279293076,0.0870188428448166,0.083714916442841,0.0820364972751553,0.0825775650473788,0.0766323180245766,0.2737966021333878,0.1699897270861873,0.1467732002217986,0.1231186058119551,0.102719227535727,0.097756266365201,0.0918176620340016,0.0941719473403884,-0.1465486511692173,0.0,-0.1474986086497383,0.0,-0.1084045286490859,0.0,7.45418916118984,58.73286313304702,0.531026054387569,0.0771699506542869,6.274662219648708,43.316745915373225,0.6838911703039938,0.0894964256034182,-0.0439645953507652,-0.0294997217299476,-0.0195128151568354,2252.222222222222
4064,2257.777777777778,0.2201533855709763,0.1320506544314855,0.1198513409609601,0.0947674250535863,0.0951656761918357,0.0871866251516679,0.0838378597689377,0.0820981020985613,0.0826211240556821,0.0765204053405163,0.2566184490608809,0.14745842166254,0.1358542244191087,0.1146181163495239,0.0978586492450746,0.0945828655319069,0.0902566095094283,0.0936951516223617,0.1046885710465318,0.0,-0.0015165540016465,0.0,-0.0371408298472042,0.0,7.45418916118984,58.73286313304702,0.531026054387569,0.0771699506542869,6.274662219648708,59.30855418169148,0.6838911703039938,0.0894964256034182,0.0314065713139595,-0.0003033108003293,-0.0066853493724967,2257.777777777778
4074,2263.333333333333,0.2202455228589446,0.131997239716137,0.1201341843671073,0.0945869764248863,0.0954057723156009,0.0872125412412087,0.0837150938776369,0.081773697130879,0.0827172168513175,0.0767175439487683,0.2374034144071266,0.1399156511801823,0.1301522397681777,0.1126470848100866,0.0962655970303297,0.0943000464294638,0.0893578676247153,0.0937674000938496,0.0700999853043913,0.0,0.2130147072646704,0.0,-0.1078639366060194,0.0,7.45418916118984,58.73286313304702,0.531026054387569,0.0771699506542869,6.274662219648708,59.30855418169148,0.6150752123623258,0.0894964256034182,0.0210299955913174,0.0426029414529341,-0.0194155085890834,2263.333333333333
4084,2268.8888888888887,0.2193250647052109,0.1315387123553132,0.1197600066279258,0.0945420803165036,0.0951193955117018,0.0870994326955979,0.0835890375525825,0.0816796119218925,0.0823127273652352,0.0764096514015606,0.2587237047881343,0.1678658858074977,0.158353782645961,0.1427302115548663,0.1266972615454055,0.124951644055268,0.120542290850682,0.1247691452876607,-0.0696078651431938,0.0,0.0962867541245849,0.0,-0.0489369386330674,0.0,7.45418916118984,58.73286313304702,0.531026054387569,0.0771699506542869,6.274662219648708,59.30855418169148,0.6150752123623258,0.1205499896700081,-0.0208823595429581,0.0192573508249169,-0.0088086489539521,2268.8888888888887
4094,2274.4444444444443,0.2167434114453811,0.130452522902755,0.1179446825944233,0.0936750935275538,0.0941693788308375,0.0867038975681364,0.0829221905695536,0.0814525606835062,0.082187733131621,0.0761283211705915,0.2581117449739373,0.167631872731271,0.1582435983290801,0.142658403615468,0.126621581197357,0.1245773471936831,0.1207560520207603,0.1248647255776334,-0.0643950381846784,0.0,0.0218057106400122,0.0,-0.0461482340536192,0.0,7.30215173967265,58.73286313304702,0.531026054387569,0.0771699506542869,6.274662219648708,59.30855418169148,0.6150752123623258,0.1205499896700081,-0.0193185114554035,0.0043611421280024,-0.0083066821296514,2274.4444444444443
4104,2280.0,0.2190453918194816,0.1335291015363429,0.1195088395822927,0.09453894801826,0.0950091163406759,0.0874075248536088,0.0829327521508276,0.0815471875592896,0.0824794236846756,0.0763299513020625,0.2583435361320946,0.167919010692139,0.1579806019107821,0.1426815250095203,0.1265563053432888,0.1249551410686505,0.1203904077199516,0.1252251367806038,0.059007844382791,0.0,0.1356670988907787,0.0,-0.0174951470024234,0.0,7.30215173967265,56.03593253337077,0.531026054387569,0.0771699506542869,6.274662219648708,59.30855418169148,0.6150752123623258,0.1205499896700081,0.0177023533148373,0.0271334197781557,-0.0031491264604362,2280.0
4114,2285.555555555555,0.2540627341610189,0.1478419560448345,0.1311257605354273,0.0992187401549089,0.0987642596581425,0.0887272521326476,0.0840986295698665,0.0819299294481312,0.0826808739109315,0.0762812614065212,0.2579613074932028,0.1675115206978732,0.1577140230125658,0.1425655509463874,0.1262913732299137,0.1249251852238278,0.1206561465902328,0.1253200314007672,-0.0404371289231975,0.0,0.1522866802262509,0.0,0.058361740719464,0.0,7.30215173967265,56.03593253337077,0.6405683931178195,0.0771699506542869,6.274662219648708,59.30855418169148,0.6150752123623258,0.1205499896700081,-0.0121311386769592,0.0304573360452501,0.0105051133295035,2285.555555555555
4124,2291.111111111111,0.2679492484208075,0.1648734669100836,0.1482812972180593,0.1179197252779983,0.1176839117137394,0.1083016312523878,0.1035561541964903,0.1011518293079642,0.1018151768501491,0.0953953044135959,0.2576611765602532,0.1679021816115725,0.1575482254497774,0.1428960717893365,0.1264705598074618,0.1248537809063801,0.1209115779135854,0.1254189856539861,0.0369181034855646,0.0,-0.016048567189482,0.0,0.1561922565736151,0.0,7.30215173967265,56.03593253337077,0.6405683931178195,0.0965522204689027,6.274662219648708,59.30855418169148,0.6150752123623258,0.1205499896700081,0.0110754310456693,-0.0032097134378964,0.0281146061832507,2291.111111111111
4134,2296.6666666666665,0.2687006462013205,0.1648319110309266,0.1481782188767421,0.1182381180175869,0.1176084843178309,0.108338158718411,0.1037702486303356,0.1015753784713814,0.1021248517027832,0.095707652761563,0.3000773280819155,0.1888037141304074,0.1846973939440896,0.154345085293495,0.1394259218035482,0.1296840013367499,0.1259508855517762,0.1268191430106888,0.1035022222897513,0.0,-0.1945011381563783,0.0,0.1163407655301489,0.0,7.30215173967265,56.03593253337077,0.6405683931178195,0.0965522204689027,8.851688444721095,59.30855418169148,0.6150752123623258,0.1205499896700081,0.0310506666869254,-0.0389002276312756,0.0209413377954268,2296.6666666666665
4144,2302.222222222222,0.2684246140427375,0.1651928025395613,0.1481240426825982,0.1181189799829165,0.117784198388609,0.1089540828661451,0.1038766922522309,0.1018040134564518,0.1020256668355269,0.0955636241337863,0.3123225792972257,0.204375635029387,0.1933686879862449,0.1620325921938976,0.1442405023523422,0.1328062634040912,0.1278306765859835,0.1277604019092883,0.1483207711612583,0.0,-0.1646773147041951,0.0,0.117807524765607,0.0,7.30215173967265,56.03593253337077,0.6405683931178195,0.0965522204689027,8.851688444721095,48.66982676190486,0.6150752123623258,0.1205499896700081,0.0444962313483775,-0.032935462940839,0.0212053544578092,2302.222222222222
4154,2307.777777777778,0.2695335434555552,0.165210747289069,0.1480490506129667,0.1177703572087966,0.1182764793950074,0.108906224640112,0.1035182630334445,0.1019214978498622,0.1019615715701987,0.0953991284076804,0.300427853160425,0.1988700269196151,0.1888426773308835,0.1598209517802436,0.1427186169885941,0.1320634973065431,0.1272566336669017,0.1272811771097202,0.2048423471895288,0.0,-0.1620258006521231,0.0,-0.0834298000264717,0.0,7.30215173967265,56.03593253337077,0.6405683931178195,0.0965522204689027,8.851688444721095,48.66982676190486,0.5830176867184254,0.1205499896700081,0.0614527041568586,-0.0324051601304246,-0.0150173640047649,2307.777777777778
4164,2313.333333333333,0.2670042306308583,0.1648123171053777,0.1477503940479589,0.1177328417245105,0.1181810556378977,0.1091650879169707,0.1035669246661747,0.1019482169457191,0.1021211708055433,0.0957776349919526,0.2876712744500092,0.1840384968171,0.1740598139783953,0.144055157192668,0.126808922196528,0.1155286808358487,0.1106376175201103,0.1103065076321614,-0.1590151196489607,0.0,0.0443634193394543,0.0,-0.0346289731132671,0.0,7.30215173967265,56.03593253337077,0.6405683931178195,0.0965522204689027,8.851688444721095,48.66982676190486,0.5830176867184254,0.1038181693177525,-0.0477045358946882,0.0088726838678908,-0.006233215160388,2313.333333333333
4174,2318.8888888888887,0.2980976358453218,0.1810814163617776,0.1700164346210403,0.1278328739480565,0.1297920827572357,0.1143507609994904,0.1088921947369909,0.1039456570028295,0.1043782477385352,0.0966306095268884,0.287869749166219,0.1840579457232195,0.1738263029152297,0.1440064407263042,0.1269193634201927,0.1154440982360516,0.1104622193193881,0.1103039694061237,-0.1076323044739707,0.0,0.0316872218056916,0.0,0.1870578133500057,0.0,9.072176979657726,56.03593253337077,0.6405683931178195,0.0965522204689027,8.851688444721095,48.66982676190486,0.5830176867184254,0.1038181693177525,-0.0322896913421912,0.0063374443611383,0.033670406403001,2318.8888888888887
4184,2324.4444444444443,0.3131742723692622,0.1992250681191393,0.1804933642541186,0.1372031481194662,0.1359224428290691,0.1185141637526875,0.1115993583626111,0.1054990683007242,0.1051039036181016,0.0970310939103945,0.2902132107304992,0.1851021707016423,0.174606481541741,0.1445022673464824,0.127108111535381,0.1154760167086913,0.1104453299284352,0.1102868598428977,0.0569033813325501,0.0,0.0361299794512366,0.0,0.0566842351516264,0.0,9.072176979657726,46.70152040067589,0.6405683931178195,0.0965522204689027,8.851688444721095,48.66982676190486,0.5830176867184254,0.1038181693177525,0.017071014399765,0.0072259958902473,0.0102031623272927,2324.4444444444443
4194,2330.0,0.3100383261441067,0.1972765331705707,0.1792006916159192,0.1364859619871689,0.1356777827673176,0.1183573198593157,0.1116558689424658,0.1057165314313093,0.104728085707839,0.0972497573430402,0.2897223919984777,0.1846292588696445,0.1742788107816862,0.1448136824619574,0.1264251170026055,0.11523329000052,0.1101083511925619,0.1102645550080183,0.0578925543844348,0.0,-0.1269825767362681,0.0,0.0967738338490638,0.0,9.072176979657726,46.70152040067589,0.6339314109391478,0.0965522204689027,8.851688444721095,48.66982676190486,0.5830176867184254,0.1038181693177525,0.0173677663153304,-0.0253965153472536,0.0174192900928315,2330.0
4204,2335.555555555555,0.2701968345169478,0.1442412763895409,0.1246558093835317,0.0760725114298984,0.0750304666660617,0.0550199070778414,0.0484632872825852,0.0413568912995998,0.0400788071759938,0.0325517382972421,0.2886763366657732,0.1842925359930106,0.1738747712333352,0.1449140178997676,0.126663453973031,0.1151176188322733,0.1101397745166005,0.1102435468235327,-0.0769694004475707,0.0,0.0930318581938041,0.0,-0.0666648426406688,0.0,9.072176979657726,46.70152040067589,0.6339314109391478,0.0313556111796159,8.851688444721095,48.66982676190486,0.5830176867184254,0.1038181693177525,-0.0230908201342712,0.0186063716387608,-0.0119996716753203,2335.555555555555
4214,2341.111111111111,0.26983721210322,0.1433151675309347,0.1242608362599617,0.0760819892452197,0.0750862635862765,0.0550941373703418,0.0480353361270333,0.0412518968492804,0.0402792174240115,0.0322834735979153,0.2691657997982518,0.1732184174186757,0.1595317849488306,0.1381181728987303,0.1190200380456127,0.111582921113827,0.1068969700532468,0.1089027414039297,-0.1013590301903732,0.0,0.0345559802151307,0.0,0.0295286018002417,0.0,9.072176979657726,46.70152040067589,0.6339314109391478,0.0313556111796159,7.65509992095865,48.66982676190486,0.5830176867184254,0.1038181693177525,-0.0304077090571119,0.0069111960430261,0.0053151483240435,2341.111111111111
4224,2346.6666666666665,0.2714455847736504,0.1438196839974236,0.1246280720953291,0.0762703711306213,0.0748407674728751,0.0547950658537968,0.0480932643259295,0.0411590104704567,0.0405781927564665,0.032185994023528,0.2638990150378386,0.1645058571862618,0.155135446815541,0.1341786338563321,0.1169086089071942,0.1103449100928159,0.1059901789230579,0.108607088745024,0.1192224829062753,0.0,0.0242207179107198,0.0,0.0150041650289004,0.0,9.072176979657726,46.70152040067589,0.6339314109391478,0.0313556111796159,7.65509992095865,55.38343403736266,0.5830176867184254,0.1038181693177525,0.0357667448718825,0.0048441435821439,0.002700749705202,2346.6666666666665
4234,2352.222222222222,0.2701498068737967,0.143393515883391,0.1245313765115205,0.0760338748471416,0.075026694765142,0.055356789964915,0.0482634592580034,0.0409252273669995,0.0405209836848884,0.0324180232603535,0.2396874717656462,0.1548946463651021,0.1469373611424173,0.1305684420614859,0.1143543418855915,0.1094811035941617,0.1052763418528816,0.1085391869203343,-0.0565383820504609,0.0,0.1461989984193741,0.0,0.0681688013123497,0.0,9.072176979657726,46.70152040067589,0.6339314109391478,0.0313556111796159,7.65509992095865,55.38343403736266,0.513062990230034,0.1038181693177525,-0.0169615146151382,0.0292397996838748,0.0122703842362229,2352.222222222222
4244,2357.777777777778,0.2696125171358731,0.1433678764510172,0.1243908502405128,0.0760708519037461,0.0750342562029469,0.0554403891941381,0.0485900078085368,0.0406858006990289,0.0404187032000983,0.0323207201773297,0.2427245061496068,0.1593095051242255,0.1517959112475695,0.1358500874656434,0.119365844922973,0.1149850144620904,0.1102019641629167,0.1133859606074209,-0.1091962037335274,0.0,0.2171014331114219,0.0,0.1127196666776996,0.0,9.072176979657726,46.70152040067589,0.6339314109391478,0.0313556111796159,7.65509992095865,55.38343403736266,0.513062990230034,0.1091763098166407,-0.0327588611200582,0.0434202866222843,0.0202895400019859,2357.777777777778
4254,2363.333333333333,0.214643805089607,0.1105907822642267,0.0844278163772829,0.0554554197845101,0.0541216779918988,0.0452549009296014,0.0387923678071993,0.0366770146156968,0.0366402177481757,0.0308540618839542,0.2427646069363203,0.1591041465429303,0.1521991440511997,0.1357923489105132,0.1194859965924189,0.1151437305606737,0.1103136015343036,0.1135505838017854,0.0104371323461787,0.0,-0.0801650697192231,0.0,-0.0715352366919462,0.0,6.449383926241611,46.70152040067589,0.6339314109391478,0.0313556111796159,7.65509992095865,55.38343403736266,0.513062990230034,0.1091763098166407,0.0031311397038536,-0.0160330139438446,-0.0128763426045503,2363.333333333333
4264,2368.8888888888887,0.202016415978064,0.0931417851384411,0.0761577353539068,0.0482141197559688,0.0508452415882048,0.0431203745970375,0.0372080986353445,0.0359050416871856,0.0364015848864206,0.0308706091136971,0.243501129625019,0.1598878163705189,0.1525152439093682,0.1360263565528517,0.1198784675706141,0.1151787464675358,0.1102841946276581,0.1137750058080201,0.0476971452492476,0.0,-0.1554905133140514,0.0,0.0543838859163013,0.0,6.449383926241611,59.16700057990582,0.6339314109391478,0.0313556111796159,7.65509992095865,55.38343403736266,0.513062990230034,0.1091763098166407,0.0143091435747742,-0.0310981026628102,0.0097890994649342,2368.8888888888887
4274,2374.4444444444443,0.189992179618835,0.0887650184628806,0.0726814283899235,0.0466882570814442,0.0497233126765809,0.0430009224163655,0.0366534670739317,0.0356354824935809,0.0361498189295639,0.0304875186055503,0.2434349358127287,0.159944101057461,0.1523688907472127,0.1359913530073176,0.1193466790713904,0.1152522380757323,0.1104672882163892,0.1137694891969362,-0.0353717560897352,0.0,0.0785834660458969,0.0,0.0051887797597033,0.0,6.449383926241611,59.16700057990582,0.5937339600996857,0.0313556111796159,7.65509992095865,55.38343403736266,0.513062990230034,0.1091763098166407,-0.0106115268269205,0.0157166932091793,0.0009339803567465,2374.4444444444443
4284,2380.0,0.2108138856620287,0.1158133308629701,0.1003894481301069,0.0755817504515722,0.0792290726950842,0.0726819212234866,0.0664445956888844,0.0651158348551892,0.0661659006063601,0.0596289861174085,0.2428041359967127,0.159701546037439,0.1524132124632028,0.1359839969534564,0.1195235885730939,0.1150639456299828,0.1101397658100866,0.1138335684150715,0.0126831472380201,0.0,0.0372381976987706,0.0,-0.021899807145336,0.0,6.449383926241611,59.16700057990582,0.5937339600996857,0.0613606284422068,7.65509992095865,55.38343403736266,0.513062990230034,0.1091763098166407,0.003804944171406,0.0074476395397541,-0.0039419652861604,2380.0
4294,2385.555555555555,0.2104180719041871,0.1157894687479745,0.1001910669791128,0.0756675637143342,0.0791839064482231,0.0722199095677681,0.0663245032745839,0.0655081486357801,0.066370446794075,0.0600745006261611,0.2489842320613275,0.1629800406161165,0.1564132607144257,0.1378875842893275,0.1215943092075304,0.1159080585522418,0.111276284784449,0.1140181643843389,-0.0417718720504215,0.0,0.0424889803036064,0.0,-0.0237090036248921,0.0,6.449383926241611,59.16700057990582,0.5937339600996857,0.0613606284422068,8.161333952603156,55.38343403736266,0.513062990230034,0.1091763098166407,-0.0125315616151264,0.0084977960607212,-0.0042676206524805,2385.555555555555
4304,2391.111111111111,0.2106195262573665,0.1160344256518999,0.1002166684398971,0.0754057902310098,0.0793777587107638,0.0722388613636389,0.0665475182248376,0.0659632035159154,0.0661012543715317,0.0599175528862696,0.2536604003007979,0.1686855343768209,0.1596476616019831,0.1405783139493053,0.1230807925967722,0.1169208648130702,0.1117361486196894,0.1140212769907174,-0.0991763636805049,0.0,0.0272828862389715,0.0,-0.1377300890440856,0.0,6.449383926241611,59.16700057990582,0.5937339600996857,0.0613606284422068,8.161333952603156,50.46597739932183,0.513062990230034,0.1091763098166407,-0.0297529091041514,0.0054565772477943,-0.0247914160279354,2391.111111111111
4314,2396.6666666666665,0.2109738705827054,0.1162375890612451,0.1004361311581598,0.0750349630185724,0.0794777730311228,0.0720766646535716,0.0664613855679337,0.066119156663301,0.0661379458638848,0.0599075605667184,0.3029408975058534,0.1901299122571405,0.1773876679077608,0.1481988615587267,0.129034746955869,0.1189343507286608,0.1135039148871107,0.114557656819393,0.0104610187790282,0.0,0.1279286996878978,0.0,-0.0709893305228295,0.0,6.449383926241611,59.16700057990582,0.5937339600996857,0.0613606284422068,8.161333952603156,50.46597739932183,0.6461697710646527,0.1091763098166407,0.0031383056337084,0.0255857399375795,-0.0127780794941093,2396.6666666666665
4324,2402.222222222222,0.2104808373170439,0.1161152373576287,0.0999877721417516,0.0750037340863864,0.0792282102010695,0.0721728728857869,0.0661580022603163,0.0658532723316828,0.0657948427028355,0.0601923184501513,0.2408757917426621,0.1082839131700749,0.0931847519590666,0.0568984232830929,0.0367780397156483,0.0244138322777288,0.018282248978966,0.0180536410683451,-0.0817798279363869,0.0,-0.0402556755483058,0.0,0.0424029910864778,0.0,6.449383926241611,59.16700057990582,0.5937339600996857,0.0613606284422068,8.161333952603156,50.46597739932183,0.6461697710646527,0.0127136842100565,-0.024533948380916,-0.0080511351096611,0.007632538395566,2402.222222222222
4334,2407.777777777778,0.2415506638960643,0.1317861238497204,0.1197747727384133,0.0834910396700009,0.088630591193157,0.076278221866191,0.0700834828267867,0.0671381220133426,0.067231951360799,0.0602361000681659,0.2408852640732555,0.107731859987523,0.0931731010782496,0.057323880318558,0.0365561311602343,0.02443070563944,0.0181450623717034,0.017815750771095,-0.1010170380635653,0.0,-0.0112001765938051,0.0,0.0703947867327737,0.0,8.200933986121193,59.16700057990582,0.5937339600996857,0.0613606284422068,8.161333952603156,50.46597739932183,0.6461697710646527,0.0127136842100565,-0.0303051114190696,-0.002240035318761,0.0126710616118992,2407.777777777778
4344,2413.333333333333,0.2503692456613292,0.1431504555104085,0.1258376505371497,0.0888736394901753,0.0913119470643428,0.0787146526656329,0.0716114044323553,0.0679811772393972,0.0681600458021799,0.0606548313402257,0.2411932868141282,0.1077409051605999,0.0934200458293643,0.0569815544394727,0.0364273413985524,0.0244035828822139,0.0181707160573455,0.0178326203384034,-0.0676952407128499,0.0,-0.1055768853505284,0.0,-0.0818145335303244,0.0,8.200933986121193,51.16217385699176,0.5937339600996857,0.0613606284422068,8.161333952603156,50.46597739932183,0.6461697710646527,0.0127136842100565,-0.0203085722138549,-0.0211153770701056,-0.0147266160354584,2413.333333333333
4354,2418.8888888888887,0.2855600288055611,0.1582046455399365,0.1386900333646672,0.0943640914313439,0.0958594528335968,0.0800883299984984,0.0730207786279676,0.0688277014714777,0.068973730771363,0.0608504583977689,0.2422686488253874,0.1078876867458149,0.0939482645768123,0.0573958194018784,0.0366736077078831,0.0242485203205312,0.0182545835206325,0.0176468927979083,0.0799099887046738,0.0,-0.1226080939754821,0.0,-0.024402826640705,0.0,8.200933986121193,51.16217385699176,0.686422778341764,0.0613606284422068,8.161333952603156,50.46597739932183,0.6461697710646527,0.0127136842100565,0.0239729966114021,-0.0245216187950964,-0.0043925087953269,2418.8888888888887
4364,2424.4444444444443,0.2490990032129593,0.1112092911697151,0.0904147734980916,0.04164711247949,0.04311966110838,0.0259737303591994,0.0184497724593201,0.0137728469039082,0.0134981775130159,0.0057715444689406,0.2410500229814789,0.1076023294586528,0.0937668577823532,0.0575405572874441,0.0369206624481315,0.0246995837450033,0.01810063927226,0.0176489980655202,-0.1425320023134235,0.0,0.0575605788588452,0.0,0.0898305407820804,0.0,8.200933986121193,51.16217385699176,0.686422778341764,0.0059408367132947,8.161333952603156,50.46597739932183,0.6461697710646527,0.0127136842100565,-0.042759600694027,0.011512115771769,0.0161694973407744,2424.4444444444443
4374,2430.0,0.2500561557753982,0.1117568512674046,0.0906071595278971,0.0420531385551356,0.042992182270592,0.0261249298540039,0.0183070845038732,0.0137578109490259,0.0134368039642589,0.0060293082383051,0.2248195163329641,0.098431240031365,0.0821245236457378,0.0516392012419925,0.0305135149811335,0.0223233694787945,0.0154892866186959,0.0171588094767882,0.0439159508938896,0.0,-0.0693856177315426,0.0,-0.0155572431016047,0.0,8.200933986121193,51.16217385699176,0.686422778341764,0.0059408367132947,7.358458929169223,50.46597739932183,0.6461697710646527,0.0127136842100565,0.0131747852681669,-0.0138771235463085,-0.0028003037582888,2430.0
4384,2435.555555555555,0.249931917637367,0.1117718427526994,0.0904766064200602,0.0419417731075679,0.0430829055165786,0.0261036419622809,0.0186715674651206,0.0136299014802363,0.0129654018224951,0.0061717642739957,0.221783595014239,0.0946207081770135,0.0799046882591382,0.0501174943060592,0.0293690629005468,0.0216765823316412,0.0150714847542465,0.0168795170406904,-0.0102966223685282,0.0,-0.0541503696312053,0.0,-0.0331117702970073,0.0,8.200933986121193,51.16217385699176,0.686422778341764,0.0059408367132947,7.358458929169223,52.62145824320065,0.6461697710646527,0.0127136842100565,-0.0030889867105584,-0.010830073926241,-0.0059601186534613,2435.555555555555
4394,2441.111111111111,0.249993858421059,0.111764858240774,0.0902335865287665,0.0418527930063093,0.0428810645153733,0.0261470429304902,0.0185648812214148,0.013629768671278,0.0133016544840756,0.0065351151431709,0.209595440560371,0.0895019527730633,0.0753011591498154,0.0482432589670254,0.0279624905710991,0.0213817411452508,0.0143728750579576,0.0168754747110346,0.0729728755267854,0.0,-0.0661539279876062,0.0,0.1043738558256835,0.0,8.200933986121193,51.16217385699176,0.686422778341764,0.0059408367132947,7.358458929169223,52.62145824320065,0.6101493902536503,0.0127136842100565,0.0218918626580356,-0.0132307855975212,0.018787294048623,2441.111111111111
4404,2446.6666666666665,0.249095793936531,0.1112649706095507,0.0900428475230243,0.0418855633416522,0.0432055891508776,0.0259964663907099,0.0184794217816766,0.0140331827689234,0.0131743541576522,0.0064097020579245,0.2079949125973739,0.0879482278674934,0.0737678789451158,0.0469767644416999,0.026174358785979,0.0197550191642536,0.0123581676543853,0.0154950266451528,0.0760896357433854,0.0,-0.0190231751797084,0.0,0.0170460108845777,0.0,8.200933986121193,51.16217385699176,0.686422778341764,0.0059408367132947,7.358458929169223,52.62145824320065,0.6101493902536503,0.011124164672611,0.0228268907230156,-0.0038046350359416,0.0030682819592239,2446.6666666666665
4414,2452.222222222222,0.2510146092460124,0.1128870749813233,0.0913414017234503,0.0428694089801441,0.0440874520904243,0.0260490578616097,0.0192549358029639,0.0142894059026841,0.0134927143014853,0.0061379013365264,0.2083632923181243,0.0883759087034741,0.0740637857921269,0.0471047722451763,0.0259955682084182,0.0202467176607643,0.0119454579824133,0.0149385688214891,0.0486665935154466,0.0,0.0919067965557518,0.0,0.004419557358867,0.0,8.298330858194065,51.16217385699176,0.686422778341764,0.0059408367132947,7.358458929169223,52.62145824320065,0.6101493902536503,0.011124164672611,0.0145999780546339,0.0183813593111503,0.000795520324596,2452.222222222222
4424,2457.777777777778,0.2640818124817861,0.1295664140493753,0.1007052187292124,0.050801830624545,0.0493950822693887,0.0299805597624666,0.0216786265590499,0.016052366170575,0.0143385017675176,0.0064406739800498,0.2084902993589791,0.0883906040246567,0.0744340921110979,0.0469001688894792,0.0261674142225642,0.020215789654783,0.011916667077973,0.0149679229285092,0.1342081202591579,0.0,-0.1493471854725624,0.0,0.0089511500798838,0.0,8.298330858194065,44.44393770454528,0.686422778341764,0.0059408367132947,7.358458929169223,52.62145824320065,0.6101493902536503,0.011124164672611,0.0402624360777473,-0.0298694370945124,0.001611207014379,2457.777777777778
4434,2463.333333333333,0.2068492960847834,0.1024476451347872,0.0783845696488411,0.0400548643796566,0.0407336620717841,0.0261182096939967,0.0185604194114645,0.0147831155583652,0.013376218740269,0.0058827124441994,0.2091835334105914,0.0889135748592445,0.0743022833999817,0.0474581239444918,0.0261587796024687,0.0202619338454662,0.0115137791872742,0.014833448592321,0.0708677707087199,0.0,0.0047218632503728,0.0,0.0423139906321582,0.0,8.298330858194065,44.44393770454528,0.5391098358673696,0.0059408367132947,7.358458929169223,52.62145824320065,0.6101493902536503,0.011124164672611,0.0212603312126159,0.0009443726500745,0.0076165183137884,2463.333333333333
4444,2468.8888888888887,0.2822592862438105,0.2047744038286999,0.185505518376695,0.1567853792895517,0.1590357925164879,0.148909622057957,0.1419897234520717,0.1393464270250148,0.1385979602874341,0.1315524527540186,0.2083702149334656,0.0885760052854909,0.0743761421401318,0.0474251695082182,0.0265168815840088,0.0201341392620473,0.0113986760000651,0.0148203111736135,-0.1219968797772966,0.0,-0.0336699480832289,0.0,-0.0039341194093633,0.0,8.298330858194065,44.44393770454528,0.5391098358673696,0.131803632712148,7.358458929169223,52.62145824320065,0.6101493902536503,0.011124164672611,-0.0365990639331889,-0.0067339896166457,-0.0007081414936854,2468.8888888888887
4454,2474.4444444444443,0.2823114829555092,0.2051281795026787,0.1852432676635368,0.1568961921234305,0.1591940077023565,0.1491676298596434,0.1423502944373598,0.1392245900989497,0.1388134769851463,0.131228586710427,0.1921866541240051,0.0798014647792472,0.0637825909067441,0.0430071675372195,0.021578240835696,0.0179183288900874,0.0092484637883097,0.0141760382173535,0.0683092447108727,0.0,0.0037869184072842,0.0,-0.0817330455743691,0.0,8.298330858194065,44.44393770454528,0.5391098358673696,0.131803632712148,6.593526323219059,52.62145824320065,0.6101493902536503,0.011124164672611,0.0204927734132618,0.0007573836814568,-0.0147119482033864,2474.4444444444443
4464,2480.0,0.2822631040331248,0.2050445835942196,0.1854046795374989,0.1569780500445462,0.1597415189508812,0.1493755464756816,0.1423446622473328,0.1390659753890192,0.1388394910993321,0.1311991115086662,0.1963801717857212,0.0851079393685551,0.0661414178481597,0.0451112313373019,0.0228637659442534,0.0190721440167598,0.0094046840002978,0.0144540637558831,-0.049520486523339,0.0,-0.0525955187271648,0.0,-0.1187667659336365,0.0,8.298330858194065,44.44393770454528,0.5391098358673696,0.131803632712148,6.593526323219059,49.08581504012943,0.6101493902536503,0.011124164672611,-0.0148561459570017,-0.0105191037454329,-0.0213780178680545,2480.0
4474,2485.555555555555,0.28317052141566,0.2052228706586073,0.1856217721165069,0.1568725062659715,0.1598060486117397,0.1497644033688237,0.1423381794097284,0.1388114013380531,0.1387047176388635,0.1310761213329319,0.2096111593595646,0.0903220371462925,0.0703845388080513,0.0470127424622202,0.024002382828941,0.0200407962688427,0.0093857879656481,0.0148653133417612,0.1247817211052149,0.0,0.0118526451007894,0.0,-0.0275422354443626,0.0,8.298330858194065,44.44393770454528,0.5391098358673696,0.131803632712148,6.593526323219059,49.08581504012943,0.6500573764478406,0.011124164672611,0.0374345163315644,0.0023705290201578,-0.0049576023799852,2485.555555555555
4484,2491.111111111111,0.2826254893699684,0.2046182130738885,0.1857906383550442,0.1566928680960998,0.1593748640030625,0.1493462116730098,0.1422938184544953,0.1388992873882025,0.1381633911072953,0.1307469929233653,0.2741429840255092,0.172408405104413,0.1561487050227452,0.1380391085496292,0.115718500876262,0.1133474641595095,0.1035477516346603,0.1096090945161832,0.0966818781507953,0.0,-0.0414392186187072,0.0,-0.0136393687422584,0.0,8.298330858194065,44.44393770454528,0.5391098358673696,0.131803632712148,6.593526323219059,49.08581504012943,0.6500573764478406,0.1060973079036891,0.0290045634452386,-0.0082878437237414,-0.0024550863736065,2491.111111111111
4494,2496.6666666666665,0.2803990246341162,0.2037232871228029,0.1844979252867531,0.1558420295663915,0.158653943363009,0.1489820861529593,0.1416350551219146,0.1385774996833276,0.1383544548187009,0.130352561064197,0.2736871246547045,0.1728023835646756,0.1560899062534346,0.1383712285583697,0.1158092213317353,0.1136350475385181,0.1037102119651297,0.1097121793152238,0.0447951497256097,0.0,0.1935532278943255,0.0,0.0333021416804278,0.0,8.171068818948156,44.44393770454528,0.5391098358673696,0.131803632712148,6.593526323219059,49.08581504012943,0.6500573764478406,0.1060973079036891,0.0134385449176829,0.0387106455788651,0.005994385502477,2496.6666666666665
4504,2502.222222222222,0.2673107212448367,0.1881028085602373,0.175787030779204,0.1485327117558632,0.1537910588648499,0.1454022556542778,0.1396277869964473,0.1371523936108034,0.1374719042838138,0.1299787819388332,0.2722038762635215,0.1721823654719976,0.1555173654127882,0.1377218582137958,0.1154440740639716,0.1137117818996512,0.1036110522715415,0.1097863900947565,-0.1158010955997364,0.0,-0.02619588198798,0.0,0.1063698464369085,0.0,8.171068818948156,56.14091493852781,0.5391098358673696,0.131803632712148,6.593526323219059,49.08581504012943,0.6500573764478406,0.1060973079036891,-0.0347403286799209,-0.005239176397596,0.0191465723586435,2502.222222222222
4514,2507.777777777778,0.2879410651167661,0.1963633640100671,0.1828395766016874,0.1513112498049247,0.1562488984766081,0.1463479939244829,0.1407262214945283,0.1369888307174306,0.1379562088790115,0.1300448808146499,0.2735301624669098,0.1727895032704388,0.1563162117148084,0.1378336889699099,0.1155499376195855,0.1136495905095842,0.1038027390860043,0.1096277494307411,0.0660519641892272,0.0,-0.0093715310662341,0.0,-0.1352428782060063,0.0,8.171068818948156,56.14091493852781,0.593163234840799,0.131803632712148,6.593526323219059,49.08581504012943,0.6500573764478406,0.1060973079036891,0.0198155892567681,-0.0018743062132468,-0.0243437180770811,2507.777777777778
4524,2513.333333333333,0.2628911075891182,0.1631012135617643,0.1484342496847361,0.1144121470297203,0.119449541288993,0.1084249852336168,0.1025532408773032,0.0983753823438369,0.0995556265153254,0.091563348626098,0.2729589804869657,0.1725893665416772,0.1560791781283012,0.1380233637619706,0.1156363559410298,0.1134877278064978,0.1039531171079246,0.1097958157544961,0.0783035416088843,0.0,-0.2044652029359087,0.0,-0.0502131615381469,0.0,8.171068818948156,56.14091493852781,0.593163234840799,0.0930578150609146,6.593526323219059,49.08581504012943,0.6500573764478406,0.1060973079036891,0.0234910624826653,-0.0408930405871817,-0.0090383690768664,2513.333333333333
4534,2518.8888888888887,0.263592963672522,0.1636130631787222,0.1491388863491951,0.1143255392581185,0.1193273549832767,0.1083326998876847,0.1023533614654566,0.0988453404402325,0.0995850165827028,0.0915604751945079,0.3094431680690392,0.192877767814721,0.1806461637518048,0.1502237257314831,0.1281938234202478,0.1183685663190643,0.1090664802944601,0.1114618490255296,0.0513487777292498,0.0,0.0362417679749311,0.0,0.152724019180703,0.0,8.171068818948156,56.14091493852781,0.593163234840799,0.0930578150609146,8.456749922156808,49.08581504012943,0.6500573764478406,0.1060973079036891,0.0154046333187749,0.0072483535949862,0.0274903234525265,2518.8888888888887
4544,2524.4444444444443,0.2621856070876554,0.1629587810456324,0.1488707815752268,0.1145071868304298,0.1193985833677791,0.1082144917455666,0.102213725221229,0.0991628287645099,0.0996302967397891,0.0915238590360057,0.3024415038656997,0.1847705986420879,0.1760366103544546,0.1466403337101287,0.1260021530132604,0.1170409280850602,0.1080376617051195,0.1109561254183851,-0.0424686388607886,0.0,0.0362957408833657,0.0,0.1463937538784937,0.0,8.171068818948156,56.14091493852781,0.593163234840799,0.0930578150609146,8.456749922156808,53.56183272025926,0.6500573764478406,0.1060973079036891,-0.0127405916582365,0.0072591481766731,0.0263508756981288,2524.4444444444443
4554,2530.0,0.262714845962167,0.1628328722731059,0.1492868831029785,0.1145887763026923,0.1195870462875303,0.1082667605820679,0.1018984188663243,0.0994718751667856,0.0997115108999013,0.0917873478099944,0.2950051948060243,0.1816171481482364,0.1733043288150273,0.1450294500437206,0.1250310778478435,0.1163261637944664,0.1076015988239707,0.111228750500388,-0.0044403051536994,0.0,-0.0595889808576687,0.0,0.1041108824069786,0.0,8.171068818948156,56.14091493852781,0.593163234840799,0.0930578150609146,8.456749922156808,53.56183272025926,0.6283656733414756,0.1060973079036891,-0.0013320915461098,-0.0119177961715337,0.0187399588332561,2530.0
4564,2535.555555555555,0.2637454170287012,0.1635425888352464,0.1495706388472133,0.1148920457245222,0.1195723367713635,0.1082301718720056,0.1020516506180714,0.0990689539682978,0.0995720622394533,0.0918228733492963,0.2675394290589751,0.1443044045839135,0.1344133840976129,0.1023872075440991,0.0821462164856841,0.0717573793947757,0.063386609711006,0.0660275953773603,0.0984804078602086,0.0,-0.0148616398461534,0.0,-0.1037416847459235,0.0,8.171068818948156,56.14091493852781,0.593163234840799,0.0930578150609146,8.456749922156808,53.56183272025926,0.6283656733414756,0.0609193085605674,0.0295441223580626,-0.0029723279692306,-0.0186735032542662,2535.555555555555
4574,2541.111111111111,0.2634159042877888,0.1636755564288218,0.1501421430225055,0.1148935240921301,0.1197113664996122,0.10760684909871,0.1017442624524151,0.0989686700247493,0.0992435110134577,0.0918793216071044,0.2669514323531171,0.1441014151467761,0.134934308442389,0.1023836102512787,0.0824425947507518,0.0717846281732355,0.0632336387338641,0.066001533780665,0.0072289013713159,0.0,0.0480957821846842,0.0,-0.1628727720730466,0.0,8.18663506589876,56.14091493852781,0.593163234840799,0.0930578150609146,8.456749922156808,53.56183272025926,0.6283656733414756,0.0609193085605674,0.0021686704113947,0.0096191564369368,-0.0293170989731483,2541.111111111111
4584,2546.6666666666665,0.2727137349861859,0.1763605722089858,0.1568374168241633,0.1207225181794477,0.1229614219210016,0.1099286437469037,0.1031930711024654,0.1003010122062263,0.1000284716096334,0.0920545138611391,0.2670620531230559,0.1439032780788758,0.1346440698425851,0.1024197778135569,0.0824298689504529,0.0716242991087843,0.0630923328738703,0.0659514654314087,0.0759191884961363,0.0,0.0312653655340495,0.0,0.0479878824552085,0.0,8.18663506589876,47.92165327952674,0.593163234840799,0.0930578150609146,8.456749922156808,53.56183272025926,0.6283656733414756,0.0609193085605674,0.0227757565488409,0.0062530731068099,0.0086378188419375,2546.6666666666665
4594,2552.222222222222,0.291520602211025,0.1848740977829883,0.1644794994531351,0.1235643576327576,0.1255422856787317,0.1111266581757676,0.1042970955900026,0.1002679378551082,0.1003354891378635,0.0921215009524213,0.2651850486820745,0.1434035633007098,0.1340350079367215,0.1020621703117412,0.0824168176808196,0.0713609124825232,0.0630097757337689,0.0663433397553206,-0.1190171395270861,0.0,0.0795717875175889,0.0,-0.0547112267956474,0.0,8.18663506589876,47.92165327952674,0.6488584510594297,0.0930578150609146,8.456749922156808,53.56183272025926,0.6283656733414756,0.0609193085605674,-0.0357051418581258,0.0159143575035177,-0.0098480208232165,2552.222222222222
4604,2557.777777777778,0.2699173663100654,0.1554585001090914,0.1338372370576988,0.0900897406569158,0.0915612411260964,0.0760206151707903,0.0686636736701851,0.0647542664805043,0.0646712872443996,0.055990280098906,0.2659879283056389,0.1434796428801613,0.1342818509756423,0.1022796662047771,0.0827765449034865,0.0711846541057591,0.0628799922396606,0.0666947010611852,-0.0690665598178382,0.0,0.1335788951273167,0.0,0.0141079413025487,0.0,8.18663506589876,47.92165327952674,0.6488584510594297,0.0570645234171375,8.456749922156808,53.56183272025926,0.6283656733414756,0.0609193085605674,-0.0207199679453514,0.0267157790254633,0.0025394294344587,2557.777777777778
4614,2563.333333333333,0.2713553484370975,0.1558133268239543,0.1340654562412561,0.0907138062579994,0.0914756749127656,0.0763743879634067,0.0689135969213248,0.0649116447686229,0.0647386101399443,0.0559670298178505,0.247758372257845,0.1337118685097065,0.1209129490305713,0.0958804688357185,0.0758150852338507,0.0683308339068796,0.0601982931162798,0.0657218473136295,0.249451340225236,0.0,0.1318231061300566,0.0,-0.0048678532974124,0.0,8.18663506589876,47.92165327952674,0.6488584510594297,0.0570645234171375,7.399863462958335,53.56183272025926,0.6283656733414756,0.0609193085605674,0.0748354020675707,0.0263646212260113,-0.0008762135935342,2563.333333333333
4624,2568.8888888888887,0.270683497526674,0.1558132324486339,0.1343688197672517,0.0907951320442252,0.091213572665285,0.0761637486951536,0.0691277776736513,0.0648197788411721,0.0643501872407472,0.0557159371513133,0.2459943705799161,0.1314390249070748,0.1195940223132662,0.0950890415923202,0.0753048933206092,0.0678859001198571,0.0602463746427591,0.0659708499258566,0.055998783607925,0.0,-0.0763504066843179,0.0,0.0632809100321469,0.0,8.18663506589876,47.92165327952674,0.6488584510594297,0.0570645234171375,7.399863462958335,55.10914179995703,0.6283656733414756,0.0609193085605674,0.0167996350823775,-0.0152700813368635,0.0113905638057864,2568.8888888888887
4634,2574.4444444444443,0.269883677912422,0.1554005227788039,0.1337232806015616,0.0902427964413847,0.0908559978701692,0.0763217704313808,0.0689057142569445,0.0652479874839076,0.0644375839964332,0.0554367304571939,0.2359647170322388,0.127443332090174,0.1163822135594192,0.0936023363043657,0.0740085852143574,0.0671448345656452,0.0599206201050752,0.0659898324587578,0.1008014431234672,0.0,-0.0459691481720137,0.0,0.0998986816551654,0.0,8.18663506589876,47.92165327952674,0.6488584510594297,0.0570645234171375,7.399863462958335,55.10914179995703,0.6007311596945369,0.0609193085605674,0.0302404329370401,-0.0091938296344027,0.0179817626979297,2574.4444444444443
4644,2580.0,0.2698054272065807,0.1550022828115738,0.1339804119002667,0.0907657235465455,0.0909736365354987,0.076262086514227,0.0687696015224346,0.0653663438021943,0.0645681963201924,0.0557858849369612,0.2288096698084491,0.1183450027557736,0.1074105271682567,0.0836652014030011,0.0643926014266934,0.057018895572843,0.0500653883385759,0.0557180312434156,0.026813514524975,0.0,-0.1164166832883529,0.0,0.011910760981745,0.0,8.18663506589876,47.92165327952674,0.6488584510594297,0.0570645234171375,7.399863462958335,55.10914179995703,0.6007311596945369,0.0507048856022945,0.0080440543574925,-0.0232833366576705,0.0021439369767141,2580.0
4654,2585.555555555555,0.2880981875871717,0.1655911729098549,0.1472353074749435,0.0980173381791565,0.0981541199747831,0.079727222471141,0.0722056883887565,0.0672358882890821,0.0664630394692358,0.056360542392414,0.2303037711803386,0.1191405002274822,0.1074693853264473,0.0837318012844702,0.0646867553218826,0.0567618022004375,0.0496357364315815,0.0559546110291803,0.2434537457100711,0.0,0.0619441536134197,0.0,0.0944099664647676,0.0,9.045820604382154,47.92165327952674,0.6488584510594297,0.0570645234171375,7.399863462958335,55.10914179995703,0.6007311596945369,0.0507048856022945,0.0730361237130213,0.0123888307226839,0.0169937939636581,2585.555555555555
4664,2591.111111111111,0.2872006915027554,0.1659412932842542,0.1469262832396747,0.0981361196416163,0.0987956621919235,0.0798285581114094,0.0718345170428072,0.0674120197021136,0.0661865451384331,0.0565253005787247,0.2287585279424119,0.1186219315195551,0.1072771322190815,0.083646523528744,0.0645986190556552,0.0568340166979295,0.0494997925926454,0.0561355278780814,0.0138572379710238,0.0,-0.0022075577330564,0.0,0.0020777356874573,0.0,9.045820604382154,47.619251882658055,0.6488584510594297,0.0570645234171375,7.399863462958335,55.10914179995703,0.6007311596945369,0.0507048856022945,0.0041571713913071,-0.0004415115466112,0.0003739924237423,2591.111111111111
4674,2596.6666666666665,0.2952141478342817,0.1696739311466922,0.1498490218444872,0.099468479893857,0.0999583150300405,0.0804844593346009,0.072033055249609,0.0676997096029298,0.0668012828155826,0.0565630515613805,0.2287703151152176,0.1186605840174115,0.1073799915955939,0.0835649962784147,0.0649134800201972,0.0570158701412609,0.0496396603404463,0.0562992023506565,0.0830173493355087,0.0,0.0261651190137383,0.0,0.1211704924750799,0.0,9.045820604382154,47.619251882658055,0.6689458201348977,0.0570645234171375,7.399863462958335,55.10914179995703,0.6007311596945369,0.0507048856022945,0.0249052048006526,0.0052330238027476,0.0218106886455143,2596.6666666666665
4684,2602.222222222222,0.3312149020396612,0.2186345492684771,0.2004919880347928,0.1555455396102996,0.1570292974355064,0.1393073985978764,0.1309961324696145,0.1281528807787838,0.1272190433111443,0.1172935724824395,0.2283216985324714,0.1181635971100069,0.1074084859492627,0.0836383987140098,0.0648115777737515,0.0568196490001089,0.050055053389859,0.0561260051160317,-0.0695599619782948,0.0,0.0651681471967321,0.0,0.1488539326069216,0.0,9.045820604382154,47.619251882658055,0.6689458201348977,0.1177860604048068,7.399863462958335,55.10914179995703,0.6007311596945369,0.0507048856022945,-0.0208679885934884,0.0130336294393464,0.0267937078692459,2602.222222222222
4694,2607.777777777778,0.3307605139260268,0.2186630954540463,0.2010186393361968,0.1554690993205006,0.157025682195662,0.1395136179146349,0.130655760912238,0.1284993792018116,0.1266502576571413,0.117329130961884,0.2268724616325757,0.1178228287983999,0.1064462660801361,0.0836685192824669,0.0643047402848236,0.0567414158244337,0.0502439589411735,0.0563244502478198,-0.0111627928752157,0.0,-0.0788303257436753,0.0,0.0679786618957887,0.0,9.045820604382154,47.619251882658055,0.6689458201348977,0.1177860604048068,7.341866471312744,55.10914179995703,0.6007311596945369,0.0507048856022945,-0.0033488378625647,-0.015766065148735,0.0122361591412419,2607.777777777778
4704,2613.333333333333,0.3308518218739132,0.2190174269846755,0.2013477943265154,0.1552883760929939,0.1571544651913895,0.1397234699337064,0.1308915880988074,0.1288043723869747,0.1264935918119715,0.1168162557505845,0.2280965373854664,0.119144762017104,0.1073607921207799,0.0842938767067806,0.0646614095260117,0.056916131913988,0.0504376606559142,0.0563477760942421,-0.0276040144805259,0.0,-0.0030946149676619,0.0,0.0436878615938694,0.0,9.045820604382154,47.619251882658055,0.6689458201348977,0.1177860604048068,7.341866471312744,54.25781879459656,0.6007311596945369,0.0507048856022945,-0.0082812043441577,-0.0006189229935323,0.0078638150868964,2613.333333333333
4714,2618.8888888888887,0.3316958379469819,0.2190051663841331,0.2019512237841219,0.1553561847415795,0.1574917709283549,0.139700448537026,0.1307897670955885,0.1287903168317404,0.1261301624974996,0.1169187720228481,0.1976497102241713,0.1066590906370561,0.0975837426113593,0.0803673757777921,0.0618526621495554,0.0559659595375206,0.0496135147669388,0.0559738219007152,0.0092611227329619,0.0,-0.0839611410543216,0.0,-0.0087028740725723,0.0,9.045820604382154,47.619251882658055,0.6689458201348977,0.1177860604048068,7.341866471312744,54.25781879459656,0.5068779400501676,0.0507048856022945,0.0027783368198885,-0.0167922282108643,-0.001566517333063,2618.8888888888887
4724,2624.4444444444443,0.3312876718262829,0.2186595389760475,0.2017243722888359,0.1551769307458954,0.1572981982430004,0.1392452402008581,0.1307658495248593,0.1284857798198162,0.1260556966091109,0.1168961320955171,0.2025407668948984,0.1134913190758014,0.1040638468115568,0.0875359896934819,0.0696432879937851,0.0637137982141941,0.0573121574963643,0.0637664486496796,0.0180603202418655,0.0,-0.1073648236600797,0.0,0.1146671966974226,0.0,9.045820604382154,47.619251882658055,0.6689458201348977,0.1177860604048068,7.341866471312744,54.25781879459656,0.5068779400501676,0.0584697605822755,0.0054180960725596,-0.0214729647320159,0.020640095405536,2624.4444444444443
4734,2630.0,0.3319929810094489,0.219918761358814,0.2030264719403735,0.1558832894961967,0.1582940771394278,0.1400863635252951,0.1314489461857414,0.128521902752691,0.1265630417883649,0.1167054390140069,0.2017448016228883,0.1132713135984025,0.1039838703707285,0.0878678259740155,0.0694711573301247,0.0633938789735773,0.0573666417063626,0.0638019793835454,-0.2177035344899852,0.0,0.0886830646143496,0.0,-0.0283156928089927,0.0,9.153067795827436,47.619251882658055,0.6689458201348977,0.1177860604048068,7.341866471312744,54.25781879459656,0.5068779400501676,0.0584697605822755,-0.0653110603469955,0.0177366129228699,-0.0050968247056186,2630.0
4744,2635.555555555555,0.3265613717061199,0.2117553588203672,0.1983276643236591,0.1516889883858478,0.1555530023338245,0.1379070147298738,0.1300907857059851,0.1276873394579097,0.1260562390171903,0.1163831367138588,0.2019995744878332,0.1131598194692761,0.1033830928778051,0.0875226258654263,0.069251645547118,0.063333211755258,0.0576796234486575,0.0640104964601175,-0.1729530571253114,0.0,-0.0261874546748501,0.0,-0.0475825665912496,0.0,9.153067795827436,51.59078715036719,0.6689458201348977,0.1177860604048068,7.341866471312744,54.25781879459656,0.5068779400501676,0.0584697605822755,-0.0518859171375934,-0.00523749093497,-0.0085648619864249,2635.555555555555
4754,2641.111111111111,0.3034351130815432,0.2012878864120084,0.1888890411228209,0.1476823997540187,0.1518002192658432,0.1360818455697882,0.12844829601296,0.1268215006491092,0.1256288483667788,0.1160770701057689,0.20194578421853,0.1131420551228506,0.1034943622645712,0.0875163571690467,0.0691014977534937,0.0633397246984312,0.0576725638148477,0.0642233139466513,-0.0990217209128779,0.0,0.1668954656698484,0.0,0.0571827000739643,0.0,9.153067795827436,51.59078715036719,0.6115651652446795,0.1177860604048068,7.341866471312744,54.25781879459656,0.5068779400501676,0.0584697605822755,-0.0297065162738633,0.0333790931339696,0.0102928860133135,2641.111111111111
4764,2646.6666666666665,0.2932460067844693,0.1868199115435854,0.1735590017180263,0.1308142658445107,0.1348042374540846,0.1184531545037922,0.1104444972923398,0.1085672367985185,0.1077650368568841,0.0978216533503732,0.2027190051390329,0.1131096504199514,0.1027934995183229,0.0872596723356882,0.0690403931629478,0.0635918267604482,0.057755366331568,0.0644214025274077,0.1055233811718707,0.0,0.0544483397752107,0.0,0.0426481017031496,0.0,9.153067795827436,51.59078715036719,0.6115651652446795,0.0997108328330321,7.341866471312744,54.25781879459656,0.5068779400501676,0.0584697605822755,0.0316570143515612,0.0108896679550421,0.0076766583065669,2646.6666666666665
4774,2652.222222222222,0.2934092923120783,0.1866089708822449,0.1735525369092214,0.1312322470226322,0.1346404354455546,0.1183886957192509,0.1102344198889432,0.1081933415041931,0.1079403434389051,0.0980186144289783,0.2127251814489728,0.1187144639499192,0.1096465722007909,0.0906774260501813,0.0725876564235611,0.0647230021543564,0.0592297964427691,0.0648350952938116,0.0175843733649511,0.0,-0.1016842868750345,0.0,0.1027612632950161,0.0,9.153067795827436,51.59078715036719,0.6115651652446795,0.0997108328330321,8.033014895922769,54.25781879459656,0.5068779400501676,0.0584697605822755,0.0052753120094853,-0.0203368573750069,0.0184970273931029,2652.222222222222
4784,2657.777777777778,0.2935357770092511,0.1866987230886298,0.1737290993146219,0.1313465598126504,0.1342048286622423,0.1182975904361173,0.1101172121839266,0.1081370822975643,0.1078810514366389,0.0978564214518126,0.2155713345059116,0.1223339937072799,0.1113138729665819,0.0922669823837086,0.0736429106001657,0.0651274065120422,0.059894630135248,0.0649461871770235,0.0218585633793947,0.0,0.0622388674595939,0.0,-0.0615617922632612,0.0,9.153067795827436,51.59078715036719,0.6115651652446795,0.0997108328330321,8.033014895922769,51.67196502094249,0.5068779400501676,0.0584697605822755,0.0065575690138184,0.0124477734919187,-0.011081122607387,2657.777777777778
4794,2663.333333333333,0.2943804974429941,0.1869619181028289,0.1735959715080464,0.1315522583615942,0.1342723123363096,0.1182930100631023,0.1106355390104528,0.1080143919415577,0.1078273378629055,0.0980575106217486,0.2429688679573216,0.1344295259067202,0.1212815562731082,0.0965866157248967,0.077723868598877,0.0665667715005017,0.0610861406600446,0.0653653412791873,-0.0492064501370611,0.0,0.0446351767884688,0.0,-0.0291643224079734,0.0,9.153067795827436,51.59078715036719,0.6115651652446795,0.0997108328330321,8.033014895922769,51.67196502094249,0.5841258621019859,0.0584697605822755,-0.0147619350411183,0.0089270353576937,-0.0052495780334352,2663.333333333333
4804,2668.8888888888887,0.2934679446594689,0.1864674942976167,0.1731783650600553,0.13135203610012,0.1341912406376265,0.1182481796226201,0.1107154944966729,0.1076588411734423,0.1078284842779681,0.0982029756380328,0.2223943492241895,0.1078088314324031,0.0939846848473233,0.0669642956639143,0.0487111200144069,0.0361018428191031,0.0309123974136128,0.0350130666361618,-0.0588907981760178,0.0,0.0524139571422681,0.0,0.0474320232499259,0.0,9.153067795827436,51.59078715036719,0.6115651652446795,0.0997108328330321,8.033014895922769,51.67196502094249,0.5841258621019859,0.0275225532280194,-0.0176672394528053,0.0104827914284536,0.0085377641849866,2668.8888888888887
4814,2674.4444444444443,0.2630500228643933,0.1689315845092217,0.1507266476278491,0.1202022525114521,0.1220943035959608,0.1126628406736423,0.1050344262924825,0.1054583591916362,0.1052781066313231,0.0976307499409207,0.2225888205300797,0.1073016000712178,0.0938795446147223,0.0668282401800135,0.048732269053738,0.0359328265100625,0.0309556344989265,0.0347523504689159,0.0331959960245583,0.0,-0.1924468774375338,0.0,-0.0698288474849023,0.0,7.336454512434773,51.59078715036719,0.6115651652446795,0.0997108328330321,8.033014895922769,51.67196502094249,0.5841258621019859,0.0275225532280194,0.0099587988073675,-0.0384893754875067,-0.0125691925472824,2674.4444444444443
4824,2680.0,0.2695345169649829,0.1777972109772304,0.155606560088711,0.1243354837083681,0.1243795463877329,0.1140692930723159,0.1060604339875942,0.1060524781295668,0.1056594353954712,0.0976500317775364,0.2225141454204653,0.1073747568964212,0.0942662142883094,0.0665920121165531,0.048621850640775,0.0360058533435214,0.0307924814073073,0.0347868819572189,-0.0684785541203057,0.0,0.0619043339844578,0.0,0.009263835924067,0.0,7.336454512434773,45.8584435406906,0.6115651652446795,0.0997108328330321,8.033014895922769,51.67196502094249,0.5841258621019859,0.0275225532280194,-0.0205435662360917,0.0123808667968915,0.001667490466332,2680.0
4834,2685.555555555555,0.2610973603719535,0.1736746056002688,0.15262168393234,0.1232472358416282,0.1234910720605342,0.1134981435477479,0.1057738254166274,0.1060102921145739,0.1058308016127737,0.0972896247280167,0.2227537851983056,0.1076706502937464,0.0941764826973126,0.0667856184243819,0.0490251260314853,0.0358482079081403,0.0308834566645656,0.0349079194829861,0.0315320733441819,0.0,-0.0716537414518233,0.0,0.110004230338272,0.0,7.336454512434773,45.8584435406906,0.5861489849280462,0.0997108328330321,8.033014895922769,51.67196502094249,0.5841258621019859,0.0275225532280194,0.0094596220032545,-0.0143307482903646,0.0198007614608889,2685.555555555555
4844,2691.111111111111,0.2942583073182663,0.2167407170050916,0.1967835168910709,0.170300183311924,0.171223011523437,0.1630146778387811,0.1552360969861517,0.1557677333698003,0.1552727677272618,0.1469395238763544,0.2229392949245155,0.1081878026699833,0.0944959487193644,0.0668393163771094,0.049121610322848,0.0361851409720724,0.030983533143901,0.0342953648233442,0.0669242886829013,0.0,0.0966747794642065,0.0,-0.1653972631906177,0.0,7.336454512434773,45.8584435406906,0.5861489849280462,0.1498588133219723,8.033014895922769,51.67196502094249,0.5841258621019859,0.0275225532280194,0.0200772866048704,0.0193349558928413,-0.0297715073743111,2691.111111111111
4854,2696.6666666666665,0.2941217049634154,0.2161663404502116,0.1969855188675936,0.1705589831224461,0.1707734944874674,0.1625419342004355,0.1551487408886699,0.1558042847363022,0.1551421570179712,0.1469355249290302,0.203604370404991,0.0981236654186177,0.081695749340977,0.0611912640224463,0.0427392196322761,0.0340123248907412,0.0286894719919452,0.0338548936468007,0.0028895643271145,0.0,-0.0052130335580592,0.0,-0.1984744838844382,0.0,7.336454512434773,45.8584435406906,0.5861489849280462,0.1498588133219723,7.057655825636014,51.67196502094249,0.5841258621019859,0.0275225532280194,0.0008668692981343,-0.0010426067116118,-0.0357254070991988,2696.6666666666665
4864,2702.222222222222,0.2947009574813942,0.2164214107388724,0.1975043986589772,0.1708224194920906,0.1712728313536083,0.1623464804117647,0.1544675720231866,0.1556408794752686,0.1552035902285418,0.1468425499124331,0.207364786517332,0.1020901223218352,0.0836969015234773,0.0630367729087782,0.0434500513064849,0.0347031705854585,0.0290827664860952,0.0341637721131164,0.0887119582297323,0.0,0.0336032188673561,0.0,-0.0296232900469609,0.0,7.336454512434773,45.8584435406906,0.5861489849280462,0.1498588133219723,7.057655825636014,48.94758563638537,0.5841258621019859,0.0275225532280194,0.0266135874689197,0.0067206437734712,-0.0053321922084529,2702.222222222222
4874,2707.777777777778,0.2947954499994116,0.2162179387509823,0.1974255915831958,0.1707644522337899,0.1711694892051842,0.1624422042543684,0.1543976343751887,0.1555178630064641,0.1549803366633884,0.1466520118698821,0.2040027436212153,0.1003916857758882,0.0828228578854775,0.0619881227223636,0.0429347427088967,0.0344512867981269,0.0287961779849287,0.0337563696393456,-0.0371617607687263,0.0,-0.0358484817329611,0.0,-0.0407758570389085,0.0,7.336454512434773,45.8584435406906,0.5861489849280462,0.1498588133219723,7.057655825636014,48.94758563638537,0.5743255127652905,0.0275225532280194,-0.0111485282306179,-0.0071696963465922,-0.0073396542670035,2707.777777777778
4884,2713.333333333333,0.294827582914212,0.216466521752318,0.1976907144243736,0.1708845734613136,0.1714530513386439,0.162939200956646,0.1544220427729607,0.1555167240211418,0.1548872948074918,0.1465862844477233,0.2439662813433718,0.1514988202284378,0.1359309764290948,0.1187116235002578,0.1005960426304624,0.0934113489337941,0.0879152069058071,0.0932506003386254,0.0275257816320763,0.0,-0.0617154857092184,0.0,0.0428117691570156,0.0,7.336454512434773,45.8584435406906,0.5861489849280462,0.1498588133219723,7.057655825636014,48.94758563638537,0.5743255127652905,0.0872141609287306,0.0082577344896228,-0.0123430971418436,0.0077061184482628,2713.333333333333
4894,2718.8888888888887,0.3272208339590943,0.2361182932371565,0.2216450462473501,0.1835695462920511,0.185171970514887,0.1700505085844426,0.1610590145807438,0.1587816026601105,0.1578793987159459,0.1476600197078406,0.2447786700701296,0.1522766322383811,0.135881423901354,0.1187078256276635,0.1005408896630603,0.0934513252982311,0.0878453024250137,0.093187353017915,0.2018149770436294,0.0,0.0476449558136453,0.0,0.1195725837788797,0.0,9.4332754543226,45.8584435406906,0.5861489849280462,0.1498588133219723,7.057655825636014,48.94758563638537,0.5743255127652905,0.0872141609287306,0.0605444931130888,0.009528991162729,0.0215230650801983,2718.8888888888887
4904,2724.4444444444443,0.3137553825883407,0.2178738786819685,0.2110035977010209,0.1740655914462816,0.1787728052848185,0.165680464534619,0.1577669139878008,0.1569048421622985,0.156698239933275,0.1473967725426144,0.2445380211219465,0.1519562061876256,0.136110071433649,0.1185849456076166,0.1004795582241295,0.0932960061706483,0.0875659827408586,0.0933030862736066,0.0828465786161988,0.0,0.0546203311760266,0.0,-0.0527313212168279,0.0,9.4332754543226,57.78145787437038,0.5861489849280462,0.1498588133219723,7.057655825636014,48.94758563638537,0.5743255127652905,0.0872141609287306,0.0248539735848596,0.0109240662352053,-0.009491637819029,2724.4444444444443
4914,2730.0,0.3081575686719234,0.2156218564392839,0.209074184811298,0.1731599913122973,0.1778037998508623,0.1658450114964704,0.1571687402079001,0.1567211272934992,0.156719384433039,0.1474116961745733,0.2432627157311147,0.15160201835817,0.1356469091446593,0.1183030412703781,0.1004566400888552,0.0930867889098336,0.0872188482253469,0.0927804993590498,-0.0913755627913585,0.0,-0.0236502718248389,0.0,0.0338354876809596,0.0,9.4332754543226,57.78145787437038,0.5754277491409066,0.1498588133219723,7.057655825636014,48.94758563638537,0.5743255127652905,0.0872141609287306,-0.0274126688374075,-0.0047300543649677,0.0060903877825727,2730.0
4924,2735.555555555555,0.2428101113075364,0.1238978566469648,0.1163172501041881,0.070358895048586,0.0746345311229001,0.0582112356739267,0.0495618464157343,0.0471549048903355,0.0478818635631497,0.0376558974148224,0.2446042437951379,0.1521950804651626,0.1360220407870906,0.1186049822643856,0.1006043076080138,0.0932395361906953,0.0876873955741345,0.0928426150096948,0.1356267151654973,0.0,0.0070770432750965,0.0,-0.0676255231060738,0.0,9.4332754543226,57.78145787437038,0.5754277491409066,0.0400351713062899,7.057655825636014,48.94758563638537,0.5743255127652905,0.0872141609287306,0.0406880145496491,0.0014154086550193,-0.0121725941590932,2735.555555555555
4934,2741.111111111111,0.2409907654795453,0.1232884646727741,0.1158681993593584,0.0697928413067734,0.074611226570184,0.0581596152918136,0.0494422931857631,0.046910386510531,0.0485876541144872,0.0377590504158942,0.2701942929642765,0.1665676118944135,0.1538275922875821,0.1279067467510718,0.110096524409126,0.0975356567992304,0.0916566664671574,0.0940681725828072,-0.0571048980935012,0.0,0.0510668388062252,0.0,-0.039049186076089,0.0,9.4332754543226,57.78145787437038,0.5754277491409066,0.0400351713062899,8.653195813054198,48.94758563638537,0.5743255127652905,0.0872141609287306,-0.0171314694280503,0.010213367761245,-0.007028853493696,2741.111111111111
4944,2746.6666666666665,0.2412211695024642,0.1230362335585758,0.116320246346695,0.0699702725674534,0.0747518560796007,0.058102058533781,0.0491812579205561,0.046460106997252,0.0484084275213776,0.0379203117409355,0.269044674628904,0.1645768079550097,0.1527260336769018,0.1276898371595836,0.1093194347396948,0.0971350688973329,0.0910996251225914,0.0940119337226114,-0.0427171275501819,0.0,-0.0864346475708698,0.0,0.033004254072781,0.0,9.4332754543226,57.78145787437038,0.5754277491409066,0.0400351713062899,8.653195813054198,49.87666677828318,0.5743255127652905,0.0872141609287306,-0.0128151382650545,-0.0172869295141739,0.0059407657331005,2746.6666666666665
4954,2752.222222222222,0.2431836097011167,0.1239768885596422,0.116655354103444,0.0705889050048592,0.0750189734223183,0.0580448169560197,0.0491108213621487,0.046448980366647,0.0482856821338427,0.0373738538537092,0.2946734680717968,0.1762404693528886,0.1624027613871822,0.1319803235914032,0.1130297421119004,0.0985678518249664,0.0919911933750102,0.094452293927306,0.0002709245074944,0.0,-0.1948286849055033,0.0,0.0223236831051316,0.0,9.4332754543226,57.78145787437038,0.5754277491409066,0.0400351713062899,8.653195813054198,49.87666677828318,0.6371082294236313,0.0872141609287306,8.127735224833189e-05,-0.0389657369811006,0.0040182629589236,2752.222222222222
4964,2757.777777777778,0.2416532037685103,0.1233994404797065,0.1157656561642404,0.0702528880475158,0.0748898550323143,0.0579605913599817,0.048802072580968,0.0464592708712258,0.0479060919438557,0.037204069641933,0.2465925829374435,0.1124458305914483,0.0969773007969853,0.0601265353894732,0.0410152154291515,0.0238835520348579,0.017250429445859,0.0184797684312583,-0.0548402589543244,0.0,0.0685961228405417,0.0,-0.0458026691355757,0.0,9.4332754543226,57.78145787437038,0.5754277491409066,0.0400351713062899,8.653195813054198,49.87666677828318,0.6371082294236313,0.0109937134244479,-0.0164520776862973,0.0137192245681083,-0.0082444804444036,2757.777777777778
4974,2763.333333333333,0.2376169810308867,0.1211866183799305,0.112234597068646,0.0687255183749705,0.073166347049015,0.0571552663176145,0.0479841218487825,0.0461429547608111,0.0474003303180611,0.0370564035137468,0.2465979719303266,0.1120171168890821,0.0968728304380786,0.0604843321263461,0.0408020688219302,0.0241808511296328,0.0171812276950107,0.0185154368251362,-0.0634419222467874,0.0,-0.1897845443962525,0.0,-0.02080430812157,0.0,9.172984630035996,57.78145787437038,0.5754277491409066,0.0400351713062899,8.653195813054198,49.87666677828318,0.6371082294236313,0.0109937134244479,-0.0190325766740362,-0.0379569088792505,-0.0037447754618826,2763.333333333333
4984,2768.8888888888887,0.253920820419638,0.1428045521619658,0.1247760619454968,0.079991917572422,0.0801293396160365,0.0623091018628176,0.0510075938756459,0.0482222363230452,0.0491803422461447,0.0377484993366779,0.2482025549507913,0.1124292972774662,0.0977803957408348,0.0607903159171859,0.0406966004280989,0.0238922735137183,0.0170267381529691,0.0183421913065068,0.0778766569216694,0.0,0.0587117926124526,0.0,-0.2144420547731295,0.0,9.172984630035996,46.25930325233851,0.5754277491409066,0.0400351713062899,8.653195813054198,49.87666677828318,0.6371082294236313,0.0109937134244479,0.0233629970765008,0.0117423585224905,-0.0385995698591633,2768.8888888888887
4994,2774.4444444444443,0.2622352532203349,0.1468578247403247,0.1281298207840803,0.0817800797124155,0.0812251164011109,0.0627917965976589,0.0516534690020299,0.0479871877100255,0.0494684254450511,0.0377657757718604,0.2472082335408545,0.1115142912843308,0.0974465186704132,0.0606705143701765,0.0409479797179426,0.0236770139958298,0.0169884305114193,0.0183906500359657,0.0251318931777448,0.0,-0.002522751796532,0.0,0.0040975776522927,0.0,9.172984630035996,46.25930325233851,0.5989053914574938,0.0400351713062899,8.653195813054198,49.87666677828318,0.6371082294236313,0.0109937134244479,0.0075395679533234,-0.0005045503593064,0.0007375639774126,2774.4444444444443
