source_row_index,time,X1A,Y1A,X2A,Y2A,X3A,Y3A,X4A,Y4A,X5A,Y5A,X1B,Y1B,X2B,Y2B,X3B,Y3B,X4B,Y4B,s1,c1,s2,c2,s3,c3,L_A,G_A,X0_A,Y6_A,L_B,G_B,X0_B,Y5_B,H1,H2,H3,time_hours
4,2.2222222222222223,0.2676079425002602,0.152830509980754,0.1379603706798064,0.0922016045118989,0.0875935801915944,0.0679745918624572,0.0663170094525537,0.0573236076393564,0.0564201226648345,0.0518506027107596,0.2531255526829721,0.13991962415648,0.1228773003956059,0.082066035042823,0.0764738356229593,0.0611556099878849,0.0591691169638371,0.0529396791217689,0.9968,0.0,0.9968,0.0,0.9968,0.0,8.0,50.0,0.6,0.05,7.5,50.0,0.6,0.05,0.29904,0.19936,0.179424,2.2222222222222223
14,7.777777777777778,0.2636827327312832,0.1454610720467014,0.1303104270289967,0.0846773719013007,0.079692624198233,0.0629966543484115,0.0611424517064741,0.0541375191481212,0.0537438415051834,0.0506680603452138,0.2479653300554773,0.1354560512828491,0.1170461238663019,0.0787043541068615,0.0722592980068057,0.0584812291148428,0.0568238895220189,0.0523071214291403,0.9888,0.0,0.9888,0.0,0.9888,0.0,8.400305493134933,50.0,0.6,0.05,7.5,50.0,0.6,0.05,0.29664,0.19776,0.177984,7.777777777777778
24,13.333333333333332,0.2536372716442678,0.1324750066629188,0.1233078733156917,0.0782608984435471,0.0761440206784534,0.0602553495389107,0.0590179460237871,0.0529842910701515,0.0529941543292025,0.0505251207635147,0.2478514993335941,0.1353329228479703,0.1167287804378284,0.0787479934849124,0.0723119435643413,0.0585034694417956,0.0569082768223111,0.0522111003817334,0.9808,0.0,0.9808,0.0,0.9808,0.0,8.400305493134933,57.94427601939151,0.6,0.05,7.5,50.0,0.6,0.05,0.29424,0.19616,0.176544,13.333333333333332
34,18.88888888888889,0.2731222858028611,0.1404991452699152,0.1302664831524362,0.0812184840528085,0.0786475843550981,0.0615146977255451,0.059984156560466,0.0531564991504621,0.05307392234358,0.0505943400349979,0.2477021053094924,0.1354744059350292,0.1169043057808233,0.0787030544868116,0.0720493393660458,0.0587555248860827,0.0568515543409533,0.0519450495535636,0.9728,0.0,0.9728,0.0,0.9728,0.0,8.400305493134933,57.94427601939151,0.6551371380490387,0.05,7.5,50.0,0.6,0.05,0.29184,0.19456,0.1751039999999999,18.88888888888889
44,24.444444444444443,0.2624271929657523,0.1265252008169178,0.1157156485767957,0.0658780521843777,0.0632436541713887,0.0458164656672532,0.0440944483182666,0.0369114774855878,0.0370805919797522,0.0343937769487276,0.2481976663985261,0.1352279552912986,0.116997345615086,0.0791092760360857,0.0721893003873803,0.0587343774051974,0.0565965458285074,0.0523288553211045,0.9648,0.0,0.9648,0.0,0.9648,0.0,8.400305493134933,57.94427601939151,0.6551371380490387,0.0337810784985887,7.5,50.0,0.6,0.05,0.28944,0.19296,0.1736639999999999,24.444444444444443
54,30.0,0.2621357515093357,0.1263211967159382,0.1156995706607931,0.0659308100497361,0.062824371304349,0.0455059577990634,0.0438888847848475,0.0368107300607131,0.0368227256433164,0.03461329144682,0.2358535883790107,0.1289053117192214,0.1090085539789829,0.0750456199256158,0.0683060587240229,0.0574688078831378,0.0550819216282307,0.0521316131016951,0.9568,0.0,0.9568,0.0,0.9568,0.0,8.400305493134933,57.94427601939151,0.6551371380490387,0.0337810784985887,6.9004988547336765,50.0,0.6,0.05,0.2870399999999999,0.19136,0.172224,30.0
64,35.55555555555556,0.2620825597089482,0.1263298271400723,0.1155960938545615,0.065666713546424,0.0629744152113785,0.0455529707178575,0.0439912882917053,0.0363877528586286,0.0374502927052671,0.0345653163899425,0.2275414535217799,0.1186863139931574,0.1034807501774422,0.0709488882818127,0.0660206019828922,0.0562665302533988,0.054406777436945,0.0515366191695778,0.9488,0.0,0.9488,0.0,0.9488,0.0,8.400305493134933,57.94427601939151,0.6551371380490387,0.0337810784985887,6.9004988547336765,57.47106890792524,0.6,0.05,0.28464,0.18976,0.170784,35.55555555555556
74,41.11111111111111,0.2618863109070446,0.1264810549362546,0.1155661463708594,0.0656567894799284,0.0629613443792616,0.0452926313459526,0.0442627297025702,0.0363259460692874,0.0375729439798714,0.0344019407369858,0.1966607558314967,0.1067309118807642,0.0945233394613191,0.0676210381128623,0.0635074193691865,0.055303380721364,0.0534593771386834,0.0511678776143215,0.9408,0.0,0.9408,0.0,0.9408,0.0,8.400305493134933,57.94427601939151,0.6551371380490387,0.0337810784985887,6.9004988547336765,57.47106890792524,0.501053060913115,0.05,0.28224,0.18816,0.169344,41.11111111111111
84,46.66666666666666,0.2618781965883763,0.1266922210705355,0.1153406430444631,0.0658159197526332,0.0628149561280198,0.0454164586021748,0.0443048463758677,0.0362855232905878,0.037547346696261,0.0345151167378865,0.2470346027511458,0.171040374974229,0.1607326182561692,0.1383212817092042,0.1346649283590511,0.127797412379946,0.1261414879122228,0.1242933364640429,0.9328,0.0,0.9328,0.0,0.9328,0.0,8.400305493134933,57.94427601939151,0.6551371380490387,0.0337810784985887,6.9004988547336765,57.47106890792524,0.501053060913115,0.1231842627574149,0.27984,0.18656,0.167904,46.66666666666666
94,52.22222222222222,0.2729186094579771,0.1326105003350848,0.1234007300499185,0.0689010400471937,0.0668834944946479,0.0470489975564806,0.0463358362778592,0.0369102805969139,0.03850699113541,0.0347971106721346,0.247010012878704,0.1711224897525939,0.1605200167614223,0.1381059679973921,0.1344633986949777,0.1280688773677802,0.1261008365027145,0.1242156106281166,0.9248,0.0,0.9248,0.0,0.9248,0.0,8.950622172006547,57.94427601939151,0.6551371380490387,0.0337810784985887,6.9004988547336765,57.47106890792524,0.501053060913115,0.1231842627574149,0.2774399999999999,0.18496,0.1664639999999999,52.22222222222222
104,57.77777777777777,0.2856784041908279,0.149986739987902,0.1328686220437915,0.0772790624291066,0.0723676916481646,0.0511252197007239,0.048698529261711,0.0384734149950531,0.0392362746766251,0.0354841701329715,0.2467274407990602,0.1709002486795194,0.1603596963068217,0.1378877654838288,0.1341056723703455,0.1281458760512831,0.1257795446458866,0.1236099627711979,0.9168,0.0,0.9168,0.0,0.9168,0.0,8.950622172006547,49.358699056874414,0.6551371380490387,0.0337810784985887,6.9004988547336765,57.47106890792524,0.501053060913115,0.1231842627574149,0.27504,0.18336,0.165024,57.77777777777777
114,63.33333333333333,0.2481838143036101,0.1332993885393014,0.1182022290630017,0.070495496088874,0.0665733074629855,0.0485579927735252,0.0466772606886878,0.0376297970040419,0.0387142151499618,0.0351423900640643,0.2464483845227877,0.1710877491112314,0.1601356457868691,0.1377004104468244,0.1340045085595636,0.1281116034828118,0.1257540109962669,0.123567256796338,0.9088,0.0,0.9088,0.0,0.9088,0.0,8.950622172006547,49.358699056874414,0.5606064853638627,0.0337810784985887,6.9004988547336765,57.47106890792524,0.501053060913115,0.1231842627574149,0.27264,0.18176,0.163584,63.33333333333333
124,68.88888888888889,0.2531144154023777,0.1398251936108213,0.1243399480844203,0.0776311760333135,0.0741196653351124,0.0563057062523266,0.0543779535492601,0.0453999590504238,0.0468330497309266,0.0429937074056501,0.2461330715208953,0.1709905451640359,0.1596050285301323,0.137759950877121,0.1338663149936863,0.1281252528316286,0.1259266796984637,0.1237997568505412,0.9008,0.0,0.9008,0.0,0.9008,0.0,8.950622172006547,49.358699056874414,0.5606064853638627,0.041763841815116,6.9004988547336765,57.47106890792524,0.501053060913115,0.1231842627574149,0.27024,0.18016,0.162144,68.88888888888889
134,74.44444444444444,0.2533492241014628,0.140107617478526,0.1246260701018993,0.0775693046086079,0.0742954199248423,0.0566377018297519,0.0544796298686531,0.0455298892682897,0.0471837251531457,0.042968023725258,0.2441473742608934,0.1701203837260953,0.1587499266051206,0.1370496327945392,0.1334858294319014,0.1274659976301546,0.1257304197378081,0.1239037997592564,0.8928,0.0,0.8928,0.0,0.8928,0.0,8.950622172006547,49.358699056874414,0.5606064853638627,0.041763841815116,6.764608762962374,57.47106890792524,0.501053060913115,0.1231842627574149,0.26784,0.17856,0.160704,74.44444444444444
144,80.0,0.2531235542784105,0.1401153158090201,0.1247469375586445,0.0781528221972271,0.0745457101728762,0.0563313204021597,0.0545228918791748,0.0454318733071165,0.0473605295884869,0.0427978463910561,0.2503753085857717,0.1782952533718736,0.1627689708547776,0.1403577449005886,0.1354123048071989,0.1286211409864588,0.1263759801020329,0.124053176931282,0.8848,0.0,0.8848,0.0,0.8848,0.0,8.950622172006547,49.358699056874414,0.5606064853638627,0.041763841815116,6.764608762962374,48.901526117652935,0.501053060913115,0.1231842627574149,0.26544,0.17696,0.159264,80.0
154,85.55555555555556,0.2535807373619926,0.1403109923564372,0.1248078548776165,0.0781235205722424,0.0741348430119798,0.0565262195606226,0.0546902407088987,0.0453240996637906,0.0471378135613567,0.0424710120934206,0.2824893150928543,0.1923673023131717,0.173140263252639,0.1446896422090455,0.1385114147612691,0.1296556036569065,0.1272628997061451,0.1245150001714049,0.8768,0.0,0.8768,0.0,0.8768,0.0,8.950622172006547,49.358699056874414,0.5606064853638627,0.041763841815116,6.764608762962374,48.901526117652935,0.6009096517915906,0.1231842627574149,0.26304,0.17536,0.157824,85.55555555555556
164,91.1111111111111,0.2537097994987058,0.1399976619606528,0.1250656768418126,0.0780112638100532,0.0741093337119408,0.0563827853303506,0.0546877826771472,0.0448601974649704,0.0473944766675016,0.0423329347612608,0.2548545868090427,0.1577374018555085,0.1370666688362955,0.1065148762268053,0.0996404981489164,0.0899219495195019,0.0877307686525198,0.084180842354088,0.8688,0.0,0.8688,0.0,0.8688,0.0,8.950622172006547,49.358699056874414,0.5606064853638627,0.041763841815116,6.764608762962374,48.901526117652935,0.6009096517915906,0.0830246028111738,0.26064,0.17376,0.156384,91.1111111111111
174,96.66666666666666,0.2642432119075262,0.146185294392028,0.1335201408248111,0.0825954088739136,0.0789985715496974,0.0585682254426354,0.0570207826994263,0.0459281381211146,0.0486371904961008,0.0428559767468371,0.2550053541544581,0.1575677798634513,0.1371088119439674,0.1067738412840086,0.1000034696298329,0.0901018643207417,0.0876962438270777,0.0841954480935291,0.8608,0.0,0.8608,0.0,0.8608,0.0,9.585600906990056,49.358699056874414,0.5606064853638627,0.041763841815116,6.764608762962374,48.901526117652935,0.6009096517915906,0.0830246028111738,0.2582399999999999,0.17216,0.154944,96.66666666666666
184,102.2222222222222,0.2553194318974909,0.1344323662221982,0.126795897047783,0.0765159265082168,0.075095911198194,0.0556132856333319,0.0552340036621043,0.0447339388946882,0.0476470339178535,0.0424773466808581,0.2554694874497084,0.1581472714270771,0.1372601569526957,0.1066369393274734,0.0997755167841391,0.0900723388112784,0.0878371068024314,0.0840968397408531,0.8528,0.0,0.8528,0.0,0.8528,0.0,9.585600906990056,55.85323838427506,0.5606064853638627,0.041763841815116,6.764608762962374,48.901526117652935,0.6009096517915906,0.0830246028111738,0.25584,0.17056,0.153504,102.2222222222222
194,107.77777777777776,0.280929623121865,0.1451715807336145,0.1370891298325171,0.0807596001294056,0.0788212887748876,0.0577261851336182,0.056776611002819,0.0453471430347509,0.0483116839684001,0.0424165252265247,0.2550614773994928,0.157724730580961,0.1375840015880746,0.1063171591210263,0.0997571593749565,0.0902470088928223,0.0874936419121127,0.0845297071778549,0.8448,0.0,0.8448,0.0,0.8448,0.0,9.585600906990056,55.85323838427506,0.6244358458882325,0.041763841815116,6.764608762962374,48.901526117652935,0.6009096517915906,0.0830246028111738,0.25344,0.16896,0.152064,107.77777777777776
204,113.33333333333331,0.344956462013314,0.2337118442858035,0.2264957002478423,0.1800843856610202,0.1786102523135707,0.1619661778852033,0.1608689914395217,0.1510521416288125,0.1536978401150949,0.1488981524079254,0.2550807508259633,0.1576403583533713,0.1374395330837851,0.1064125171678659,0.0997745122336414,0.090359486711775,0.0877299695427143,0.0847754488894356,0.8368,0.0,0.8368,0.0,0.8368,0.0,9.585600906990056,55.85323838427506,0.6244358458882325,0.1483440221522827,6.764608762962374,48.901526117652935,0.6009096517915906,0.0830246028111738,0.25104,0.16736,0.1506239999999999,113.33333333333331
214,118.88888888888889,0.3449535952809855,0.2336402606737935,0.2267386581977162,0.1799112745785676,0.178475476042294,0.1621660693329295,0.1613090598186149,0.1507949260967188,0.1539078394154331,0.1488375508905094,0.2528024651293734,0.1562568508722535,0.1359051836931254,0.1057151543813144,0.0986937787282326,0.089965217142864,0.087896490408906,0.0846607833634651,0.8288,0.0,0.8288,0.0,0.8288,0.0,9.585600906990056,55.85323838427506,0.6244358458882325,0.1483440221522827,6.645926094706796,48.901526117652935,0.6009096517915906,0.0830246028111738,0.2486399999999999,0.16576,0.1491839999999999,118.88888888888889
224,124.44444444444444,0.3445528007762509,0.2341525174260622,0.2262961807961241,0.179678583881166,0.178555192296003,0.1619799686735933,0.1610357387702128,0.1509149925970407,0.1537801674807133,0.1489027646628821,0.2603171423733212,0.1655638873863369,0.1405487562575169,0.1096370206133599,0.1009784710633973,0.0908115828292941,0.0884650137251089,0.0850944208989915,0.8208,0.0,0.8208,0.0,0.8208,0.0,9.585600906990056,55.85323838427506,0.6244358458882325,0.1483440221522827,6.645926094706796,43.20424067715689,0.6009096517915906,0.0830246028111738,0.24624,0.16416,0.147744,124.44444444444444
234,130.0,0.3445095555395958,0.2341019045745478,0.2265177058390756,0.1798537943649092,0.1786405226379263,0.1620956475847796,0.1612053354766004,0.1510661493701975,0.1540168637957624,0.1486239334008323,0.2676879536818646,0.1686665102796699,0.1427851427993883,0.1109546757513947,0.101783399761099,0.0911908048197356,0.0886183569246222,0.0848968795721175,0.8128,0.0,0.8128,0.0,0.8128,0.0,9.585600906990056,55.85323838427506,0.6244358458882325,0.1483440221522827,6.645926094706796,43.20424067715689,0.6225079208546062,0.0830246028111738,0.2438399999999999,0.16256,0.146304,130.0
244,135.55555555555554,0.3446811198057692,0.2339870096743606,0.2269141709587663,0.179738359701975,0.1783596737403233,0.1618317822428326,0.1609423687243263,0.1511582895316419,0.1541361432851041,0.1487957569841742,0.2162444607713154,0.1038959875625389,0.0744811651357388,0.0382771409019938,0.0280218262374622,0.015930007341244,0.012708526159243,0.008733014963307,0.8048,0.0,0.8048,0.0,0.8048,0.0,9.585600906990056,55.85323838427506,0.6244358458882325,0.1483440221522827,6.645926094706796,43.20424067715689,0.6225079208546062,0.0065913011942075,0.24144,0.16096,0.144864,135.55555555555554
254,141.11111111111111,0.2947380358042379,0.207515824764579,0.1920807651590218,0.1637732947286864,0.1600518921919404,0.1542810738928647,0.1532478638073515,0.1478932412457707,0.1508960305276529,0.1476496629970525,0.2160671828592153,0.1036386027239807,0.0747206418585999,0.0383168917014127,0.0280484617578208,0.0153428665404592,0.0125361194551609,0.008410656747677,0.7968,0.0,0.7968,0.0,0.7968,0.0,6.514176892075508,55.85323838427506,0.6244358458882325,0.1483440221522827,6.645926094706796,43.20424067715689,0.6225079208546062,0.0065913011942075,0.2390399999999999,0.15936,0.143424,141.11111111111111
264,146.66666666666666,0.2997627018587293,0.2142009574581042,0.1949013989127502,0.1661371441453312,0.1614285873297756,0.1553666852472043,0.1536416373854775,0.1480828666823002,0.1512603791637205,0.1475774085097253,0.2164492112198719,0.1038959808724001,0.0747677359054443,0.0381852007454309,0.0281447188259406,0.0152944906235438,0.0127519498350919,0.0087473610549601,0.7888,0.0,0.7888,0.0,0.7888,0.0,6.514176892075508,50.297776405427406,0.6244358458882325,0.1483440221522827,6.645926094706796,43.20424067715689,0.6225079208546062,0.0065913011942075,0.2366399999999999,0.15776,0.1419839999999999,146.66666666666666
274,152.2222222222222,0.2901719350281712,0.2103706613086432,0.1914855845306856,0.1648920202631342,0.1606170656626033,0.1548065975721585,0.1529334721085472,0.1480444599577134,0.1511359348691621,0.147520035977153,0.2163164093436972,0.1037640796915057,0.0744705059299,0.03843684262468,0.0281807482345742,0.0148892558572958,0.0126447661014818,0.0084984975559946,0.7807999999999999,0.0,0.7807999999999999,0.0,0.7807999999999999,0.0,6.514176892075508,50.297776405427406,0.5932412050650578,0.1483440221522827,6.645926094706796,43.20424067715689,0.6225079208546062,0.0065913011942075,0.2342399999999999,0.15616,0.1405439999999999,152.2222222222222
284,157.77777777777777,0.2827263464459718,0.2011678131696595,0.1817465388693885,0.1545907197973469,0.1501759423580442,0.1439746032710193,0.1422943116901653,0.1375806164580762,0.1404821524659152,0.1369968290635997,0.2167516298978829,0.1037136041493373,0.0749425085366065,0.0384402792707656,0.0281384508064968,0.0147805973837187,0.0124799964366132,0.0084538327552799,0.7727999999999999,0.0,0.7727999999999999,0.0,0.7727999999999999,0.0,6.514176892075508,50.297776405427406,0.5932412050650578,0.1375751659789278,6.645926094706796,43.20424067715689,0.6225079208546062,0.0065913011942075,0.2318399999999999,0.15456,0.1391039999999999,157.77777777777777
294,163.33333333333331,0.2824376567377256,0.2014871837345149,0.1818162032613483,0.154674613877829,0.1504113033409868,0.143731153616354,0.1424211320385542,0.1373707134448241,0.1404026085955626,0.1370859131144966,0.245983636726622,0.1207069511262418,0.0949227235762597,0.0489760096586222,0.0382076330171998,0.019472151891261,0.0167298601877371,0.0098879295491014,0.7648,0.0,0.7648,0.0,0.7648,0.0,6.514176892075508,50.297776405427406,0.5932412050650578,0.1375751659789278,7.887678763473032,43.20424067715689,0.6225079208546062,0.0065913011942075,0.22944,0.15296,0.137664,163.33333333333331
304,168.88888888888889,0.2820536165784014,0.20141180458821,0.1824350507605532,0.1544941273741567,0.1506623446926465,0.1435864743260462,0.1426250659959974,0.1371252087005374,0.1405116031497547,0.1377452856546097,0.2335205622168219,0.1049109613769263,0.0861535454541604,0.0413803010698778,0.033765503565677,0.0167486848788072,0.0148921183164097,0.0085702510131384,0.7568,0.0,0.7568,0.0,0.7568,0.0,6.514176892075508,50.297776405427406,0.5932412050650578,0.1375751659789278,7.887678763473032,50.28235293199028,0.6225079208546062,0.0065913011942075,0.22704,0.15136,0.136224,168.88888888888889
314,174.44444444444443,0.2819396978190026,0.2013720436898593,0.1823643782645918,0.1542419459353237,0.1505791467263596,0.143737963525955,0.1426197664454002,0.1369062818070473,0.1404572942568696,0.1376289219008974,0.2251398744185866,0.1015135668805999,0.0831999662382497,0.0401482201547573,0.0329832013293745,0.0160085544884946,0.0143229511840061,0.0083846664650201,0.7488,0.0,0.7488,0.0,0.7488,0.0,6.514176892075508,50.297776405427406,0.5932412050650578,0.1375751659789278,7.887678763473032,50.28235293199028,0.5993746870787008,0.0065913011942075,0.22464,0.14976,0.134784,174.44444444444443
324,180.0,0.2816518771751449,0.2013205913387705,0.1824439185018308,0.1548616188006192,0.1507548992062535,0.1438386356211479,0.1427550091713675,0.1368424047071982,0.1401638227806172,0.1375116992356435,0.2444377912280713,0.1272497537044471,0.1094611818239352,0.0688417704383809,0.0623523056370544,0.0462568282829504,0.0444051041015447,0.0386591509464221,0.7408,0.0,0.7408,0.0,0.7408,0.0,6.514176892075508,50.297776405427406,0.5932412050650578,0.1375751659789278,7.887678763473032,50.28235293199028,0.5993746870787008,0.0371272383040996,0.22224,0.14816,0.133344,180.0
334,185.55555555555557,0.2798822569755984,0.200756220051555,0.1820998332733781,0.1542112038519554,0.1506848979004315,0.1434969986900977,0.1425406504846277,0.1366494112591823,0.1401398680842668,0.1377835421300411,0.2445923684011706,0.1271871376543766,0.1091381319368315,0.0688656739253148,0.0628015338090248,0.0468158424128417,0.0442489797961523,0.0389072868884863,0.7328,0.0,0.7328,0.0,0.7328,0.0,6.437740881736019,50.297776405427406,0.5932412050650578,0.1375751659789278,7.887678763473032,50.28235293199028,0.5993746870787008,0.0371272383040996,0.21984,0.14656,0.131904,185.55555555555557
344,191.11111111111111,0.2865587139971696,0.209383191326205,0.1866125797377485,0.1581103561572886,0.1527295067454401,0.1451201369226689,0.143522750946992,0.1370561879907706,0.140158577463441,0.1378848309824177,0.2444788235843512,0.1275530269382989,0.1089410521857515,0.0687440282380733,0.063191895645646,0.046913207687064,0.0446274042694486,0.0384782457914765,0.7248,0.0,0.7248,0.0,0.7248,0.0,6.437740881736019,43.84804287970621,0.5932412050650578,0.1375751659789278,7.887678763473032,50.28235293199028,0.5993746870787008,0.0371272383040996,0.21744,0.14496,0.130464,191.11111111111111
354,196.66666666666663,0.3009853613111515,0.2160303432857764,0.1911639410775854,0.1599338489779452,0.1542029338714496,0.1455287638493057,0.1443023685053007,0.1372958197371218,0.1402688421567612,0.1382343513008634,0.2442291966453974,0.1278914520694963,0.1088222546476133,0.0690365083835373,0.06349657042823,0.046650087751855,0.0444694550204011,0.0384810470199032,0.7168,0.0,0.7168,0.0,0.7168,0.0,6.437740881736019,43.84804287970621,0.6384064241763678,0.1375751659789278,7.887678763473032,50.28235293199028,0.5993746870787008,0.0371272383040996,0.2150399999999999,0.14336,0.129024,196.66666666666663
364,202.2222222222222,0.2280468747337293,0.1242749259332526,0.0949545227979448,0.0573671701209171,0.0501308274217397,0.039772444839274,0.0382894347376398,0.0305605336791117,0.0333565648791518,0.0308133739707082,0.2441499736802008,0.1279449432623563,0.1090295530506704,0.0692785861909203,0.0634831345086626,0.0466178243274107,0.0439139980778,0.0386479696177127,0.7088,0.0,0.7088,0.0,0.7088,0.0,6.437740881736019,43.84804287970621,0.6384064241763678,0.0300910085980492,7.887678763473032,50.28235293199028,0.5993746870787008,0.0371272383040996,0.21264,0.14176,0.127584,202.2222222222222
374,207.77777777777777,0.2278247458500402,0.1238881611724867,0.0947847486213264,0.0573440349934941,0.0497133122958502,0.0395839615992336,0.0386738054761478,0.0303949574194703,0.0332849468671804,0.0304195026747689,0.2283598385296354,0.1198814676396611,0.0980611888018734,0.0644437071908489,0.0586466294575063,0.0446715694576862,0.0417320351565836,0.0378404044216318,0.7008,0.0,0.7008,0.0,0.7008,0.0,6.437740881736019,43.84804287970621,0.6384064241763678,0.0300910085980492,7.10860893180662,50.28235293199028,0.5993746870787008,0.0371272383040996,0.2102399999999999,0.14016,0.1261439999999999,207.77777777777777
384,213.3333333333333,0.2277069642228208,0.1235930544885387,0.0952287559000736,0.0575387309769869,0.0502385254822679,0.0395658041589768,0.0387134211927915,0.0303445406507418,0.0332339193235769,0.0301291473967087,0.2441412012207887,0.1400419228327437,0.1085945180678859,0.0734012942736783,0.0635215901412089,0.0481250966102913,0.0437053990569506,0.0388110778444601,0.6928000000000001,0.0,0.6928000000000001,0.0,0.6928000000000001,0.0,6.437740881736019,43.84804287970621,0.6384064241763678,0.0300910085980492,7.10860893180662,40.07468484104152,0.5993746870787008,0.0371272383040996,0.20784,0.13856,0.124704,213.3333333333333
394,218.88888888888889,0.2277070597547994,0.1234923066707068,0.0956345900621168,0.0577322230617551,0.0500858368981841,0.0394208168312123,0.0384912607309561,0.0303474962267811,0.0329085668306531,0.0299664063028359,0.2681544074132079,0.1518106780836066,0.1170962283686867,0.0773263097049815,0.0661551451978767,0.0491587273410221,0.0447758136209438,0.0388575091354491,0.6848000000000001,0.0,0.6848000000000001,0.0,0.6848000000000001,0.0,6.437740881736019,43.84804287970621,0.6384064241763678,0.0300910085980492,7.10860893180662,40.07468484104152,0.6660095459603491,0.0371272383040996,0.20544,0.13696,0.123264,218.88888888888889
404,224.44444444444443,0.2274967924546807,0.1231556029734192,0.0954737428895168,0.0576951647991411,0.0501733296035604,0.0394981833484328,0.0385389286643214,0.0303793884808372,0.0327761458387457,0.0302244408534648,0.2593484559678742,0.1403342745633494,0.1052993168622882,0.0640844742190366,0.0526899800791367,0.035487867005458,0.0307524596131555,0.02497249346107,0.6768000000000001,0.0,0.6768000000000001,0.0,0.6768000000000001,0.0,6.437740881736019,43.84804287970621,0.6384064241763678,0.0300910085980492,7.10860893180662,40.07468484104152,0.6660095459603491,0.0231691621592159,0.20304,0.13536,0.121824,224.44444444444443
414,230.0,0.2470629308177392,0.1349807704395508,0.1086030794069425,0.0645399410176407,0.0570816047481394,0.0424036748241571,0.0410815012037302,0.0315214029087789,0.0337014171951389,0.0305180779846007,0.2595838634137057,0.1402404393353551,0.1052957427386764,0.0639055308889496,0.0523328285792632,0.0355002748783685,0.0310372766998205,0.0253157973216686,0.6688000000000001,0.0,0.6688000000000001,0.0,0.6688000000000001,0.0,7.256317774604113,43.84804287970621,0.6384064241763678,0.0300910085980492,7.10860893180662,40.07468484104152,0.6660095459603491,0.0231691621592159,0.20064,0.13376,0.120384,230.0
424,235.55555555555557,0.2277565298211399,0.1106160266782743,0.0960226922182384,0.0538431396979181,0.0512651345293286,0.0384236651648505,0.0381567475487487,0.0297990729618182,0.033156717392253,0.0299477172030682,0.2596661605410563,0.1401776596219695,0.105297301684944,0.0640681717938773,0.0521813134369566,0.0356940152496769,0.0310351305920176,0.0251976669140709,0.6608,0.0,0.6608,0.0,0.6608,0.0,7.256317774604113,57.606643079616575,0.6384064241763678,0.0300910085980492,7.10860893180662,40.07468484104152,0.6660095459603491,0.0231691621592159,0.19824,0.13216,0.118944,235.55555555555557
434,241.1111111111111,0.2158486206156704,0.106062355525119,0.092293400193738,0.0526214623153191,0.050129879485641,0.0379154793835932,0.0379302466329762,0.0296434866687301,0.0331452927302779,0.0297457141780143,0.2592747745533668,0.1402200130928141,0.1055336939822585,0.0641573518397982,0.0517410679812343,0.0356100594697696,0.0307374051788042,0.0251413331263193,0.6528,0.0,0.6528,0.0,0.6528,0.0,7.256317774604113,57.606643079616575,0.6019581619736846,0.0300910085980492,7.10860893180662,40.07468484104152,0.6660095459603491,0.0231691621592159,0.19584,0.13056,0.117504,241.1111111111111
444,246.66666666666663,0.2818497020547186,0.1907480513604575,0.1792557580195542,0.1457894637268512,0.1435758232224886,0.1338374927312466,0.1340727247859335,0.1261401641091358,0.1300007616295074,0.126764137828637,0.2595998439719493,0.1403909890343473,0.1055303338137962,0.0640387578985984,0.0517705548300143,0.0359082817085813,0.0305868304761565,0.0253903723952214,0.6448,0.0,0.6448,0.0,0.6448,0.0,7.256317774604113,57.606643079616575,0.6019581619736846,0.1270725369548803,7.10860893180662,40.07468484104152,0.6660095459603491,0.0231691621592159,0.19344,0.12896,0.116064,246.66666666666663
454,252.2222222222222,0.2817073873345011,0.1906375539159354,0.1791668075629877,0.1454988132137441,0.1438334208272126,0.1336562717857421,0.1340315123169226,0.1258559332463115,0.1297502829058963,0.1271659303834834,0.279273478735998,0.1527653443319357,0.120207121920637,0.0716662438272104,0.0592123603198213,0.0397996669746704,0.0338093177439599,0.0265270161663235,0.6368,0.0,0.6368,0.0,0.6368,0.0,7.256317774604113,57.606643079616575,0.6019581619736846,0.1270725369548803,7.919151500827579,40.07468484104152,0.6660095459603491,0.0231691621592159,0.19104,0.12736,0.114624,252.2222222222222
464,257.77777777777777,0.2814324215975297,0.1911294489950176,0.1791137781497223,0.1456321656524852,0.1440084075483825,0.133293431065868,0.1340405290726082,0.1260988023996013,0.1299638466379205,0.1265869836477522,0.2535909407521622,0.1186977916563205,0.1019997621414956,0.0554122699922629,0.050025451425351,0.0330223720353938,0.0298682191292311,0.0246393133494586,0.6288,0.0,0.6288,0.0,0.6288,0.0,7.256317774604113,57.606643079616575,0.6019581619736846,0.1270725369548803,7.919151500827579,54.83541894723714,0.6660095459603491,0.0231691621592159,0.18864,0.12576,0.113184,257.77777777777777
474,263.3333333333333,0.2814728286692486,0.1909611244455716,0.1789868773790421,0.1456116522992364,0.144229994956607,0.1334535127462295,0.134323538390276,0.1262147641327143,0.1300135123013666,0.12638129158012,0.202129150550986,0.0975884968414933,0.0841926115049812,0.0481514031336077,0.044048451538741,0.0309301233391298,0.0279159441640043,0.0239464199215572,0.6208,0.0,0.6208,0.0,0.6208,0.0,7.256317774604113,57.606643079616575,0.6019581619736846,0.1270725369548803,7.919151500827579,54.83541894723714,0.5182991210126091,0.0231691621592159,0.18624,0.12416,0.111744,263.3333333333333
484,268.88888888888886,0.2814364089464677,0.1908489209130571,0.1792046566486369,0.1454386118361584,0.1441698666936262,0.1332849523465966,0.1342512484338335,0.1266245372627134,0.1299066443095948,0.1261676562907588,0.2401618712560377,0.1471609140837712,0.134975767696273,0.1033999872167877,0.0995572797222451,0.0879428817569011,0.0851022407105774,0.081620200569724,0.6128,0.0,0.6128,0.0,0.6128,0.0,7.256317774604113,57.606643079616575,0.6019581619736846,0.1270725369548803,7.919151500827579,54.83541894723714,0.5182991210126091,0.0811715732064733,0.18384,0.12256,0.110304,268.88888888888886
494,274.44444444444446,0.2941518209250846,0.1973255264929675,0.1875312971448999,0.1491515963521218,0.1482171358951879,0.1357902632513837,0.1360797031559968,0.1271621452520683,0.1303604140963944,0.1266546433689094,0.2402985896993401,0.1472190973135896,0.1344774269426892,0.1036790637416906,0.0997418509680897,0.0879182841406658,0.0849305164139755,0.0818850230494206,0.6048,0.0,0.6048,0.0,0.6048,0.0,8.02487115616112,57.606643079616575,0.6019581619736846,0.1270725369548803,7.919151500827579,54.83541894723714,0.5182991210126091,0.0811715732064733,0.18144,0.12096,0.108864,274.44444444444446
504,280.0,0.2940292363627252,0.1976030616382597,0.1877769807758101,0.1492093262507547,0.148119617664769,0.1357588406859392,0.1362486934513946,0.127325496883674,0.130489899901314,0.1264955976145402,0.2405820783169502,0.1471787609230983,0.1343178087180821,0.1038226401687679,0.100143117088662,0.0879478732894355,0.0851406336131992,0.0819101927854642,0.5968,0.0,0.5968,0.0,0.5968,0.0,8.02487115616112,57.42678753385761,0.6019581619736846,0.1270725369548803,7.919151500827579,54.83541894723714,0.5182991210126091,0.0811715732064733,0.17904,0.11936,0.1074239999999999,280.0
514,285.55555555555554,0.2836466934432226,0.1932022647097831,0.1840316601305935,0.1475544715394277,0.1466383820426653,0.1352958569221823,0.1354492857605184,0.1271034022715628,0.1299799251333309,0.1263681558056462,0.2406688620867706,0.1472016869668835,0.1339363524178815,0.1035413132580235,0.1001973403557949,0.0879947158818743,0.0851198790400981,0.081745681850285,0.5888,0.0,0.5888,0.0,0.5888,0.0,8.02487115616112,57.42678753385761,0.5722528118028315,0.1270725369548803,7.919151500827579,54.83541894723714,0.5182991210126091,0.0811715732064733,0.17664,0.11776,0.105984,285.55555555555554
524,291.1111111111111,0.259484964809466,0.1610866227917717,0.1509904160493391,0.1118495005903828,0.1109044839128775,0.0986790096439748,0.0985064740230241,0.0901358935537797,0.093295256728386,0.0891888457721015,0.2406264674405497,0.1475088628846436,0.1339626492278903,0.1039603142856805,0.0997402200649802,0.0882972928619022,0.0856942871247093,0.0815254165004091,0.5808,0.0,0.5808,0.0,0.5808,0.0,8.02487115616112,57.42678753385761,0.5722528118028315,0.0897276100810819,7.919151500827579,54.83541894723714,0.5182991210126091,0.0811715732064733,0.1742399999999999,0.11616,0.104544,291.1111111111111
534,296.66666666666663,0.2593802628155974,0.1606767372542521,0.1508656933845565,0.1118875297185202,0.1103998924820379,0.0986534715424495,0.0988184402890507,0.0896120967986393,0.0932720857707787,0.0892561361238328,0.2129339937768209,0.1333489037894586,0.1165327564846344,0.0968109160260303,0.0917881999188987,0.0848693346118787,0.0825767448929785,0.0803219214916885,0.5728,0.0,0.5728,0.0,0.5728,0.0,8.02487115616112,57.42678753385761,0.5722528118028315,0.0897276100810819,6.177754927036511,54.83541894723714,0.5182991210126091,0.0811715732064733,0.17184,0.11456,0.1031039999999999,296.66666666666663
544,302.22222222222223,0.2594871061039508,0.1601585900017308,0.1508123763483925,0.1115892360944157,0.1101060237524597,0.0989039113679797,0.0989252318815557,0.0897987414728108,0.0931080747063947,0.0891422150844448,0.2184938277941251,0.1409835881767724,0.1199994125524816,0.0995374104396017,0.0932068056576157,0.086060511680426,0.0834039382653654,0.0806720076142267,0.5648,0.0,0.5648,0.0,0.5648,0.0,8.02487115616112,57.42678753385761,0.5722528118028315,0.0897276100810819,6.177754927036511,47.752636022214574,0.5182991210126091,0.0811715732064733,0.1694399999999999,0.11296,0.1016639999999999,302.22222222222223
554,307.77777777777777,0.2595536253486384,0.1600620085708662,0.1508601995086121,0.1118416206362,0.1099855018023016,0.0988045037071651,0.099228379045353,0.0898446389357724,0.0932094313465106,0.0891142385590617,0.2325632933075814,0.1470547472063818,0.1246661840926221,0.1012221140143177,0.094782446271157,0.0867677546632311,0.083681786270556,0.0808834726777788,0.5568,0.0,0.5568,0.0,0.5568,0.0,8.02487115616112,57.42678753385761,0.5722528118028315,0.0897276100810819,6.177754927036511,47.752636022214574,0.5646072692516413,0.0811715732064733,0.16704,0.11136,0.100224,307.77777777777777
564,313.3333333333333,0.2592517784427286,0.1601270626596322,0.150929947438625,0.1122468460691049,0.1098463767834491,0.0991312325053335,0.099273371011699,0.0902492697823607,0.0929844082223835,0.0894063983190963,0.1917545808942782,0.0958187342414401,0.0711765766353991,0.0446243811053669,0.037385975497375,0.0291370273766571,0.0254040078137405,0.0221836409494739,0.5488,0.0,0.5488,0.0,0.5488,0.0,8.02487115616112,57.42678753385761,0.5722528118028315,0.0897276100810819,6.177754927036511,47.752636022214574,0.5646072692516413,0.0225299593605677,0.1646399999999999,0.10976,0.0987839999999999,313.3333333333333
574,318.88888888888886,0.2745365690273184,0.1680603722121058,0.162432768481189,0.1173916267738849,0.1160359471460611,0.1014479889337398,0.1019994240554456,0.0910517906619752,0.0938945058414417,0.0896030071564102,0.1918005854717045,0.096042182697467,0.0714393475620871,0.0444348817793225,0.037687352855231,0.0294843711721638,0.0252442383107989,0.0222550350675553,0.5408,0.0,0.5408,0.0,0.5408,0.0,9.01228193222104,57.42678753385761,0.5722528118028315,0.0897276100810819,6.177754927036511,47.752636022214574,0.5646072692516413,0.0225299593605677,0.1622399999999999,0.1081599999999999,0.0973439999999999,318.88888888888886
584,324.4444444444444,0.2864175786501248,0.1837666024726511,0.1710710243279546,0.1251614458955311,0.1208169198826028,0.1047762439989716,0.1047253366066119,0.0922380781108837,0.0946249533221211,0.09026159257705,0.1920043313924887,0.0958080545517087,0.0714007991657924,0.0442060907377673,0.0377894808103909,0.0294278210829594,0.0250291924941494,0.022152536664241,0.5327999999999999,0.0,0.5327999999999999,0.0,0.5327999999999999,0.0,9.01228193222104,47.58892343100625,0.5722528118028315,0.0897276100810819,6.177754927036511,47.752636022214574,0.5646072692516413,0.0225299593605677,0.1598399999999999,0.1065599999999999,0.0959039999999999,324.4444444444444
594,330.0,0.3352807802520146,0.2070811261777504,0.1907830427095069,0.1349383588281627,0.1288306394886892,0.1085232947845075,0.1080991338360196,0.09360512018133,0.0955694935278574,0.0908990441266927,0.191730307860677,0.0960818783387813,0.0714837152100064,0.0440316129994603,0.0379590444564277,0.0293330596400606,0.025468378097262,0.0222576191842295,0.5247999999999999,0.0,0.5247999999999999,0.0,0.5247999999999999,0.0,9.01228193222104,47.58892343100625,0.6957495768822443,0.0897276100810819,6.177754927036511,47.752636022214574,0.5646072692516413,0.0225299593605677,0.1574399999999999,0.10496,0.0944639999999999,330.0
604,335.55555555555554,0.3345329501419946,0.2058615453056263,0.1899400611120742,0.1336937813529131,0.1276519181323971,0.1074247079012972,0.1069584432776232,0.0923441521410211,0.0939354042711252,0.089504420393597,0.1915259669180604,0.0959391975011315,0.07139042310399,0.0437637314945395,0.0382103327475229,0.0290494441061561,0.0260213870456419,0.0224421632008477,0.5167999999999999,0.0,0.5167999999999999,0.0,0.5167999999999999,0.0,9.01228193222104,47.58892343100625,0.6957495768822443,0.0884987539515915,6.177754927036511,47.752636022214574,0.5646072692516413,0.0225299593605677,0.1550399999999999,0.10336,0.0930239999999999,335.55555555555554
614,341.1111111111111,0.3345409891863215,0.2062089905468997,0.1899880798836024,0.1333967821699328,0.127873590966317,0.1072079310272967,0.1069398740257261,0.0924180536822862,0.0939862848216985,0.0887878938284949,0.2246304969709113,0.1142289045343137,0.0931249883944465,0.0538561373566799,0.0482850719684825,0.033558298687375,0.0300179094519771,0.0236307346310208,0.5087999999999999,0.0,0.5087999999999999,0.0,0.5087999999999999,0.0,9.01228193222104,47.58892343100625,0.6957495768822443,0.0884987539515915,7.815168761489554,47.752636022214574,0.5646072692516413,0.0225299593605677,0.1526399999999999,0.1017599999999999,0.0915839999999999,341.1111111111111
624,346.66666666666663,0.3342285174301536,0.206510390050751,0.1897816911480233,0.1334334123846605,0.1278301675579102,0.1071643044377317,0.1072501921065961,0.0927616339750745,0.0937426476713978,0.0886642473966874,0.2183456249075165,0.1058408151527195,0.0888356613583628,0.0501011221919729,0.0458622499012363,0.0324026532143751,0.0289936615395116,0.0232962143113582,0.5008,0.0,0.5008,0.0,0.5008,0.0,9.01228193222104,47.58892343100625,0.6957495768822443,0.0884987539515915,7.815168761489554,52.75993161576665,0.5646072692516413,0.0225299593605677,0.15024,0.10016,0.090144,346.66666666666663
634,352.22222222222223,0.3340181884079136,0.2061414952657328,0.1901090142110471,0.1335577366685349,0.1276399587241183,0.1070321260788165,0.1070499813661315,0.092658641889103,0.0938556262801936,0.0887917795769919,0.2430118464842755,0.1160954947960092,0.0970515324602096,0.0533417754597195,0.0490313823332707,0.0336659595191121,0.02976817928144,0.0237869914128056,0.4928,0.0,0.4928,0.0,0.4928,0.0,9.01228193222104,47.58892343100625,0.6957495768822443,0.0884987539515915,7.815168761489554,52.75993161576665,0.6352900487625577,0.0225299593605677,0.14784,0.09856,0.088704,352.22222222222223
644,357.77777777777777,0.3341019108079289,0.2057609610652175,0.1896946231695698,0.1332902853644487,0.1277399100120568,0.107183711727549,0.1072439527362388,0.0926089255613703,0.0938218778474283,0.089000103108106,0.2431322793082765,0.1163482106695647,0.0973133332765581,0.0535159504180447,0.0488140159415025,0.0339219107865928,0.0298628252449345,0.0238296732823987,0.4848,0.0,0.4848,0.0,0.4848,0.0,9.01228193222104,47.58892343100625,0.6957495768822443,0.0884987539515915,7.815168761489554,52.75993161576665,0.6352900487625577,0.0226182028752553,0.1454399999999999,0.09696,0.087264,357.77777777777777
654,363.3333333333333,0.3095304361738631,0.1906944816591234,0.1703795845872434,0.1237335463147263,0.1174069840230376,0.1022703604503294,0.1019540959639509,0.0903630967765428,0.0917106056102685,0.0879230749520938,0.2428788918372264,0.1167883855561993,0.0971867591302357,0.0535976475649167,0.0491902224624576,0.0342138588861629,0.0294191691543291,0.0238786416743388,0.4768,0.0,0.4768,0.0,0.4768,0.0,7.8090030950022,47.58892343100625,0.6957495768822443,0.0884987539515915,7.815168761489554,52.75993161576665,0.6352900487625577,0.0226182028752553,0.14304,0.09536,0.085824,363.3333333333333
664,368.88888888888886,0.313966111168475,0.1969044196412639,0.1735818935257267,0.1269831814971294,0.1196481709869021,0.103458324286465,0.1027386352822693,0.0906574545848885,0.0916042799406705,0.0879372834242525,0.2430456912939421,0.1171776528767783,0.0974198903923754,0.0533925894251605,0.0490103321466117,0.0342813304315704,0.0291538073316177,0.0239226542192541,0.4688,0.0,0.4688,0.0,0.4688,0.0,7.8090030950022,44.79127923659047,0.6957495768822443,0.0884987539515915,7.815168761489554,52.75993161576665,0.6352900487625577,0.0226182028752553,0.14064,0.09376,0.084384,368.88888888888886
674,374.4444444444444,0.2716176861950383,0.1766456390826201,0.1578477293396071,0.1196478751662745,0.1138362802042228,0.1005408010879525,0.1007233381814044,0.0896204077782173,0.0909292117754,0.0875217211964403,0.2427051929328731,0.1170804557195939,0.0976267349390281,0.0534300817738969,0.0491050972643195,0.0341497767049755,0.0292953575565738,0.0237224390908429,0.4608,0.0,0.4608,0.0,0.4608,0.0,7.8090030950022,44.79127923659047,0.5804996596207963,0.0884987539515915,7.815168761489554,52.75993161576665,0.6352900487625577,0.0226182028752553,0.13824,0.09216,0.0829439999999999,374.4444444444444
684,380.0,0.22482399422174,0.1158479152310304,0.0941118046151342,0.0503586652740933,0.0440195400030499,0.0283448266434806,0.027964271548571,0.0160044019178168,0.0176269841384251,0.013567278188862,0.2424235376910658,0.1172792831080781,0.0974002256993422,0.0537286703713469,0.0490519345401833,0.0345023089884005,0.0295773369886054,0.0242165218147606,0.4528,0.0,0.4528,0.0,0.4528,0.0,7.8090030950022,44.79127923659047,0.5804996596207963,0.0145056140897618,7.815168761489554,52.75993161576665,0.6352900487625577,0.0226182028752553,0.13584,0.09056,0.081504,380.0
694,385.55555555555554,0.2247340887210718,0.1154721506166588,0.0935120578964331,0.0499863170836664,0.0441962665399178,0.0286124850141428,0.0274559352781963,0.015701922441156,0.0174337059025855,0.014078020318774,0.2640598676182608,0.1293347806897512,0.113437136114321,0.0608923260595491,0.0574537604305382,0.0378108277800207,0.0335734243965389,0.0253649566508967,0.4448,0.0,0.4448,0.0,0.4448,0.0,7.8090030950022,44.79127923659047,0.5804996596207963,0.0145056140897618,8.903484153146465,52.75993161576665,0.6352900487625577,0.0226182028752553,0.1334399999999999,0.08896,0.080064,385.55555555555554
704,391.1111111111111,0.2247383439789824,0.1153273707793972,0.0933926319191514,0.0500476598833216,0.044583264190105,0.0288424741784109,0.0273822442558311,0.015866653670563,0.0176241687984539,0.0139191818625895,0.2785093167434062,0.1484181662339817,0.1240360615804564,0.070681037008324,0.0632697013718893,0.0418245176993127,0.036222746762216,0.0270096578376296,0.4367999999999999,0.0,0.4367999999999999,0.0,0.4367999999999999,0.0,7.8090030950022,44.79127923659047,0.5804996596207963,0.0145056140897618,8.903484153146465,44.300080747117605,0.6352900487625577,0.0226182028752553,0.13104,0.08736,0.0786239999999999,391.1111111111111
714,396.6666666666666,0.2245510776624311,0.1155399265003417,0.093358894990055,0.0501323379173162,0.0443300702135859,0.0287436782430987,0.0274528873112578,0.0162213174632428,0.0179030416003647,0.0137583653028333,0.2778718467426841,0.1482528139706752,0.1239588864753692,0.0708126586349865,0.0633386658921369,0.0422702612663144,0.0356558916356536,0.0268362395152389,0.4287999999999999,0.0,0.4287999999999999,0.0,0.4287999999999999,0.0,7.8090030950022,44.79127923659047,0.5804996596207963,0.0145056140897618,8.903484153146465,44.300080747117605,0.6343530325222569,0.0226182028752553,0.1286399999999999,0.08576,0.0771839999999999,396.6666666666666
724,402.2222222222222,0.2247178365884245,0.1155599645876585,0.0933222868750117,0.0502577023943264,0.0440120358579227,0.028881918458628,0.0275670407731623,0.0156511050760811,0.0178439844424775,0.014050055904471,0.2908940565785709,0.1664242306261621,0.1427644300866437,0.0913983315888446,0.0845440906018119,0.0638872309446674,0.0573209176113546,0.0490318337590445,0.4207999999999999,0.0,0.4207999999999999,0.0,0.4207999999999999,0.0,7.8090030950022,44.79127923659047,0.5804996596207963,0.0145056140897618,8.903484153146465,44.300080747117605,0.6343530325222569,0.0450630122218605,0.12624,0.08416,0.0757439999999999,402.2222222222222
734,407.77777777777777,0.2517244104931875,0.1325784682654051,0.1145349937453584,0.0616811726953501,0.0561276041030523,0.0349561454546541,0.0334001986136158,0.0180189650053978,0.0201969569303719,0.015028791834533,0.2907176305933961,0.1666050619224064,0.1425183077883536,0.0909924899875276,0.0847012459525131,0.0644277282893132,0.0572427644986689,0.0491835797081183,0.4127999999999999,0.0,0.4127999999999999,0.0,0.4127999999999999,0.0,9.197046483678411,44.79127923659047,0.5804996596207963,0.0145056140897618,8.903484153146465,44.300080747117605,0.6343530325222569,0.0450630122218605,0.1238399999999999,0.08256,0.0743039999999999,407.77777777777777
744,413.3333333333333,0.2381767248178965,0.113994502825607,0.1035347561182364,0.0520131323109006,0.0493748106901066,0.0301721027642021,0.0301523907787953,0.0158383395131169,0.018598001498372,0.0146118573083635,0.2905368971617398,0.166421136121664,0.1422797338519858,0.0911043093427778,0.0847748934237782,0.0642798809578754,0.0571059850422821,0.049175359435171,0.4048,0.0,0.4048,0.0,0.4048,0.0,9.197046483678411,53.24429476676907,0.5804996596207963,0.0145056140897618,8.903484153146465,44.300080747117605,0.6343530325222569,0.0450630122218605,0.12144,0.08096,0.072864,413.3333333333333
754,418.88888888888886,0.2171191062079346,0.1049795990578927,0.0950057021375726,0.048752846356702,0.0457024176264924,0.0285457337299504,0.0287770337674279,0.0155004010665196,0.0184466466286676,0.0147968896662181,0.290764271892026,0.16653487121884,0.1419455784432358,0.0908039509462651,0.0850589914909998,0.0641982362631979,0.056881116747195,0.0496156231454294,0.3968,0.0,0.3968,0.0,0.3968,0.0,9.197046483678411,53.24429476676907,0.5263231631616612,0.0145056140897618,8.903484153146465,44.300080747117605,0.6343530325222569,0.0450630122218605,0.11904,0.07936,0.071424,418.88888888888886
764,424.4444444444444,0.2851766775308469,0.1979082426145876,0.1896568369582966,0.1535118408383586,0.1510817264789797,0.1382256921531758,0.138775630218755,0.1268408020299607,0.1296663778791548,0.1268645789255973,0.2907093342308904,0.1664857337818902,0.1419549991622576,0.0903945529852811,0.0849795411120759,0.064240885423704,0.0571921204200861,0.0493702477827928,0.3888,0.0,0.3888,0.0,0.3888,0.0,9.197046483678411,53.24429476676907,0.5263231631616612,0.1267611481311829,8.903484153146465,44.300080747117605,0.6343530325222569,0.0450630122218605,0.11664,0.07776,0.069984,424.4444444444444
774,430.0,0.2846105060955067,0.1981234361307952,0.1895272596100853,0.1539864729650189,0.1514652699343184,0.1385337808055483,0.1390418407932673,0.1268268526884559,0.129768689519591,0.1268627592872889,0.2893465493994955,0.1653115305380717,0.1412607739958102,0.0898950392125625,0.0843724932996243,0.0638209432988765,0.0568135254430836,0.0493708191656142,0.3808,0.0,0.3808,0.0,0.3808,0.0,9.197046483678411,53.24429476676907,0.5263231631616612,0.1267611481311829,8.834844513434938,44.300080747117605,0.6343530325222569,0.0450630122218605,0.11424,0.07616,0.068544,430.0
784,435.55555555555554,0.2849754285990143,0.1981324344366042,0.1892916117688133,0.1540957739168246,0.151390921706731,0.1383485667964684,0.1389042223821765,0.1266297924135231,0.1300094863392752,0.1264113850345949,0.2691550834541819,0.1379664584056907,0.1258372799794523,0.0768123578709294,0.07610690929754,0.0581484105767398,0.0531800908207822,0.0472240653542637,0.3728,0.0,0.3728,0.0,0.3728,0.0,9.197046483678411,53.24429476676907,0.5263231631616612,0.1267611481311829,8.834844513434938,58.07833576391853,0.6343530325222569,0.0450630122218605,0.11184,0.07456,0.067104,435.55555555555554
794,441.1111111111111,0.2852435463884556,0.1981140221471675,0.1891658337774729,0.1535969636337757,0.1511973943288838,0.1379276414933042,0.138777515327688,0.1267424761661771,0.130038534908621,0.1264497932183672,0.2616743919021522,0.1349452679155389,0.1223889252420033,0.0756307809039282,0.0753943259091096,0.057897833376862,0.052549733166206,0.0476528398047534,0.3648,0.0,0.3648,0.0,0.3648,0.0,9.197046483678411,53.24429476676907,0.5263231631616612,0.1267611481311829,8.834844513434938,58.07833576391853,0.6139438295718554,0.0450630122218605,0.10944,0.07296,0.065664,441.1111111111111
804,446.6666666666666,0.2851295808545357,0.1982135218659136,0.1891130192022477,0.1534265259219797,0.1510990726610818,0.137770132565359,0.1387225680551935,0.1265703361857988,0.1299588068225,0.1262666414718496,0.2467892461145101,0.1155524468748301,0.1023390481119499,0.0538321936602704,0.05313559414035,0.0348312681658312,0.0292565425475309,0.0242818140261639,0.3568,0.0,0.3568,0.0,0.3568,0.0,9.197046483678411,53.24429476676907,0.5263231631616612,0.1267611481311829,8.834844513434938,58.07833576391853,0.6139438295718554,0.021818993064139,0.10704,0.07136,0.064224,446.6666666666666
814,452.2222222222222,0.2553986012101812,0.1816573906116509,0.1685390823575656,0.1434496466377244,0.1398509746027586,0.1327161788491088,0.1334839344995923,0.1245722494208323,0.128451699716299,0.1254879873196472,0.2467415891009451,0.1153534108697736,0.1023445542899587,0.053854436513192,0.0529927624229768,0.0349757383444266,0.029456301209333,0.0242342857409355,0.3488,0.0,0.3488,0.0,0.3488,0.0,7.015883183898664,53.24429476676907,0.5263231631616612,0.1267611481311829,8.834844513434938,58.07833576391853,0.6139438295718554,0.021818993064139,0.10464,0.06976,0.0627839999999999,452.2222222222222
824,457.77777777777777,0.2515179970658354,0.1765561202850516,0.165890043837421,0.1414491010261351,0.1389105881015755,0.1321494231585432,0.1329533288648366,0.1247796786546913,0.1283195931794062,0.1254439225750729,0.2465532983636001,0.1152407885746421,0.1024445337534993,0.0538912497971096,0.0532277176061905,0.0347471569330853,0.0295544908348265,0.0243206289406866,0.3408,0.0,0.3408,0.0,0.3408,0.0,7.015883183898664,58.55811369489049,0.5263231631616612,0.1267611481311829,8.834844513434938,58.07833576391853,0.6139438295718554,0.021818993064139,0.10224,0.06816,0.0613439999999999,457.77777777777777
834,463.3333333333333,0.2778577116644065,0.1867057690666945,0.1738532003544309,0.144087122915168,0.1413387488106896,0.1328898180054539,0.1339976508154328,0.1256447900550222,0.1287817146849496,0.1257321948475133,0.2465363206000074,0.1152033636454867,0.1021190598345735,0.0536713373691458,0.053526701440277,0.0348189661933141,0.0296180276045797,0.0238512335816312,0.3328,0.0,0.3328,0.0,0.3328,0.0,7.015883183898664,58.55811369489049,0.6104652975334527,0.1267611481311829,8.834844513434938,58.07833576391853,0.6139438295718554,0.021818993064139,0.09984,0.06656,0.0599039999999999,463.3333333333333
844,468.88888888888886,0.2094027413951632,0.098808546834713,0.0839449548542452,0.0475976726717413,0.0448149587403938,0.0344259336636345,0.0354122832594481,0.0260440174026769,0.0297637220890634,0.0261862920369568,0.2466140038902609,0.1154650352802745,0.1023292892183494,0.0536614497088849,0.0533985065525096,0.0348395376340573,0.0298712656354373,0.0240401176377264,0.3248,0.0,0.3248,0.0,0.3248,0.0,7.015883183898664,58.55811369489049,0.6104652975334527,0.0270828747673367,8.834844513434938,58.07833576391853,0.6139438295718554,0.021818993064139,0.0974399999999999,0.06496,0.0584639999999999,468.88888888888886
854,474.4444444444444,0.2092727782370426,0.0986608963109577,0.0837654384179749,0.0479335182791389,0.0448207359045235,0.0345348563983901,0.0355956379844984,0.0260659473305879,0.0297998175151356,0.0261514086856797,0.2430524172619262,0.1137867621894867,0.0997844813452054,0.0527727693351131,0.05224280124897,0.0340908668029402,0.0291024564625029,0.0233885388912864,0.3167999999999999,0.0,0.3167999999999999,0.0,0.3167999999999999,0.0,7.015883183898664,58.55811369489049,0.6104652975334527,0.0270828747673367,8.65217068258941,58.07833576391853,0.6139438295718554,0.021818993064139,0.0950399999999999,0.06336,0.0570239999999999,474.4444444444444
864,480.0,0.2090147044218735,0.0986862719601473,0.0835666816426665,0.0478602639516685,0.0448021726244927,0.0345141096260319,0.0349118260371422,0.0261626773847789,0.0300062747005044,0.0261995942262151,0.2492396196465305,0.1225074916653515,0.1039672701563342,0.0566470033732029,0.0547371412340434,0.0359679073803118,0.0299453940010894,0.0240518365871434,0.3087999999999999,0.0,0.3087999999999999,0.0,0.3087999999999999,0.0,7.015883183898664,58.55811369489049,0.6104652975334527,0.0270828747673367,8.65217068258941,52.83143410444961,0.6139438295718554,0.021818993064139,0.0926399999999999,0.0617599999999999,0.0555839999999999,480.0
874,485.55555555555554,0.2088046627431662,0.0989682586434898,0.0833584564773024,0.0479748357255077,0.0448017088021243,0.0348177615830909,0.0350569396915671,0.026493789412313,0.0299144414715608,0.0261413386522062,0.2487956565501976,0.122328305063291,0.1040235679947107,0.0569492137305076,0.0548964498440036,0.0356195544695588,0.0300537134506305,0.0241938537030241,0.3007999999999999,0.0,0.3007999999999999,0.0,0.3007999999999999,0.0,7.015883183898664,58.55811369489049,0.6104652975334527,0.0270828747673367,8.65217068258941,52.83143410444961,0.6139388548947615,0.021818993064139,0.0902399999999999,0.0601599999999999,0.0541439999999999,485.55555555555554
884,491.1111111111111,0.2087864017645565,0.0989082306195236,0.0831928317198395,0.0479274138447947,0.0449132194150762,0.0348543699466468,0.0352069342819324,0.026151590181633,0.0299746545365456,0.026578804308356,0.2698970384017514,0.1514692234789065,0.1333354456524912,0.0892993759457276,0.0875257919773348,0.0691848395234856,0.0640017843071053,0.0579989852066361,0.2927999999999999,0.0,0.2927999999999999,0.0,0.2927999999999999,0.0,7.015883183898664,58.55811369489049,0.6104652975334527,0.0270828747673367,8.65217068258941,52.83143410444961,0.6139388548947615,0.056443175419488,0.0878399999999999,0.0585599999999999,0.0527039999999999,491.1111111111111
894,496.6666666666666,0.2226771792772693,0.1056409846873293,0.0920247480458428,0.0521591988057129,0.0488672605535775,0.0367203869335335,0.0370422393451391,0.0267624938980119,0.0307847866340152,0.0271431834514029,0.2694954792124436,0.1511827833205274,0.1335287432950072,0.0889809905520287,0.0879237123364744,0.0690885739715585,0.0641947571058528,0.0582192000091241,0.2848,0.0,0.2848,0.0,0.2848,0.0,7.715056902902815,58.55811369489049,0.6104652975334527,0.0270828747673367,8.65217068258941,52.83143410444961,0.6139388548947615,0.056443175419488,0.08544,0.05696,0.051264,496.6666666666666
904,502.2222222222222,0.2408752451119536,0.1296972011755134,0.1040853056202206,0.0630862522759278,0.0550160073810728,0.0413401776880865,0.0397875585014965,0.0287684032362743,0.0318820311981127,0.0275574018459954,0.2696951279877878,0.1512928398200217,0.1330501277417842,0.0890034870377041,0.0879903822862922,0.0688746141865439,0.0642546887259546,0.0585294110700918,0.2768,0.0,0.2768,0.0,0.2768,0.0,7.715056902902815,44.789784253636896,0.6104652975334527,0.0270828747673367,8.65217068258941,52.83143410444961,0.6139388548947615,0.056443175419488,0.08304,0.05536,0.049824,502.2222222222222
914,507.77777777777777,0.2029364202719761,0.1118592873511268,0.0903492412417165,0.0567841428396206,0.050083325850054,0.0395065396156398,0.0381630331805946,0.0282429163039107,0.031553145632829,0.0272902488806319,0.2698296325847947,0.1514904492195281,0.1330563870942126,0.0891264768729574,0.0877702745376881,0.0685624594742792,0.0637106043988925,0.0585922571096471,0.2688,0.0,0.2688,0.0,0.2688,0.0,7.715056902902815,44.789784253636896,0.5076114573382479,0.0270828747673367,8.65217068258941,52.83143410444961,0.6139388548947615,0.056443175419488,0.08064,0.05376,0.048384,507.77777777777777
924,513.3333333333333,0.2688813105360503,0.1979699867793306,0.1807362280005783,0.1548427416851811,0.1491219153735897,0.141354252992789,0.1406169600899411,0.1316798057929559,0.1353683551059625,0.1314281449662241,0.2698374398731635,0.1518187935925871,0.133139921972185,0.0891340166436724,0.0876605341946877,0.0682680361049709,0.0638532701835077,0.0585348522764382,0.2608,0.0,0.2608,0.0,0.2608,0.0,7.715056902902815,44.789784253636896,0.5076114573382479,0.1314328212163906,8.65217068258941,52.83143410444961,0.6139388548947615,0.056443175419488,0.07824,0.05216,0.046944,513.3333333333333
934,518.8888888888889,0.2691654155071731,0.1982116292374942,0.1803781730272995,0.1548288501787534,0.1491210902990515,0.1412187829371826,0.1403556901803823,0.1316307208204127,0.1355447146922169,0.1315007228349012,0.2464945178617444,0.1390055962069839,0.1169283251301111,0.0818357027632486,0.0793391346530986,0.0648197602561114,0.0603756639831247,0.0571769331097478,0.2528,0.0,0.2528,0.0,0.2528,0.0,7.715056902902815,44.789784253636896,0.5076114573382479,0.1314328212163906,7.403190650442289,52.83143410444961,0.6139388548947615,0.056443175419488,0.07584,0.05056,0.045504,518.8888888888889
944,524.4444444444445,0.2690314850967287,0.1980490425023841,0.1803112508517035,0.1547615481286258,0.1490257656643058,0.1411980262877013,0.1400482662066652,0.1319332454615162,0.1358016424485629,0.1317235226179891,0.2487881009582001,0.1422680114838937,0.118718045985743,0.0832521211761833,0.0797641847993653,0.0652901327797552,0.0604109458678109,0.0573752807542495,0.2448,0.0,0.2448,0.0,0.2448,0.0,7.715056902902815,44.789784253636896,0.5076114573382479,0.1314328212163906,7.403190650442289,50.95270398427471,0.6139388548947615,0.056443175419488,0.07344,0.04896,0.044064,524.4444444444445
954,530.0,0.2689474542152349,0.1982142448037724,0.1803778024668288,0.1551128733650661,0.1490526794942423,0.1408340733057362,0.1397652682372212,0.1321925327751611,0.1362230377317306,0.1313999575409646,0.2317672785369393,0.1347807098759026,0.1129712428585878,0.0806652169210245,0.077982903968799,0.0647443420379708,0.0602380277400691,0.0574797923320897,0.2368,0.0,0.2368,0.0,0.2368,0.0,7.715056902902815,44.789784253636896,0.5076114573382479,0.1314328212163906,7.403190650442289,50.95270398427471,0.564432661956045,0.056443175419488,0.07104,0.04736,0.042624,530.0
964,535.5555555555555,0.2690245918777458,0.1980197757021275,0.1803734150591423,0.1548272648433221,0.1489322864889186,0.141031285738993,0.1395424469272621,0.1320084619348593,0.1359894976752483,0.1313961103247246,0.2690278672211083,0.1830683563948454,0.1628372918806942,0.1342456413786675,0.1323118852801568,0.120000912718973,0.1157834859576391,0.1134185417831097,0.2288,0.0,0.2288,0.0,0.2288,0.0,7.715056902902815,44.789784253636896,0.5076114573382479,0.1314328212163906,7.403190650442289,50.95270398427471,0.564432661956045,0.1126987379782391,0.0686399999999999,0.04576,0.041184,535.5555555555555
974,541.1111111111111,0.2515003494438078,0.1876420597221194,0.1685612596432283,0.1487256537719015,0.142713431188779,0.1381309299409276,0.1367133413174268,0.1308236425089451,0.1349572579540027,0.1309281112279663,0.2688119243818084,0.1825890577349355,0.1630023126350339,0.1345594704299281,0.1323526541892502,0.1198856198311129,0.1160297700239406,0.1132878823009568,0.2208,0.0,0.2208,0.0,0.2208,0.0,6.480629986565633,44.789784253636896,0.5076114573382479,0.1314328212163906,7.403190650442289,50.95270398427471,0.564432661956045,0.1126987379782391,0.06624,0.04416,0.0397439999999999,541.1111111111111
984,546.6666666666666,0.2491540433389258,0.1847176375953022,0.1669118825814341,0.1474137491648277,0.1421525672621314,0.1378378006792891,0.1361109631431506,0.1306483335153368,0.1348239492414194,0.1310137699488101,0.2680029928701672,0.1821967504924335,0.1630148546366369,0.1346542991383346,0.132055421326899,0.1196622354644918,0.1157217861718696,0.113561216714809,0.2128,0.0,0.2128,0.0,0.2128,0.0,6.480629986565633,47.44370545130408,0.5076114573382479,0.1314328212163906,7.403190650442289,50.95270398427471,0.564432661956045,0.1126987379782391,0.06384,0.04256,0.038304,546.6666666666666
994,552.2222222222222,0.2484492953391791,0.1843425988713914,0.1665574466275005,0.1475303406289833,0.1418570617492146,0.1375461822988833,0.1359454137842858,0.1306965253762654,0.1348120364450614,0.1308590910183548,0.2679131739031331,0.1824018784214455,0.1629362021686125,0.1344001415159716,0.1322600611333762,0.1197246316583342,0.1156079846334934,0.1138052891102637,0.2047999999999999,0.0,0.2047999999999999,0.0,0.2047999999999999,0.0,6.480629986565633,47.44370545130408,0.5060700588768223,0.1314328212163906,7.403190650442289,50.95270398427471,0.564432661956045,0.1126987379782391,0.0614399999999999,0.0409599999999999,0.0368639999999999,552.2222222222222
1004,557.7777777777777,0.1709650389875672,0.0867812220475619,0.06515676440175,0.0389512623845224,0.0326224836936752,0.026196937239869,0.02428444353707,0.0183606972665589,0.0221368023656072,0.0180422095910405,0.2677865708715664,0.1824991693410527,0.1624476922160872,0.1342107645948565,0.1323512406970813,0.1198151475243245,0.115856546882184,0.1143856109026078,0.1967999999999999,0.0,0.1967999999999999,0.0,0.1967999999999999,0.0,6.480629986565633,47.44370545130408,0.5060700588768223,0.0184338153307514,7.403190650442289,50.95270398427471,0.564432661956045,0.1126987379782391,0.0590399999999999,0.03936,0.035424,557.7777777777777
1014,563.3333333333333,0.1708590774471215,0.0869058180137975,0.0653175497609074,0.0393323108173536,0.0326953773701819,0.026291018378605,0.0242050111858538,0.018284083696868,0.0219443300776556,0.0177973107516948,0.2901543953671041,0.1951235550426417,0.1784326855371238,0.1420015679362551,0.1406340776419287,0.1235813277566077,0.1191140292964744,0.1158719450784657,0.1887999999999999,0.0,0.1887999999999999,0.0,0.1887999999999999,0.0,6.480629986565633,47.44370545130408,0.5060700588768223,0.0184338153307514,8.901444706192104,50.95270398427471,0.564432661956045,0.1126987379782391,0.0566399999999999,0.0377599999999999,0.0339839999999999,563.3333333333333
1024,568.8888888888889,0.1709234918362039,0.0871616261147465,0.0651573586174377,0.0391627053004351,0.0327698222184845,0.026710012934234,0.0240416922795441,0.0181253416977963,0.0217512121321244,0.0175877555764524,0.2878529831630339,0.1916583232330856,0.1765918849263959,0.1406470916108324,0.1399740464689182,0.1230940848737578,0.1188185429497505,0.1155428944730276,0.1807999999999999,0.0,0.1807999999999999,0.0,0.1807999999999999,0.0,6.480629986565633,47.44370545130408,0.5060700588768223,0.0184338153307514,8.901444706192104,53.15521460077029,0.564432661956045,0.1126987379782391,0.0542399999999999,0.0361599999999999,0.0325439999999999,568.8888888888889
1034,574.4444444444445,0.1710067927882139,0.0869483930437355,0.0652906273385963,0.0389311196100455,0.0326526654083927,0.0265769268055435,0.0238901647315975,0.0183774284311298,0.0218048843675285,0.0170862162920539,0.2963090505981806,0.195341315874519,0.1799070299295295,0.1417912422952193,0.1408708760392655,0.12378665729857,0.1192960992865558,0.1156486497224609,0.1727999999999999,0.0,0.1727999999999999,0.0,0.1727999999999999,0.0,6.480629986565633,47.44370545130408,0.5060700588768223,0.0184338153307514,8.901444706192104,53.15521460077029,0.5856440492778963,0.1126987379782391,0.0518399999999999,0.0345599999999999,0.0311039999999999,574.4444444444445
1044,580.0,0.1710603401777916,0.0868168520622336,0.0653370829922858,0.0388970910928194,0.0323942275442243,0.0264482372455955,0.0239700668076278,0.0184946123509056,0.0216167176363601,0.0169940170436456,0.2753918494290899,0.1669927730156592,0.1505538307382952,0.1096925402925408,0.1089713563079167,0.0905225908521902,0.0862856939751228,0.0816084493317475,0.1647999999999999,0.0,0.1647999999999999,0.0,0.1647999999999999,0.0,6.480629986565633,47.44370545130408,0.5060700588768223,0.0184338153307514,8.901444706192104,53.15521460077029,0.5856440492778963,0.078561016186572,0.0494399999999999,0.0329599999999999,0.0296639999999999,580.0
1054,585.5555555555555,0.2173913204871988,0.1139653182959948,0.0985134665831655,0.0562988097275541,0.0500094310823153,0.0349506140090455,0.0321013839438659,0.0223774348596832,0.0244282597969857,0.0184361253068112,0.2753744704390876,0.1669345641955841,0.1508565428901288,0.110015658012937,0.1091510727564008,0.0906771263938659,0.0867615544364737,0.081875818372928,0.1568,0.0,0.1568,0.0,0.1568,0.0,9.192989467407278,47.44370545130408,0.5060700588768223,0.0184338153307514,8.901444706192104,53.15521460077029,0.5856440492778963,0.078561016186572,0.04704,0.03136,0.028224,585.5555555555555
1064,591.1111111111111,0.2183502927322893,0.1153653539492846,0.0993921537297039,0.0568727370111023,0.0502231822609118,0.0352344332226009,0.0320267954175134,0.0227920908205283,0.0247088360464876,0.0184180674445327,0.2754102290234616,0.1668354229409641,0.1511661681176657,0.1100060406730625,0.1094257232802422,0.0904910638363183,0.0867769902246512,0.081682190599938,0.1488,0.0,0.1488,0.0,0.1488,0.0,9.192989467407278,46.88421333992052,0.5060700588768223,0.0184338153307514,8.901444706192104,53.15521460077029,0.5856440492778963,0.078561016186572,0.04464,0.02976,0.026784,591.1111111111111
1074,596.6666666666666,0.2641568699668529,0.1370062912202365,0.1180980421099599,0.0657605103613731,0.057748425792694,0.0391404308498136,0.035066917878422,0.0239229976253384,0.0262697935228884,0.0190244281800742,0.275121411081746,0.1670816662537205,0.1510611776322626,0.1099801289713077,0.108746035065115,0.0906289799091502,0.0869512060927595,0.0816189072622016,0.1408,0.0,0.1408,0.0,0.1408,0.0,9.192989467407278,46.88421333992052,0.6180581964579429,0.0184338153307514,8.901444706192104,53.15521460077029,0.5856440492778963,0.078561016186572,0.04224,0.02816,0.025344,596.6666666666666
1084,602.2222222222222,0.3140072309312653,0.2042552762243294,0.1878244789293546,0.1430637375681939,0.1362505864781715,0.1203497941577373,0.1167719152623773,0.1068383376011124,0.1093930750930037,0.1023332492039273,0.2748187751759033,0.1674399503563665,0.1510057563380855,0.1099456483417746,0.1082256160407667,0.090475212839187,0.0873109691679868,0.081336606147923,0.1328,0.0,0.1328,0.0,0.1328,0.0,9.192989467407278,46.88421333992052,0.6180581964579429,0.1025526560009315,8.901444706192104,53.15521460077029,0.5856440492778963,0.078561016186572,0.03984,0.02656,0.023904,602.2222222222222
1094,607.7777777777777,0.3142373697317737,0.2043369180856581,0.1878075175148586,0.143099765221566,0.1363016622354687,0.1202573711185292,0.1171021570340918,0.1072745877987966,0.1094009961761138,0.1020957180585322,0.2437820268586828,0.1502614394679272,0.1293201627773141,0.1002112812676495,0.0974572378159729,0.0858310399683451,0.0828976791857316,0.0797249529281587,0.1248,0.0,0.1248,0.0,0.1248,0.0,9.192989467407278,46.88421333992052,0.6180581964579429,0.1025526560009315,7.066241331070536,53.15521460077029,0.5856440492778963,0.078561016186572,0.03744,0.02496,0.022464,607.7777777777777
1104,613.3333333333333,0.3144808334865848,0.2038040190095357,0.1873644878126271,0.1432032672875686,0.1361144460402803,0.1200987971484121,0.117165713915617,0.1073100162570216,0.1094255624467046,0.1026174706286624,0.2467478348163585,0.1539050287733935,0.1313262069290401,0.1014267742102649,0.0978200963621825,0.085892561643802,0.0830722812654544,0.0796760641437244,0.1168,0.0,0.1168,0.0,0.1168,0.0,9.192989467407278,46.88421333992052,0.6180581964579429,0.1025526560009315,7.066241331070536,50.3819697299198,0.5856440492778963,0.078561016186572,0.03504,0.02336,0.021024,613.3333333333333
1114,618.8888888888888,0.3143542880191043,0.2037441041030396,0.1874414552734086,0.1434973740104091,0.1359717339658828,0.1199330674950009,0.117625884070522,0.1074327433845224,0.109925819352115,0.1025946942211267,0.2690948379773056,0.1630953371826921,0.1387164219879952,0.104470485264905,0.1001671076359342,0.0866206238782797,0.0838741556243159,0.0803750223968624,0.1088,0.0,0.1088,0.0,0.1088,0.0,9.192989467407278,46.88421333992052,0.6180581964579429,0.1025526560009315,7.066241331070536,50.3819697299198,0.6530494766557045,0.078561016186572,0.03264,0.02176,0.019584,618.8888888888888
1124,624.4444444444445,0.3143135816078767,0.2038093401704822,0.1874437370273658,0.1436355848510349,0.1358824887151843,0.1199734386216115,0.1176536618864231,0.107453600155153,0.1099977997401093,0.1025624384704346,0.3075298240747853,0.2126257982930641,0.1900988974181176,0.1593011700437092,0.1556178863455642,0.1436101106939682,0.1408592995663404,0.1388970292724826,0.1008,0.0,0.1008,0.0,0.1008,0.0,9.192989467407278,46.88421333992052,0.6180581964579429,0.1025526560009315,7.066241331070536,50.3819697299198,0.6530494766557045,0.1363768970985825,0.03024,0.02016,0.018144,624.4444444444445
1134,630.0,0.2726751523525275,0.1792190532401222,0.1568135283758645,0.1278845367051819,0.1189921539000913,0.1121261108174309,0.1094482352253459,0.1037727328274413,0.1067989841540779,0.1015454263058637,0.3076438059601439,0.2126036653307672,0.1903375176890498,0.1591766363344812,0.155789507658815,0.1440173363588005,0.1409878447353347,0.1385781256790813,0.0928,0.0,0.0928,0.0,0.0928,0.0,6.88339928984581,46.88421333992052,0.6180581964579429,0.1025526560009315,7.066241331070536,50.3819697299198,0.6530494766557045,0.1363768970985825,0.0278399999999999,0.01856,0.0167039999999999,630.0
1144,635.5555555555555,0.2606514076835944,0.1642162332657269,0.1494231985803822,0.1214016074475694,0.115205341031298,0.1095200698255695,0.1076301358637469,0.1028361021149665,0.1061815755174891,0.1012542973612644,0.307363382659404,0.2125602458105517,0.1904790134408377,0.158939295316367,0.1557774762551639,0.1441097925661785,0.1410175282982853,0.1384930695797938,0.0847999999999999,0.0,0.0847999999999999,0.0,0.0847999999999999,0.0,6.88339928984581,58.66838784614857,0.6180581964579429,0.1025526560009315,7.066241331070536,50.3819697299198,0.6530494766557045,0.1363768970985825,0.0254399999999999,0.01696,0.0152639999999999,635.5555555555555
1154,641.1111111111111,0.2246641275901147,0.1504659313216673,0.1385043488895903,0.1174212817541315,0.1113890160589055,0.1078707844076328,0.1069014034644646,0.1029681793621061,0.1059686138432854,0.1014898461814311,0.3076199515992186,0.2127059022232592,0.190668345036353,0.1590546098802209,0.1562416203098438,0.1439213066881331,0.1409624262673711,0.1387487077766959,0.0767999999999999,0.0,0.0767999999999999,0.0,0.0767999999999999,0.0,6.88339928984581,58.66838784614857,0.5010357731630865,0.1025526560009315,7.066241331070536,50.3819697299198,0.6530494766557045,0.1363768970985825,0.0230399999999999,0.0153599999999999,0.0138239999999999,641.1111111111111
1164,646.6666666666666,0.2320637992059915,0.1601874742218405,0.1478036855881309,0.1271293404388675,0.1213280206798936,0.1181981409470128,0.117408977670481,0.1132367247490852,0.1167239142548654,0.1120984553975985,0.3076884459646679,0.2125931841407645,0.1903838720063527,0.1590494929061132,0.1562232146490249,0.1436980717367887,0.1407829675357407,0.1386009006834585,0.0687999999999999,0.0,0.0687999999999999,0.0,0.0687999999999999,0.0,6.88339928984581,58.66838784614857,0.5010357731630865,0.112946625539663,7.066241331070536,50.3819697299198,0.6530494766557045,0.1363768970985825,0.0206399999999999,0.0137599999999999,0.0123839999999999,646.6666666666666
1174,652.2222222222222,0.2321321818165208,0.1601174115729698,0.1479469557504322,0.1271449613408782,0.1212230626466461,0.1181023111794835,0.1173128126055545,0.1136428208321583,0.1165384745383206,0.1123042044135284,0.3317733464126413,0.2257139077577853,0.2072038768894508,0.1671394619051785,0.1641283741370329,0.1475385249217264,0.1445433471103633,0.140598390545135,0.0607999999999999,0.0,0.0607999999999999,0.0,0.0607999999999999,0.0,6.88339928984581,58.66838784614857,0.5010357731630865,0.112946625539663,8.431580490951735,50.3819697299198,0.6530494766557045,0.1363768970985825,0.0182399999999999,0.0121599999999999,0.0109439999999999,652.2222222222222
1184,657.7777777777777,0.2316446051679021,0.1601951667221081,0.1479436385087919,0.1265889839119914,0.12154958773219,0.1183522704930195,0.1176984257544661,0.1138146652088021,0.1164947867739109,0.1124988806780901,0.3427333954370744,0.2403684140145005,0.2153517212674449,0.1745620264325342,0.1683656598406344,0.1502340004512777,0.146295147876788,0.1417325270143777,0.0527999999999999,0.0,0.0527999999999999,0.0,0.0527999999999999,0.0,6.88339928984581,58.66838784614857,0.5010357731630865,0.112946625539663,8.431580490951735,42.73528103085163,0.6530494766557045,0.1363768970985825,0.0158399999999999,0.0105599999999999,0.0095039999999999,657.7777777777777
1194,663.3333333333333,0.2310658882819202,0.1603301461925185,0.1481456469036084,0.1266244294490446,0.1216105489142377,0.1182963169525854,0.1177304839030104,0.1139009637462993,0.1165260136169027,0.1126969913961931,0.3153319773351712,0.2267141465511323,0.2047108925151471,0.1694771206765481,0.1645001662775641,0.1481859623503227,0.1449763988787041,0.1410284454677396,0.0447999999999999,0.0,0.0447999999999999,0.0,0.0447999999999999,0.0,6.88339928984581,58.66838784614857,0.5010357731630865,0.112946625539663,8.431580490951735,42.73528103085163,0.583780730182637,0.1363768970985825,0.0134399999999999,0.0089599999999999,0.0080639999999999,663.3333333333333
1204,668.8888888888888,0.2306361283436598,0.1607208251318843,0.1484478139653628,0.1262972970668442,0.1215570267456915,0.1181722614332871,0.1176632181062309,0.1136340630800839,0.1162741052250894,0.1127584933218862,0.3068227425830449,0.2150162415688752,0.192865033523871,0.156157871469251,0.1510875640130722,0.1348821361607458,0.1311396881082732,0.1268704291609622,0.0368,0.0,0.0368,0.0,0.0368,0.0,6.88339928984581,58.66838784614857,0.5010357731630865,0.112946625539663,8.431580490951735,42.73528103085163,0.583780730182637,0.1222884416992568,0.01104,0.00736,0.006624,668.8888888888888
1214,674.4444444444445,0.2246311351147934,0.1579816639739573,0.1447418032658538,0.1247206754477597,0.1198424128715796,0.1175345342533366,0.1167330473037214,0.1131613481475264,0.1162971150807413,0.1125435300313129,0.306989935297574,0.2151775239576317,0.1928802426846291,0.1560913291802493,0.1509945576883845,0.1344946486228979,0.1310749817944801,0.1269262804747879,0.0288,0.0,0.0288,0.0,0.0288,0.0,6.4456678069907545,58.66838784614857,0.5010357731630865,0.112946625539663,8.431580490951735,42.73528103085163,0.583780730182637,0.1222884416992568,0.00864,0.00576,0.005184,674.4444444444445
1224,680.0,0.2285140286958839,0.1634427205380018,0.1469971594155443,0.1266324182827829,0.120773802094507,0.1176723355084193,0.1174430562589347,0.1126643610529828,0.1163879309089644,0.1130455518980472,0.3069305503269549,0.2154466381593429,0.1932154512382023,0.1564285296131874,0.1511040075755376,0.1343653159502985,0.1313840894433733,0.1268389930172,0.0208,0.0,0.0208,0.0,0.0208,0.0,6.4456678069907545,52.569238957325815,0.5010357731630865,0.112946625539663,8.431580490951735,42.73528103085163,0.583780730182637,0.1222884416992568,0.00624,0.00416,0.003744,680.0
1234,685.5555555555555,0.2762121632943446,0.1831105963996455,0.1615448205662721,0.1324497938466182,0.125320395069148,0.1190889337277257,0.1189337434464566,0.1134287395779683,0.1166108458578246,0.1134996164913034,0.3067461000903171,0.2155485656781545,0.1932454212120849,0.1563646251345791,0.151209010453907,0.1341910721759976,0.1312098015542111,0.1269001230006376,0.0128,0.0,0.0128,0.0,0.0128,0.0,6.4456678069907545,52.569238957325815,0.6586047316196068,0.112946625539663,8.431580490951735,42.73528103085163,0.583780730182637,0.1222884416992568,0.00384,0.00256,0.002304,685.5555555555555
1244,691.1111111111111,0.2506674754617341,0.1514156751328018,0.1287692612032285,0.0976680372647632,0.0905353483278245,0.0836859446564779,0.0831203492627639,0.0771200739722816,0.0810771037259332,0.0776648894224956,0.3063964806449026,0.2155828228458406,0.1931387233720894,0.1557947516927451,0.1512002502561733,0.1345838171431859,0.1313061124534499,0.1269454072151441,0.0048,0.0,0.0048,0.0,0.0048,0.0,6.4456678069907545,52.569238957325815,0.6586047316196068,0.0769505374233312,8.431580490951735,42.73528103085163,0.583780730182637,0.1222884416992568,0.00144,0.00096,0.000864,691.1111111111111
1254,696.6666666666666,0.2505892088995476,0.1517031651094792,0.1288603265997413,0.0973424137290522,0.0904403236791004,0.0834886122336405,0.0830059876827784,0.0769550398493227,0.0811939834615886,0.0777083265913262,0.3024557072650664,0.2127958191437762,0.1901279388296745,0.1540578977583597,0.1495747480063643,0.133589188669088,0.1305400997445341,0.1264880081880897,-0.0032,0.0,-0.0032,0.0,-0.0032,0.0,6.4456678069907545,52.569238957325815,0.6586047316196068,0.0769505374233312,8.17754826165326,42.73528103085163,0.583780730182637,0.1222884416992568,-0.00096,-0.00064,-0.000576,696.6666666666666
1264,702.2222222222222,0.2506442004892647,0.1517721295255634,0.1284752817315748,0.0970836376809136,0.0906067404337241,0.0834556191631005,0.0832296817326996,0.0767073954714002,0.0813000228597286,0.078095484934897,0.3000647144292835,0.2092065226278232,0.1885506012948686,0.1524973076066104,0.1483847234880528,0.1327550668407852,0.1300602915179948,0.1261046325356084,-0.0112,0.0,-0.0112,0.0,-0.0112,0.0,6.4456678069907545,52.569238957325815,0.6586047316196068,0.0769505374233312,8.17754826165326,44.52846965394288,0.583780730182637,0.1222884416992568,-0.00336,-0.00224,-0.002016,702.2222222222222
1274,707.7777777777777,0.2506715960263848,0.1513781306671513,0.1286629016242864,0.0968517386408864,0.0909679158697711,0.0832361739908033,0.0831467485230032,0.0763134547863148,0.0811506218420845,0.0783721600866734,0.283125817486754,0.2010081803225928,0.1824517589242115,0.1500417862931442,0.1465256721273851,0.1315395654039476,0.1289711125270769,0.1260149396609878,-0.0192000000000001,0.0,-0.0192000000000001,0.0,-0.0192000000000001,0.0,6.4456678069907545,52.569238957325815,0.6586047316196068,0.0769505374233312,8.17754826165326,44.52846965394288,0.5397042295985346,0.1222884416992568,-0.00576,-0.00384,-0.003456,707.7777777777777
1284,713.3333333333333,0.2507499153796258,0.1514095780213196,0.1290053749526054,0.0971133290658499,0.0907927868234972,0.0833614185643236,0.0828643547097062,0.0761266778739935,0.08099654264007,0.078405489459378,0.2414328225376962,0.1456957713844924,0.1244958207710591,0.0872407859505268,0.0822786905994094,0.065485685968169,0.0624905048526106,0.0585089483934454,-0.0271999999999998,0.0,-0.0271999999999998,0.0,-0.0271999999999998,0.0,6.4456678069907545,52.569238957325815,0.6586047316196068,0.0769505374233312,8.17754826165326,44.52846965394288,0.5397042295985346,0.0544690425825527,-0.0081599999999999,-0.0054399999999999,-0.0048959999999999,713.3333333333333
1294,718.8888888888888,0.2615287910261549,0.1573431677653126,0.1362002077762217,0.1006478214957842,0.09374301921243,0.084704181722142,0.0840625804932189,0.0766729795779874,0.081387391509912,0.078332149299441,0.241244504958831,0.1454623771552791,0.1243800760389195,0.0872367210802619,0.0824211999983557,0.0652638614941918,0.0631211213634228,0.0584487948199172,-0.0351999999999999,0.0,-0.0351999999999999,0.0,-0.0351999999999999,0.0,6.97409928821487,52.569238957325815,0.6586047316196068,0.0769505374233312,8.17754826165326,44.52846965394288,0.5397042295985346,0.0544690425825527,-0.0105599999999999,-0.0070399999999999,-0.0063359999999999,718.8888888888888
1304,724.4444444444445,0.2690184983035074,0.1658964896723894,0.1407483322310403,0.1047781816269639,0.09617237173192,0.0864380757708569,0.084939989237391,0.0774527221439348,0.0814466589139015,0.0779917954127266,0.2411457432017507,0.145526285971761,0.124302148105543,0.0871825875214475,0.0822840785170642,0.0652558281163428,0.0630705377496869,0.0583948939400727,-0.0431999999999999,0.0,-0.0431999999999999,0.0,-0.0431999999999999,0.0,6.97409928821487,46.92122878224957,0.6586047316196068,0.0769505374233312,8.17754826165326,44.52846965394288,0.5397042295985346,0.0544690425825527,-0.0129599999999999,-0.0086399999999999,-0.0077759999999999,724.4444444444445
1314,730.0,0.2794424377003898,0.1707224782857311,0.1438973919849035,0.1062577977450833,0.0974223523065796,0.0871150243337063,0.0856472160384745,0.0778955665624581,0.0813645193920975,0.0779569748895846,0.240695114534597,0.1453185022234535,0.1241930641606684,0.086793656754791,0.0819070877856239,0.0649346243957467,0.0635991200046066,0.058546803988136,-0.0511999999999999,0.0,-0.0511999999999999,0.0,-0.0511999999999999,0.0,6.97409928821487,46.92122878224957,0.6896248122821629,0.0769505374233312,8.17754826165326,44.52846965394288,0.5397042295985346,0.0544690425825527,-0.0153599999999999,-0.0102399999999999,-0.0092159999999999,730.0
1324,735.5555555555555,0.2855326191996246,0.1781754906168124,0.1519316846716041,0.1147821541639636,0.1061458149038951,0.0963492211793675,0.095046308007597,0.0868823701243299,0.0902465248936182,0.0870112528695382,0.2402000076627233,0.1455571175184843,0.1241250458988738,0.0869363777046721,0.082025542300998,0.0647409284722859,0.0635091714126429,0.0586070770860347,-0.0591999999999999,0.0,-0.0591999999999999,0.0,-0.0591999999999999,0.0,6.97409928821487,46.92122878224957,0.6896248122821629,0.0859999076416681,8.17754826165326,44.52846965394288,0.5397042295985346,0.0544690425825527,-0.0177599999999999,-0.0118399999999999,-0.0106559999999999,735.5555555555555
1334,741.1111111111111,0.2855947709307219,0.1782734527987501,0.151482684699733,0.114791829877577,0.1065203635945444,0.0962548105745715,0.0949235159422184,0.0868192674643989,0.0904809447661484,0.0870259336683614,0.2202259358736423,0.1336025863391753,0.1099110359085958,0.0801389095362807,0.074011900532434,0.0613313583400585,0.0604693905508394,0.0575274232738054,-0.0671999999999999,0.0,-0.0671999999999999,0.0,-0.0671999999999999,0.0,6.97409928821487,46.92122878224957,0.6896248122821629,0.0859999076416681,7.020204202262519,44.52846965394288,0.5397042295985346,0.0544690425825527,-0.0201599999999999,-0.0134399999999999,-0.0120959999999999,741.1111111111111
1344,746.6666666666666,0.2852328238346138,0.1785751052534975,0.1514339451063242,0.1146636351019402,0.1064929177128909,0.0961509503843982,0.0949864091559288,0.0868480236624548,0.0906713738032401,0.0874015599148426,0.2190219796174808,0.1320053034390642,0.1090591734270077,0.0796025793748286,0.0734565101846085,0.0609621086816688,0.0603525642288235,0.0574858606170161,-0.0751999999999999,0.0,-0.0751999999999999,0.0,-0.0751999999999999,0.0,6.97409928821487,46.92122878224957,0.6896248122821629,0.0859999076416681,7.020204202262519,45.43049239617571,0.5397042295985346,0.0544690425825527,-0.0225599999999999,-0.0150399999999999,-0.0135359999999999,746.6666666666666
1354,752.2222222222222,0.2852298299052935,0.1788296069795741,0.1514792117399445,0.1148966250191802,0.1063987869032977,0.0964273375332537,0.0952376231530918,0.0867770395557912,0.0908598813665044,0.0873834783182661,0.2700939838045835,0.155014175121275,0.1265405741064673,0.0868505979154392,0.0786889051583006,0.0635015066291095,0.0619115604312353,0.0584019622462169,-0.0831999999999999,0.0,-0.0831999999999999,0.0,-0.0831999999999999,0.0,6.97409928821487,46.92122878224957,0.6896248122821629,0.0859999076416681,7.020204202262519,45.43049239617571,0.6904078981415044,0.0544690425825527,-0.0249599999999999,-0.0166399999999999,-0.0149759999999999,752.2222222222222
1364,757.7777777777777,0.2852950125860914,0.1786370718082043,0.1512422621801826,0.1147358636700071,0.1062449440622956,0.0964522955428648,0.0955672213306561,0.086728001133628,0.0910743041908725,0.0868229235863663,0.277986622888752,0.1651033008624612,0.1375791923362492,0.0987263936282998,0.090447831365609,0.0755703770580055,0.0738991320827504,0.0703635790352667,-0.0911999999999999,0.0,-0.0911999999999999,0.0,-0.0911999999999999,0.0,6.97409928821487,46.92122878224957,0.6896248122821629,0.0859999076416681,7.020204202262519,45.43049239617571,0.6904078981415044,0.0666717314470669,-0.0273599999999999,-0.0182399999999999,-0.0164159999999999,757.7777777777777
1374,763.3333333333333,0.3382549141881633,0.2103125374973866,0.1903151081647245,0.1353323678941782,0.1281537647495556,0.1072915568808844,0.1061608876332221,0.09138380555685,0.0955542377165054,0.0880798982814032,0.2775231473577231,0.1652997704860394,0.1375935206107161,0.0988546815118626,0.0900461071698833,0.0759052388216944,0.0738427259723947,0.0703560525464682,-0.0991999999999999,0.0,-0.0991999999999999,0.0,-0.0991999999999999,0.0,9.537263202817886,46.92122878224957,0.6896248122821629,0.0859999076416681,7.020204202262519,45.43049239617571,0.6904078981415044,0.0666717314470669,-0.0297599999999999,-0.0198399999999999,-0.0178559999999999,763.3333333333333
1384,768.8888888888888,0.3324196699100405,0.2022675773286061,0.1854595331013215,0.131015356750915,0.1253431911305176,0.1049471101837842,0.1047058201595642,0.0903196475759747,0.0952552795749092,0.0882053941353381,0.2772695417986361,0.1652913810809723,0.137486268039671,0.0991218142022495,0.0903782620920504,0.0761170517042428,0.0739219460274421,0.070343218121604,-0.1071999999999999,0.0,-0.1071999999999999,0.0,-0.1071999999999999,0.0,9.537263202817886,50.31045338212542,0.6896248122821629,0.0859999076416681,7.020204202262519,45.43049239617571,0.6904078981415044,0.0666717314470669,-0.0321599999999999,-0.0214399999999999,-0.0192959999999999,768.8888888888888
1394,774.4444444444445,0.2973177705628074,0.1862943726210739,0.1706682850550733,0.1244335149920982,0.1194607276656848,0.102193370186307,0.1020912076101901,0.0892306024018216,0.0943372613370946,0.0876708425792319,0.2772606209955823,0.1652252558501683,0.1373291235512202,0.0992863755272591,0.09043282145763,0.0760885478021056,0.0740768559991451,0.070334020085428,-0.1151999999999999,0.0,-0.1151999999999999,0.0,-0.1151999999999999,0.0,9.537263202817886,50.31045338212542,0.6042332258052447,0.0859999076416681,7.020204202262519,45.43049239617571,0.6904078981415044,0.0666717314470669,-0.0345599999999999,-0.0230399999999999,-0.0207359999999999,774.4444444444445
1404,780.0,0.326071679505837,0.2253543986792222,0.2107696371341391,0.1694816943709193,0.1644051051570015,0.1489625236692383,0.1493709662264838,0.1371712008872408,0.1425977683816518,0.1360829152359584,0.2771383477184534,0.1649805973057777,0.1376575525437612,0.0994644572010819,0.090467099563835,0.0761674081235869,0.0737613252593032,0.0704449857563207,-0.1231999999999999,0.0,-0.1231999999999999,0.0,-0.1231999999999999,0.0,9.537263202817886,50.31045338212542,0.6042332258052447,0.1344810785574001,7.020204202262519,45.43049239617571,0.6904078981415044,0.0666717314470669,-0.0369599999999999,-0.0246399999999999,-0.0221759999999999,780.0
1414,785.5555555555555,0.3256951969325463,0.2256252543356324,0.2109347034763385,0.1692729960976027,0.1645411740102275,0.1487644288799495,0.1497169137263086,0.1374137332517275,0.1430437277250911,0.1358374151992185,0.303627957932768,0.1809031813204284,0.1562700163143032,0.1087283695733717,0.1001238149579498,0.0805084320536213,0.0775660225940791,0.0720533551240436,-0.1311999999999999,0.0,-0.1311999999999999,0.0,-0.1311999999999999,0.0,9.537263202817886,50.31045338212542,0.6042332258052447,0.1344810785574001,8.228302254645119,45.43049239617571,0.6904078981415044,0.0666717314470669,-0.0393599999999999,-0.02624,-0.0236159999999999,785.5555555555555
1424,791.1111111111111,0.3259317889877232,0.2252451627039041,0.2110095913443395,0.1692207678968694,0.1645106190811073,0.1486921914532951,0.1499298441717728,0.1376850243187101,0.1432786767447236,0.1357486710557706,0.2938362760868148,0.1675428698502192,0.1494038082579142,0.1024540803307835,0.0965402087339922,0.0780941270054557,0.0759151375484662,0.0717271122981573,-0.1392,0.0,-0.1392,0.0,-0.1392,0.0,9.537263202817886,50.31045338212542,0.6042332258052447,0.1344810785574001,8.228302254645119,51.613057277056456,0.6904078981415044,0.0666717314470669,-0.04176,-0.02784,-0.025056,791.1111111111111
1434,796.6666666666666,0.3263909273163564,0.2254617633730117,0.2110821723047589,0.1688780794650777,0.1644261468751673,0.1486808253783622,0.1500337590056356,0.1376979905842956,0.1433087342881224,0.1356593901362413,0.2553361851513199,0.1512048007782879,0.1355784899409216,0.0967443180778126,0.0910610055450593,0.0760181484913573,0.0742503068416205,0.070605164108381,-0.1472,0.0,-0.1472,0.0,-0.1472,0.0,9.537263202817886,50.31045338212542,0.6042332258052447,0.1344810785574001,8.228302254645119,51.613057277056456,0.5853299007672517,0.0666717314470669,-0.04416,-0.02944,-0.026496,796.6666666666666
1444,802.2222222222222,0.3261446557816719,0.2249403399666448,0.211227375651544,0.1685615412686801,0.164677624637846,0.1491309662059499,0.1498652164824853,0.1376188310119204,0.1437352422689125,0.1357517016001764,0.2963869425127828,0.2058921300333973,0.1917970858718626,0.1584178478928576,0.1531346307548969,0.1397793225962591,0.1382606875163765,0.1353094590728347,-0.1552,0.0,-0.1552,0.0,-0.1552,0.0,9.537263202817886,50.31045338212542,0.6042332258052447,0.1344810785574001,8.228302254645119,51.613057277056456,0.5853299007672517,0.131728178912742,-0.04656,-0.03104,-0.027936,802.2222222222222
1454,807.7777777777777,0.2982761768543224,0.2089159514041898,0.1902754187223895,0.1577489209734782,0.1530226462954275,0.1434565933145217,0.1439543812982823,0.1356640122236974,0.1412621110318328,0.1349323757253378,0.2964714580839871,0.2059491297172627,0.1920083038356302,0.1584623870449203,0.1533198244724007,0.1397402265876391,0.1384752780495698,0.1352771182761792,-0.1632,0.0,-0.1632,0.0,-0.1632,0.0,7.717267679702043,50.31045338212542,0.6042332258052447,0.1344810785574001,8.228302254645119,51.613057277056456,0.5853299007672517,0.131728178912742,-0.04896,-0.03264,-0.029376,807.7777777777777
1464,813.3333333333333,0.2908740666285388,0.1992961500464262,0.1851707644714736,0.1532626726495585,0.150568562487983,0.1413456430208997,0.1426818785276148,0.1346920690778869,0.1411802486021854,0.1348763071379369,0.2967082471798424,0.2058315537646406,0.1918804624886979,0.1583211368455921,0.1529464299114394,0.1398817512020732,0.1383131644522353,0.13531228991654,-0.1712,0.0,-0.1712,0.0,-0.1712,0.0,7.717267679702043,58.45519152336935,0.6042332258052447,0.1344810785574001,8.228302254645119,51.613057277056456,0.5853299007672517,0.131728178912742,-0.05136,-0.03424,-0.030816,813.3333333333333
1474,818.8888888888888,0.2606189630508074,0.1872304097918934,0.1752264910932521,0.1492473732856137,0.1469592578766069,0.1399763005311218,0.1415668680254203,0.1341059546612328,0.1406208024968326,0.1347015750835261,0.2964459340727181,0.2058956354834538,0.1918224160613922,0.1584115977458685,0.1529532854065575,0.1397165631887748,0.1382915036625761,0.1352479683225247,-0.1792,0.0,-0.1792,0.0,-0.1792,0.0,7.717267679702043,58.45519152336935,0.5137430704243723,0.1344810785574001,8.228302254645119,51.613057277056456,0.5853299007672517,0.131728178912742,-0.05376,-0.03584,-0.032256,818.8888888888888
1484,824.4444444444443,0.2143828969417154,0.1263397027392081,0.1132688561081781,0.0820221252575039,0.0796564162610898,0.0707919741458182,0.0721203038035569,0.0640296592090314,0.0711467682550184,0.0647050982013884,0.2964858890459345,0.2063143360166109,0.1916906361281123,0.1585161080866854,0.1530220435682018,0.1399207287901552,0.1383266762566581,0.1356117381280442,-0.1872,0.0,-0.1872,0.0,-0.1872,0.0,7.717267679702043,58.45519152336935,0.5137430704243723,0.0644995292851744,8.228302254645119,51.613057277056456,0.5853299007672517,0.131728178912742,-0.05616,-0.03744,-0.033696,824.4444444444443
1494,830.0,0.2144809647141222,0.1261588994497247,0.1133377910650826,0.0818371486904032,0.079999423463621,0.0710883133892564,0.072160510196094,0.064120304979565,0.0712806774654783,0.0649463669441854,0.2864268665105315,0.2008368051025236,0.1843887730281983,0.1554115076520043,0.1497699030664284,0.1381988325355751,0.1372387489247055,0.1348912818494318,-0.1952,0.0,-0.1952,0.0,-0.1952,0.0,7.717267679702043,58.45519152336935,0.5137430704243723,0.0644995292851744,7.558544459633577,51.613057277056456,0.5853299007672517,0.131728178912742,-0.05856,-0.03904,-0.035136,830.0
1504,835.5555555555555,0.2140034947878176,0.126104704871933,0.1131622851665234,0.082076826767298,0.0801822767151841,0.0710116023236686,0.0719863240404778,0.0641055376029834,0.0716703339761851,0.0649116424072999,0.2803078933581824,0.1926393924501079,0.1802323189218222,0.1520837412250328,0.1476249259794071,0.1369632585972876,0.1364961002807802,0.134708006790056,-0.2032,0.0,-0.2032,0.0,-0.2032,0.0,7.717267679702043,58.45519152336935,0.5137430704243723,0.0644995292851744,7.558544459633577,59.018763911637,0.5853299007672517,0.131728178912742,-0.06096,-0.04064,-0.036576,835.5555555555555
1514,841.1111111111111,0.2139692101754926,0.1261737249276081,0.1129126617082071,0.0820567466337897,0.0803964828616917,0.0710482915977346,0.071772024847326,0.0644937604436713,0.0716431696640856,0.0648529082993136,0.2689283020547425,0.1881267710781857,0.1766111425436619,0.1509147150950059,0.1463500734115051,0.1369043735176798,0.1360346082840447,0.1343797065787644,-0.2112,0.0,-0.2112,0.0,-0.2112,0.0,7.717267679702043,58.45519152336935,0.5137430704243723,0.0644995292851744,7.558544459633577,59.018763911637,0.5501998493329516,0.131728178912742,-0.06336,-0.04224,-0.038016,841.1111111111111
1524,846.6666666666666,0.2138688452428878,0.1265400088037608,0.1126723187987363,0.0820669808654983,0.0802819080905818,0.0714781713392475,0.071515216155232,0.0646483371274676,0.0715545429776665,0.0649011941860498,0.2618948011449478,0.1787489577961657,0.1669900269019173,0.1407062379196984,0.1360547470853606,0.1257872927589126,0.1254195812424192,0.123417604540315,-0.2192,0.0,-0.2192,0.0,-0.2192,0.0,7.717267679702043,58.45519152336935,0.5137430704243723,0.0644995292851744,7.558544459633577,59.018763911637,0.5501998493329516,0.1209058720893163,-0.06576,-0.04384,-0.039456,846.6666666666666
1534,852.2222222222222,0.2257696665831262,0.1327206291164985,0.1211640144093858,0.0854553547305511,0.0847252554914586,0.0733477951478826,0.0737516391955318,0.0658698787771965,0.0724470221964236,0.065593804040963,0.2620861844323404,0.1786028724632258,0.1670181516262252,0.1409092042246596,0.1365188944081729,0.1258103341948359,0.1253751548154284,0.1234118387842487,-0.2272,0.0,-0.2272,0.0,-0.2272,0.0,8.5647078399955,58.45519152336935,0.5137430704243723,0.0644995292851744,7.558544459633577,59.018763911637,0.5501998493329516,0.1209058720893163,-0.06816,-0.04544,-0.040896,852.2222222222222
1544,857.7777777777777,0.2292117236725299,0.1374482412322444,0.1237201126727848,0.0877775310100659,0.0863968306361475,0.0745566004054042,0.0744325908031371,0.0664162145821968,0.0727247552993675,0.0655882110302082,0.262089353279154,0.1782644712508256,0.1669192930123053,0.1411204229987162,0.1364952883533626,0.1256091500548579,0.125341441439098,0.1233778427257517,-0.2352,0.0,-0.2352,0.0,-0.2352,0.0,8.5647078399955,54.34171808562246,0.5137430704243723,0.0644995292851744,7.558544459633577,59.018763911637,0.5501998493329516,0.1209058720893163,-0.07056,-0.04704,-0.042336,857.7777777777777
1554,863.3333333333333,0.2708386479574211,0.1550141946482202,0.1392399547259104,0.0942496955549167,0.0922008836274357,0.077178026446177,0.0764508732603271,0.0671979516033196,0.0730839939748147,0.0655781393385913,0.2615862785596802,0.1782132290189598,0.1666228720602228,0.141072447530435,0.1361070484408925,0.1254488731873173,0.1256088598392727,0.1234677966368622,-0.2432,0.0,-0.2432,0.0,-0.2432,0.0,8.5647078399955,54.34171808562246,0.6259244365680406,0.0644995292851744,7.558544459633577,59.018763911637,0.5501998493329516,0.1209058720893163,-0.07296,-0.04864,-0.043776,863.3333333333333
1564,868.8888888888888,0.3216041124190055,0.2236450323026923,0.2093207716197329,0.1709348915195005,0.169209936434117,0.1566406866996138,0.1560276574967407,0.1478182572345184,0.154480357557818,0.1467669383793982,0.2613165245332277,0.1781253757654188,0.1665747906776932,0.1412464356748183,0.1361395663465203,0.1254254651694955,0.1258286360817189,0.1231651216329629,-0.2512000000000001,0.0,-0.2512000000000001,0.0,-0.2512000000000001,0.0,8.5647078399955,54.34171808562246,0.6259244365680406,0.145734106269237,7.558544459633577,59.018763911637,0.5501998493329516,0.1209058720893163,-0.07536,-0.05024,-0.045216,868.8888888888888
1574,874.4444444444443,0.3214795186326759,0.2236879397525851,0.2094335755235939,0.1704389698846274,0.169313657049403,0.1563466051430868,0.1560693246622751,0.1479641630316376,0.1544724222776303,0.1468640763851192,0.2533861792192973,0.1743926296671018,0.1615170440148835,0.1393468500214461,0.1338054213326935,0.1245246680733491,0.1249010510078655,0.1229031712864721,-0.2592000000000001,0.0,-0.2592000000000001,0.0,-0.2592000000000001,0.0,8.5647078399955,54.34171808562246,0.6259244365680406,0.145734106269237,6.998044377633975,59.018763911637,0.5501998493329516,0.1209058720893163,-0.07776,-0.05184,-0.046656,874.4444444444443
1584,880.0,0.3216590973971836,0.2238689420894521,0.2092225747491371,0.1702756268506479,0.1694394241450132,0.1564047196933716,0.1564744578213834,0.1477382510953316,0.1547892979642399,0.147221065251616,0.2621909926803896,0.1858962343576732,0.1670658421266934,0.1440339280808724,0.1366446087145204,0.1260076083293513,0.125731968818245,0.1232985653934183,-0.2672000000000001,0.0,-0.2672000000000001,0.0,-0.2672000000000001,0.0,8.5647078399955,54.34171808562246,0.6259244365680406,0.145734106269237,6.998044377633975,47.96551119358741,0.5501998493329516,0.1209058720893163,-0.08016,-0.05344,-0.048096,880.0
1594,885.5555555555555,0.3217028317032239,0.2233955597051551,0.2090469382907896,0.1703339720247839,0.1689320161647178,0.1560778528292425,0.1562590446952354,0.1481955420042935,0.1549012269821865,0.1471471939519659,0.259108775040684,0.1843947481894558,0.1660332695714152,0.143600837111194,0.1363351205431044,0.1258502302813694,0.1252001616785101,0.1229845986137985,-0.2751999999999999,0.0,-0.2751999999999999,0.0,-0.2751999999999999,0.0,8.5647078399955,54.34171808562246,0.6259244365680406,0.145734106269237,6.998044377633975,47.96551119358741,0.5405823504427032,0.1209058720893163,-0.0825599999999999,-0.0550399999999999,-0.0495359999999999,885.5555555555555
1604,891.1111111111111,0.3213728937334281,0.2231452709017742,0.2088440772766295,0.1704183942343131,0.1692257896128823,0.1563871618327906,0.1561412334151785,0.148331197023185,0.1548581405548985,0.1470350112104012,0.1835901585463119,0.0871788122704811,0.0650432144136521,0.036124167704664,0.0268866051920335,0.0144979703041389,0.013027945179818,0.0103455260422275,-0.2831999999999999,0.0,-0.2831999999999999,0.0,-0.2831999999999999,0.0,8.5647078399955,54.34171808562246,0.6259244365680406,0.145734106269237,6.998044377633975,47.96551119358741,0.5405823504427032,0.0076056082908405,-0.0849599999999999,-0.0566399999999999,-0.0509759999999999,891.1111111111111
1614,896.6666666666666,0.2978082547716441,0.2111820116269465,0.1925237200943174,0.1626547149624781,0.1609891808812616,0.1526135699502564,0.1520580110036546,0.146770429986538,0.1532719222238886,0.1463827762038705,0.1836594290455677,0.086985694798198,0.0652477890126062,0.0360541390983485,0.0271107688165995,0.0145021344702251,0.0130572008340696,0.0098990530252536,-0.2911999999999999,0.0,-0.2911999999999999,0.0,-0.2911999999999999,0.0,7.081306223921086,54.34171808562246,0.6259244365680406,0.145734106269237,6.998044377633975,47.96551119358741,0.5405823504427032,0.0076056082908405,-0.0873599999999999,-0.0582399999999999,-0.0524159999999999,896.6666666666666
1624,902.2222222222222,0.294707405140748,0.2071457317193174,0.1899691642004201,0.1611883234165926,0.1603035053760215,0.1516614677714596,0.1515339389078242,0.1467314577434287,0.1534047541771085,0.1465967800987706,0.1833975501184395,0.0871361260344188,0.0651622951457012,0.0357679917140574,0.0269853385430183,0.0144523816012884,0.0129366971514548,0.0099359114707987,-0.2991999999999999,0.0,-0.2991999999999999,0.0,-0.2991999999999999,0.0,7.081306223921086,58.30928794247816,0.6259244365680406,0.145734106269237,6.998044377633975,47.96551119358741,0.5405823504427032,0.0076056082908405,-0.0897599999999999,-0.0598399999999999,-0.0538559999999999,902.2222222222222
1634,907.7777777777776,0.3075351537492333,0.2121131372826787,0.1940531036386989,0.1629317302239489,0.1618052703572396,0.1522666163271329,0.151900790531135,0.1468821184444788,0.1535442248963799,0.1467666395266352,0.1835391650168812,0.0872652733576559,0.0651077711801599,0.0359696158129075,0.0271429847947739,0.013989779598052,0.0128285157035157,0.0098210533899776,-0.3071999999999999,0.0,-0.3071999999999999,0.0,-0.3071999999999999,0.0,7.081306223921086,58.30928794247816,0.6680337634316779,0.145734106269237,6.998044377633975,47.96551119358741,0.5405823504427032,0.0076056082908405,-0.0921599999999999,-0.0614399999999999,-0.0552959999999999,907.7777777777776
1644,913.3333333333331,0.2195626521245154,0.0986722257362205,0.0778938513114713,0.0387238054308034,0.0370155184049326,0.0250592373500352,0.0243381994908794,0.0184441523219835,0.0248308485717282,0.0181532636824118,0.1834125444122258,0.0868471440374632,0.0654832853900111,0.0360418962813483,0.0271195355072745,0.0143959733558973,0.0130658347490832,0.0098220891823256,-0.3151999999999999,0.0,-0.3151999999999999,0.0,-0.3151999999999999,0.0,7.081306223921086,58.30928794247816,0.6680337634316779,0.0168608612238868,6.998044377633975,47.96551119358741,0.5405823504427032,0.0076056082908405,-0.0945599999999999,-0.0630399999999999,-0.0567359999999999,913.3333333333331
1654,918.8888888888888,0.2193289609527414,0.0984078892984222,0.0779045397748681,0.0388034025763382,0.0370651765882924,0.0255200996687472,0.0241832106845579,0.0178679280294876,0.0245466524330488,0.0181365926874519,0.1984792602140296,0.0953113117667885,0.0755930232310557,0.0409672496454467,0.0324335143046275,0.0166302957295129,0.0151831542429888,0.0105756836383297,-0.3231999999999999,0.0,-0.3231999999999999,0.0,-0.3231999999999999,0.0,7.081306223921086,58.30928794247816,0.6680337634316779,0.0168608612238868,7.811337075950596,47.96551119358741,0.5405823504427032,0.0076056082908405,-0.0969599999999999,-0.0646399999999999,-0.0581759999999999,918.8888888888888
1664,924.4444444444443,0.2192642351125971,0.0984356802624786,0.0781243558388302,0.0387933544244735,0.0365872142116936,0.0252130880401781,0.0239233137700684,0.0179196916862908,0.0244669089485409,0.0181531114021248,0.1960758514448607,0.0923465050093957,0.0739653211507047,0.0396055476612022,0.0317571580698351,0.0160670094910376,0.0150414500522251,0.0104045790799236,-0.3311999999999999,0.0,-0.3311999999999999,0.0,-0.3311999999999999,0.0,7.081306223921086,58.30928794247816,0.6680337634316779,0.0168608612238868,7.811337075950596,49.583929897792494,0.5405823504427032,0.0076056082908405,-0.0993599999999999,-0.06624,-0.0596159999999999,924.4444444444443
1674,930.0,0.2190337804748141,0.0988096865356845,0.0781415944886232,0.0388870253199933,0.0365509621189306,0.0250355507559435,0.0238051102114131,0.017760213171398,0.024437611302789,0.0181664322272209,0.2244588910916816,0.1046975863119027,0.0840376458978459,0.0437774801441043,0.0355830487658455,0.0175471844738382,0.0160082023510478,0.010955042110445,-0.3391999999999999,0.0,-0.3391999999999999,0.0,-0.3391999999999999,0.0,7.081306223921086,58.30928794247816,0.6680337634316779,0.0168608612238868,7.811337075950596,49.583929897792494,0.6189369740976557,0.0076056082908405,-0.1017599999999999,-0.06784,-0.0610559999999999,930.0
1684,935.5555555555557,0.2188612204449905,0.0990739101302763,0.0779865605516216,0.0386567069922808,0.0366348598744969,0.0247645254261777,0.0239875986302596,0.0177609560481612,0.0242855491377083,0.0186399565409274,0.2832148966500789,0.1819869391504793,0.1639040234808282,0.129753250926726,0.1227002521572081,0.106838985840978,0.1059770646037079,0.1017270639141321,-0.3471999999999999,0.0,-0.3471999999999999,0.0,-0.3471999999999999,0.0,7.081306223921086,58.30928794247816,0.6680337634316779,0.0168608612238868,7.811337075950596,49.583929897792494,0.6189369740976557,0.0988912509913594,-0.1041599999999999,-0.0694399999999999,-0.0624959999999999,935.5555555555557
1694,941.1111111111112,0.2254888982576828,0.1027396686610492,0.0817740104480196,0.0407110652451599,0.0390178352459538,0.0252479609385951,0.0247364180600653,0.0181158613688868,0.0246752029492675,0.0183705258283679,0.2828147864806934,0.1821083841893463,0.1639923683109528,0.129970135943511,0.1227061232901499,0.1068928656774338,0.1059086135522153,0.1019377524354694,-0.3551999999999999,0.0,-0.3551999999999999,0.0,-0.3551999999999999,0.0,7.38131037084439,58.30928794247816,0.6680337634316779,0.0168608612238868,7.811337075950596,49.583929897792494,0.6189369740976557,0.0988912509913594,-0.1065599999999999,-0.0710399999999999,-0.0639359999999999,941.1111111111112
1704,946.6666666666666,0.2242666172947679,0.1016584220048192,0.0807740017128625,0.0402606334400137,0.0388011345036435,0.0251789331446065,0.0246651613988401,0.0178523764040206,0.024338167914931,0.018697259808518,0.2828972469404394,0.1815380685128068,0.1640225605474322,0.1297568768169908,0.1226361814360664,0.1068478986483378,0.1059686820700643,0.1018452144370899,-0.3631999999999999,0.0,-0.3631999999999999,0.0,-0.3631999999999999,0.0,7.38131037084439,59.22701689472914,0.6680337634316779,0.0168608612238868,7.811337075950596,49.583929897792494,0.6189369740976557,0.0988912509913594,-0.1089599999999999,-0.07264,-0.0653759999999999,946.6666666666666
1714,952.2222222222222,0.2000457629708338,0.0922854318028919,0.072834792891294,0.0371751942082008,0.03619174801203,0.0242823993904136,0.0237934096534898,0.0173049924079,0.0239885683546085,0.0189201190856005,0.2827256906059261,0.1816366457028926,0.1642070252950677,0.1300545678737887,0.1222139708314631,0.1065317831330995,0.1055378695844989,0.1015695654958472,-0.3712,0.0,-0.3712,0.0,-0.3712,0.0,7.38131037084439,59.22701689472914,0.5931680070122249,0.0168608612238868,7.811337075950596,49.583929897792494,0.6189369740976557,0.0988912509913594,-0.1113599999999999,-0.07424,-0.0668159999999999,952.2222222222222
1724,957.7777777777776,0.2520939146225271,0.1600458098075793,0.1419799648661046,0.1113495984203319,0.1108485660877543,0.1002750249490821,0.1002241799847546,0.094679829819944,0.101470382993168,0.0958126577687302,0.2825681796276315,0.1811645455415873,0.1642495533133937,0.1297192402481411,0.1226328480436026,0.1065958577898237,0.1053161197919237,0.1018004158637997,-0.3792,0.0,-0.3792,0.0,-0.3792,0.0,7.38131037084439,59.22701689472914,0.5931680070122249,0.094215128229736,7.811337075950596,49.583929897792494,0.6189369740976557,0.0988912509913594,-0.1137599999999999,-0.07584,-0.068256,957.7777777777776
1734,963.3333333333331,0.2521084381295484,0.1602973652438752,0.1421025255427067,0.111670730050095,0.1104652787126156,0.0999659197301,0.1003162083473853,0.0947709817343474,0.1017930388894803,0.0957304889651068,0.2838337016575101,0.1819047427808731,0.1649602813894019,0.130421450285946,0.1227795385456975,0.1069032673430096,0.1053373478239994,0.1018015228456327,-0.3872,0.0,-0.3872,0.0,-0.3872,0.0,7.38131037084439,59.22701689472914,0.5931680070122249,0.094215128229736,7.90567855169914,49.583929897792494,0.6189369740976557,0.0988912509913594,-0.1161599999999999,-0.07744,-0.069696,963.3333333333331
1744,968.8888888888888,0.2522878111153749,0.1603826215161926,0.142598918933288,0.111565204993973,0.1101100034064343,0.0995502093275041,0.100251892479424,0.095091251577728,0.1016915089877376,0.0959081944196252,0.2916523723848548,0.1928201352480157,0.1709629405124545,0.1357172591549898,0.1256509819777752,0.1090786351031085,0.1065153331197501,0.1022831940037623,-0.3952,0.0,-0.3952,0.0,-0.3952,0.0,7.38131037084439,59.22701689472914,0.5931680070122249,0.094215128229736,7.90567855169914,43.67778793019382,0.6189369740976557,0.0988912509913594,-0.11856,-0.07904,-0.0711359999999999,968.8888888888888
1754,974.4444444444443,0.2523128240172141,0.1603166285592355,0.1428836725169031,0.1114547096466464,0.1099824927396127,0.0997734358640412,0.1001046033414868,0.0950898031703203,0.1013495576090298,0.09558071545133,0.2515178610090539,0.1739038030511445,0.1563248197191264,0.1290633179463591,0.1201229286748221,0.1066580841829491,0.1042306366316809,0.1013358413536339,-0.4032,0.0,-0.4032,0.0,-0.4032,0.0,7.38131037084439,59.22701689472914,0.5931680070122249,0.094215128229736,7.90567855169914,43.67778793019382,0.5123730836312749,0.0988912509913594,-0.12096,-0.08064,-0.072576,974.4444444444443
1764,980.0,0.2521746658387007,0.1603475885076621,0.1427456815912701,0.1110858077328701,0.1102180662339642,0.0997122077903564,0.1001293833770562,0.0949591407694903,0.101338863810323,0.0958208942010336,0.2281084569699162,0.1434065593213165,0.1241556374642883,0.093951106956777,0.0846680702653674,0.0703300118528494,0.0676524390819311,0.0641385310218204,-0.4112,0.0,-0.4112,0.0,-0.4112,0.0,7.38131037084439,59.22701689472914,0.5931680070122249,0.094215128229736,7.90567855169914,43.67778793019382,0.5123730836312749,0.0617275235246962,-0.12336,-0.08224,-0.074016,980.0
1774,985.5555555555557,0.2752660831780046,0.1720715857015786,0.1587981870785218,0.1183928792317507,0.1179339986056185,0.1026802085772273,0.1036856210965407,0.0963852216297987,0.1029658160926575,0.0959622185950812,0.2277494347911819,0.143759113857058,0.1241189202625807,0.0939199634611958,0.0845238854394571,0.0704667945431205,0.067912044386121,0.0639292981912384,-0.4192,0.0,-0.4192,0.0,-0.4192,0.0,8.844896283003099,59.22701689472914,0.5931680070122249,0.094215128229736,7.90567855169914,43.67778793019382,0.5123730836312749,0.0617275235246962,-0.12576,-0.08384,-0.075456,985.5555555555557
1784,991.1111111111112,0.2777858668564187,0.1759232666186165,0.1603401636934992,0.1197069681341609,0.1188527278612096,0.1036656093781464,0.1046785993473005,0.0964656513161123,0.1029011756322623,0.0959761864539646,0.2272707954042765,0.1439636281370074,0.1238456582366186,0.0937103935160936,0.0847554504932904,0.0709693322666197,0.0679172729362554,0.0637727071782951,-0.4272,0.0,-0.4272,0.0,-0.4272,0.0,8.844896283003099,56.30443576583544,0.5931680070122249,0.094215128229736,7.90567855169914,43.67778793019382,0.5123730836312749,0.0617275235246962,-0.12816,-0.08544,-0.076896,991.1111111111112
1794,996.6666666666666,0.2976318109499584,0.1843279495786835,0.168240873425004,0.1228374771771827,0.1216383302496816,0.1048007653286705,0.1055758076136756,0.0969386936086204,0.103225359090361,0.0959238717976237,0.227332778960938,0.1439100153778835,0.1239654230140819,0.0936448505739869,0.0846631751694924,0.0710838585559396,0.0684564016590541,0.063698223512125,-0.4352,0.0,-0.4352,0.0,-0.4352,0.0,8.844896283003099,56.30443576583544,0.645997849800413,0.094215128229736,7.90567855169914,43.67778793019382,0.5123730836312749,0.0617275235246962,-0.13056,-0.08704,-0.078336,996.6666666666666
1804,1002.2222222222222,0.2492274349637633,0.1189163147666913,0.1014867963213793,0.0500728737422996,0.0486281435488659,0.0295089367407974,0.0297742357223867,0.0200092944599628,0.0263606975499336,0.0187163014028096,0.2272492336690751,0.1439039914417058,0.1244453776615025,0.0933999068532638,0.0846027239576246,0.0710584347015327,0.0682258745402297,0.0637393861239479,-0.4432,0.0,-0.4432,0.0,-0.4432,0.0,8.844896283003099,56.30443576583544,0.645997849800413,0.0169807428787834,7.90567855169914,43.67778793019382,0.5123730836312749,0.0617275235246962,-0.13296,-0.08864,-0.079776,1002.2222222222222
1814,1007.7777777777776,0.2488986341138578,0.1189453540977633,0.1010849904870735,0.050448878155946,0.0488242206531315,0.0295765280337848,0.0297591508690758,0.0202217790907164,0.0266900999111821,0.0186212108079199,0.2399211148272541,0.1520054849051718,0.1339321263303896,0.0983860344677371,0.0898601206520209,0.0737896685996443,0.0702516964324146,0.0649840259657503,-0.4512,0.0,-0.4512,0.0,-0.4512,0.0,8.844896283003099,56.30443576583544,0.645997849800413,0.0169807428787834,8.740064584593137,43.67778793019382,0.5123730836312749,0.0617275235246962,-0.13536,-0.09024,-0.081216,1007.7777777777776
1824,1013.3333333333331,0.2494089841692237,0.1188702736919792,0.1013336979930608,0.050611832357762,0.0491444077715818,0.0295813754540761,0.029518753899261,0.0203482465957066,0.026677280651717,0.0184834291183606,0.2258108144207075,0.1332196192813702,0.1236546868671664,0.0888583467195874,0.0842284874005518,0.0698761309585415,0.0679136792545996,0.0641142157881698,-0.4592,0.0,-0.4592,0.0,-0.4592,0.0,8.844896283003099,56.30443576583544,0.645997849800413,0.0169807428787834,8.740064584593137,56.04073155994568,0.5123730836312749,0.0617275235246962,-0.13776,-0.09184,-0.082656,1013.3333333333331
1834,1018.8888888888888,0.2494217665521321,0.118834009001014,0.1012934011662998,0.0510202215764963,0.0489121911153953,0.0297947350673314,0.0293333252521417,0.0202959892396535,0.0267274140529486,0.0185713412123628,0.2861874629217152,0.1580434777842889,0.1461381854849384,0.0980206549975411,0.0922988220971277,0.072939877018442,0.0705142653419029,0.0648257741542177,-0.4672,0.0,-0.4672,0.0,-0.4672,0.0,8.844896283003099,56.30443576583544,0.645997849800413,0.0169807428787834,8.740064584593137,56.04073155994568,0.6755382733299067,0.0617275235246962,-0.14016,-0.09344,-0.084096,1018.8888888888888
1844,1024.4444444444443,0.2496286833013787,0.118836251019037,0.1007627448824376,0.0508040033002495,0.04896869896306,0.0299800444518223,0.0295998607056153,0.0206671752932316,0.0265282385741546,0.0187650969830938,0.296483569403101,0.1721186171235504,0.1606684305742486,0.1138018597664512,0.1080303219207144,0.0896978087145612,0.0870970314701475,0.0813960034796495,-0.4752,0.0,-0.4752,0.0,-0.4752,0.0,8.844896283003099,56.30443576583544,0.645997849800413,0.0169807428787834,8.740064584593137,56.04073155994568,0.6755382733299067,0.0784956229462765,-0.14256,-0.09504,-0.085536,1024.4444444444443
1854,1030.0,0.2586476568627102,0.1241944739841451,0.1077292546683868,0.0539057733117265,0.052905660355866,0.0318354668611519,0.0312652113692926,0.0212570470784147,0.0275713427374934,0.0189234275432922,0.296538451246689,0.1719935659880872,0.1606626071781587,0.1141878939189941,0.1080766896169367,0.0894066398500037,0.0873803978515003,0.0814873824119246,-0.4832000000000001,0.0,-0.4832000000000001,0.0,-0.4832000000000001,0.0,9.330033392322344,56.30443576583544,0.645997849800413,0.0169807428787834,8.740064584593137,56.04073155994568,0.6755382733299067,0.0784956229462765,-0.14496,-0.09664,-0.086976,1030.0
1864,1035.5555555555554,0.2858938146505168,0.1616061525555419,0.1297194705065378,0.0743166031307764,0.0662679573607193,0.0416969187618518,0.0380868998535982,0.0254607787299413,0.0302168267033954,0.0202502417485041,0.2963274462145553,0.1718163504408599,0.1609190235022868,0.1144733297408651,0.1083196483972235,0.0894628940318143,0.0875249015635284,0.0812249509942332,-0.4912000000000001,0.0,-0.4912000000000001,0.0,-0.4912000000000001,0.0,9.330033392322344,40.93304475907775,0.645997849800413,0.0169807428787834,8.740064584593137,56.04073155994568,0.6755382733299067,0.0784956229462765,-0.14736,-0.09824,-0.088416,1035.5555555555554
1874,1041.111111111111,0.2245905897057252,0.1300534711457297,0.1035443037662586,0.0606161990361205,0.0547519348959833,0.0361832731930318,0.0333326189526158,0.0235277986395186,0.0286822384956173,0.0199133564946824,0.2959082167655295,0.1719841432069668,0.1609626391030713,0.1144672277133911,0.1085288756284893,0.0897487486216641,0.0875026650362764,0.0807319553387467,-0.4992000000000001,0.0,-0.4992000000000001,0.0,-0.4992000000000001,0.0,9.330033392322344,40.93304475907775,0.5060577667863204,0.0169807428787834,8.740064584593137,56.04073155994568,0.6755382733299067,0.0784956229462765,-0.14976,-0.09984,-0.089856,1041.111111111111
1884,1046.6666666666663,0.2165136485761188,0.1192410538415937,0.092222854781502,0.0479512059009967,0.0417463789884079,0.0225312014154793,0.0200807299600243,0.0101354825018637,0.0151252704723812,0.0060673709329872,0.2956073661325412,0.1715883367194767,0.1609741621721151,0.1148141682260761,0.1083774361615589,0.0894961569597269,0.0873736999725747,0.0805561409109517,-0.5072000000000001,0.0,-0.5072000000000001,0.0,-0.5072000000000001,0.0,9.330033392322344,40.93304475907775,0.5060577667863204,0.003032336003422,8.740064584593137,56.04073155994568,0.6755382733299067,0.0784956229462765,-0.15216,-0.10144,-0.091296,1046.6666666666663
1894,1052.2222222222222,0.2164714245024324,0.1190862297842416,0.0920075602426921,0.0478303999364111,0.0418741583308395,0.0223110784591195,0.0200984527189996,0.0099935701159218,0.0148895137823836,0.0057889216191945,0.2571762601500476,0.1521049394980416,0.1355709399106111,0.103614989901776,0.0957139630405787,0.0845666253528719,0.0822734919134577,0.0793307201632101,-0.5152000000000001,0.0,-0.5152000000000001,0.0,-0.5152000000000001,0.0,9.330033392322344,40.93304475907775,0.5060577667863204,0.003032336003422,6.7583060338573695,56.04073155994568,0.6755382733299067,0.0784956229462765,-0.15456,-0.10304,-0.092736,1052.2222222222222
1904,1057.7777777777778,0.2161867022650167,0.119221532602508,0.0924172314511489,0.0481336679532322,0.0416608377519672,0.0221269969148459,0.0201298258962428,0.0099047719630079,0.0149901898508879,0.0057216282986865,0.2706372565051054,0.1684352717747463,0.1436271691053436,0.1106055868283786,0.0996631876444494,0.086625307903982,0.0838463212798373,0.0798124376360376,-0.5232000000000001,0.0,-0.5232000000000001,0.0,-0.5232000000000001,0.0,9.330033392322344,40.93304475907775,0.5060577667863204,0.003032336003422,6.7583060338573695,44.97139546417966,0.6755382733299067,0.0784956229462765,-0.15696,-0.10464,-0.094176,1057.7777777777778
1914,1063.3333333333333,0.2157315332242933,0.1190588054662014,0.0918386090854497,0.0482674296493759,0.0414773041473815,0.0221376559043945,0.0201674708111828,0.0096300200702903,0.0153460117273661,0.0055901604549677,0.2253723057007531,0.1476114028255372,0.1291817187578954,0.1040843781728804,0.0946919459639592,0.0843230104668959,0.0825808385766386,0.0795656644135725,-0.5311999999999999,0.0,-0.5311999999999999,0.0,-0.5311999999999999,0.0,9.330033392322344,40.93304475907775,0.5060577667863204,0.003032336003422,6.7583060338573695,44.97139546417966,0.5375006668711932,0.0784956229462765,-0.1593599999999999,-0.1062399999999999,-0.0956159999999999,1063.3333333333333
1924,1068.888888888889,0.2159437963926785,0.1190483595710055,0.0916023519367023,0.0485764345866288,0.041297706533955,0.0221608014499512,0.0201259375241044,0.0102012339291152,0.0151032364069233,0.0055188744181083,0.2296257585333896,0.15329871738053,0.1353051321961381,0.1103435138686207,0.1007119571828474,0.0906115860288284,0.0894773849285811,0.0860224854050029,-0.5391999999999999,0.0,-0.5391999999999999,0.0,-0.5391999999999999,0.0,9.330033392322344,40.93304475907775,0.5060577667863204,0.003032336003422,6.7583060338573695,44.97139546417966,0.5375006668711932,0.0850583727578093,-0.1617599999999999,-0.1078399999999999,-0.0970559999999999,1068.888888888889
1934,1074.4444444444443,0.1656388721547725,0.0864640435376769,0.0536195296299259,0.0275149618068389,0.0198128570164121,0.0107042314128692,0.0094132506937441,0.00550218993425,0.0105879012254402,0.0039518262807842,0.2300623977827775,0.1530183694587747,0.1350153751467158,0.110446152678772,0.1006037999103542,0.0906845465485614,0.0892065906056274,0.08599102949323,-0.5471999999999999,0.0,-0.5471999999999999,0.0,-0.5471999999999999,0.0,6.524754691305746,40.93304475907775,0.5060577667863204,0.003032336003422,6.7583060338573695,44.97139546417966,0.5375006668711932,0.0850583727578093,-0.1641599999999999,-0.1094399999999999,-0.0984959999999999,1074.4444444444443
1944,1080.0,0.1531181158454544,0.0698989901672353,0.0452930292576902,0.0206161560465054,0.0158905718453176,0.0081086806572849,0.0077365238645619,0.004491218349752,0.0101102094372845,0.0035802837220747,0.2295577060099635,0.1526874202264234,0.1351032237781001,0.1103940934261014,0.1007945999228541,0.0907599575175831,0.08930953516366,0.0864183291046604,-0.5551999999999999,0.0,-0.5551999999999999,0.0,-0.5551999999999999,0.0,6.524754691305746,51.80775735669704,0.5060577667863204,0.003032336003422,6.7583060338573695,44.97139546417966,0.5375006668711932,0.0850583727578093,-0.1665599999999999,-0.1110399999999999,-0.0999359999999999,1080.0
1954,1085.5555555555554,0.1613743059457157,0.0728683132072326,0.0478042773101126,0.0217199973513085,0.0167199413814089,0.0083122686118351,0.0083851469834193,0.0042803780486095,0.0107333903032437,0.0035353981135039,0.2292072020170187,0.1527530374823835,0.1349139168468208,0.1103955173465017,0.1010853552840813,0.0908581443370001,0.0897497178094242,0.0867962578022365,-0.5631999999999999,0.0,-0.5631999999999999,0.0,-0.5631999999999999,0.0,6.524754691305746,51.80775735669704,0.5332022306094434,0.003032336003422,6.7583060338573695,44.97139546417966,0.5375006668711932,0.0850583727578093,-0.1689599999999999,-0.1126399999999999,-0.1013759999999999,1085.5555555555554
1964,1091.111111111111,0.2295507578881179,0.1590705602835564,0.1367613704701235,0.1165962207885389,0.1126416106959062,0.1055322856061855,0.1059970891313245,0.1024127063150508,0.1092882699565144,0.1018443323668732,0.2287691437732252,0.1529649657004002,0.1346954969179679,0.1107340322095063,0.1008586014291674,0.0910660790425157,0.0895654875608881,0.0867121574318857,-0.5711999999999999,0.0,-0.5711999999999999,0.0,-0.5711999999999999,0.0,6.524754691305746,51.80775735669704,0.5332022306094434,0.1016810562850964,6.7583060338573695,44.97139546417966,0.5375006668711932,0.0850583727578093,-0.1713599999999999,-0.11424,-0.1028159999999999,1091.111111111111
1974,1096.6666666666663,0.2291957097229328,0.1589075721887627,0.1368350437340137,0.1167798966304612,0.1127008449307748,0.105494370642849,0.1060535068377966,0.102278848927787,0.1093882792693565,0.1018906614988533,0.2168227544528436,0.1462748075724934,0.1271359600135088,0.1071105595254936,0.0973840496336159,0.0895058690051002,0.0883207593389749,0.0862571661336206,-0.5791999999999999,0.0,-0.5791999999999999,0.0,-0.5791999999999999,0.0,6.524754691305746,51.80775735669704,0.5332022306094434,0.1016810562850964,6.0632260633316735,44.97139546417966,0.5375006668711932,0.0850583727578093,-0.1737599999999999,-0.11584,-0.1042559999999999,1096.6666666666663
1984,1102.2222222222222,0.2294071802529175,0.1585443558700169,0.1369905528688441,0.1167720907569539,0.1125848050432539,0.1054128555464882,0.1063785390704213,0.102377668976513,0.1093156680378972,0.1017855295958181,0.2152776108229943,0.1441287089768352,0.1263280629499176,0.1069008809080602,0.0970171381802402,0.0892244009542207,0.0884870187810605,0.0860664941160408,-0.5871999999999999,0.0,-0.5871999999999999,0.0,-0.5871999999999999,0.0,6.524754691305746,51.80775735669704,0.5332022306094434,0.1016810562850964,6.0632260633316735,46.2114039410639,0.5375006668711932,0.0850583727578093,-0.1761599999999999,-0.1174399999999999,-0.1056959999999999,1102.2222222222222
1994,1107.7777777777778,0.229305066452271,0.1586477944659068,0.1369998162397995,0.1168464307900857,0.1126287134664557,0.1057785432432623,0.1065286901952376,0.1020583337249037,0.1094699865580167,0.1016260311145421,0.2597885120226094,0.1637465675405471,0.1395608827004707,0.1130003877257846,0.1011137687582599,0.0906200262700131,0.0894436204492685,0.0865911387527794,-0.5952,0.0,-0.5952,0.0,-0.5952,0.0,6.524754691305746,51.80775735669704,0.5332022306094434,0.1016810562850964,6.0632260633316735,46.2114039410639,0.6876682573729227,0.0850583727578093,-0.1785599999999999,-0.1190399999999999,-0.1071359999999999,1107.7777777777778
2004,1113.3333333333333,0.2292768136049948,0.1585866058552297,0.1370630614532096,0.1168954737591923,0.1129103289805742,0.105585536807208,0.1067121253930587,0.102315955958495,0.1091594527818646,0.1012722991012429,0.2569371987353417,0.1598839977879374,0.1354297531157281,0.1088941261703031,0.096799522698744,0.0861347125227079,0.0852227170442602,0.0824829857469848,-0.6032,0.0,-0.6032,0.0,-0.6032,0.0,6.524754691305746,51.80775735669704,0.5332022306094434,0.1016810562850964,6.0632260633316735,46.2114039410639,0.6876682573729227,0.0807594569815867,-0.1809599999999999,-0.12064,-0.1085759999999999,1113.3333333333333
2014,1118.888888888889,0.2643224647535494,0.1783033296663553,0.1617272061517568,0.1292005156142122,0.1251750750695836,0.1112395692322651,0.1124103363827352,0.1048999462725828,0.1115207863561478,0.1020482156895646,0.2571988563559433,0.1600191740390147,0.1353569462498441,0.1088255366303607,0.0964346586380872,0.0859692888233548,0.0848560145261664,0.0822881617726463,-0.6112,0.0,-0.6112,0.0,-0.6112,0.0,8.997079688789603,51.80775735669704,0.5332022306094434,0.1016810562850964,6.0632260633316735,46.2114039410639,0.6876682573729227,0.0807594569815867,-0.18336,-0.12224,-0.1100159999999999,1118.888888888889
2024,1124.4444444444443,0.2629020859742934,0.1764472459897771,0.1608267756707717,0.1282607875368028,0.1245969181162926,0.110958914176888,0.1119387794178205,0.105147787147411,0.1113105612156081,0.1020730166834673,0.2570762442615841,0.1600381310635689,0.1355333466517644,0.1089456913557872,0.0960925136433202,0.0860487039406187,0.0846352892134715,0.0818778663428894,-0.6192,0.0,-0.6192,0.0,-0.6192,0.0,8.997079688789603,53.16052163223452,0.5332022306094434,0.1016810562850964,6.0632260633316735,46.2114039410639,0.6876682573729227,0.0807594569815867,-0.1857599999999999,-0.12384,-0.1114559999999999,1124.4444444444443
2034,1130.0,0.2975105873000069,0.1912235462438801,0.1742619364070783,0.1338973177982829,0.1295926257345951,0.1129249359308908,0.1141512831203469,0.1055986438013952,0.112103301837192,0.1024050156672133,0.2572920526162154,0.159723652172946,0.1355883784369567,0.1092675625646734,0.0958846667364631,0.0856260740462144,0.084461610446344,0.0815677968348057,-0.6272,0.0,-0.6272,0.0,-0.6272,0.0,8.997079688789603,53.16052163223452,0.6221501571227053,0.1016810562850964,6.0632260633316735,46.2114039410639,0.6876682573729227,0.0807594569815867,-0.18816,-0.12544,-0.112896,1130.0
2044,1135.5555555555554,0.2525984375308044,0.1305960672677721,0.1119412663252128,0.0653473787988762,0.060436776294356,0.0421745601207013,0.0432630679405847,0.0334053913655086,0.0399455400620227,0.0296859224536181,0.2570118184080469,0.1597618383088818,0.1354551360226448,0.1089914604287477,0.0959385593367633,0.0852793981743691,0.0844066422062887,0.0812615490044736,-0.6352,0.0,-0.6352,0.0,-0.6352,0.0,8.997079688789603,53.16052163223452,0.6221501571227053,0.0286879020127346,6.0632260633316735,46.2114039410639,0.6876682573729227,0.0807594569815867,-0.1905599999999999,-0.12704,-0.114336,1135.5555555555554
2054,1141.111111111111,0.2522256704512906,0.1304196113209258,0.1121714190238386,0.0654070264203999,0.0603051045417045,0.0421009716248643,0.0433980279216568,0.0333906402208526,0.0400838633275538,0.0293439732282828,0.2933572409440042,0.1800163511811158,0.1595655337314593,0.1209296262807234,0.1073600891152497,0.0898594975873889,0.0890991257491362,0.0827942601323462,-0.6432,0.0,-0.6432,0.0,-0.6432,0.0,8.997079688789603,53.16052163223452,0.6221501571227053,0.0286879020127346,7.723184244773418,46.2114039410639,0.6876682573729227,0.0807594569815867,-0.19296,-0.12864,-0.1157759999999999,1141.111111111111
2064,1146.6666666666663,0.2525064261471023,0.1302524895514781,0.1122851198079679,0.0651718523170353,0.0604027335563239,0.0420149860507601,0.0436718499069317,0.0335865706681034,0.0400711127887363,0.0295628111069923,0.3029198187423513,0.192790675454853,0.1660695748535405,0.1271848073082302,0.1112438262067753,0.0928705929473484,0.0903248275353836,0.0835949400166927,-0.6512,0.0,-0.6512,0.0,-0.6512,0.0,8.997079688789603,53.16052163223452,0.6221501571227053,0.0286879020127346,7.723184244773418,40.79372836918,0.6876682573729227,0.0807594569815867,-0.19536,-0.13024,-0.117216,1146.6666666666663
2074,1152.2222222222222,0.2526084398527659,0.1303387624262731,0.1122120028299514,0.0655112701811208,0.0600138581317441,0.0420208676080614,0.0433879331320309,0.0339446984210622,0.0400436614313736,0.0295443558581032,0.2924648445629657,0.1876489096961411,0.1619119703925519,0.124813353569494,0.1094870644917622,0.0918970607746073,0.0892746413538991,0.0834609643860928,-0.6592,0.0,-0.6592,0.0,-0.6592,0.0,8.997079688789603,53.16052163223452,0.6221501571227053,0.0286879020127346,7.723184244773418,40.79372836918,0.6603328810183746,0.0807594569815867,-0.19776,-0.13184,-0.118656,1152.2222222222222
2084,1157.7777777777776,0.2523622685024523,0.1302585559798761,0.1122281830130153,0.0655836034110467,0.0597005616277023,0.0422885811551663,0.0430302479871418,0.0340630626122497,0.0402336619916043,0.0296526951435825,0.3316021143940227,0.2393481963049484,0.2164124018598505,0.1839904504828496,0.1695730427918955,0.1533145469553753,0.151104572487546,0.1465127720313474,-0.6672,0.0,-0.6672,0.0,-0.6672,0.0,8.997079688789603,53.16052163223452,0.6221501571227053,0.0286879020127346,7.723184244773418,40.79372836918,0.6603328810183746,0.1440106375539264,-0.20016,-0.13344,-0.120096,1157.7777777777776
2094,1163.3333333333333,0.2548428269339334,0.1313717074141157,0.1144261738989532,0.0664054339161255,0.060563596061852,0.0431232852505856,0.0431458312063032,0.0342216538766938,0.0403431384674287,0.029716838055611,0.3316474718811255,0.2391496045179354,0.2163710207153666,0.184059455357701,0.1699195242645045,0.1532296337452232,0.1509838965184207,0.1464253839773811,-0.6752,0.0,-0.6752,0.0,-0.6752,0.0,9.132829028293903,53.16052163223452,0.6221501571227053,0.0286879020127346,7.723184244773418,40.79372836918,0.6603328810183746,0.1440106375539264,-0.20256,-0.13504,-0.121536,1163.3333333333333
2104,1168.888888888889,0.276018833529072,0.1593879308663918,0.1312607612752646,0.0824822021535461,0.0711557846960216,0.0508313589820003,0.0484871251921943,0.0377225997221604,0.0420774165981706,0.0302950429864647,0.3314374611641842,0.239150894535284,0.2166220498544917,0.1840821603439416,0.1698570866048903,0.1530257933056074,0.1506059323284398,0.1467074414520588,-0.6832,0.0,-0.6832,0.0,-0.6832,0.0,9.132829028293903,41.014192919321225,0.6221501571227053,0.0286879020127346,7.723184244773418,40.79372836918,0.6603328810183746,0.1440106375539264,-0.20496,-0.13664,-0.122976,1168.888888888889
2114,1174.4444444444443,0.2524858468880269,0.1480658899230789,0.121417926645823,0.0775913946788244,0.0666249765621597,0.049048054776887,0.0468590816457094,0.0367454098007001,0.0416328534948831,0.0301630592667571,0.3313884913338029,0.2391183509379702,0.2170599539570207,0.1840182450464288,0.1700065935740525,0.1533609698520841,0.1506292626717258,0.1463881829872485,-0.6912,0.0,-0.6912,0.0,-0.6912,0.0,9.132829028293903,41.014192919321225,0.5677320166760437,0.0286879020127346,7.723184244773418,40.79372836918,0.6603328810183746,0.1440106375539264,-0.20736,-0.13824,-0.124416,1174.4444444444443
2124,1180.0,0.2634888887695727,0.162603676284492,0.1365265434117488,0.0948381300638543,0.0837683901648491,0.0670082026274914,0.0650707572401676,0.0549270095668221,0.0604911928309762,0.0489158095589251,0.3312323774472773,0.2391342018298276,0.2174948808652875,0.1842318168618367,0.1698620878934265,0.1532698864778822,0.1503954681983628,0.1464119530183713,-0.6992,0.0,-0.6992,0.0,-0.6992,0.0,9.132829028293903,41.014192919321225,0.5677320166760437,0.0477004796793423,7.723184244773418,40.79372836918,0.6603328810183746,0.1440106375539264,-0.20976,-0.13984,-0.125856,1180.0
2134,1185.5555555555554,0.2636689788616499,0.1625659814633688,0.1367859427257596,0.0947598663769578,0.0837930663907981,0.0673452728716705,0.0648850241167628,0.0549205948414635,0.060383404779446,0.049087485794736,0.3048124855536581,0.2229870546217917,0.1985972071540405,0.1746163786408542,0.1609930541651856,0.1491075798723971,0.1466852027962896,0.145263888375867,-0.7072,0.0,-0.7072,0.0,-0.7072,0.0,9.132829028293903,41.014192919321225,0.5677320166760437,0.0477004796793423,6.33815097516861,40.79372836918,0.6603328810183746,0.1440106375539264,-0.21216,-0.14144,-0.127296,1185.5555555555554
2144,1191.111111111111,0.263057754999927,0.1626440809520766,0.1365179186600841,0.0948987909991904,0.083873607922421,0.0674157994596328,0.0650945584685184,0.0549523298483966,0.0603853855273054,0.0491637863683831,0.2913106644755509,0.2058210045858581,0.1901747533120599,0.1674272996906849,0.1570937230318892,0.1466351162414027,0.1452475300138228,0.1445141710135315,-0.7152000000000001,0.0,-0.7152000000000001,0.0,-0.7152000000000001,0.0,9.132829028293903,41.014192919321225,0.5677320166760437,0.0477004796793423,6.33815097516861,52.53223638656242,0.6603328810183746,0.1440106375539264,-0.21456,-0.14304,-0.128736,1191.111111111111
2154,1196.6666666666663,0.2630118096551142,0.1629048538967132,0.1367402484768914,0.0947510913805959,0.0839757784017054,0.0673368023756983,0.0652373593992072,0.0543750435272732,0.0601991557160094,0.0490219918730676,0.291076979714302,0.205784721448598,0.1901736691785941,0.1674059878791665,0.1572527534287821,0.1466627547763525,0.14509580649978,0.1445219357739968,-0.7232000000000001,0.0,-0.7232000000000001,0.0,-0.7232000000000001,0.0,9.132829028293903,41.014192919321225,0.5677320166760437,0.0477004796793423,6.33815097516861,52.53223638656242,0.6594916350732667,0.1440106375539264,-0.21696,-0.14464,-0.130176,1196.6666666666663
2164,1202.2222222222222,0.2626729583613864,0.163344596656478,0.1365880140214878,0.0942484527083088,0.0836077681821487,0.0670111513905857,0.0650240441865829,0.0543028036407641,0.0600365198893105,0.0487786284554041,0.2226293883829919,0.1203292869553413,0.1016760443439113,0.0735384862120368,0.0628064103034376,0.0504662573626035,0.0489054019547293,0.0478035600417743,-0.7312000000000001,0.0,-0.7312000000000001,0.0,-0.7312000000000001,0.0,9.132829028293903,41.014192919321225,0.5677320166760437,0.0477004796793423,6.33815097516861,52.53223638656242,0.6594916350732667,0.0470582208003365,-0.21936,-0.14624,-0.131616,1202.2222222222222
2174,1207.7777777777776,0.2631625050904129,0.1636420873998707,0.1367882852576681,0.094773156012692,0.0844170831367764,0.067258319027013,0.0648162581021642,0.0541906670921713,0.0597239038273397,0.0487404305850471,0.2224089694657146,0.1203432272044239,0.1018443046662238,0.0735170786433403,0.0625304333128547,0.0504172000507498,0.0492473507035968,0.0477010013831851,-0.7392000000000001,0.0,-0.7392000000000001,0.0,-0.7392000000000001,0.0,9.16098955173995,41.014192919321225,0.5677320166760437,0.0477004796793423,6.33815097516861,52.53223638656242,0.6594916350732667,0.0470582208003365,-0.22176,-0.14784,-0.133056,1207.7777777777776
2184,1213.3333333333333,0.2418573635519813,0.13399569021024,0.1192468131629583,0.0789680979922,0.0739477657494493,0.0594206144925896,0.0598087845579532,0.0509155536272061,0.0579145560863241,0.0478055750057728,0.2225966269105024,0.1203940711553922,0.1019161208999541,0.0731925739925141,0.0622957603459867,0.0507819022405935,0.0487822958419935,0.0474590981431429,-0.7472000000000001,0.0,-0.7472000000000001,0.0,-0.7472000000000001,0.0,9.16098955173995,55.9425382569226,0.5677320166760437,0.0477004796793423,6.33815097516861,52.53223638656242,0.6594916350732667,0.0470582208003365,-0.22416,-0.14944,-0.134496,1213.3333333333333
2194,1218.888888888889,0.2257547506980488,0.1269510804561016,0.1125098307691624,0.0764695191053952,0.0716163153711064,0.0587469969219181,0.0586676095350654,0.0503035949195497,0.0572867834795311,0.0476790630777159,0.2222781067210461,0.1204386626435635,0.1018539549773523,0.0730187803660422,0.0624147711669608,0.0505471491299572,0.0490333921057417,0.0477113465381925,-0.7552000000000001,0.0,-0.7552000000000001,0.0,-0.7552000000000001,0.0,9.16098955173995,55.9425382569226,0.525827588294865,0.0477004796793423,6.33815097516861,52.53223638656242,0.6594916350732667,0.0470582208003365,-0.22656,-0.15104,-0.135936,1218.888888888889
2204,1224.4444444444443,0.266303097143746,0.1834766969745026,0.1693742657653652,0.1392706215711933,0.1352273177158445,0.1244080828375676,0.1243481419915745,0.1170388346650561,0.1246117391485118,0.1148538999430752,0.2222967926283752,0.1205286087515235,0.1024376023929145,0.0731853177395958,0.0622045733810223,0.0506231551532248,0.0492099227707166,0.0476245524178713,-0.7632000000000001,0.0,-0.7632000000000001,0.0,-0.7632000000000001,0.0,9.16098955173995,55.9425382569226,0.525827588294865,0.1150288735107232,6.33815097516861,52.53223638656242,0.6594916350732667,0.0470582208003365,-0.22896,-0.15264,-0.137376,1224.4444444444443
2214,1230.0,0.2662223298986371,0.1837970652799085,0.1692572535565622,0.1391320246530332,0.1350537737565245,0.1240842733551978,0.1241414036925388,0.1169326736320122,0.1245712123170923,0.1150367560206263,0.2693996708780992,0.1451521866535823,0.1339018549749688,0.0872775653052706,0.0776266303289614,0.0569880848191041,0.0554438195171091,0.0496920981850665,-0.7712000000000001,0.0,-0.7712000000000001,0.0,-0.7712000000000001,0.0,9.16098955173995,55.9425382569226,0.525827588294865,0.1150288735107232,8.647862159705754,52.53223638656242,0.6594916350732667,0.0470582208003365,-0.23136,-0.15424,-0.138816,1230.0
2224,1235.5555555555554,0.2659980030438736,0.1835824701671167,0.169465638988868,0.139393986330973,0.1349461014108023,0.1243895812566648,0.1241437703759649,0.1172192713350833,0.1245723258550387,0.1149066530872796,0.2829289159120536,0.1633245731981699,0.1439453342670271,0.0964881047088671,0.083216358209213,0.0606047512932014,0.0577979395075431,0.050839654981482,-0.7791999999999999,0.0,-0.7791999999999999,0.0,-0.7791999999999999,0.0,9.16098955173995,55.9425382569226,0.525827588294865,0.1150288735107232,8.647862159705754,43.94565139663493,0.6594916350732667,0.0470582208003365,-0.2337599999999999,-0.1558399999999999,-0.1402559999999999,1235.5555555555554
2234,1241.111111111111,0.2662166850869169,0.1835064504781079,0.1697178176369695,0.139619802094239,0.1346295239862191,0.1244628123659715,0.124098833448189,0.1170822970405018,0.1246953575174496,0.1146089507368192,0.2648607116131241,0.1548194332794984,0.1367088951949234,0.0928009058175573,0.0807207166406604,0.0597194626064886,0.0567054256482647,0.0504198617125325,-0.7871999999999999,0.0,-0.7871999999999999,0.0,-0.7871999999999999,0.0,9.16098955173995,55.9425382569226,0.525827588294865,0.1150288735107232,8.647862159705754,43.94565139663493,0.6147282358997046,0.0470582208003365,-0.2361599999999999,-0.15744,-0.141696,1241.111111111111
2244,1246.6666666666663,0.2664657642887265,0.1834644717649355,0.1696850246674166,0.1394300988768734,0.1346623730132942,0.1245213313231531,0.1240003687274822,0.11677850252794,0.1248087924566824,0.1145555253947269,0.2942475301696161,0.1939946796761809,0.177797043997906,0.1381697965594059,0.1261547281117796,0.1071584385461398,0.104619047455254,0.0987538748387485,-0.7951999999999999,0.0,-0.7951999999999999,0.0,-0.7951999999999999,0.0,9.16098955173995,55.9425382569226,0.525827588294865,0.1150288735107232,8.647862159705754,43.94565139663493,0.6147282358997046,0.0958124949033154,-0.2385599999999999,-0.15904,-0.1431359999999999,1246.6666666666663
2254,1252.2222222222222,0.2567291304854638,0.1780392126105569,0.16205841397567,0.1353701895067757,0.1309312044819143,0.1223757751563073,0.1221358122017399,0.1158868391005628,0.1238346615678408,0.1143120753494083,0.2941800296844489,0.1941268211432617,0.1776807170182784,0.1379726371130928,0.126163173209629,0.1068842986366298,0.1046181634661934,0.0984551595206975,-0.8031999999999999,0.0,-0.8031999999999999,0.0,-0.8031999999999999,0.0,8.34986962397632,55.9425382569226,0.525827588294865,0.1150288735107232,8.647862159705754,43.94565139663493,0.6147282358997046,0.0958124949033154,-0.2409599999999999,-0.16064,-0.1445759999999999,1252.2222222222222
2264,1257.7777777777776,0.2710986553339638,0.197189178281279,0.1729401315968466,0.1451819599059139,0.1369772563829722,0.1266125822425892,0.1252506762695685,0.1175937060281627,0.1251664968327289,0.1149142932638296,0.2939219766075053,0.1940282202279644,0.1777731330941372,0.1378506799840618,0.1261902062629358,0.1070487426287254,0.1039863225845871,0.0984638861951318,-0.8111999999999999,0.0,-0.8111999999999999,0.0,-0.8111999999999999,0.0,8.34986962397632,41.92491355256087,0.525827588294865,0.1150288735107232,8.647862159705754,43.94565139663493,0.6147282358997046,0.0958124949033154,-0.2433599999999999,-0.16224,-0.1460159999999999,1257.7777777777776
2274,1263.3333333333333,0.3133600103768859,0.2182005433331965,0.1898170873736522,0.1532246607038827,0.1437824538176224,0.1303010710567432,0.1281461031609764,0.1184150897453993,0.1260793759514097,0.1151769195546042,0.2939726450410368,0.1940069186072836,0.1773851534603069,0.1381825006697889,0.1259196643510406,0.1073027873100297,0.1039397567051279,0.0983091658926036,-0.8191999999999999,0.0,-0.8191999999999999,0.0,-0.8191999999999999,0.0,8.34986962397632,41.92491355256087,0.6322382922029898,0.1150288735107232,8.647862159705754,43.94565139663493,0.6147282358997046,0.0958124949033154,-0.2457599999999999,-0.1638399999999999,-0.1474559999999999,1263.3333333333333
2284,1268.888888888889,0.3015059968768901,0.2019719456291185,0.1730202497340171,0.1349507739899179,0.1248152410660348,0.1102700679240461,0.1082364011537251,0.098268849208783,0.1058899320952324,0.0954792154770903,0.2939167181527279,0.1940004459805445,0.1772617345640635,0.1386222747808587,0.1259691069358328,0.1072143954511391,0.1038841637862059,0.0983018748386177,-0.8271999999999999,0.0,-0.8271999999999999,0.0,-0.8271999999999999,0.0,8.34986962397632,41.92491355256087,0.6322382922029898,0.0947932087019278,8.647862159705754,43.94565139663493,0.6147282358997046,0.0958124949033154,-0.2481599999999999,-0.16544,-0.1488959999999999,1268.888888888889
2294,1274.4444444444443,0.3014448688324087,0.2020303489288214,0.1724642831674617,0.1349395235233263,0.1246508080725941,0.110588309138805,0.1080789323366308,0.0980686222997677,0.105629785058948,0.0957923051709922,0.2907849771254135,0.1922243215553942,0.1752780505571388,0.1371490338611148,0.1247018461916247,0.1062888942808783,0.1036622518326163,0.0982954259665132,-0.8351999999999999,0.0,-0.8351999999999999,0.0,-0.8351999999999999,0.0,8.34986962397632,41.92491355256087,0.6322382922029898,0.0947932087019278,8.471656467006042,43.94565139663493,0.6147282358997046,0.0958124949033154,-0.2505599999999999,-0.16704,-0.150336,1274.4444444444443
2304,1280.0,0.3009982400201853,0.2022188929217669,0.1725327010774839,0.1348048587352913,0.1247947100823826,0.1108801912478693,0.1081562331445295,0.0981123341180616,0.1055574932557933,0.0957873829967533,0.2761760190347577,0.1723074438205568,0.1641623196623551,0.1278799101507697,0.1185857203014802,0.1018109292745383,0.1014836442632999,0.0970203007948769,-0.8432,0.0,-0.8432,0.0,-0.8432,0.0,8.34986962397632,41.92491355256087,0.6322382922029898,0.0947932087019278,8.471656467006042,56.070253982606566,0.6147282358997046,0.0958124949033154,-0.2529599999999999,-0.16864,-0.151776,1280.0
2314,1285.5555555555554,0.3010520586857735,0.2022296694429014,0.1725516807413971,0.1350218530547388,0.1244534298736226,0.1106130153560868,0.1080767531923672,0.0982654093476735,0.1056906836529128,0.0958400819479043,0.2584001166541069,0.1649637976060394,0.1578121898498185,0.1252543737582196,0.1165767834638241,0.1010606173118315,0.1003635838107965,0.0967943207004572,-0.8512,0.0,-0.8512,0.0,-0.8512,0.0,8.34986962397632,41.92491355256087,0.6322382922029898,0.0947932087019278,8.471656467006042,56.070253982606566,0.5654336415865311,0.0958124949033154,-0.25536,-0.17024,-0.153216,1285.5555555555554
2324,1291.111111111111,0.3012055919284222,0.2022053805319545,0.172339289382696,0.1350494479115621,0.1245588015313919,0.1104122029735238,0.107992757964905,0.0982136249203161,0.1055470140998422,0.0958125486813682,0.2662341416493739,0.1755099941736531,0.1688760786779367,0.1367688300245705,0.1283189004629814,0.1134753609462546,0.1127180492308585,0.1089067970741638,-0.8592,0.0,-0.8592,0.0,-0.8592,0.0,8.34986962397632,41.92491355256087,0.6322382922029898,0.0947932087019278,8.471656467006042,56.070253982606566,0.5654336415865311,0.108307099938983,-0.25776,-0.17184,-0.154656,1291.111111111111
2334,1296.6666666666663,0.3153401582474287,0.2115761505097965,0.1841050396907072,0.1418880818924914,0.1319253779584256,0.1143959645330833,0.1122530614600154,0.0999100853717876,0.1070148067302811,0.0964509694453009,0.2662807639764395,0.1755945205972303,0.1684992487266617,0.1367167450810656,0.1284379516432438,0.1132394285599782,0.1128310252132294,0.1087646846589004,-0.8672,0.0,-0.8672,0.0,-0.8672,0.0,9.17527484023154,41.92491355256087,0.6322382922029898,0.0947932087019278,8.471656467006042,56.070253982606566,0.5654336415865311,0.108307099938983,-0.26016,-0.17344,-0.1560959999999999,1296.6666666666663
2344,1302.2222222222222,0.2931068180685779,0.1807787803583505,0.166492247471518,0.1255813375504519,0.1216576746796572,0.1064727638655993,0.1067652070246025,0.0965341920034109,0.1048714348419312,0.0954137493750275,0.2659662688485703,0.175473722035893,0.1688939222403312,0.137256824619168,0.1287750985966755,0.1132608157873321,0.1127250636703587,0.1087875074389517,-0.8752,0.0,-0.8752,0.0,-0.8752,0.0,9.17527484023154,57.85895516381579,0.6322382922029898,0.0947932087019278,8.471656467006042,56.070253982606566,0.5654336415865311,0.108307099938983,-0.2625599999999999,-0.17504,-0.1575359999999999,1302.2222222222222
2354,1307.7777777777776,0.2542992560313208,0.1644809528691135,0.1516830537404279,0.1197720730322314,0.1162505212353351,0.1046385216892875,0.1046199717196385,0.0959528348726031,0.1041350133444486,0.0953935772120794,0.2657637525110641,0.1756365238131116,0.168757547671325,0.1370154115263266,0.1285871171249867,0.1134430508456346,0.1127954434638493,0.1088079145275459,-0.8832,0.0,-0.8832,0.0,-0.8832,0.0,9.17527484023154,57.85895516381579,0.5323024653893998,0.0947932087019278,8.471656467006042,56.070253982606566,0.5654336415865311,0.108307099938983,-0.26496,-0.17664,-0.1589759999999999,1307.7777777777776
2364,1313.3333333333333,0.1988447891990255,0.0882340701653811,0.0746131577570679,0.0342232999762035,0.0302094769955638,0.0156339323198802,0.0156638200245515,0.0060403294741658,0.0140284075961991,0.0049637913272262,0.2656784204224703,0.1755567047211417,0.1687051731985386,0.1369229571638175,0.1285460552844758,0.1136934377189001,0.1132797292042883,0.1090211857220551,-0.8912,0.0,-0.8912,0.0,-0.8912,0.0,9.17527484023154,57.85895516381579,0.5323024653893998,0.0040053525129426,8.471656467006042,56.070253982606566,0.5654336415865311,0.108307099938983,-0.26736,-0.17824,-0.160416,1313.3333333333333
2374,1318.888888888889,0.1990401137643629,0.088165951694847,0.0745483669125418,0.0342778497976106,0.0296896363934004,0.0152867341279938,0.0158229660364389,0.0060311697497987,0.0138611238853084,0.0050183437535928,0.258463281538771,0.1718406475113786,0.1636595586002766,0.1347856128911413,0.125955398141776,0.112741907059163,0.1124105401483218,0.1084969277875872,-0.8992,0.0,-0.8992,0.0,-0.8992,0.0,9.17527484023154,57.85895516381579,0.5323024653893998,0.0040053525129426,7.952422330266685,56.070253982606566,0.5654336415865311,0.108307099938983,-0.26976,-0.17984,-0.161856,1318.888888888889
2384,1324.4444444444443,0.1990302769464159,0.0881247882874881,0.0746514096969827,0.0341843839311503,0.0295709594232132,0.0153956879929522,0.0159975346745202,0.0059536249048899,0.0139920182256829,0.0049966086391247,0.2700097248010167,0.1875475232525371,0.1719107269042588,0.142276595612112,0.1302707954596735,0.1155428484448024,0.1138221352950754,0.1091580702540338,-0.9072,0.0,-0.9072,0.0,-0.9072,0.0,9.17527484023154,57.85895516381579,0.5323024653893998,0.0040053525129426,7.952422330266685,44.29352545487527,0.5654336415865311,0.108307099938983,-0.27216,-0.18144,-0.163296,1324.4444444444443
2394,1330.0,0.199037244978172,0.0877960070073427,0.0743939223827883,0.0339498412452457,0.0297014167977894,0.0155498052747477,0.0158356580583264,0.0058519096818006,0.0137099381826897,0.0050556227716277,0.2877539566073776,0.1954479487761448,0.1781778349195988,0.1452459862182267,0.1327536909952383,0.1165087932928602,0.1145469104278289,0.1095334299553975,-0.9152,0.0,-0.9152,0.0,-0.9152,0.0,9.17527484023154,57.85895516381579,0.5323024653893998,0.0040053525129426,7.952422330266685,44.29352545487527,0.6127419448534138,0.108307099938983,-0.2745599999999999,-0.18304,-0.164736,1330.0
2404,1335.5555555555554,0.1989021088772309,0.087273837051908,0.074297645547618,0.0338094362235314,0.0295392989340528,0.0154425257673152,0.0161100324813251,0.0063294676235918,0.013540033903273,0.0051289749609814,0.308945353440503,0.222462574352968,0.2067757380041106,0.1763950536460296,0.1642075244994733,0.1493149676282605,0.1475070454961423,0.1427880340756535,-0.9232,0.0,-0.9232,0.0,-0.9232,0.0,9.17527484023154,57.85895516381579,0.5323024653893998,0.0040053525129426,7.952422330266685,44.29352545487527,0.6127419448534138,0.1417206794710261,-0.27696,-0.18464,-0.166176,1335.5555555555554
2414,1341.111111111111,0.1731495580466573,0.0741033921476099,0.0564410503592015,0.0257215760748465,0.0201209040225671,0.0114632063815892,0.011800076937821,0.0048920194833325,0.0117667425606931,0.004660710355761,0.3087986260234546,0.2222086488661281,0.2063857990294773,0.176591291278188,0.1639529595643385,0.1492484167337588,0.14737537011067,0.1426083468274805,-0.9312,0.0,-0.9312,0.0,-0.9312,0.0,7.613822797608217,57.85895516381579,0.5323024653893998,0.0040053525129426,7.952422330266685,44.29352545487527,0.6127419448534138,0.1417206794710261,-0.27936,-0.18624,-0.167616,1341.111111111111
2424,1346.6666666666663,0.1875181049317084,0.0926067899004627,0.0660808871087808,0.0341580411742548,0.0257508789574446,0.0149925855113167,0.0137687799514873,0.0064024939002607,0.0129213636487329,0.0052310966976787,0.3089935266744431,0.2219015409375161,0.2057957439195281,0.1766330010563126,0.1641833660704469,0.1491088596419898,0.1471353466484152,0.1428227722061365,-0.9392,0.0,-0.9392,0.0,-0.9392,0.0,7.613822797608217,45.055491007686136,0.5323024653893998,0.0040053525129426,7.952422330266685,44.29352545487527,0.6127419448534138,0.1417206794710261,-0.28176,-0.18784,-0.169056,1346.6666666666663
2434,1352.2222222222222,0.2085549758869705,0.1023435734916266,0.0740980181850625,0.0380443001334798,0.0287426321133227,0.0161324238141332,0.0149512418676871,0.006868670624693,0.0131827162728602,0.0055210502731807,0.309019695648528,0.2219093832902641,0.206054202528497,0.1765802723772419,0.164055133953317,0.1490595797757236,0.1468719232851772,0.1425093332826342,-0.9472,0.0,-0.9472,0.0,-0.9472,0.0,7.613822797608217,45.055491007686136,0.5913020099923738,0.0040053525129426,7.952422330266685,44.29352545487527,0.6127419448534138,0.1417206794710261,-0.28416,-0.18944,-0.170496,1352.2222222222222
2444,1357.7777777777776,0.2685464414223794,0.1808437069595426,0.1561319820091348,0.1269553911247457,0.1189539717138098,0.1083874928000501,0.1077764610859779,0.1006277076534275,0.1073632241027964,0.1000611961000361,0.3087071051861564,0.2221777999862404,0.2056863206962129,0.1762324725992305,0.1639433116668736,0.1488646529643177,0.1467965621959527,0.1424732567170507,-0.9552,0.0,-0.9552,0.0,-0.9552,0.0,7.613822797608217,45.055491007686136,0.5913020099923738,0.09858658699061,7.952422330266685,44.29352545487527,0.6127419448534138,0.1417206794710261,-0.28656,-0.19104,-0.171936,1357.7777777777776
2454,1363.3333333333333,0.2688102531384388,0.180683335594757,0.1564796025292545,0.1268464644184591,0.11919191453556,0.108246958579215,0.1078967454825756,0.1007365425574546,0.1069685868676787,0.099717166997981,0.2809302826102356,0.2062757252965533,0.1870446597511621,0.1670635245994473,0.1545981879546797,0.1446098409689878,0.1428803144490826,0.1412272311203125,-0.9632,0.0,-0.9632,0.0,-0.9632,0.0,7.613822797608217,45.055491007686136,0.5913020099923738,0.09858658699061,6.303296903563976,44.29352545487527,0.6127419448534138,0.1417206794710261,-0.28896,-0.19264,-0.173376,1363.3333333333333
2464,1368.888888888889,0.2684332637817653,0.1811562253349768,0.156310285721521,0.1270044794750641,0.1190383086428243,0.1081000770584212,0.1080413190231372,0.1006916347067629,0.1067002260872005,0.099674247252314,0.2772609946333727,0.2019772939690805,0.1851334951538088,0.1652215497690484,0.1534533314952089,0.1441090238371019,0.1426361067678577,0.1412285946744806,-0.9712,0.0,-0.9712,0.0,-0.9712,0.0,7.613822797608217,45.055491007686136,0.5913020099923738,0.09858658699061,6.303296903563976,47.611695270010856,0.6127419448534138,0.1417206794710261,-0.29136,-0.19424,-0.174816,1368.888888888889
2474,1374.4444444444443,0.2685389169430994,0.1810581769296457,0.1560974101238205,0.127634694195538,0.1189052813479744,0.1081482319817816,0.1084866745982627,0.1009324400113031,0.1063875904621165,0.099320530252835,0.2509165367775438,0.1904026953626109,0.1771428998521769,0.1619671661619683,0.1509897801333088,0.1430969279606624,0.1421217897064574,0.1410045610547459,-0.9792,0.0,-0.9792,0.0,-0.9792,0.0,7.613822797608217,45.055491007686136,0.5913020099923738,0.09858658699061,6.303296903563976,47.611695270010856,0.5267442377677045,0.1417206794710261,-0.29376,-0.19584,-0.176256,1374.4444444444443
2484,1380.0,0.268374668742021,0.1807767693450314,0.1559222523765295,0.1277195895886401,0.1189745651123012,0.1085534164208814,0.1083779630027394,0.1006587215620341,0.1062419728780444,0.0993028646404256,0.2210471688844935,0.1531095974187112,0.1389878731714913,0.1208320348769753,0.1096727079498262,0.1012500801694671,0.100018721692394,0.0983109763247838,-0.9872,0.0,-0.9872,0.0,-0.9872,0.0,7.613822797608217,45.055491007686136,0.5913020099923738,0.09858658699061,6.303296903563976,47.611695270010856,0.5267442377677045,0.099366933242138,-0.29616,-0.19744,-0.177696,1380.0
2494,1385.5555555555554,0.2918239644705625,0.1951557206780054,0.1734375982132208,0.1374657059071801,0.1295063989402019,0.1134489964412783,0.1134049892424326,0.1029279422162772,0.1087226086047498,0.1000158382542291,0.2214660710035416,0.1530229464577635,0.1389935220328901,0.1205044162043555,0.1104170805617864,0.1008959480801785,0.1001764223311773,0.0984005129176733,-0.9952,0.0,-0.9952,0.0,-0.9952,0.0,9.05776810324219,45.055491007686136,0.5913020099923738,0.09858658699061,6.303296903563976,47.611695270010856,0.5267442377677045,0.099366933242138,-0.29856,-0.19904,-0.179136,1385.5555555555554
2504,1391.111111111111,0.2880123896098723,0.1903052995029927,0.1703994821811809,0.1347460630458047,0.1280525759162158,0.112136672833683,0.1124019576408014,0.1018370232840746,0.1084573109663437,0.1000027645268682,0.2215608398006747,0.1532108610193448,0.1388617497065565,0.1201579902053892,0.1103320314003742,0.100726006073419,0.1000650682714215,0.0987279960272802,-1.0,0.0,-1.0,0.0,-1.0,0.0,9.05776810324219,47.53707562817565,0.5913020099923738,0.09858658699061,6.303296903563976,47.611695270010856,0.5267442377677045,0.099366933242138,-0.3,-0.2,-0.18,1391.111111111111
2514,1396.6666666666663,0.2813393476306089,0.1872378834458429,0.1674792271902913,0.133674557076986,0.1268402211315284,0.1117623678809969,0.1120971200730707,0.1017471529530886,0.1085607315451853,0.0997922787814585,0.221521022312459,0.1529852427472705,0.1388920644951337,0.1201828655597079,0.1105290597956203,0.1005706636432438,0.1001336142774793,0.0989778931595073,-1.0,0.0,-1.0,0.0,-1.0,0.0,9.05776810324219,47.53707562817565,0.5743447905548836,0.09858658699061,6.303296903563976,47.611695270010856,0.5267442377677045,0.099366933242138,-0.3,-0.2,-0.18,1396.6666666666663
2524,1402.2222222222222,0.2708875471671377,0.1730414151075576,0.152961878612756,0.1174020521601025,0.1105848047217032,0.0948186689257193,0.0947508016354866,0.0843286714000834,0.090918715073363,0.0821730579002336,0.2212205600054287,0.1529830785022914,0.1385137216291196,0.1200060536911651,0.1105936930885849,0.1009080037856329,0.1001144629235753,0.0992558197459864,-1.0,0.0,-1.0,0.0,-1.0,0.0,9.05776810324219,47.53707562817565,0.5743447905548836,0.0809282488421151,6.303296903563976,47.611695270010856,0.5267442377677045,0.099366933242138,-0.3,-0.2,-0.18,1402.2222222222222
2534,1407.7777777777776,0.27044151844749,0.1729952129586347,0.1528199650262007,0.1174865176056888,0.1108117289216084,0.0947863128875719,0.0942579654736019,0.0844188669562872,0.0911772071327368,0.08255886063751,0.2264255348500538,0.1555503848801848,0.1416112930900175,0.1212441682123385,0.1116939380883972,0.1015319024030489,0.1008660772074808,0.0997645815647183,-1.0,0.0,-1.0,0.0,-1.0,0.0,9.05776810324219,47.53707562817565,0.5743447905548836,0.0809282488421151,6.64517333891428,47.611695270010856,0.5267442377677045,0.099366933242138,-0.3,-0.2,-0.18,1407.7777777777776
2544,1413.3333333333333,0.2703029310704617,0.1736459925072918,0.152874264616581,0.1172626921591641,0.1107916879389959,0.0946548775747489,0.0945419983540278,0.0843223726327436,0.091123390708144,0.0825138550241305,0.2293863001612635,0.1588534419297156,0.1431498817598768,0.1226929256564421,0.1120827055927721,0.1021857446185103,0.1008581684105628,0.099935066331675,-1.0,0.0,-1.0,0.0,-1.0,0.0,9.05776810324219,47.53707562817565,0.5743447905548836,0.0809282488421151,6.64517333891428,44.94819183233542,0.5267442377677045,0.099366933242138,-0.3,-0.2,-0.18,1413.3333333333333
2554,1418.888888888889,0.270484570959481,0.1739216822511579,0.1528196714815621,0.1170376836903275,0.1105733947943487,0.0946561889834265,0.0943199647377549,0.0840763423034044,0.0911196471385247,0.0821865668535068,0.2424100609855931,0.1643355424631454,0.1474166814960515,0.1247048642558685,0.113367904844143,0.1027502065933761,0.1014148194117108,0.1000120414400578,-1.0,0.0,-1.0,0.0,-1.0,0.0,9.05776810324219,47.53707562817565,0.5743447905548836,0.0809282488421151,6.64517333891428,44.94819183233542,0.5659704566564828,0.099366933242138,-0.3,-0.2,-0.18,1418.888888888889
2564,1424.4444444444443,0.2704966455509459,0.1741336599187904,0.1526465258503051,0.1165636333062696,0.1102105169900325,0.0948500956549019,0.0947267782163747,0.0842652102183845,0.0909431402870006,0.0823445094012361,0.221720705324494,0.1381219277376181,0.1200057512161001,0.0953228798476416,0.0833332948621516,0.0721866833445094,0.071140750415967,0.0697097594325867,-1.0,0.0,-1.0,0.0,-1.0,0.0,9.05776810324219,47.53707562817565,0.5743447905548836,0.0809282488421151,6.64517333891428,44.94819183233542,0.5659704566564828,0.0686138547207326,-0.3,-0.2,-0.18,1424.4444444444443
2574,1430.0,0.2310725432363417,0.1512987411960147,0.1244771846029885,0.1017820978075082,0.095193235814558,0.0879542236190779,0.0877653533037795,0.081197051201227,0.0879627219483561,0.0814669380294272,0.2218639492487523,0.1378809745954976,0.1197786400998346,0.0957563723915076,0.0829497487478128,0.0717322299556649,0.0712638623658974,0.0695325405701277,-1.0,0.0,-1.0,0.0,-1.0,0.0,6.660900672968236,47.53707562817565,0.5743447905548836,0.0809282488421151,6.64517333891428,44.94819183233542,0.5659704566564828,0.0686138547207326,-0.3,-0.2,-0.18,1430.0
2584,1435.5555555555554,0.2239125086084591,0.1420596412663616,0.1201965924391455,0.0976848909996623,0.0933530750865017,0.0866840274416992,0.0868645272768798,0.0808883179174739,0.0874635598784843,0.0813880404989828,0.2222151191154278,0.1377813533251523,0.1201609577458592,0.0956742961810865,0.0829366755346332,0.0720983142501536,0.071101451749195,0.0692351280343143,-1.0,0.0,-1.0,0.0,-1.0,0.0,6.660900672968236,55.05464272734011,0.5743447905548836,0.0809282488421151,6.64517333891428,44.94819183233542,0.5659704566564828,0.0686138547207326,-0.3,-0.2,-0.18,1435.5555555555554
2594,1441.111111111111,0.2365643783012514,0.1467969003941457,0.1240977965873553,0.0997445023707895,0.0947582360364619,0.0872321110341876,0.0871752704665381,0.0809424132245048,0.0878846233687744,0.0814842100877721,0.2225024143650407,0.1376346374464428,0.1200870161092965,0.0958787844600171,0.0831753573723981,0.0718717122237614,0.0708112194597638,0.0695236825410226,-1.0,0.0,-1.0,0.0,-1.0,0.0,6.660900672968236,55.05464272734011,0.6158109148858508,0.0809282488421151,6.64517333891428,44.94819183233542,0.5659704566564828,0.0686138547207326,-0.3,-0.2,-0.18,1441.111111111111
2604,1446.6666666666663,0.2117333751498173,0.1150464239838655,0.0912789684529514,0.0652105578482074,0.0597867081919273,0.0517730297747022,0.0516336069327764,0.0448926385118473,0.0517403335726123,0.0455584544224992,0.2225832068654144,0.137591973459823,0.1203930184577788,0.0959904271840166,0.0827970517600179,0.0719119415640228,0.0708602251661156,0.0697177533014527,-1.0,0.0,-1.0,0.0,-1.0,0.0,6.660900672968236,55.05464272734011,0.6158109148858508,0.0449540809335751,6.64517333891428,44.94819183233542,0.5659704566564828,0.0686138547207326,-0.3,-0.2,-0.18,1446.6666666666663
2614,1452.2222222222222,0.2116874872300737,0.1149555580687025,0.0911295646603834,0.065145190696526,0.0596441724246899,0.0522174740159277,0.0517499545826045,0.0447799504989907,0.0515637826305068,0.0452794543538525,0.214972777294601,0.1330127573695182,0.1156862067824928,0.0940769151380993,0.0806782955918372,0.0709609225455524,0.0699926090842618,0.0696813623974391,-1.0,0.0,-1.0,0.0,-1.0,0.0,6.660900672968236,55.05464272734011,0.6158109148858508,0.0449540809335751,6.232639717053009,44.94819183233542,0.5659704566564828,0.0686138547207326,-0.3,-0.2,-0.18,1452.2222222222222
2624,1457.7777777777776,0.2118817364032639,0.1146502147628418,0.0911377248382416,0.0653666923650623,0.0596199410048381,0.0523159022231842,0.0518696052403442,0.0448966533598635,0.0514892093008954,0.0454631222664015,0.2049821639352649,0.1208430729302632,0.110115528297617,0.089324363458872,0.0778929852040288,0.0694219595312529,0.0691945403637544,0.0692231655569386,-1.0,0.0,-1.0,0.0,-1.0,0.0,6.660900672968236,55.05464272734011,0.6158109148858508,0.0449540809335751,6.232639717053009,55.26361902802962,0.5659704566564828,0.0686138547207326,-0.3,-0.2,-0.18,1457.7777777777776
2634,1463.3333333333333,0.2117246120935217,0.1147655187271277,0.0912924528243842,0.065462404172132,0.0596376064414436,0.0521688997360013,0.0517481674046211,0.044782345958767,0.0517449620037439,0.0453209762752213,0.193283754983342,0.1165619368480913,0.106614466708234,0.0883033579915655,0.0768509276651372,0.0694091051361349,0.0687135452966763,0.0691794194036108,-1.0,0.0,-1.0,0.0,-1.0,0.0,6.660900672968236,55.05464272734011,0.6158109148858508,0.0449540809335751,6.232639717053009,55.26361902802962,0.5262157976582641,0.0686138547207326,-0.3,-0.2,-0.18,1463.3333333333333
2644,1468.888888888889,0.2120947183878556,0.1150710862395876,0.0913831976664587,0.0651895645634898,0.0598297096756918,0.0518953770235006,0.0517207173740302,0.0448754949644329,0.0515488320728612,0.0456031529448553,0.1589697144673735,0.0732452400138831,0.0620844062882743,0.0413077703334861,0.0294283165227529,0.0215727723407036,0.0204782718711268,0.0207376299341752,-1.0,0.0,-1.0,0.0,-1.0,0.0,6.660900672968236,55.05464272734011,0.6158109148858508,0.0449540809335751,6.232639717053009,55.26361902802962,0.5262157976582641,0.0199809963524517,-0.3,-0.2,-0.18,1468.888888888889
2654,1474.4444444444443,0.2151797378126302,0.116718809551208,0.0933903071222977,0.0661028396599644,0.0605605915898456,0.0518457696292909,0.0521048400215477,0.0451619285474928,0.0513766458030059,0.0458759718240626,0.1590143625253267,0.0732230290863453,0.0622926630879918,0.04138351872591,0.0293839140710124,0.0213395084081281,0.0205406091154865,0.0208015988934414,-1.0,0.0,-1.0,0.0,-1.0,0.0,6.818189586583285,55.05464272734011,0.6158109148858508,0.0449540809335751,6.232639717053009,55.26361902802962,0.5262157976582641,0.0199809963524517,-0.3,-0.2,-0.18,1474.4444444444443
2664,1480.0,0.2320124967509499,0.1380037762159801,0.1042381440343844,0.0755253168010286,0.0656264132643104,0.0555147818463285,0.0544008323130688,0.0462779157624332,0.052034494819672,0.0463737715432506,0.158956497413027,0.073090457863744,0.0621049703463907,0.0412889093236691,0.0293221148687554,0.0216761119286737,0.0207613160860826,0.0211020244135699,-1.0,0.0,-1.0,0.0,-1.0,0.0,6.818189586583285,41.62524622231981,0.6158109148858508,0.0449540809335751,6.232639717053009,55.26361902802962,0.5262157976582641,0.0199809963524517,-0.3,-0.2,-0.18,1480.0
2674,1485.5555555555554,0.2545329472870192,0.1486594584821116,0.1114164392776341,0.0791104678572764,0.0683844999436301,0.0568451539575241,0.0552014439415203,0.0467069340225839,0.0523311183846478,0.0462278049676812,0.158958702399527,0.0731199321204429,0.0618093662964023,0.0411143494149591,0.0290837303231654,0.0214845538609645,0.0206808841988511,0.0208515104763416,-1.0,0.0,-1.0,0.0,-1.0,0.0,6.818189586583285,41.62524622231981,0.6812784730800514,0.0449540809335751,6.232639717053009,55.26361902802962,0.5262157976582641,0.0199809963524517,-0.3,-0.2,-0.18,1485.5555555555554
2684,1491.111111111111,0.2513376290999485,0.1447212785842674,0.1073220788505663,0.075043081963545,0.0641219868872684,0.0519486784057727,0.051011037931415,0.0426914158709063,0.0474369264634719,0.0416678266049311,0.1588451028394165,0.0729177177699516,0.061856242673586,0.0412476661908095,0.0294352816259548,0.0213136896433963,0.0205056650237583,0.0209517723719796,-1.0,0.0,-1.0,0.0,-1.0,0.0,6.818189586583285,41.62524622231981,0.6812784730800514,0.0403866449510085,6.232639717053009,55.26361902802962,0.5262157976582641,0.0199809963524517,-0.3,-0.2,-0.18,1491.111111111111
2694,1496.6666666666663,0.2511587133998715,0.1444954311878089,0.1070422060595349,0.0752461315911639,0.0640294597470441,0.0519217358055852,0.0511017638304767,0.0425288988332979,0.0474940734007015,0.0412533719126177,0.170806841835673,0.0787078060550211,0.068938179743777,0.0440652631310492,0.0327520577706048,0.0222647919104523,0.0217560320101269,0.0210966094513259,-1.0,0.0,-1.0,0.0,-1.0,0.0,6.818189586583285,41.62524622231981,0.6812784730800514,0.0403866449510085,6.9192317376205805,55.26361902802962,0.5262157976582641,0.0199809963524517,-0.3,-0.2,-0.18,1496.6666666666663
2704,1502.2222222222222,0.2515325355760859,0.144255064781069,0.106802122768172,0.075361831856187,0.0640520195495245,0.0518706379818262,0.0512811150342938,0.0423445265212149,0.0477940023043616,0.0411827264982072,0.169331765238021,0.0774787065984477,0.0681965787733117,0.0434135705997632,0.0325484892091593,0.0218589815041568,0.0219600344501007,0.021168132722728,-1.0,0.0,-1.0,0.0,-1.0,0.0,6.818189586583285,41.62524622231981,0.6812784730800514,0.0403866449510085,6.9192317376205805,56.65588620004135,0.5262157976582641,0.0199809963524517,-0.3,-0.2,-0.18,1502.2222222222222
2714,1507.7777777777776,0.2516528625901894,0.1443926483120616,0.1064543710101449,0.075164916756608,0.0643096820847079,0.0519911780137933,0.0512729241370602,0.0425933185734638,0.0477965759978717,0.0413498004471851,0.1996475321588334,0.0890989809396194,0.0776591832212488,0.0470143700954638,0.0355204481288972,0.0225879766877565,0.0233491926646266,0.0218462549387837,-1.0,0.0,-1.0,0.0,-1.0,0.0,6.818189586583285,41.62524622231981,0.6812784730800514,0.0403866449510085,6.9192317376205805,56.65588620004135,0.6239846919423603,0.0199809963524517,-0.3,-0.2,-0.18,1507.7777777777776
2724,1513.3333333333333,0.2517662052355888,0.1443291659121903,0.1065026678010948,0.0751445831443244,0.0643502322508329,0.0518994816873737,0.0511467352135668,0.0427441030305769,0.0474775095761488,0.0411759472170219,0.2048790199681189,0.0957657447326121,0.0855050701893017,0.0547674825563827,0.0432889654193112,0.0306806447536478,0.0314495146566452,0.030221599383016,-1.0,0.0,-1.0,0.0,-1.0,0.0,6.818189586583285,41.62524622231981,0.6812784730800514,0.0403866449510085,6.9192317376205805,56.65588620004135,0.6239846919423603,0.0280715079811078,-0.3,-0.2,-0.18,1513.3333333333333
2734,1518.888888888889,0.2748321511421343,0.1581394312090561,0.1231819875629231,0.0837919106300321,0.0728655394609788,0.0562263345069781,0.055070777037547,0.0447363183689269,0.0488908314220363,0.0416226608054597,0.2051017054064179,0.0958768695559873,0.0856589299030304,0.0546989332364644,0.0430609582798354,0.0309876178191102,0.0316677130110367,0.0300711813355563,-1.0,0.0,-1.0,0.0,-1.0,0.0,7.791402919605084,41.62524622231981,0.6812784730800514,0.0403866449510085,6.9192317376205805,56.65588620004135,0.6239846919423603,0.0280715079811078,-0.3,-0.2,-0.18,1518.888888888889
2744,1524.4444444444443,0.2510895652122653,0.1262978351998734,0.1061942863121383,0.0682550383132925,0.0635743065272956,0.0499991218076907,0.0509777527157293,0.042160178526852,0.0476273825537096,0.0407867996328996,0.2051333548466918,0.0952843020745024,0.0855679943153517,0.0546636506564913,0.0431743835814942,0.0308340872775455,0.0319062909017946,0.0301847583287993,-1.0,0.0,-1.0,0.0,-1.0,0.0,7.791402919605084,57.678449294442935,0.6812784730800514,0.0403866449510085,6.9192317376205805,56.65588620004135,0.6239846919423603,0.0280715079811078,-0.3,-0.2,-0.18,1524.4444444444443
2754,1530.0,0.2144312046438254,0.1120125300193509,0.0938775266108321,0.0632374706748764,0.0595816292829874,0.0485495134386046,0.0499612851309868,0.0421143227628659,0.0470785473387306,0.040345843531654,0.2050150983492213,0.0952438939679296,0.0852458295469902,0.0545667501096493,0.0432646878695875,0.030665356821545,0.0320181956491141,0.0300247229172674,-1.0,0.0,-1.0,0.0,-1.0,0.0,7.791402919605084,57.678449294442935,0.5750748034038927,0.0403866449510085,6.9192317376205805,56.65588620004135,0.6239846919423603,0.0280715079811078,-0.3,-0.2,-0.18,1530.0
2764,1535.5555555555554,0.2581838739914316,0.1694360906579946,0.1523917437609256,0.1261892663909929,0.1232321862224207,0.1137453963993023,0.1152285092876686,0.1082055017748759,0.1131131563686183,0.1065235262798936,0.2049993693573806,0.0952845085734076,0.0850165315308295,0.0549076565099636,0.0428863820722973,0.0306522336761479,0.0322681535919082,0.029929120660886,-1.0,0.0,-1.0,0.0,-1.0,0.0,7.791402919605084,57.678449294442935,0.5750748034038927,0.10663223297948,6.9192317376205805,56.65588620004135,0.6239846919423603,0.0280715079811078,-0.3,-0.2,-0.18,1535.5555555555554
2774,1541.111111111111,0.2580281776204645,0.1694217153839556,0.1525821680821969,0.1264412271663396,0.1236874888252756,0.1136194103551279,0.1155180456817207,0.10844918919268,0.1131927047815807,0.1066042814860775,0.1919349534576389,0.0893414207991475,0.0771292241421313,0.0515952621770499,0.0390128920807019,0.0292827442591199,0.0313405001382203,0.029654029929098,-1.0,0.0,-1.0,0.0,-1.0,0.0,7.791402919605084,57.678449294442935,0.5750748034038927,0.10663223297948,6.290423126509404,56.65588620004135,0.6239846919423603,0.0280715079811078,-0.3,-0.2,-0.18,1541.111111111111
2784,1546.6666666666663,0.2577227910815791,0.1695553667739797,0.1527425199934506,0.1259654020785234,0.1238076730387827,0.1137662595570745,0.1149058859423709,0.1088001832230789,0.1135913745967108,0.1066373130203291,0.1937053121986443,0.0921622730461885,0.0780717823446708,0.0525087309520107,0.0394917026278426,0.0292625871778782,0.0315985665736411,0.029425930047698,-1.0,0.0,-1.0,0.0,-1.0,0.0,7.791402919605084,57.678449294442935,0.5750748034038927,0.10663223297948,6.290423126509404,54.54649553477088,0.6239846919423603,0.0280715079811078,-0.3,-0.2,-0.18,1546.6666666666663
2794,1552.2222222222222,0.2576835753416317,0.1690866705184842,0.1526547755014629,0.1261834750129062,0.1238877445142477,0.1141834807356136,0.114384031204927,0.1088096244677356,0.1137021322398383,0.1063509882361834,0.2029661855263695,0.0953179635455283,0.0805943205800576,0.0535390978717629,0.0404685744282266,0.0297882420361668,0.0317743195058297,0.0297337492484525,-1.0,0.0,-1.0,0.0,-1.0,0.0,7.791402919605084,57.678449294442935,0.5750748034038927,0.10663223297948,6.290423126509404,54.54649553477088,0.6552947048130493,0.0280715079811078,-0.3,-0.2,-0.18,1552.2222222222222
2804,1557.7777777777776,0.2574894685638768,0.16887083584689,0.1525169819954974,0.1261846438616674,0.1233155052772382,0.11472343813829,0.114483241673797,0.1087379493310956,0.1136599706494777,0.106327167693571,0.2706361577877242,0.1802373404844003,0.168282373066731,0.1462526596707754,0.1337519926701417,0.1247964023319842,0.1268420546180081,0.1249025117740717,-1.0,0.0,-1.0,0.0,-1.0,0.0,7.791402919605084,57.678449294442935,0.5750748034038927,0.10663223297948,6.290423126509404,54.54649553477088,0.6552947048130493,0.1238650172553198,-0.3,-0.2,-0.18,1557.7777777777776
2814,1563.3333333333333,0.2685416072194904,0.1745763106051135,0.1602661344367734,0.1294970051497008,0.1272952312510673,0.1163760457051262,0.1161445111970323,0.1095524969298504,0.1146620873275755,0.1070810554489334,0.2705690395545255,0.1799647675323293,0.1682538595909989,0.1461587162066924,0.1334044203438875,0.1249553104697451,0.126989854808181,0.1246611247227482,-1.0,0.0,-1.0,0.0,-1.0,0.0,8.557443169392675,57.678449294442935,0.5750748034038927,0.10663223297948,6.290423126509404,54.54649553477088,0.6552947048130493,0.1238650172553198,-0.3,-0.2,-0.18,1563.3333333333333
2824,1568.888888888889,0.2789433112842866,0.1886760931298368,0.1682484038820161,0.1362532851714225,0.1314781181330681,0.1194711948224032,0.1180247792251278,0.110467693897716,0.1153460011667681,0.106988951947666,0.2706022266947587,0.1797451897893325,0.1686436068847903,0.1459222097559124,0.1338468064335015,0.1252968131084351,0.1272426550475849,0.1246584443696834,-1.0,0.0,-1.0,0.0,-1.0,0.0,8.557443169392675,47.41465589652505,0.5750748034038927,0.10663223297948,6.290423126509404,54.54649553477088,0.6552947048130493,0.1238650172553198,-0.3,-0.2,-0.18,1568.888888888889
2834,1574.4444444444443,0.2544589002903927,0.1774374674596446,0.1584948164986296,0.1325070954924923,0.1280570010666659,0.1183269307344424,0.116702932457168,0.1096740787213517,0.1149763149482041,0.1071388382735538,0.2706521878721394,0.1800820702433521,0.1684075923370672,0.1460327857040912,0.1339516914962707,0.1255813275593125,0.1271548373148883,0.1246878682774694,-1.0,0.0,-1.0,0.0,-1.0,0.0,8.557443169392675,47.41465589652505,0.5128424000332207,0.10663223297948,6.290423126509404,54.54649553477088,0.6552947048130493,0.1238650172553198,-0.3,-0.2,-0.18,1574.4444444444443
2844,1580.0,0.2371633634047184,0.1540730213870182,0.1337127797152556,0.1061740612008559,0.1009520206032616,0.0901196421657044,0.0880509558022134,0.080619943473219,0.0860102968065357,0.0783271840590612,0.2705702802697137,0.1803311580224301,0.1683511837170494,0.1457157219459664,0.1341985424761805,0.1254789493148043,0.1268491653112071,0.1250619866847892,-1.0,0.0,-1.0,0.0,-1.0,0.0,8.557443169392675,47.41465589652505,0.5128424000332207,0.0778164351090442,6.290423126509404,54.54649553477088,0.6552947048130493,0.1238650172553198,-0.3,-0.2,-0.18,1580.0
2854,1585.5555555555554,0.2373774066780407,0.1540431185950731,0.1335208910082976,0.106220537460303,0.1010633632039728,0.0901613562264282,0.0882911308779918,0.0808998953541232,0.0858978459112495,0.0780546109700703,0.3052339887326825,0.1980204844104914,0.1905194879930119,0.1557442164084176,0.1447878493767126,0.1292898712410077,0.1308717034472836,0.1262788129494315,-1.0,0.0,-1.0,0.0,-1.0,0.0,8.557443169392675,47.41465589652505,0.5128424000332207,0.0778164351090442,8.272379719146606,54.54649553477088,0.6552947048130493,0.1238650172553198,-0.3,-0.2,-0.18,1585.5555555555554
2864,1591.111111111111,0.2375095702563916,0.1541111245037702,0.1334730529593638,0.1062436885308767,0.1013178179052382,0.0902928132417362,0.087915148582252,0.0808826536943159,0.0857298839971617,0.0780085031547606,0.3188144748207548,0.2158094525767519,0.2002121634168263,0.1644638146885113,0.149869314451405,0.1329778904675803,0.1329508386262402,0.127025998196371,-1.0,0.0,-1.0,0.0,-1.0,0.0,8.557443169392675,47.41465589652505,0.5128424000332207,0.0778164351090442,8.272379719146606,43.81676406979354,0.6552947048130493,0.1238650172553198,-0.3,-0.2,-0.18,1591.111111111111
2874,1596.6666666666663,0.237687187894876,0.1540487682180262,0.1339520835561036,0.1062944724572456,0.1013204131218077,0.0904850352898486,0.08761896635557,0.080449790708875,0.0855934861565231,0.0777600406450462,0.2790425454372092,0.1967024962307851,0.1848595619270797,0.1572434312020947,0.1444029753366218,0.130271306350211,0.1309866550091752,0.1263054658166385,-1.0,0.0,-1.0,0.0,-1.0,0.0,8.557443169392675,47.41465589652505,0.5128424000332207,0.0778164351090442,8.272379719146606,43.81676406979354,0.5532474453225887,0.1238650172553198,-0.3,-0.2,-0.18,1596.6666666666663
2884,1602.2222222222222,0.2375720016994741,0.1546022819369247,0.133822599130367,0.1061035403507682,0.1012838475591622,0.0905121606395008,0.0883525800166122,0.0801470114031249,0.0855554926193897,0.0776652252529271,0.2522791388662693,0.1612520063111365,0.1479903505760028,0.1170552503089141,0.1031836970537141,0.0876138655928831,0.0879883527818772,0.0831993584540772,-1.0,0.0,-1.0,0.0,-1.0,0.0,8.557443169392675,47.41465589652505,0.5128424000332207,0.0778164351090442,8.272379719146606,43.81676406979354,0.5532474453225887,0.0804180063569058,-0.3,-0.2,-0.18,1602.2222222222222
2894,1607.7777777777776,0.2410067636002701,0.1564293758592998,0.1366324917986758,0.1074877556861725,0.1029463150945943,0.0909978301982301,0.0891941439371343,0.0805349309366718,0.085874430382733,0.0778323786057784,0.2522697301211905,0.1614225966335896,0.1479184090955401,0.1174412543114618,0.1027989220469431,0.087954793815416,0.0878388764248813,0.0831932958135611,-1.0,0.0,-1.0,0.0,-1.0,0.0,8.794661001273342,47.41465589652505,0.5128424000332207,0.0778164351090442,8.272379719146606,43.81676406979354,0.5532474453225887,0.0804180063569058,-0.3,-0.2,-0.18,1607.7777777777776
2904,1613.3333333333333,0.2307676018237574,0.1430388625923193,0.1292082484060124,0.1008627534416341,0.0986821868353255,0.087715526538906,0.0870378855212643,0.078971189286237,0.0854130546136745,0.0773743110837634,0.2525265647289931,0.1613862233780687,0.1478351758356861,0.1173017854577951,0.1028428944379063,0.0879018054711204,0.0880394700766795,0.0834558817776139,-1.0,0.0,-1.0,0.0,-1.0,0.0,8.794661001273342,57.93173461518359,0.5128424000332207,0.0778164351090442,8.272379719146606,43.81676406979354,0.5532474453225887,0.0804180063569058,-0.3,-0.2,-0.18,1613.3333333333333
2914,1618.8888888888887,0.2352889766940605,0.144740991715356,0.1307545855703555,0.1015628468603436,0.0993237223424996,0.0877789658827276,0.0869131304601014,0.0791904457347682,0.0853137683621039,0.0773670947797972,0.252510903271252,0.1613177102692808,0.148036758545834,0.1169692562995153,0.102947722770104,0.0879406068116761,0.0881883045616377,0.0835731338895762,-1.0,0.0,-1.0,0.0,-1.0,0.0,8.794661001273342,57.93173461518359,0.5251483035068338,0.0778164351090442,8.272379719146606,43.81676406979354,0.5532474453225887,0.0804180063569058,-0.3,-0.2,-0.18,1618.8888888888887
2924,1624.4444444444443,0.2040317815472303,0.1022143759390979,0.0876369928040419,0.0544265209799571,0.0518726708950592,0.0382965614242363,0.037947271014285,0.0293445923754909,0.0353593080812131,0.0271069089384401,0.2527154415749835,0.1609889208827377,0.147816725190778,0.1172111435959409,0.1027456892251476,0.0878470820779023,0.0882016355832176,0.0836899492771629,-1.0,0.0,-1.0,0.0,-1.0,0.0,8.794661001273342,57.93173461518359,0.5251483035068338,0.0276405319299744,8.272379719146606,43.81676406979354,0.5532474453225887,0.0804180063569058,-0.3,-0.2,-0.18,1624.4444444444443
2934,1630.0,0.2040478225160565,0.1021891839074261,0.0878890744302101,0.0549497872842094,0.0517780230187278,0.0383356828060834,0.0373062668095902,0.0297135464643409,0.0355102368865064,0.027152118768261,0.2548430834563275,0.1626191084933623,0.1494926069783732,0.1176590951122469,0.1036610417458421,0.0881591384661941,0.0888523423407636,0.0837939620084745,-1.0,0.0,-1.0,0.0,-1.0,0.0,8.794661001273342,57.93173461518359,0.5251483035068338,0.0276405319299744,8.39861091416443,43.81676406979354,0.5532474453225887,0.0804180063569058,-0.3,-0.2,-0.18,1630.0
2944,1635.5555555555554,0.2045881282480377,0.1019191494423364,0.0876412526675556,0.0547749480086792,0.0518856291673671,0.0381283236573913,0.0375384521811549,0.0300801114011983,0.0355952188759308,0.0269541405951765,0.2439676575590294,0.1482387112549287,0.1416410637621565,0.1106338566390658,0.0994182143347305,0.0855730848076276,0.087247492036593,0.0830648381180685,-1.0,0.0,-1.0,0.0,-1.0,0.0,8.794661001273342,57.93173461518359,0.5251483035068338,0.0276405319299744,8.39861091416443,52.8904324604695,0.5532474453225887,0.0804180063569058,-0.3,-0.2,-0.18,1635.5555555555554
2954,1641.111111111111,0.2039494474352167,0.1021009603335414,0.0877084938796802,0.0542126561946815,0.0516836542523056,0.0380591993757638,0.0377458160211053,0.030003094409033,0.0359068210707779,0.0267202576467355,0.2777252415048713,0.1623732406188121,0.1537501620856117,0.1162196711026568,0.103598604560916,0.087232617136932,0.088238387188621,0.0835349706447029,-1.0,0.0,-1.0,0.0,-1.0,0.0,8.794661001273342,57.93173461518359,0.5251483035068338,0.0276405319299744,8.39861091416443,52.8904324604695,0.6441945583619955,0.0804180063569058,-0.3,-0.2,-0.18,1641.111111111111
2964,1646.6666666666663,0.2039669938682826,0.1019939287527141,0.0874711537830713,0.0542452707463171,0.0516514591548896,0.0380476320707517,0.037887131863961,0.0301657349658456,0.0362882364808982,0.02635171983217,0.3214788756097082,0.2210715301150221,0.2134623628265405,0.1816813457853339,0.1692126068921411,0.155007466222584,0.1564120974766744,0.152497276893531,-1.0,0.0,-1.0,0.0,-1.0,0.0,8.794661001273342,57.93173461518359,0.5251483035068338,0.0276405319299744,8.39861091416443,52.8904324604695,0.6441945583619955,0.149515674754697,-0.3,-0.2,-0.18,1646.6666666666663
2974,1652.2222222222222,0.2126154177881005,0.1064612600803564,0.094077273807891,0.0572347138988116,0.0551515105772597,0.0396531695334247,0.0392621908893184,0.0307349169662179,0.0373016694032474,0.0261966898642114,0.3213984553257097,0.2210286090772348,0.2138303696017721,0.1816560422089845,0.1692653857517994,0.1552605299465138,0.156591644722892,0.1521507624310716,-1.0,0.0,-1.0,0.0,-1.0,0.0,9.405375867810818,57.93173461518359,0.5251483035068338,0.0276405319299744,8.39861091416443,52.8904324604695,0.6441945583619955,0.149515674754697,-0.3,-0.2,-0.18,1652.2222222222222
2984,1657.7777777777776,0.2134853003871635,0.1079596234223618,0.0950067679426225,0.0576366518341157,0.0557183957590704,0.0401998036491706,0.0395900815348655,0.0306455169023612,0.0371107108764291,0.0260544224607374,0.3211154898091655,0.2211073433895085,0.2139413119204788,0.1811499333357021,0.1694164480253614,0.1553441060661649,0.1569362200589369,0.1525754997028265,-1.0,0.0,-1.0,0.0,-1.0,0.0,9.405375867810818,56.860501336831724,0.5251483035068338,0.0276405319299744,8.39861091416443,52.8904324604695,0.6441945583619955,0.149515674754697,-0.3,-0.2,-0.18,1657.7777777777776
2994,1663.3333333333333,0.2650472544988693,0.129680868643651,0.115549820666667,0.0663694222431997,0.0633640240597658,0.0434641921495818,0.0426582190079791,0.0317033679138342,0.0378344798270719,0.0261101711293454,0.3207958968725242,0.2213573916093305,0.2137080898613471,0.1811058017871967,0.1693540508162297,0.1555402588280527,0.1570883129704071,0.1530175616060171,-1.0,0.0,-1.0,0.0,-1.0,0.0,9.405375867810818,56.860501336831724,0.6554231618106363,0.0276405319299744,8.39861091416443,52.8904324604695,0.6441945583619955,0.149515674754697,-0.3,-0.2,-0.18,1663.3333333333333
3004,1668.8888888888887,0.2842621493945494,0.1561435265209401,0.1421078374299224,0.095913900235414,0.0931781324906485,0.0739289566484275,0.0730410106398391,0.063138732110759,0.0691571015660601,0.0577189077017143,0.3210851184257654,0.2214472616882125,0.2138208537419991,0.1808502628554907,0.1695825327349143,0.155564027040299,0.1570525200067715,0.1531545650053749,-1.0,0.0,-1.0,0.0,-1.0,0.0,9.405375867810818,56.860501336831724,0.6554231618106363,0.0592528822809655,8.39861091416443,52.8904324604695,0.6441945583619955,0.149515674754697,-0.3,-0.2,-0.18,1668.8888888888887
3014,1674.4444444444443,0.2843064104293462,0.1561687995111735,0.14163110505934,0.0960117567555788,0.0933464472304085,0.0740351193265399,0.0728840736040251,0.0633829928797831,0.0684257507500214,0.0579869552856988,0.31359129565757,0.2171430674443393,0.2086850746984077,0.1785787264387726,0.1667500569709508,0.154348166996304,0.1556461547161308,0.1527026287093406,-1.0,0.0,-1.0,0.0,-1.0,0.0,9.405375867810818,56.860501336831724,0.6554231618106363,0.0592528822809655,7.923687331829445,52.8904324604695,0.6441945583619955,0.149515674754697,-0.3,-0.2,-0.18,1674.4444444444443
3024,1680.0,0.2843553230869017,0.1564608237881728,0.1418312579725869,0.095663128917647,0.0933903390406123,0.074009955175377,0.0726768115616259,0.0632669849658621,0.0684145631860222,0.0581723679830767,0.3242272870830473,0.2313796914542183,0.2161203091752415,0.185290651229855,0.1707065922691158,0.1570361486355213,0.1573676041774936,0.1537469745761122,-1.0,0.0,-1.0,0.0,-1.0,0.0,9.405375867810818,56.860501336831724,0.6554231618106363,0.0592528822809655,7.923687331829445,43.68891284893158,0.6441945583619955,0.149515674754697,-0.3,-0.2,-0.18,1680.0
3034,1685.5555555555554,0.2844059449701073,0.1561385328321229,0.1423187891993832,0.0954743867907579,0.0932406352995641,0.0739864628061195,0.0723617411337149,0.0635509005004188,0.0683175351115158,0.0583167786670299,0.3273746630673022,0.2327092518724105,0.2170713807254741,0.1857576843919818,0.1711517418972925,0.1573308026427245,0.1573867368943295,0.153749149981742,-1.0,0.0,-1.0,0.0,-1.0,0.0,9.405375867810818,56.860501336831724,0.6554231618106363,0.0592528822809655,7.923687331829445,43.68891284893158,0.6518988930561611,0.149515674754697,-0.3,-0.2,-0.18,1685.5555555555554
3044,1691.111111111111,0.2842955156504775,0.1559263205777503,0.1423045529165552,0.0951748873599892,0.0930892148254064,0.0740284488907058,0.072830422279679,0.063850775074948,0.0683332174053232,0.0583871234955318,0.3049587458624649,0.2030550536565106,0.1861613372891566,0.1524716169468575,0.1367677202355248,0.1223740272964107,0.1218954635117212,0.1182185156288896,-1.0,0.0,-1.0,0.0,-1.0,0.0,9.405375867810818,56.860501336831724,0.6554231618106363,0.0592528822809655,7.923687331829445,43.68891284893158,0.6518988930561611,0.1136535996777583,-0.3,-0.2,-0.18,1691.111111111111
3054,1696.6666666666663,0.2719607872069394,0.1490508302831019,0.1329861300848367,0.0906120181157311,0.0882194166705115,0.0718572863039095,0.0700380669581272,0.0629232182080678,0.0670028399027539,0.0580998286647847,0.3049969839814914,0.203090243628615,0.1863769982480908,0.1527507334368019,0.1365302262099385,0.1222367677128401,0.1220910030251471,0.117936147564589,-1.0,0.0,-1.0,0.0,-1.0,0.0,8.708144683631101,56.860501336831724,0.6554231618106363,0.0592528822809655,7.923687331829445,43.68891284893158,0.6518988930561611,0.1136535996777583,-0.3,-0.2,-0.18,1696.6666666666663
3064,1702.2222222222222,0.2822089013713825,0.1627802536755409,0.1404128295501059,0.0976053917959107,0.092466829484467,0.075324173656583,0.072004128936817,0.0637800997776792,0.0673754652438596,0.058086686741888,0.3046830362434672,0.2026619960074033,0.1861144683350392,0.1527593979843275,0.1366413854025697,0.1225493120838788,0.1218537811026627,0.1182698757918917,-1.0,0.0,-1.0,0.0,-1.0,0.0,8.708144683631101,48.89598048853558,0.6554231618106363,0.0592528822809655,7.923687331829445,43.68891284893158,0.6518988930561611,0.1136535996777583,-0.3,-0.2,-0.18,1702.2222222222222
3074,1707.7777777777776,0.2507569504013751,0.1485299414619543,0.1282655180996101,0.0921160206537226,0.0882427671409167,0.0734261726975322,0.0703826873867565,0.0630343671058462,0.0665874865355303,0.0578537029252639,0.3050598532079027,0.2026180354005458,0.1864749216861702,0.152758473198586,0.1369811326805843,0.1226680469623215,0.121871994223591,0.1185526372817601,-1.0,0.0,-1.0,0.0,-1.0,0.0,8.708144683631101,48.89598048853558,0.5756360657581642,0.0592528822809655,7.923687331829445,43.68891284893158,0.6518988930561611,0.1136535996777583,-0.3,-0.2,-0.18,1707.7777777777776
3084,1713.3333333333333,0.2528165238502574,0.1518672585543349,0.1317595093580862,0.0956579600464222,0.0915029691529557,0.0768962126463458,0.0739112850201249,0.0670886767239013,0.0699954498726737,0.0615153025627709,0.3051524961946257,0.2026003065324697,0.1865305941672796,0.1528659177167746,0.1367012769675335,0.1227608420804508,0.1220592698912135,0.1186538190618068,-1.0,0.0,-1.0,0.0,-1.0,0.0,8.708144683631101,48.89598048853558,0.5756360657581642,0.0629656398554912,7.923687331829445,43.68891284893158,0.6518988930561611,0.1136535996777583,-0.3,-0.2,-0.18,1713.3333333333333
3094,1718.8888888888887,0.2528537572163525,0.1517847763016183,0.1318915881124424,0.0958463675595877,0.0912535251456718,0.0770588942663258,0.0737556976805985,0.067332943395815,0.0701624879360287,0.0621812307906,0.2703185799425753,0.1821401746231433,0.1626851706346962,0.1406437540402782,0.1251309376365919,0.1177343878810055,0.1173978167017544,0.1166247184039183,-1.0,0.0,-1.0,0.0,-1.0,0.0,8.708144683631101,48.89598048853558,0.5756360657581642,0.0629656398554912,6.10001770533374,43.68891284893158,0.6518988930561611,0.1136535996777583,-0.3,-0.2,-0.18,1718.8888888888887
3104,1724.4444444444443,0.2526216016260866,0.15155975048676,0.131786816840286,0.0957053182782009,0.0916489142806819,0.0772546961375987,0.0737552903952986,0.0675298855079968,0.0700159603518763,0.0621727243226468,0.2573651154834998,0.165532130978572,0.1548416352616451,0.1346026601199884,0.1217086008183259,0.1157538868917632,0.1162918216856506,0.1162715152055079,-1.0,0.0,-1.0,0.0,-1.0,0.0,8.708144683631101,48.89598048853558,0.5756360657581642,0.0629656398554912,6.10001770533374,56.88640232822986,0.6518988930561611,0.1136535996777583,-0.3,-0.2,-0.18,1724.4444444444443
3114,1730.0,0.2527159405903001,0.151528012256329,0.13191503017736,0.0961219336948815,0.0915209544875927,0.077677055744257,0.073800529243447,0.067538407172188,0.0700932381868293,0.0621930637405566,0.2451127215333747,0.1608314418819625,0.1513433583976921,0.1333139298068263,0.1210380551697006,0.1158296425069975,0.1160831739686536,0.116252867829985,-1.0,0.0,-1.0,0.0,-1.0,0.0,8.708144683631101,48.89598048853558,0.5756360657581642,0.0629656398554912,6.10001770533374,56.88640232822986,0.6084739755109543,0.1136535996777583,-0.3,-0.2,-0.18,1730.0
3124,1735.5555555555554,0.2533347188083675,0.1514210343497754,0.1317635743103563,0.0958230387467326,0.0917824318826452,0.0777514434120336,0.0738476471832833,0.0678432534821862,0.0698433429153481,0.0626112402150546,0.2053046564590392,0.1112691657887223,0.1000523284616559,0.0796516017301162,0.0664383079715043,0.0611858009595842,0.0607237853823674,0.0607439196904768,-1.0,0.0,-1.0,0.0,-1.0,0.0,8.708144683631101,48.89598048853558,0.5756360657581642,0.0629656398554912,6.10001770533374,56.88640232822986,0.6084739755109543,0.0581277958502597,-0.3,-0.2,-0.18,1735.5555555555554
3134,1741.111111111111,0.2441854757190165,0.1461940413285732,0.1248149019617462,0.0925090472763931,0.0881090452690221,0.0759822884868971,0.0724327130244093,0.0671413814822611,0.0691273174259345,0.0622530440005909,0.2055333700433046,0.1113207317657257,0.0999822366431761,0.0796386115286283,0.0664157390486801,0.0612599145251021,0.060663465841798,0.0606480784005809,-1.0,0.0,-1.0,0.0,-1.0,0.0,8.153692058451325,48.89598048853558,0.5756360657581642,0.0629656398554912,6.10001770533374,56.88640232822986,0.6084739755109543,0.0581277958502597,-0.3,-0.2,-0.18,1741.111111111111
3144,1746.6666666666663,0.2377179092510397,0.1383037711672687,0.1203734732224999,0.0883001618835076,0.0858457753184873,0.0743542946107432,0.07123535917927,0.0663187173113594,0.0686013409626486,0.0619386034420142,0.2051848560294089,0.1114928487937055,0.099848225024088,0.0794811941119148,0.0666757668975868,0.0612747306837801,0.0608037113358514,0.0604959826196917,-1.0,0.0,-1.0,0.0,-1.0,0.0,8.153692058451325,54.43280437039324,0.5756360657581642,0.0629656398554912,6.10001770533374,56.88640232822986,0.6084739755109543,0.0581277958502597,-0.3,-0.2,-0.18,1746.6666666666663
3154,1752.2222222222222,0.2381342918142277,0.1383638150782095,0.1204761107422404,0.0883393237191699,0.0855491668723109,0.0742207669952645,0.0713425349881286,0.066757474912738,0.0688424588084291,0.0620811475449492,0.2050758561259964,0.1114746614790156,0.1000858802444867,0.0795997831539622,0.0664465001085203,0.0614530348921801,0.0607463968768105,0.0600707167255763,-1.0,0.0,-1.0,0.0,-1.0,0.0,8.153692058451325,54.43280437039324,0.5762921738796791,0.0629656398554912,6.10001770533374,56.88640232822986,0.6084739755109543,0.0581277958502597,-0.3,-0.2,-0.18,1752.2222222222222
3164,1757.7777777777776,0.2772981851525702,0.1903593416572482,0.1743826203736414,0.1471099681675497,0.1442148078763157,0.1346389611510847,0.131862771791312,0.1283878858170459,0.1300067149832,0.1235702583798232,0.2050423832099784,0.1116548512243936,0.1000890806293355,0.0797798053418851,0.0662311132661739,0.0613508429481579,0.0603072518030617,0.0603850115573135,-1.0,0.0,-1.0,0.0,-1.0,0.0,8.153692058451325,54.43280437039324,0.5762921738796791,0.1245961010117987,6.10001770533374,56.88640232822986,0.6084739755109543,0.0581277958502597,-0.3,-0.2,-0.18,1757.7777777777776
3174,1763.3333333333333,0.2770961137781449,0.1901697938757894,0.1746557936148693,0.147169945687115,0.1441778319258077,0.135045612118509,0.1321059090362755,0.1285750814922897,0.1298654399643668,0.123380806153307,0.2521550869157351,0.135150761692964,0.1306891011115643,0.0927737618184919,0.0807482615491215,0.0671270327827073,0.0661123642959939,0.0624412209236649,-1.0,0.0,-1.0,0.0,-1.0,0.0,8.153692058451325,54.43280437039324,0.5762921738796791,0.1245961010117987,8.758390038916161,56.88640232822986,0.6084739755109543,0.0581277958502597,-0.3,-0.2,-0.18,1763.3333333333333
3184,1768.8888888888887,0.2769769322769988,0.190107873830104,0.1745721010972622,0.1472279594696363,0.1441540526733659,0.1352111745281676,0.132342542979177,0.1285538308880884,0.1298633048152015,0.1234822700336781,0.263032479980782,0.1501966807800224,0.1388074557758188,0.0998647359003858,0.0850514440135598,0.0701322794106066,0.0680736475804176,0.0635862218701759,-1.0,0.0,-1.0,0.0,-1.0,0.0,8.153692058451325,54.43280437039324,0.5762921738796791,0.1245961010117987,8.758390038916161,47.74864594621289,0.6084739755109543,0.0581277958502597,-0.3,-0.2,-0.18,1768.8888888888887
3194,1774.4444444444443,0.27662769770801,0.1898989207268877,0.1742685651840275,0.1473139350141822,0.143915309580607,0.1349960556350093,0.1321380506152323,0.1283319424141289,0.1297715214209463,0.1234133511339875,0.2311305130645949,0.1357229619348881,0.1262004947525596,0.0943962148177772,0.080092618274594,0.0682961129974284,0.066369031324227,0.0629112321787995,-1.0,0.0,-1.0,0.0,-1.0,0.0,8.153692058451325,54.43280437039324,0.5762921738796791,0.1245961010117987,8.758390038916161,47.74864594621289,0.5275632308699862,0.0581277958502597,-0.3,-0.2,-0.18,1774.4444444444443
3204,1780.0,0.2761993428892464,0.1900552908856637,0.1742685731403859,0.1469593629007868,0.1443434477460381,0.1347466225403506,0.1320446788414662,0.1283539874354182,0.1296557900063485,0.1234139921664865,0.2649936154776782,0.1820111469114229,0.172965531189824,0.1464996567892754,0.1328519924851865,0.1227206332142279,0.1209540257899438,0.1182757105536147,-1.0,0.0,-1.0,0.0,-1.0,0.0,8.153692058451325,54.43280437039324,0.5762921738796791,0.1245961010117987,8.758390038916161,47.74864594621289,0.5275632308699862,0.1140559943985273,-0.3,-0.2,-0.18,1780.0
3214,1785.5555555555554,0.2955452698301575,0.2010006790749924,0.1887374562969164,0.1540028698043735,0.1523582729563924,0.1387301279528316,0.1357805831953191,0.1299875822517327,0.1312844625108687,0.1239207599311659,0.2646677840614989,0.1822642157214145,0.1730218429748782,0.1465702263643341,0.1327177180779617,0.1225143578571001,0.1209640668453469,0.1180686704439677,-1.0,0.0,-1.0,0.0,-1.0,0.0,9.57743634799554,54.43280437039324,0.5762921738796791,0.1245961010117987,8.758390038916161,47.74864594621289,0.5275632308699862,0.1140559943985273,-0.3,-0.2,-0.18,1785.5555555555554
3224,1791.111111111111,0.3095327872140518,0.2206107227450494,0.2007328664472793,0.1647615261020706,0.1593498132419293,0.1441618650402884,0.1395676997590746,0.1323702345102038,0.132863762764764,0.1248306070663524,0.2647496057771127,0.1821288962591284,0.1729497289869593,0.1467364187919514,0.1324716739993072,0.1221184484273513,0.1213514778088895,0.118113243513297,-1.0,0.0,-1.0,0.0,-1.0,0.0,9.57743634799554,42.95976297524129,0.5762921738796791,0.1245961010117987,8.758390038916161,47.74864594621289,0.5275632308699862,0.1140559943985273,-0.3,-0.2,-0.18,1791.111111111111
3234,1796.6666666666663,0.3388197771269827,0.2353008414012005,0.2129817859594065,0.1710651029764117,0.1648991275859454,0.1467110014497937,0.1417091171737067,0.133229300633179,0.1336862686618094,0.1250470717146964,0.264757049525708,0.1823980335638185,0.1729427843009878,0.1464824327590693,0.1325221414350562,0.122281883907046,0.1214285670004109,0.1183769989870193,-1.0,0.0,-1.0,0.0,-1.0,0.0,9.57743634799554,42.95976297524129,0.642535135212293,0.1245961010117987,8.758390038916161,47.74864594621289,0.5275632308699862,0.1140559943985273,-0.3,-0.2,-0.18,1796.6666666666663
3244,1802.2222222222224,0.3386773187180946,0.2350343047417836,0.2126059628549361,0.1705522076084396,0.1644021791562623,0.1459688795001101,0.1407442273999936,0.1324656988827036,0.1326806016431029,0.124089266138798,0.2649814192714055,0.1824078547659647,0.173174924851998,0.1466587447502056,0.1323251646147981,0.1225116872129575,0.1213864123745799,0.1179581856916282,-1.0,0.0,-1.0,0.0,-1.0,0.0,9.57743634799554,42.95976297524129,0.642535135212293,0.123798510045006,8.758390038916161,47.74864594621289,0.5275632308699862,0.1140559943985273,-0.3,-0.2,-0.18,1802.2222222222224
3254,1807.7777777777776,0.3386720248735459,0.2349964508305098,0.2125470676551757,0.1703634686297904,0.1645774648365658,0.1461999563076285,0.140500692629656,0.1322940952863226,0.1326513002550791,0.1239920256356674,0.2649758316987988,0.1825930813713954,0.1732858129330375,0.1468561031087834,0.1318606959312913,0.1226199040567488,0.1211952581925415,0.1175774733043652,-1.0,0.0,-1.0,0.0,-1.0,0.0,9.57743634799554,42.95976297524129,0.642535135212293,0.123798510045006,8.761715834989083,47.74864594621289,0.5275632308699862,0.1140559943985273,-0.3,-0.2,-0.18,1807.7777777777776
3264,1813.3333333333333,0.3384759968208595,0.2349049999988613,0.2126584447735087,0.1702559354364738,0.1643766675093602,0.1460835710707867,0.1407850775498881,0.1324777063125884,0.1325917329994245,0.1239259176454816,0.2714676143473058,0.1909612293053404,0.1780784307896717,0.1513620149849089,0.1344419363446738,0.1248465771253986,0.122218486954242,0.1182076887097045,-1.0,0.0,-1.0,0.0,-1.0,0.0,9.57743634799554,42.95976297524129,0.642535135212293,0.123798510045006,8.761715834989083,42.46762828555149,0.5275632308699862,0.1140559943985273,-0.3,-0.2,-0.18,1813.3333333333333
3274,1818.8888888888887,0.3381090299335545,0.2348607501281465,0.2129962177322317,0.1701166694518544,0.1640909792432117,0.1462741913962718,0.1408668763485412,0.132447775321598,0.1328010899709376,0.1238468089055567,0.2677663225272496,0.1893376835426286,0.1762494446652635,0.150731572651398,0.1335178036466355,0.1246513749802123,0.1219054752935224,0.117801968501735,-1.0,0.0,-1.0,0.0,-1.0,0.0,9.57743634799554,42.95976297524129,0.642535135212293,0.123798510045006,8.761715834989083,42.46762828555149,0.5183619826303218,0.1140559943985273,-0.3,-0.2,-0.18,1818.8888888888887
3284,1824.4444444444443,0.3380900426352387,0.2346068834468197,0.2132341809447412,0.1703759293973929,0.1640007772642164,0.1462230433666944,0.1406717163438328,0.1324496566285738,0.1331774498004186,0.1240530670488313,0.2880028262860699,0.2164784940613896,0.2045318088844521,0.1818664910575556,0.1656449227752705,0.1577690816337659,0.1551743253852829,0.1517274280921949,-1.0,0.0,-1.0,0.0,-1.0,0.0,9.57743634799554,42.95976297524129,0.642535135212293,0.123798510045006,8.761715834989083,42.46762828555149,0.5183619826303218,0.14818073727698,-0.3,-0.2,-0.18,1824.4444444444443
3294,1830.0,0.2886207860458957,0.2032884425974189,0.1750969568616868,0.1493066147462211,0.1425272059792593,0.1354015402029088,0.1301885558770761,0.1275931098600093,0.1287308820353531,0.1223776269499303,0.2881444907341776,0.2164263385766436,0.2044880512310221,0.1817990177782497,0.1656415335736386,0.1576382120935214,0.1549035886077601,0.1520877929350455,-1.0,0.0,-1.0,0.0,-1.0,0.0,6.773620752325083,42.95976297524129,0.642535135212293,0.123798510045006,8.761715834989083,42.46762828555149,0.5183619826303218,0.14818073727698,-0.3,-0.2,-0.18,1830.0
3304,1835.5555555555557,0.2875610146160548,0.2021466605642809,0.1741870857208776,0.1486716484509657,0.1421534304109762,0.1351792506621723,0.1301053954702506,0.127625526426046,0.1285430470969632,0.1222007806900188,0.2884193420825118,0.2167921834865712,0.2045984046453524,0.1821009571552631,0.1656694657783205,0.1580738780353396,0.1550780796330785,0.1520482524366735,-1.0,0.0,-1.0,0.0,-1.0,0.0,6.773620752325083,43.536151182737925,0.642535135212293,0.123798510045006,8.761715834989083,42.46762828555149,0.5183619826303218,0.14818073727698,-0.3,-0.2,-0.18,1835.5555555555557
3314,1841.111111111111,0.2780661591747288,0.1978647167845079,0.1711031699148657,0.1471390166634065,0.1407056110967991,0.1345357608327607,0.1297814948280444,0.1272924196123612,0.1288469530373981,0.1219600377586541,0.2882057583046544,0.2170990882140049,0.2047240568452592,0.1819496029428264,0.1653405050465802,0.1575640422196861,0.1549121400677421,0.1517810371725369,-1.0,0.0,-1.0,0.0,-1.0,0.0,6.773620752325083,43.536151182737925,0.6149905867658038,0.123798510045006,8.761715834989083,42.46762828555149,0.5183619826303218,0.14818073727698,-0.3,-0.2,-0.18,1841.111111111111
3324,1846.6666666666663,0.2410033489485067,0.1499238244028803,0.1205449900208184,0.0935535531031763,0.0862001844997944,0.0782552924524352,0.0735880654122047,0.0709402081604553,0.0724813667881991,0.0651344562830146,0.2884673756375859,0.2172296213806351,0.2047562215697129,0.1816314010651971,0.1649940118726703,0.1576995778942048,0.1549649836190745,0.1519820152437473,-1.0,0.0,-1.0,0.0,-1.0,0.0,6.773620752325083,43.536151182737925,0.6149905867658038,0.0669409554434452,8.761715834989083,42.46762828555149,0.5183619826303218,0.14818073727698,-0.3,-0.2,-0.18,1846.6666666666663
3334,1852.2222222222224,0.2407783387722353,0.1496186254164553,0.1203120836411495,0.0932557524012378,0.0860149030462037,0.078302315275414,0.0738716097770052,0.0707452789509612,0.0726730817457557,0.0653869337148503,0.2826127700017133,0.2133408716820712,0.1999469321247321,0.1791722302264007,0.162599823981063,0.1563131900195099,0.1535976758906812,0.1516381906949564,-1.0,0.0,-1.0,0.0,-1.0,0.0,6.773620752325083,43.536151182737925,0.6149905867658038,0.0669409554434452,8.2511765739835,42.46762828555149,0.5183619826303218,0.14818073727698,-0.3,-0.2,-0.18,1852.2222222222224
3344,1857.7777777777776,0.2407792764545415,0.1493104252451789,0.1203440912270336,0.0933579823439375,0.0858036875206816,0.0780739081622342,0.0740526511280652,0.0712074648772667,0.0728383384525837,0.0653415465947398,0.2811380943709337,0.2114210251252707,0.1989740380036086,0.1782161892534219,0.1616693539865239,0.156438888501899,0.1533179548112577,0.1519150668648493,-1.0,0.0,-1.0,0.0,-1.0,0.0,6.773620752325083,43.536151182737925,0.6149905867658038,0.0669409554434452,8.2511765739835,43.81114496316227,0.5183619826303218,0.14818073727698,-0.3,-0.2,-0.18,1857.7777777777776
3354,1863.3333333333333,0.2408403275162869,0.1490415953944307,0.1203976138038538,0.0933197248586395,0.0855660075490692,0.0779367767781942,0.0742643710372474,0.0713929740566248,0.0730815961874151,0.065592288631913,0.3447340788815644,0.2413938461511122,0.2236592611273192,0.1895016407517734,0.1710245370106885,0.1606463979754225,0.1563904986615696,0.1530200006071445,-1.0,0.0,-1.0,0.0,-1.0,0.0,6.773620752325083,43.536151182737925,0.6149905867658038,0.0669409554434452,8.2511765739835,43.81114496316227,0.6828855523119839,0.14818073727698,-0.3,-0.2,-0.18,1863.3333333333333
3364,1868.8888888888887,0.2407608888770928,0.1486451644180601,0.120224829507006,0.0931322250172664,0.0855288860942324,0.0781695457507533,0.0746987154219055,0.0713189390327345,0.0733095773259938,0.0655026749157407,0.2740812831041532,0.1472878937613543,0.1251818427601408,0.082080072835037,0.0618482794815675,0.0478381024147469,0.0434136545528428,0.0382118029577455,-1.0,0.0,-1.0,0.0,-1.0,0.0,6.773620752325083,43.536151182737925,0.6149905867658038,0.0669409554434452,8.2511765739835,43.81114496316227,0.6828855523119839,0.0325792269461583,-0.3,-0.2,-0.18,1868.8888888888887
3374,1874.4444444444443,0.2802210105209529,0.1726753985117632,0.1494528761338673,0.1088843833506476,0.10185023998681,0.0866011177531654,0.0824461197319984,0.0747580108153246,0.0764758016298062,0.0667130175995788,0.2738123222621428,0.1471343584493128,0.1249896923459584,0.0819605165615781,0.0617846401460871,0.0478405897607374,0.0437118648236903,0.0384986322269532,-1.0,0.0,-1.0,0.0,-1.0,0.0,8.861155168597247,43.536151182737925,0.6149905867658038,0.0669409554434452,8.2511765739835,43.81114496316227,0.6828855523119839,0.0325792269461583,-0.3,-0.2,-0.18,1874.4444444444443
3384,1880.0,0.2839549766316339,0.178185560040428,0.1525166515858305,0.1115234976554813,0.1040858926322159,0.0883958472922156,0.0838047309914304,0.0755524126672862,0.0770532083005833,0.0668226436138361,0.2739312343110255,0.1471708673345341,0.1250834825510565,0.0820237169547955,0.061631807783807,0.0480531385930806,0.0432437481206098,0.0383835325414442,-1.0,0.0,-1.0,0.0,-1.0,0.0,8.861155168597247,41.352070505481215,0.6149905867658038,0.0669409554434452,8.2511765739835,43.81114496316227,0.6828855523119839,0.0325792269461583,-0.3,-0.2,-0.18,1880.0
3394,1885.5555555555557,0.2753975060050203,0.1736758560834142,0.1489290144550707,0.1098078312794536,0.1026816413377776,0.0879058413608959,0.0831509926826144,0.075016368031297,0.0768061206544352,0.0665736922986539,0.2738060328121681,0.1471322977852762,0.1248648772910248,0.0819460165272352,0.0613280553797209,0.0481912698910861,0.0434783820528435,0.038117594447133,-1.0,0.0,-1.0,0.0,-1.0,0.0,8.861155168597247,41.352070505481215,0.594680517551433,0.0669409554434452,8.2511765739835,43.81114496316227,0.6828855523119839,0.0325792269461583,-0.3,-0.2,-0.18,1885.5555555555557
3404,1891.111111111111,0.2394793785600662,0.1247266296067528,0.0982183804363217,0.0532828582650653,0.0452802814014304,0.0283550262682871,0.0229615531735811,0.0138571197702108,0.0156857952833077,0.0043979891616677,0.2732728347237706,0.1466241449094407,0.12497349182299,0.0821559594959644,0.0614954046025583,0.0484541541517047,0.0436948314866941,0.0383956571980179,-1.0,0.0,-1.0,0.0,-1.0,0.0,8.861155168597247,41.352070505481215,0.594680517551433,0.0048837489967789,8.2511765739835,43.81114496316227,0.6828855523119839,0.0325792269461583,-0.3,-0.2,-0.18,1891.111111111111
3414,1896.6666666666663,0.2391251723051904,0.1245920968741108,0.0980787859701017,0.053425298330139,0.0453495922736956,0.0282660303973298,0.0232748117701326,0.0139259625037539,0.0154738964051035,0.0043147167280693,0.2435721777731388,0.1285826912781753,0.1038263779586825,0.0716049086646188,0.0506948177304574,0.0434161231323978,0.0393946850521057,0.0366233144144984,-1.0,0.0,-1.0,0.0,-1.0,0.0,8.861155168597247,41.352070505481215,0.594680517551433,0.0048837489967789,6.941432119191309,43.81114496316227,0.6828855523119839,0.0325792269461583,-0.3,-0.2,-0.18,1896.6666666666663
3424,1902.2222222222224,0.2389733694562603,0.1241536186953488,0.098487475500836,0.0532998062362642,0.0452706343051102,0.0287351065127136,0.0231823791017266,0.0139639494208789,0.0154797802300121,0.0042338342437782,0.239427177965004,0.123396716081759,0.1013760027769376,0.0690231400941542,0.0496637854280935,0.0426808364261562,0.0389339896860612,0.0366591223588507,-1.0,0.0,-1.0,0.0,-1.0,0.0,8.861155168597247,41.352070505481215,0.594680517551433,0.0048837489967789,6.941432119191309,46.24461348350058,0.6828855523119839,0.0325792269461583,-0.3,-0.2,-0.18,1902.2222222222224
3434,1907.7777777777776,0.2386890308058714,0.1239801638830706,0.0984522524173872,0.0534981564539724,0.0453174770963942,0.0284009706737998,0.0230312343126538,0.0140526016509367,0.0155732841893495,0.0038650695917232,0.2260416615417142,0.1177566430251661,0.0971931068195954,0.067077348104382,0.0478798401770446,0.0421418831679761,0.0385106260455567,0.0365267586181003,-1.0,0.0,-1.0,0.0,-1.0,0.0,8.861155168597247,41.352070505481215,0.594680517551433,0.0048837489967789,6.941432119191309,46.24461348350058,0.6439496878277151,0.0325792269461583,-0.3,-0.2,-0.18,1907.7777777777776
3444,1913.3333333333333,0.2385816429743154,0.1240521149215045,0.0986053451870116,0.0535025673101288,0.0457037478517644,0.0283380273831714,0.0231851721013294,0.0137997286485787,0.0154971142322334,0.0039347332240447,0.2498879033029201,0.1479694521311396,0.1286805377889817,0.1010519169825135,0.0822854762650731,0.0774649785468844,0.0736925160397194,0.0721370582784623,-1.0,0.0,-1.0,0.0,-1.0,0.0,8.861155168597247,41.352070505481215,0.594680517551433,0.0048837489967789,6.941432119191309,46.24461348350058,0.6439496878277151,0.0682526224728599,-0.3,-0.2,-0.18,1913.3333333333333
3454,1918.8888888888887,0.1908791472649008,0.0941596696834339,0.0628020173343792,0.0333634114321044,0.0257638841347332,0.0181314786795908,0.0136723046067996,0.0094509166604956,0.0119881926909745,0.0030560501289974,0.2496245097029599,0.1479168657383164,0.1286695129972242,0.1008941910660907,0.0827253681974727,0.0772428264559488,0.0734800201740961,0.0716313124460623,-1.0,0.0,-1.0,0.0,-1.0,0.0,6.581677959657334,41.352070505481215,0.594680517551433,0.0048837489967789,6.941432119191309,46.24461348350058,0.6439496878277151,0.0682526224728599,-0.3,-0.2,-0.18,1918.8888888888887
3464,1924.4444444444443,0.1687244726494237,0.0666830254491457,0.0493593926232913,0.0218935799354304,0.0191518038460121,0.0135156093427397,0.0110323367834416,0.0076463958698415,0.0113240190189807,0.0024710696314699,0.2499276739297243,0.1477677094467788,0.12888767430582,0.1007014009558367,0.0824943631586418,0.0775117227455614,0.0732794736905081,0.071816458608716,-1.0,0.0,-1.0,0.0,-1.0,0.0,6.581677959657334,59.90723318857994,0.594680517551433,0.0048837489967789,6.941432119191309,46.24461348350058,0.6439496878277151,0.0682526224728599,-0.3,-0.2,-0.18,1924.4444444444443
3474,1930.0,0.1931952619173892,0.0753581064222617,0.0566554630540497,0.0244489578043026,0.0214385902484401,0.0141290567875805,0.0118285873664965,0.0076265053577986,0.0116005660595018,0.0028532415360208,0.2500928976046553,0.1480169484169511,0.1290557630552535,0.100254998033737,0.0825494431232897,0.0777331135358834,0.0731201395246245,0.0719973154934742,-1.0,0.0,-1.0,0.0,-1.0,0.0,6.581677959657334,59.90723318857994,0.6777398613416665,0.0048837489967789,6.941432119191309,46.24461348350058,0.6439496878277151,0.0682526224728599,-0.3,-0.2,-0.18,1930.0
3484,1935.5555555555557,0.2861563582014598,0.1932513570238318,0.1774344137966982,0.1531339772597885,0.1511306059278152,0.145043980234163,0.1435862858441061,0.1398328461415076,0.1439095811391597,0.1352033076271394,0.250102569319358,0.148455274221905,0.1289611586787381,0.1003551629869266,0.0826680846015318,0.0777334142977955,0.0729628285088809,0.0720549471764269,-1.0,0.0,-1.0,0.0,-1.0,0.0,6.581677959657334,59.90723318857994,0.6777398613416665,0.1374485902460104,6.941432119191309,46.24461348350058,0.6439496878277151,0.0682526224728599,-0.3,-0.2,-0.18,1935.5555555555557
3494,1941.111111111111,0.2864518598814601,0.1932855411172561,0.1775643021831303,0.1532513243764605,0.1508136981610402,0.1454634514313494,0.1434507364842163,0.1393936904483784,0.1437790356101801,0.1353576451833542,0.2459837441680082,0.146329071323126,0.1262348443393668,0.0989396025306224,0.0815793256756526,0.0768429033009412,0.0721329703489149,0.0716824201062796,-1.0,0.0,-1.0,0.0,-1.0,0.0,6.581677959657334,59.90723318857994,0.6777398613416665,0.1374485902460104,6.739726590220917,46.24461348350058,0.6439496878277151,0.0682526224728599,-0.3,-0.2,-0.18,1941.111111111111
3504,1946.6666666666663,0.2866960280357677,0.193200253601166,0.177761715746207,0.1529430966851566,0.1513419525135847,0.1454291466998288,0.1431683566538782,0.1394548068299928,0.1438520924301351,0.1348802163912788,0.2440058941014866,0.1434274656578683,0.125108109938121,0.0974073510290146,0.0808503574844044,0.0761712540746928,0.0718595491892371,0.0721408017288617,-1.0,0.0,-1.0,0.0,-1.0,0.0,6.581677959657334,59.90723318857994,0.6777398613416665,0.1374485902460104,6.739726590220917,47.88220509449936,0.6439496878277151,0.0682526224728599,-0.3,-0.2,-0.18,1946.6666666666663
3514,1952.2222222222224,0.2866356092535661,0.1932307130492008,0.177518191866536,0.1531250927826317,0.1513866509348748,0.1456313402725161,0.143114654653356,0.139218075645691,0.1444455540049816,0.1351940638134128,0.2121665176126604,0.1296476686861199,0.1148264076280004,0.0934893493916671,0.0777371791773246,0.0743849307070359,0.0711650212925894,0.0717831701317134,-1.0,0.0,-1.0,0.0,-1.0,0.0,6.581677959657334,59.90723318857994,0.6777398613416665,0.1374485902460104,6.739726590220917,47.88220509449936,0.5454359001826706,0.0682526224728599,-0.3,-0.2,-0.18,1952.2222222222224
3524,1957.7777777777776,0.2866609380939122,0.1934372578014622,0.1775489157616179,0.1530769966180766,0.1515614503712113,0.1460724014429321,0.1429827070894804,0.1388889762513097,0.14427263091629,0.1356074839122626,0.1787575700030899,0.0868767178325193,0.0701340496519883,0.0460750450869787,0.0298541434215962,0.0254550600409271,0.0219631787164838,0.0221833171041221,-1.0,0.0,-1.0,0.0,-1.0,0.0,6.581677959657334,59.90723318857994,0.6777398613416665,0.1374485902460104,6.739726590220917,47.88220509449936,0.5454359001826706,0.0187359573266498,-0.3,-0.2,-0.18,1957.7777777777776
3534,1963.3333333333333,0.2848364103442453,0.1927478662493095,0.1768061872255906,0.1531178550087094,0.1509652995279818,0.1459869371245149,0.1431392573982888,0.1393478006633306,0.1440266384698728,0.1354595904249256,0.179185769138039,0.086949257789131,0.0702908838096659,0.0459115118036847,0.0296897794332566,0.0256096136485731,0.0219804515437896,0.0221524418744576,-1.0,0.0,-1.0,0.0,-1.0,0.0,6.505676558930355,59.90723318857994,0.6777398613416665,0.1374485902460104,6.739726590220917,47.88220509449936,0.5454359001826706,0.0187359573266498,-0.3,-0.2,-0.18,1963.3333333333333
3544,1968.8888888888887,0.2932415465691169,0.2035815924041223,0.1813473936809794,0.1574937534690412,0.1531687773465999,0.1474914345014906,0.1442768600196181,0.139546870210937,0.1440590023456745,0.135249211683099,0.1794237976409372,0.0868365355328818,0.0701387242695597,0.0460122591254128,0.0295571777135391,0.02533915134135,0.0218560865902345,0.0219850501391348,-1.0,0.0,-1.0,0.0,-1.0,0.0,6.505676558930355,50.06672895972814,0.6777398613416665,0.1374485902460104,6.739726590220917,47.88220509449936,0.5454359001826706,0.0187359573266498,-0.3,-0.2,-0.18,1968.8888888888887
3554,1974.4444444444443,0.2453866418007914,0.1837937437814545,0.1665821882706786,0.1512428938937325,0.1488870240031858,0.145663177137146,0.1424954235775926,0.1388851212419202,0.1438133948871056,0.1354542160695782,0.1796280206115412,0.0867107201102972,0.0703375485238661,0.0462953635156448,0.0291100722483754,0.0254328984450477,0.0220305410451863,0.0220487029069669,-1.0,0.0,-1.0,0.0,-1.0,0.0,6.505676558930355,50.06672895972814,0.524626731213278,0.1374485902460104,6.739726590220917,47.88220509449936,0.5454359001826706,0.0187359573266498,-0.3,-0.2,-0.18,1974.4444444444443
3564,1980.0,0.1691266962434601,0.0873164051704915,0.0668186438128449,0.0449704893646967,0.0411823717957461,0.0359878558417608,0.0324505700499248,0.0281604243072243,0.0332609598761306,0.0248429561174218,0.1793504996747574,0.0866232880547704,0.0701637324425013,0.0462108574174917,0.0290643230007086,0.0253189716977115,0.022081835086676,0.0222378422012268,-1.0,0.0,-1.0,0.0,-1.0,0.0,6.505676558930355,50.06672895972814,0.524626731213278,0.026445655705219,6.739726590220917,47.88220509449936,0.5454359001826706,0.0187359573266498,-0.3,-0.2,-0.18,1980.0
3574,1985.5555555555557,0.169091791526863,0.0871580700783711,0.0663735768011688,0.0451492858444126,0.0404855033379173,0.0360672333432761,0.0321903217431858,0.0280780076593432,0.0330877675360934,0.0245965719051541,0.211892397536603,0.1048039260267171,0.0930856807987735,0.0571327635183503,0.0409914360758112,0.0301303684211949,0.0267476289323319,0.0242147713773229,-1.0,0.0,-1.0,0.0,-1.0,0.0,6.505676558930355,50.06672895972814,0.524626731213278,0.026445655705219,8.581427041372862,47.88220509449936,0.5454359001826706,0.0187359573266498,-0.3,-0.2,-0.18,1985.5555555555557
3584,1991.111111111111,0.1693071192958491,0.087466366006827,0.0659682465141121,0.0452372558520338,0.04075037151553,0.0361450961569268,0.0322493361599107,0.028278203484111,0.0328633176452657,0.0244588813030382,0.2097048383494799,0.1011536413992156,0.0911847172383663,0.0559324145003926,0.0400249098953872,0.0295760232242298,0.0264812311266803,0.0239022857660918,-1.0,0.0,-1.0,0.0,-1.0,0.0,6.505676558930355,50.06672895972814,0.524626731213278,0.026445655705219,8.581427041372862,49.68485537267863,0.5454359001826706,0.0187359573266498,-0.3,-0.2,-0.18,1991.111111111111
3594,1996.6666666666663,0.1695837428474563,0.0877865092674252,0.0656653192564589,0.0452387542157621,0.0408751300009455,0.0362757395624603,0.0323820768879545,0.028165163431794,0.0327449933906236,0.0246047397041926,0.2064239697019122,0.0995702451086794,0.0899940536471833,0.0553233593130278,0.0397480100839672,0.0291518159423884,0.0266616564603756,0.0238803535999619,-1.0,0.0,-1.0,0.0,-1.0,0.0,6.505676558930355,50.06672895972814,0.524626731213278,0.026445655705219,8.581427041372862,49.68485537267863,0.5367407042040498,0.0187359573266498,-0.3,-0.2,-0.18,1996.6666666666663
3604,2002.2222222222224,0.1696203084939196,0.087628982253812,0.0657731671698612,0.0454973806321725,0.0408066652274947,0.0362595860017683,0.0322851682973007,0.0283710257119035,0.0329882760846939,0.0247597868795049,0.25709378281399,0.1671630452719304,0.1596815079645905,0.1316687426267754,0.1172637481682649,0.1090571699125752,0.1068807137759378,0.105226848213819,-1.0,0.0,-1.0,0.0,-1.0,0.0,6.505676558930355,50.06672895972814,0.524626731213278,0.026445655705219,8.581427041372862,49.68485537267863,0.5367407042040498,0.1004796839725968,-0.3,-0.2,-0.18,2002.2222222222224
3614,2007.7777777777776,0.1827293646226433,0.0945856153208832,0.0742953559343941,0.0496388619866842,0.0448352257011592,0.0380488541666949,0.0336418087922037,0.0293479164367655,0.0333742860018086,0.0249930898613994,0.2565960482136304,0.1673197143937879,0.1603279728014555,0.1318468560816367,0.1170281056970648,0.1088938672064291,0.1069118545456511,0.1053295993848891,-1.0,0.0,-1.0,0.0,-1.0,0.0,7.2507676086234225,50.06672895972814,0.524626731213278,0.026445655705219,8.581427041372862,49.68485537267863,0.5367407042040498,0.1004796839725968,-0.3,-0.2,-0.18,2007.7777777777776
3624,2013.3333333333333,0.1818978315886702,0.0938751339170292,0.0738824265789045,0.0493090534033833,0.0445507483688703,0.0379439743961738,0.0336910678748387,0.0292872931395005,0.0332795826425238,0.025125088057536,0.2568245499600668,0.1672530290417723,0.1606889017089686,0.132121111676023,0.1171615415887858,0.1090145247413938,0.1068286893921923,0.1049717818219404,-1.0,0.0,-1.0,0.0,-1.0,0.0,7.2507676086234225,50.53874400100114,0.524626731213278,0.026445655705219,8.581427041372862,49.68485537267863,0.5367407042040498,0.1004796839725968,-0.3,-0.2,-0.18,2013.3333333333333
3634,2018.8888888888887,0.1926007937118976,0.098245590236411,0.0774946552804454,0.0505253413147714,0.0457190221701267,0.0378423711568924,0.034211782627652,0.0291753516781341,0.0333034930795226,0.0253054368333494,0.2568450608275246,0.1669487938260263,0.160528056915033,0.1320807870523087,0.1169981949588512,0.1090632629579766,0.1070405863967059,0.1050235247532068,-1.0,0.0,-1.0,0.0,-1.0,0.0,7.2507676086234225,50.53874400100114,0.5565905735724689,0.026445655705219,8.581427041372862,49.68485537267863,0.5367407042040498,0.1004796839725968,-0.3,-0.2,-0.18,2018.8888888888887
3644,2024.4444444444443,0.2260374316795817,0.1419676674337623,0.1227018128806747,0.0991171463403141,0.0948999041858271,0.087911668642977,0.0846589043208103,0.0800040075358403,0.083886159697977,0.0757866756658076,0.2568764416288835,0.1671892432848699,0.1603989420733429,0.1317112277222951,0.1169832619825544,0.1089252265447326,0.1068540053321799,0.1051514992901809,-1.0,0.0,-1.0,0.0,-1.0,0.0,7.2507676086234225,50.53874400100114,0.5565905735724689,0.0774241781266415,8.581427041372862,49.68485537267863,0.5367407042040498,0.1004796839725968,-0.3,-0.2,-0.18,2024.4444444444443
3654,2030.0,0.2263446560896772,0.1421223060098226,0.1227245974273572,0.0989153800887973,0.0949164648225649,0.0885179350405431,0.0843958467454662,0.0801250836965358,0.0834880665445552,0.0758965869336103,0.2471118711474464,0.1616930182472901,0.1533710484164224,0.1285739514799008,0.1137278215544435,0.1074799608301171,0.1051391767414808,0.104453029388519,-1.0,0.0,-1.0,0.0,-1.0,0.0,7.2507676086234225,50.53874400100114,0.5565905735724689,0.0774241781266415,7.885600772247455,49.68485537267863,0.5367407042040498,0.1004796839725968,-0.3,-0.2,-0.18,2030.0
3664,2035.5555555555557,0.2264867581133176,0.1418460577727024,0.1228577105733385,0.0993021222409265,0.0949312811519522,0.0888907612795311,0.0846546678870184,0.0800813099923226,0.0835730276980914,0.0759314042402772,0.2460794499041099,0.1607746325735021,0.1525092499254548,0.1277607063188618,0.1131819377847608,0.1072626190152399,0.1048771653612951,0.1046172624788466,-1.0,0.0,-1.0,0.0,-1.0,0.0,7.2507676086234225,50.53874400100114,0.5565905735724689,0.0774241781266415,7.885600772247455,50.72416159082536,0.5367407042040498,0.1004796839725968,-0.3,-0.2,-0.18,2035.5555555555557
3674,2041.111111111111,0.2265372946351043,0.1417798188702393,0.1230687571478879,0.0990927237741052,0.0947744487867096,0.0886303935503016,0.0846580319155521,0.0807205282914755,0.0835594209707574,0.0762008887357171,0.2608225657931474,0.1670069844872554,0.1577189017282706,0.1297291916566113,0.1154006773730224,0.1078125979993828,0.1048413535700187,0.1049799787529943,-1.0,0.0,-1.0,0.0,-1.0,0.0,7.2507676086234225,50.53874400100114,0.5565905735724689,0.0774241781266415,7.885600772247455,50.72416159082536,0.5791208214589801,0.1004796839725968,-0.3,-0.2,-0.18,2041.111111111111
3684,2046.6666666666663,0.226446153070812,0.1418416947755088,0.1228138597785132,0.0991752023703314,0.0948360989704841,0.0888961004915339,0.0845999935125135,0.0809657762360376,0.0836042782056988,0.0765363926849335,0.2725316279839138,0.1825628625378772,0.1737710138889504,0.1470680748731834,0.1328833406344324,0.125894038639854,0.1227219750675963,0.1229383546430963,-1.0,0.0,-1.0,0.0,-1.0,0.0,7.2507676086234225,50.53874400100114,0.5565905735724689,0.0774241781266415,7.885600772247455,50.72416159082536,0.5791208214589801,0.1186220698155793,-0.3,-0.2,-0.18,2046.6666666666663
3694,2052.222222222222,0.2563410228723203,0.1584516853437269,0.1441854229277341,0.1099260240727657,0.1065326970695493,0.0943470844972939,0.0898397789758119,0.0830071403915853,0.0858156740414065,0.0776515635783272,0.2723234603275704,0.1823871044164579,0.1734770925052394,0.1473725966168086,0.1326736453912791,0.125929929832459,0.1229327871575466,0.122631402098199,-1.0,0.0,-1.0,0.0,-1.0,0.0,9.19499983726619,50.53874400100114,0.5565905735724689,0.0774241781266415,7.885600772247455,50.72416159082536,0.5791208214589801,0.1186220698155793,-0.3,-0.2,-0.18,2052.222222222222
3704,2057.777777777778,0.2656347229944792,0.1712303300453228,0.1516072250746486,0.1169182408440556,0.1112851476242923,0.09743180124864,0.0922671112885133,0.084368405767459,0.0869037123517896,0.0783438554962258,0.2723697633650117,0.1826108100376767,0.1735262497680121,0.1473678232625109,0.1325559678527934,0.125919323775679,0.1230803763656638,0.1231457786114769,-1.0,0.0,-1.0,0.0,-1.0,0.0,9.19499983726619,43.587425273764126,0.5565905735724689,0.0774241781266415,7.885600772247455,50.72416159082536,0.5791208214589801,0.1186220698155793,-0.3,-0.2,-0.18,2057.777777777778
3714,2063.333333333333,0.2527435543496236,0.1649095137619036,0.1468907287803338,0.1143701211073461,0.1090087542734694,0.0963035274677609,0.0912149540892869,0.0838640751260879,0.0868030386598134,0.0782032996726682,0.2723061800885547,0.1824431077370551,0.1734551530708359,0.1469954739454913,0.132695508336965,0.1260083607064924,0.1232909800834997,0.1234492789946393,-1.0,0.0,-1.0,0.0,-1.0,0.0,9.19499983726619,43.587425273764126,0.5272617449636061,0.0774241781266415,7.885600772247455,50.72416159082536,0.5791208214589801,0.1186220698155793,-0.3,-0.2,-0.18,2063.333333333333
3724,2068.8888888888887,0.2183401041832504,0.1170551987616965,0.0972608104706829,0.0591007027873305,0.0527335175614035,0.0378845757253118,0.0330386707793389,0.0239855723102082,0.0272440773583862,0.0180056374448541,0.2723416766790524,0.1818848276789847,0.1734008238535252,0.1471095938791186,0.1333827143281022,0.1260362099165632,0.1232525310139034,0.123771776244308,-1.0,0.0,-1.0,0.0,-1.0,0.0,9.19499983726619,43.587425273764126,0.5272617449636061,0.0169787461173064,7.885600772247455,50.72416159082536,0.5791208214589801,0.1186220698155793,-0.3,-0.2,-0.18,2068.8888888888887
3734,2074.4444444444443,0.218262271548085,0.1168608650775777,0.0968759422216644,0.059333872696755,0.0528832073263332,0.0378483119873516,0.0329214625413781,0.0241345542913833,0.0271897619322736,0.0178816068771322,0.2872900953974738,0.1904668527553331,0.1844705238048461,0.1521250097149814,0.1394006439620806,0.1285789331610742,0.1256126644111487,0.1244051822785422,-1.0,0.0,-1.0,0.0,-1.0,0.0,9.19499983726619,43.587425273764126,0.5272617449636061,0.0169787461173064,8.938790191344951,50.72416159082536,0.5791208214589801,0.1186220698155793,-0.3,-0.2,-0.18,2074.4444444444443
3744,2080.0,0.2177027520114444,0.1169303464895356,0.0967772044056145,0.0593238168571298,0.0530402932396392,0.0381302517926088,0.0327258464367101,0.0240887510512665,0.0270943218592542,0.018028779535776,0.2794644849139474,0.1802893312643564,0.179242961289362,0.147400380375646,0.1362304150435266,0.1268864471368518,0.1245704523002931,0.1236849961152839,-1.0,0.0,-1.0,0.0,-1.0,0.0,9.19499983726619,43.587425273764126,0.5272617449636061,0.0169787461173064,8.938790191344951,58.83182605711836,0.5791208214589801,0.1186220698155793,-0.3,-0.2,-0.18,2080.0
3754,2085.555555555556,0.2175325474447905,0.1165447291066124,0.0969011018944505,0.0595201649786419,0.0532817140387012,0.0383197131010616,0.0323514384022183,0.0240284394232104,0.0272908635521818,0.0178046539424158,0.2673937050519485,0.1752997366444002,0.1745947901379211,0.1456362100166496,0.1343327013776816,0.1267146200218971,0.1238768788788836,0.1234852333072506,-1.0,0.0,-1.0,0.0,-1.0,0.0,9.19499983726619,43.587425273764126,0.5272617449636061,0.0169787461173064,8.938790191344951,58.83182605711836,0.5461334364602205,0.1186220698155793,-0.3,-0.2,-0.18,2085.555555555556
3764,2091.111111111111,0.2174887198890043,0.1162707150399548,0.0973266418081841,0.059555170311856,0.0533350970693621,0.0388461215093809,0.0322787525605065,0.0238907049849219,0.0271083215801314,0.0184227336174355,0.2839955941336353,0.1980765182317014,0.197686984109446,0.1711049628789634,0.1599707642426949,0.1527909073802513,0.1501966173130218,0.149881184189026,-1.0,0.0,-1.0,0.0,-1.0,0.0,9.19499983726619,43.587425273764126,0.5272617449636061,0.0169787461173064,8.938790191344951,58.83182605711836,0.5461334364602205,0.1454861360373257,-0.3,-0.2,-0.18,2091.111111111111
3774,2096.6666666666665,0.1808905040978741,0.0936975965776602,0.0694444504772117,0.0440907303070271,0.0374224293062802,0.0309329320514172,0.0246519824055577,0.0204042669197903,0.0238616463986772,0.0171084568845019,0.2841891069877682,0.1978184530309872,0.1973141780730739,0.1715414870081182,0.160171381443998,0.1529514356051877,0.1506184324557611,0.1497163361074491,-1.0,0.0,-1.0,0.0,-1.0,0.0,7.065016534794893,43.587425273764126,0.5272617449636061,0.0169787461173064,8.938790191344951,58.83182605711836,0.5461334364602205,0.1454861360373257,-0.3,-0.2,-0.18,2096.6666666666665
3784,2102.222222222222,0.1728513091122251,0.0833916552649521,0.0638742054930988,0.0393557492011176,0.0346358664998516,0.0290817385110497,0.02332306618357,0.0200974076651289,0.0235079310715898,0.0166511665270731,0.2844291846888893,0.1981476036249547,0.196927978280705,0.1714828757905632,0.1603638525137002,0.1532162521100366,0.1502447007266955,0.1498400452956468,-1.0,0.0,-1.0,0.0,-1.0,0.0,7.065016534794893,50.12952032376262,0.5272617449636061,0.0169787461173064,8.938790191344951,58.83182605711836,0.5461334364602205,0.1454861360373257,-0.3,-0.2,-0.18,2102.222222222222
3794,2107.777777777778,0.1969232913777194,0.0933199293694901,0.0717697310716494,0.0426759147437891,0.0370203685539342,0.0299231482586111,0.0241394638983353,0.0204080889526393,0.0236932390716957,0.0166110121999559,0.2845518867765619,0.1985060715582377,0.1970739650583725,0.1715457210071309,0.1600943904711418,0.1532702849934242,0.1501092913032336,0.1499194234616792,-1.0,0.0,-1.0,0.0,-1.0,0.0,7.065016534794893,50.12952032376262,0.599477008843903,0.0169787461173064,8.938790191344951,58.83182605711836,0.5461334364602205,0.1454861360373257,-0.3,-0.2,-0.18,2107.777777777778
3804,2113.333333333333,0.2772805765058225,0.1969318094850235,0.1787319411743914,0.157442572472958,0.1526642459165063,0.1481691720089639,0.1428213680300027,0.1402097843812009,0.1436352916790075,0.1369265703807811,0.2842924752623453,0.1987885118463234,0.1966196632522688,0.1716286168105603,0.1602815873494238,0.1533959632352212,0.1501538630097779,0.1499648344013412,-1.0,0.0,-1.0,0.0,-1.0,0.0,7.065016534794893,50.12952032376262,0.599477008843903,0.137243385410826,8.938790191344951,58.83182605711836,0.5461334364602205,0.1454861360373257,-0.3,-0.2,-0.18,2113.333333333333
3814,2118.8888888888887,0.2771564906950941,0.1969226608412769,0.1791480460580455,0.1574676430660457,0.1530124300558963,0.1479358618060638,0.1428856234166403,0.1405416103146694,0.143270052172075,0.1370330928846566,0.2489825470651311,0.1816461202724558,0.1742605187072289,0.1618119735426319,0.150013323511935,0.1495587689540808,0.145913846787366,0.1487326168089053,-1.0,0.0,-1.0,0.0,-1.0,0.0,7.065016534794893,50.12952032376262,0.599477008843903,0.137243385410826,6.12158657968433,58.83182605711836,0.5461334364602205,0.1454861360373257,-0.3,-0.2,-0.18,2118.8888888888887
3824,2124.4444444444443,0.2765554344556811,0.1963929164005276,0.1795279872078628,0.1579614139839817,0.1530073451367717,0.1478141358854064,0.1431094856716481,0.1408103936315142,0.1428758997957669,0.1372638187520194,0.2573536319186392,0.1919447353928161,0.1789518844707255,0.1661548866465417,0.1518777638193375,0.1506163762902193,0.1466907201168983,0.1490850841343619,-1.0,0.0,-1.0,0.0,-1.0,0.0,7.065016534794893,50.12952032376262,0.599477008843903,0.137243385410826,6.12158657968433,46.30701628868763,0.5461334364602205,0.1454861360373257,-0.3,-0.2,-0.18,2124.4444444444443
3834,2130.0,0.2765180817737424,0.1964599582878038,0.1794535653568326,0.1580938952917054,0.1533598824568543,0.1476373711310262,0.1433535755123855,0.1409858777752603,0.1429325750252688,0.1373958710055644,0.2795187871162932,0.2014579450357763,0.1856716294629957,0.1691450748188719,0.1537113807547702,0.1514802213090003,0.1474637813910041,0.1494085842265192,-1.0,0.0,-1.0,0.0,-1.0,0.0,7.065016534794893,50.12952032376262,0.599477008843903,0.137243385410826,6.12158657968433,46.30701628868763,0.6199949396931455,0.1454861360373257,-0.3,-0.2,-0.18,2130.0
3844,2135.555555555556,0.2764887995131436,0.1963460961743013,0.1792356950605211,0.1581473032954358,0.1531361814679234,0.1475682465499817,0.1432476279226268,0.1407932818869219,0.1426553830079752,0.1377736092268164,0.1847505820384956,0.0832451043193272,0.0629448247285235,0.0392095890768403,0.0217430038080828,0.0177180349124472,0.0129759854577627,0.0141003220394775,-1.0,0.0,-1.0,0.0,-1.0,0.0,7.065016534794893,50.12952032376262,0.599477008843903,0.137243385410826,6.12158657968433,46.30701628868763,0.6199949396931455,0.0099597327754918,-0.3,-0.2,-0.18,2135.555555555556
3854,2141.111111111111,0.2781003253700299,0.1973940567743018,0.1803717052602109,0.1583059796443644,0.1538521155759585,0.1478430657872963,0.1432293067798895,0.1411367833290273,0.1428176817264506,0.1377010570420989,0.1850700494963838,0.0834723543767204,0.0626128629262525,0.0389838876007441,0.0221269913468404,0.017462632214099,0.0130001798496953,0.0135645329880895,-1.0,0.0,-1.0,0.0,-1.0,0.0,7.1569618444992695,50.12952032376262,0.599477008843903,0.137243385410826,6.12158657968433,46.30701628868763,0.6199949396931455,0.0099597327754918,-0.3,-0.2,-0.18,2141.111111111111
3864,2146.6666666666665,0.2790599847566313,0.1982464107809539,0.1809116226978025,0.158500157930458,0.1539878914140585,0.1481860037645027,0.1434102104824272,0.1407208689829312,0.1428255046526245,0.1376003970428069,0.1847848900664372,0.0833676671110332,0.0624441143692017,0.0384995555175506,0.0222405400015185,0.0174609460152901,0.0126902056241416,0.0134099898981846,-1.0,0.0,-1.0,0.0,-1.0,0.0,7.1569618444992695,49.30126908195081,0.599477008843903,0.137243385410826,6.12158657968433,46.30701628868763,0.6199949396931455,0.0099597327754918,-0.3,-0.2,-0.18,2146.6666666666665
3874,2152.222222222222,0.3049038741940084,0.2091514655305596,0.1895575441223609,0.16224897335952,0.1571555567266313,0.14958010825101,0.1443098114368471,0.1414085160866637,0.1430528870521827,0.1377980184382922,0.1845066815639654,0.08297537335975,0.0619987108809597,0.0386886865884758,0.0222325387061644,0.0177659079827093,0.012117919986316,0.0135398877469983,-1.0,0.0,-1.0,0.0,-1.0,0.0,7.1569618444992695,49.30126908195081,0.6761714053738455,0.137243385410826,6.12158657968433,46.30701628868763,0.6199949396931455,0.0099597327754918,-0.3,-0.2,-0.18,2152.222222222222
3884,2157.777777777778,0.289546267968343,0.1895359060838739,0.168866544943864,0.1403877169603515,0.1351883336672803,0.1269008426544904,0.1217830935377867,0.1183855468385098,0.1200492074502783,0.1147971795596049,0.1848202478909075,0.082923251994661,0.0618962397560736,0.0381950603096579,0.021984934356736,0.0177306846880111,0.0118572139858161,0.0131956979082409,-1.0,0.0,-1.0,0.0,-1.0,0.0,7.1569618444992695,49.30126908195081,0.6761714053738455,0.1141439282486681,6.12158657968433,46.30701628868763,0.6199949396931455,0.0099597327754918,-0.3,-0.2,-0.18,2157.777777777778
3894,2163.333333333333,0.2896919903573843,0.1896572321868963,0.1687142211239361,0.1404419568864272,0.1353567973861972,0.1270310643664553,0.1216497004888337,0.1184304529418818,0.1198500697241466,0.1146495673785454,0.2348924940143169,0.1114300820428526,0.0961983481119603,0.0550970411008349,0.0389124828429103,0.025350043977003,0.0187419342125002,0.015862653451488,-1.0,0.0,-1.0,0.0,-1.0,0.0,7.1569618444992695,49.30126908195081,0.6761714053738455,0.1141439282486681,8.486941408685224,46.30701628868763,0.6199949396931455,0.0099597327754918,-0.3,-0.2,-0.18,2163.333333333333
3904,2168.8888888888887,0.289685823155981,0.189351709180916,0.168517087166843,0.1403648097753223,0.1351174158969632,0.1268811732268046,0.1213466845944703,0.1182234796647558,0.1199520659312661,0.114763912249352,0.2223726157925661,0.0947544821167192,0.0870877214570147,0.0473099064394255,0.0338521510211588,0.0219550915505853,0.0165338933111247,0.0147372161366404,-1.0,0.0,-1.0,0.0,-1.0,0.0,7.1569618444992695,49.30126908195081,0.6761714053738455,0.1141439282486681,8.486941408685224,55.22139545058625,0.6199949396931455,0.0099597327754918,-0.3,-0.2,-0.18,2168.8888888888887
3914,2174.4444444444443,0.2900507113728324,0.1893695184502355,0.1687246679945625,0.1404497393850581,0.1349631399994114,0.1266355973420287,0.1211320312422819,0.1182993760893484,0.1198148133108057,0.1147848650026544,0.2301852904135912,0.0978548432607759,0.0899629685550247,0.048350064135383,0.0347755962841737,0.0222060438508894,0.0165702668431478,0.0150362620194729,-1.0,0.0,-1.0,0.0,-1.0,0.0,7.1569618444992695,49.30126908195081,0.6761714053738455,0.1141439282486681,8.486941408685224,55.22139545058625,0.6415441552099566,0.0099597327754918,-0.3,-0.2,-0.18,2174.4444444444443
3924,2180.0,0.2902361824507947,0.1892090899102551,0.1688616247747732,0.1403454896932875,0.1353098841786,0.1261138901676493,0.121386079993564,0.1184757874973804,0.1200219878501793,0.1147629715675403,0.3044394066676679,0.1974500375588087,0.1918563211015121,0.1597713946516957,0.146358807899545,0.1375826267705979,0.1323232203987035,0.1319377352652954,-1.0,0.0,-1.0,0.0,-1.0,0.0,7.1569618444992695,49.30126908195081,0.6761714053738455,0.1141439282486681,8.486941408685224,55.22139545058625,0.6415441552099566,0.127454001396967,-0.3,-0.2,-0.18,2180.0
3934,2185.555555555556,0.3166330176618749,0.2045379986531291,0.1875956743277791,0.1499641022429177,0.1458217601817577,0.1308321098100411,0.1257330528950597,0.1207359778818827,0.1220197282258573,0.1152526507121879,0.3045246820801807,0.1971510029144248,0.1917616852866281,0.159760936061543,0.145850460282273,0.1374204995266939,0.132132595958402,0.1321425908995348,-1.0,0.0,-1.0,0.0,-1.0,0.0,8.580725410357404,49.30126908195081,0.6761714053738455,0.1141439282486681,8.486941408685224,55.22139545058625,0.6415441552099566,0.127454001396967,-0.3,-0.2,-0.18,2185.555555555556
3944,2191.111111111111,0.3098645865928127,0.1952900196595456,0.1824149661211744,0.1452700421738504,0.1430384326458262,0.1289141167466072,0.1241225381569425,0.1199616744673937,0.121773224128433,0.1150139407611914,0.3043486041925481,0.1967039019806273,0.1918792104215409,0.159853379124029,0.145846157871105,0.1376448891879198,0.1320955474942034,0.1324028608083161,-1.0,0.0,-1.0,0.0,-1.0,0.0,8.580725410357404,54.71366118627202,0.6761714053738455,0.1141439282486681,8.486941408685224,55.22139545058625,0.6415441552099566,0.127454001396967,-0.3,-0.2,-0.18,2191.111111111111
3954,2196.6666666666665,0.2662445961192842,0.1772681483247068,0.1661793885994683,0.1384146759125956,0.1374080395760079,0.1264840617347501,0.1218436034224818,0.1193482514771697,0.120764895531053,0.114376977418636,0.3045303695670572,0.1968357558205047,0.1919468628160936,0.160089353037749,0.1458165826679805,0.1376526572825507,0.1324889420217291,0.1324276849308617,-1.0,0.0,-1.0,0.0,-1.0,0.0,8.580725410357404,54.71366118627202,0.5603289005504428,0.1141439282486681,8.486941408685224,55.22139545058625,0.6415441552099566,0.127454001396967,-0.3,-0.2,-0.18,2196.6666666666665
3964,2202.222222222222,0.2107672185863243,0.1022719675754599,0.0894653807570419,0.054598759139039,0.0528731473435604,0.0390483292445809,0.034650664623703,0.0308550237908776,0.0323003006713656,0.0254262444511001,0.3048632352989545,0.1966613746635752,0.1917506135557757,0.1600526589765896,0.1462573573863893,0.1377540633585199,0.1330482565268268,0.1326791933500532,-1.0,0.0,-1.0,0.0,-1.0,0.0,8.580725410357404,54.71366118627202,0.5603289005504428,0.0251461084348112,8.486941408685224,55.22139545058625,0.6415441552099566,0.127454001396967,-0.3,-0.2,-0.18,2202.222222222222
3974,2207.777777777778,0.2107119316018411,0.1024689053775016,0.0892587675928811,0.0545869361305147,0.0528866002895634,0.0387948017023342,0.0348776580570432,0.0308532957515244,0.0322063784794105,0.0249703814195721,0.301402461982144,0.1948892208810633,0.1892664796236036,0.1587674164908146,0.1447897486056285,0.1374988192689525,0.1324938563326633,0.1325915825219761,-1.0,0.0,-1.0,0.0,-1.0,0.0,8.580725410357404,54.71366118627202,0.5603289005504428,0.0251461084348112,8.269574937467365,55.22139545058625,0.6415441552099566,0.127454001396967,-0.3,-0.2,-0.18,2207.777777777778
3984,2213.333333333333,0.2104179276202095,0.1020821033269854,0.0898627920226573,0.054062289048581,0.0529003936154359,0.0385597677319198,0.0352122324980895,0.0308162747756104,0.0323665284593878,0.0250989706744016,0.3159868940057941,0.2143652867615949,0.2002938194129773,0.1683433070973115,0.150614230301728,0.1411348784185593,0.1346323623492452,0.1334285224459146,-1.0,0.0,-1.0,0.0,-1.0,0.0,8.580725410357404,54.71366118627202,0.5603289005504428,0.0251461084348112,8.269574937467365,43.316745915373225,0.6415441552099566,0.127454001396967,-0.3,-0.2,-0.18,2213.333333333333
3994,2218.8888888888887,0.2108425009499116,0.1015594988650909,0.0900583473189561,0.0539717329594572,0.053064288149232,0.0389760554412572,0.0352966313152798,0.0306181632635177,0.0320433864688844,0.0251327460092146,0.3321551372748062,0.2223687686622747,0.2065573601599558,0.1713110167089913,0.1529002579467392,0.1418545017726569,0.1353972271895776,0.1339017746530672,-1.0,0.0,-1.0,0.0,-1.0,0.0,8.580725410357404,54.71366118627202,0.5603289005504428,0.0251461084348112,8.269574937467365,43.316745915373225,0.6838911703039938,0.127454001396967,-0.3,-0.2,-0.18,2218.8888888888887
4004,2224.4444444444443,0.2110286832043305,0.1016096720975287,0.0899728464060168,0.0540111575004074,0.0527569958111435,0.0389809211273892,0.035462365358427,0.0306415194114112,0.0320341735083108,0.0255029456745876,0.3089809892516938,0.1919662994140738,0.1742169714240559,0.1362163635673713,0.117120184011849,0.1044989271683057,0.0983009379447468,0.0962434326352156,-1.0,0.0,-1.0,0.0,-1.0,0.0,8.580725410357404,54.71366118627202,0.5603289005504428,0.0251461084348112,8.269574937467365,43.316745915373225,0.6838911703039938,0.0894964256034182,-0.3,-0.2,-0.18,2224.4444444444443
4014,2230.0,0.1916556949595861,0.0910958862500925,0.0768500600625038,0.0473448751163422,0.0460166727168327,0.0359490411929148,0.0324373745896876,0.0294924931215127,0.0312397787625303,0.0252404798590997,0.3088795364160756,0.1917079886745878,0.1747662758868053,0.1362923123774512,0.1166185986855815,0.1046234174500848,0.0980455174209342,0.0959903985268463,-1.0,0.0,-1.0,0.0,-1.0,0.0,7.45418916118984,54.71366118627202,0.5603289005504428,0.0251461084348112,8.269574937467365,43.316745915373225,0.6838911703039938,0.0894964256034182,-0.3,-0.2,-0.18,2230.0
4024,2235.555555555556,0.1878813366797032,0.0862179066526492,0.0746463276719034,0.045370763355581,0.0453394453048598,0.0354830121385315,0.0321769076495154,0.0294668540085221,0.0312468444669702,0.0252645535971331,0.3087577079674887,0.1918610832476045,0.17476209814,0.1367976680048824,0.1167702492063706,0.1043833780327597,0.0980720168343642,0.0963136375400042,-1.0,0.0,-1.0,0.0,-1.0,0.0,7.45418916118984,58.73286313304702,0.5603289005504428,0.0251461084348112,8.269574937467365,43.316745915373225,0.6838911703039938,0.0894964256034182,-0.3,-0.2,-0.18,2235.555555555556
4034,2241.111111111111,0.178630195904796,0.0825642117876527,0.0716070884524529,0.0442197716498901,0.0440145776308664,0.0351473531002768,0.0320997928116609,0.0293310041279412,0.0308464244960541,0.0250726950586659,0.3088252492577947,0.1917774212652902,0.1745514120280033,0.1371416792466528,0.1168779067328888,0.1045314324660104,0.0979015325595276,0.0963265204219221,-1.0,0.0,-1.0,0.0,-1.0,0.0,7.45418916118984,58.73286313304702,0.531026054387569,0.0251461084348112,8.269574937467365,43.316745915373225,0.6838911703039938,0.0894964256034182,-0.3,-0.2,-0.18,2241.111111111111
4044,2246.6666666666665,0.2137295453193834,0.1283758818008806,0.1181117812058299,0.0939789186966359,0.0946924035776617,0.0863767506244453,0.084019663706638,0.0814682919632802,0.0826100799696467,0.0769180167994213,0.3087763092504146,0.191754462188543,0.1742554251179755,0.1370926519254377,0.1167900162359444,0.104215346050899,0.0980694577758249,0.0961582063555732,-1.0,0.0,-1.0,0.0,-1.0,0.0,7.45418916118984,58.73286313304702,0.531026054387569,0.0771699506542869,8.269574937467365,43.316745915373225,0.6838911703039938,0.0894964256034182,-0.3,-0.2,-0.18,2246.6666666666665
4054,2252.222222222222,0.2136997404798739,0.1288804171151184,0.1182089693325251,0.0939850912734698,0.0949656212454946,0.0867705595431043,0.0835515342196789,0.0819617905137301,0.0825302649622765,0.0766183129700207,0.2667159643229339,0.1666648234283938,0.1448353654633132,0.1220589535425731,0.1022180211095309,0.0974955123862961,0.0916778719495056,0.0941211206173295,-1.0,0.0,-1.0,0.0,-1.0,0.0,7.45418916118984,58.73286313304702,0.531026054387569,0.0771699506542869,6.274662219648708,43.316745915373225,0.6838911703039938,0.0894964256034182,-0.3,-0.2,-0.18,2252.222222222222
4064,2257.777777777778,0.21342155374427,0.128919387092727,0.1178199897365981,0.0940080209300226,0.0945380270802717,0.0869511861647098,0.0836908338654859,0.0820267150795588,0.0825779450406351,0.0765075507464425,0.2493209359683899,0.1448434126654716,0.1343133578746828,0.1139171924943288,0.0975406156284161,0.0944382394996614,0.0901753387795335,0.0936711953445372,-1.0,0.0,-1.0,0.0,-1.0,0.0,7.45418916118984,58.73286313304702,0.531026054387569,0.0771699506542869,6.274662219648708,59.30855418169148,0.6838911703039938,0.0894964256034182,-0.3,-0.2,-0.18,2257.777777777778
4074,2263.333333333333,0.2133048816331231,0.1285487140224847,0.1178437229321959,0.093708766237424,0.0946705866317071,0.0869348648133128,0.0835387489184107,0.0816887204436712,0.0826655680117039,0.0767022178560068,0.229778353775911,0.1370975971268091,0.1283510527742612,0.111868966642087,0.0958576950866966,0.0941302197647572,0.0892552535131986,0.0937373326091259,-1.0,0.0,-1.0,0.0,-1.0,0.0,7.45418916118984,58.73286313304702,0.531026054387569,0.0771699506542869,6.274662219648708,59.30855418169148,0.6150752123623258,0.0894964256034182,-0.3,-0.2,-0.18,2263.333333333333
4084,2268.8888888888887,0.213482950810517,0.1285958901898956,0.117848269622946,0.0938017010447304,0.0944917431483596,0.0868580447196149,0.083435522002386,0.081603403052642,0.0822655249359895,0.0763954379083951,0.2521180771215393,0.1654248522805092,0.1568220529698832,0.1420468259090016,0.1263488092033867,0.1248009961897155,0.1204507450640961,0.1247419804210091,-1.0,0.0,-1.0,0.0,-1.0,0.0,7.45418916118984,58.73286313304702,0.531026054387569,0.0771699506542869,6.274662219648708,59.30855418169148,0.6150752123623258,0.1205499896700081,-0.3,-0.2,-0.18,2268.8888888888887
4094,2274.4444444444443,0.211287973212942,0.1277659869514016,0.1162017236374833,0.0930037837762114,0.0936072007536668,0.0864896379612417,0.0827872012911914,0.0813866610944217,0.0821475798430369,0.076116298104012,0.2519075011399955,0.1653525863515144,0.1568397764406228,0.1420135044615835,0.1263056534911023,0.12443628413775,0.1206720230293921,0.1248397218560343,-1.0,0.0,-1.0,0.0,-1.0,0.0,7.30215173967265,58.73286313304702,0.531026054387569,0.0771699506542869,6.274662219648708,59.30855418169148,0.6150752123623258,0.1205499896700081,-0.3,-0.2,-0.18,2274.4444444444443
4104,2280.0,0.2128826597681945,0.1303508356591735,0.1174904196832538,0.0937387465939043,0.0943562565908924,0.0871522104241855,0.0827784667717836,0.0814686826330597,0.0824337576397004,0.0763158715992584,0.2514275854205088,0.1653687564543073,0.1563642999181322,0.1419632552057081,0.1261853153895415,0.1247962941813259,0.1202943944368191,0.1251968048677955,-1.0,0.0,-1.0,0.0,-1.0,0.0,7.30215173967265,56.03593253337077,0.531026054387569,0.0771699506542869,6.274662219648708,59.30855418169148,0.6150752123623258,0.1205499896700081,-0.3,-0.2,-0.18,2280.0
4114,2285.555555555555,0.2488504802746699,0.1447356561145481,0.1293116257627999,0.0984809930390432,0.098149629709261,0.0884817406863439,0.083965474234044,0.0818518027265026,0.0826402415114694,0.0762686449275556,0.2513541574189047,0.1650124749574689,0.1561207402001002,0.141839471565279,0.1259159220908441,0.1247613864900532,0.1205555931208274,0.1252900867577949,-1.0,0.0,-1.0,0.0,-1.0,0.0,7.30215173967265,56.03593253337077,0.6405683931178195,0.0771699506542869,6.274662219648708,59.30855418169148,0.6150752123623258,0.1205499896700081,-0.3,-0.2,-0.18,2285.555555555555
4124,2291.111111111111,0.2619431959737384,0.161704848887823,0.1463262945702622,0.117135285268985,0.1170329594994246,0.1080428368621184,0.1034024832210085,0.101070968150333,0.1017687520746016,0.0953809034206578,0.2506615078780505,0.1653233088365312,0.1559284112328755,0.1421574672582325,0.1260919874515416,0.124687220568549,0.120810024059484,0.1253887522511993,-1.0,0.0,-1.0,0.0,-1.0,0.0,7.30215173967265,56.03593253337077,0.6405683931178195,0.0965522204689027,6.274662219648708,59.30855418169148,0.6150752123623258,0.1205499896700081,-0.3,-0.2,-0.18,2291.111111111111
4134,2296.6666666666665,0.2620699208840403,0.1616572724518297,0.1461508858743833,0.1174505956314421,0.1169710683982104,0.1080899254007696,0.1036150366744507,0.1014991620944864,0.1020788181370932,0.0956934481883331,0.2907235581503972,0.1851855265681126,0.1820302148950509,0.1530745845781088,0.1386719151263097,0.1293355912296319,0.1256990558282755,0.126744356988727,-1.0,0.0,-1.0,0.0,-1.0,0.0,7.30215173967265,56.03593253337077,0.6405683931178195,0.0965522204689027,8.851688444721095,59.30855418169148,0.6150752123623258,0.1205499896700081,-0.3,-0.2,-0.18,2296.6666666666665
4144,2302.222222222222,0.2617259865788804,0.1619104066398958,0.1460170711965001,0.1172961338260074,0.1171182565329537,0.1086970441302656,0.1037213658851788,0.1017276663106446,0.1019816740093249,0.0955502276917324,0.3021334649166004,0.1998057600015626,0.1900613560998306,0.1602923159451952,0.143186702451847,0.1322814246468988,0.1274687025813085,0.1276382997620753,-1.0,0.0,-1.0,0.0,-1.0,0.0,7.30215173967265,56.03593253337077,0.6405683931178195,0.0965522204689027,8.851688444721095,48.66982676190486,0.6150752123623258,0.1205499896700081,-0.3,-0.2,-0.18,2302.222222222222
4154,2307.777777777778,0.2621095837673965,0.1616693751290588,0.1457664517119662,0.1168926130840526,0.1175750475277546,0.1086381991567714,0.1033549465446501,0.1018425337319434,0.1019155604059378,0.0953851327945863,0.2893722543324479,0.193958421193191,0.1851482674533093,0.1580139189453701,0.1415214906868636,0.1315091443581144,0.1268547057254063,0.1271463168358527,-1.0,0.0,-1.0,0.0,-1.0,0.0,7.30215173967265,56.03593253337077,0.6405683931178195,0.0965522204689027,8.851688444721095,48.66982676190486,0.5830176867184254,0.1205499896700081,-0.3,-0.2,-0.18,2307.777777777778
4164,2313.333333333333,0.2619201870350318,0.1618729024901786,0.1459409753380526,0.1169972821997477,0.1175718058576875,0.1089238384526786,0.1034287238769135,0.1018728301873279,0.1020798204284436,0.095764859787805,0.2791214074452462,0.1800073669346448,0.1710326408209024,0.1424566798808902,0.1257944136317551,0.115031706424853,0.1102836403063186,0.1101865127613199,-1.0,0.0,-1.0,0.0,-1.0,0.0,7.30215173967265,56.03593253337077,0.6405683931178195,0.0965522204689027,8.851688444721095,48.66982676190486,0.5830176867184254,0.1038181693177525,-0.3,-0.2,-0.18,2313.333333333333
4174,2318.8888888888887,0.2920074771052609,0.1775446717850681,0.1675496793734128,0.126778725435275,0.1288145164109218,0.1139449998288215,0.1086233618779282,0.1037990480886197,0.1042850695964715,0.0966018312305973,0.2793947071869114,0.1801041004801127,0.1709969743222614,0.1424203197847802,0.1259987354293671,0.1149611590787113,0.1101334051931943,0.110191772332515,-1.0,0.0,-1.0,0.0,-1.0,0.0,9.072176979657726,56.03593253337077,0.6405683931178195,0.0965522204689027,8.851688444721095,48.66982676190486,0.5830176867184254,0.1038181693177525,-0.3,-0.2,-0.18,2318.8888888888887
4184,2324.4444444444443,0.3042710787700324,0.1939823152513171,0.1768643556355847,0.1355022813721969,0.1344652125539918,0.1178441731037134,0.1111527428113693,0.1052503704629446,0.1049462368123912,0.0969763730162123,0.2795318652021343,0.1802095894086675,0.1709517538345305,0.1426139077185357,0.1258841614244158,0.1148821070935382,0.1100155491842442,0.1101407701170907,-1.0,0.0,-1.0,0.0,-1.0,0.0,9.072176979657726,46.70152040067589,0.6405683931178195,0.0965522204689027,8.851688444721095,48.66982676190486,0.5830176867184254,0.1038181693177525,-0.3,-0.2,-0.18,2324.4444444444443
4194,2330.0,0.3014102089443348,0.1924806136715751,0.1758415986381823,0.1349529396177536,0.1343866948242928,0.1177753630646863,0.1112642084325934,0.1055045756050441,0.1045920429359851,0.0972027493653481,0.2797175182461583,0.1801537870838118,0.1710699897831804,0.1431499061932225,0.1254360008318603,0.1147439640236511,0.1097750390069396,0.1101525992423909,-1.0,0.0,-1.0,0.0,-1.0,0.0,9.072176979657726,46.70152040067589,0.6339314109391478,0.0965522204689027,8.851688444721095,48.66982676190486,0.5830176867184254,0.1038181693177525,-0.3,-0.2,-0.18,2330.0
4204,2335.555555555555,0.263160113864526,0.1397825785558035,0.1218077817280449,0.0747401567581349,0.0738921283032603,0.0544938275183344,0.0481492443363263,0.0411558600930399,0.0399650588916738,0.032511947486535,0.2796601461526247,0.1802240803728442,0.1708742582451735,0.1433731866412461,0.125693512142612,0.1146472082452943,0.1098072560175708,0.1101313404970509,-1.0,0.0,-1.0,0.0,-1.0,0.0,9.072176979657726,46.70152040067589,0.6339314109391478,0.0313556111796159,8.851688444721095,48.66982676190486,0.5830176867184254,0.1038181693177525,-0.3,-0.2,-0.18,2335.555555555555
4214,2341.111111111111,0.2633396891492753,0.1391599038171053,0.121584447508433,0.0748068616399635,0.0739822453784694,0.0545776781722594,0.0477201045775586,0.0410542447156525,0.0401645427816429,0.0322432931582335,0.2615983487321942,0.1698721939119302,0.1573055560676498,0.1369371071037546,0.1183706967636533,0.1112551459671881,0.1066873937643197,0.1088312522583083,-1.0,0.0,-1.0,0.0,-1.0,0.0,9.072176979657726,46.70152040067589,0.6339314109391478,0.0313556111796159,7.65509992095865,48.66982676190486,0.5830176867184254,0.1038181693177525,-0.3,-0.2,-0.18,2341.111111111111
4224,2346.6666666666665,0.2636431062138972,0.1391140569049911,0.1215977553146926,0.0748775419222197,0.0736653155282123,0.0542616560738968,0.0477803961114975,0.040961768026692,0.0404693904845566,0.0321483608908575,0.2554665499895633,0.1611908308236587,0.1528478014264851,0.1331029009280409,0.1162983749513739,0.1100693797077124,0.1058098145637825,0.1085516854433329,-1.0,0.0,-1.0,0.0,-1.0,0.0,9.072176979657726,46.70152040067589,0.6339314109391478,0.0313556111796159,7.65509992095865,55.38343403736266,0.5830176867184254,0.1038181693177525,-0.3,-0.2,-0.18,2346.6666666666665
4234,2352.222222222222,0.2634951438566357,0.1390012660994627,0.1217701613148451,0.0747171709490161,0.0738886126302071,0.054824755160971,0.0479537971654097,0.0407218577763358,0.0404085002897863,0.0323785848373654,0.2320659956516272,0.1518064265835127,0.1447460132560185,0.1295277596393704,0.1137336322223448,0.1092018034716928,0.1050853072271895,0.1084798151782583,-1.0,0.0,-1.0,0.0,-1.0,0.0,9.072176979657726,46.70152040067589,0.6339314109391478,0.0313556111796159,7.65509992095865,55.38343403736266,0.513062990230034,0.1038181693177525,-0.3,-0.2,-0.18,2352.222222222222
4244,2357.777777777778,0.2633352587872986,0.1391298667928882,0.1217750719109184,0.0748153099814444,0.0739422756827288,0.0549247542198634,0.0482911253348922,0.0404840624208179,0.0403077046934539,0.0322816271497911,0.2354402614545101,0.1563608748932172,0.1497385685588454,0.134849602141511,0.1187794403587653,0.1147136591651953,0.1100157407254946,0.113327541944714,-1.0,0.0,-1.0,0.0,-1.0,0.0,9.072176979657726,46.70152040067589,0.6339314109391478,0.0313556111796159,7.65509992095865,55.38343403736266,0.513062990230034,0.1091763098166407,-0.3,-0.2,-0.18,2357.777777777778
4254,2363.333333333333,0.2093909777447292,0.1074937863584569,0.0827971787915598,0.0547402886106241,0.0536062689121224,0.0450303565103686,0.0386819655606195,0.036609780618854,0.0366086867991686,0.0308430295584688,0.235022921897205,0.1560014185043042,0.1499572293834017,0.134762422711571,0.1188410503088858,0.1148621430721911,0.1101143282331284,0.1134884892404182,-1.0,0.0,-1.0,0.0,-1.0,0.0,6.449383926241611,46.70152040067589,0.6339314109391478,0.0313556111796159,7.65509992095865,55.38343403736266,0.513062990230034,0.1091763098166407,-0.3,-0.2,-0.18,2363.333333333333
4264,2368.8888888888887,0.1960965176028105,0.0903633599400186,0.0745279769109643,0.0476248524396702,0.0503972299928017,0.0429588507455483,0.0371202457833581,0.0358618445960321,0.0363792298608451,0.0308640630102429,0.2345853317179349,0.1563246968579628,0.1499693995116942,0.1348675896519727,0.1191648596586395,0.114868682501984,0.1100690842864923,0.1137084825178795,-1.0,0.0,-1.0,0.0,-1.0,0.0,6.449383926241611,59.16700057990582,0.6339314109391478,0.0313556111796159,7.65509992095865,55.38343403736266,0.513062990230034,0.1091763098166407,-0.3,-0.2,-0.18,2368.8888888888887
4274,2374.4444444444443,0.1845636584535844,0.0859428057644949,0.0710819551998919,0.0460934033623753,0.0492609275714287,0.0428298626858757,0.0365629282147932,0.0355872977686921,0.0361251848593997,0.030480173832622,0.234817502830127,0.1564542849177174,0.1498568408198765,0.1348448073605977,0.1186310193287767,0.1149411618398771,0.1102481341042616,0.1137013612410404,-1.0,0.0,-1.0,0.0,-1.0,0.0,6.449383926241611,59.16700057990582,0.5937339600996857,0.0313556111796159,7.65509992095865,55.38343403736266,0.513062990230034,0.1091763098166407,-0.3,-0.2,-0.18,2374.4444444444443
4284,2380.0,0.2057257732112067,0.1131405278003724,0.0988328299135299,0.0749908403149413,0.0787621077325941,0.0725076674610674,0.0663493796393862,0.0650668213273605,0.0661400390364397,0.0596212791775031,0.2345980509855533,0.1563282963869493,0.1499053329634136,0.1348276437281223,0.1187727379124859,0.1147395095945444,0.1099064416438487,0.113760855482586,-1.0,0.0,-1.0,0.0,-1.0,0.0,6.449383926241611,59.16700057990582,0.5937339600996857,0.0613606284422068,7.65509992095865,55.38343403736266,0.513062990230034,0.1091763098166407,-0.3,-0.2,-0.18,2380.0
4294,2385.555555555555,0.2056843564567729,0.1133463682276965,0.0988298185046856,0.0751615187317347,0.0787897833808823,0.0720732906605792,0.0662471992157734,0.0654660219645511,0.0663488629079493,0.0600680245569394,0.2410359448139264,0.1597580207250587,0.1540193516732535,0.1367728664670321,0.1208753945095938,0.1155899273716223,0.1110433397462851,0.1139454924763667,-1.0,0.0,-1.0,0.0,-1.0,0.0,6.449383926241611,59.16700057990582,0.5937339600996857,0.0613606284422068,8.161333952603156,55.38343403736266,0.513062990230034,0.1091763098166407,-0.3,-0.2,-0.18,2385.555555555555
4304,2391.111111111111,0.2057146705822552,0.1134419331570264,0.0987034103905712,0.0748269947816131,0.0789141453971724,0.0720640590013972,0.0664491036914365,0.0659132855627843,0.0660741355790478,0.0599094479754669,0.24504393218974,0.1648256754835971,0.156728750827095,0.1391489383970059,0.1221140704079656,0.1164790787606909,0.1114112386453483,0.1139129069556484,-1.0,0.0,-1.0,0.0,-1.0,0.0,6.449383926241611,59.16700057990582,0.5937339600996857,0.0613606284422068,8.161333952603156,50.46597739932183,0.513062990230034,0.1091763098166407,-0.3,-0.2,-0.18,2391.111111111111
4314,2396.6666666666665,0.205736132497736,0.1135212615679195,0.0989306629459823,0.0744805080694402,0.0790510627905815,0.0719197856197927,0.0663820766751163,0.0660751452484692,0.0661163224404846,0.0599011025247729,0.293879748148783,0.1862140407792916,0.1746213036877395,0.1468247042939013,0.1282201125969615,0.1185489306043136,0.1132454134382851,0.1144729396686524,-1.0,0.0,-1.0,0.0,-1.0,0.0,6.449383926241611,59.16700057990582,0.5937339600996857,0.0613606284422068,8.161333952603156,50.46597739932183,0.6461697710646527,0.1091763098166407,-0.3,-0.2,-0.18,2396.6666666666665
4324,2402.222222222222,0.2054008478428094,0.1135661339758129,0.0985090561954611,0.0744576042621382,0.0788065939263564,0.0720174885233491,0.0660717309591679,0.0658092541204337,0.0657712851295228,0.0601852949792977,0.2324109000623218,0.1045653238333862,0.0907143439506785,0.0555501520237739,0.0360767100015933,0.0240442271997305,0.0180481649064943,0.0179757213477119,-1.0,0.0,-1.0,0.0,-1.0,0.0,6.449383926241611,59.16700057990582,0.5937339600996857,0.0613606284422068,8.161333952603156,50.46597739932183,0.6461697710646527,0.0127136842100565,-0.3,-0.2,-0.18,2402.222222222222
4334,2407.777777777778,0.2357347830817208,0.1286468883145372,0.1176569943284996,0.0826448743723757,0.08786855669909,0.0759781031342296,0.0698863272810805,0.0670358890353558,0.0671666873325071,0.0602165100995391,0.2327871745007733,0.1041518073784813,0.0907984227590861,0.0559939356564917,0.035866775729414,0.0240606465143698,0.0179098931901321,0.0177370461671356,-1.0,0.0,-1.0,0.0,-1.0,0.0,8.200933986121193,59.16700057990582,0.5937339600996857,0.0613606284422068,8.161333952603156,50.46597739932183,0.6461697710646527,0.0127136842100565,-0.3,-0.2,-0.18,2407.777777777778
4344,2413.333333333333,0.2437063846330937,0.1394799797746872,0.123377263033746,0.0878119850637157,0.0904234764089222,0.0783377990970487,0.071369468849348,0.0678527249391254,0.0680808546694922,0.0606288443097374,0.2328222025773803,0.1040896303470674,0.0909347695187624,0.055679731431906,0.0357292317365766,0.0240536412527488,0.0179495903382627,0.0177601603709005,-1.0,0.0,-1.0,0.0,-1.0,0.0,8.200933986121193,51.16217385699176,0.5937339600996857,0.0613606284422068,8.161333952603156,50.46597739932183,0.6461697710646527,0.0127136842100565,-0.3,-0.2,-0.18,2413.333333333333
4354,2418.8888888888887,0.2780560232852833,0.154111747035595,0.1359354602565382,0.0931808212225388,0.0948707989045403,0.0796710876510471,0.072751646924404,0.0686863071134192,0.0688871124743415,0.0608222351601894,0.2329189309345689,0.1037929240342543,0.0911089536789327,0.0559074822871763,0.0358279112137819,0.0238276820036574,0.0179760185142813,0.0175545962761588,-1.0,0.0,-1.0,0.0,-1.0,0.0,8.200933986121193,51.16217385699176,0.686422778341764,0.0613606284422068,8.161333952603156,50.46597739932183,0.6461697710646527,0.0127136842100565,-0.3,-0.2,-0.18,2418.8888888888887
4364,2424.4444444444443,0.2435243740105117,0.1075199064055299,0.0881794109626481,0.0406410920389831,0.0422507303760209,0.0255936829119731,0.0182342693231659,0.013637779227465,0.0134261125763113,0.0057478504350617,0.2329374842464357,0.1039360240457253,0.0912899320563133,0.056141145608027,0.0361736640607917,0.0243011590021566,0.0178421954350481,0.0175622084480504,-1.0,0.0,-1.0,0.0,-1.0,0.0,8.200933986121193,51.16217385699176,0.686422778341764,0.0059408367132947,8.161333952603156,50.46597739932183,0.6461697710646527,0.0127136842100565,-0.3,-0.2,-0.18,2424.4444444444443
4374,2430.0,0.2432178472154487,0.107733461926608,0.0881720865276465,0.0410272937005146,0.0421497260716587,0.0257741753428812,0.0181237898681645,0.0136410653246479,0.0133796623517107,0.0060107962732619,0.2161751409032981,0.0947665087431938,0.0798109761104182,0.0504459290222381,0.0299274184741168,0.0220293984412161,0.0153167832900365,0.0171022460269272,-1.0,0.0,-1.0,0.0,-1.0,0.0,8.200933986121193,51.16217385699176,0.686422778341764,0.0059408367132947,7.358458929169223,50.46597739932183,0.6461697710646527,0.0127136842100565,-0.3,-0.2,-0.18,2430.0
4384,2435.555555555555,0.2434205786212576,0.1078214890126173,0.0880345868879178,0.040875474492569,0.042182167773447,0.0257182592963448,0.0184542862466634,0.0134980072622523,0.0128945649426675,0.0061485269259799,0.2135901471794989,0.0912147480647047,0.0776984014169363,0.0489999006486251,0.0288086773503641,0.0214033558736412,0.0149093317832619,0.0168280501098436,-1.0,0.0,-1.0,0.0,-1.0,0.0,8.200933986121193,51.16217385699176,0.686422778341764,0.0059408367132947,7.358458929169223,52.62145824320065,0.6461697710646527,0.0127136842100565,-0.3,-0.2,-0.18,2435.555555555555
4394,2441.111111111111,0.243340907270416,0.1080697826004584,0.0880798681817288,0.0409578965284301,0.0421413688221168,0.0258338684675418,0.0183992167467585,0.0135209702540933,0.0132463370421573,0.0065168196718389,0.2013511894557249,0.086225947892041,0.0733291035856239,0.0472108357483829,0.0274939844712025,0.0211343314658554,0.0142294556193956,0.0168289950573938,-1.0,0.0,-1.0,0.0,-1.0,0.0,8.200933986121193,51.16217385699176,0.686422778341764,0.0059408367132947,7.358458929169223,52.62145824320065,0.6101493902536503,0.0127136842100565,-0.3,-0.2,-0.18,2441.111111111111
4404,2446.6666666666665,0.2432026278295608,0.1077267004673019,0.0879623867341682,0.0409732095837153,0.0424247700688401,0.0256532443967555,0.0182851794015112,0.0139081737109419,0.0131058260168521,0.0063867469324699,0.2004604823729545,0.0848988071926624,0.0718806884665807,0.0459689118725561,0.0256873956347866,0.0194993353471871,0.0122013646888907,0.0154435463227801,-1.0,0.0,-1.0,0.0,-1.0,0.0,8.200933986121193,51.16217385699176,0.686422778341764,0.0059408367132947,7.358458929169223,52.62145824320065,0.6101493902536503,0.011124164672611,-0.3,-0.2,-0.18,2446.6666666666665
4414,2452.222222222222,0.2449019981696555,0.1090247245513284,0.0890823119049497,0.0418766931146471,0.0432379236247924,0.0256773028379739,0.0190532195332553,0.0141545471468111,0.0134221557507571,0.0061143605099908,0.2004382631591686,0.0851147355552772,0.0719692064537415,0.0460267385727554,0.0254431935548119,0.0199713942715648,0.0117746505017066,0.014883222962422,-1.0,0.0,-1.0,0.0,-1.0,0.0,8.298330858194065,51.16217385699176,0.686422778341764,0.0059408367132947,7.358458929169223,52.62145824320065,0.6101493902536503,0.011124164672611,-0.3,-0.2,-0.18,2452.222222222222
4424,2457.777777777778,0.2563695584296815,0.1250627568537992,0.0979445657095768,0.0495263930024312,0.04837730172521,0.0295119290853857,0.0214116477922115,0.0158880625101107,0.0142504272346582,0.0064092594327027,0.1999374156256537,0.0849448267056441,0.072241877296868,0.0458003329068933,0.0256141768283178,0.0199445267409441,0.0117532497478979,0.01491565426158,-1.0,0.0,-1.0,0.0,-1.0,0.0,8.298330858194065,44.44393770454528,0.686422778341764,0.0059408367132947,7.358458929169223,52.62145824320065,0.6101493902536503,0.011124164672611,-0.3,-0.2,-0.18,2457.777777777778
4434,2463.333333333333,0.1984162809977409,0.0976710880868825,0.0752794922775647,0.0386175017239441,0.0395882163223799,0.0255913770356805,0.0182296078332309,0.0145971367617643,0.0132654688183302,0.0058430952665268,0.2003412531699877,0.0853195006122498,0.0720257999045566,0.0463225734970828,0.0255993998686817,0.0199883374309292,0.0113519938914359,0.0147819797831665,-1.0,0.0,-1.0,0.0,-1.0,0.0,8.298330858194065,44.44393770454528,0.5391098358673696,0.0059408367132947,7.358458929169223,52.62145824320065,0.6101493902536503,0.011124164672611,-0.3,-0.2,-0.18,2463.333333333333
4444,2468.8888888888887,0.2744731671849117,0.2001911652643415,0.1822642580335436,0.1552121706406939,0.1577500427698693,0.1483038839293625,0.141572004591428,0.1391295244521041,0.1384544257220243,0.1315006605478968,0.2004446542768399,0.0851461177112,0.0720832184644636,0.0462416457233598,0.0258819256845072,0.0198247174757385,0.0112029413783726,0.0147570499291429,-1.0,0.0,-1.0,0.0,-1.0,0.0,8.298330858194065,44.44393770454528,0.5391098358673696,0.131803632712148,7.358458929169223,52.62145824320065,0.6101493902536503,0.011124164672611,-0.3,-0.2,-0.18,2468.8888888888887
4454,2474.4444444444443,0.2744212363364054,0.2006830124764368,0.1821950899845433,0.155443390489679,0.1580158836428687,0.1486135815794358,0.1419733919720852,0.1390233932541102,0.1386819472375696,0.1311808937468866,0.184834949476443,0.0768404672479161,0.0619844917604489,0.0421141385481301,0.0211487930400149,0.017711013959375,0.0091286927844811,0.0141374804375598,-1.0,0.0,-1.0,0.0,-1.0,0.0,8.298330858194065,44.44393770454528,0.5391098358673696,0.131803632712148,6.593526323219059,52.62145824320065,0.6101493902536503,0.011124164672611,-0.3,-0.2,-0.18,2474.4444444444443
4464,2480.0,0.2742156620813351,0.2005628057684478,0.1823389536977544,0.1555377431692183,0.158584292243203,0.1488391751146325,0.141984900562917,0.1388758748960342,0.1387178652925355,0.1311554769214676,0.1887525336523174,0.0818893941475378,0.0642111488531882,0.0441341980175192,0.0223884719188008,0.0188386466626863,0.0092714205583024,0.0144092451303922,-1.0,0.0,-1.0,0.0,-1.0,0.0,8.298330858194065,44.44393770454528,0.5391098358673696,0.131803632712148,6.593526323219059,49.08581504012943,0.6101493902536503,0.011124164672611,-0.3,-0.2,-0.18,2480.0
4474,2485.555555555555,0.2744139109085202,0.2003605007135541,0.1822647768045087,0.1552793410246161,0.1585165123671482,0.1491622226276487,0.1419293717968078,0.1385966751362747,0.1385652445990272,0.1310259254893991,0.2013239996873979,0.0868282027080757,0.0683271775394994,0.0459340760019709,0.0235023342085588,0.0197860847216868,0.0092448878846976,0.0148179216352992,-1.0,0.0,-1.0,0.0,-1.0,0.0,8.298330858194065,44.44393770454528,0.5391098358673696,0.131803632712148,6.593526323219059,49.08581504012943,0.6500573764478406,0.011124164672611,-0.3,-0.2,-0.18,2485.555555555555
4484,2491.111111111111,0.2743071084058942,0.2001437477644618,0.1828092557908941,0.1553195268364429,0.1582807555933494,0.1488399352281069,0.1419572884654182,0.1387182005643201,0.1380474566615384,0.1307050701698182,0.2662638261870717,0.1691644053673095,0.1542452753640154,0.1370831561581755,0.1152616816274555,0.1131212422833915,0.1034191831908544,0.1095657607682308,-1.0,0.0,-1.0,0.0,-1.0,0.0,8.298330858194065,44.44393770454528,0.5391098358673696,0.131803632712148,6.593526323219059,49.08581504012943,0.6500573764478406,0.1060973079036891,-0.3,-0.2,-0.18,2491.111111111111
4494,2496.6666666666665,0.2727110795121646,0.1993055790668584,0.1816542608923174,0.1545167113338911,0.1576011453147657,0.1484941223231252,0.141329352823661,0.1384039386029838,0.1382503559365266,0.1303149440548997,0.2660277712164425,0.1696090443363281,0.1542159280648229,0.1374153450295562,0.1153642834042065,0.1134125301042187,0.1035871141020585,0.1096709458432831,-1.0,0.0,-1.0,0.0,-1.0,0.0,8.171068818948156,44.44393770454528,0.5391098358673696,0.131803632712148,6.593526323219059,49.08581504012943,0.6500573764478406,0.1060973079036891,-0.3,-0.2,-0.18,2496.6666666666665
4504,2502.222222222222,0.2615492982647776,0.1852470945605584,0.1738512076921885,0.1477526408752585,0.1531117985398603,0.1451282075753487,0.1394426424527304,0.1370592572914726,0.1374107530278037,0.1299597817032146,0.2658394265888074,0.1695386662501578,0.154041760817268,0.1368965747097835,0.1150960114545433,0.1135183141096999,0.1035072198594176,0.1097509051086412,-1.0,0.0,-1.0,0.0,-1.0,0.0,8.171068818948156,56.14091493852781,0.5391098358673696,0.131803632712148,6.593526323219059,49.08581504012943,0.6500573764478406,0.1060973079036891,-0.3,-0.2,-0.18,2502.222222222222
4514,2507.777777777778,0.280652985561567,0.1927503379883219,0.1803565882387435,0.1503093429975649,0.155376110940087,0.1459954062082676,0.1404834182696158,0.1368692385537798,0.1378761665439107,0.1300200217169604,0.2656093242242857,0.1694966077102443,0.154315200311666,0.1368448185629659,0.1150406108855794,0.1134047436598009,0.1036562710618269,0.1095780707700795,-1.0,0.0,-1.0,0.0,-1.0,0.0,8.171068818948156,56.14091493852781,0.593163234840799,0.131803632712148,6.593526323219059,49.08581504012943,0.6500573764478406,0.1060973079036891,-0.3,-0.2,-0.18,2507.777777777778
4524,2513.333333333333,0.2557875194679995,0.1597318549027615,0.1460600293379756,0.1134636165527828,0.1186290962550527,0.1080987365182968,0.1023265989463334,0.0982682041540237,0.099483509176095,0.0915411720369279,0.265379689290243,0.1694515843070303,0.1542387107399966,0.1370778278079182,0.1151920026466961,0.1132640433451149,0.1038268613023512,0.1097531365215591,-1.0,0.0,-1.0,0.0,-1.0,0.0,8.171068818948156,56.14091493852781,0.593163234840799,0.0930578150609146,6.593526323219059,49.08581504012943,0.6500573764478406,0.1060973079036891,-0.3,-0.2,-0.18,2513.333333333333
4534,2518.8888888888887,0.2559972437908689,0.159658985275801,0.1463809416204456,0.1132138140149084,0.118371313964125,0.1079567889349173,0.1021086932654313,0.098724926112116,0.0995097786325621,0.0915375541784127,0.2991792770045846,0.1881984858299402,0.1773276182339105,0.1484637787030647,0.1271726763299452,0.1178582425350156,0.1087266391462435,0.1113479192648917,-1.0,0.0,-1.0,0.0,-1.0,0.0,8.171068818948156,56.14091493852781,0.593163234840799,0.0930578150609146,8.456749922156808,49.08581504012943,0.6500573764478406,0.1060973079036891,-0.3,-0.2,-0.18,2518.8888888888887
4544,2524.4444444444443,0.2558969176037364,0.1595138105118345,0.1465230920394449,0.113525946205071,0.1185277252009674,0.1078590446705914,0.1019784719515136,0.0990424753170531,0.0995534485674839,0.0915000705527615,0.2938364241713499,0.1810643883023489,0.1733486655556163,0.145237793873782,0.1251689722805537,0.1166330553615,0.1077529724929633,0.1108649582564671,-1.0,0.0,-1.0,0.0,-1.0,0.0,8.171068818948156,56.14091493852781,0.593163234840799,0.0930578150609146,8.456749922156808,53.56183272025926,0.6500573764478406,0.1060973079036891,-0.3,-0.2,-0.18,2524.4444444444443
4554,2530.0,0.2559775261951817,0.1593165547519015,0.1468761044455117,0.1136233932575616,0.1187610973119945,0.1079425037548457,0.1016911569895252,0.0993672057386184,0.0996474266288012,0.091767798729363,0.2861089021338495,0.1778162033353606,0.1706105605824653,0.1436524321836655,0.1242573163327667,0.1159491904928078,0.1073502988226855,0.1111493181502821,-1.0,0.0,-1.0,0.0,-1.0,0.0,8.171068818948156,56.14091493852781,0.593163234840799,0.0930578150609146,8.456749922156808,53.56183272025926,0.6283656733414756,0.1060973079036891,-0.3,-0.2,-0.18,2530.0
4564,2535.555555555555,0.2559662018247804,0.1597151538791772,0.1469223034945032,0.113835780218703,0.1186619495942081,0.1078699774235926,0.1018100688671065,0.098951383634267,0.0994964379504528,0.0917997477952098,0.2576019773804376,0.140192210038235,0.1313997872299921,0.1009418970856426,0.081249533133295,0.0713478390908708,0.0630983609152558,0.0659367788452749,-1.0,0.0,-1.0,0.0,-1.0,0.0,8.171068818948156,56.14091493852781,0.593163234840799,0.0930578150609146,8.456749922156808,53.56183272025926,0.6283656733414756,0.0609193085605674,-0.3,-0.2,-0.18,2535.555555555555
4574,2541.111111111111,0.2560748350077483,0.1598148675386499,0.1474080736853521,0.1137767463544252,0.1187403643079715,0.1072220801717891,0.1014869961591577,0.0988438111721012,0.099163971393493,0.0918551189699333,0.2573838973344524,0.139976456081704,0.1318330645113724,0.1008747477429736,0.0814885582350091,0.0713511103221752,0.0629254504754205,0.0659043672572626,-1.0,0.0,-1.0,0.0,-1.0,0.0,8.18663506589876,56.14091493852781,0.593163234840799,0.0930578150609146,8.456749922156808,53.56183272025926,0.6283656733414756,0.0609193085605674,-0.3,-0.2,-0.18,2541.111111111111
4584,2546.6666666666665,0.2648759875730107,0.1720446722752255,0.1540477678562129,0.1195021873184733,0.1219802842222289,0.1095031641173341,0.1029344685434729,0.1001579234408925,0.0999458966274068,0.092026521223858,0.2574551815088418,0.139909159531452,0.1318289084481827,0.1010243354970557,0.0816423755700162,0.0712483595085774,0.0628434536396752,0.0658734258882975,-1.0,0.0,-1.0,0.0,-1.0,0.0,8.18663506589876,47.92165327952674,0.593163234840799,0.0930578150609146,8.456749922156808,53.56183272025926,0.6283656733414756,0.0609193085605674,-0.3,-0.2,-0.18,2546.6666666666665
4594,2552.222222222222,0.2858874583795267,0.1812934152441164,0.1623273776488303,0.1225712483552084,0.1247109890361548,0.1107470777327043,0.1040775680918606,0.1001296128476812,0.1002587204965039,0.092094790305121,0.2574830046542344,0.1401210656902138,0.1317435753732318,0.1008482892073921,0.0817409639010707,0.0710184466805014,0.0627763147684503,0.0662680905236672,-1.0,0.0,-1.0,0.0,-1.0,0.0,8.18663506589876,47.92165327952674,0.6488584510594297,0.0930578150609146,8.456749922156808,53.56183272025926,0.6283656733414756,0.0609193085605674,-0.3,-0.2,-0.18,2552.222222222222
4604,2557.777777777778,0.2636159947374089,0.1514715255264915,0.1313720388867861,0.0889689904866354,0.0906407048779271,0.075613657916531,0.0684350956632255,0.0646137167224698,0.0645976330749144,0.0559653233045885,0.2575455672204598,0.1398343004360833,0.1316503200352946,0.1009246671476915,0.0819917784455258,0.0708043147324131,0.0626215858186767,0.0666128036678269,-1.0,0.0,-1.0,0.0,-1.0,0.0,8.18663506589876,47.92165327952674,0.6488584510594297,0.0570645234171375,8.456749922156808,53.56183272025926,0.6283656733414756,0.0609193085605674,-0.3,-0.2,-0.18,2557.777777777778
4614,2563.333333333333,0.2635829923869298,0.1512198927308294,0.1312182268688263,0.0894247509014981,0.0904097439222743,0.0758965968023656,0.0686309683173629,0.0647428361701138,0.0646436341522422,0.055934375605206,0.2385767049380945,0.1299839355358325,0.1184125107057351,0.0946527613590935,0.0751316028443753,0.0680091459261372,0.0599875883342702,0.06565439429271,-1.0,0.0,-1.0,0.0,-1.0,0.0,8.18663506589876,47.92165327952674,0.6488584510594297,0.0570645234171375,7.399863462958335,53.56183272025926,0.6283656733414756,0.0609193085605674,-0.3,-0.2,-0.18,2563.333333333333
4624,2568.8888888888887,0.2629851861496222,0.1513678057539028,0.1315203101371654,0.0895262001697404,0.0901822194464876,0.0757124428394398,0.0688607327806295,0.0646682613550921,0.0642651236424284,0.0556870914684009,0.2372358518106625,0.1279013592941948,0.1172441906162838,0.0939482330518317,0.0747052537647522,0.0676056271002307,0.0600720063594451,0.0659169801290601,-1.0,0.0,-1.0,0.0,-1.0,0.0,8.18663506589876,47.92165327952674,0.6488584510594297,0.0570645234171375,7.399863462958335,55.10914179995703,0.6283656733414756,0.0609193085605674,-0.3,-0.2,-0.18,2568.8888888888887
4634,2574.4444444444443,0.2628878557247247,0.1513745110911112,0.1312275717795357,0.0891351441356627,0.0899557188318298,0.0759261202224446,0.0686791031866292,0.0651123423925734,0.0643640970229492,0.0554117006553402,0.2278858489570978,0.1242545386092253,0.1142971155280258,0.0925712472647948,0.0734770603245489,0.066890027468418,0.0597626979320747,0.065940757585452,-1.0,0.0,-1.0,0.0,-1.0,0.0,8.18663506589876,47.92165327952674,0.6488584510594297,0.0570645234171375,7.399863462958335,55.10914179995703,0.6007311596945369,0.0609193085605674,-0.3,-0.2,-0.18,2574.4444444444443
4644,2580.0,0.2629102082289833,0.1510102488468924,0.1313594397167646,0.0895590142158355,0.0899643174481909,0.0758080836215408,0.0684821181098124,0.0652084170666702,0.0644732105750531,0.0557534115054127,0.2209562104600503,0.1151590913037171,0.1052460830888435,0.0825902317286389,0.0637951259018563,0.0567372138770418,0.0498798967110874,0.0556596779353383,-1.0,0.0,-1.0,0.0,-1.0,0.0,8.18663506589876,47.92165327952674,0.6488584510594297,0.0570645234171375,7.399863462958335,55.10914179995703,0.6007311596945369,0.0507048856022945,-0.3,-0.2,-0.18,2580.0
4654,2585.555555555555,0.279217840280944,0.1605438541521125,0.1439204778237573,0.0965191104582961,0.0968700179616806,0.0791479307121384,0.0718428305972531,0.0670208547608429,0.0663350429287919,0.0563167391412859,0.2210294619623717,0.1155310460649292,0.1051101778190613,0.0825828997592133,0.0640753337423333,0.0564717372539797,0.049450693185898,0.0558967537494625,-1.0,0.0,-1.0,0.0,-1.0,0.0,9.045820604382154,47.92165327952674,0.6488584510594297,0.0570645234171375,7.399863462958335,55.10914179995703,0.6007311596945369,0.0507048856022945,-0.3,-0.2,-0.18,2585.555555555555
4664,2591.111111111111,0.2797982469828055,0.161507575472859,0.1439560463025754,0.0967553991019601,0.0976045012302313,0.0792820642132976,0.0714794092514542,0.0672035798957423,0.0660572416332824,0.05648050574706,0.2210669755728531,0.1155730698534661,0.1052888448113549,0.0826678859512385,0.06409731995463,0.0565941329446557,0.0493511910215359,0.0560893154056621,-1.0,0.0,-1.0,0.0,-1.0,0.0,9.045820604382154,47.619251882658055,0.6488584510594297,0.0570645234171375,7.399863462958335,55.10914179995703,0.6007311596945369,0.0507048856022945,-0.3,-0.2,-0.18,2591.111111111111
4674,2596.6666666666665,0.2877522219771327,0.1651418274665807,0.1469444973325627,0.0981253039415011,0.0987983254798918,0.0799515080439122,0.0717086003263551,0.0674975561731458,0.0666841454036041,0.0565225290081483,0.2206732933106988,0.1154515029440942,0.105304336900087,0.0825183267595749,0.0643773495448157,0.0567529235158624,0.0494747144920316,0.0562474140373373,-1.0,0.0,-1.0,0.0,-1.0,0.0,9.045820604382154,47.619251882658055,0.6689458201348977,0.0570645234171375,7.399863462958335,55.10914179995703,0.6007311596945369,0.0507048856022945,-0.3,-0.2,-0.18,2596.6666666666665
4684,2602.222222222222,0.3237718028701996,0.2141377091523305,0.1974881773317971,0.1541608751184904,0.155840394502416,0.1387685332861766,0.1306542923159726,0.1279525636264932,0.1270989534684843,0.1172524444916149,0.220457923230545,0.1149723530852285,0.1053200338612431,0.0825838002809555,0.0642669926623054,0.0565544483683179,0.0498889172606829,0.0560740059856673,-1.0,0.0,-1.0,0.0,-1.0,0.0,9.045820604382154,47.619251882658055,0.6689458201348977,0.1177860604048068,7.399863462958335,55.10914179995703,0.6007311596945369,0.0507048856022945,-0.3,-0.2,-0.18,2602.222222222222
4694,2607.777777777778,0.323378985070649,0.2143470906316095,0.198003482123327,0.1540658364015228,0.155815037984667,0.1389615965988356,0.1302819248791637,0.1282938483492208,0.1265171310708573,0.1172832897657161,0.2193557876035407,0.1147634255132946,0.1044302300287925,0.0826562615080789,0.0637777614646104,0.0564871550611579,0.0500831341772109,0.0562739707628079,-1.0,0.0,-1.0,0.0,-1.0,0.0,9.045820604382154,47.619251882658055,0.6689458201348977,0.1177860604048068,7.341866471312744,55.10914179995703,0.6007311596945369,0.0507048856022945,-0.3,-0.2,-0.18,2607.777777777778
4704,2613.333333333333,0.3234282930617408,0.2146552951410647,0.19841473956181,0.1539320693517498,0.1559841327593675,0.1391864907103722,0.1305392241587808,0.1286011196110525,0.1263656343317648,0.1167719000325257,0.2203555845450439,0.1160109167155166,0.1053416820120103,0.0832758048474966,0.064139729315758,0.0566602417200396,0.0502765570182381,0.0562964688834477,-1.0,0.0,-1.0,0.0,-1.0,0.0,9.045820604382154,47.619251882658055,0.6689458201348977,0.1177860604048068,7.341866471312744,54.25781879459656,0.6007311596945369,0.0507048856022945,-0.3,-0.2,-0.18,2613.333333333333
4714,2618.8888888888887,0.3234949174905119,0.2142227800569453,0.1985747406471514,0.1537804341000908,0.1561304618775099,0.1390799045362557,0.1303663550126381,0.1285608794120238,0.125980290652143,0.116867239455314,0.189345815057545,0.1032440433636093,0.0951894243924691,0.0792388313229057,0.0611770916478369,0.05566475981281,0.0494096483163958,0.0559094500188213,-1.0,0.0,-1.0,0.0,-1.0,0.0,9.045820604382154,47.619251882658055,0.6689458201348977,0.1177860604048068,7.341866471312744,54.25781879459656,0.5068779400501676,0.0507048856022945,-0.3,-0.2,-0.18,2618.8888888888887
4724,2624.4444444444443,0.3234198554915433,0.2141495662005625,0.1985879755107138,0.1537255570513124,0.1560489213302309,0.1386748748860406,0.1303788508806842,0.1282723862039404,0.1259165075373975,0.1168480048135921,0.1946092785225911,0.1102887283225608,0.1018851486706231,0.0864932349107038,0.0690463336649435,0.0634403519289404,0.0571306217796699,0.0637089650525954,-1.0,0.0,-1.0,0.0,-1.0,0.0,9.045820604382154,47.619251882658055,0.6689458201348977,0.1177860604048068,7.341866471312744,54.25781879459656,0.5068779400501676,0.0584697605822755,-0.3,-0.2,-0.18,2624.4444444444443
4734,2630.0,0.3252489251959544,0.2154391596769993,0.1999108196063404,0.1543661732008788,0.1569499658302721,0.1394565286578244,0.1310237336817592,0.1282786871928698,0.1264061583923912,0.1166510145842082,0.1945475536248755,0.1101719200895194,0.1017666314246733,0.0867891104812721,0.0688119251914339,0.0630950706443921,0.0571594954556873,0.0637358569694135,-1.0,0.0,-1.0,0.0,-1.0,0.0,9.153067795827436,47.619251882658055,0.6689458201348977,0.1177860604048068,7.341866471312744,54.25781879459656,0.5068779400501676,0.0584697605822755,-0.3,-0.2,-0.18,2630.0
4744,2635.555555555555,0.3197271188444889,0.2077296168425579,0.1954626555230873,0.1504068738040492,0.1544071818239062,0.1374066414756154,0.129747121230522,0.1275019865626081,0.125933063468085,0.1163426783469525,0.1947009404692935,0.1101131112960965,0.1012620474102613,0.0865186156930343,0.0686653789663894,0.063070291247457,0.0575036175376874,0.0639549325436059,-1.0,0.0,-1.0,0.0,-1.0,0.0,9.153067795827436,51.59078715036719,0.6689458201348977,0.1177860604048068,7.341866471312744,54.25781879459656,0.5068779400501676,0.0584697605822755,-0.3,-0.2,-0.18,2635.555555555555
4754,2641.111111111111,0.296517489731473,0.1971344328988152,0.1860252801418097,0.1463869089549851,0.150629769761682,0.1355644147474903,0.1281032983164926,0.1266278592878825,0.1255042675382703,0.1160360742162771,0.1943543028358964,0.1100073517202446,0.1013495671840156,0.0864679568945329,0.0685015490960963,0.0630617486675328,0.0574881319935789,0.0641648001894851,-1.0,0.0,-1.0,0.0,-1.0,0.0,9.153067795827436,51.59078715036719,0.6115651652446795,0.1177860604048068,7.341866471312744,54.25781879459656,0.5068779400501676,0.0584697605822755,-0.3,-0.2,-0.18,2641.111111111111
4764,2646.6666666666665,0.2856552759619002,0.1826347942078337,0.1706738306390455,0.1295473246443513,0.1336761623734556,0.1179611858349446,0.1101143580499236,0.1083842464434724,0.1076465004114938,0.0977827062750632,0.1947197579477553,0.1099427661176487,0.1006595073994355,0.0862476741328216,0.0684653367340707,0.0633290589205344,0.0575814716770495,0.064366371751548,-1.0,0.0,-1.0,0.0,-1.0,0.0,9.153067795827436,51.59078715036719,0.6115651652446795,0.0997108328330321,7.341866471312744,54.25781879459656,0.5068779400501676,0.0584697605822755,-0.3,-0.2,-0.18,2646.6666666666665
4774,2652.222222222222,0.2857711535499528,0.1825157745952217,0.1705741724887156,0.1299254462754077,0.1334790141462495,0.1178905677010882,0.1098863952887308,0.1080155750056602,0.1078215728156122,0.0979802382963024,0.2043312996504888,0.115241506498215,0.1071510187987249,0.0894503505535063,0.0718488548806667,0.0643798594959207,0.0589919821461558,0.0647600202623556,-1.0,0.0,-1.0,0.0,-1.0,0.0,9.153067795827436,51.59078715036719,0.6115651652446795,0.0997108328330321,8.033014895922769,54.25781879459656,0.5068779400501676,0.0584697605822755,-0.3,-0.2,-0.18,2652.222222222222
4784,2657.777777777778,0.2858960947135521,0.1823763610814186,0.1707166091838568,0.1300186586380783,0.1330232039671357,0.1177845468536064,0.1097734237075697,0.1079486021384257,0.10775934013794,0.0978165880549066,0.206744001042981,0.1185664022085432,0.1086015788483144,0.0909504083575531,0.0728288650490568,0.0647530395204102,0.0596341685098765,0.064861450979005,-1.0,0.0,-1.0,0.0,-1.0,0.0,9.153067795827436,51.59078715036719,0.6115651652446795,0.0997108328330321,8.033014895922769,51.67196502094249,0.5068779400501676,0.0584697605822755,-0.3,-0.2,-0.18,2657.777777777778
4794,2663.333333333333,0.2864188648985569,0.1824533999730899,0.1703172665095858,0.1300923158309403,0.1329690110225672,0.1177241920705184,0.110228707044445,0.107802195818419,0.1076808003960422,0.0980093780009562,0.2341235778995977,0.1305935454918676,0.1185610148319349,0.0952295415138435,0.0769157525623382,0.0661848124309971,0.0608253262779048,0.065280284269389,-1.0,0.0,-1.0,0.0,-1.0,0.0,9.153067795827436,51.59078715036719,0.6115651652446795,0.0997108328330321,8.033014895922769,51.67196502094249,0.5841258621019859,0.0584697605822755,-0.3,-0.2,-0.18,2663.333333333333
4804,2668.8888888888887,0.2861841124830754,0.1823561823120649,0.1702742493265862,0.1300595786227778,0.1330320149744177,0.1177425807295648,0.1103690212436387,0.1074727948787077,0.107706530617953,0.0981632162625789,0.214005416125312,0.1041987654593992,0.0915008804523078,0.0656613844544786,0.047978244441313,0.0357365077397174,0.0306694831495354,0.0349333179114955,-1.0,0.0,-1.0,0.0,-1.0,0.0,9.153067795827436,51.59078715036719,0.6115651652446795,0.0997108328330321,8.033014895922769,51.67196502094249,0.5841258621019859,0.0275225532280194,-0.3,-0.2,-0.18,2668.8888888888887
4814,2674.4444444444443,0.2566091427174423,0.1656465231727947,0.1486151024566935,0.1193225173920132,0.1213976568711533,0.1123758052618196,0.1048557807341316,0.1053687908809997,0.1052247824175877,0.097613430605479,0.2141251482350801,0.1037328382293847,0.0914677391467818,0.0655959404677375,0.048064296147249,0.0356037815629996,0.030742991260252,0.0346831488678089,-1.0,0.0,-1.0,0.0,-1.0,0.0,7.336454512434773,51.59078715036719,0.6115651652446795,0.0997108328330321,8.033014895922769,51.67196502094249,0.5841258621019859,0.0275225532280194,-0.3,-0.2,-0.18,2674.4444444444443
4824,2680.0,0.2631421057028554,0.173980831170397,0.1533177077301268,0.1232878798376386,0.1235708950577256,0.1137023091126202,0.1058438783803275,0.1059282449226023,0.1055894511235203,0.0976251009673277,0.2140910544232115,0.103727688579717,0.0918226737799531,0.0653103588103976,0.0479387765705494,0.0356602043857027,0.0305677867866926,0.0347129724236446,-1.0,0.0,-1.0,0.0,-1.0,0.0,7.336454512434773,45.8584435406906,0.6115651652446795,0.0997108328330321,8.033014895922769,51.67196502094249,0.5841258621019859,0.0275225532280194,-0.3,-0.2,-0.18,2680.0
4834,2685.555555555555,0.2542613512434021,0.1698023503567362,0.1501697588036848,0.1221199200144028,0.1226212824951444,0.1131056351741472,0.1055323265118472,0.1058810422093424,0.1057543991966792,0.0972625258276093,0.2141034266986016,0.1039308036270506,0.0916061977216351,0.0654257221127885,0.0482725350366115,0.0354705604100839,0.0306350859755595,0.0348264895671055,-1.0,0.0,-1.0,0.0,-1.0,0.0,7.336454512434773,45.8584435406906,0.5861489849280462,0.0997108328330321,8.033014895922769,51.67196502094249,0.5841258621019859,0.0275225532280194,-0.3,-0.2,-0.18,2685.555555555555
4844,2691.111111111111,0.2869000893437605,0.2126103228972466,0.1941633920672481,0.1691064038188455,0.1703076001755978,0.1626047547739432,0.1549829843672728,0.1556337738616789,0.1551940152416321,0.1469117759906653,0.2137548925364333,0.1042314753837765,0.0916506320801099,0.0654387147981991,0.0482612235599713,0.0357852255714531,0.0307055881749012,0.0342046905840988,-1.0,0.0,-1.0,0.0,-1.0,0.0,7.336454512434773,45.8584435406906,0.5861489849280462,0.1498588133219723,8.033014895922769,51.67196502094249,0.5841258621019859,0.0275225532280194,-0.3,-0.2,-0.18,2691.111111111111
4854,2696.6666666666665,0.2870841020292349,0.212301226340629,0.194551816678451,0.1694674108582098,0.1699468470297243,0.1621757603496965,0.1549259932344223,0.1556864927264247,0.1550736379702958,0.1469114299564042,0.1956826695550927,0.0948357823555247,0.0795221722388926,0.0601587942156623,0.0421674860740643,0.0337528278164707,0.0285275603169045,0.0338027449130685,-1.0,0.0,-1.0,0.0,-1.0,0.0,7.336454512434773,45.8584435406906,0.5861489849280462,0.1498588133219723,7.057655825636014,51.67196502094249,0.5841258621019859,0.0275225532280194,-0.3,-0.2,-0.18,2696.6666666666665
4864,2702.222222222222,0.2873928415200794,0.2124340901651628,0.1950081020885604,0.1696891811564445,0.1703998749817419,0.1619529197661255,0.1542240863608272,0.1555112614061896,0.1551268170069969,0.1468153622506813,0.1989410163863869,0.0985003854089107,0.0814160580549304,0.0618639302008527,0.0428262282439847,0.0343950186422539,0.0288931677161927,0.0340993971843191,-1.0,0.0,-1.0,0.0,-1.0,0.0,7.336454512434773,45.8584435406906,0.5861489849280462,0.1498588133219723,7.057655825636014,48.94758563638537,0.5841258621019859,0.0275225532280194,-0.3,-0.2,-0.18,2702.222222222222
4874,2707.777777777778,0.2877080652613292,0.2123047788414233,0.1949763619658838,0.1696564257527174,0.170321256662224,0.1620615657219944,0.1541638714439035,0.1553930436493926,0.1549067946793595,0.1466259703522293,0.1958287720880797,0.0968836119868322,0.0806084229259668,0.060855647427912,0.0423470803194194,0.0341619072117687,0.0286219284291084,0.033697595356372,-1.0,0.0,-1.0,0.0,-1.0,0.0,7.336454512434773,45.8584435406906,0.5861489849280462,0.1498588133219723,7.057655825636014,48.94758563638537,0.5743255127652905,0.0275225532280194,-0.3,-0.2,-0.18,2707.777777777778
4884,2713.333333333333,0.2877443823636426,0.2126192977867372,0.1952041027540151,0.1697472190127551,0.1705727678769292,0.1625414760868846,0.1541665976498247,0.1553852124971809,0.1548067245893833,0.1465577911211752,0.2359356696140515,0.1480185455074837,0.1336764078860846,0.1175503231083558,0.099957398594281,0.0930980745396604,0.0877174006268571,0.0931830672633261,-1.0,0.0,-1.0,0.0,-1.0,0.0,7.336454512434773,45.8584435406906,0.5861489849280462,0.1498588133219723,7.057655825636014,48.94758563638537,0.5743255127652905,0.0872141609287306,-0.3,-0.2,-0.18,2713.333333333333
4894,2718.8888888888887,0.3174454731129141,0.2307237465904678,0.2177505492842271,0.1817547634925903,0.1836218236679709,0.1693375916942234,0.1605606196386455,0.1585147519975225,0.157700952430421,0.1475975890412628,0.2357157486164454,0.1484579552699855,0.1334857964916741,0.1175125373827035,0.0999269503349307,0.0931544764220587,0.087668879274921,0.0931283088174882,-1.0,0.0,-1.0,0.0,-1.0,0.0,9.4332754543226,45.8584435406906,0.5861489849280462,0.1498588133219723,7.057655825636014,48.94758563638537,0.5743255127652905,0.0872141609287306,-0.3,-0.2,-0.18,2718.8888888888887
4904,2724.4444444444443,0.305056736623126,0.2136296196315587,0.2077656477160521,0.1727906650281608,0.1776048213024358,0.1652268135107565,0.1574397494499561,0.1567488533613291,0.1565897556459602,0.147364520718972,0.2357189711372265,0.1482267147088958,0.1337365604656147,0.1174481673183773,0.099876986655061,0.0930167402734542,0.087398757804047,0.0932476840528371,-1.0,0.0,-1.0,0.0,-1.0,0.0,9.4332754543226,57.78145787437038,0.5861489849280462,0.1498588133219723,7.057655825636014,48.94758563638537,0.5743255127652905,0.0872141609287306,-0.3,-0.2,-0.18,2724.4444444444443
4914,2730.0,0.3009595658532576,0.2119198241934299,0.2062016840546692,0.1719716184159593,0.1766804112938329,0.1653914655459857,0.156824948414623,0.1565576817695387,0.1565995933791233,0.1473756303968395,0.2357868582754346,0.148345756376527,0.1335553524061164,0.1172217276255055,0.0998841501215663,0.0928050848771113,0.0870474265838161,0.0927225971685107,-1.0,0.0,-1.0,0.0,-1.0,0.0,9.4332754543226,57.78145787437038,0.5754277491409066,0.1498588133219723,7.057655825636014,48.94758563638537,0.5743255127652905,0.0872141609287306,-0.3,-0.2,-0.18,2730.0
4924,2735.555555555555,0.2345398871314975,0.119700752386894,0.1132497488700713,0.0691239940448241,0.0734824070219549,0.057749942290593,0.0492370963883043,0.0469888506620801,0.0477689447392339,0.0376218738260767,0.2358765969518435,0.1485261043907434,0.1336444942799281,0.1174547982969325,0.0999618171272059,0.0929398086482471,0.0874992679793429,0.0927793247279261,-1.0,0.0,-1.0,0.0,-1.0,0.0,9.4332754543226,57.78145787437038,0.5754277491409066,0.0400351713062899,7.057655825636014,48.94758563638537,0.5743255127652905,0.0872141609287306,-0.3,-0.2,-0.18,2735.555555555555
4934,2741.111111111111,0.2342953049631293,0.1195462573774896,0.1131679913014577,0.0686612541497251,0.0735339771781588,0.0577174030051788,0.0491336753887443,0.0467465992024871,0.0484769654701158,0.0377254219522311,0.2614093701869185,0.1625406153497974,0.1508650648445832,0.1263463469751854,0.1091116682038437,0.0970498512310383,0.0913093400591941,0.0939498021962883,-1.0,0.0,-1.0,0.0,-1.0,0.0,9.4332754543226,57.78145787437038,0.5754277491409066,0.0400351713062899,8.653195813054198,48.94758563638537,0.5743255127652905,0.0872141609287306,-0.3,-0.2,-0.18,2741.111111111111
4944,2746.6666666666665,0.2344186824075589,0.1193816507172532,0.1136305815686431,0.068849514775758,0.0736864691958163,0.0576676797311632,0.0488729841391411,0.0463022323541882,0.048300065814085,0.0378875665565832,0.2603888571509089,0.1606990665807972,0.1499272625321039,0.1262116203292735,0.1084281439415652,0.0966912969870999,0.0907901243347463,0.093908101910813,-1.0,0.0,-1.0,0.0,-1.0,0.0,9.4332754543226,57.78145787437038,0.5754277491409066,0.0400351713062899,8.653195813054198,49.87666677828318,0.5743255127652905,0.0872141609287306,-0.3,-0.2,-0.18,2746.6666666666665
4954,2752.222222222222,0.2347923072780147,0.1197174037538667,0.113253004484383,0.0691861612070147,0.0736989148364985,0.05751632922329,0.0487021845786092,0.0462621602675352,0.0481455203726645,0.0373318173799129,0.2847257416428125,0.1716950257686473,0.1590951157009096,0.1302529367554945,0.1119909888598005,0.0980586166623977,0.0916401724319058,0.0943355507464826,-1.0,0.0,-1.0,0.0,-1.0,0.0,9.4332754543226,57.78145787437038,0.5754277491409066,0.0400351713062899,8.653195813054198,49.87666677828318,0.6371082294236313,0.0872141609287306,-0.3,-0.2,-0.18,2752.222222222222
4964,2757.777777777778,0.23494880933786,0.1196417864374748,0.1130677923959039,0.069121290589719,0.0738122077025583,0.0575170939152073,0.0484945924802467,0.0462949682828406,0.0477948079829052,0.0371701152368497,0.2378163282022921,0.1084911749734453,0.0942251922326267,0.058624472416821,0.0401850951873948,0.0234516870066555,0.0169649888702778,0.0183842761457878,-1.0,0.0,-1.0,0.0,-1.0,0.0,9.4332754543226,57.78145787437038,0.5754277491409066,0.0400351713062899,8.653195813054198,49.87666677828318,0.6371082294236313,0.0109937134244479,-0.3,-0.2,-0.18,2757.777777777778
4974,2763.333333333333,0.2308405189890649,0.117756763959135,0.1096653704165427,0.0676705202642537,0.0721779925973275,0.0567565524694641,0.0476910473403982,0.046001228536075,0.0472995816453438,0.0370260177749693,0.2380546899093414,0.1081910274659366,0.0942535968171554,0.0590208262567749,0.0400147912749208,0.0237602156788783,0.0169055848687806,0.0184226752935379,-1.0,0.0,-1.0,0.0,-1.0,0.0,9.172984630035996,57.78145787437038,0.5754277491409066,0.0400351713062899,8.653195813054198,49.87666677828318,0.6371082294236313,0.0109937134244479,-0.3,-0.2,-0.18,2763.333333333333
4984,2768.8888888888887,0.2451952882984158,0.1376395868643646,0.1211918273837358,0.0783005403877237,0.0786817310209572,0.0616377383854891,0.0505568107376532,0.0479676629849503,0.049017250043101,0.0376912615063236,0.2382302939139674,0.1080235016152302,0.0945737379581408,0.0591686478868446,0.0397017622691599,0.0234154965901159,0.0166951754501479,0.0182323164015941,-1.0,0.0,-1.0,0.0,-1.0,0.0,9.172984630035996,46.25930325233851,0.5754277491409066,0.0400351713062899,8.653195813054198,49.87666677828318,0.6371082294236313,0.0109937134244479,-0.3,-0.2,-0.18,2768.8888888888887
4994,2774.4444444444443,0.2547936102890166,0.1423286009907641,0.1250607882318438,0.0803036836709391,0.0799418130835842,0.0621851427856658,0.0512528942791394,0.0477533785561229,0.0493207376756767,0.0377136117531899,0.2383441425264463,0.1075674687578845,0.0947013577398729,0.0591604412069288,0.0401063137485124,0.0232361742698182,0.0166948609891781,0.0182921217564787,-1.0,0.0,-1.0,0.0,-1.0,0.0,9.172984630035996,46.25930325233851,0.5989053914574938,0.0400351713062899,8.653195813054198,49.87666677828318,0.6371082294236313,0.0109937134244479,-0.3,-0.2,-0.18,2774.4444444444443
