source_row_index,time,X1A,Y1A,X2A,Y2A,X3A,Y3A,X4A,Y4A,X5A,Y5A,X1B,Y1B,X2B,Y2B,X3B,Y3B,X4B,Y4B,s1,c1,s2,c2,s3,c3,L_A,G_A,X0_A,Y6_A,L_B,G_B,X0_B,Y5_B,H1,H2,H3,time_hours
4,2.2222222222222223,0.2603549410594919,0.1443482369953678,0.1361321320680507,0.093654595566612,0.0796192116786229,0.0636791173476997,0.0612936627594945,0.0609611244271092,0.0649747589426473,0.0565418128802075,0.2431352324661182,0.1437905091691294,0.1131397842207937,0.0888653115010281,0.0726712062297749,0.047092151632481,0.0722634341209268,0.0609968181611524,0.0,0.0,0.0,0.0,0.0,0.0,8.0,50.0,0.6,0.05,7.5,50.0,0.6,0.05,0.0,0.0,0.0,2.2222222222222223
14,7.777777777777778,0.2592066483017282,0.1392193145487178,0.1391755508197469,0.0871225104187045,0.077756226333869,0.063523033996315,0.06509188346275,0.0600052344770042,0.0565034972639122,0.0573477756863152,0.2470545516963805,0.125413161170485,0.1125257925941463,0.0728316619506428,0.0722584795592383,0.0660339532104967,0.060090942437327,0.0471127501014773,0.0,0.0,0.0,0.0,0.0,0.0,8.400305493134933,50.0,0.6,0.05,7.5,50.0,0.6,0.05,0.0,0.0,0.0,7.777777777777778
24,13.333333333333332,0.2515791098768003,0.1287936458912811,0.1214091257365652,0.0842509181352823,0.0753939031232276,0.0531174001321616,0.0488540506451372,0.0528584694871102,0.0469386975580342,0.0521545297762132,0.233120449393779,0.1295908709481846,0.1073897990619305,0.075480560582564,0.0693070079833314,0.061538411064249,0.0632728936855585,0.0511836962796283,0.0,0.0,0.0,0.0,0.0,0.0,8.400305493134933,57.94427601939151,0.6,0.05,7.5,50.0,0.6,0.05,0.0,0.0,0.0,13.333333333333332
34,18.88888888888889,0.2619330946851809,0.13624990338888,0.1311823164509273,0.0869670220211278,0.075078584234982,0.06248089766782,0.0611027888997005,0.0477936079538263,0.0421910075571205,0.0410885466563822,0.2426726917417732,0.1320126111688392,0.1080054931419905,0.0741589247146101,0.0696282617591748,0.0568874175506189,0.0565691499990696,0.0635187728066133,0.0,0.0,0.0,0.0,0.0,0.0,8.400305493134933,57.94427601939151,0.6551371380490387,0.05,7.5,50.0,0.6,0.05,0.0,0.0,0.0,18.88888888888889
44,24.444444444444443,0.2639842127438613,0.1111475304869671,0.1116706609842875,0.0717763770625587,0.0584502898809544,0.0508719162292154,0.0411211088653427,0.0431314283007891,0.0399119325239489,0.0326403393167643,0.2357824428937626,0.1306341690763695,0.1206458315033606,0.0773860818575658,0.0683388654717096,0.0753217048840376,0.0488225567356576,0.0510938704389043,0.0,0.0,0.0,0.0,0.0,0.0,8.400305493134933,57.94427601939151,0.6551371380490387,0.0337810784985887,7.5,50.0,0.6,0.05,0.0,0.0,0.0,24.444444444444443
54,30.0,0.259856935081293,0.1237214037089067,0.1182565774421731,0.0632202213847803,0.0539604500172158,0.0479940870971609,0.0499204265454514,0.0297528947980928,0.0276025353407877,0.0324756495685229,0.2185444806911299,0.1273170735448344,0.1013523570965453,0.0775219831238823,0.0662527296854921,0.0578185411723261,0.0585647389037937,0.0507330164417211,0.0,0.0,0.0,0.0,0.0,0.0,8.400305493134933,57.94427601939151,0.6551371380490387,0.0337810784985887,6.9004988547336765,50.0,0.6,0.05,0.0,0.0,0.0,30.0
64,35.55555555555556,0.2554203340314076,0.1230553744003647,0.1187028071503596,0.06371249284675,0.0618672489997027,0.037903663061873,0.0506411472226146,0.0393529367328321,0.0343076482043553,0.0277353260709581,0.2198586952799507,0.1195531824360624,0.1136148326332386,0.0791504785739771,0.0636809476144055,0.0533742278085252,0.0493388344608555,0.0533845265179876,0.0,0.0,0.0,0.0,0.0,0.0,8.400305493134933,57.94427601939151,0.6551371380490387,0.0337810784985887,6.9004988547336765,57.47106890792524,0.6,0.05,0.0,0.0,0.0,35.55555555555556
74,41.11111111111111,0.2570335056981092,0.1176456206093121,0.1168478113147467,0.0716614112121222,0.0520446238554741,0.0453871299284236,0.043039182864801,0.0359058543970236,0.0390005702091883,0.0336980537653492,0.187574092502719,0.1096564074383387,0.0880721939169779,0.0642093507972162,0.0607980596073514,0.0505993256740571,0.0509633217337671,0.0580804295810135,0.0,0.0,0.0,0.0,0.0,0.0,8.400305493134933,57.94427601939151,0.6551371380490387,0.0337810784985887,6.9004988547336765,57.47106890792524,0.501053060913115,0.05,0.0,0.0,0.0,41.11111111111111
84,46.66666666666666,0.2562942373654209,0.1129099607559392,0.108655123476876,0.0552601543730575,0.0630144208689582,0.0488843558208809,0.043665375468109,0.0266633617561744,0.0343628648160541,0.0379281943571123,0.2417915785578869,0.1712020091240149,0.1625490679405457,0.1308567749628026,0.134572790361228,0.1279782927965429,0.1205935035405789,0.1205803834299374,0.0,0.0,0.0,0.0,0.0,0.0,8.400305493134933,57.94427601939151,0.6551371380490387,0.0337810784985887,6.9004988547336765,57.47106890792524,0.501053060913115,0.1231842627574149,0.0,0.0,0.0,46.66666666666666
94,52.22222222222222,0.2695322420008352,0.1233867860933303,0.1197430246957263,0.063074375699808,0.0712295064619466,0.0519021409735176,0.0434717982813094,0.0391104123251409,0.0451399122695701,0.0272280835619848,0.2398989525460464,0.1709345961039861,0.162113141664335,0.134538342447256,0.1242391706192374,0.1235954100171797,0.1313577764155389,0.1210639889586494,0.0,0.0,0.0,0.0,0.0,0.0,8.950622172006547,57.94427601939151,0.6551371380490387,0.0337810784985887,6.9004988547336765,57.47106890792524,0.501053060913115,0.1231842627574149,0.0,0.0,0.0,52.22222222222222
104,57.77777777777777,0.278762246055313,0.1554817858999387,0.1319167516992688,0.0804171989963511,0.0708328515750982,0.0480441265771058,0.0447642401048441,0.0405809923433235,0.0393112928384637,0.0390990285099226,0.2384650818374278,0.1747992482878768,0.1643785185761533,0.125302702439856,0.1270207579334332,0.1250688215942318,0.1270319534705187,0.1268351658186516,0.0,0.0,0.0,0.0,0.0,0.0,8.950622172006547,49.358699056874414,0.6551371380490387,0.0337810784985887,6.9004988547336765,57.47106890792524,0.501053060913115,0.1231842627574149,0.0,0.0,0.0,57.77777777777777
114,63.33333333333333,0.2463510009187516,0.1280444670406718,0.1170712723667871,0.068039088691036,0.064360474553264,0.0509555011621038,0.0489921062238161,0.0340243351743706,0.0335724876493525,0.0326572207311349,0.248494420019819,0.1656340723506336,0.1655716967004863,0.1366527916008214,0.1428050049932079,0.131589164490908,0.128171163229966,0.1240824945206235,0.0,0.0,0.0,0.0,0.0,0.0,8.950622172006547,49.358699056874414,0.5606064853638627,0.0337810784985887,6.9004988547336765,57.47106890792524,0.501053060913115,0.1231842627574149,0.0,0.0,0.0,63.33333333333333
124,68.88888888888889,0.2496291267874372,0.1315070582868968,0.1333365203017143,0.0814820983478745,0.0824290517153875,0.0484946387302731,0.0456615823503208,0.0452865459335359,0.0526842230785243,0.0502992365293218,0.2451182907126562,0.1729363459851009,0.1608431575809699,0.1343223493175473,0.1360129563083008,0.1269725362919181,0.1294929135478319,0.1280426275167906,0.0,0.0,0.0,0.0,0.0,0.0,8.950622172006547,49.358699056874414,0.5606064853638627,0.041763841815116,6.9004988547336765,57.47106890792524,0.501053060913115,0.1231842627574149,0.0,0.0,0.0,68.88888888888889
134,74.44444444444444,0.2449866919114495,0.1320688700470846,0.1265936799235328,0.0826379681381805,0.0689967016912473,0.0514659329237693,0.056510996264335,0.0498639487070404,0.0487526156272425,0.0425349304433158,0.2468153004479894,0.1677961195967532,0.1558558450171784,0.1310560292200095,0.1374270717419771,0.1247529918969514,0.128298846150404,0.1284470672859824,0.0,0.0,0.0,0.0,0.0,0.0,8.950622172006547,49.358699056874414,0.5606064853638627,0.041763841815116,6.764608762962374,57.47106890792524,0.501053060913115,0.1231842627574149,0.0,0.0,0.0,74.44444444444444
144,80.0,0.2484144602371235,0.1369648356681077,0.1225979290138606,0.0784228619001987,0.0756050036782728,0.0484131632644212,0.0527197031803345,0.0478651887057685,0.0479611343390158,0.0464990037924569,0.2418551394172414,0.1795907986973163,0.1666104380110652,0.139670747317104,0.1305625141553237,0.1264124068923378,0.125680292298958,0.1298417343785125,0.0,0.0,0.0,0.0,0.0,0.0,8.950622172006547,49.358699056874414,0.5606064853638627,0.041763841815116,6.764608762962374,48.901526117652935,0.501053060913115,0.1231842627574149,0.0,0.0,0.0,80.0
154,85.55555555555556,0.243692098160644,0.1309880631603096,0.1196927962920426,0.0864725427860214,0.0600626598510889,0.0575953070587566,0.0483642236555679,0.0554755425079355,0.0490555437912801,0.0429047910123497,0.28607304243468,0.1918358391930444,0.1669155287763018,0.1492234694029184,0.1442925483780029,0.1308359724551472,0.1297304824238072,0.1175181133649622,0.0,0.0,0.0,0.0,0.0,0.0,8.950622172006547,49.358699056874414,0.5606064853638627,0.041763841815116,6.764608762962374,48.901526117652935,0.6009096517915906,0.1231842627574149,0.0,0.0,0.0,85.55555555555556
164,91.1111111111111,0.2346262587303484,0.1336135591608687,0.1220161425699624,0.0794498643039714,0.0733542953927249,0.0477210837329086,0.0522816021977511,0.0506854737293481,0.0435830480977004,0.0408559985555117,0.2396600481494893,0.1488999521769863,0.137671347176881,0.1052959449657749,0.1063294163968921,0.0922980331747411,0.0898861128592947,0.0920719769853111,0.0,0.0,0.0,0.0,0.0,0.0,8.950622172006547,49.358699056874414,0.5606064853638627,0.041763841815116,6.764608762962374,48.901526117652935,0.6009096517915906,0.0830246028111738,0.0,0.0,0.0,91.1111111111111
174,96.66666666666666,0.2559837983252267,0.1440812957644014,0.1345484974065825,0.0820732300401656,0.0658743672589707,0.0571667971282816,0.0641466318559114,0.0530276250040038,0.0413490738444235,0.0361981774524878,0.2457605050381787,0.1499427401815484,0.1344853201598771,0.1039261905093674,0.0892999388493299,0.091878154466971,0.0809630732656601,0.0832015701279478,0.0,0.0,0.0,0.0,0.0,0.0,9.585600906990056,49.358699056874414,0.5606064853638627,0.041763841815116,6.764608762962374,48.901526117652935,0.6009096517915906,0.0830246028111738,0.0,0.0,0.0,96.66666666666666
184,102.2222222222222,0.2564283630009326,0.124551996407558,0.1266574361284794,0.0717449454922722,0.0732972204247831,0.0518659286394248,0.0627155044123584,0.0481469336024219,0.040849702342662,0.0394241980292853,0.247415364831643,0.1563414517793327,0.1432731451176056,0.1083524811074504,0.0974657571432241,0.0962181450512996,0.0875240490243936,0.0810206261872593,0.0,0.0,0.0,0.0,0.0,0.0,9.585600906990056,55.85323838427506,0.5606064853638627,0.041763841815116,6.764608762962374,48.901526117652935,0.6009096517915906,0.0830246028111738,0.0,0.0,0.0,102.2222222222222
194,107.77777777777776,0.2647930876465641,0.1310002816534768,0.1262521562004824,0.0808623544447464,0.0802135519396708,0.0625879480000895,0.057413111299403,0.0376905665863261,0.048450269701656,0.0460083929683522,0.2451701116224666,0.1602811937635248,0.1316774246073278,0.1077923606702241,0.0942020197215219,0.0901731011735318,0.0948833543062716,0.0893064821276532,0.0,0.0,0.0,0.0,0.0,0.0,9.585600906990056,55.85323838427506,0.6244358458882325,0.041763841815116,6.764608762962374,48.901526117652935,0.6009096517915906,0.0830246028111738,0.0,0.0,0.0,107.77777777777776
204,113.33333333333331,0.3317545708816569,0.228220939593145,0.2294711354519558,0.1822436246084219,0.1749753634312669,0.1661761067692816,0.1644191557692066,0.1498058439136324,0.1540330823222718,0.148559908203769,0.2430488584340275,0.1548486009895923,0.1408800449919177,0.1013244654236319,0.1034203115760674,0.0911549147109767,0.0898651194544466,0.0855427804487548,0.0,0.0,0.0,0.0,0.0,0.0,9.585600906990056,55.85323838427506,0.6244358458882325,0.1483440221522827,6.764608762962374,48.901526117652935,0.6009096517915906,0.0830246028111738,0.0,0.0,0.0,113.33333333333331
214,118.88888888888889,0.3349646267138904,0.2351297746126853,0.2246874677204912,0.1746087521667216,0.1711836217805515,0.1654200985634642,0.1515333354510316,0.1596065107296129,0.148153601538249,0.1534998615116207,0.2522608208315397,0.1569967350083799,0.1458015961785758,0.1049691050942281,0.1044632701717263,0.081522911608091,0.0800637394546211,0.085396122437995,0.0,0.0,0.0,0.0,0.0,0.0,9.585600906990056,55.85323838427506,0.6244358458882325,0.1483440221522827,6.645926094706796,48.901526117652935,0.6009096517915906,0.0830246028111738,0.0,0.0,0.0,118.88888888888889
224,124.44444444444444,0.3377110675812892,0.2362524836209686,0.226418466340649,0.1849193987109987,0.1750266817431826,0.1593684307363275,0.1574801782009752,0.1561401587728563,0.1474657021981188,0.14559736581998,0.2525354808523635,0.1656510865732098,0.1409384126415727,0.1114263127369407,0.0967199556672962,0.0949856937917945,0.0852932480047801,0.0820898676841084,0.0,0.0,0.0,0.0,0.0,0.0,9.585600906990056,55.85323838427506,0.6244358458882325,0.1483440221522827,6.645926094706796,43.20424067715689,0.6009096517915906,0.0830246028111738,0.0,0.0,0.0,124.44444444444444
234,130.0,0.3294122569063792,0.236179168480912,0.2341961985589366,0.1760989800611377,0.1771668238186841,0.1616645266183582,0.1576312181743994,0.1444532909699364,0.15505098263085,0.1496379865481331,0.2574229204461731,0.1677674104231574,0.1398150542052321,0.0995384672181492,0.0987442801852512,0.0916957756493548,0.0874655538487785,0.0770161317472444,0.0,0.0,0.0,0.0,0.0,0.0,9.585600906990056,55.85323838427506,0.6244358458882325,0.1483440221522827,6.645926094706796,43.20424067715689,0.6225079208546062,0.0830246028111738,0.0,0.0,0.0,130.0
244,135.55555555555554,0.3410406491249751,0.2261676505752569,0.2202138525274415,0.1783969213285859,0.1741221503101514,0.1554152455145855,0.1570096105629136,0.1512778210000622,0.1545202805521421,0.1540187976151957,0.2007802489993697,0.1086804745237763,0.0659697131015953,0.0397051318848999,0.0260731226975538,0.0134460265090136,0.0125678566563105,0.0086624261176783,0.0,0.0,0.0,0.0,0.0,0.0,9.585600906990056,55.85323838427506,0.6244358458882325,0.1483440221522827,6.645926094706796,43.20424067715689,0.6225079208546062,0.0065913011942075,0.0,0.0,0.0,135.55555555555554
254,141.11111111111111,0.2915525778082635,0.205895222409518,0.1845668768919941,0.163502497957861,0.1672262449131738,0.1486176425671589,0.1478501532229315,0.1488119115225234,0.1578932780066593,0.1514530701717213,0.210417041475819,0.1022601981478335,0.080950858001698,0.0334211396666642,0.0249608729028832,0.0173092450332995,0.0124338110529308,0.0041632920708571,0.0,0.0,0.0,0.0,0.0,0.0,6.514176892075508,55.85323838427506,0.6244358458882325,0.1483440221522827,6.645926094706796,43.20424067715689,0.6225079208546062,0.0065913011942075,0.0,0.0,0.0,141.11111111111111
264,146.66666666666666,0.3002562245038709,0.2096306985583725,0.190746484703428,0.1624210239594505,0.1568269058255417,0.1477808038352761,0.1530188923430329,0.1492167564557557,0.1526564246196358,0.1514425683855388,0.2138271535607746,0.0969652399769202,0.0669490247783804,0.0326059593416272,0.0191784551698533,0.0208765240388341,0.0136219459761525,0.0188870108876248,0.0,0.0,0.0,0.0,0.0,0.0,6.514176892075508,50.297776405427406,0.6244358458882325,0.1483440221522827,6.645926094706796,43.20424067715689,0.6225079208546062,0.0065913011942075,0.0,0.0,0.0,146.66666666666666
274,152.2222222222222,0.2859488648253822,0.2054774838204328,0.187956184708315,0.1640686582558521,0.1662630760224704,0.1438883569460508,0.1523595455057436,0.1410545798098963,0.1550169791086139,0.1586573037166302,0.213967247083027,0.0987450777738294,0.0798158983758836,0.0366299517822686,0.0249402991350556,0.0185252744016489,0.0104400704636107,0.0045732837151466,0.0,0.0,0.0,0.0,0.0,0.0,6.514176892075508,50.297776405427406,0.5932412050650578,0.1483440221522827,6.645926094706796,43.20424067715689,0.6225079208546062,0.0065913011942075,0.0,0.0,0.0,152.2222222222222
284,157.77777777777777,0.2797757387138317,0.2031319153292257,0.1810079166291814,0.1531450558784142,0.1504267167354915,0.1418124637187615,0.1422213529709106,0.1430237640929882,0.139966729840532,0.1445001561497182,0.2074496150637554,0.1043629679046193,0.0700941398481067,0.0440790154740993,0.0270875921814488,0.0173879276279229,0.0235798011336237,0.005488273915594,0.0,0.0,0.0,0.0,0.0,0.0,6.514176892075508,50.297776405427406,0.5932412050650578,0.1375751659789278,6.645926094706796,43.20424067715689,0.6225079208546062,0.0065913011942075,0.0,0.0,0.0,157.77777777777777
294,163.33333333333331,0.2785299860946807,0.1882922458259892,0.1796122277473482,0.1529070144019332,0.1504779705880825,0.1393685207906575,0.144128753757041,0.1337336441045124,0.1295941421537693,0.1386476698565749,0.2408415414207489,0.1158500421838818,0.0947254016859077,0.0485574256176976,0.0287601981540972,0.0235416167974831,0.0190785758616853,0.0120277400578915,0.0,0.0,0.0,0.0,0.0,0.0,6.514176892075508,50.297776405427406,0.5932412050650578,0.1375751659789278,7.887678763473032,43.20424067715689,0.6225079208546062,0.0065913011942075,0.0,0.0,0.0,163.33333333333331
304,168.88888888888889,0.2833495122954702,0.2003765628408685,0.1792946425145415,0.1550800534242657,0.1391026925205512,0.1419521772089455,0.1383217903690273,0.1365985078731472,0.1401960603476151,0.1355006859638185,0.2245040352286611,0.1093587904150691,0.0819480382049629,0.0393410470609003,0.0323012343476908,0.0201502797930219,0.0160844573730816,0.0151746871455769,0.0,0.0,0.0,0.0,0.0,0.0,6.514176892075508,50.297776405427406,0.5932412050650578,0.1375751659789278,7.887678763473032,50.28235293199028,0.6225079208546062,0.0065913011942075,0.0,0.0,0.0,168.88888888888889
314,174.44444444444443,0.2746500652639601,0.2024178679344627,0.1821679990076689,0.1571204594273319,0.1382136565419184,0.1387733450066385,0.1383965344944495,0.1423912245032061,0.1517515159197004,0.1285108053266457,0.2189250859818452,0.0978552938383936,0.0808191664587589,0.0431041903245606,0.0300586171458923,0.019575301624658,0.0223413256668879,0.0164955300857626,0.0,0.0,0.0,0.0,0.0,0.0,6.514176892075508,50.297776405427406,0.5932412050650578,0.1375751659789278,7.887678763473032,50.28235293199028,0.5993746870787008,0.0065913011942075,0.0,0.0,0.0,174.44444444444443
324,180.0,0.2765974937621485,0.2013827239376402,0.185395743261151,0.14877560312267,0.1477704587211777,0.1414980646377276,0.1486411526677889,0.139252013666157,0.1356530383339393,0.1422537631458821,0.2351235048512613,0.1291510362030989,0.1003393853894253,0.0593507139942357,0.0675962122908988,0.0393424506940684,0.0435826371513838,0.0439996938263615,0.0,0.0,0.0,0.0,0.0,0.0,6.514176892075508,50.297776405427406,0.5932412050650578,0.1375751659789278,7.887678763473032,50.28235293199028,0.5993746870787008,0.0371272383040996,0.0,0.0,0.0,180.0
334,185.55555555555557,0.2770698034652691,0.1919544127830943,0.1778004919508101,0.1531469573927285,0.1520863617526132,0.1467293484364075,0.1466975457203286,0.1458140721153081,0.136668390314395,0.1379183597814166,0.2378835478707354,0.1202409148063639,0.1104628050251045,0.0686179444631184,0.0580071386137758,0.0440295773314992,0.0446740800021632,0.047514231588943,0.0,0.0,0.0,0.0,0.0,0.0,6.437740881736019,50.297776405427406,0.5932412050650578,0.1375751659789278,7.887678763473032,50.28235293199028,0.5993746870787008,0.0371272383040996,0.0,0.0,0.0,185.55555555555557
344,191.11111111111111,0.274944580517718,0.2004201786402747,0.1906233498552708,0.1610854962440293,0.1567689376436612,0.1415690697348859,0.1365205904991279,0.1374486965638761,0.1454427439923233,0.133959664675217,0.2299701272868012,0.1251484154274965,0.1086851823953986,0.0730285911637194,0.0565384659382784,0.0406040371768211,0.0528685475889835,0.0338896669175572,0.0,0.0,0.0,0.0,0.0,0.0,6.437740881736019,43.84804287970621,0.5932412050650578,0.1375751659789278,7.887678763473032,50.28235293199028,0.5993746870787008,0.0371272383040996,0.0,0.0,0.0,191.11111111111111
354,196.66666666666663,0.2954171153325786,0.2062591074282053,0.1884666859402419,0.1642474808131418,0.1504885976119988,0.1458547889403631,0.1488932133203888,0.1345536305058055,0.1402974883660244,0.1378092154097938,0.2369691969538258,0.1248555733688571,0.1137769893833958,0.0689254309189567,0.0589128810384301,0.0446547882391501,0.0479222144550589,0.0463768534823965,0.0,0.0,0.0,0.0,0.0,0.0,6.437740881736019,43.84804287970621,0.6384064241763678,0.1375751659789278,7.887678763473032,50.28235293199028,0.5993746870787008,0.0371272383040996,0.0,0.0,0.0,196.66666666666663
364,202.2222222222222,0.2327397655231465,0.1146869352245188,0.0906324832267307,0.0552244785114904,0.0500760320354514,0.0361226905103396,0.0339931076740171,0.0324033294476523,0.0311479166774348,0.0462216397801379,0.2427624791149372,0.1275400152894503,0.104245425250226,0.0701899562202697,0.0713694939628106,0.0476974770125013,0.0445327125428995,0.0408349421261209,0.0,0.0,0.0,0.0,0.0,0.0,6.437740881736019,43.84804287970621,0.6384064241763678,0.0300910085980492,7.887678763473032,50.28235293199028,0.5993746870787008,0.0371272383040996,0.0,0.0,0.0,202.2222222222222
374,207.77777777777777,0.2138354001562432,0.1200206485045915,0.091667668162541,0.0642591645653007,0.0521846143358576,0.0484914091598287,0.0318075503486096,0.0365685837877483,0.0393391349237361,0.0315374187412043,0.2230845496004394,0.1212824948024426,0.1026864952323163,0.0626824205719325,0.0544603701930091,0.048552513099256,0.0363193761216,0.0350222774867082,0.0,0.0,0.0,0.0,0.0,0.0,6.437740881736019,43.84804287970621,0.6384064241763678,0.0300910085980492,7.10860893180662,50.28235293199028,0.5993746870787008,0.0371272383040996,0.0,0.0,0.0,207.77777777777777
384,213.3333333333333,0.2245800204792433,0.1195054945876776,0.089467604601315,0.063737353783676,0.0455800455617654,0.0324233005664042,0.0299128077474938,0.0271109426192058,0.0238532368659174,0.0269220708534539,0.234396147269562,0.1423673736344623,0.1150140907517145,0.0700808427530495,0.0665282576487101,0.0508231534590134,0.0416815801606013,0.0394383234546076,0.0,0.0,0.0,0.0,0.0,0.0,6.437740881736019,43.84804287970621,0.6384064241763678,0.0300910085980492,7.10860893180662,40.07468484104152,0.5993746870787008,0.0371272383040996,0.0,0.0,0.0,213.3333333333333
394,218.88888888888889,0.230165673548457,0.1214717820233775,0.0868776634698811,0.0609922249339409,0.0512910749778465,0.0380611465721075,0.0270662571991845,0.0299124865484674,0.0331502195962306,0.0306089972951778,0.2656578982621855,0.1451022557657977,0.1163606916734405,0.0741552705747373,0.0704138778576213,0.0442210464426275,0.0382340276995548,0.0422341906688365,0.0,0.0,0.0,0.0,0.0,0.0,6.437740881736019,43.84804287970621,0.6384064241763678,0.0300910085980492,7.10860893180662,40.07468484104152,0.6660095459603491,0.0371272383040996,0.0,0.0,0.0,218.88888888888889
404,224.44444444444443,0.2235720400105029,0.1134804978741685,0.0966868505747063,0.0674152423605381,0.0514971688946467,0.0449580775316132,0.0430068855621593,0.0311787465927064,0.0301638961423622,0.0354065971875238,0.2502307209091348,0.1283843419096143,0.1011543308743814,0.0612380412121012,0.0549258537963011,0.0296832828244364,0.0308124175501608,0.030855136797921,0.0,0.0,0.0,0.0,0.0,0.0,6.437740881736019,43.84804287970621,0.6384064241763678,0.0300910085980492,7.10860893180662,40.07468484104152,0.6660095459603491,0.0231691621592159,0.0,0.0,0.0,224.44444444444443
414,230.0,0.2530171513366087,0.1237305295341836,0.1114156416236861,0.0701907471697354,0.0545014276162047,0.0404904004874703,0.0390835935920767,0.031533659868106,0.0366378089169348,0.0322854301935298,0.2508999415430009,0.1313490658802475,0.1073080120675388,0.0588028658296485,0.0540946321458048,0.039006318940101,0.0347101512221919,0.0231484783272956,0.0,0.0,0.0,0.0,0.0,0.0,7.256317774604113,43.84804287970621,0.6384064241763678,0.0300910085980492,7.10860893180662,40.07468484104152,0.6660095459603491,0.0231691621592159,0.0,0.0,0.0,230.0
424,235.55555555555557,0.2248094547814205,0.1099639975709999,0.1070865119235883,0.0565168213200383,0.048265545688414,0.0270046934050489,0.040650025572098,0.0309512319527025,0.0308078919079831,0.0225064830339044,0.2464187194821438,0.1379619225215725,0.1116537500662387,0.0527890114971244,0.0537648839774408,0.0346770849869084,0.0297840972492691,0.0374205264435756,0.0,0.0,0.0,0.0,0.0,0.0,7.256317774604113,57.606643079616575,0.6384064241763678,0.0300910085980492,7.10860893180662,40.07468484104152,0.6660095459603491,0.0231691621592159,0.0,0.0,0.0,235.55555555555557
434,241.1111111111111,0.21368500449401,0.1055791742849331,0.0893799100220467,0.057434595567042,0.0382053637348127,0.0295117749023897,0.0324024579340652,0.0308473932944448,0.0277409940906464,0.0354836309970356,0.2573622415769989,0.1310681650257933,0.1006232739414585,0.0648322415625133,0.0518820129912539,0.0306556468430989,0.0247070324096844,0.0309905291357248,0.0,0.0,0.0,0.0,0.0,0.0,7.256317774604113,57.606643079616575,0.6019581619736846,0.0300910085980492,7.10860893180662,40.07468484104152,0.6660095459603491,0.0231691621592159,0.0,0.0,0.0,241.1111111111111
444,246.66666666666663,0.2826673079536129,0.1748680044656671,0.1690663711218779,0.1476739065803307,0.1423872805947797,0.1316261557342258,0.1254425309894749,0.1264531693977003,0.1274520768636846,0.1289688824207132,0.251534356180218,0.1449977293294395,0.1053125601072957,0.0657707430854508,0.0455787843118335,0.0390264805121017,0.0333565652554688,0.0370977098320985,0.0,0.0,0.0,0.0,0.0,0.0,7.256317774604113,57.606643079616575,0.6019581619736846,0.1270725369548803,7.10860893180662,40.07468484104152,0.6660095459603491,0.0231691621592159,0.0,0.0,0.0,246.66666666666663
454,252.2222222222222,0.2837086250867358,0.1901421946501692,0.17555484088763,0.1464031771212596,0.1409273248416186,0.1455262134973282,0.1313185869780018,0.1300290075477874,0.1361822915099476,0.1193181408982602,0.2721849135394708,0.1391151676892807,0.1139312382275354,0.0674046267923454,0.0617715804691582,0.0418488051745449,0.0404405091151206,0.0219101097156854,0.0,0.0,0.0,0.0,0.0,0.0,7.256317774604113,57.606643079616575,0.6019581619736846,0.1270725369548803,7.919151500827579,40.07468484104152,0.6660095459603491,0.0231691621592159,0.0,0.0,0.0,252.2222222222222
464,257.77777777777777,0.2897659287514185,0.1862985200966438,0.1828851608739846,0.142348660654906,0.1479965159887935,0.128423236226369,0.1262904716670071,0.1399456897741294,0.1146293868778599,0.128237121040488,0.2464472875333697,0.1067392379311353,0.1005343839540762,0.0529456333718336,0.0408304860999491,0.0353944244516465,0.036685558468132,0.028493015912262,0.0,0.0,0.0,0.0,0.0,0.0,7.256317774604113,57.606643079616575,0.6019581619736846,0.1270725369548803,7.919151500827579,54.83541894723714,0.6660095459603491,0.0231691621592159,0.0,0.0,0.0,257.77777777777777
474,263.3333333333333,0.2903848360658213,0.185826297269209,0.1798672526919703,0.148192559197862,0.1415840152167206,0.1417830945670621,0.1291630872787526,0.1239297803843368,0.1305152333939534,0.125389385209454,0.1937739905950865,0.0949521097593213,0.0895919027749674,0.0420998807560376,0.0375029071637617,0.0303435416433212,0.0295429296452518,0.0233104254599796,0.0,0.0,0.0,0.0,0.0,0.0,7.256317774604113,57.606643079616575,0.6019581619736846,0.1270725369548803,7.919151500827579,54.83541894723714,0.5182991210126091,0.0231691621592159,0.0,0.0,0.0,263.3333333333333
484,268.88888888888886,0.2878037361861561,0.1831632042914425,0.1724812732713888,0.1482136844960368,0.1441076441894882,0.1322659601040507,0.1331165010970269,0.1178474865269338,0.129379961027033,0.1228051844762184,0.2369017968229027,0.1415772069760234,0.1291055071797999,0.0979044139779659,0.101345141984499,0.0934173077722951,0.0922067301393279,0.0806127986173537,0.0,0.0,0.0,0.0,0.0,0.0,7.256317774604113,57.606643079616575,0.6019581619736846,0.1270725369548803,7.919151500827579,54.83541894723714,0.5182991210126091,0.0811715732064733,0.0,0.0,0.0,268.88888888888886
494,274.44444444444446,0.2890287779650049,0.1882314419454431,0.1881722389562234,0.1475893166391837,0.1508380465980073,0.1301503166650966,0.1366195306199742,0.1276203049865138,0.1301799738417866,0.1231594589389099,0.2340724546234406,0.1346823672470294,0.1338741740634913,0.1043591402573517,0.0981440720543104,0.0883581856340859,0.0899138161867624,0.0755671248545606,0.0,0.0,0.0,0.0,0.0,0.0,8.02487115616112,57.606643079616575,0.6019581619736846,0.1270725369548803,7.919151500827579,54.83541894723714,0.5182991210126091,0.0811715732064733,0.0,0.0,0.0,274.44444444444446
504,280.0,0.2939115718360202,0.1871520951542642,0.1880523605136629,0.1540154541832393,0.1478084001935805,0.1321593681115553,0.1385408883942986,0.1299704039519945,0.1360345508154132,0.1300317666927246,0.2283530021649193,0.1404093520717057,0.1339975677584114,0.0964412359525055,0.1050912874099031,0.0883992614382821,0.0880191132419402,0.0834440877492743,0.0,0.0,0.0,0.0,0.0,0.0,8.02487115616112,57.42678753385761,0.6019581619736846,0.1270725369548803,7.919151500827579,54.83541894723714,0.5182991210126091,0.0811715732064733,0.0,0.0,0.0,280.0
514,285.55555555555554,0.2844438457620087,0.1921595070103619,0.1787315818087084,0.1481139711212647,0.1470087428254219,0.1400887057895737,0.1408901947743239,0.1284507182773304,0.1310983385314466,0.1328139508723825,0.2420158057807074,0.1382268655810117,0.127856578894158,0.1049832210401793,0.1037433773584878,0.0868933948000665,0.0940365998308808,0.0712909127145539,0.0,0.0,0.0,0.0,0.0,0.0,8.02487115616112,57.42678753385761,0.5722528118028315,0.1270725369548803,7.919151500827579,54.83541894723714,0.5182991210126091,0.0811715732064733,0.0,0.0,0.0,285.55555555555554
524,291.1111111111111,0.2625987904139935,0.1517285196207254,0.1556360507588956,0.1130016500879411,0.109802346126893,0.0933641673715126,0.0929230266325464,0.0931643480210072,0.0967800702184974,0.0827587618487216,0.2401029382112935,0.1456285569900462,0.1296394811001039,0.1005307075293924,0.0934213691395497,0.0950088841433382,0.0924062013944822,0.0851049824745884,0.0,0.0,0.0,0.0,0.0,0.0,8.02487115616112,57.42678753385761,0.5722528118028315,0.0897276100810819,7.919151500827579,54.83541894723714,0.5182991210126091,0.0811715732064733,0.0,0.0,0.0,291.1111111111111
534,296.66666666666663,0.2566336980500315,0.1580196852225192,0.1601097760408435,0.1123077968227993,0.1101874591206382,0.0957807057554657,0.0922207690584851,0.0918089654717864,0.0947498002907399,0.1061725565136277,0.2042705224796033,0.1226578786751881,0.1218760954257799,0.097213876786988,0.0852261264743521,0.0846519482699049,0.0849904335477683,0.0878260832534655,0.0,0.0,0.0,0.0,0.0,0.0,8.02487115616112,57.42678753385761,0.5722528118028315,0.0897276100810819,6.177754927036511,54.83541894723714,0.5182991210126091,0.0811715732064733,0.0,0.0,0.0,296.66666666666663
544,302.22222222222223,0.2464371851058456,0.1552956048661203,0.1491134638274114,0.1210880378776713,0.1185900811213197,0.087106024275635,0.0963305709652078,0.0903228120253963,0.0934461031623361,0.0876875376478714,0.2136748233782372,0.1526050074630398,0.1188713390375214,0.1054297922294459,0.0925968143005974,0.0796042187939727,0.0851643698925132,0.0832645589676572,0.0,0.0,0.0,0.0,0.0,0.0,8.02487115616112,57.42678753385761,0.5722528118028315,0.0897276100810819,6.177754927036511,47.752636022214574,0.5182991210126091,0.0811715732064733,0.0,0.0,0.0,302.22222222222223
554,307.77777777777777,0.257725314329185,0.1518621556705996,0.1409141812899431,0.1209504753228796,0.1143088484008171,0.1111395140886265,0.1036735625726006,0.0994828061665144,0.0978136334519057,0.0861476510864488,0.2279729826659305,0.145707613799658,0.1262082104813446,0.0970437165425815,0.0954468955513012,0.0871817673276402,0.0724693243601233,0.0897648126749347,0.0,0.0,0.0,0.0,0.0,0.0,8.02487115616112,57.42678753385761,0.5722528118028315,0.0897276100810819,6.177754927036511,47.752636022214574,0.5646072692516413,0.0811715732064733,0.0,0.0,0.0,307.77777777777777
564,313.3333333333333,0.2612335865914197,0.1590109149285987,0.1444138562913016,0.1187869191772101,0.1048891673489496,0.0989851715977913,0.0916918821299306,0.0977950348591118,0.0879532611009832,0.091477590187912,0.1921510974295708,0.0872048105888464,0.0759118433575786,0.0513411778229595,0.0432581174880379,0.0340916706311983,0.0277529849998609,0.0189234447085379,0.0,0.0,0.0,0.0,0.0,0.0,8.02487115616112,57.42678753385761,0.5722528118028315,0.0897276100810819,6.177754927036511,47.752636022214574,0.5646072692516413,0.0225299593605677,0.0,0.0,0.0,313.3333333333333
574,318.88888888888886,0.2788554413778891,0.1671529415017716,0.168456273209299,0.1198547633912038,0.1143499887141181,0.1017867650985686,0.101912184301559,0.0903896202641949,0.1020632768617783,0.0929319267473588,0.1898897734349822,0.0860496524712496,0.0699229419568544,0.0365680712589797,0.0398584713131425,0.0382544280331366,0.0109203538865643,0.0279053073508898,0.0,0.0,0.0,0.0,0.0,0.0,9.01228193222104,57.42678753385761,0.5722528118028315,0.0897276100810819,6.177754927036511,47.752636022214574,0.5646072692516413,0.0225299593605677,0.0,0.0,0.0,318.88888888888886
584,324.4444444444444,0.2905153316312079,0.1777277800410067,0.1775600623838059,0.1229302461522804,0.1254126179974195,0.1067779845897735,0.1012962887497661,0.0946648805463171,0.0939074287939572,0.0979329006166866,0.1796290828810912,0.0895059802166961,0.0713484685292748,0.0425560021775106,0.0371454615603237,0.0333558567494546,0.0297341677556337,0.0207322522204724,0.0,0.0,0.0,0.0,0.0,0.0,9.01228193222104,47.58892343100625,0.5722528118028315,0.0897276100810819,6.177754927036511,47.752636022214574,0.5646072692516413,0.0225299593605677,0.0,0.0,0.0,324.4444444444444
594,330.0,0.3371660734812619,0.2051855997217306,0.191672525089092,0.1287083078527776,0.1256477047378351,0.1108684831258024,0.0991930455628576,0.1031108627019653,0.0918200613689849,0.0886363483922484,0.1911290168281031,0.0947337396618252,0.077573843785262,0.0372665601785494,0.0362221757365902,0.0258676435306239,0.0264342564181344,0.0227570621552927,0.0,0.0,0.0,0.0,0.0,0.0,9.01228193222104,47.58892343100625,0.6957495768822443,0.0897276100810819,6.177754927036511,47.752636022214574,0.5646072692516413,0.0225299593605677,0.0,0.0,0.0,330.0
604,335.55555555555554,0.3356365335363429,0.1984774810122929,0.1905438720077648,0.1350419087693307,0.1225995613685225,0.1154563284810594,0.1004240166000075,0.0997692927580489,0.0848881776821012,0.0844890952416795,0.189100837504358,0.0885172291047474,0.0794331464448491,0.0435521047435054,0.0381003777182601,0.0408444595922996,0.0245197274818555,0.0334871420326288,0.0,0.0,0.0,0.0,0.0,0.0,9.01228193222104,47.58892343100625,0.6957495768822443,0.0884987539515915,6.177754927036511,47.752636022214574,0.5646072692516413,0.0225299593605677,0.0,0.0,0.0,335.55555555555554
614,341.1111111111111,0.3349820657423011,0.1964152008718002,0.1886607029223251,0.143984185948557,0.1271925678949045,0.1079494405299282,0.1042843066794713,0.0813411791165248,0.1023655241171995,0.0952226828499901,0.2123273530436634,0.098113418942672,0.0976597796160453,0.0561395959009867,0.0469954968941396,0.037063602965137,0.0298253596964786,0.0289149044093485,0.0,0.0,0.0,0.0,0.0,0.0,9.01228193222104,47.58892343100625,0.6957495768822443,0.0884987539515915,7.815168761489554,47.752636022214574,0.5646072692516413,0.0225299593605677,0.0,0.0,0.0,341.1111111111111
624,346.66666666666663,0.3306636270781363,0.194587947460812,0.1939048092733356,0.1302321966622249,0.1232234940490642,0.1073906364984003,0.1010214585416586,0.09082475208814,0.0936555015208234,0.0859680753239941,0.2095050061294915,0.100089843361079,0.0804056072513373,0.0444554778580791,0.0443453429030474,0.0341561746689584,0.0247452018199614,0.0289308426901814,0.0,0.0,0.0,0.0,0.0,0.0,9.01228193222104,47.58892343100625,0.6957495768822443,0.0884987539515915,7.815168761489554,52.75993161576665,0.5646072692516413,0.0225299593605677,0.0,0.0,0.0,346.66666666666663
634,352.22222222222223,0.3285771650349582,0.2063827790262205,0.1871830301587262,0.1269640037088115,0.1292157677315398,0.1023043181924805,0.0960350547024646,0.0933554300929732,0.096629795661044,0.0881872603427399,0.2433761212824861,0.1147317938429307,0.0900777333787259,0.051217489567079,0.0489526276796197,0.0310975336530993,0.0365883885820193,0.0214684191646898,0.0,0.0,0.0,0.0,0.0,0.0,9.01228193222104,47.58892343100625,0.6957495768822443,0.0884987539515915,7.815168761489554,52.75993161576665,0.6352900487625577,0.0225299593605677,0.0,0.0,0.0,352.22222222222223
644,357.77777777777777,0.3380773602457193,0.2009638043409447,0.1878607295628442,0.1346030448359953,0.1209251464303539,0.1136553378478309,0.103861006146811,0.0930556776425563,0.0976149654383013,0.0924895625806339,0.2447725754360944,0.114397215663385,0.0946628152307148,0.0563338887315334,0.0498341177862789,0.0338535304605177,0.0341409567499059,0.0342770011447972,0.0,0.0,0.0,0.0,0.0,0.0,9.01228193222104,47.58892343100625,0.6957495768822443,0.0884987539515915,7.815168761489554,52.75993161576665,0.6352900487625577,0.0226182028752553,0.0,0.0,0.0,357.77777777777777
654,363.3333333333333,0.3001252531421856,0.1951074309249508,0.1745929640719352,0.1191133502365479,0.1248760760221311,0.0967385332916541,0.1014807904962184,0.0846026761836525,0.0851613603798981,0.0861316471003132,0.2331726690805555,0.1181207784777081,0.1015063165345855,0.0521085412232376,0.0476909188982438,0.0396221649493421,0.026353058405887,0.0278389518981324,0.0,0.0,0.0,0.0,0.0,0.0,7.8090030950022,47.58892343100625,0.6957495768822443,0.0884987539515915,7.815168761489554,52.75993161576665,0.6352900487625577,0.0226182028752553,0.0,0.0,0.0,363.3333333333333
664,368.88888888888886,0.323640778725369,0.1936651803172942,0.1715516549240713,0.1314324114495866,0.1133228071840525,0.1034630651488541,0.0951500709172465,0.0867960374902649,0.0952174328290379,0.0875346689804954,0.2445874555545519,0.1184896492848701,0.1027665843505897,0.0502090537138825,0.0375331898813015,0.0290549110749633,0.0366074578424249,0.0286027942931231,0.0,0.0,0.0,0.0,0.0,0.0,7.8090030950022,44.79127923659047,0.6957495768822443,0.0884987539515915,7.815168761489554,52.75993161576665,0.6352900487625577,0.0226182028752553,0.0,0.0,0.0,368.88888888888886
674,374.4444444444444,0.2743008607044292,0.1722945937836301,0.1513200514267088,0.1141609119817164,0.1133472806738237,0.1017254412452298,0.0951994215363556,0.0951117992932706,0.092169003213713,0.0867600664087373,0.2463344483709976,0.1110965125827609,0.0956477252700459,0.0547002036226457,0.0432649727792729,0.0296644213076573,0.0278351622620811,0.0285120026923303,0.0,0.0,0.0,0.0,0.0,0.0,7.8090030950022,44.79127923659047,0.5804996596207963,0.0884987539515915,7.815168761489554,52.75993161576665,0.6352900487625577,0.0226182028752553,0.0,0.0,0.0,374.4444444444444
684,380.0,0.2329970350049838,0.1203122303487045,0.090411866128206,0.0453637507113644,0.044060696895778,0.0260415839048189,0.0272937689646281,0.0175683109645348,0.0175750272192945,0.0241395384028872,0.2283307622776677,0.1161738815715852,0.0937536559778565,0.0537063065009495,0.0359837290176909,0.0240793691336035,0.034734010130269,0.0351896610103702,0.0,0.0,0.0,0.0,0.0,0.0,7.8090030950022,44.79127923659047,0.5804996596207963,0.0145056140897618,7.815168761489554,52.75993161576665,0.6352900487625577,0.0226182028752553,0.0,0.0,0.0,380.0
694,385.55555555555554,0.2346308839684835,0.111076313870833,0.1062735829873556,0.0549537080432253,0.0380054468022797,0.0289340310398552,0.0166797872697802,0.0189148046672319,0.0192975687590738,0.0195943604850911,0.2595946291409152,0.1252719155170431,0.1097080685579064,0.0550739431802953,0.049609459082532,0.0275679530169744,0.039006531799967,0.0257983680395663,0.0,0.0,0.0,0.0,0.0,0.0,7.8090030950022,44.79127923659047,0.5804996596207963,0.0145056140897618,8.903484153146465,52.75993161576665,0.6352900487625577,0.0226182028752553,0.0,0.0,0.0,385.55555555555554
704,391.1111111111111,0.2379711924260003,0.1148642712411172,0.0864250479814688,0.0461154713209531,0.0564896396164711,0.0270452071229356,0.0173635477751181,0.0277396068096493,0.0175989201532138,0.0144950176369924,0.2727585133652784,0.1313729146293122,0.1196467189214464,0.0736007854813333,0.0534236796762014,0.0433223664024378,0.0361284515306661,0.0248558245055716,0.0,0.0,0.0,0.0,0.0,0.0,7.8090030950022,44.79127923659047,0.5804996596207963,0.0145056140897618,8.903484153146465,44.300080747117605,0.6352900487625577,0.0226182028752553,0.0,0.0,0.0,391.1111111111111
714,396.6666666666666,0.2150714140582616,0.1056886433143762,0.085116513990918,0.0538841611352395,0.0381332855718318,0.0363761278773448,0.0286719815650439,0.0209904284334585,0.0165701421965002,0.0193962283945614,0.2795932082942208,0.1446950546950724,0.1237524060936826,0.0723557198735009,0.0525740507937765,0.0429060416814537,0.0343626930242836,0.0249411287979072,0.0,0.0,0.0,0.0,0.0,0.0,7.8090030950022,44.79127923659047,0.5804996596207963,0.0145056140897618,8.903484153146465,44.300080747117605,0.6343530325222569,0.0226182028752553,0.0,0.0,0.0,396.6666666666666
724,402.2222222222222,0.2282882816874002,0.1104334267335867,0.0920991717069482,0.0534883655509682,0.0439152651138327,0.019820307167279,0.0221466656709565,0.0144999789227655,0.013674733451645,0.022813386389253,0.2805992761797651,0.160361763132007,0.142191461913713,0.0811423398535883,0.0831849478958688,0.0596755593961581,0.0545425431918759,0.0498286293634096,0.0,0.0,0.0,0.0,0.0,0.0,7.8090030950022,44.79127923659047,0.5804996596207963,0.0145056140897618,8.903484153146465,44.300080747117605,0.6343530325222569,0.0450630122218605,0.0,0.0,0.0,402.2222222222222
734,407.77777777777777,0.2495717736616272,0.1232433400880219,0.1146002822488089,0.0620683513984896,0.0494963906418829,0.0360586146900971,0.028589830918436,0.0194298790655425,0.0236404520482877,0.0148604188062619,0.2879030498586994,0.1628103968714118,0.128665019405515,0.0863999536199315,0.081692613381591,0.0553832335584316,0.0679645068698206,0.0452216593541901,0.0,0.0,0.0,0.0,0.0,0.0,9.197046483678411,44.79127923659047,0.5804996596207963,0.0145056140897618,8.903484153146465,44.300080747117605,0.6343530325222569,0.0450630122218605,0.0,0.0,0.0,407.77777777777777
744,413.3333333333333,0.2311674554945535,0.1072026411580865,0.1049065302375515,0.0538217558579191,0.0513530870587955,0.0268954684763314,0.0283202104733066,0.02534497705373,0.0189198548320938,0.0215781267124146,0.288798847961226,0.1588699872608722,0.1464477729453325,0.0982791169989,0.0799268776778812,0.0721731020476315,0.0555239917733923,0.0495085208341171,0.0,0.0,0.0,0.0,0.0,0.0,9.197046483678411,53.24429476676907,0.5804996596207963,0.0145056140897618,8.903484153146465,44.300080747117605,0.6343530325222569,0.0450630122218605,0.0,0.0,0.0,413.3333333333333
754,418.88888888888886,0.2200173777566791,0.1073077585595509,0.0965210178867559,0.0457107400691333,0.0499820940218985,0.0266706469813776,0.0315907506183658,0.0135591475290196,0.0114835832522346,0.0245511400149984,0.2889064960671991,0.166618399393659,0.1404551260849935,0.0936099520764922,0.085422825009114,0.054051239194056,0.0580337601411043,0.0461060476381817,0.0,0.0,0.0,0.0,0.0,0.0,9.197046483678411,53.24429476676907,0.5263231631616612,0.0145056140897618,8.903484153146465,44.300080747117605,0.6343530325222569,0.0450630122218605,0.0,0.0,0.0,418.88888888888886
764,424.4444444444444,0.2903787777726842,0.1879159293802699,0.1956877866473793,0.1592695555350887,0.1551371909298014,0.1278247311967481,0.1424911261531359,0.1291773273725052,0.1256969247528052,0.1300728659121668,0.2895906202606898,0.1606364415741879,0.1440062944508307,0.0901718551206576,0.0797728481772735,0.0580865988813815,0.059125607966332,0.0503612608034866,0.0,0.0,0.0,0.0,0.0,0.0,9.197046483678411,53.24429476676907,0.5263231631616612,0.1267611481311829,8.903484153146465,44.300080747117605,0.6343530325222569,0.0450630122218605,0.0,0.0,0.0,424.4444444444444
774,430.0,0.285106804098158,0.193418736331965,0.1864949238849079,0.1549357751442273,0.1467469817743378,0.1377738624781687,0.1383174138820035,0.1309422511720915,0.1216133864413943,0.1246447315060258,0.2873683488473075,0.1575251853556204,0.1443720132422387,0.0823582708309654,0.0871598244601848,0.0594011656332137,0.0586080026548122,0.0490762874809133,0.0,0.0,0.0,0.0,0.0,0.0,9.197046483678411,53.24429476676907,0.5263231631616612,0.1267611481311829,8.834844513434938,44.300080747117605,0.6343530325222569,0.0450630122218605,0.0,0.0,0.0,430.0
784,435.55555555555554,0.2836899652026493,0.1993626026262548,0.1948604251881447,0.1448865378141447,0.1568005396640751,0.1450795915445576,0.1293562121845094,0.1265026125867581,0.1216434020034158,0.1283870363891122,0.2646831597534457,0.1229473021662942,0.1270484428109423,0.0753105812518162,0.0638970454843087,0.0609201494257457,0.058569436964691,0.049778197779649,0.0,0.0,0.0,0.0,0.0,0.0,9.197046483678411,53.24429476676907,0.5263231631616612,0.1267611481311829,8.834844513434938,58.07833576391853,0.6343530325222569,0.0450630122218605,0.0,0.0,0.0,435.55555555555554
794,441.1111111111111,0.2958048518262406,0.1884103565898967,0.1862975979992577,0.1648827443174609,0.1571945259293497,0.1374721743494274,0.1316194545783147,0.1279936118751207,0.1313721785944107,0.1206026395189122,0.2638988949226007,0.1286402026857056,0.129266855929141,0.0802347318433496,0.0755519540916461,0.0519985928910858,0.0561337192186966,0.0468082195769337,0.0,0.0,0.0,0.0,0.0,0.0,9.197046483678411,53.24429476676907,0.5263231631616612,0.1267611481311829,8.834844513434938,58.07833576391853,0.6139438295718554,0.0450630122218605,0.0,0.0,0.0,441.1111111111111
804,446.6666666666666,0.2942627699936506,0.1976687713552731,0.1978408080582454,0.1522454420831707,0.1525153722523382,0.1357858092975568,0.1470741304292268,0.1278847175014805,0.1371723127760915,0.124296093792868,0.2347297845680267,0.1056859033769516,0.1091552870189357,0.057704401283262,0.0426264821100956,0.0332634776483505,0.0336678034153816,0.0251541455907854,0.0,0.0,0.0,0.0,0.0,0.0,9.197046483678411,53.24429476676907,0.5263231631616612,0.1267611481311829,8.834844513434938,58.07833576391853,0.6139438295718554,0.021818993064139,0.0,0.0,0.0,446.6666666666666
814,452.2222222222222,0.2507169114995517,0.1770904156855358,0.1624615790002057,0.1336211462797031,0.1378877019728464,0.1298469817363901,0.1253559313258715,0.1261526936110338,0.1275723542738062,0.1215841371791612,0.2459044149555703,0.1103152068063679,0.1055740981545146,0.0592884084850462,0.0562744156280359,0.030697786842147,0.0363927848471176,0.0204412437880818,0.0,0.0,0.0,0.0,0.0,0.0,7.015883183898664,53.24429476676907,0.5263231631616612,0.1267611481311829,8.834844513434938,58.07833576391853,0.6139438295718554,0.021818993064139,0.0,0.0,0.0,452.2222222222222
824,457.77777777777777,0.2502863351458806,0.1824002263093207,0.1644482305009315,0.1387974192499078,0.1428933288105496,0.1338597889936519,0.1190108668459924,0.1316700177934578,0.1255640887766047,0.1247421977410048,0.2424930022842005,0.1134147352234618,0.0997688024524075,0.0538467495245426,0.0600338285733573,0.0326870579960339,0.0373215738371074,0.02075356119872,0.0,0.0,0.0,0.0,0.0,0.0,7.015883183898664,58.55811369489049,0.5263231631616612,0.1267611481311829,8.834844513434938,58.07833576391853,0.6139438295718554,0.021818993064139,0.0,0.0,0.0,457.77777777777777
834,463.3333333333333,0.2778729612513415,0.1904932265062255,0.1729479176424637,0.1416988493636512,0.1424225469400624,0.1336011584925173,0.1324649757662256,0.1240858313558164,0.1329276163053465,0.1313088090592701,0.2432164745972424,0.1090864750741051,0.0966761140029727,0.0578785163150225,0.0509074502016181,0.0315275983127341,0.0441005313380441,0.017769407562098,0.0,0.0,0.0,0.0,0.0,0.0,7.015883183898664,58.55811369489049,0.6104652975334527,0.1267611481311829,8.834844513434938,58.07833576391853,0.6139438295718554,0.021818993064139,0.0,0.0,0.0,463.3333333333333
844,468.88888888888886,0.2050112846334463,0.0947684646958059,0.0890729820894148,0.0481654949865361,0.0390106227544568,0.0216896025605372,0.0325136949019954,0.031818241598584,0.0271446761198504,0.025279442005476,0.2483827636066118,0.1087866931113916,0.1036040598378288,0.0587221770827354,0.0516553411337902,0.0318737757631897,0.0323883850526564,0.026057418265201,0.0,0.0,0.0,0.0,0.0,0.0,7.015883183898664,58.55811369489049,0.6104652975334527,0.0270828747673367,8.834844513434938,58.07833576391853,0.6139438295718554,0.021818993064139,0.0,0.0,0.0,468.88888888888886
854,474.4444444444444,0.2058615156225361,0.0885715422122732,0.0831001020692993,0.054425757035533,0.0402625295834489,0.0301549144054302,0.0268370715842556,0.0348502096226523,0.0352542476427431,0.0329867267965903,0.2360035162107152,0.1113707922475882,0.0951539703129915,0.0425161175129046,0.0537568722276877,0.030556384690201,0.0319906310639206,0.0199510526174617,0.0,0.0,0.0,0.0,0.0,0.0,7.015883183898664,58.55811369489049,0.6104652975334527,0.0270828747673367,8.65217068258941,58.07833576391853,0.6139438295718554,0.021818993064139,0.0,0.0,0.0,474.4444444444444
864,480.0,0.2071387070122409,0.1004027774119474,0.0854335600363229,0.0443010513475668,0.0577558732626539,0.0347501842924182,0.0324822182163535,0.0320559112127669,0.0242581753680749,0.0282989925561063,0.2450447593798556,0.1247851351833082,0.1049499309378286,0.0640858443892677,0.0479658237412645,0.0284860346144549,0.0342016313261654,0.0261966725347536,0.0,0.0,0.0,0.0,0.0,0.0,7.015883183898664,58.55811369489049,0.6104652975334527,0.0270828747673367,8.65217068258941,52.83143410444961,0.6139438295718554,0.021818993064139,0.0,0.0,0.0,480.0
874,485.55555555555554,0.2150085459902156,0.0949908066081434,0.0868538820891816,0.0538495090511267,0.045127549879668,0.038578344311922,0.0347109543812117,0.0252611284835734,0.0329961764115437,0.0209634017661872,0.242725657283958,0.1173812861083687,0.1067974653251558,0.0569289576379188,0.0527352350068952,0.0371893944522941,0.0340379756504278,0.0154259312580312,0.0,0.0,0.0,0.0,0.0,0.0,7.015883183898664,58.55811369489049,0.6104652975334527,0.0270828747673367,8.65217068258941,52.83143410444961,0.6139388548947615,0.021818993064139,0.0,0.0,0.0,485.55555555555554
884,491.1111111111111,0.2129148008557436,0.0977987105181922,0.0829434923159004,0.0524627050969448,0.051482044824941,0.0311621288548708,0.0266756178934623,0.0285771001886513,0.0266320848654381,0.0296560309661966,0.2613190049140944,0.1452669461562516,0.1340655958517374,0.0890790157745406,0.0861728147661717,0.0638842678214789,0.0572629650399921,0.0445057822112828,0.0,0.0,0.0,0.0,0.0,0.0,7.015883183898664,58.55811369489049,0.6104652975334527,0.0270828747673367,8.65217068258941,52.83143410444961,0.6139388548947615,0.056443175419488,0.0,0.0,0.0,491.1111111111111
894,496.6666666666666,0.2217895635434781,0.1093594725775676,0.0889146489187892,0.0537547744076817,0.0450100925533627,0.0363728616644585,0.0314665403029463,0.0259581575664106,0.0252568017600792,0.0347398101666598,0.2649491722237725,0.1438873920517787,0.1299953104234138,0.0849240076107587,0.0908794179212786,0.0680268806753165,0.0676195416664779,0.0607206101622249,0.0,0.0,0.0,0.0,0.0,0.0,7.715056902902815,58.55811369489049,0.6104652975334527,0.0270828747673367,8.65217068258941,52.83143410444961,0.6139388548947615,0.056443175419488,0.0,0.0,0.0,496.6666666666666
904,502.2222222222222,0.2437375947972453,0.1272932743126871,0.1014676218333899,0.0667048804914002,0.054302348056194,0.0397427973433875,0.0402149384661835,0.0321368879217306,0.027242190500789,0.0351121791394012,0.2646796730735504,0.13861819554216,0.1286673414637004,0.08772702513298,0.0885387083073373,0.0676789086894809,0.0664736451541843,0.0610202581285266,0.0,0.0,0.0,0.0,0.0,0.0,7.715056902902815,44.789784253636896,0.6104652975334527,0.0270828747673367,8.65217068258941,52.83143410444961,0.6139388548947615,0.056443175419488,0.0,0.0,0.0,502.2222222222222
914,507.77777777777777,0.1900585519889276,0.1094204288925901,0.0883340633257646,0.0517321844114894,0.0451400332598604,0.0347529949250865,0.0320150403775962,0.0363893736237974,0.0285926509898877,0.0263873201043745,0.25857716324276,0.1491696153030074,0.1409469625342093,0.0893042749086357,0.0838675799852943,0.0702112523561619,0.0622347396873805,0.056964334884563,0.0,0.0,0.0,0.0,0.0,0.0,7.715056902902815,44.789784253636896,0.5076114573382479,0.0270828747673367,8.65217068258941,52.83143410444961,0.6139388548947615,0.056443175419488,0.0,0.0,0.0,507.77777777777777
924,513.3333333333333,0.2673583628518652,0.1905389232033235,0.1830103670227892,0.1565823536093638,0.1476212837516409,0.1429206588341156,0.1467854461197082,0.1339582642436898,0.1389490034479341,0.1329734770763314,0.2675165663798678,0.1460254439851182,0.1321733240361942,0.0817385311280176,0.0837938941629507,0.0726028233825086,0.0610010367857503,0.0485302334023787,0.0,0.0,0.0,0.0,0.0,0.0,7.715056902902815,44.789784253636896,0.5076114573382479,0.1314328212163906,8.65217068258941,52.83143410444961,0.6139388548947615,0.056443175419488,0.0,0.0,0.0,513.3333333333333
934,518.8888888888889,0.257592814189201,0.1970811263590797,0.1721787808115228,0.1550514878293298,0.156416578080405,0.1427642035699835,0.14064071050846,0.138328861789107,0.1234037326465511,0.1294800449327706,0.2506497563609088,0.1358213479485022,0.1230198812955224,0.0783151418428343,0.0692731314914901,0.0638405357285869,0.0651331250753973,0.0636964271191633,0.0,0.0,0.0,0.0,0.0,0.0,7.715056902902815,44.789784253636896,0.5076114573382479,0.1314328212163906,7.403190650442289,52.83143410444961,0.6139388548947615,0.056443175419488,0.0,0.0,0.0,518.8888888888889
944,524.4444444444445,0.2703737606034482,0.197470623089553,0.1843999254759182,0.1466989148202545,0.1517654208715609,0.1326549055536251,0.1410139597702843,0.1375877645118555,0.1341569753298487,0.1302593019681066,0.2463406069120422,0.1330735872432133,0.1149456411229361,0.0891676757158509,0.0756247850914473,0.0602604397141376,0.0594749547120076,0.0671648391275099,0.0,0.0,0.0,0.0,0.0,0.0,7.715056902902815,44.789784253636896,0.5076114573382479,0.1314328212163906,7.403190650442289,50.95270398427471,0.6139388548947615,0.056443175419488,0.0,0.0,0.0,524.4444444444445
954,530.0,0.2759172860954855,0.1984028923181814,0.1786171920263597,0.1537068880411911,0.1506909243138254,0.1412408397384264,0.1385341895797039,0.1391323274882726,0.1292854998174286,0.1392655660736689,0.2263860451056352,0.1320271781276019,0.111780125835504,0.0736047409640021,0.0740421890267788,0.06099954593849,0.0714408651868909,0.0508787421855193,0.0,0.0,0.0,0.0,0.0,0.0,7.715056902902815,44.789784253636896,0.5076114573382479,0.1314328212163906,7.403190650442289,50.95270398427471,0.564432661956045,0.056443175419488,0.0,0.0,0.0,530.0
964,535.5555555555555,0.2674516050951163,0.1951109589391505,0.182980326921943,0.1616671188321496,0.1505067650763415,0.1423268104914975,0.1347464243484028,0.1353677724574203,0.1335134130319801,0.1352951428592301,0.2663597357771534,0.1749662427244769,0.1667366325897918,0.1333283211062827,0.1344858214237516,0.1226991017347251,0.1087915680729361,0.1078794036245077,0.0,0.0,0.0,0.0,0.0,0.0,7.715056902902815,44.789784253636896,0.5076114573382479,0.1314328212163906,7.403190650442289,50.95270398427471,0.564432661956045,0.1126987379782391,0.0,0.0,0.0,535.5555555555555
974,541.1111111111111,0.2611726955348193,0.1810461901777883,0.1704618633684007,0.140961772642441,0.1442614296498397,0.1377909619638525,0.1345960062175121,0.1329696749306384,0.1383561871265491,0.1346953580325776,0.2651150309488588,0.1714189163165814,0.1593747234083856,0.1315550223541995,0.1306667498671088,0.1132102930836471,0.1148134966508869,0.1178528777693345,0.0,0.0,0.0,0.0,0.0,0.0,6.480629986565633,44.789784253636896,0.5076114573382479,0.1314328212163906,7.403190650442289,50.95270398427471,0.564432661956045,0.1126987379782391,0.0,0.0,0.0,541.1111111111111
984,546.6666666666666,0.2496012701294406,0.1769668412010543,0.1700243963227304,0.1472707786684622,0.1450484089642429,0.1400931231055437,0.1371676635593471,0.1280167669596486,0.1296329503234257,0.128725304423331,0.2655706084465368,0.1783840499071866,0.1590198303921539,0.1419117100484969,0.126620836022138,0.1157450618961439,0.1147006362301431,0.114712692615596,0.0,0.0,0.0,0.0,0.0,0.0,6.480629986565633,47.44370545130408,0.5076114573382479,0.1314328212163906,7.403190650442289,50.95270398427471,0.564432661956045,0.1126987379782391,0.0,0.0,0.0,546.6666666666666
994,552.2222222222222,0.2460369170513407,0.1839938182729175,0.1682966428592328,0.1493369255309977,0.1495557455645451,0.1374988099347287,0.1373059517133188,0.1326630213778675,0.1351320784671931,0.1286066810771457,0.2606081213314093,0.1774246363059053,0.1654184373071109,0.1254444533181744,0.1273546868962171,0.1143526574399581,0.1279749060776289,0.110621296372589,0.0,0.0,0.0,0.0,0.0,0.0,6.480629986565633,47.44370545130408,0.5060700588768223,0.1314328212163906,7.403190650442289,50.95270398427471,0.564432661956045,0.1126987379782391,0.0,0.0,0.0,552.2222222222222
1004,557.7777777777777,0.1628609649735455,0.0896713748791322,0.0706838999019835,0.040567228566735,0.0279481213076447,0.032001919147006,0.0205077150322614,0.0163230768384039,0.0204450141453697,0.0205585147615288,0.267517361733917,0.1763926896847945,0.1642985031476924,0.1406525266950753,0.1257301217323653,0.1203540261520493,0.1156675055144371,0.1250815306439838,0.0,0.0,0.0,0.0,0.0,0.0,6.480629986565633,47.44370545130408,0.5060700588768223,0.0184338153307514,7.403190650442289,50.95270398427471,0.564432661956045,0.1126987379782391,0.0,0.0,0.0,557.7777777777777
1014,563.3333333333333,0.1733698033207002,0.0797071287355313,0.0657083353661911,0.0448393993410632,0.0306283178906421,0.0192667842658595,0.0327358964908372,0.0236580257267013,0.0099748884163745,0.0200026332997164,0.2905811640689517,0.1901775498695367,0.1803333082143901,0.1358973525256463,0.1305426512688126,0.1277561845022287,0.1237096053363562,0.1144655951567629,0.0,0.0,0.0,0.0,0.0,0.0,6.480629986565633,47.44370545130408,0.5060700588768223,0.0184338153307514,8.901444706192104,50.95270398427471,0.564432661956045,0.1126987379782391,0.0,0.0,0.0,563.3333333333333
1024,568.8888888888889,0.1724996799697558,0.082041356987772,0.0544627446750547,0.0282826547309055,0.0379117991067334,0.0261945625106264,0.0303671524206477,0.0280482571879265,0.0242272023851696,0.0187376592299445,0.2870657351751752,0.1826454677042304,0.1745218509771778,0.1434715544965358,0.1417144712376176,0.1187340422968069,0.1171621877472728,0.1051424784378041,0.0,0.0,0.0,0.0,0.0,0.0,6.480629986565633,47.44370545130408,0.5060700588768223,0.0184338153307514,8.901444706192104,53.15521460077029,0.564432661956045,0.1126987379782391,0.0,0.0,0.0,568.8888888888889
1034,574.4444444444445,0.1761597982227394,0.0892348557245456,0.0652625803125179,0.0357607506315915,0.0326330196074036,0.0245944039048167,0.0166633236904164,0.0239324055491914,0.0179299396652503,0.0254712126422025,0.2975112881817555,0.1844221614105292,0.1816656304529868,0.1402759725180078,0.1445707340745637,0.1312122485714386,0.1243316839719372,0.1120825715377413,0.0,0.0,0.0,0.0,0.0,0.0,6.480629986565633,47.44370545130408,0.5060700588768223,0.0184338153307514,8.901444706192104,53.15521460077029,0.5856440492778963,0.1126987379782391,0.0,0.0,0.0,574.4444444444445
1044,580.0,0.1652633309329217,0.0796614145681004,0.062889720858757,0.0361638737265969,0.0297649298650596,0.030583682426236,0.0157763286657459,0.0230400293115053,0.0173344575475928,0.0181527072413851,0.268463429953594,0.158575269717948,0.1514622003170953,0.1045286449758979,0.1016510054300766,0.0889874100809648,0.0944270738925278,0.0763932511222132,0.0,0.0,0.0,0.0,0.0,0.0,6.480629986565633,47.44370545130408,0.5060700588768223,0.0184338153307514,8.901444706192104,53.15521460077029,0.5856440492778963,0.078561016186572,0.0,0.0,0.0,580.0
1054,585.5555555555555,0.2143742270393936,0.1159526217519864,0.1059131765710534,0.0680739026672679,0.0446855323490797,0.0384262143248213,0.0361551517082528,0.0227585441790224,0.0231586292173328,0.0258415922877237,0.2712896811872081,0.164019253679324,0.1547243962830306,0.104489103892266,0.0975657009286735,0.0904584558391243,0.0903890564666436,0.089112902925601,0.0,0.0,0.0,0.0,0.0,0.0,9.192989467407278,47.44370545130408,0.5060700588768223,0.0184338153307514,8.901444706192104,53.15521460077029,0.5856440492778963,0.078561016186572,0.0,0.0,0.0,585.5555555555555
1064,591.1111111111111,0.2134315866199935,0.1109874986536717,0.1021411224656497,0.0589754657278237,0.0493409767910255,0.0390292083157096,0.0364430393667393,0.0257910901542637,0.0163407382821396,0.0245472930835804,0.27857429373157,0.1566593033017908,0.1449241664776523,0.1098198872240005,0.1021034079222446,0.0867308234650683,0.0898020241155871,0.0806570064131008,0.0,0.0,0.0,0.0,0.0,0.0,9.192989467407278,46.88421333992052,0.5060700588768223,0.0184338153307514,8.901444706192104,53.15521460077029,0.5856440492778963,0.078561016186572,0.0,0.0,0.0,591.1111111111111
1074,596.6666666666666,0.259075128025539,0.1322661794305598,0.1195452596569582,0.0681765112650832,0.0506494429545308,0.0328473065228728,0.0353759731956347,0.0183092885887415,0.0204111990966167,0.0152363315580895,0.2769627852114171,0.1623703921372526,0.1486074057753781,0.1071945440003857,0.107658033162611,0.0897556598079125,0.0887428911887692,0.0830778728862392,0.0,0.0,0.0,0.0,0.0,0.0,9.192989467407278,46.88421333992052,0.6180581964579429,0.0184338153307514,8.901444706192104,53.15521460077029,0.5856440492778963,0.078561016186572,0.0,0.0,0.0,596.6666666666666
1084,602.2222222222222,0.3112378893993992,0.2029538063004186,0.1851320854787053,0.1405260409933788,0.1371496958246182,0.1136939826383733,0.1149007215371095,0.1075088769310248,0.1066996794243945,0.1018382467215208,0.273006996852667,0.1591276927636999,0.1464796697134998,0.117698742403783,0.1016766648686598,0.1000683864703014,0.0837490988468705,0.0879763204498153,0.0,0.0,0.0,0.0,0.0,0.0,9.192989467407278,46.88421333992052,0.6180581964579429,0.1025526560009315,8.901444706192104,53.15521460077029,0.5856440492778963,0.078561016186572,0.0,0.0,0.0,602.2222222222222
1094,607.7777777777777,0.3155069594897668,0.2029143782124295,0.1908457027394968,0.1453897647430876,0.1323107366402405,0.12732059831912,0.1161091752835298,0.1031534546013939,0.1007202484834712,0.1008527736447045,0.2412720729057406,0.1416899296348561,0.1331877391233373,0.0939906168596945,0.1012223313995225,0.076370261090602,0.0804504460696836,0.0849305539556457,0.0,0.0,0.0,0.0,0.0,0.0,9.192989467407278,46.88421333992052,0.6180581964579429,0.1025526560009315,7.066241331070536,53.15521460077029,0.5856440492778963,0.078561016186572,0.0,0.0,0.0,607.7777777777777
1104,613.3333333333333,0.3141567320670241,0.1976073975064753,0.1891756963457865,0.1495848694558048,0.1356532418963824,0.1142621605282176,0.1142083276847579,0.1026093256495997,0.1057805598626822,0.1038455207925283,0.2398794877359948,0.1530595072243399,0.1362118168940322,0.106714281917265,0.0978720334903936,0.0863884039789055,0.0832103313180397,0.082814618583804,0.0,0.0,0.0,0.0,0.0,0.0,9.192989467407278,46.88421333992052,0.6180581964579429,0.1025526560009315,7.066241331070536,50.3819697299198,0.5856440492778963,0.078561016186572,0.0,0.0,0.0,613.3333333333333
1114,618.8888888888888,0.3200410974678228,0.2114811584895715,0.1946764230858455,0.1428152684425173,0.1361880564166956,0.1192984133394789,0.109581350493886,0.104317783771208,0.1166767169406116,0.1020587789019515,0.2553423857178113,0.1558518693502448,0.130016784916199,0.1066738407179041,0.1005174936916326,0.0841437626841294,0.078445983171753,0.0850050865089364,0.0,0.0,0.0,0.0,0.0,0.0,9.192989467407278,46.88421333992052,0.6180581964579429,0.1025526560009315,7.066241331070536,50.3819697299198,0.6530494766557045,0.078561016186572,0.0,0.0,0.0,618.8888888888888
1124,624.4444444444445,0.3080530985250527,0.2075820476271991,0.1968990356685805,0.1489330168840884,0.1422679705798114,0.1171590806621448,0.1158374566737704,0.105456959291158,0.1188083250286902,0.1009249245143277,0.3036534067224554,0.2113181756890548,0.1881986532373933,0.1561865444331973,0.1541869530425072,0.1464944245151657,0.1415996925082777,0.1360524600658495,0.0,0.0,0.0,0.0,0.0,0.0,9.192989467407278,46.88421333992052,0.6180581964579429,0.1025526560009315,7.066241331070536,50.3819697299198,0.6530494766557045,0.1363768970985825,0.0,0.0,0.0,624.4444444444445
1134,630.0,0.2697629478036129,0.1710985699130296,0.1572773914940544,0.1270265939154554,0.1178129265803823,0.1094805819690602,0.1076392164567192,0.103398682185227,0.1035539239692788,0.1055369141646064,0.3115764731924675,0.2127153798589354,0.1829752565732616,0.1701598534281743,0.1509610157738426,0.1453164341644127,0.1382729596250372,0.1358858385531902,0.0,0.0,0.0,0.0,0.0,0.0,6.88339928984581,46.88421333992052,0.6180581964579429,0.1025526560009315,7.066241331070536,50.3819697299198,0.6530494766557045,0.1363768970985825,0.0,0.0,0.0,630.0
1144,635.5555555555555,0.2558342614441335,0.1605798117039574,0.1402528957359858,0.1187654775552543,0.1230247196913884,0.1042909350274094,0.1033097835688538,0.1031540144794869,0.1022763531148357,0.0944859525510844,0.2987802578218235,0.20272737718601,0.1958527314482646,0.153532980944001,0.1506625710761068,0.1405204207782603,0.1425331658623531,0.1399044161399336,0.0,0.0,0.0,0.0,0.0,0.0,6.88339928984581,58.66838784614857,0.6180581964579429,0.1025526560009315,7.066241331070536,50.3819697299198,0.6530494766557045,0.1363768970985825,0.0,0.0,0.0,635.5555555555555
1154,641.1111111111111,0.2355755847138137,0.1483678416922899,0.1362553548525779,0.113936280604733,0.1025250877535492,0.1107199701463628,0.1171136148123462,0.1121622791064016,0.1062679990407783,0.1017887648826516,0.3012265931311834,0.210242140469859,0.1944402762937512,0.1516006824328291,0.1587515470106611,0.1424585482443518,0.1457355479726091,0.1433371701424804,0.0,0.0,0.0,0.0,0.0,0.0,6.88339928984581,58.66838784614857,0.5010357731630865,0.1025526560009315,7.066241331070536,50.3819697299198,0.6530494766557045,0.1363768970985825,0.0,0.0,0.0,641.1111111111111
1164,646.6666666666666,0.2301470863333115,0.16390289681821,0.1458220220579034,0.1212173842656585,0.1248654265055187,0.1253125495925705,0.1268754942855222,0.1178400215915202,0.1207406627147871,0.1135351121641121,0.3094995018941233,0.2074896780647608,0.1944699693380652,0.1556858945768753,0.148171375519068,0.1464333230228029,0.1495036675745162,0.1396422013888746,0.0,0.0,0.0,0.0,0.0,0.0,6.88339928984581,58.66838784614857,0.5010357731630865,0.112946625539663,7.066241331070536,50.3819697299198,0.6530494766557045,0.1363768970985825,0.0,0.0,0.0,646.6666666666666
1174,652.2222222222222,0.2282778482600105,0.1625253039243526,0.1527599770747327,0.1255013736652878,0.1257236422702184,0.1112637679413233,0.1193765805555076,0.1179813592695576,0.1027312984789935,0.1133053175472031,0.3331948139778133,0.2154273730204347,0.2102558059548401,0.1657385606089477,0.155408600615435,0.1458187588178014,0.1382470875780082,0.1472377026440711,0.0,0.0,0.0,0.0,0.0,0.0,6.88339928984581,58.66838784614857,0.5010357731630865,0.112946625539663,8.431580490951735,50.3819697299198,0.6530494766557045,0.1363768970985825,0.0,0.0,0.0,652.2222222222222
1184,657.7777777777777,0.2225891291596038,0.1580286644812903,0.1439744652480996,0.1240182379477441,0.1184014272825828,0.1209537226219728,0.1129500151118432,0.1189040529903323,0.1142438549210878,0.120618596189448,0.3480790422080497,0.2382386376417241,0.2152813550626081,0.1830347903701725,0.1698455337846599,0.1507418307375009,0.1423545519976388,0.1455225155013662,0.0,0.0,0.0,0.0,0.0,0.0,6.88339928984581,58.66838784614857,0.5010357731630865,0.112946625539663,8.431580490951735,42.73528103085163,0.6530494766557045,0.1363768970985825,0.0,0.0,0.0,657.7777777777777
1194,663.3333333333333,0.2295612907182175,0.1591057428777457,0.1514527986463733,0.1285060431436292,0.1251392809156388,0.1165007150961961,0.1130663272612619,0.1268802116400817,0.1189145465835616,0.1162422738284363,0.312857774937863,0.2196556007760382,0.2092836244453034,0.1700622297546181,0.169169661795188,0.1436898786159518,0.145983339441425,0.1367569651304052,0.0,0.0,0.0,0.0,0.0,0.0,6.88339928984581,58.66838784614857,0.5010357731630865,0.112946625539663,8.431580490951735,42.73528103085163,0.583780730182637,0.1363768970985825,0.0,0.0,0.0,663.3333333333333
1204,668.8888888888888,0.2289037600201491,0.155743061590052,0.1651403406858435,0.1296099489749954,0.1214645021719469,0.1179688697404913,0.1115547536893604,0.1129093673869584,0.1097036599924039,0.1203676400175432,0.3064214344625177,0.2095709843080055,0.1983474468170928,0.1624499814561636,0.1362973861786704,0.1384554772095369,0.1322859754091309,0.1179049205982494,0.0,0.0,0.0,0.0,0.0,0.0,6.88339928984581,58.66838784614857,0.5010357731630865,0.112946625539663,8.431580490951735,42.73528103085163,0.583780730182637,0.1222884416992568,0.0,0.0,0.0,668.8888888888888
1214,674.4444444444445,0.2251172555578882,0.1619117581927802,0.138690013215773,0.1176935102914861,0.1285628154669919,0.1160087175080226,0.1103283993955409,0.1065839570784077,0.1108659359430033,0.1105926360718769,0.3077238473309401,0.2083573247157544,0.1935104618575373,0.1585023863302289,0.1482917883122145,0.1267977095917622,0.1246479167825812,0.133218499595412,0.0,0.0,0.0,0.0,0.0,0.0,6.4456678069907545,58.66838784614857,0.5010357731630865,0.112946625539663,8.431580490951735,42.73528103085163,0.583780730182637,0.1222884416992568,0.0,0.0,0.0,674.4444444444445
1224,680.0,0.2246530484685001,0.1613420999853141,0.1419114954274623,0.1197210048575203,0.1261094100373842,0.1133009040265719,0.1225909445460888,0.1140226173405373,0.1071254432007832,0.1144012091551686,0.3070266902194535,0.200176198400942,0.1954944632631425,0.1555823033265825,0.1483258495449375,0.1382003743733153,0.1371931472339087,0.1270573925627076,0.0,0.0,0.0,0.0,0.0,0.0,6.4456678069907545,52.569238957325815,0.5010357731630865,0.112946625539663,8.431580490951735,42.73528103085163,0.583780730182637,0.1222884416992568,0.0,0.0,0.0,680.0
1234,685.5555555555555,0.2750388828471581,0.1824138235108828,0.1607572986905671,0.1287258929732818,0.1286374789678603,0.1197666217908924,0.1128287102107151,0.1087774510600622,0.1153595382148254,0.1177251717476363,0.2997017230040241,0.2075280423084081,0.1953474363872979,0.1540567331102239,0.1530743687441246,0.128733880221977,0.1350129201958753,0.1303926813317608,0.0,0.0,0.0,0.0,0.0,0.0,6.4456678069907545,52.569238957325815,0.6586047316196068,0.112946625539663,8.431580490951735,42.73528103085163,0.583780730182637,0.1222884416992568,0.0,0.0,0.0,685.5555555555555
1244,691.1111111111111,0.2540072700683081,0.1493574716021168,0.132145370152521,0.097850211409126,0.0935570593315113,0.0932711256254061,0.087259379114909,0.072899052198833,0.0841889045161379,0.0806330390580463,0.299539570806166,0.21133750262384,0.200419659783322,0.1529426700019769,0.1451201921757228,0.1275076198253387,0.1340847620056207,0.1260742293369149,0.0,0.0,0.0,0.0,0.0,0.0,6.4456678069907545,52.569238957325815,0.6586047316196068,0.0769505374233312,8.431580490951735,42.73528103085163,0.583780730182637,0.1222884416992568,0.0,0.0,0.0,691.1111111111111
1254,696.6666666666666,0.2463806795953099,0.1503679325011503,0.1357489029549051,0.102377668358396,0.090805426841126,0.0811033460686908,0.0784653872586185,0.0748169032172606,0.0732603737385021,0.0725458088116273,0.3052806359774807,0.2073403924447088,0.1860856351499732,0.1597793751167605,0.1399743017904884,0.1409657253374063,0.1178556747262642,0.1223554223788704,0.0,0.0,0.0,0.0,0.0,0.0,6.4456678069907545,52.569238957325815,0.6586047316196068,0.0769505374233312,8.17754826165326,42.73528103085163,0.583780730182637,0.1222884416992568,0.0,0.0,0.0,696.6666666666666
1264,702.2222222222222,0.2498114576007299,0.1438320205887443,0.1379974452656066,0.1024251603098197,0.0936855162613889,0.0864043575438197,0.0797724345504957,0.0760792784213614,0.0721712237841134,0.0774708350571548,0.289447362584699,0.202478611023525,0.194842846786318,0.1532965610850803,0.1449075096488553,0.1249635415664076,0.1273035234957759,0.1293860307087833,0.0,0.0,0.0,0.0,0.0,0.0,6.4456678069907545,52.569238957325815,0.6586047316196068,0.0769505374233312,8.17754826165326,44.52846965394288,0.583780730182637,0.1222884416992568,0.0,0.0,0.0,702.2222222222222
1274,707.7777777777777,0.2593049199795278,0.1455400810199105,0.1349699507916439,0.0993284794151733,0.0917545889118976,0.0880375371612861,0.0871540391380316,0.0837591692628987,0.0794080344547731,0.078399551232192,0.2857858928877165,0.2002677457604895,0.1810055299427456,0.1558823133133234,0.1480493882497578,0.1372913492109591,0.131143916301752,0.1230345781356115,0.0,0.0,0.0,0.0,0.0,0.0,6.4456678069907545,52.569238957325815,0.6586047316196068,0.0769505374233312,8.17754826165326,44.52846965394288,0.5397042295985346,0.1222884416992568,0.0,0.0,0.0,707.7777777777777
1284,713.3333333333333,0.2397096075936457,0.1299550178449315,0.1368906861457224,0.0997038476433835,0.0855067240152529,0.0800114808471036,0.0847830733765802,0.0792938412993119,0.0771688148812968,0.0776140780566908,0.2388676967522498,0.148724691405896,0.124410676105197,0.0952885761306588,0.0833667504084408,0.0602543449429267,0.0617395865242542,0.05594757780426,0.0,0.0,0.0,0.0,0.0,0.0,6.4456678069907545,52.569238957325815,0.6586047316196068,0.0769505374233312,8.17754826165326,44.52846965394288,0.5397042295985346,0.0544690425825527,0.0,0.0,0.0,713.3333333333333
1294,718.8888888888888,0.2697842239999252,0.1609660745471051,0.1407069060311544,0.1007217133499983,0.0819426074712172,0.0829873947982019,0.0799255204930799,0.0757318848091472,0.0681658374556071,0.0778609268691464,0.2361074044417496,0.1478954855709886,0.1237763947440667,0.0845366945159225,0.081604542109684,0.0666258803405269,0.0624335850732218,0.0567380292564343,0.0,0.0,0.0,0.0,0.0,0.0,6.97409928821487,52.569238957325815,0.6586047316196068,0.0769505374233312,8.17754826165326,44.52846965394288,0.5397042295985346,0.0544690425825527,0.0,0.0,0.0,718.8888888888888
1304,724.4444444444445,0.2740675310069668,0.1628369266374293,0.1408891522946352,0.1031093219790695,0.0957022645094125,0.0788491962427458,0.0832891521840103,0.0896493818488206,0.0822041975782887,0.0854075087720094,0.2402043642230873,0.1389105000099561,0.1295590267365675,0.0845323313922812,0.0868352082111992,0.06329998642057,0.0579059300457107,0.0661521140475358,0.0,0.0,0.0,0.0,0.0,0.0,6.97409928821487,46.92122878224957,0.6586047316196068,0.0769505374233312,8.17754826165326,44.52846965394288,0.5397042295985346,0.0544690425825527,0.0,0.0,0.0,724.4444444444445
1314,730.0,0.2831228896115944,0.1671224935143938,0.1526553894205525,0.1051109033031279,0.1061302976063034,0.0899655610225333,0.0838540141076732,0.0843001464864625,0.0847123255764096,0.0763825186422148,0.2438914921273436,0.1507163218630737,0.1246849147793592,0.0943612635506703,0.0771042460304469,0.0645026104565097,0.0570582463351753,0.0492911568702509,0.0,0.0,0.0,0.0,0.0,0.0,6.97409928821487,46.92122878224957,0.6896248122821629,0.0769505374233312,8.17754826165326,44.52846965394288,0.5397042295985346,0.0544690425825527,0.0,0.0,0.0,730.0
1324,735.5555555555555,0.2910818390975275,0.1767057411086582,0.1612979339384195,0.1144384614583574,0.1107355479496927,0.1001101147354663,0.0854776931413325,0.0976183648977149,0.0923749844768994,0.0846220233035491,0.2398983332424915,0.1499575424639646,0.1266835912660328,0.0851011712771687,0.079388513274608,0.0593745619601223,0.0663020579048706,0.056628910666577,0.0,0.0,0.0,0.0,0.0,0.0,6.97409928821487,46.92122878224957,0.6896248122821629,0.0859999076416681,8.17754826165326,44.52846965394288,0.5397042295985346,0.0544690425825527,0.0,0.0,0.0,735.5555555555555
1334,741.1111111111111,0.2830818144828765,0.1828252044020785,0.1566705995505055,0.1230302402387062,0.1107715930857543,0.1003177251504232,0.1041373360200143,0.0900412182150597,0.0888669612969596,0.0825258146745641,0.2217449443770662,0.1343517650513358,0.105197649772884,0.0786983392313972,0.0767321702438512,0.0575064769929206,0.0649020172948942,0.0640519452048731,0.0,0.0,0.0,0.0,0.0,0.0,6.97409928821487,46.92122878224957,0.6896248122821629,0.0859999076416681,7.020204202262519,44.52846965394288,0.5397042295985346,0.0544690425825527,0.0,0.0,0.0,741.1111111111111
1344,746.6666666666666,0.2922999736805152,0.1717427537632647,0.1486183074923799,0.116965731598173,0.10973568861643,0.0910878976193489,0.0898036281480298,0.0916115092152456,0.0906608356295433,0.0864329840853469,0.2205992247300353,0.1269973198562526,0.1105256477811478,0.0800094737541773,0.0789309392501595,0.0551987836627721,0.0603306484855104,0.0636495362599511,0.0,0.0,0.0,0.0,0.0,0.0,6.97409928821487,46.92122878224957,0.6896248122821629,0.0859999076416681,7.020204202262519,45.43049239617571,0.5397042295985346,0.0544690425825527,0.0,0.0,0.0,746.6666666666666
1354,752.2222222222222,0.2840653740487732,0.1746771410077731,0.1486725613564285,0.1149555865398265,0.1133549822841148,0.0997711721849544,0.0996333285835903,0.0834529944322552,0.083614013750077,0.0843863713938002,0.2696698172107518,0.1513718511280056,0.12227261311826,0.0953843920102221,0.0803150756459681,0.069826615171215,0.067051207568117,0.0718139070582302,0.0,0.0,0.0,0.0,0.0,0.0,6.97409928821487,46.92122878224957,0.6896248122821629,0.0859999076416681,7.020204202262519,45.43049239617571,0.6904078981415044,0.0544690425825527,0.0,0.0,0.0,752.2222222222222
1364,757.7777777777777,0.2912105597910479,0.1584354057003151,0.1517577737399609,0.1118393816226893,0.1005319581949826,0.0910344767651054,0.0924915356111591,0.0882867485723791,0.0901356407533604,0.0852372081463512,0.2793583400680264,0.1643708525762829,0.1434437087415398,0.0935310439969417,0.0858101108409373,0.07177433077439,0.079126332210193,0.0671646915058133,0.0,0.0,0.0,0.0,0.0,0.0,6.97409928821487,46.92122878224957,0.6896248122821629,0.0859999076416681,7.020204202262519,45.43049239617571,0.6904078981415044,0.0666717314470669,0.0,0.0,0.0,757.7777777777777
1374,763.3333333333333,0.3365540607304615,0.1974036088724324,0.1944619037498124,0.1328973375878945,0.1162009607708147,0.1171282215849436,0.0932103100461901,0.0970701607248676,0.0979547600270896,0.0829826840259425,0.270984287425241,0.1595107078554195,0.1490322264874193,0.1000094877150978,0.0984359622307484,0.0769570225470676,0.0801878045289148,0.0680937096404291,0.0,0.0,0.0,0.0,0.0,0.0,9.537263202817886,46.92122878224957,0.6896248122821629,0.0859999076416681,7.020204202262519,45.43049239617571,0.6904078981415044,0.0666717314470669,0.0,0.0,0.0,763.3333333333333
1384,768.8888888888888,0.3338931152700772,0.2035274855675165,0.1857287614581529,0.1288283011935019,0.1301955964053101,0.1109829881469526,0.0953626237523789,0.0869370348452688,0.0944560319975472,0.0869602574704201,0.2749161827085138,0.1577058534236133,0.1429119213805424,0.1012867066187746,0.1023072879209399,0.0723938321469271,0.0637227076622867,0.07543294608893,0.0,0.0,0.0,0.0,0.0,0.0,9.537263202817886,50.31045338212542,0.6896248122821629,0.0859999076416681,7.020204202262519,45.43049239617571,0.6904078981415044,0.0666717314470669,0.0,0.0,0.0,768.8888888888888
1394,774.4444444444445,0.2889645571923371,0.1799209578858769,0.1766436826177848,0.1169514294956877,0.1321999043819659,0.1082777617227722,0.1016277118917472,0.0883537332543248,0.0868171988647216,0.0965434268487402,0.2687797621391928,0.1619753856921374,0.1374175689198499,0.1054322000213231,0.0857505983640379,0.0842204691332075,0.0681421637520452,0.0695479317159789,0.0,0.0,0.0,0.0,0.0,0.0,9.537263202817886,50.31045338212542,0.6042332258052447,0.0859999076416681,7.020204202262519,45.43049239617571,0.6904078981415044,0.0666717314470669,0.0,0.0,0.0,774.4444444444445
1404,780.0,0.321301995637702,0.2156563564792114,0.2097296147824826,0.1709536334133759,0.1634866476850502,0.1458080123793503,0.1416665286242411,0.1416456104898733,0.1381260042062965,0.1263274592718898,0.2774623896058675,0.1580670560982725,0.137005336496725,0.0993092081489202,0.098466267348017,0.0738272841124019,0.0786893745903754,0.0628797253434645,0.0,0.0,0.0,0.0,0.0,0.0,9.537263202817886,50.31045338212542,0.6042332258052447,0.1344810785574001,7.020204202262519,45.43049239617571,0.6904078981415044,0.0666717314470669,0.0,0.0,0.0,780.0
1414,785.5555555555555,0.3320753318200101,0.2188683270836492,0.2140948963588252,0.1735329210581422,0.1559073506836536,0.1525882671757971,0.1517281308936681,0.1428527048495025,0.1398355707661135,0.1332817401949517,0.3073032953130962,0.1769169622970204,0.1496140591007772,0.1012619245743079,0.0998005188270889,0.0801384307971147,0.0715879035445757,0.0736549322858987,0.0,0.0,0.0,0.0,0.0,0.0,9.537263202817886,50.31045338212542,0.6042332258052447,0.1344810785574001,8.228302254645119,45.43049239617571,0.6904078981415044,0.0666717314470669,0.0,0.0,0.0,785.5555555555555
1424,791.1111111111111,0.3271155649486203,0.2175707379954122,0.2106156422114202,0.1692771915568818,0.1640136478130201,0.1497675806698361,0.1494027282518476,0.1438856820339981,0.1387528275906938,0.1288996175520538,0.2914376172928595,0.1645637975477053,0.1547096403944471,0.1115537973474006,0.0891360053589813,0.0754932907406215,0.0764900699402383,0.0735495907254065,0.0,0.0,0.0,0.0,0.0,0.0,9.537263202817886,50.31045338212542,0.6042332258052447,0.1344810785574001,8.228302254645119,51.613057277056456,0.6904078981415044,0.0666717314470669,0.0,0.0,0.0,791.1111111111111
1434,796.6666666666666,0.3300849948345818,0.2272037243446283,0.2184053750889626,0.1663856591248313,0.1635905155060966,0.1510786512257449,0.1461669009958926,0.1419389733372006,0.1456859609425015,0.1355528745567772,0.2560671736551659,0.1420845683244357,0.1347000303340016,0.088945967753777,0.081695279176703,0.0796500712077038,0.068214301457014,0.0702878971929313,0.0,0.0,0.0,0.0,0.0,0.0,9.537263202817886,50.31045338212542,0.6042332258052447,0.1344810785574001,8.228302254645119,51.613057277056456,0.5853299007672517,0.0666717314470669,0.0,0.0,0.0,796.6666666666666
1444,802.2222222222222,0.3297054117109629,0.2168765449444998,0.2118829724467599,0.1696661529308568,0.1641661821848718,0.1419985415502051,0.1487442978245901,0.1365447804570097,0.1389721098810876,0.1376969421788486,0.2964268262552897,0.2049678285723198,0.1916742792227371,0.1585617969683636,0.1572342212549705,0.1379666192792518,0.1396567968924178,0.1425983364477895,0.0,0.0,0.0,0.0,0.0,0.0,9.537263202817886,50.31045338212542,0.6042332258052447,0.1344810785574001,8.228302254645119,51.613057277056456,0.5853299007672517,0.131728178912742,0.0,0.0,0.0,802.2222222222222
1454,807.7777777777777,0.296684243139839,0.2027930748550695,0.1827069003832293,0.1585016684839888,0.1583056733165986,0.1369520475990667,0.1429923896982828,0.1498376472582152,0.1391776613623806,0.1330358658824455,0.3066682608107762,0.2120153071480917,0.1903421314106594,0.1660741637895452,0.1628026106168019,0.1361058296021954,0.1326992150028026,0.1311634909461512,0.0,0.0,0.0,0.0,0.0,0.0,7.717267679702043,50.31045338212542,0.6042332258052447,0.1344810785574001,8.228302254645119,51.613057277056456,0.5853299007672517,0.131728178912742,0.0,0.0,0.0,807.7777777777777
1464,813.3333333333333,0.2891527990857834,0.1945429936952368,0.1902466143498319,0.1534290006643598,0.1515698100335223,0.1422288771972587,0.1434455644516809,0.1275677267416472,0.1317685849059652,0.1312478655721747,0.2950171635230352,0.2078065789319742,0.193891412464014,0.1587345182897876,0.1624142138927272,0.1390417205530759,0.1393560376745156,0.1372955381650115,0.0,0.0,0.0,0.0,0.0,0.0,7.717267679702043,58.45519152336935,0.6042332258052447,0.1344810785574001,8.228302254645119,51.613057277056456,0.5853299007672517,0.131728178912742,0.0,0.0,0.0,813.3333333333333
1474,818.8888888888888,0.2544993769378667,0.1753860343553896,0.1725497027608231,0.1487875353618443,0.1471653603792256,0.1455548707078396,0.1423756817290216,0.133137795905923,0.1385155188285785,0.1325703989225811,0.3079352560630389,0.2028175729498727,0.1951686647477519,0.1705835683904148,0.1575386815003739,0.1493924873820729,0.1382658344625782,0.1324852216341649,0.0,0.0,0.0,0.0,0.0,0.0,7.717267679702043,58.45519152336935,0.5137430704243723,0.1344810785574001,8.228302254645119,51.613057277056456,0.5853299007672517,0.131728178912742,0.0,0.0,0.0,818.8888888888888
1484,824.4444444444443,0.2185149425505658,0.1219087966270616,0.1191132471714421,0.0950301149959513,0.0799140393623808,0.0696027406103523,0.08499512334191,0.0677872459638944,0.0658973747938282,0.0641321303848126,0.2936051552072327,0.2002619401404489,0.1971037126546556,0.1676628756792032,0.154766578030933,0.1499605610145515,0.1324485639563641,0.1349304072331383,0.0,0.0,0.0,0.0,0.0,0.0,7.717267679702043,58.45519152336935,0.5137430704243723,0.0644995292851744,8.228302254645119,51.613057277056456,0.5853299007672517,0.131728178912742,0.0,0.0,0.0,824.4444444444443
1494,830.0,0.2186926621274897,0.1275540902366441,0.1085768291687933,0.0866712042918037,0.0864688056648698,0.0743535966966004,0.0792378723922783,0.0681698907165298,0.0779826765022252,0.0624127918377872,0.2890036344736462,0.2090575932432305,0.1885177227044839,0.1543545374554215,0.1485000509380234,0.1368130519924641,0.1351467561966711,0.131932895679593,0.0,0.0,0.0,0.0,0.0,0.0,7.717267679702043,58.45519152336935,0.5137430704243723,0.0644995292851744,7.558544459633577,51.613057277056456,0.5853299007672517,0.131728178912742,0.0,0.0,0.0,830.0
1504,835.5555555555555,0.2160961738962658,0.1304764322343352,0.1154712893216281,0.0786501598893412,0.084058972472913,0.0778949411827303,0.063064215383938,0.0687877224047547,0.0661449760309118,0.0618327316923889,0.2740818862039164,0.188327588683788,0.1852818924758012,0.1462044247020967,0.1489790953817228,0.1396572497714765,0.1360853470477902,0.1436871176797132,0.0,0.0,0.0,0.0,0.0,0.0,7.717267679702043,58.45519152336935,0.5137430704243723,0.0644995292851744,7.558544459633577,59.018763911637,0.5853299007672517,0.131728178912742,0.0,0.0,0.0,835.5555555555555
1514,841.1111111111111,0.2052131885790341,0.1126673252468279,0.1114683688513986,0.0876373692412349,0.082556800038056,0.0715111292110091,0.0722717066461845,0.0683045265652825,0.0606561278467538,0.0654667520095974,0.2774695167587133,0.1888458691679213,0.1671734796254585,0.1491890472706237,0.1504737572264649,0.1342724189377914,0.1414563148860416,0.1343437840375649,0.0,0.0,0.0,0.0,0.0,0.0,7.717267679702043,58.45519152336935,0.5137430704243723,0.0644995292851744,7.558544459633577,59.018763911637,0.5501998493329516,0.131728178912742,0.0,0.0,0.0,841.1111111111111
1524,846.6666666666666,0.2149506219949649,0.1189856473490652,0.1210908687563527,0.081715119943571,0.0770931713386082,0.0665778891555713,0.0797671740331246,0.0734463274063089,0.057021522665234,0.0519830347881924,0.264670595068494,0.1794251956343697,0.1628360871623443,0.1373346787572875,0.1424928216164899,0.1250826981023179,0.1257226338457598,0.1183640625645271,0.0,0.0,0.0,0.0,0.0,0.0,7.717267679702043,58.45519152336935,0.5137430704243723,0.0644995292851744,7.558544459633577,59.018763911637,0.5501998493329516,0.1209058720893163,0.0,0.0,0.0,846.6666666666666
1534,852.2222222222222,0.2339577039020373,0.1262534871930293,0.1154813284702748,0.0869492125554453,0.0838026047967548,0.0740430899300529,0.07360624178978,0.0691362931866213,0.0639053742359384,0.0601366993432456,0.2695222142192142,0.1688585080982776,0.1704566509027144,0.141358816987434,0.1288050955240997,0.1201345002560941,0.1237139149760551,0.1220693462458647,0.0,0.0,0.0,0.0,0.0,0.0,8.5647078399955,58.45519152336935,0.5137430704243723,0.0644995292851744,7.558544459633577,59.018763911637,0.5501998493329516,0.1209058720893163,0.0,0.0,0.0,852.2222222222222
1544,857.7777777777777,0.2374366896543824,0.128778565324727,0.1227405209508629,0.0890383666077578,0.0875245313322613,0.0720956437084509,0.0750542402784707,0.0587992836145533,0.0698270698945231,0.0587300921077015,0.2637242259531218,0.1769051247672986,0.1608944388040344,0.1388487496994698,0.13508401787491,0.1273511796730973,0.1221416571483769,0.1186895593731863,0.0,0.0,0.0,0.0,0.0,0.0,8.5647078399955,54.34171808562246,0.5137430704243723,0.0644995292851744,7.558544459633577,59.018763911637,0.5501998493329516,0.1209058720893163,0.0,0.0,0.0,857.7777777777777
1554,863.3333333333333,0.2693896240444552,0.1578665379158038,0.1504921747949314,0.0984149885516987,0.0919992817462066,0.0629742984113808,0.0721912227472272,0.0652752205691972,0.0677971410380936,0.0675101425271129,0.2673410925296564,0.1822955076882334,0.168830234111624,0.1374271761878398,0.12579444156527,0.1239309755533551,0.125356841404428,0.1272721426321254,0.0,0.0,0.0,0.0,0.0,0.0,8.5647078399955,54.34171808562246,0.6259244365680406,0.0644995292851744,7.558544459633577,59.018763911637,0.5501998493329516,0.1209058720893163,0.0,0.0,0.0,863.3333333333333
1564,868.8888888888888,0.3226819176268659,0.2233894105014069,0.215746622536436,0.1710413603475164,0.1778663066712124,0.142942930626312,0.1494305084743047,0.1571668222896338,0.1533028536506707,0.1470330207215951,0.2474394378419107,0.1806502620277882,0.1683248263481429,0.1351071386310116,0.132001053750094,0.1171201498203214,0.1327036874135368,0.1272682139120848,0.0,0.0,0.0,0.0,0.0,0.0,8.5647078399955,54.34171808562246,0.6259244365680406,0.145734106269237,7.558544459633577,59.018763911637,0.5501998493329516,0.1209058720893163,0.0,0.0,0.0,868.8888888888888
1574,874.4444444444443,0.3233608684053462,0.2192774162534204,0.2123304431260997,0.17229059547037,0.1749479718660967,0.154718537516357,0.157145960977703,0.1434676076692262,0.1432698724377379,0.1489753297292776,0.2522172361186913,0.1846984209933268,0.1504627096074297,0.1286564448349277,0.1347526434657926,0.1340402850300696,0.1293752244655434,0.1256286335132398,0.0,0.0,0.0,0.0,0.0,0.0,8.5647078399955,54.34171808562246,0.6259244365680406,0.145734106269237,6.998044377633975,59.018763911637,0.5501998493329516,0.1209058720893163,0.0,0.0,0.0,874.4444444444443
1584,880.0,0.3247587041010222,0.2160032810948339,0.2161995123399935,0.1874785178197177,0.1644471371519988,0.1499902291495494,0.152925213793213,0.1487639927168308,0.1514100216556988,0.1399297359096362,0.2689739200814432,0.1836378590107501,0.1661667649690644,0.1423787977706413,0.1371499026455609,0.1276505031011334,0.1215211977562146,0.1245708299343375,0.0,0.0,0.0,0.0,0.0,0.0,8.5647078399955,54.34171808562246,0.6259244365680406,0.145734106269237,6.998044377633975,47.96551119358741,0.5501998493329516,0.1209058720893163,0.0,0.0,0.0,880.0
1594,885.5555555555555,0.3242096125862445,0.2195644213980467,0.223508132812229,0.1727407067935788,0.1760445941329112,0.1508226008698921,0.1518847942043484,0.152055928033973,0.1558855755101256,0.1489002738196451,0.260596093756879,0.1739489952066078,0.1663840866556154,0.1419792963002261,0.1321880662146322,0.1318213557766053,0.1227724409491227,0.1145734834783276,0.0,0.0,0.0,0.0,0.0,0.0,8.5647078399955,54.34171808562246,0.6259244365680406,0.145734106269237,6.998044377633975,47.96551119358741,0.5405823504427032,0.1209058720893163,0.0,0.0,0.0,885.5555555555555
1604,891.1111111111111,0.3247854617507638,0.2192697190875356,0.215546436273779,0.1793289250035393,0.1813413201788634,0.1604960192728035,0.1553408338325578,0.1355271093657327,0.1381864364229527,0.1458785959467004,0.1802162961814343,0.087229910429039,0.0695194653219537,0.0276646958671038,0.0255174348308323,0.0183813326292953,0.0161902256073917,0.004281251600987,0.0,0.0,0.0,0.0,0.0,0.0,8.5647078399955,54.34171808562246,0.6259244365680406,0.145734106269237,6.998044377633975,47.96551119358741,0.5405823504427032,0.0076056082908405,0.0,0.0,0.0,891.1111111111111
1614,896.6666666666666,0.3069035135008339,0.201198708188501,0.1937416705104331,0.1580984530510028,0.1612042316775856,0.1410115122967951,0.1480483185031927,0.1486341158929767,0.1510993352172288,0.154717318143144,0.1802303495758786,0.0897935284525972,0.0676998891978642,0.0324137228947682,0.0339118768131655,0.0112380070216559,0.0092952686741648,0.0086847098650066,0.0,0.0,0.0,0.0,0.0,0.0,7.081306223921086,54.34171808562246,0.6259244365680406,0.145734106269237,6.998044377633975,47.96551119358741,0.5405823504427032,0.0076056082908405,0.0,0.0,0.0,896.6666666666666
1624,902.2222222222222,0.3019192515588216,0.2008283985301307,0.1854187025403169,0.1647466318943054,0.1565625389909384,0.1486738893761741,0.1517549320213857,0.1427704349667089,0.1439607753682924,0.1450849918588413,0.1846654638117287,0.0884978960232532,0.0734281742476177,0.0359032395185457,0.0246279591097747,0.0165596790875623,0.0118547253738515,0.0198468170144481,0.0,0.0,0.0,0.0,0.0,0.0,7.081306223921086,58.30928794247816,0.6259244365680406,0.145734106269237,6.998044377633975,47.96551119358741,0.5405823504427032,0.0076056082908405,0.0,0.0,0.0,902.2222222222222
1634,907.7777777777776,0.3151222167833666,0.2124331071886777,0.1923703551495976,0.1716950798208591,0.1582066386743866,0.1434864030433522,0.1547258208649384,0.1487421690536316,0.1514266327296612,0.1477704005025571,0.1798863073172668,0.0805285856748557,0.0616647543278686,0.0237952370111688,0.0330793045781451,0.0182278740545999,0.0218982003699722,0.0074354827478561,0.0,0.0,0.0,0.0,0.0,0.0,7.081306223921086,58.30928794247816,0.6680337634316779,0.145734106269237,6.998044377633975,47.96551119358741,0.5405823504427032,0.0076056082908405,0.0,0.0,0.0,907.7777777777776
1644,913.3333333333331,0.2192807488408876,0.0902519066832672,0.0786033799654007,0.0392972158382213,0.037096056845385,0.0279617369648023,0.0150445359408939,0.009529682841317,0.0157543593790572,0.0177200406436262,0.1815336721950107,0.0889076530389694,0.0657502282715114,0.0395485276832792,0.0210190785492603,0.0120905572797547,0.014938031030726,0.0104345309393859,0.0,0.0,0.0,0.0,0.0,0.0,7.081306223921086,58.30928794247816,0.6680337634316779,0.0168608612238868,6.998044377633975,47.96551119358741,0.5405823504427032,0.0076056082908405,0.0,0.0,0.0,913.3333333333331
1654,918.8888888888888,0.2284815893441316,0.0917439078787434,0.0839841986114844,0.0477958968621073,0.0398825235243476,0.0301248650559927,0.0202761566938296,0.0108796521327193,0.0248260575659776,0.0234622749311818,0.2030041223850982,0.0866150041128305,0.0709080954821765,0.0426130503841483,0.0243280355170974,0.0231710706387853,0.0082388610820873,0.0109083624985501,0.0,0.0,0.0,0.0,0.0,0.0,7.081306223921086,58.30928794247816,0.6680337634316779,0.0168608612238868,7.811337075950596,47.96551119358741,0.5405823504427032,0.0076056082908405,0.0,0.0,0.0,918.8888888888888
1664,924.4444444444443,0.2183543910465007,0.1000016422946227,0.083599513611493,0.0270676138814382,0.0363923722925306,0.021132319549614,0.0293131105617599,0.0127714089928939,0.0192391294799735,0.0112596202383903,0.1972652283776783,0.0950279674992175,0.0745917445195195,0.044663736074727,0.0326443033371329,0.0251150195659522,0.0210811944004272,0.0045379443084506,0.0,0.0,0.0,0.0,0.0,0.0,7.081306223921086,58.30928794247816,0.6680337634316779,0.0168608612238868,7.811337075950596,49.583929897792494,0.5405823504427032,0.0076056082908405,0.0,0.0,0.0,924.4444444444443
1674,930.0,0.2203652379636562,0.0963432732751338,0.078717115556002,0.0474481691326636,0.046799416430303,0.029182189545643,0.0164650706674462,0.0168244085965648,0.0107466076961163,0.0126837312077681,0.2369606625420612,0.1043080652555481,0.0828431739534089,0.0388145835153031,0.0323669223787322,0.0179646784682552,0.0147119991061186,0.0136369031410372,0.0,0.0,0.0,0.0,0.0,0.0,7.081306223921086,58.30928794247816,0.6680337634316779,0.0168608612238868,7.811337075950596,49.583929897792494,0.6189369740976557,0.0076056082908405,0.0,0.0,0.0,930.0
1684,935.5555555555557,0.2232505778681427,0.0906064246233324,0.0759213970077233,0.0432452287066928,0.0360340002182902,0.0230951395030696,0.0285148970716238,0.0137692132945667,0.0240851062578325,0.0159462793470515,0.2883475254686964,0.1806886645665374,0.1764251621400737,0.1259135546471938,0.1187916599452733,0.1004770661537317,0.1063344640989991,0.096270721595383,0.0,0.0,0.0,0.0,0.0,0.0,7.081306223921086,58.30928794247816,0.6680337634316779,0.0168608612238868,7.811337075950596,49.583929897792494,0.6189369740976557,0.0988912509913594,0.0,0.0,0.0,935.5555555555557
1694,941.1111111111112,0.2248138916050666,0.1046635241648925,0.07967544198439,0.0449556607596696,0.0391997080355325,0.0198215760779378,0.0266167352236933,0.0196220095419372,0.0265522060099736,0.0132458147000068,0.2922819109101637,0.1784681868711947,0.1732705148724998,0.124921349926757,0.1144505133805063,0.1103970325276256,0.1087250123250458,0.0998664416122323,0.0,0.0,0.0,0.0,0.0,0.0,7.38131037084439,58.30928794247816,0.6680337634316779,0.0168608612238868,7.811337075950596,49.583929897792494,0.6189369740976557,0.0988912509913594,0.0,0.0,0.0,941.1111111111112
1704,946.6666666666666,0.2254630533024067,0.0928244516301527,0.0911281926935688,0.0374725190672644,0.0403867318073838,0.0198587518906023,0.0289415648040412,0.0210411294634133,0.022509174367168,0.0133358667342617,0.2827651650668706,0.1766545056545188,0.1630212919015551,0.1190238463104914,0.1302230209215862,0.1036708648087391,0.1135814508434635,0.1015376123228319,0.0,0.0,0.0,0.0,0.0,0.0,7.38131037084439,59.22701689472914,0.6680337634316779,0.0168608612238868,7.811337075950596,49.583929897792494,0.6189369740976557,0.0988912509913594,0.0,0.0,0.0,946.6666666666666
1714,952.2222222222222,0.2071163651100267,0.0906993894491257,0.0799337238405029,0.037655318836571,0.0351775769488149,0.0368947580491467,0.0232997691230497,0.0065258948263253,0.022366898426962,0.0137206248186751,0.2770118476797203,0.1850096478824972,0.162340659362915,0.1265257460583199,0.1254715277515583,0.1106254526012886,0.1071267297395276,0.0990458867212812,0.0,0.0,0.0,0.0,0.0,0.0,7.38131037084439,59.22701689472914,0.5931680070122249,0.0168608612238868,7.811337075950596,49.583929897792494,0.6189369740976557,0.0988912509913594,0.0,0.0,0.0,952.2222222222222
1724,957.7777777777776,0.2473620613276773,0.1577313040052434,0.1444537903642596,0.1171597632867333,0.1082095214620989,0.1082128270197297,0.1043705574584874,0.09376043226662,0.0996104190656753,0.0978146063187733,0.2784510855817622,0.1805357490597651,0.1630237625272447,0.123164571526426,0.11357966330637,0.1129203500689966,0.1043746631221215,0.0901255959561367,0.0,0.0,0.0,0.0,0.0,0.0,7.38131037084439,59.22701689472914,0.5931680070122249,0.094215128229736,7.811337075950596,49.583929897792494,0.6189369740976557,0.0988912509913594,0.0,0.0,0.0,957.7777777777776
1734,963.3333333333331,0.2568495761636933,0.1623309182833825,0.1478803220466812,0.1153949888016032,0.1120640585699572,0.1025364729732314,0.1053410468372557,0.102348991418313,0.0956168797882795,0.0961487741757821,0.2849628935451697,0.1790460906257873,0.1667966517409334,0.1207974348064731,0.119390491689463,0.1024023007673454,0.098570315159101,0.0995700991387289,0.0,0.0,0.0,0.0,0.0,0.0,7.38131037084439,59.22701689472914,0.5931680070122249,0.094215128229736,7.90567855169914,49.583929897792494,0.6189369740976557,0.0988912509913594,0.0,0.0,0.0,963.3333333333331
1744,968.8888888888888,0.2547743233981477,0.1646532862012501,0.1493386470826377,0.1152315692173443,0.1092223186186656,0.0975686491600219,0.1086427730105096,0.0942254162360151,0.0992641695434055,0.0924678678597113,0.2891312447593048,0.2051400037833977,0.1786323007845627,0.1310836708538191,0.12887818941801,0.1219885692325862,0.100923371255355,0.1026380416739667,0.0,0.0,0.0,0.0,0.0,0.0,7.38131037084439,59.22701689472914,0.5931680070122249,0.094215128229736,7.90567855169914,43.67778793019382,0.6189369740976557,0.0988912509913594,0.0,0.0,0.0,968.8888888888888
1754,974.4444444444443,0.2580719759806344,0.1555346622153667,0.141056020041918,0.1137166371602198,0.1116984503556016,0.1038599423636807,0.1047220836267974,0.0992563181047587,0.1000049672581698,0.0979875561051,0.2626353854015519,0.1726103365002181,0.1496951870238689,0.1272952641150923,0.1223259226914012,0.1078387863226981,0.1025152986299913,0.094623590368314,0.0,0.0,0.0,0.0,0.0,0.0,7.38131037084439,59.22701689472914,0.5931680070122249,0.094215128229736,7.90567855169914,43.67778793019382,0.5123730836312749,0.0988912509913594,0.0,0.0,0.0,974.4444444444443
1764,980.0,0.2537598946671417,0.1487066049983612,0.1414712310239397,0.1213006325529067,0.1128813249510078,0.1011521988701395,0.0968768805384802,0.0955068778769345,0.0968564716383978,0.0913369658626371,0.2317018417868321,0.138760956513936,0.1328799470148854,0.095500845301958,0.0923084058042486,0.0667544749709072,0.063432445495522,0.0675957877960191,0.0,0.0,0.0,0.0,0.0,0.0,7.38131037084439,59.22701689472914,0.5931680070122249,0.094215128229736,7.90567855169914,43.67778793019382,0.5123730836312749,0.0617275235246962,0.0,0.0,0.0,980.0
1774,985.5555555555557,0.2918022344212866,0.1725747242694662,0.1616219699412516,0.114200476631443,0.1234444168047276,0.1180723160485419,0.1144074817780461,0.1018550226142607,0.1059539482434074,0.0899313255477976,0.2237582591440755,0.1493100861821153,0.1149854465536757,0.088702697747601,0.0872554565623249,0.0734062847630222,0.069329361293886,0.0618421221057679,0.0,0.0,0.0,0.0,0.0,0.0,8.844896283003099,59.22701689472914,0.5931680070122249,0.094215128229736,7.90567855169914,43.67778793019382,0.5123730836312749,0.0617275235246962,0.0,0.0,0.0,985.5555555555557
1784,991.1111111111112,0.2772226093730298,0.1706618861124566,0.1505265796346259,0.1208003188975802,0.1266340390511448,0.0976122676793885,0.102897397750597,0.0840383345965183,0.0890197167551416,0.1025484729276943,0.2311983759519907,0.1395577822755275,0.1330407901948068,0.0893066832180712,0.085427705606249,0.0653419167062384,0.0723598224797092,0.0695722614847898,0.0,0.0,0.0,0.0,0.0,0.0,8.844896283003099,56.30443576583544,0.5931680070122249,0.094215128229736,7.90567855169914,43.67778793019382,0.5123730836312749,0.0617275235246962,0.0,0.0,0.0,991.1111111111112
1794,996.6666666666666,0.2987846667553097,0.1909582066236943,0.1645869115345453,0.1210627390308721,0.1301862170779559,0.1018703201685686,0.1057660821333832,0.0976971325844989,0.1006543387807037,0.0947269539684777,0.234240734181267,0.1449028121369488,0.1239247286777791,0.0944449467759682,0.0825236852742979,0.0690751282281733,0.0724229346963497,0.0540404104696765,0.0,0.0,0.0,0.0,0.0,0.0,8.844896283003099,56.30443576583544,0.645997849800413,0.094215128229736,7.90567855169914,43.67778793019382,0.5123730836312749,0.0617275235246962,0.0,0.0,0.0,996.6666666666666
1804,1002.2222222222222,0.2610760922719291,0.115722046274907,0.1132203692205273,0.0591185203860444,0.0587858184901843,0.0383700276974429,0.0283949083982057,0.029736187913786,0.0247849655857964,0.0211970806372901,0.2254673890475561,0.1373705534983993,0.1230085800089088,0.086939349619481,0.0846619537383357,0.0740586041936017,0.0745943275632672,0.0614407998630985,0.0,0.0,0.0,0.0,0.0,0.0,8.844896283003099,56.30443576583544,0.645997849800413,0.0169807428787834,7.90567855169914,43.67778793019382,0.5123730836312749,0.0617275235246962,0.0,0.0,0.0,1002.2222222222222
1814,1007.7777777777776,0.2630110136935578,0.1161318744228859,0.1046890097331202,0.0546675586171774,0.0563819468221546,0.0315416313394684,0.0382347300197372,0.0345087320419564,0.0213952201503861,0.0223692149918524,0.2377029586774796,0.1520171543935071,0.1435640181174158,0.0881487925416709,0.0858921766843085,0.0794535968756353,0.0688436716894917,0.0701865772158967,0.0,0.0,0.0,0.0,0.0,0.0,8.844896283003099,56.30443576583544,0.645997849800413,0.0169807428787834,8.740064584593137,43.67778793019382,0.5123730836312749,0.0617275235246962,0.0,0.0,0.0,1007.7777777777776
1824,1013.3333333333331,0.2489746034904559,0.1093133963250169,0.1134721423718864,0.0439648867795419,0.0490587970571359,0.0379985573666183,0.0207956056661665,0.0183432865746988,0.020199994457289,0.01740234357575,0.2250214641680122,0.1289027282225622,0.1315119351465094,0.0778798555157327,0.0842041806215941,0.0645420646522407,0.0659470405588151,0.082997252514176,0.0,0.0,0.0,0.0,0.0,0.0,8.844896283003099,56.30443576583544,0.645997849800413,0.0169807428787834,8.740064584593137,56.04073155994568,0.5123730836312749,0.0617275235246962,0.0,0.0,0.0,1013.3333333333331
1834,1018.8888888888888,0.253758567303458,0.1192891327058299,0.1092613238310384,0.0688723975882285,0.045365671139667,0.0281815880014334,0.026890730371182,0.0168061024839602,0.0185194483231158,0.0134221377620962,0.285992911612153,0.1539105772448236,0.1442010820052155,0.0979864618283563,0.0929368583659815,0.0714238556153794,0.0741574474321641,0.0530216980856428,0.0,0.0,0.0,0.0,0.0,0.0,8.844896283003099,56.30443576583544,0.645997849800413,0.0169807428787834,8.740064584593137,56.04073155994568,0.6755382733299067,0.0617275235246962,0.0,0.0,0.0,1018.8888888888888
1844,1024.4444444444443,0.2546562461717676,0.1092093081682799,0.1015879466365063,0.0519864154659946,0.0477367468520995,0.0281126522343309,0.0346631261957963,0.0198073563786231,0.0197079584513758,0.0213455059899251,0.2988618890607385,0.1747852769426307,0.1666650786112975,0.1030906955693769,0.1113378690431689,0.0826983466108025,0.0872293096302742,0.0817261823225399,0.0,0.0,0.0,0.0,0.0,0.0,8.844896283003099,56.30443576583544,0.645997849800413,0.0169807428787834,8.740064584593137,56.04073155994568,0.6755382733299067,0.0784956229462765,0.0,0.0,0.0,1024.4444444444443
1854,1030.0,0.2654273562498387,0.1242786990830433,0.1147914531221439,0.0513666869105598,0.0534518027776034,0.0367728127346977,0.0331192248183299,0.0254547880875098,0.0136876852809414,0.015999779095855,0.3009344910490142,0.1640018024411883,0.1673082284405905,0.1105302402798473,0.1111328318179777,0.0958114632906553,0.094127682435889,0.0858595548513727,0.0,0.0,0.0,0.0,0.0,0.0,9.330033392322344,56.30443576583544,0.645997849800413,0.0169807428787834,8.740064584593137,56.04073155994568,0.6755382733299067,0.0784956229462765,0.0,0.0,0.0,1030.0
1864,1035.5555555555554,0.3009841703346917,0.1677405108460515,0.1269063073915532,0.0785928512092955,0.0610757431956993,0.0382088986816098,0.0353040626140891,0.0191094646666269,0.0173534790466981,0.0199496309099175,0.2983591891428377,0.1672908385407978,0.1640668385874312,0.1107171858903815,0.1046045235240102,0.0856970044045661,0.0916544881221233,0.0744932664794925,0.0,0.0,0.0,0.0,0.0,0.0,9.330033392322344,40.93304475907775,0.645997849800413,0.0169807428787834,8.740064584593137,56.04073155994568,0.6755382733299067,0.0784956229462765,0.0,0.0,0.0,1035.5555555555554
1874,1041.111111111111,0.2271082801888602,0.1244589477891028,0.1174487692157539,0.0635744907065759,0.0553809650182564,0.039881907687077,0.0343430659182789,0.0288195424142699,0.0141746279704678,0.0235593230253465,0.2891081804938602,0.1613169381074657,0.1568770374219272,0.1144752859605361,0.1055711070572227,0.0913423409543475,0.0909654296329773,0.0894598289310063,0.0,0.0,0.0,0.0,0.0,0.0,9.330033392322344,40.93304475907775,0.5060577667863204,0.0169807428787834,8.740064584593137,56.04073155994568,0.6755382733299067,0.0784956229462765,0.0,0.0,0.0,1041.111111111111
1884,1046.6666666666663,0.2305161316075533,0.1080273665723712,0.0929521982609687,0.0518076294062944,0.0470702083107226,0.0211799116478664,0.0222200206063144,0.0078563842997234,0.018119901811782,0.0043156770702814,0.294611791037098,0.176747854117258,0.1590443800702062,0.1145520076994439,0.1091776841716448,0.0902956647051971,0.090830069181765,0.0851559470393977,0.0,0.0,0.0,0.0,0.0,0.0,9.330033392322344,40.93304475907775,0.5060577667863204,0.003032336003422,8.740064584593137,56.04073155994568,0.6755382733299067,0.0784956229462765,0.0,0.0,0.0,1046.6666666666663
1894,1052.2222222222222,0.2158731689763436,0.1205712723969745,0.110379446876239,0.0531967900709228,0.0414840797201582,0.011311593305932,0.019245876728366,0.0085923355233366,0.0091407267419645,0.0028713978102215,0.2560455735674308,0.1474575788699565,0.1335060912507471,0.1069479713254144,0.0969983426962151,0.0823256113208658,0.082302801938129,0.0751056456508998,0.0,0.0,0.0,0.0,0.0,0.0,9.330033392322344,40.93304475907775,0.5060577667863204,0.003032336003422,6.7583060338573695,56.04073155994568,0.6755382733299067,0.0784956229462765,0.0,0.0,0.0,1052.2222222222222
1904,1057.7777777777778,0.2221199117957453,0.1173610550861082,0.0944419713301037,0.0606530755427328,0.0435226231210472,0.0221541121473914,0.0174981206886268,0.0012361746932078,0.0040457313381533,0.0127986869327151,0.2797382809773421,0.1635245056545448,0.1511507436428267,0.0991874711558878,0.1030108124855271,0.0904466632545044,0.0849594220623685,0.0796260682229033,0.0,0.0,0.0,0.0,0.0,0.0,9.330033392322344,40.93304475907775,0.5060577667863204,0.003032336003422,6.7583060338573695,44.97139546417966,0.6755382733299067,0.0784956229462765,0.0,0.0,0.0,1057.7777777777778
1914,1063.3333333333333,0.2225358328860276,0.1201596070534313,0.1006341349794474,0.0579371221743598,0.0405805075643804,0.0163550745642585,0.0274904573305957,0.0105051474502201,0.0149340486741501,0.0050193319147958,0.2268582878507344,0.1511762329029578,0.1337846914466976,0.1009858876624091,0.0983187184395389,0.0827512955800753,0.0920527644828259,0.0824651108257259,0.0,0.0,0.0,0.0,0.0,0.0,9.330033392322344,40.93304475907775,0.5060577667863204,0.003032336003422,6.7583060338573695,44.97139546417966,0.5375006668711932,0.0784956229462765,0.0,0.0,0.0,1063.3333333333333
1924,1068.888888888889,0.21724883021453,0.1124733215324815,0.0980430091079387,0.0562939796988491,0.0427484067829555,0.0268985110630523,0.0153225527530649,-0.0002537402956338,0.0102422411834993,0.0075880134631199,0.2416469544952055,0.1507922613021595,0.1297138650129473,0.1118211597407223,0.1000952267439882,0.0873066282041407,0.0830408512651271,0.0886336903620751,0.0,0.0,0.0,0.0,0.0,0.0,9.330033392322344,40.93304475907775,0.5060577667863204,0.003032336003422,6.7583060338573695,44.97139546417966,0.5375006668711932,0.0850583727578093,0.0,0.0,0.0,1068.888888888889
1934,1074.4444444444443,0.1754614433691715,0.080516097102879,0.0532754283670866,0.025760788918794,0.024664849957919,0.0145996633432002,0.0064022884730094,0.0050440260689564,0.0051577596260217,0.0059526433895816,0.2303169623230867,0.1493750710192434,0.1311789075812017,0.1100536362458471,0.0965163128853625,0.0903857060407454,0.0811961412821146,0.0879752020862335,0.0,0.0,0.0,0.0,0.0,0.0,6.524754691305746,40.93304475907775,0.5060577667863204,0.003032336003422,6.7583060338573695,44.97139546417966,0.5375006668711932,0.0850583727578093,0.0,0.0,0.0,1074.4444444444443
1944,1080.0,0.1514412041463775,0.0671081485616376,0.0498454478183281,0.0218203530045972,0.0241585097458961,0.0014339782465795,0.0089278504463196,-0.0009717111705433,0.0047627381475128,0.0077217746907202,0.2274838910471894,0.1564510659802896,0.1290001987668262,0.1020717736627703,0.1019363630164203,0.0959892789992387,0.08586186279156,0.0816104575429618,0.0,0.0,0.0,0.0,0.0,0.0,6.524754691305746,51.80775735669704,0.5060577667863204,0.003032336003422,6.7583060338573695,44.97139546417966,0.5375006668711932,0.0850583727578093,0.0,0.0,0.0,1080.0
1954,1085.5555555555554,0.1660312026109129,0.0682771439675705,0.0527889181509885,0.0178305732855728,0.0191483869377004,0.0099168450674632,0.0038662479458451,0.0045192342664239,-0.0026697161039934,0.0029519991698696,0.221125146533739,0.1415064414223667,0.1371604920751019,0.1155029206423307,0.108423863700021,0.0928874890080446,0.0909646146559337,0.0884620450706859,0.0,0.0,0.0,0.0,0.0,0.0,6.524754691305746,51.80775735669704,0.5332022306094434,0.003032336003422,6.7583060338573695,44.97139546417966,0.5375006668711932,0.0850583727578093,0.0,0.0,0.0,1085.5555555555554
1964,1091.111111111111,0.2292149839608383,0.1585902416449999,0.137281383083783,0.118573393341054,0.1147607265201354,0.1079702059237209,0.1131977713814589,0.1001745323054369,0.1044025479353829,0.1069645546083126,0.2298060053526926,0.1525208709295589,0.1284446337861298,0.1061132868374939,0.107121455059128,0.0900918483978632,0.0869483446637681,0.0839431836084503,0.0,0.0,0.0,0.0,0.0,0.0,6.524754691305746,51.80775735669704,0.5332022306094434,0.1016810562850964,6.7583060338573695,44.97139546417966,0.5375006668711932,0.0850583727578093,0.0,0.0,0.0,1091.111111111111
1974,1096.6666666666663,0.2314411152594388,0.1554968578226341,0.1439705242556938,0.1253319382380351,0.1112789696736828,0.1026435659246123,0.0970869041606154,0.0991991056538472,0.1077034422465636,0.0955659829398476,0.2255308940145073,0.1457612137400521,0.1391855364372695,0.1038223883658052,0.101432165750526,0.0862600310935686,0.082876944397384,0.0980532394731619,0.0,0.0,0.0,0.0,0.0,0.0,6.524754691305746,51.80775735669704,0.5332022306094434,0.1016810562850964,6.0632260633316735,44.97139546417966,0.5375006668711932,0.0850583727578093,0.0,0.0,0.0,1096.6666666666663
1984,1102.2222222222222,0.2315257854370006,0.1511935542140159,0.1433419200657479,0.1237551527012549,0.1095702379080266,0.09874708414645,0.1118850745254386,0.0995778451279527,0.1066107668085701,0.1034861782250169,0.2189297311340458,0.144252770960236,0.1291902569555886,0.0989076273587197,0.0962914787941465,0.0931803189469304,0.0887359269545335,0.0846901924092637,0.0,0.0,0.0,0.0,0.0,0.0,6.524754691305746,51.80775735669704,0.5332022306094434,0.1016810562850964,6.0632260633316735,46.2114039410639,0.5375006668711932,0.0850583727578093,0.0,0.0,0.0,1102.2222222222222
1994,1107.7777777777778,0.2320154815559183,0.1656203650277418,0.1432459551032871,0.1147988061872032,0.1146991175301837,0.1065821720004061,0.1008693249806971,0.1111530241171544,0.1038263503266817,0.1131140931037298,0.2652862329290705,0.1659618568214705,0.143189995007225,0.1164547800111891,0.0980137091122153,0.0947439460961062,0.083493817012663,0.0887898641959532,0.0,0.0,0.0,0.0,0.0,0.0,6.524754691305746,51.80775735669704,0.5332022306094434,0.1016810562850964,6.0632260633316735,46.2114039410639,0.6876682573729227,0.0850583727578093,0.0,0.0,0.0,1107.7777777777778
2004,1113.3333333333333,0.2398366842396381,0.1524663057090225,0.1341991185196148,0.1190488684263003,0.105882205088125,0.1088849175345033,0.1061695586064997,0.1226412260668599,0.1036908855594146,0.1021065131965805,0.2576600325762694,0.1587866151231629,0.1303077417394285,0.109627283695672,0.1025803694320007,0.0830744560129656,0.0851997748873776,0.0811221109439454,0.0,0.0,0.0,0.0,0.0,0.0,6.524754691305746,51.80775735669704,0.5332022306094434,0.1016810562850964,6.0632260633316735,46.2114039410639,0.6876682573729227,0.0807594569815867,0.0,0.0,0.0,1113.3333333333333
2014,1118.888888888889,0.2713681067619495,0.1768742803152881,0.1722728039580662,0.121459181020811,0.1148270657670377,0.1152197193047283,0.1125675624199038,0.1082901086022335,0.1133229337047593,0.1088725914920741,0.2655968154279257,0.1617404555838054,0.1362663020403648,0.103143580579917,0.1027671895096495,0.0923551157085423,0.086865018071095,0.0755365991462354,0.0,0.0,0.0,0.0,0.0,0.0,8.997079688789603,51.80775735669704,0.5332022306094434,0.1016810562850964,6.0632260633316735,46.2114039410639,0.6876682573729227,0.0807594569815867,0.0,0.0,0.0,1118.888888888889
2024,1124.4444444444443,0.2718564043193232,0.1686374686787808,0.1611082302250706,0.1359352117562028,0.1295282980956553,0.1121218534681291,0.117033035728742,0.0965248251456856,0.101686578211018,0.1039606837342481,0.2651063634850983,0.1465589540119742,0.1308017870803544,0.0991698741876141,0.1039778916197059,0.0845458798014906,0.0833720721500893,0.0889975818680384,0.0,0.0,0.0,0.0,0.0,0.0,8.997079688789603,53.16052163223452,0.5332022306094434,0.1016810562850964,6.0632260633316735,46.2114039410639,0.6876682573729227,0.0807594569815867,0.0,0.0,0.0,1124.4444444444443
2034,1130.0,0.299975417753735,0.1872232612057643,0.1807430647801563,0.1286153997217162,0.1325995439436918,0.1147957211664739,0.1175268588634186,0.1105289568321929,0.1073412203306063,0.1017010900252285,0.2694294404160218,0.1570614739615105,0.1373211995480835,0.1031827842925222,0.098870991602567,0.0787603211764782,0.0787068739804499,0.0830005354950453,0.0,0.0,0.0,0.0,0.0,0.0,8.997079688789603,53.16052163223452,0.6221501571227053,0.1016810562850964,6.0632260633316735,46.2114039410639,0.6876682573729227,0.0807594569815867,0.0,0.0,0.0,1130.0
2044,1135.5555555555554,0.2667321885076582,0.1338542104095721,0.130197676385016,0.0581871587684287,0.0580729537753689,0.0507937633365365,0.0442950758421802,0.0297907185594948,0.0352534373882374,0.0278972270946642,0.2571523906584964,0.1576502198745718,0.1399080436874488,0.1119527081187783,0.0912309476304557,0.0828508590522297,0.0850355496731941,0.0816752116549136,0.0,0.0,0.0,0.0,0.0,0.0,8.997079688789603,53.16052163223452,0.6221501571227053,0.0286879020127346,6.0632260633316735,46.2114039410639,0.6876682573729227,0.0807594569815867,0.0,0.0,0.0,1135.5555555555554
2054,1141.111111111111,0.2533257161717746,0.122731847829489,0.1207331296166558,0.059795096353049,0.0529711674690993,0.036774255478148,0.0441403921172514,0.0242883297432903,0.027637851266755,0.0384191408917378,0.3031431000722513,0.1853263519514761,0.1657776132612003,0.1136560404633946,0.1051335364895158,0.0888818475153272,0.0859167273830111,0.08826141293048,0.0,0.0,0.0,0.0,0.0,0.0,8.997079688789603,53.16052163223452,0.6221501571227053,0.0286879020127346,7.723184244773418,46.2114039410639,0.6876682573729227,0.0807594569815867,0.0,0.0,0.0,1141.111111111111
2064,1146.6666666666663,0.2587535534286533,0.129772285185406,0.1207775822416558,0.0688272047094947,0.066826815848926,0.0437285344554721,0.0398828766452177,0.0393042999249415,0.0330110839370764,0.0202485646056112,0.3144549945322016,0.1988629009877692,0.1672354389368746,0.1164152565878375,0.1214271575095941,0.0978876232038226,0.0867747535879857,0.0789113104890013,0.0,0.0,0.0,0.0,0.0,0.0,8.997079688789603,53.16052163223452,0.6221501571227053,0.0286879020127346,7.723184244773418,40.79372836918,0.6876682573729227,0.0807594569815867,0.0,0.0,0.0,1146.6666666666663
2074,1152.2222222222222,0.2535454745992302,0.1223186853714455,0.1230813050149428,0.0651791607969681,0.0685562375195918,0.0450954042277643,0.0495056977975637,0.0315242272920657,0.0334264326601566,0.0275404351537639,0.300588170916701,0.1899482866876393,0.1671022539670014,0.1208849986327873,0.1123355519822014,0.0901193687135825,0.0884673864975249,0.0839548439099971,0.0,0.0,0.0,0.0,0.0,0.0,8.997079688789603,53.16052163223452,0.6221501571227053,0.0286879020127346,7.723184244773418,40.79372836918,0.6603328810183746,0.0807594569815867,0.0,0.0,0.0,1152.2222222222222
2084,1157.7777777777776,0.2681318999376096,0.1339631441253922,0.1206134430267276,0.0712544370986075,0.0707376440123998,0.0438524005701755,0.0443992952966026,0.0358305035940809,0.0346670543856198,0.0366441656566874,0.3388870138950809,0.2383076456227775,0.224217709453238,0.1768507498668054,0.1678580523903732,0.1511304976671145,0.1513806391470233,0.1501655566643985,0.0,0.0,0.0,0.0,0.0,0.0,8.997079688789603,53.16052163223452,0.6221501571227053,0.0286879020127346,7.723184244773418,40.79372836918,0.6603328810183746,0.1440106375539264,0.0,0.0,0.0,1157.7777777777776
2094,1163.3333333333333,0.2628773565258096,0.1222777451661421,0.1198289169847402,0.069788341351024,0.0648662640235701,0.046928185494662,0.0457395269408559,0.0331912573528344,0.0390667168095517,0.0436601758924105,0.3398622997833571,0.2360736926869643,0.2248481164680147,0.178090279545555,0.1785926623128448,0.1573410912915845,0.1567643808330081,0.1492568278535474,0.0,0.0,0.0,0.0,0.0,0.0,9.132829028293903,53.16052163223452,0.6221501571227053,0.0286879020127346,7.723184244773418,40.79372836918,0.6603328810183746,0.1440106375539264,0.0,0.0,0.0,1163.3333333333333
2104,1168.888888888889,0.2916035048940173,0.168220709827105,0.140455011755459,0.083842365730948,0.0816592723147103,0.0474938649025942,0.0479079670983986,0.0403772822052143,0.0388399188669774,0.0255964028722958,0.3325618157630198,0.2387029216629805,0.2229508429888495,0.1809703240307842,0.1659793336310743,0.161942699252523,0.1561701214837357,0.1539752108052311,0.0,0.0,0.0,0.0,0.0,0.0,9.132829028293903,41.014192919321225,0.6221501571227053,0.0286879020127346,7.723184244773418,40.79372836918,0.6603328810183746,0.1440106375539264,0.0,0.0,0.0,1168.888888888889
2114,1174.4444444444443,0.2538513216982683,0.1477662896681431,0.1293566644619645,0.0765469903609206,0.0713196618314642,0.0502419106711016,0.0490201948098451,0.0397413595902666,0.0216123488594706,0.0288685115379703,0.3413559776396622,0.2430706165863835,0.2230203466502345,0.1754641130900814,0.1693028036568545,0.1532515532578124,0.1480373697389833,0.1592186360986307,0.0,0.0,0.0,0.0,0.0,0.0,9.132829028293903,41.014192919321225,0.5677320166760437,0.0286879020127346,7.723184244773418,40.79372836918,0.6603328810183746,0.1440106375539264,0.0,0.0,0.0,1174.4444444444443
2124,1180.0,0.2713266571864836,0.1654707365021477,0.1396869559250853,0.0910134105262104,0.0875356605163869,0.0612997606917829,0.062798683944297,0.0564592817788212,0.0433070100244472,0.0507797277661992,0.3307669188453074,0.2346860115497472,0.2108887269688543,0.1813968070832001,0.1776043691565689,0.1574682403575004,0.1555746477259975,0.1497232451070672,0.0,0.0,0.0,0.0,0.0,0.0,9.132829028293903,41.014192919321225,0.5677320166760437,0.0477004796793423,7.723184244773418,40.79372836918,0.6603328810183746,0.1440106375539264,0.0,0.0,0.0,1180.0
2134,1185.5555555555554,0.2739481998552885,0.1604217030797592,0.1422613527428653,0.0889008893066699,0.0883473280333118,0.0571793636061282,0.0601929090362828,0.0596753405596544,0.0556406813803941,0.0564442634206317,0.3199407660809893,0.2177873462977844,0.201202214255111,0.1650673825167914,0.1579551641319449,0.1518182161591062,0.1435207858678886,0.1466812808727812,0.0,0.0,0.0,0.0,0.0,0.0,9.132829028293903,41.014192919321225,0.5677320166760437,0.0477004796793423,6.33815097516861,40.79372836918,0.6603328810183746,0.1440106375539264,0.0,0.0,0.0,1185.5555555555554
2144,1191.111111111111,0.2629859352548251,0.1570641744711904,0.1496562512826683,0.0996748887893335,0.0919047632244441,0.0648922095109261,0.065624210996953,0.0523590365934997,0.0556588947165161,0.0426697343231731,0.3054489597895035,0.2081618604082522,0.1894911057087448,0.1576495492845981,0.1516928229380214,0.1515330455747038,0.148326400457973,0.1506945834347806,0.0,0.0,0.0,0.0,0.0,0.0,9.132829028293903,41.014192919321225,0.5677320166760437,0.0477004796793423,6.33815097516861,52.53223638656242,0.6603328810183746,0.1440106375539264,0.0,0.0,0.0,1191.111111111111
2154,1196.6666666666663,0.2660767940090571,0.1730018292374674,0.138024690070341,0.0910208347107042,0.0823225933394359,0.07846545984001,0.0705155712026561,0.0548409099262075,0.0583860947611822,0.0418193025878052,0.3045023627788029,0.2064583506780138,0.1857710329124292,0.1645285588986719,0.1625740200946982,0.1476359918412152,0.1472852542372403,0.1406748318593232,0.0,0.0,0.0,0.0,0.0,0.0,9.132829028293903,41.014192919321225,0.5677320166760437,0.0477004796793423,6.33815097516861,52.53223638656242,0.6594916350732667,0.1440106375539264,0.0,0.0,0.0,1196.6666666666663
2164,1202.2222222222222,0.2703185382394825,0.1592067755315142,0.1428192553977672,0.0955695008977319,0.0803854243958623,0.0653021585760598,0.0539834971715962,0.0571579327453003,0.0500671663103901,0.0513794542843458,0.2300183740746597,0.1151779720083001,0.1023134020344936,0.0762763588972726,0.0572079790737057,0.0570934628291575,0.0422323678566967,0.0466398469697942,0.0,0.0,0.0,0.0,0.0,0.0,9.132829028293903,41.014192919321225,0.5677320166760437,0.0477004796793423,6.33815097516861,52.53223638656242,0.6594916350732667,0.0470582208003365,0.0,0.0,0.0,1202.2222222222222
2174,1207.7777777777776,0.269606626547855,0.1643900053201476,0.1473244297109432,0.094891734141326,0.086382863919537,0.0647585452507579,0.0643546168302389,0.0551038814871545,0.0486469576890532,0.0519439421807323,0.2349139437677729,0.1203076062857161,0.0948330856791639,0.0704751201093673,0.0615742656829627,0.0425544936127705,0.0590604220543622,0.043172357245913,0.0,0.0,0.0,0.0,0.0,0.0,9.16098955173995,41.014192919321225,0.5677320166760437,0.0477004796793423,6.33815097516861,52.53223638656242,0.6594916350732667,0.0470582208003365,0.0,0.0,0.0,1207.7777777777776
2184,1213.3333333333333,0.2514174533875342,0.1277742229397814,0.1179314753558821,0.0792164328001448,0.0822074442627302,0.0511522960127985,0.0693133607525211,0.0484849193739132,0.0435754217729189,0.0475112960610631,0.2391794412685456,0.1249336212250415,0.1025195699800764,0.0645054045463243,0.067765744211647,0.0535643532576087,0.0424523449456754,0.0569111062781739,0.0,0.0,0.0,0.0,0.0,0.0,9.16098955173995,55.9425382569226,0.5677320166760437,0.0477004796793423,6.33815097516861,52.53223638656242,0.6594916350732667,0.0470582208003365,0.0,0.0,0.0,1213.3333333333333
2194,1218.888888888889,0.2367544855358585,0.1240729720557672,0.1201996983801741,0.0794828656890332,0.0734525731535681,0.0598055953954384,0.0547120757131065,0.0427916585828808,0.0440654798499993,0.0498631174801036,0.2271198224780442,0.1230786766653845,0.0997187279996022,0.0709031705741366,0.063063444882093,0.0515999840602169,0.0592234338920001,0.0472863839639194,0.0,0.0,0.0,0.0,0.0,0.0,9.16098955173995,55.9425382569226,0.525827588294865,0.0477004796793423,6.33815097516861,52.53223638656242,0.6594916350732667,0.0470582208003365,0.0,0.0,0.0,1218.888888888889
2204,1224.4444444444443,0.2738825247121341,0.1771084759979734,0.1804361515054534,0.1376581661492381,0.1344542479357347,0.127222207703465,0.1244668248583942,0.1225008625724672,0.12697444135211,0.1218886600898978,0.2329328309264957,0.1186721817420874,0.097240354067198,0.0652118553396951,0.0667022126439318,0.0550176669812026,0.0447354698354923,0.0402496816126077,0.0,0.0,0.0,0.0,0.0,0.0,9.16098955173995,55.9425382569226,0.525827588294865,0.1150288735107232,6.33815097516861,52.53223638656242,0.6594916350732667,0.0470582208003365,0.0,0.0,0.0,1224.4444444444443
2214,1230.0,0.2637549755819324,0.1789591095153294,0.173569756989078,0.1387390462351303,0.1376409243101966,0.1144939982257842,0.1216144011196789,0.1223318300144363,0.120739008477625,0.1187495524472563,0.2730466964152419,0.1499717197367476,0.1327662218519611,0.0913820110213538,0.0839612728285661,0.0546688829799669,0.0611287422644814,0.0480568030871681,0.0,0.0,0.0,0.0,0.0,0.0,9.16098955173995,55.9425382569226,0.525827588294865,0.1150288735107232,8.647862159705754,52.53223638656242,0.6594916350732667,0.0470582208003365,0.0,0.0,0.0,1230.0
2224,1235.5555555555554,0.2718804651463169,0.1820545251733755,0.1735646017178105,0.1386253047130518,0.1375556420499778,0.1218358815940845,0.1335949831195257,0.1162534114271282,0.1212562690298451,0.11537550477385,0.295993835835008,0.1692978492697864,0.1500761089782584,0.0921071814941354,0.0807172445543863,0.0592201235620214,0.0666266571117166,0.0436298692956331,0.0,0.0,0.0,0.0,0.0,0.0,9.16098955173995,55.9425382569226,0.525827588294865,0.1150288735107232,8.647862159705754,43.94565139663493,0.6594916350732667,0.0470582208003365,0.0,0.0,0.0,1235.5555555555554
2234,1241.111111111111,0.2750576148767544,0.1827654330917784,0.1692324566011616,0.1430092877704097,0.144832706279764,0.1224918770066951,0.1170869845422011,0.121193945183668,0.1217578833582716,0.123295715608963,0.2644336838982014,0.1535733816115684,0.1366712584144969,0.0926594777272684,0.0861459029792404,0.0647185148234457,0.0591264093389877,0.0462780220859376,0.0,0.0,0.0,0.0,0.0,0.0,9.16098955173995,55.9425382569226,0.525827588294865,0.1150288735107232,8.647862159705754,43.94565139663493,0.6147282358997046,0.0470582208003365,0.0,0.0,0.0,1241.111111111111
2244,1246.6666666666663,0.2846315499403404,0.1798329277875922,0.1797378388364028,0.1351990708539664,0.1361118548819236,0.1206804524927827,0.1263455248761021,0.1194583736167845,0.1167176090095423,0.1144990138702608,0.3053197105862656,0.1945341504609827,0.1754384349206928,0.1316446295910375,0.1260560595085158,0.1156456673347662,0.1059873621685983,0.1020227031698879,0.0,0.0,0.0,0.0,0.0,0.0,9.16098955173995,55.9425382569226,0.525827588294865,0.1150288735107232,8.647862159705754,43.94565139663493,0.6147282358997046,0.0958124949033154,0.0,0.0,0.0,1246.6666666666663
2254,1252.2222222222222,0.2707866792783887,0.1815375318480361,0.1764834498597626,0.1448937026508741,0.1308809066244833,0.1201691412115271,0.1193536739788361,0.1218975497694699,0.1148647376635576,0.1176187182012152,0.3059760099906874,0.1910100718953709,0.1771814018970544,0.1428048970277716,0.1377418505100348,0.1138995877026654,0.103187546330102,0.10416858803146,0.0,0.0,0.0,0.0,0.0,0.0,8.34986962397632,55.9425382569226,0.525827588294865,0.1150288735107232,8.647862159705754,43.94565139663493,0.6147282358997046,0.0958124949033154,0.0,0.0,0.0,1252.2222222222222
2264,1257.7777777777776,0.2827469117793863,0.2011534035277989,0.1869131028846912,0.1537787445545655,0.1454286203222553,0.1235989229885762,0.1166099856771205,0.1137497148744722,0.1156635524282203,0.1100102381350587,0.3071695023612651,0.2026601923913026,0.1813524702460966,0.1404804146957366,0.1246096213175068,0.111970652441961,0.1008220640474624,0.1032389211716185,0.0,0.0,0.0,0.0,0.0,0.0,8.34986962397632,41.92491355256087,0.525827588294865,0.1150288735107232,8.647862159705754,43.94565139663493,0.6147282358997046,0.0958124949033154,0.0,0.0,0.0,1257.7777777777776
2274,1263.3333333333333,0.3290509592403801,0.2211358822903191,0.1976900137226593,0.1576848730870323,0.142580490390608,0.1296277078141851,0.1309737595760271,0.107871196492491,0.119389161979247,0.1179274145122129,0.3023412507306929,0.1947854151715785,0.1805053444870728,0.1412398529640448,0.1350393793670097,0.1154620515096161,0.1070477948327231,0.0987941388933878,0.0,0.0,0.0,0.0,0.0,0.0,8.34986962397632,41.92491355256087,0.6322382922029898,0.1150288735107232,8.647862159705754,43.94565139663493,0.6147282358997046,0.0958124949033154,0.0,0.0,0.0,1263.3333333333333
2284,1268.888888888889,0.296355423912583,0.1993748112022554,0.1768859793128546,0.13681170465041,0.1337738532672032,0.1055708730917008,0.1107114266835545,0.1045436286047488,0.0896488901796425,0.0925526057781322,0.299990046373783,0.1944322566555106,0.1729726824414011,0.1450291729225468,0.1244251797248511,0.1106813545534669,0.0987482418681195,0.1059984630680184,0.0,0.0,0.0,0.0,0.0,0.0,8.34986962397632,41.92491355256087,0.6322382922029898,0.0947932087019278,8.647862159705754,43.94565139663493,0.6147282358997046,0.0958124949033154,0.0,0.0,0.0,1268.888888888889
2294,1274.4444444444443,0.3139850251023054,0.2044368444027746,0.1780898491777255,0.1320182259737288,0.1276893253200683,0.1078242726569729,0.113559682766048,0.0953306443624064,0.0991600104057313,0.0892022069138985,0.3087508256093026,0.1941025092674012,0.1690018046234636,0.1438514076834563,0.1290073007711171,0.1065201836755007,0.1066036341151538,0.0974523267979906,0.0,0.0,0.0,0.0,0.0,0.0,8.34986962397632,41.92491355256087,0.6322382922029898,0.0947932087019278,8.471656467006042,43.94565139663493,0.6147282358997046,0.0958124949033154,0.0,0.0,0.0,1274.4444444444443
2304,1280.0,0.3137728791987296,0.1990411825869784,0.1751495663475722,0.151166281323152,0.128201134693074,0.1127960150049872,0.1096809522298177,0.0963809217730341,0.0966234899888018,0.0989231681252916,0.2935993946857868,0.1779334567787225,0.1571945837139625,0.110075738649172,0.1235000319601843,0.1085368627398885,0.1040551536555604,0.1006060379050562,0.0,0.0,0.0,0.0,0.0,0.0,8.34986962397632,41.92491355256087,0.6322382922029898,0.0947932087019278,8.471656467006042,56.070253982606566,0.6147282358997046,0.0958124949033154,0.0,0.0,0.0,1280.0
2314,1285.5555555555554,0.303621670644711,0.2011836689742716,0.1850994428632633,0.1424703031776222,0.1264062125647501,0.110344484461678,0.1090581922535645,0.1015575827769194,0.0976606171513938,0.0902624051674137,0.2670281759908291,0.1612906188361766,0.1483653908160467,0.1213783996035277,0.1121211317913593,0.1069058634980497,0.1102339339911193,0.0986468016004253,0.0,0.0,0.0,0.0,0.0,0.0,8.34986962397632,41.92491355256087,0.6322382922029898,0.0947932087019278,8.471656467006042,56.070253982606566,0.5654336415865311,0.0958124949033154,0.0,0.0,0.0,1285.5555555555554
2324,1291.111111111111,0.3072089659877548,0.1943041769592416,0.1864502579627452,0.1365352572989873,0.1263401026279881,0.1111595936637503,0.1143834407763999,0.0989793389531232,0.0871556689982353,0.0984165335653553,0.2711265300334911,0.1708699774776246,0.1665374138910121,0.1317211443129122,0.1320075101276178,0.1103610890599253,0.1164957322822001,0.1083817395910465,0.0,0.0,0.0,0.0,0.0,0.0,8.34986962397632,41.92491355256087,0.6322382922029898,0.0947932087019278,8.471656467006042,56.070253982606566,0.5654336415865311,0.108307099938983,0.0,0.0,0.0,1291.111111111111
2334,1296.6666666666663,0.3239122162182447,0.2135133488277047,0.1894964629993263,0.1489591906829259,0.1383321002893285,0.1221655247031386,0.1160553186444015,0.1017441226192648,0.0952220142916493,0.1067152130367367,0.2761108249813946,0.1783302137322791,0.1757140419930839,0.133609576452639,0.1352070204552118,0.1197893680668206,0.1283901402969883,0.1133445285282569,0.0,0.0,0.0,0.0,0.0,0.0,9.17527484023154,41.92491355256087,0.6322382922029898,0.0947932087019278,8.471656467006042,56.070253982606566,0.5654336415865311,0.108307099938983,0.0,0.0,0.0,1296.6666666666663
2344,1302.2222222222222,0.3073415389355213,0.1775626811394345,0.1628717095638998,0.1255127188733007,0.1208766042976679,0.1137733013581876,0.1112551234815818,0.0996746870225821,0.0933924145076162,0.1020549009212173,0.2704648141631427,0.1787091860962949,0.1665226203634273,0.1425706815211991,0.1190122384287927,0.1113607272483803,0.1139892645708625,0.1132704777947471,0.0,0.0,0.0,0.0,0.0,0.0,9.17527484023154,57.85895516381579,0.6322382922029898,0.0947932087019278,8.471656467006042,56.070253982606566,0.5654336415865311,0.108307099938983,0.0,0.0,0.0,1302.2222222222222
2354,1307.7777777777776,0.2662587335269275,0.1593552009928462,0.1615539664617511,0.1297515774226044,0.1204281095545778,0.1022185959479157,0.106054579030434,0.0999078435164143,0.0977345344855346,0.0987257856307236,0.284824320218854,0.1731934639758128,0.1737902148896178,0.1317801431268815,0.1307996648757338,0.1089037447081735,0.1189234603628613,0.1083783616598321,0.0,0.0,0.0,0.0,0.0,0.0,9.17527484023154,57.85895516381579,0.5323024653893998,0.0947932087019278,8.471656467006042,56.070253982606566,0.5654336415865311,0.108307099938983,0.0,0.0,0.0,1307.7777777777776
2364,1313.3333333333333,0.2014811291016262,0.0912830338847254,0.0767777201989872,0.0348381841584528,0.0280872157702122,0.0141412585437527,0.0181845650453999,0.0155503652884658,0.0110519973761454,0.0020922114911726,0.2714418734196994,0.1732195329250976,0.1659623815835164,0.1309416962972723,0.1267433795349502,0.1133918623553289,0.1171401427009974,0.1095748559551343,0.0,0.0,0.0,0.0,0.0,0.0,9.17527484023154,57.85895516381579,0.5323024653893998,0.0040053525129426,8.471656467006042,56.070253982606566,0.5654336415865311,0.108307099938983,0.0,0.0,0.0,1313.3333333333333
2374,1318.888888888889,0.2030323683865841,0.0872257055651216,0.0850707546608606,0.0349347253987379,0.0307308437837241,0.0230768290693434,0.0086954833833146,0.0141875149854747,0.0116678474061917,0.0032702456583641,0.2688626811137655,0.1693972447950225,0.1641189580720044,0.1312164131875786,0.1360367343426504,0.1198189998152029,0.1105376597571809,0.1073752584163964,0.0,0.0,0.0,0.0,0.0,0.0,9.17527484023154,57.85895516381579,0.5323024653893998,0.0040053525129426,7.952422330266685,56.070253982606566,0.5654336415865311,0.108307099938983,0.0,0.0,0.0,1318.888888888889
2384,1324.4444444444443,0.2088427314663723,0.0923758669863638,0.0901159872023113,0.0312770131079989,0.0458335123117674,0.0157655068578996,0.0100460356261026,0.0115483515343095,0.0203901123241972,0.0069631902606871,0.2775012240729601,0.1909573216077948,0.164084985485868,0.1402606608998756,0.135430169351258,0.1173961688184075,0.1196624770207667,0.1117033374584539,0.0,0.0,0.0,0.0,0.0,0.0,9.17527484023154,57.85895516381579,0.5323024653893998,0.0040053525129426,7.952422330266685,44.29352545487527,0.5654336415865311,0.108307099938983,0.0,0.0,0.0,1324.4444444444443
2394,1330.0,0.1999575935849899,0.1016896007546009,0.080271166418787,0.0380593205376576,0.0438135074597594,0.011251960780727,0.0225892592875049,0.0092624368416102,0.0117857121560811,0.0149541163697312,0.301912726001394,0.2012923974360825,0.1737988777090462,0.1452502658746124,0.1306559983785087,0.1190974010719428,0.1078990150381167,0.1095506305045696,0.0,0.0,0.0,0.0,0.0,0.0,9.17527484023154,57.85895516381579,0.5323024653893998,0.0040053525129426,7.952422330266685,44.29352545487527,0.6127419448534138,0.108307099938983,0.0,0.0,0.0,1330.0
2404,1335.5555555555554,0.210309886464613,0.085916951787277,0.0721144768254648,0.0343554426587325,0.0292820536342359,0.0119705815538288,0.0107210032334618,0.0093641242836166,0.0105676136722862,0.0127418497083308,0.3072963472240452,0.2254473945599071,0.2051229131296879,0.1793983567393815,0.1632746139643112,0.1503291107144229,0.1488073400836103,0.1433295498006797,0.0,0.0,0.0,0.0,0.0,0.0,9.17527484023154,57.85895516381579,0.5323024653893998,0.0040053525129426,7.952422330266685,44.29352545487527,0.6127419448534138,0.1417206794710261,0.0,0.0,0.0,1335.5555555555554
2414,1341.111111111111,0.18070654195774,0.0770038535332814,0.0636345079519696,0.0160291039280298,0.0274198750277666,0.0087348332552207,0.0157391399776267,0.0050096851159319,0.0178481895502456,0.0067734245588518,0.3173242408059663,0.219354392567675,0.2100632966505125,0.1703280379208433,0.1717086215789882,0.1516347837091866,0.1525174014711014,0.1409330914820392,0.0,0.0,0.0,0.0,0.0,0.0,7.613822797608217,57.85895516381579,0.5323024653893998,0.0040053525129426,7.952422330266685,44.29352545487527,0.6127419448534138,0.1417206794710261,0.0,0.0,0.0,1341.111111111111
2424,1346.6666666666663,0.2000438247406775,0.0765181538647917,0.0680036630218775,0.0392593717044671,0.0304198460540297,0.009030456193539,0.0060446618106036,0.007461258133206,0.0006756770888409,0.0132368600695451,0.3143088627542752,0.2135344480771287,0.2056745998333571,0.1746131137143368,0.1626502368351409,0.152609435787894,0.147374000354075,0.1489093338342913,0.0,0.0,0.0,0.0,0.0,0.0,7.613822797608217,45.055491007686136,0.5323024653893998,0.0040053525129426,7.952422330266685,44.29352545487527,0.6127419448534138,0.1417206794710261,0.0,0.0,0.0,1346.6666666666663
2434,1352.2222222222222,0.2200409763506499,0.1022009708627484,0.0802521489913519,0.0409116253607824,0.0245196072004739,0.0228736338337421,0.0165286334718507,0.00474481422949,0.0002618202958462,0.0083510549074735,0.3132914724366692,0.2232457112955646,0.2054870658290007,0.1720595109432447,0.1649188576906169,0.1606429872068173,0.1537361853566795,0.1421820475321135,0.0,0.0,0.0,0.0,0.0,0.0,7.613822797608217,45.055491007686136,0.5913020099923738,0.0040053525129426,7.952422330266685,44.29352545487527,0.6127419448534138,0.1417206794710261,0.0,0.0,0.0,1352.2222222222222
2444,1357.7777777777776,0.2793815219783789,0.1846057870577319,0.1658241686672802,0.1275533707287846,0.1272880809105143,0.1113800123765444,0.116660519955673,0.1010977882598827,0.0956929360157879,0.0939966945946217,0.3229316228072183,0.2322270301705477,0.2004769150652685,0.1671988155623153,0.1807861365535829,0.141928727277518,0.1458417110108536,0.1446422320262686,0.0,0.0,0.0,0.0,0.0,0.0,7.613822797608217,45.055491007686136,0.5913020099923738,0.09858658699061,7.952422330266685,44.29352545487527,0.6127419448534138,0.1417206794710261,0.0,0.0,0.0,1357.7777777777776
2454,1363.3333333333333,0.2721160547003762,0.1815406286474346,0.1708574657812918,0.1320602527013663,0.1218552952691728,0.104089628569564,0.109745397424992,0.0976344138229863,0.1018187807250809,0.1037066363750513,0.2898195277610539,0.2114351357075821,0.1869029011239485,0.1705434257425203,0.1562538287299875,0.1480857747533049,0.140295853999801,0.1457932579302545,0.0,0.0,0.0,0.0,0.0,0.0,7.613822797608217,45.055491007686136,0.5913020099923738,0.09858658699061,6.303296903563976,44.29352545487527,0.6127419448534138,0.1417206794710261,0.0,0.0,0.0,1363.3333333333333
2464,1368.888888888889,0.2745513613825653,0.1835515609494257,0.1678637213128384,0.1247345744901921,0.1170470776249357,0.1013904113473956,0.1036673091366669,0.1024938221264187,0.0939749987830844,0.0909742947882197,0.284216406886468,0.1992936429279943,0.1891370275451389,0.1457157083043318,0.1537383547499106,0.1376693615827859,0.1449279574145841,0.1480002813634477,0.0,0.0,0.0,0.0,0.0,0.0,7.613822797608217,45.055491007686136,0.5913020099923738,0.09858658699061,6.303296903563976,47.611695270010856,0.6127419448534138,0.1417206794710261,0.0,0.0,0.0,1368.888888888889
2474,1374.4444444444443,0.284849295761656,0.1718798266150694,0.1502437435162576,0.1261626835648455,0.1166680330167712,0.1101809368826683,0.1134321597052622,0.1089365528981457,0.1015984226519516,0.0934542062787712,0.2527911907751601,0.1930651312328266,0.1819517804539166,0.1530176971426725,0.1547090618482814,0.1390682436642089,0.1498866199658595,0.1451720836956968,0.0,0.0,0.0,0.0,0.0,0.0,7.613822797608217,45.055491007686136,0.5913020099923738,0.09858658699061,6.303296903563976,47.611695270010856,0.5267442377677045,0.1417206794710261,0.0,0.0,0.0,1374.4444444444443
2484,1380.0,0.2720233120220615,0.1791177238225278,0.1591971733673473,0.12752676171328,0.1278108491819113,0.1163077318978104,0.1051518454079784,0.1031426228881065,0.1051137155894872,0.1010905255846384,0.2387176102640017,0.1564802250906754,0.1396594159241924,0.1150917671022119,0.1202066598463191,0.1084976607351453,0.1041257085862368,0.0985249860220288,0.0,0.0,0.0,0.0,0.0,0.0,7.613822797608217,45.055491007686136,0.5913020099923738,0.09858658699061,6.303296903563976,47.611695270010856,0.5267442377677045,0.099366933242138,0.0,0.0,0.0,1380.0
2494,1385.5555555555554,0.3016961933287483,0.1848808587341942,0.184743484237194,0.1295507335392223,0.1315174573213304,0.1159134252273126,0.1077762356016318,0.1047699125390164,0.1122153724337299,0.09315959560418,0.2288435362719267,0.1546064848569034,0.1318499833926644,0.1188034958852423,0.1049769485377292,0.1047227406384829,0.1075757699017684,0.1003471418540582,0.0,0.0,0.0,0.0,0.0,0.0,9.05776810324219,45.055491007686136,0.5913020099923738,0.09858658699061,6.303296903563976,47.611695270010856,0.5267442377677045,0.099366933242138,0.0,0.0,0.0,1385.5555555555554
2504,1391.111111111111,0.3073222496626899,0.1968610582364117,0.1826781877573079,0.1416312248786097,0.1341137129103402,0.1202505956898026,0.10726266485458,0.1029854967073648,0.1017917938674228,0.0959163701953779,0.2399807737097524,0.1646901495078868,0.1391606612384411,0.1084114749225308,0.1073298897644203,0.1034420142268362,0.1033605264344121,0.1099886883823824,1.0,0.0,1.0,0.0,1.0,0.0,9.05776810324219,47.53707562817565,0.5913020099923738,0.09858658699061,6.303296903563976,47.611695270010856,0.5267442377677045,0.099366933242138,0.3,0.2,0.18,1391.111111111111
2514,1396.6666666666663,0.2890441646445964,0.1932130157014195,0.1777895487365037,0.1314578027571472,0.1267157188952938,0.1139513697776244,0.1099824988619272,0.1081735337995097,0.1083500937664585,0.1036953474750258,0.2381929611700468,0.152587623712362,0.1386856237844993,0.1077333002400386,0.1088424222811603,0.1014425371277096,0.1017276388306347,0.0964451162911127,1.0,0.0,1.0,0.0,1.0,0.0,9.05776810324219,47.53707562817565,0.5743447905548836,0.09858658699061,6.303296903563976,47.611695270010856,0.5267442377677045,0.099366933242138,0.3,0.2,0.18,1396.6666666666663
2524,1402.2222222222222,0.291342449003431,0.1753698140792963,0.1612276135049994,0.1177956104824725,0.1230400775061717,0.0964338203126617,0.096245451664577,0.0769760133200495,0.0951503430333585,0.079757864209548,0.2378155027109116,0.1543228087079865,0.1462657213129266,0.1227142036334959,0.1091668481769303,0.1087152116582401,0.1006486704472832,0.0923338348459921,1.0,0.0,1.0,0.0,1.0,0.0,9.05776810324219,47.53707562817565,0.5743447905548836,0.0809282488421151,6.303296903563976,47.611695270010856,0.5267442377677045,0.099366933242138,0.3,0.2,0.18,1402.2222222222222
2534,1407.7777777777776,0.2900105881063745,0.1817057080924179,0.1576740460816628,0.1243129833434727,0.106367629828811,0.1045173463237138,0.0952599418356723,0.0935468908312583,0.0894895842245896,0.091169727266535,0.254103113664438,0.1624767188580877,0.1475684165141752,0.119334649057888,0.107580600894904,0.1025814724998114,0.1077169142433511,0.1009452766081214,1.0,0.0,1.0,0.0,1.0,0.0,9.05776810324219,47.53707562817565,0.5743447905548836,0.0809282488421151,6.64517333891428,47.611695270010856,0.5267442377677045,0.099366933242138,0.3,0.2,0.18,1407.7777777777776
2544,1413.3333333333333,0.2835173482719055,0.1816348747037436,0.1616737062951469,0.1217387486331377,0.1131391837391329,0.0862922068086183,0.1033391753272787,0.0853162183306786,0.0943265566310274,0.0846085631565819,0.254664169279665,0.1674760288437974,0.1416326891439016,0.1242430438777753,0.1079554440186623,0.1057892922058356,0.1000982562629659,0.1027465941868601,1.0,0.0,1.0,0.0,1.0,0.0,9.05776810324219,47.53707562817565,0.5743447905548836,0.0809282488421151,6.64517333891428,44.94819183233542,0.5267442377677045,0.099366933242138,0.3,0.2,0.18,1413.3333333333333
2554,1418.888888888889,0.2836227617666442,0.1742390537373808,0.1727608717487733,0.1166559808094988,0.1220194930117751,0.0906044311881574,0.0934287476992943,0.0883192802391844,0.0843760965478607,0.0912510429798655,0.2547086960405452,0.1800649565528675,0.1416750123705037,0.1217291325953978,0.1139902707620517,0.1005061544898201,0.1042630620899375,0.0948228937549992,1.0,0.0,1.0,0.0,1.0,0.0,9.05776810324219,47.53707562817565,0.5743447905548836,0.0809282488421151,6.64517333891428,44.94819183233542,0.5659704566564828,0.099366933242138,0.3,0.2,0.18,1418.888888888889
2564,1424.4444444444443,0.2921825377145233,0.1890999923068819,0.1704666457848213,0.1243889476139287,0.1230102691105521,0.0983883745033122,0.0882499702058016,0.0815076954245567,0.0816656253243581,0.0775845323907726,0.2387709040433312,0.1419091577552048,0.1258382260578429,0.0979914472005736,0.0844325123946969,0.0824261615939901,0.0787337000410114,0.0685803754342792,1.0,0.0,1.0,0.0,1.0,0.0,9.05776810324219,47.53707562817565,0.5743447905548836,0.0809282488421151,6.64517333891428,44.94819183233542,0.5659704566564828,0.0686138547207326,0.3,0.2,0.18,1424.4444444444443
2574,1430.0,0.2430986337047519,0.1550809671676933,0.1249325028076482,0.1022935967896282,0.0904066780796514,0.0886650801237289,0.0836014410204908,0.0893392153932061,0.0773630241247891,0.0802230032724182,0.2388785023986961,0.1475409084035868,0.1273287087278283,0.0926080315996498,0.0842205141260456,0.0750976707050049,0.0697286719464913,0.0788657900508124,1.0,0.0,1.0,0.0,1.0,0.0,6.660900672968236,47.53707562817565,0.5743447905548836,0.0809282488421151,6.64517333891428,44.94819183233542,0.5659704566564828,0.0686138547207326,0.3,0.2,0.18,1430.0
2584,1435.5555555555554,0.238466549014502,0.1444088776412818,0.1339935604972877,0.1031984801332244,0.1020339325148412,0.0805178771856293,0.1021045706019237,0.0810357208454542,0.0781899247272146,0.0752826650206758,0.2418753790436235,0.137044176574258,0.126808929415646,0.0976746946376383,0.0818812289508847,0.0796771755495229,0.0675526885992097,0.0731834261235292,1.0,0.0,1.0,0.0,1.0,0.0,6.660900672968236,55.05464272734011,0.5743447905548836,0.0809282488421151,6.64517333891428,44.94819183233542,0.5659704566564828,0.0686138547207326,0.3,0.2,0.18,1435.5555555555554
2594,1441.111111111111,0.2521571405079773,0.1562494669916641,0.1329699158032576,0.108026092036561,0.1022761605934286,0.0841860677835112,0.0878392645360955,0.0967644047457756,0.0848550038999888,0.0816619544913167,0.2395288752782612,0.1487662146716901,0.1261755836084711,0.0821652278264079,0.0716588530252043,0.0810974806001894,0.0727776614096308,0.0712328337676952,1.0,0.0,1.0,0.0,1.0,0.0,6.660900672968236,55.05464272734011,0.6158109148858508,0.0809282488421151,6.64517333891428,44.94819183233542,0.5659704566564828,0.0686138547207326,0.3,0.2,0.18,1441.111111111111
2604,1446.6666666666663,0.2223438191203263,0.1180835636644279,0.0927000676377562,0.0680560010715289,0.0617363036210695,0.0553404900026401,0.0345513686680663,0.0483761939221054,0.0457117722592722,0.0528305247797528,0.2399171126128661,0.147767039198938,0.1129295700634402,0.1003910433234283,0.0832018054010127,0.0751683720920149,0.0785237981789975,0.0750626346713361,1.0,0.0,1.0,0.0,1.0,0.0,6.660900672968236,55.05464272734011,0.6158109148858508,0.0449540809335751,6.64517333891428,44.94819183233542,0.5659704566564828,0.0686138547207326,0.3,0.2,0.18,1446.6666666666663
2614,1452.2222222222222,0.2250964691429313,0.1018194742889873,0.1033861271738941,0.0669824398133485,0.0581888566812612,0.0536576959332539,0.0547183969183715,0.0490817914600798,0.0528853924605903,0.0527276311531619,0.2264567173796453,0.1476094358908889,0.1242774647327336,0.0907823921451391,0.0840908183559083,0.0821676626657501,0.0800181008888529,0.0756223669653929,1.0,0.0,1.0,0.0,1.0,0.0,6.660900672968236,55.05464272734011,0.6158109148858508,0.0449540809335751,6.232639717053009,44.94819183233542,0.5659704566564828,0.0686138547207326,0.3,0.2,0.18,1452.2222222222222
2624,1457.7777777777776,0.2241051714496813,0.1180456339343635,0.1014269198526326,0.0695794553215825,0.0685355903442111,0.0501004132983491,0.0504580097707769,0.0442159006894405,0.0424054506358913,0.0521946053487529,0.2108250446131617,0.1305237621688506,0.1132380055439084,0.0863780875359778,0.0798060932509592,0.0719656890907869,0.0794527575815493,0.0734378924882892,1.0,0.0,1.0,0.0,1.0,0.0,6.660900672968236,55.05464272734011,0.6158109148858508,0.0449540809335751,6.232639717053009,55.26361902802962,0.5659704566564828,0.0686138547207326,0.3,0.2,0.18,1457.7777777777776
2634,1463.3333333333333,0.229519792097302,0.1155143410937147,0.0989557584171394,0.0723556727911189,0.0691466306776093,0.0429539474812268,0.0461817325730595,0.0503344997473596,0.0421342548950682,0.0468311959780993,0.2084454817149776,0.1271733030498542,0.1080793882963603,0.0863678601157491,0.0733971838993971,0.0787235419482957,0.077178952298423,0.070106448702428,1.0,0.0,1.0,0.0,1.0,0.0,6.660900672968236,55.05464272734011,0.6158109148858508,0.0449540809335751,6.232639717053009,55.26361902802962,0.5262157976582641,0.0686138547207326,0.3,0.2,0.18,1463.3333333333333
2644,1468.888888888889,0.2243812680648113,0.1144378265619928,0.1029433379249387,0.0652236055165049,0.0522576317443893,0.0530376266721966,0.0596812027566734,0.0499480127798693,0.0566995879396617,0.0402268618459619,0.1651621958154512,0.0823759065806267,0.0701394011778802,0.0366083077883205,0.0361884997054311,0.0266760112044663,0.0218741487426998,0.0150869189172001,1.0,0.0,1.0,0.0,1.0,0.0,6.660900672968236,55.05464272734011,0.6158109148858508,0.0449540809335751,6.232639717053009,55.26361902802962,0.5262157976582641,0.0199809963524517,0.3,0.2,0.18,1468.888888888889
2654,1474.4444444444443,0.2255279968367164,0.1096461563549414,0.0985116835922543,0.065241380689124,0.0556560132712209,0.0533671932989114,0.0479715272478155,0.05102630457134,0.0485226194063391,0.0593281757113917,0.1719557953709376,0.0824117055973248,0.0680069649833497,0.036382571565133,0.0258509080596066,0.0255600846345199,0.0275845983184448,0.0176185460822579,1.0,0.0,1.0,0.0,1.0,0.0,6.818189586583285,55.05464272734011,0.6158109148858508,0.0449540809335751,6.232639717053009,55.26361902802962,0.5262157976582641,0.0199809963524517,0.3,0.2,0.18,1474.4444444444443
2664,1480.0,0.2465623407702879,0.1489284219518036,0.1203942609266951,0.0738409412638029,0.0704134771775773,0.0563686537010563,0.0589445863481271,0.0465348954583952,0.0531123482782372,0.0454636367924675,0.1800639338430015,0.082135713520395,0.0587940559845068,0.0369622530308695,0.0227300914676719,0.0197764728086495,0.0195684394134093,0.0185056964703697,1.0,0.0,1.0,0.0,1.0,0.0,6.818189586583285,41.62524622231981,0.6158109148858508,0.0449540809335751,6.232639717053009,55.26361902802962,0.5262157976582641,0.0199809963524517,0.3,0.2,0.18,1480.0
2674,1485.5555555555554,0.2718790650631802,0.1530287082312469,0.126312096870802,0.0830936868434657,0.0667183040211568,0.0596398456512685,0.0524139734510111,0.0386292712635034,0.044800730406319,0.0400843257052456,0.1726899155369329,0.0780403743356281,0.0676184443784131,0.0381025726322599,0.0305454611293578,0.0283600305374125,0.030621442325145,0.0157067457433966,1.0,0.0,1.0,0.0,1.0,0.0,6.818189586583285,41.62524622231981,0.6812784730800514,0.0449540809335751,6.232639717053009,55.26361902802962,0.5262157976582641,0.0199809963524517,0.3,0.2,0.18,1485.5555555555554
2684,1491.111111111111,0.27484903728191,0.1586978555812541,0.1148131780680934,0.0768459283868109,0.0662354827752596,0.0511315692480407,0.043405209951874,0.0522336291475737,0.0377761044946279,0.0447995742553969,0.1786931268341687,0.0890707019197094,0.0571856537481394,0.0273301708245325,0.0314327239127262,0.0306534090057132,0.0267349049617066,0.0181884619091627,1.0,0.0,1.0,0.0,1.0,0.0,6.818189586583285,41.62524622231981,0.6812784730800514,0.0403866449510085,6.232639717053009,55.26361902802962,0.5262157976582641,0.0199809963524517,0.3,0.2,0.18,1491.111111111111
2694,1496.6666666666663,0.2693888035350144,0.1524054335523071,0.1109102972251988,0.0861384587503859,0.0718448261910923,0.0558108487606845,0.0495259312094647,0.0470182441631776,0.0476317630752899,0.0385183833542854,0.1852763774372727,0.0830041792278711,0.0696788867231756,0.0464177557650581,0.0345510470685998,0.018011398665485,0.0192455139933786,0.0177804076363006,1.0,0.0,1.0,0.0,1.0,0.0,6.818189586583285,41.62524622231981,0.6812784730800514,0.0403866449510085,6.9192317376205805,55.26361902802962,0.5262157976582641,0.0199809963524517,0.3,0.2,0.18,1496.6666666666663
2704,1502.2222222222222,0.2627849903661169,0.1418469315208645,0.1200676181376397,0.0826253855529172,0.0662048881245403,0.0511822951684074,0.0373799413634348,0.0523981542688499,0.0504615144763317,0.0514066658352231,0.18436108158008,0.0957808241383477,0.0739475994598208,0.0321389770739327,0.0308398293959739,0.0277316907067284,0.0280217185157953,0.025810526594192,1.0,0.0,1.0,0.0,1.0,0.0,6.818189586583285,41.62524622231981,0.6812784730800514,0.0403866449510085,6.9192317376205805,56.65588620004135,0.5262157976582641,0.0199809963524517,0.3,0.2,0.18,1502.2222222222222
2714,1507.7777777777776,0.2695850645732217,0.1433878092373176,0.1146496926000258,0.0829405183427518,0.0609026664727451,0.0554497885796739,0.0587717486289595,0.0494155539185712,0.0417327747462384,0.0419034946902295,0.2179800922257992,0.0991026884242566,0.0815218508011316,0.0468367228863226,0.0428871557016253,0.0261084536317799,0.0199380641898992,0.0245403741526641,1.0,0.0,1.0,0.0,1.0,0.0,6.818189586583285,41.62524622231981,0.6812784730800514,0.0403866449510085,6.9192317376205805,56.65588620004135,0.6239846919423603,0.0199809963524517,0.3,0.2,0.18,1507.7777777777776
2724,1513.3333333333333,0.266515140770405,0.1561919161183816,0.1191840832328832,0.076065736958067,0.0676885121784166,0.0477602121545238,0.0496596728853304,0.0372768235231966,0.0325598144885217,0.0422520542055418,0.2198141530246591,0.1036029303434195,0.0873840461635597,0.0546987973920333,0.0451599931430032,0.0396278086453492,0.0350065176576416,0.0224773082999792,1.0,0.0,1.0,0.0,1.0,0.0,6.818189586583285,41.62524622231981,0.6812784730800514,0.0403866449510085,6.9192317376205805,56.65588620004135,0.6239846919423603,0.0280715079811078,0.3,0.2,0.18,1513.3333333333333
2734,1518.888888888889,0.2967417972583517,0.165577520606209,0.1389457571660073,0.0843827893532149,0.0759038389196753,0.056086387517503,0.0415602293924435,0.034523308657821,0.0489238586529176,0.0392544918919943,0.2293802920677951,0.0961758630631677,0.0868125796253574,0.0485315759256769,0.0493832331924348,0.0453276948198634,0.0379907946971258,0.0402418785043876,1.0,0.0,1.0,0.0,1.0,0.0,7.791402919605084,41.62524622231981,0.6812784730800514,0.0403866449510085,6.9192317376205805,56.65588620004135,0.6239846919423603,0.0280715079811078,0.3,0.2,0.18,1518.888888888889
2744,1524.4444444444443,0.2656429433290299,0.1266638555570531,0.1093320296498874,0.0705674761834655,0.067070988717373,0.0440297556755372,0.048660001684507,0.0451205520551183,0.0493266831569773,0.0482604777763989,0.2215668091064758,0.1065517745329201,0.0976135549428879,0.0374817349070666,0.037022496863126,0.0310777707579395,0.0284369926633785,0.029600279085784,1.0,0.0,1.0,0.0,1.0,0.0,7.791402919605084,57.678449294442935,0.6812784730800514,0.0403866449510085,6.9192317376205805,56.65588620004135,0.6239846919423603,0.0280715079811078,0.3,0.2,0.18,1524.4444444444443
2754,1530.0,0.2259602671551902,0.1236833936527804,0.1052238044034154,0.0727353235559055,0.0675915914515362,0.0520569760185541,0.0463940126507446,0.037570059820327,0.0427018803700613,0.0450533512163045,0.2210300866819383,0.1072129943806492,0.0916097606946338,0.0596535465476056,0.04835600895976,0.0352583335921208,0.028637838255484,0.0309308124466853,1.0,0.0,1.0,0.0,1.0,0.0,7.791402919605084,57.678449294442935,0.5750748034038927,0.0403866449510085,6.9192317376205805,56.65588620004135,0.6239846919423603,0.0280715079811078,0.3,0.2,0.18,1530.0
2764,1535.5555555555554,0.2677179145189132,0.1791581435545083,0.1717172001495085,0.122710952654422,0.1236298852550737,0.1110768180220161,0.1161328176527213,0.1042740744827505,0.1154373558506561,0.1048327924585654,0.2156115803846022,0.088609827110153,0.0842717837904597,0.0526931904919438,0.0474545656609758,0.0319608828653258,0.0358462833896133,0.0279079275653485,1.0,0.0,1.0,0.0,1.0,0.0,7.791402919605084,57.678449294442935,0.5750748034038927,0.10663223297948,6.9192317376205805,56.65588620004135,0.6239846919423603,0.0280715079811078,0.3,0.2,0.18,1535.5555555555554
2774,1541.111111111111,0.2747199928141248,0.167652862007939,0.1621648974502272,0.1255814069481032,0.1222098438487569,0.1102677184597053,0.1106366398105533,0.1060815506320422,0.1040329965692327,0.1151860759616991,0.1979935943660775,0.1145698971839971,0.0819619026789945,0.0551750127074726,0.0467209672725482,0.0361918471911873,0.0317248008171358,0.0231149096208214,1.0,0.0,1.0,0.0,1.0,0.0,7.791402919605084,57.678449294442935,0.5750748034038927,0.10663223297948,6.290423126509404,56.65588620004135,0.6239846919423603,0.0280715079811078,0.3,0.2,0.18,1541.111111111111
2784,1546.6666666666663,0.2683555783836832,0.1666451930009049,0.1635922664332919,0.1333990549611984,0.1264899608486686,0.1213545872842924,0.1075561353457031,0.0993279507870287,0.1137767834586049,0.112733610423016,0.2124516061642635,0.1009813606577357,0.0877996285784841,0.0534403751638213,0.0399479296300472,0.0294604040064632,0.0250636658003689,0.0329211756108488,1.0,0.0,1.0,0.0,1.0,0.0,7.791402919605084,57.678449294442935,0.5750748034038927,0.10663223297948,6.290423126509404,54.54649553477088,0.6239846919423603,0.0280715079811078,0.3,0.2,0.18,1546.6666666666663
2794,1552.2222222222222,0.2718098448322079,0.1731640975288842,0.1591400029565234,0.1256814890618121,0.1301293446190483,0.1173698720152477,0.1110339318137386,0.1129752605852664,0.1083587981459605,0.1113414837359359,0.2269144199541357,0.0963016916919208,0.0928371797757783,0.0407491551357147,0.0468855375656893,0.0348022114466691,0.0261887115341518,0.0272511800020807,1.0,0.0,1.0,0.0,1.0,0.0,7.791402919605084,57.678449294442935,0.5750748034038927,0.10663223297948,6.290423126509404,54.54649553477088,0.6552947048130493,0.0280715079811078,0.3,0.2,0.18,1552.2222222222222
2804,1557.7777777777776,0.2756882146086579,0.1737635258714047,0.1517301778435323,0.1312327672063929,0.1225646127175277,0.1161122721611107,0.1038748828986929,0.1016332478232427,0.1090933858326653,0.1064198811917344,0.2802835009427434,0.1913463808425013,0.1779707916280715,0.1405489739713082,0.1402631573644063,0.1303907511490728,0.1287675020257208,0.1265044836372445,1.0,0.0,1.0,0.0,1.0,0.0,7.791402919605084,57.678449294442935,0.5750748034038927,0.10663223297948,6.290423126509404,54.54649553477088,0.6552947048130493,0.1238650172553198,0.3,0.2,0.18,1557.7777777777776
2814,1563.3333333333333,0.2874093921977229,0.1829926728905856,0.1654868058588818,0.1366477423250779,0.1301005498829757,0.1199433345560726,0.1023491181011119,0.1122214147687428,0.1025492041548709,0.1064563220520968,0.2827376798599408,0.1876021403070249,0.168357456746902,0.1377223129369483,0.1273273388266343,0.1210062807162614,0.1321481430854532,0.1184258657387038,1.0,0.0,1.0,0.0,1.0,0.0,8.557443169392675,57.678449294442935,0.5750748034038927,0.10663223297948,6.290423126509404,54.54649553477088,0.6552947048130493,0.1238650172553198,0.3,0.2,0.18,1563.3333333333333
2824,1568.888888888889,0.2997471164845856,0.1942786682408407,0.1825049584065562,0.1443977519213097,0.1289827545335387,0.1200520355798664,0.121734967354928,0.1193381557463381,0.1078525246478128,0.1132519278561595,0.2851960742534942,0.1824057967219765,0.1769014155078867,0.1449711775600244,0.1422918786863698,0.1323269220457178,0.1210485025964661,0.1210572472466137,1.0,0.0,1.0,0.0,1.0,0.0,8.557443169392675,47.41465589652505,0.5750748034038927,0.10663223297948,6.290423126509404,54.54649553477088,0.6552947048130493,0.1238650172553198,0.3,0.2,0.18,1568.888888888889
2834,1574.4444444444443,0.273867703308759,0.1840403058268543,0.1746666207877669,0.1336051683626425,0.1319316667015574,0.1145612169650452,0.119958972846142,0.107427559394185,0.1073208457316846,0.1043797942275465,0.2849500011443909,0.1977015239371711,0.1653515554454896,0.1456179807095918,0.1413762936354432,0.1312392735493437,0.1289433987570894,0.1305602796323033,1.0,0.0,1.0,0.0,1.0,0.0,8.557443169392675,47.41465589652505,0.5128424000332207,0.10663223297948,6.290423126509404,54.54649553477088,0.6552947048130493,0.1238650172553198,0.3,0.2,0.18,1574.4444444444443
2844,1580.0,0.2597873617464674,0.1547422420135742,0.139631699242364,0.1100132609343491,0.1078793981290363,0.0896569326204322,0.087340508733946,0.0755911041487871,0.0811190515850808,0.0855801225580893,0.2882178995681978,0.1928557076230263,0.1671925762127522,0.1388343863974125,0.143631017139257,0.1287910250171021,0.1297875768189764,0.1270374659944549,1.0,0.0,1.0,0.0,1.0,0.0,8.557443169392675,47.41465589652505,0.5128424000332207,0.0778164351090442,6.290423126509404,54.54649553477088,0.6552947048130493,0.1238650172553198,0.3,0.2,0.18,1580.0
2854,1585.5555555555554,0.2535166814325874,0.1622652041963452,0.1510492609063938,0.1044617437492266,0.105074140090764,0.0894782122014513,0.0785894718967611,0.0865758294447481,0.0805573669465573,0.0754997690846207,0.3221522673642802,0.210503043562706,0.1964639090594618,0.1537394477819721,0.1527272211176294,0.1277067109406459,0.1235360140779723,0.1235412203473776,1.0,0.0,1.0,0.0,1.0,0.0,8.557443169392675,47.41465589652505,0.5128424000332207,0.0778164351090442,8.272379719146606,54.54649553477088,0.6552947048130493,0.1238650172553198,0.3,0.2,0.18,1585.5555555555554
2864,1591.111111111111,0.2653502812494141,0.1634409219501119,0.1504079202207814,0.1136121625796066,0.1006385426001514,0.0836359790959997,0.0934139364728616,0.0800533025476008,0.0768684842063568,0.0844955925488455,0.3322174791060942,0.2310746685757972,0.2023133024812426,0.1551981221391767,0.1538687276406972,0.1344621448382563,0.1345763368529632,0.1341941001570435,1.0,0.0,1.0,0.0,1.0,0.0,8.557443169392675,47.41465589652505,0.5128424000332207,0.0778164351090442,8.272379719146606,43.81676406979354,0.6552947048130493,0.1238650172553198,0.3,0.2,0.18,1591.111111111111
2874,1596.6666666666663,0.2579628599113076,0.1679593887381932,0.1462728103275307,0.1133726040163438,0.1024166557485748,0.0993231607243712,0.0840466362112476,0.0854616969233613,0.0797881029969655,0.0764956193811883,0.2991390622074687,0.1980876518260076,0.1865003545793157,0.1550498418318801,0.1478521825781338,0.131815083150342,0.1292877928618137,0.1297140532327781,1.0,0.0,1.0,0.0,1.0,0.0,8.557443169392675,47.41465589652505,0.5128424000332207,0.0778164351090442,8.272379719146606,43.81676406979354,0.5532474453225887,0.1238650172553198,0.3,0.2,0.18,1596.6666666666663
2884,1602.2222222222222,0.257112423379521,0.156522982441017,0.1516764037638623,0.1026775138377243,0.1063766762178774,0.0884821146364115,0.0851097833173841,0.0839627421581151,0.0829798425887325,0.0756485835456776,0.2763959357010193,0.1704293361680701,0.1607373863873328,0.1182825178921644,0.1096124043919294,0.0976421738526395,0.0946026033243511,0.0849878842997347,1.0,0.0,1.0,0.0,1.0,0.0,8.557443169392675,47.41465589652505,0.5128424000332207,0.0778164351090442,8.272379719146606,43.81676406979354,0.5532474453225887,0.0804180063569058,0.3,0.2,0.18,1602.2222222222222
2894,1607.7777777777776,0.2551277561053263,0.1551115685852558,0.1537143731336101,0.1065218557440164,0.1097622510378611,0.0801915246138597,0.0913918030682503,0.077648347851811,0.0864729622280981,0.0799788641816438,0.2776154399719235,0.1755689067353438,0.1449156227397421,0.1209196444407524,0.112849229704043,0.1012731211872519,0.0869424505232494,0.0866301545378001,1.0,0.0,1.0,0.0,1.0,0.0,8.794661001273342,47.41465589652505,0.5128424000332207,0.0778164351090442,8.272379719146606,43.81676406979354,0.5532474453225887,0.0804180063569058,0.3,0.2,0.18,1607.7777777777776
2904,1613.3333333333333,0.2591103564467695,0.1491611615909858,0.1452663815646616,0.1005102398484044,0.1017489187097529,0.0867775525577807,0.0798230483854961,0.0827333874647948,0.0903060371750699,0.0758550550491631,0.2827454936872541,0.1742929681514648,0.1575759565081376,0.1167435505496125,0.1051518950400372,0.0996925308906329,0.0941554257420041,0.096185098708514,1.0,0.0,1.0,0.0,1.0,0.0,8.794661001273342,57.93173461518359,0.5128424000332207,0.0778164351090442,8.272379719146606,43.81676406979354,0.5532474453225887,0.0804180063569058,0.3,0.2,0.18,1613.3333333333333
2914,1618.8888888888887,0.243557313915442,0.1483253980510862,0.1417729100899833,0.1078194311153695,0.0968882364157508,0.0882384557563874,0.0933177770839844,0.0825001976314628,0.0754761344130308,0.0823819530686844,0.2748713423337735,0.1727218879714514,0.1571442693861711,0.119925753231379,0.0985419639175285,0.0976841852432692,0.0872054396111177,0.0795431788979399,1.0,0.0,1.0,0.0,1.0,0.0,8.794661001273342,57.93173461518359,0.5251483035068338,0.0778164351090442,8.272379719146606,43.81676406979354,0.5532474453225887,0.0804180063569058,0.3,0.2,0.18,1618.8888888888887
2924,1624.4444444444443,0.2118496381402009,0.1060732617133761,0.0966979328365504,0.0562414479912764,0.0563426657183533,0.0350701237019734,0.0337930980491466,0.029674160456169,0.0334860899405487,0.0343043203296197,0.2742021546413976,0.1735657406355487,0.1524266941217521,0.1111782459644686,0.1060090726686415,0.0986962146112814,0.0838195194735905,0.0797332371755495,1.0,0.0,1.0,0.0,1.0,0.0,8.794661001273342,57.93173461518359,0.5251483035068338,0.0276405319299744,8.272379719146606,43.81676406979354,0.5532474453225887,0.0804180063569058,0.3,0.2,0.18,1624.4444444444443
2934,1630.0,0.2210135060086474,0.1095464079645329,0.0918961841223524,0.0553837768680573,0.0543797852206379,0.0348808984400221,0.0336098242873857,0.0343698662795512,0.0271300354023291,0.0287048536860679,0.2725889414742624,0.1743381295648734,0.1584023803597263,0.1085943896533583,0.1021516757651273,0.0913199306764582,0.0888392494060999,0.0848658969611773,1.0,0.0,1.0,0.0,1.0,0.0,8.794661001273342,57.93173461518359,0.5251483035068338,0.0276405319299744,8.39861091416443,43.81676406979354,0.5532474453225887,0.0804180063569058,0.3,0.2,0.18,1630.0
2944,1635.5555555555554,0.211555998434886,0.1016008814693826,0.094623440089697,0.0580263377626356,0.0513237589602221,0.0388939068139254,0.0364599598613268,0.025316566116375,0.0370978492103452,0.0314517447605788,0.269318343882822,0.1669358482944594,0.1510487146070046,0.1087448848483893,0.0973072877698862,0.0845674727122675,0.0892769263646817,0.0880332101988543,1.0,0.0,1.0,0.0,1.0,0.0,8.794661001273342,57.93173461518359,0.5251483035068338,0.0276405319299744,8.39861091416443,52.8904324604695,0.5532474453225887,0.0804180063569058,0.3,0.2,0.18,1635.5555555555554
2954,1641.111111111111,0.2187099959326713,0.1058932375510118,0.1009675920567843,0.0586688940411825,0.0545689003009087,0.0381954467951633,0.0327955234248116,0.0352435844450966,0.0197876191144824,0.0313749987464101,0.3008020904546677,0.1734235898802407,0.1615327804671985,0.1140716411336782,0.1051158584581541,0.091144721112686,0.0963017585952376,0.0823403690119679,1.0,0.0,1.0,0.0,1.0,0.0,8.794661001273342,57.93173461518359,0.5251483035068338,0.0276405319299744,8.39861091416443,52.8904324604695,0.6441945583619955,0.0804180063569058,0.3,0.2,0.18,1641.111111111111
2964,1646.6666666666663,0.2173503340217042,0.1066089669382207,0.099604174066178,0.0564203833173047,0.0472165667262418,0.0413967695346752,0.0307674762687709,0.0392659773620282,0.0257754003956706,0.0356772512427985,0.3453723612105446,0.2299403981320135,0.2171686617104883,0.1754921830040764,0.1709274803325252,0.1583957729643002,0.1628329476910578,0.1526459130655403,1.0,0.0,1.0,0.0,1.0,0.0,8.794661001273342,57.93173461518359,0.5251483035068338,0.0276405319299744,8.39861091416443,52.8904324604695,0.6441945583619955,0.149515674754697,0.3,0.2,0.18,1646.6666666666663
2974,1652.2222222222222,0.2319572370894367,0.1025289627565809,0.104611066267483,0.0522742709589754,0.061223760757669,0.0471235827981024,0.0347179667169066,0.0297129290634143,0.0317159764811047,0.0299632898459526,0.3404430265475707,0.2352079418024738,0.2183195160358134,0.1754126509586185,0.1681829957698398,0.1607721409074648,0.1416191190311854,0.1560219390165946,1.0,0.0,1.0,0.0,1.0,0.0,9.405375867810818,57.93173461518359,0.5251483035068338,0.0276405319299744,8.39861091416443,52.8904324604695,0.6441945583619955,0.149515674754697,0.3,0.2,0.18,1652.2222222222222
2984,1657.7777777777776,0.2299633540753536,0.1129168174873923,0.1057180612077224,0.0619715606584736,0.0586366338181009,0.0464898171994934,0.0492023160776436,0.0266978132545967,0.0336244434560812,0.0349731713656554,0.3280870472027051,0.232619695125833,0.2235409654170264,0.1711465458068394,0.171330953058932,0.1607873504186611,0.1554551481735304,0.1395263126920842,1.0,0.0,1.0,0.0,1.0,0.0,9.405375867810818,56.860501336831724,0.5251483035068338,0.0276405319299744,8.39861091416443,52.8904324604695,0.6441945583619955,0.149515674754697,0.3,0.2,0.18,1657.7777777777776
2994,1663.3333333333333,0.2812627569536126,0.1291052060196229,0.1351959454900989,0.0634119016130965,0.068332475194298,0.0379453281112661,0.0419576895414664,0.0318342105522628,0.0308128800079731,0.0333904674669045,0.3496764458130478,0.2332040223645769,0.2213104027897494,0.1831851699832907,0.1682133350784626,0.1566962502024679,0.1630832410353014,0.151647102941511,1.0,0.0,1.0,0.0,1.0,0.0,9.405375867810818,56.860501336831724,0.6554231618106363,0.0276405319299744,8.39861091416443,52.8904324604695,0.6441945583619955,0.149515674754697,0.3,0.2,0.18,1663.3333333333333
3004,1668.8888888888887,0.3103056271377686,0.1550126059165328,0.1575714270762508,0.0963190630382321,0.094923675087046,0.0729424165727668,0.0726666439904376,0.0580729517085601,0.0626849550438512,0.0681579865952026,0.3473506652715737,0.2409293210131968,0.2168060626474534,0.1779756503873304,0.1769030442401302,0.1653765025327688,0.1605207824693789,0.1630931644116642,1.0,0.0,1.0,0.0,1.0,0.0,9.405375867810818,56.860501336831724,0.6554231618106363,0.0592528822809655,8.39861091416443,52.8904324604695,0.6441945583619955,0.149515674754697,0.3,0.2,0.18,1668.8888888888887
3014,1674.4444444444443,0.297993000106061,0.1715947257358352,0.1557976405826821,0.1031894593278644,0.0922013013576801,0.0673094037025799,0.0801420296032099,0.063081171348349,0.0667925082674951,0.0533310582462885,0.327795380217585,0.233042460575428,0.2149729830094733,0.1756852261365189,0.16784356735365,0.1567498373613661,0.1537639234223137,0.1484071762980972,1.0,0.0,1.0,0.0,1.0,0.0,9.405375867810818,56.860501336831724,0.6554231618106363,0.0592528822809655,7.923687331829445,52.8904324604695,0.6441945583619955,0.149515674754697,0.3,0.2,0.18,1674.4444444444443
3024,1680.0,0.2946302102995818,0.1622975999897009,0.1460373590268951,0.0938994962157473,0.0941979495156433,0.0758910886634763,0.0708660091032506,0.0557361441162234,0.0702575598453688,0.0559232349776755,0.3339603200870314,0.2439798894443059,0.231155842023379,0.1800262620863548,0.1721035647807937,0.1601953449417522,0.1627455898159406,0.149418956849542,1.0,0.0,1.0,0.0,1.0,0.0,9.405375867810818,56.860501336831724,0.6554231618106363,0.0592528822809655,7.923687331829445,43.68891284893158,0.6441945583619955,0.149515674754697,0.3,0.2,0.18,1680.0
3034,1685.5555555555554,0.283662920692912,0.1627982940167462,0.147155928584432,0.1019246665786355,0.0913127264999025,0.0637983135083978,0.0741249871622545,0.057743567044095,0.0617674651516099,0.0557781796770109,0.3544086676506334,0.2364405346084157,0.2328975999527611,0.1831506369132525,0.1690774564640683,0.1591114636172797,0.1632684078249943,0.1548480560239702,1.0,0.0,1.0,0.0,1.0,0.0,9.405375867810818,56.860501336831724,0.6554231618106363,0.0592528822809655,7.923687331829445,43.68891284893158,0.6518988930561611,0.149515674754697,0.3,0.2,0.18,1685.5555555555554
3044,1691.111111111111,0.2952619093390183,0.1661221523942788,0.1594013485932662,0.1011469302380455,0.0929838917640397,0.0721787181860623,0.0736982455161966,0.0594973664598062,0.0657955619174277,0.0580468803014193,0.326512364412711,0.2064321081974562,0.1893361311973445,0.1559432930940751,0.1481112831533528,0.1280255415624841,0.1225565119343472,0.1209888984738491,1.0,0.0,1.0,0.0,1.0,0.0,9.405375867810818,56.860501336831724,0.6554231618106363,0.0592528822809655,7.923687331829445,43.68891284893158,0.6518988930561611,0.1136535996777583,0.3,0.2,0.18,1691.111111111111
3054,1696.6666666666663,0.2860923218449555,0.1497649434567034,0.1396921048269536,0.093319602131215,0.0872703871962151,0.0746106515737892,0.0696678723596977,0.0579704266717864,0.0583436363448226,0.0598439096729576,0.3254192693770812,0.2113404796573632,0.1980818199387013,0.1493064481198943,0.1431882329115397,0.1169402499637999,0.1231980817763061,0.1167053684092078,1.0,0.0,1.0,0.0,1.0,0.0,8.708144683631101,56.860501336831724,0.6554231618106363,0.0592528822809655,7.923687331829445,43.68891284893158,0.6518988930561611,0.1136535996777583,0.3,0.2,0.18,1696.6666666666663
3064,1702.2222222222222,0.2967346000927185,0.1674602202389561,0.15159631297108,0.098732228084511,0.103589073156584,0.0738900558410518,0.0726163212536509,0.0708306109213526,0.0589377217513487,0.0618447230118064,0.3219254634402114,0.2113213384443842,0.1894174848788875,0.1409824130091268,0.1348351194157643,0.1323937729001823,0.1248352984268157,0.1200381164004456,1.0,0.0,1.0,0.0,1.0,0.0,8.708144683631101,48.89598048853558,0.6554231618106363,0.0592528822809655,7.923687331829445,43.68891284893158,0.6518988930561611,0.1136535996777583,0.3,0.2,0.18,1702.2222222222222
3074,1707.7777777777776,0.2729481482465177,0.1554796299782753,0.1476789322694191,0.0943410599281051,0.0928368328245334,0.0729198116957574,0.0628577493354354,0.0732909566578182,0.0637377989973078,0.0534004732168209,0.3223512571362495,0.2258688620148614,0.1866299978301084,0.1562881571332627,0.1445109309699211,0.1296946627082937,0.1217773055455148,0.1237613530319126,1.0,0.0,1.0,0.0,1.0,0.0,8.708144683631101,48.89598048853558,0.5756360657581642,0.0592528822809655,7.923687331829445,43.68891284893158,0.6518988930561611,0.1136535996777583,0.3,0.2,0.18,1707.7777777777776
3084,1713.3333333333333,0.2720920022287303,0.1605162102719946,0.1432272825316431,0.1006769875738533,0.0933096045717243,0.0755866498244006,0.0785425807565861,0.0707677171700401,0.0742223564160087,0.0698778601870742,0.3232418604961246,0.2076112603403872,0.1896363711619075,0.1553870040611313,0.1407182484856597,0.1313048517126873,0.1194012681966749,0.1170947776086138,1.0,0.0,1.0,0.0,1.0,0.0,8.708144683631101,48.89598048853558,0.5756360657581642,0.0629656398554912,7.923687331829445,43.68891284893158,0.6518988930561611,0.1136535996777583,0.3,0.2,0.18,1713.3333333333333
3094,1718.8888888888887,0.2755592529289046,0.1646941170655466,0.1434431007208449,0.0968499916835356,0.0952674555786663,0.0838897847276191,0.0676730714210021,0.0773539463293551,0.0596747056168576,0.0561576602302787,0.2859279740472252,0.1916666960762266,0.171755836705455,0.1465117991782757,0.1331677678786092,0.1253416181482738,0.1160730144733157,0.1155483454216466,1.0,0.0,1.0,0.0,1.0,0.0,8.708144683631101,48.89598048853558,0.5756360657581642,0.0629656398554912,6.10001770533374,43.68891284893158,0.6518988930561611,0.1136535996777583,0.3,0.2,0.18,1718.8888888888887
3104,1724.4444444444443,0.2669249825950479,0.1577926867300982,0.1374556431697559,0.106329982416407,0.0878211108021614,0.0758703944355498,0.0666836650897855,0.0609529805840668,0.0724478787433928,0.0644644882837845,0.2752950334649814,0.1846985145406372,0.1599656504791749,0.1286961943286131,0.1251188542843577,0.1115535827627305,0.1269628822422846,0.1221506043916416,1.0,0.0,1.0,0.0,1.0,0.0,8.708144683631101,48.89598048853558,0.5756360657581642,0.0629656398554912,6.10001770533374,56.88640232822986,0.6518988930561611,0.1136535996777583,0.3,0.2,0.18,1724.4444444444443
3114,1730.0,0.2823942000671229,0.1626640284317093,0.1412245136678513,0.1066348081842115,0.0823669436549284,0.0723984063587545,0.0829522366537247,0.0658628984319546,0.0652109902315564,0.0678680590733398,0.2628287880668936,0.1654582144921633,0.1568179136351226,0.1274826059939753,0.1334961067094598,0.1172429751660235,0.1117451486153474,0.1166334226017651,1.0,0.0,1.0,0.0,1.0,0.0,8.708144683631101,48.89598048853558,0.5756360657581642,0.0629656398554912,6.10001770533374,56.88640232822986,0.6084739755109543,0.1136535996777583,0.3,0.2,0.18,1730.0
3124,1735.5555555555554,0.2680473359633207,0.1480174742533781,0.1420346363116442,0.1013887885070034,0.093597881975167,0.0685048900584414,0.0748205545154989,0.0731726633159533,0.0677105192537751,0.0584791782252599,0.2179592985718462,0.1212242312292117,0.1012287212611174,0.0781252651316567,0.0727469852110489,0.0725951952055428,0.056862701075548,0.0616045619357749,1.0,0.0,1.0,0.0,1.0,0.0,8.708144683631101,48.89598048853558,0.5756360657581642,0.0629656398554912,6.10001770533374,56.88640232822986,0.6084739755109543,0.0581277958502597,0.3,0.2,0.18,1735.5555555555554
3134,1741.111111111111,0.2699641342616908,0.1449022874588304,0.1412911831510344,0.0921318000264454,0.088442352341211,0.0762422351929329,0.0681375539120139,0.0745459146298654,0.0629362148547272,0.0672351713057044,0.2225410133819794,0.1186410396967862,0.1028006267117872,0.0724046238409274,0.0751293384036743,0.054664670376425,0.0650903305927566,0.0593999619993549,1.0,0.0,1.0,0.0,1.0,0.0,8.153692058451325,48.89598048853558,0.5756360657581642,0.0629656398554912,6.10001770533374,56.88640232822986,0.6084739755109543,0.0581277958502597,0.3,0.2,0.18,1741.111111111111
3144,1746.6666666666663,0.2551702916743551,0.1562246122408041,0.1309710864400168,0.0828062837970749,0.0839682180845066,0.0770858144677014,0.0701005560783329,0.0656823319522177,0.0695391739838512,0.0622609933251803,0.2230009305480664,0.1115761564117489,0.0979849328183275,0.0683777340168722,0.0548793469213496,0.0619822955868505,0.0573961163783336,0.0617586861301458,1.0,0.0,1.0,0.0,1.0,0.0,8.153692058451325,54.43280437039324,0.5756360657581642,0.0629656398554912,6.10001770533374,56.88640232822986,0.6084739755109543,0.0581277958502597,0.3,0.2,0.18,1746.6666666666663
3154,1752.2222222222222,0.2530218793718776,0.1334107308330258,0.1307452250989491,0.0800070326477511,0.0792855849496564,0.0764591144870071,0.0747552663514793,0.0709878400873855,0.0568318032062501,0.0635154714797417,0.2250815269613826,0.1221482928006786,0.1140336401234069,0.0718894832776644,0.0615539314338071,0.0672294345240879,0.0615233115964622,0.0590237044852878,1.0,0.0,1.0,0.0,1.0,0.0,8.153692058451325,54.43280437039324,0.5762921738796791,0.0629656398554912,6.10001770533374,56.88640232822986,0.6084739755109543,0.0581277958502597,0.3,0.2,0.18,1752.2222222222222
3164,1757.7777777777776,0.2938579613254972,0.1874833906550455,0.1859285946884964,0.1484190506189264,0.1431696302317933,0.1371432965342318,0.1281419222105325,0.1236040800930906,0.1370497286406329,0.1117693504689902,0.2184835873916097,0.1175159017193127,0.1012010307283228,0.0640976922607264,0.0679667624869738,0.0640436319083798,0.060611036796165,0.0624070393075693,1.0,0.0,1.0,0.0,1.0,0.0,8.153692058451325,54.43280437039324,0.5762921738796791,0.1245961010117987,6.10001770533374,56.88640232822986,0.6084739755109543,0.0581277958502597,0.3,0.2,0.18,1757.7777777777776
3174,1763.3333333333333,0.2933969134664122,0.1967722364421074,0.1825443178474161,0.1457627601063048,0.1377355460927835,0.1223574319753653,0.1358656817949218,0.1259616839539381,0.1270308971107816,0.1164193974635345,0.2798006608899879,0.1501996511353264,0.127142779933188,0.0901175763378161,0.0817742580459497,0.0717076864914557,0.0639862794330534,0.0580294832751725,1.0,0.0,1.0,0.0,1.0,0.0,8.153692058451325,54.43280437039324,0.5762921738796791,0.1245961010117987,8.758390038916161,56.88640232822986,0.6084739755109543,0.0581277958502597,0.3,0.2,0.18,1763.3333333333333
3184,1768.8888888888887,0.2893656376033678,0.2031903087038096,0.1898806088423592,0.1508006317156122,0.1509328366600292,0.126360353914895,0.1311960167274581,0.1157555101956055,0.1219497637096618,0.1244822122928475,0.2813333867191817,0.1524466084530812,0.1464792232353723,0.0908588183655064,0.0921083762369894,0.0729736365031083,0.0671331265077229,0.0687909569938896,1.0,0.0,1.0,0.0,1.0,0.0,8.153692058451325,54.43280437039324,0.5762921738796791,0.1245961010117987,8.758390038916161,47.74864594621289,0.6084739755109543,0.0581277958502597,0.3,0.2,0.18,1768.8888888888887
3194,1774.4444444444443,0.2954875689774102,0.1936540825177265,0.1853143378430186,0.1460098049848089,0.1483581105716789,0.1252157565603294,0.1357184584239479,0.1222600386056309,0.1221737101610506,0.1237223040469548,0.2556390725389729,0.1476790149180379,0.1336907099245615,0.0892540596305985,0.0847853357011868,0.0871411425937197,0.063708966907155,0.051649862308677,1.0,0.0,1.0,0.0,1.0,0.0,8.153692058451325,54.43280437039324,0.5762921738796791,0.1245961010117987,8.758390038916161,47.74864594621289,0.5275632308699862,0.0581277958502597,0.3,0.2,0.18,1774.4444444444443
3204,1780.0,0.2840639520500502,0.1985936308897356,0.181911765389229,0.1436927672197744,0.1463708404078739,0.1318255413714753,0.1370555627995047,0.1251019232859826,0.1269524730542691,0.1294204882225425,0.2860733861274381,0.1875413711441458,0.187580214673411,0.1418225395370022,0.1406886374730985,0.1218535583262841,0.1199539552392208,0.1273925093802227,1.0,0.0,1.0,0.0,1.0,0.0,8.153692058451325,54.43280437039324,0.5762921738796791,0.1245961010117987,8.758390038916161,47.74864594621289,0.5275632308699862,0.1140559943985273,0.3,0.2,0.18,1780.0
3214,1785.5555555555554,0.3132363394878507,0.1982231642217069,0.208284555199618,0.1579945709002765,0.1590739476506534,0.1390636939198313,0.1295522914717189,0.1363704835483769,0.1344436606102546,0.1366269327043423,0.2854500045141862,0.2008130709301941,0.1785797335680353,0.143149621682871,0.1460751149264297,0.1325760645400681,0.1183814334076301,0.1150356483150558,1.0,0.0,1.0,0.0,1.0,0.0,9.57743634799554,54.43280437039324,0.5762921738796791,0.1245961010117987,8.758390038916161,47.74864594621289,0.5275632308699862,0.1140559943985273,0.3,0.2,0.18,1785.5555555555554
3224,1791.111111111111,0.3348888131238491,0.2434907969665212,0.2167377853955903,0.1661904020411543,0.1545501824507756,0.1427401963072853,0.1446840709217589,0.1315130090099708,0.1339994451949503,0.1271037564678378,0.2827969456902366,0.1937609679866354,0.1834709323492467,0.1419562640544134,0.1488460836569485,0.1273626049770859,0.1250676634661512,0.1143880157697881,1.0,0.0,1.0,0.0,1.0,0.0,9.57743634799554,42.95976297524129,0.5762921738796791,0.1245961010117987,8.758390038916161,47.74864594621289,0.5275632308699862,0.1140559943985273,0.3,0.2,0.18,1791.111111111111
3234,1796.6666666666663,0.3667063639148757,0.2433026568112028,0.2276913479114941,0.1656955713877063,0.1660091887057611,0.1525946497563483,0.1400734168690007,0.1393715626716049,0.1354966426318306,0.1329484979090815,0.2827479159326307,0.1881225886936624,0.1837557488719413,0.1437863851843779,0.1302789520835248,0.1213403221766913,0.1245044340473393,0.1149003481774986,1.0,0.0,1.0,0.0,1.0,0.0,9.57743634799554,42.95976297524129,0.642535135212293,0.1245961010117987,8.758390038916161,47.74864594621289,0.5275632308699862,0.1140559943985273,0.3,0.2,0.18,1796.6666666666663
3244,1802.2222222222224,0.3597190079851534,0.2400863771507511,0.2218728164990681,0.1753083240038882,0.1672170653062722,0.1413768422690161,0.1361295736058107,0.1465087925965963,0.1308097650178776,0.1375480206215599,0.2794014745406616,0.1939840684165083,0.1761712492225685,0.1462805552022379,0.1372730082797661,0.1231440059332786,0.1140335583905152,0.1148857946226861,1.0,0.0,1.0,0.0,1.0,0.0,9.57743634799554,42.95976297524129,0.642535135212293,0.123798510045006,8.758390038916161,47.74864594621289,0.5275632308699862,0.1140559943985273,0.3,0.2,0.18,1802.2222222222224
3254,1807.7777777777776,0.351967668676848,0.244169143810028,0.2271207366673006,0.1740530625349043,0.1683322502014593,0.1429050296768229,0.1440591866476797,0.1226271017376176,0.1232336427416336,0.119875626761161,0.2803172547608333,0.1892305189635238,0.178518168923966,0.1459133322399197,0.1392213185976571,0.1267434329699484,0.1218247396108698,0.1143346468132991,1.0,0.0,1.0,0.0,1.0,0.0,9.57743634799554,42.95976297524129,0.642535135212293,0.123798510045006,8.761715834989083,47.74864594621289,0.5275632308699862,0.1140559943985273,0.3,0.2,0.18,1807.7777777777776
3264,1813.3333333333333,0.3600408240127608,0.234966476925844,0.2306193660832694,0.1742410138526297,0.1627756928764354,0.141626363199875,0.1403416089666589,0.1310536542675833,0.1329215352220017,0.1172509253246537,0.2925122185457674,0.2058036232981403,0.1890971938441249,0.1460352093326217,0.1400340555608326,0.1220250576202421,0.1295148129656311,0.1186340114772281,1.0,0.0,1.0,0.0,1.0,0.0,9.57743634799554,42.95976297524129,0.642535135212293,0.123798510045006,8.761715834989083,42.46762828555149,0.5275632308699862,0.1140559943985273,0.3,0.2,0.18,1813.3333333333333
3274,1818.8888888888887,0.3591714902980265,0.2385584667427926,0.219996773798722,0.1790051507549684,0.1651636115717185,0.146107895160112,0.1437773829290261,0.1413320639817893,0.1294907293289708,0.1298192431247659,0.285288100710716,0.1969779490270916,0.1763576027557153,0.1456147443255938,0.1380599143990578,0.1276881153601332,0.1326946031486676,0.1175096008114595,1.0,0.0,1.0,0.0,1.0,0.0,9.57743634799554,42.95976297524129,0.642535135212293,0.123798510045006,8.761715834989083,42.46762828555149,0.5183619826303218,0.1140559943985273,0.3,0.2,0.18,1818.8888888888887
3284,1824.4444444444443,0.3549996880561058,0.2460579579282741,0.2251838275907801,0.1799102503941411,0.1618803071790958,0.1426964120193476,0.1466614107319713,0.1294634540805948,0.1341342648717227,0.1265041078038115,0.3088137502631021,0.2284084915721015,0.2150877399087869,0.1805450969205552,0.1778901606921537,0.1586921833332834,0.1541932875909476,0.1597756819728905,1.0,0.0,1.0,0.0,1.0,0.0,9.57743634799554,42.95976297524129,0.642535135212293,0.123798510045006,8.761715834989083,42.46762828555149,0.5183619826303218,0.14818073727698,0.3,0.2,0.18,1824.4444444444443
3294,1830.0,0.3105396698496762,0.2176957440621922,0.1775221888676419,0.1492733657522119,0.1364493787497915,0.1333424781156833,0.1265066148792371,0.122812163060221,0.1273816929470455,0.116877021266135,0.3049874519310002,0.2318153725181365,0.2126182497800703,0.1846134102569672,0.1701002395855375,0.1582975291729597,0.151176338419005,0.1518046371986465,1.0,0.0,1.0,0.0,1.0,0.0,6.773620752325083,42.95976297524129,0.642535135212293,0.123798510045006,8.761715834989083,42.46762828555149,0.5183619826303218,0.14818073727698,0.3,0.2,0.18,1830.0
3304,1835.5555555555557,0.3105988497919275,0.2062926077967901,0.1783195557277827,0.1466348486079318,0.1349038613472905,0.128222503533129,0.1272458578960825,0.1248912731055815,0.1340506813747515,0.1240404214158056,0.3098470318036314,0.2293713727062856,0.2133675555520525,0.168094655346298,0.1756187299105386,0.1574838158368688,0.150058081581241,0.1499775241710625,1.0,0.0,1.0,0.0,1.0,0.0,6.773620752325083,43.536151182737925,0.642535135212293,0.123798510045006,8.761715834989083,42.46762828555149,0.5183619826303218,0.14818073727698,0.3,0.2,0.18,1835.5555555555557
3314,1841.111111111111,0.2961920982331845,0.1994904630196487,0.1774423161683815,0.1491911731193592,0.1447325480732691,0.1340004007342181,0.1181160732977607,0.127725918163312,0.1333614561817603,0.115154615908233,0.2995692029483811,0.227762018431579,0.2188824747607664,0.1737897021752579,0.1745633668810265,0.1618433811977886,0.1599522168239202,0.1454415946968283,1.0,0.0,1.0,0.0,1.0,0.0,6.773620752325083,43.536151182737925,0.6149905867658038,0.123798510045006,8.761715834989083,42.46762828555149,0.5183619826303218,0.14818073727698,0.3,0.2,0.18,1841.111111111111
3324,1846.6666666666663,0.257047181077001,0.153966378045012,0.1262750977519994,0.0946777064519117,0.0856638725521386,0.0654999169003413,0.073312816571511,0.0779159167549586,0.0605230279733591,0.0676966246344032,0.3124069058220992,0.2280235543503022,0.2118775227694523,0.1832350949094844,0.1742828392305495,0.1575737657689386,0.1546124073720935,0.154098058852204,1.0,0.0,1.0,0.0,1.0,0.0,6.773620752325083,43.536151182737925,0.6149905867658038,0.0669409554434452,8.761715834989083,42.46762828555149,0.5183619826303218,0.14818073727698,0.3,0.2,0.18,1846.6666666666663
3334,1852.2222222222224,0.2562341405817341,0.1472695451077611,0.1330202735605558,0.0989424048460149,0.0941830369548872,0.072289736508793,0.0688039998154222,0.067744010410558,0.0734096888672214,0.0572567252242316,0.3048880142440868,0.2204440726180676,0.2071792725183762,0.1739791647860984,0.1673969967716736,0.1643235563024394,0.1553279262665959,0.1496384330946441,1.0,0.0,1.0,0.0,1.0,0.0,6.773620752325083,43.536151182737925,0.6149905867658038,0.0669409554434452,8.2511765739835,42.46762828555149,0.5183619826303218,0.14818073727698,0.3,0.2,0.18,1852.2222222222224
3344,1857.7777777777776,0.2511731367251493,0.1561243343180276,0.1385753179380402,0.0900714487982314,0.0743937170864257,0.0731476383811554,0.0728676254783363,0.0736851556421957,0.0692371411324413,0.0694326458990578,0.3016691147426508,0.2224957331767424,0.2066214413038226,0.1780300457211336,0.167286700597781,0.1566891760491477,0.1568647661134171,0.1484385073567469,1.0,0.0,1.0,0.0,1.0,0.0,6.773620752325083,43.536151182737925,0.6149905867658038,0.0669409554434452,8.2511765739835,43.81114496316227,0.5183619826303218,0.14818073727698,0.3,0.2,0.18,1857.7777777777776
3354,1863.3333333333333,0.2568465237096756,0.1577556315573089,0.1263302209678155,0.0927981273407038,0.0898497600655801,0.0849505418328368,0.0732256460817078,0.0696946066270188,0.0703025262863873,0.0695126220652243,0.3575507081303471,0.2514859123551784,0.2240178396678093,0.1909875426426762,0.178062335177626,0.1616925013805519,0.1746936531795733,0.1561799982824381,1.0,0.0,1.0,0.0,1.0,0.0,6.773620752325083,43.536151182737925,0.6149905867658038,0.0669409554434452,8.2511765739835,43.81114496316227,0.6828855523119839,0.14818073727698,0.3,0.2,0.18,1863.3333333333333
3364,1868.8888888888887,0.251547445618744,0.1535858928898085,0.1301203835901003,0.0920340828901682,0.0963386236368604,0.0862235208832236,0.0776243231583597,0.0712403134499008,0.0628844897512269,0.0636629885577334,0.2941250027559777,0.1584000636948406,0.1363026593406477,0.081482407934579,0.0710629123213086,0.0429987993884504,0.0426454037999842,0.0350750548344282,1.0,0.0,1.0,0.0,1.0,0.0,6.773620752325083,43.536151182737925,0.6149905867658038,0.0669409554434452,8.2511765739835,43.81114496316227,0.6828855523119839,0.0325792269461583,0.3,0.2,0.18,1868.8888888888887
3374,1874.4444444444443,0.3057782352164834,0.1877282407130764,0.1612401350034831,0.1156400889632651,0.1138608148659906,0.0838501196225688,0.0784795129535532,0.0679807929953633,0.0731393001427598,0.0616068804672965,0.2896210447187503,0.1538899723648746,0.1323989494901067,0.079672686131458,0.069294237709409,0.0456201321252149,0.0489386185063524,0.0422387610820524,1.0,0.0,1.0,0.0,1.0,0.0,8.861155168597247,43.536151182737925,0.6149905867658038,0.0669409554434452,8.2511765739835,43.81114496316227,0.6828855523119839,0.0325792269461583,0.3,0.2,0.18,1874.4444444444443
3384,1880.0,0.3021669959652537,0.1914942937707123,0.171459374387266,0.1145980718149406,0.1067186146186274,0.0903551610001553,0.0838225598949205,0.0789905199503347,0.0757906837759452,0.0685992807277833,0.2923960477711951,0.1593535478888463,0.1261293267206907,0.084443613985294,0.0699672939678847,0.0461749202905727,0.0471476519811648,0.0392650966762958,1.0,0.0,1.0,0.0,1.0,0.0,8.861155168597247,41.352070505481215,0.6149905867658038,0.0669409554434452,8.2511765739835,43.81114496316227,0.6828855523119839,0.0325792269461583,0.3,0.2,0.18,1880.0
3394,1885.5555555555557,0.2902428330256843,0.1806044130634441,0.1635163330201461,0.1136528730486339,0.1060302670151975,0.090094847476882,0.0885528045369905,0.0684880496328026,0.0758206326221265,0.0696495617332226,0.2953322006723323,0.1560582759237052,0.1328720592738626,0.0837045052599628,0.0734684207582464,0.0446318360371221,0.0399523352285357,0.036641383977522,1.0,0.0,1.0,0.0,1.0,0.0,8.861155168597247,41.352070505481215,0.594680517551433,0.0669409554434452,8.2511765739835,43.81114496316227,0.6828855523119839,0.0325792269461583,0.3,0.2,0.18,1885.5555555555557
3404,1891.111111111111,0.2616823930184111,0.1329067682447424,0.1029982150162056,0.0577810164322186,0.0573909541256666,0.0284498463513681,0.0310996602820105,0.0093570299149894,0.009073108924693,0.0017751973957424,0.2948398237574279,0.1573038601196663,0.123537820640204,0.0781678119735004,0.0735176350149392,0.0487300961716191,0.0469832545706572,0.0417047524749182,1.0,0.0,1.0,0.0,1.0,0.0,8.861155168597247,41.352070505481215,0.594680517551433,0.0048837489967789,8.2511765739835,43.81114496316227,0.6828855523119839,0.0325792269461583,0.3,0.2,0.18,1891.111111111111
3414,1896.6666666666663,0.2602283686619902,0.13284395660592,0.1117118141946708,0.0571232668870949,0.0512704321733965,0.028693098941292,0.0259021151652128,0.0155064901648285,0.0085988911730936,0.0014370435937454,0.2584781393924731,0.1270962473348811,0.1117887129750704,0.0629738858329738,0.0589214951376464,0.0348169722121477,0.0448378059601886,0.0398625023383555,1.0,0.0,1.0,0.0,1.0,0.0,8.861155168597247,41.352070505481215,0.594680517551433,0.0048837489967789,6.941432119191309,43.81114496316227,0.6828855523119839,0.0325792269461583,0.3,0.2,0.18,1896.6666666666663
3424,1902.2222222222224,0.2587877341322925,0.1348862070089355,0.1107413487533144,0.0607726681642732,0.0534843568324317,0.0156249221676133,0.0243387311510387,0.0148134667499607,0.0112637296166939,0.016287410802837,0.2527240617554481,0.1311988862564712,0.1073615648159084,0.0623124192661947,0.0575678710381624,0.0490456135199559,0.0370447853538179,0.0405549507930719,1.0,0.0,1.0,0.0,1.0,0.0,8.861155168597247,41.352070505481215,0.594680517551433,0.0048837489967789,6.941432119191309,46.24461348350058,0.6828855523119839,0.0325792269461583,0.3,0.2,0.18,1902.2222222222224
3434,1907.7777777777776,0.2567467106830698,0.1264764127323867,0.116539999885625,0.0551702812820655,0.0398332522223354,0.0169031086961302,0.025142632828483,0.007378515130255,0.0126897703864105,0.0030044591022237,0.2565779624025971,0.1269682537504496,0.1087104297056133,0.0633368957183375,0.0568369517167676,0.042312058395191,0.0458192665551993,0.0407962517711296,1.0,0.0,1.0,0.0,1.0,0.0,8.861155168597247,41.352070505481215,0.594680517551433,0.0048837489967789,6.941432119191309,46.24461348350058,0.6439496878277151,0.0325792269461583,0.3,0.2,0.18,1907.7777777777776
3444,1913.3333333333333,0.2597417564945241,0.1354940003816325,0.1083707667643617,0.0468405777605306,0.0435653178873239,0.0333031517423742,0.0176774796355883,0.0181539795986987,0.0139276550022207,0.0092986156257769,0.2647863510352161,0.158849901883724,0.1366883526599663,0.0962282730057496,0.0853162525184445,0.0780327646015735,0.0787527871485642,0.0725395868717464,1.0,0.0,1.0,0.0,1.0,0.0,8.861155168597247,41.352070505481215,0.594680517551433,0.0048837489967789,6.941432119191309,46.24461348350058,0.6439496878277151,0.0682526224728599,0.3,0.2,0.18,1913.3333333333333
3454,1918.8888888888887,0.2080635837628006,0.1034719030935402,0.0784407174276207,0.0409512046131632,0.0249481209663877,0.012182469012408,0.0109276855971286,0.0136851384689917,0.0119696252040548,0.0159122757759547,0.2703442657148234,0.1520791171603205,0.1342353537467298,0.0846515792430622,0.0923650591076035,0.0815325765011186,0.0676741887163624,0.064993093326859,1.0,0.0,1.0,0.0,1.0,0.0,6.581677959657334,41.352070505481215,0.594680517551433,0.0048837489967789,6.941432119191309,46.24461348350058,0.6439496878277151,0.0682526224728599,0.3,0.2,0.18,1918.8888888888887
3464,1924.4444444444443,0.1770371048615183,0.0799736370162964,0.058029100786743,0.0287445891869272,0.0212690557901784,0.0070447987379907,0.0051975702307756,0.0044908266962333,0.0123062818248804,0.0120332877193537,0.2716481725697953,0.1550855961966405,0.1317873785557405,0.0805499027358933,0.0922279042332568,0.0805126365454736,0.0663120817527873,0.0593401330853773,1.0,0.0,1.0,0.0,1.0,0.0,6.581677959657334,59.90723318857994,0.594680517551433,0.0048837489967789,6.941432119191309,46.24461348350058,0.6439496878277151,0.0682526224728599,0.3,0.2,0.18,1924.4444444444443
3474,1930.0,0.2103203184706877,0.0762368063614534,0.0482448274899251,0.0258543438529239,0.0313914492794543,0.0160592088674284,0.0053750420993062,0.0040178806974334,0.0116234894959142,0.0036872637138353,0.2605533958060886,0.1607896870211834,0.1478001420679214,0.0850862063450518,0.0914831896366581,0.0809269191804904,0.0794268070787888,0.0716493664066926,1.0,0.0,1.0,0.0,1.0,0.0,6.581677959657334,59.90723318857994,0.6777398613416665,0.0048837489967789,6.941432119191309,46.24461348350058,0.6439496878277151,0.0682526224728599,0.3,0.2,0.18,1930.0
3484,1935.5555555555557,0.304693159347365,0.1898848307376393,0.1918099096371605,0.1522439897102934,0.1488584737614702,0.1454714992354033,0.1476700243827298,0.1428169172217526,0.1449884647629213,0.1339255441594786,0.2789554373417268,0.1577523462247297,0.1318763061239921,0.0948950331540369,0.0799828824938665,0.0771306654978393,0.07746745862664,0.0689589346069432,1.0,0.0,1.0,0.0,1.0,0.0,6.581677959657334,59.90723318857994,0.6777398613416665,0.1374485902460104,6.941432119191309,46.24461348350058,0.6439496878277151,0.0682526224728599,0.3,0.2,0.18,1935.5555555555557
3494,1941.111111111111,0.3078261898577912,0.1995865929119628,0.1849394779408982,0.1504326077378612,0.1506800486295976,0.1381268887805498,0.1375846190370664,0.134069132335285,0.1378071313619386,0.1275269001534438,0.2638381115987703,0.15836802796734,0.1356664293805514,0.0926849970074915,0.0828060491175161,0.0784181919890699,0.0759333355197242,0.0683052271399212,1.0,0.0,1.0,0.0,1.0,0.0,6.581677959657334,59.90723318857994,0.6777398613416665,0.1374485902460104,6.739726590220917,46.24461348350058,0.6439496878277151,0.0682526224728599,0.3,0.2,0.18,1941.111111111111
3504,1946.6666666666663,0.2947839157090503,0.2007354627927362,0.1845141749519616,0.152917427860035,0.148063320429536,0.1418062495050339,0.1422050241220801,0.1341615168751549,0.136727020417633,0.1396647007781852,0.2630657526123546,0.1466955360870623,0.1303538152345594,0.1054880652331261,0.0818728435742418,0.0685883086950525,0.0744289616731892,0.067124435811173,1.0,0.0,1.0,0.0,1.0,0.0,6.581677959657334,59.90723318857994,0.6777398613416665,0.1374485902460104,6.739726590220917,47.88220509449936,0.6439496878277151,0.0682526224728599,0.3,0.2,0.18,1946.6666666666663
3514,1952.2222222222224,0.3027200179307467,0.2071968918381747,0.1872726641826171,0.1524652539405923,0.159050633524974,0.1444332223274695,0.1458018533110455,0.1405906516241436,0.1333748011085554,0.1468464789784335,0.2318173567974587,0.1364210020654441,0.1183417824881134,0.0852430476547287,0.0776063021910358,0.075847077796876,0.0768603522125141,0.0688233084558309,1.0,0.0,1.0,0.0,1.0,0.0,6.581677959657334,59.90723318857994,0.6777398613416665,0.1374485902460104,6.739726590220917,47.88220509449936,0.5454359001826706,0.0682526224728599,0.3,0.2,0.18,1952.2222222222224
3524,1957.7777777777776,0.3031308929079448,0.2040809578477436,0.1802580163578362,0.1518672122813941,0.1458476564086806,0.1430404483600378,0.1386176731106919,0.1390247362391566,0.1439816622256423,0.1355879030296356,0.1993472068388714,0.0913011134786939,0.0737826254612692,0.0350463663206125,0.0372889526152607,0.0287079509075368,0.0217417737202352,0.0203929259820582,1.0,0.0,1.0,0.0,1.0,0.0,6.581677959657334,59.90723318857994,0.6777398613416665,0.1374485902460104,6.739726590220917,47.88220509449936,0.5454359001826706,0.0187359573266498,0.3,0.2,0.18,1957.7777777777776
3534,1963.3333333333333,0.2971322553213318,0.1914090519886807,0.1896188421887972,0.1551428972971905,0.1531191211189219,0.1398845520450302,0.138261048385496,0.1361247149824524,0.1329190096250487,0.1400256351948473,0.2017164887840165,0.0979265441045872,0.0893349981719027,0.0408693583207178,0.039784093314954,0.022323354381263,0.024712331749636,0.0213497997595744,1.0,0.0,1.0,0.0,1.0,0.0,6.505676558930355,59.90723318857994,0.6777398613416665,0.1374485902460104,6.739726590220917,47.88220509449936,0.5454359001826706,0.0187359573266498,0.3,0.2,0.18,1963.3333333333333
3544,1968.8888888888887,0.3045537035105035,0.2197113959697745,0.1973402638465855,0.1612669450811339,0.1548479178033283,0.1491079684616787,0.1425691391100576,0.1410819592173181,0.1272144393604557,0.1389141292206312,0.2011589976653717,0.0953817569368544,0.0688047975737722,0.0417002937285737,0.037157384262954,0.0225745872698337,0.0203988223394566,0.0129717551165492,1.0,0.0,1.0,0.0,1.0,0.0,6.505676558930355,50.06672895972814,0.6777398613416665,0.1374485902460104,6.739726590220917,47.88220509449936,0.5454359001826706,0.0187359573266498,0.3,0.2,0.18,1968.8888888888887
3554,1974.4444444444443,0.2667886418451377,0.1899223793637506,0.1774163992187022,0.1533059529255906,0.1528806587851362,0.1401817454115737,0.1308650186139118,0.1396349265207246,0.1365733110418237,0.1439229987518747,0.2008926498198335,0.1001175530907187,0.0651178909883151,0.0423570260651786,0.0394200068593375,0.0246731185125295,0.0291497816651417,0.0263085551648475,1.0,0.0,1.0,0.0,1.0,0.0,6.505676558930355,50.06672895972814,0.524626731213278,0.1374485902460104,6.739726590220917,47.88220509449936,0.5454359001826706,0.0187359573266498,0.3,0.2,0.18,1974.4444444444443
3564,1980.0,0.1869413189593355,0.0952222435518635,0.0738353174231393,0.0457862222770107,0.0379025584413073,0.0392037590503269,0.024878146807574,0.0177156028859589,0.0293939928359855,0.0181672614938112,0.1967259703479637,0.0920281451192539,0.0733732289982438,0.0405318911538401,0.0282113522145992,0.0247697960439481,0.0195201705714138,0.018974265647258,1.0,0.0,1.0,0.0,1.0,0.0,6.505676558930355,50.06672895972814,0.524626731213278,0.026445655705219,6.739726590220917,47.88220509449936,0.5454359001826706,0.0187359573266498,0.3,0.2,0.18,1980.0
3574,1985.5555555555557,0.1860663373366845,0.0935058442407546,0.0770522341132129,0.0556817830396,0.047942285272822,0.0308269448100269,0.0332927989834002,0.0257320485959182,0.0320824077022283,0.0337319606155706,0.2253167046403922,0.115885366381864,0.0958244624912332,0.0581371965347506,0.0391341149970808,0.029160862253853,0.0310779693491878,0.0324897307540697,1.0,0.0,1.0,0.0,1.0,0.0,6.505676558930355,50.06672895972814,0.524626731213278,0.026445655705219,8.581427041372862,47.88220509449936,0.5454359001826706,0.0187359573266498,0.3,0.2,0.18,1985.5555555555557
3584,1991.111111111111,0.183565679045947,0.0965434716012509,0.0788201652275224,0.0520960233316565,0.0393012995084088,0.0341521124149903,0.0269996112836868,0.0303975105953532,0.0298287406904873,0.0245247808430007,0.2291028979103435,0.1056367511781534,0.0937616489409339,0.0589046561346237,0.0524792744446105,0.0433255552707477,0.0308395816465395,0.0312741573321625,1.0,0.0,1.0,0.0,1.0,0.0,6.505676558930355,50.06672895972814,0.524626731213278,0.026445655705219,8.581427041372862,49.68485537267863,0.5454359001826706,0.0187359573266498,0.3,0.2,0.18,1991.111111111111
3594,1996.6666666666663,0.1886290916043746,0.0923331921189339,0.0789624415178835,0.0506605406653819,0.0386657605076206,0.0269639692106076,0.0328551301361776,0.0239479423126631,0.0305074795620266,0.0321232769748863,0.2269782040236159,0.1108314410145302,0.0909474946523816,0.0565608656138169,0.0553364718884259,0.0251241452273718,0.0329514765595364,0.0267502938280608,1.0,0.0,1.0,0.0,1.0,0.0,6.505676558930355,50.06672895972814,0.524626731213278,0.026445655705219,8.581427041372862,49.68485537267863,0.5367407042040498,0.0187359573266498,0.3,0.2,0.18,1996.6666666666663
3604,2002.2222222222224,0.1857637632828267,0.0933866995497108,0.0755727575546013,0.0493145558054848,0.0367669794600928,0.0358566911154582,0.0282214888872763,0.0286779545292864,0.024116311428742,0.0240162835067052,0.2756740451189218,0.1829730745945075,0.157592563987017,0.1288514068836236,0.1313595444650618,0.1019206143161796,0.1060516743643605,0.1171283592552716,1.0,0.0,1.0,0.0,1.0,0.0,6.505676558930355,50.06672895972814,0.524626731213278,0.026445655705219,8.581427041372862,49.68485537267863,0.5367407042040498,0.1004796839725968,0.3,0.2,0.18,2002.2222222222224
3614,2007.7777777777776,0.2016479153918759,0.103456138197822,0.0800677290367957,0.0503608830858363,0.0418297521898731,0.0335560495732163,0.0417413593276584,0.03075340172669,0.0307402252227222,0.0381181482075543,0.2782057041968291,0.1834636063823611,0.1740391653162022,0.128336643439554,0.122457327737427,0.1038387758415294,0.1045588494572959,0.1025511985001618,1.0,0.0,1.0,0.0,1.0,0.0,7.2507676086234225,50.06672895972814,0.524626731213278,0.026445655705219,8.581427041372862,49.68485537267863,0.5367407042040498,0.1004796839725968,0.3,0.2,0.18,2007.7777777777776
3624,2013.3333333333333,0.1928445422527427,0.1007034608527933,0.0910656605819094,0.0463930699947997,0.0448598917243945,0.0302280502265019,0.032758698790919,0.0215962677724977,0.0304551346355767,0.0291391453543261,0.2730722216750174,0.1684578764812462,0.1588899059420055,0.1405234836785607,0.1287410450109419,0.1185355612459318,0.1190079911243672,0.1032316883101889,1.0,0.0,1.0,0.0,1.0,0.0,7.2507676086234225,50.53874400100114,0.524626731213278,0.026445655705219,8.581427041372862,49.68485537267863,0.5367407042040498,0.1004796839725968,0.3,0.2,0.18,2013.3333333333333
3634,2018.8888888888887,0.2116942582290751,0.1053529007265927,0.0841354408364453,0.0493734241218925,0.0454252722701734,0.0369913488800063,0.0358840039608921,0.0305309292751754,0.026065600235165,0.0217114789217344,0.2769032232844073,0.1884165974588801,0.1680960124584848,0.1297095070911775,0.1259453258117207,0.110507483922155,0.1119075575340265,0.1077589695307652,1.0,0.0,1.0,0.0,1.0,0.0,7.2507676086234225,50.53874400100114,0.5565905735724689,0.026445655705219,8.581427041372862,49.68485537267863,0.5367407042040498,0.1004796839725968,0.3,0.2,0.18,2018.8888888888887
3644,2024.4444444444443,0.2433128732334527,0.1552007336655008,0.1374757133523753,0.1009335472990973,0.0938037639794481,0.0936079551704172,0.0853928774853783,0.0769310198519755,0.0853795966228039,0.0721283650608147,0.2753616238254183,0.1719916398874357,0.164179795033878,0.1224533190736318,0.1277774982859931,0.1116431044212437,0.1106726435520137,0.1014702063139435,1.0,0.0,1.0,0.0,1.0,0.0,7.2507676086234225,50.53874400100114,0.5565905735724689,0.0774241781266415,8.581427041372862,49.68485537267863,0.5367407042040498,0.1004796839725968,0.3,0.2,0.18,2024.4444444444443
3654,2030.0,0.2444953832081819,0.1478895247633507,0.1309585570401284,0.0989265257781992,0.0985343307752789,0.0898914370932027,0.0777063733214452,0.076554648770523,0.0808655392033466,0.0883590183385136,0.2748162164495669,0.1756757520577271,0.1630920971557496,0.1278179342624896,0.1193465244114961,0.1062692768266635,0.1005828042341656,0.1100595337358365,1.0,0.0,1.0,0.0,1.0,0.0,7.2507676086234225,50.53874400100114,0.5565905735724689,0.0774241781266415,7.885600772247455,49.68485537267863,0.5367407042040498,0.1004796839725968,0.3,0.2,0.18,2030.0
3664,2035.5555555555557,0.246755014799915,0.1438370526088509,0.1329473365810975,0.1113442917800069,0.1087872367126834,0.0848761107128563,0.085359484092365,0.0783931474521637,0.0768959730728176,0.0813497558462608,0.2614420291556215,0.1673233960433592,0.1518355219081732,0.1276378903818611,0.1239307777891812,0.105218517915266,0.1023084747526471,0.1028680057291931,1.0,0.0,1.0,0.0,1.0,0.0,7.2507676086234225,50.53874400100114,0.5565905735724689,0.0774241781266415,7.885600772247455,50.72416159082536,0.5367407042040498,0.1004796839725968,0.3,0.2,0.18,2035.5555555555557
3674,2041.111111111111,0.2396670471097827,0.1552275462506056,0.1296159191255207,0.092245250966887,0.1004652160237227,0.0838433237690058,0.0832015405050655,0.0784527678273875,0.0784077026676717,0.0788056902786935,0.2758697191783261,0.1731512087666016,0.1719210461616896,0.1266144239159583,0.1195716736913213,0.1157544996429662,0.108965205820015,0.1051433525307907,1.0,0.0,1.0,0.0,1.0,0.0,7.2507676086234225,50.53874400100114,0.5565905735724689,0.0774241781266415,7.885600772247455,50.72416159082536,0.5791208214589801,0.1004796839725968,0.3,0.2,0.18,2041.111111111111
3684,2046.6666666666663,0.2470755664739957,0.1452885754550265,0.1272182255430109,0.1030913888512778,0.0919942405813913,0.0888452211644098,0.0783506001001133,0.0790837349152279,0.0773815015546888,0.0817337786605108,0.2983919115700044,0.1978724898160591,0.1806327645279431,0.1484725875612829,0.1395309095495826,0.123578494634772,0.1308520209855523,0.1168454114753768,1.0,0.0,1.0,0.0,1.0,0.0,7.2507676086234225,50.53874400100114,0.5565905735724689,0.0774241781266415,7.885600772247455,50.72416159082536,0.5791208214589801,0.1186220698155793,0.3,0.2,0.18,2046.6666666666663
3694,2052.222222222222,0.2797231140224632,0.1796020424372095,0.1484733590848279,0.1117443733431418,0.1029563077260071,0.0850641726483254,0.0885740552470393,0.0797683761851548,0.0722774120433644,0.0808523370262199,0.2910328313526551,0.1927764878144616,0.1840179749244563,0.1417068920059598,0.138432156923357,0.1370415633488641,0.1329620823423321,0.1199830236716308,1.0,0.0,1.0,0.0,1.0,0.0,9.19499983726619,50.53874400100114,0.5565905735724689,0.0774241781266415,7.885600772247455,50.72416159082536,0.5791208214589801,0.1186220698155793,0.3,0.2,0.18,2052.222222222222
3704,2057.777777777778,0.292036381364187,0.1909238012424181,0.1677406649162432,0.1205769312828085,0.1187553684430141,0.0913112650466008,0.096832137166666,0.0812523324636857,0.089284704343765,0.0830283496656177,0.2877087649435758,0.1923830669566195,0.1733784043334377,0.1315961881761116,0.1402069829648714,0.1240171636958661,0.1212026194086202,0.1176488176489006,1.0,0.0,1.0,0.0,1.0,0.0,9.19499983726619,43.587425273764126,0.5565905735724689,0.0774241781266415,7.885600772247455,50.72416159082536,0.5791208214589801,0.1186220698155793,0.3,0.2,0.18,2057.777777777778
3714,2063.333333333333,0.2746692018901483,0.1872871938030193,0.1563728240528935,0.1179976215860514,0.0981889720214613,0.0846951022283603,0.0899744237212761,0.083192882164162,0.0816004145453909,0.0733979038949026,0.2995486712333394,0.1894368351255563,0.1736834499337455,0.1380989883805121,0.1372571189506645,0.1293315397056219,0.1197954541574471,0.1230624209410102,1.0,0.0,1.0,0.0,1.0,0.0,9.19499983726619,43.587425273764126,0.5272617449636061,0.0774241781266415,7.885600772247455,50.72416159082536,0.5791208214589801,0.1186220698155793,0.3,0.2,0.18,2063.333333333333
3724,2068.8888888888887,0.2456179182436667,0.1359428491157839,0.1123128529230441,0.0558450076416869,0.0560207493150371,0.031861402626891,0.0363960384375637,0.0233487260511583,0.0170879497608758,0.0325270602502294,0.28861845569119,0.1961185271791975,0.1823110303203132,0.1470127915087009,0.1355249148721747,0.128612670113865,0.1250333845966415,0.1146836936867821,1.0,0.0,1.0,0.0,1.0,0.0,9.19499983726619,43.587425273764126,0.5272617449636061,0.0169787461173064,7.885600772247455,50.72416159082536,0.5791208214589801,0.1186220698155793,0.3,0.2,0.18,2068.8888888888887
3734,2074.4444444444443,0.2491083654139281,0.1334339073359705,0.1176643605062455,0.0649455740095441,0.0535147469301585,0.0349607716640288,0.026691493587104,0.0245269039822427,0.0304921136039744,0.0187936754085542,0.3070055121659542,0.2118466763029113,0.1910709346516066,0.1507240525448609,0.1405350202404734,0.1360827710829543,0.126033785565265,0.1146709274508818,1.0,0.0,1.0,0.0,1.0,0.0,9.19499983726619,43.587425273764126,0.5272617449636061,0.0169787461173064,8.938790191344951,50.72416159082536,0.5791208214589801,0.1186220698155793,0.3,0.2,0.18,2074.4444444444443
3744,2080.0,0.2332163449193251,0.125728880987387,0.113572622945491,0.0594391846437066,0.0600336318674854,0.0296761043964208,0.0263223381726692,0.0249537740397493,0.022770216849955,0.0252615792481318,0.2936699003434034,0.1788160966109062,0.183886616080992,0.1513364867985319,0.1372824669744556,0.1278286337559346,0.1257831805557821,0.1226191777997138,1.0,0.0,1.0,0.0,1.0,0.0,9.19499983726619,43.587425273764126,0.5272617449636061,0.0169787461173064,8.938790191344951,58.83182605711836,0.5791208214589801,0.1186220698155793,0.3,0.2,0.18,2080.0
3754,2085.555555555556,0.2414372393027068,0.1125207443490727,0.0969568034929331,0.0612257601053952,0.0554302725117223,0.0343557528268792,0.0377754816780179,0.0231409443888178,0.035890937668568,0.0253467154324379,0.2903053353762153,0.1950041765118848,0.1751510462452025,0.1465728839721008,0.1422766901994779,0.1271313942435628,0.1281834295058069,0.118688056103605,1.0,0.0,1.0,0.0,1.0,0.0,9.19499983726619,43.587425273764126,0.5272617449636061,0.0169787461173064,8.938790191344951,58.83182605711836,0.5461334364602205,0.1186220698155793,0.3,0.2,0.18,2085.555555555556
3764,2091.111111111111,0.2339181883245709,0.1185614089204525,0.1087336750817663,0.065868690169347,0.0605039685317688,0.0245139496371008,0.0329962290808154,0.0313858862923828,0.0173586288399643,0.0261051190638672,0.2948476195111424,0.2129926553950202,0.2055484560925745,0.1660658892824863,0.1696353449709424,0.1547666814452085,0.1502285062600786,0.1514493244865542,1.0,0.0,1.0,0.0,1.0,0.0,9.19499983726619,43.587425273764126,0.5272617449636061,0.0169787461173064,8.938790191344951,58.83182605711836,0.5461334364602205,0.1454861360373257,0.3,0.2,0.18,2091.111111111111
3774,2096.6666666666665,0.2055533680797754,0.1037155180572278,0.0767364797429257,0.0451184423268876,0.0400983991044461,0.0277697679669003,0.0154691581315492,0.015116735361861,0.0136394991706222,0.0121058786239781,0.3074042276957835,0.2107096910765951,0.2031602467659551,0.1702490824622788,0.1623367182823039,0.1531310198068073,0.1488881359607076,0.1510606640585301,1.0,0.0,1.0,0.0,1.0,0.0,7.065016534794893,43.587425273764126,0.5272617449636061,0.0169787461173064,8.938790191344951,58.83182605711836,0.5461334364602205,0.1454861360373257,0.3,0.2,0.18,2096.6666666666665
3784,2102.222222222222,0.1950769165744771,0.0972456394848216,0.0691443020579077,0.0495091634970718,0.0232213167399842,0.0305181925466493,0.0239793182421411,0.0174532080923926,0.0244839618459338,0.0202367548247732,0.3011212335950731,0.2045031991963951,0.2102561109363704,0.1728502893253091,0.1552164534356303,0.1458079776761953,0.1545348263981365,0.1433562648657899,1.0,0.0,1.0,0.0,1.0,0.0,7.065016534794893,50.12952032376262,0.5272617449636061,0.0169787461173064,8.938790191344951,58.83182605711836,0.5461334364602205,0.1454861360373257,0.3,0.2,0.18,2102.222222222222
3794,2107.777777777778,0.2146776137074039,0.103269641258252,0.0913080835522869,0.0337635192090382,0.0396018645331609,0.02455815338577,0.0222268267627032,0.0235059790672379,0.0205097027458211,0.0079706840966495,0.3021628182082023,0.2067593231761843,0.2108890829785779,0.1578464288608675,0.1605841368673694,0.1533668270750732,0.1611918468758201,0.1572288372754398,1.0,0.0,1.0,0.0,1.0,0.0,7.065016534794893,50.12952032376262,0.599477008843903,0.0169787461173064,8.938790191344951,58.83182605711836,0.5461334364602205,0.1454861360373257,0.3,0.2,0.18,2107.777777777778
3804,2113.333333333333,0.3004602299741489,0.206556312719781,0.1837096201579821,0.1610820364330588,0.160828685054753,0.1483018886986168,0.144016937361242,0.1388798691431152,0.1333655096875863,0.1383380010991904,0.3042261172134943,0.2220387362528457,0.2006971642637803,0.1603610959895124,0.169959815903295,0.1482663569289666,0.157673801321764,0.1594574355881317,1.0,0.0,1.0,0.0,1.0,0.0,7.065016534794893,50.12952032376262,0.599477008843903,0.137243385410826,8.938790191344951,58.83182605711836,0.5461334364602205,0.1454861360373257,0.3,0.2,0.18,2113.333333333333
3814,2118.8888888888887,0.2994346179023084,0.2112519725727882,0.1937726340689936,0.1583412908363617,0.1524956961946763,0.1379600556741241,0.1405513992965733,0.1355101698512346,0.1305227837552796,0.1429654002789227,0.261894248101296,0.1883603743816004,0.1786581299638811,0.1500965776774875,0.1546026494257256,0.137592963064419,0.1505638129937107,0.1426481435391831,1.0,0.0,1.0,0.0,1.0,0.0,7.065016534794893,50.12952032376262,0.599477008843903,0.137243385410826,6.12158657968433,58.83182605711836,0.5461334364602205,0.1454861360373257,0.3,0.2,0.18,2118.8888888888887
3824,2124.4444444444443,0.2926134471740108,0.2094023577610402,0.1950015611788268,0.1609603372180546,0.1561662420385849,0.1460944873137655,0.1412616914907164,0.1462057337994742,0.1359891880555673,0.1361936443824782,0.2856040189670988,0.2044776913645922,0.1834613502529886,0.1532025984398357,0.1569191407737598,0.1513240917194932,0.1503536030149626,0.140572759973147,1.0,0.0,1.0,0.0,1.0,0.0,7.065016534794893,50.12952032376262,0.599477008843903,0.137243385410826,6.12158657968433,46.30701628868763,0.5461334364602205,0.1454861360373257,0.3,0.2,0.18,2124.4444444444443
3834,2130.0,0.2929756829980035,0.2038131343690201,0.1819804475026311,0.1581001142137811,0.1475535375720338,0.1504179045185665,0.151133531341556,0.1364209087199736,0.144491458308461,0.1370041798625026,0.2925523350781903,0.2127330866913823,0.1912458648533606,0.1675965529796093,0.1498411809036374,0.1484730712127032,0.1496846994541964,0.15043251827183,1.0,0.0,1.0,0.0,1.0,0.0,7.065016534794893,50.12952032376262,0.599477008843903,0.137243385410826,6.12158657968433,46.30701628868763,0.6199949396931455,0.1454861360373257,0.3,0.2,0.18,2130.0
3844,2135.555555555556,0.2883742171351442,0.2106781776233618,0.1863307575180691,0.1575086485374816,0.1579518594985788,0.1525667270708291,0.1462748851563654,0.1403888349488261,0.1288840614755308,0.1426510063148541,0.2041542483972828,0.1001875111465137,0.0699956231178982,0.0393241383976685,0.0269274730185759,0.0179117906168604,0.0099379641528203,0.0115389458932867,1.0,0.0,1.0,0.0,1.0,0.0,7.065016534794893,50.12952032376262,0.599477008843903,0.137243385410826,6.12158657968433,46.30701628868763,0.6199949396931455,0.0099597327754918,0.3,0.2,0.18,2135.555555555556
3854,2141.111111111111,0.2967928853175737,0.2076165225593376,0.1856365336598625,0.1652477579674642,0.1508302497408829,0.1436284902264813,0.147359775023268,0.1307140876505117,0.14248486049025,0.1468092130434631,0.209244377703196,0.0935465631446193,0.0678570839498066,0.0355414884476508,0.0208810830227044,0.0063375536512049,0.0178760142234412,-0.0005237051490732,1.0,0.0,1.0,0.0,1.0,0.0,7.1569618444992695,50.12952032376262,0.599477008843903,0.137243385410826,6.12158657968433,46.30701628868763,0.6199949396931455,0.0099597327754918,0.3,0.2,0.18,2141.111111111111
3864,2146.6666666666665,0.3024260431839763,0.2088937905876618,0.1862725849989044,0.1606559011593015,0.1581362424642992,0.1446880404568971,0.144097209304948,0.1395422594485497,0.1426234912198436,0.1363708849106974,0.1948655673687098,0.0893211193590613,0.0661282977356405,0.0395332495055491,0.02427898171782,0.019513199302707,0.0076986927156637,0.0069495465291661,1.0,0.0,1.0,0.0,1.0,0.0,7.1569618444992695,49.30126908195081,0.599477008843903,0.137243385410826,6.12158657968433,46.30701628868763,0.6199949396931455,0.0099597327754918,0.3,0.2,0.18,2146.6666666666665
3874,2152.222222222222,0.3327651203454078,0.2141385596175657,0.1981274775729699,0.162324122080365,0.1555188846352246,0.1616837577006191,0.1454944293684797,0.1471123032042251,0.1332695676723587,0.1369302328773657,0.2001454564502157,0.0971638724639375,0.0612193858306284,0.0230318361766744,0.0289714108465588,0.0125656433355971,0.0054356492899638,0.0166196201822195,1.0,0.0,1.0,0.0,1.0,0.0,7.1569618444992695,49.30126908195081,0.6761714053738455,0.137243385410826,6.12158657968433,46.30701628868763,0.6199949396931455,0.0099597327754918,0.3,0.2,0.18,2152.222222222222
3884,2157.777777777778,0.3010315974079858,0.2000962285201802,0.1828467375763749,0.1494470921203388,0.1340246140192703,0.1226182410963283,0.1259834341123247,0.1147588715662789,0.123701955764948,0.1029245845811057,0.2022057277978507,0.0953040350331841,0.0636104001120146,0.0354581014037731,0.0236376938585091,0.0171444351934518,0.0246158617014927,0.0104800480986547,1.0,0.0,1.0,0.0,1.0,0.0,7.1569618444992695,49.30126908195081,0.6761714053738455,0.1141439282486681,6.12158657968433,46.30701628868763,0.6199949396931455,0.0099597327754918,0.3,0.2,0.18,2157.777777777778
3894,2163.333333333333,0.3093683408717196,0.1875218862316547,0.1810340677520628,0.1447902110459085,0.132580172093161,0.1351647638050574,0.1194123889082036,0.1139270788472257,0.1162035831616056,0.1042604115151578,0.2639625510491754,0.1223564396304583,0.1009807753912667,0.0541709010504767,0.051598797695682,0.0276702426830419,0.0158442477513409,0.0142145618783483,1.0,0.0,1.0,0.0,1.0,0.0,7.1569618444992695,49.30126908195081,0.6761714053738455,0.1141439282486681,8.486941408685224,46.30701628868763,0.6199949396931455,0.0099597327754918,0.3,0.2,0.18,2163.333333333333
3904,2168.8888888888887,0.3156006301092369,0.1983560234605866,0.1782453943315441,0.1402752213754997,0.1332227099185537,0.1181076422958504,0.1212081435335697,0.1112565022721855,0.1100026144188154,0.1181516797557373,0.2431451264930381,0.1024753914218978,0.0972491573809609,0.0474805806133753,0.0386770427015556,0.021711112378381,0.0221293964922455,0.0177839631834436,1.0,0.0,1.0,0.0,1.0,0.0,7.1569618444992695,49.30126908195081,0.6761714053738455,0.1141439282486681,8.486941408685224,55.22139545058625,0.6199949396931455,0.0099597327754918,0.3,0.2,0.18,2168.8888888888887
3914,2174.4444444444443,0.3142371813250365,0.1977126473907646,0.1880814898511424,0.1409457294077294,0.1360293622076284,0.1258447968133552,0.1275830587740283,0.1100556342939505,0.1162202268065644,0.1142443516625318,0.2430122465954722,0.1162305978295924,0.0957467294110975,0.0415290208928193,0.0302668667721616,0.017133258587065,0.0137686372635479,0.0084456856374881,1.0,0.0,1.0,0.0,1.0,0.0,7.1569618444992695,49.30126908195081,0.6761714053738455,0.1141439282486681,8.486941408685224,55.22139545058625,0.6415441552099566,0.0099597327754918,0.3,0.2,0.18,2174.4444444444443
3924,2180.0,0.300955805999157,0.199525737678519,0.1818237428074807,0.1425297979265521,0.1364022362463089,0.1262799690300536,0.12150341622306,0.1175221134531883,0.113576762837931,0.1150135173298693,0.3228740939116767,0.2066869818288678,0.193185065142894,0.1647553899688334,0.1579919693442338,0.1370966909527387,0.1239643759675716,0.1227148838082088,1.0,0.0,1.0,0.0,1.0,0.0,7.1569618444992695,49.30126908195081,0.6761714053738455,0.1141439282486681,8.486941408685224,55.22139545058625,0.6415441552099566,0.127454001396967,0.3,0.2,0.18,2180.0
3934,2185.555555555556,0.3350561504387876,0.2178623810281062,0.2000673717926892,0.1500617624755428,0.1530391098429643,0.1263074021309042,0.1345207322705139,0.1193440094410288,0.1152811027947304,0.1169657314831833,0.3236947452462007,0.2059031566007975,0.201589439031331,0.1491384601952607,0.1540753444559821,0.1417756002429305,0.1315006685373599,0.1254854622921487,1.0,0.0,1.0,0.0,1.0,0.0,8.580725410357404,49.30126908195081,0.6761714053738455,0.1141439282486681,8.486941408685224,55.22139545058625,0.6415441552099566,0.127454001396967,0.3,0.2,0.18,2185.555555555556
3944,2191.111111111111,0.3368679309247134,0.1913705775371733,0.1896604536165903,0.148843639758093,0.1363222742414765,0.1317247423273714,0.1246369219833381,0.1168910017866721,0.1170537154517357,0.119066943695847,0.3238617769436057,0.214485340793931,0.2004614320796328,0.1472883361022138,0.1473008069574374,0.1378264878613268,0.1302709110881644,0.1308901038062553,1.0,0.0,1.0,0.0,1.0,0.0,8.580725410357404,54.71366118627202,0.6761714053738455,0.1141439282486681,8.486941408685224,55.22139545058625,0.6415441552099566,0.127454001396967,0.3,0.2,0.18,2191.111111111111
3954,2196.6666666666665,0.2800460952097929,0.1835181314881619,0.1794043111892114,0.1375382767697579,0.1471360191995827,0.1154504470804784,0.1230766121192273,0.1107838992039516,0.1220227857459004,0.1180749504413817,0.3356285849140343,0.2078250801859549,0.1989490486588427,0.147358699265698,0.1535099683770172,0.1314929223537106,0.1360282939007084,0.1268387563924225,1.0,0.0,1.0,0.0,1.0,0.0,8.580725410357404,54.71366118627202,0.5603289005504428,0.1141439282486681,8.486941408685224,55.22139545058625,0.6415441552099566,0.127454001396967,0.3,0.2,0.18,2196.6666666666665
3964,2202.222222222222,0.2298688957959672,0.1113416670684592,0.0994358319058023,0.0462975658455783,0.0596527117714761,0.0388339776721008,0.0353726854784906,0.0260080737744977,0.0205870776167201,0.0200690011873353,0.3230413310853335,0.2101008759936652,0.1894536408270259,0.150243886603502,0.1478766759407646,0.141376121450051,0.1348956112536596,0.1357518252801454,1.0,0.0,1.0,0.0,1.0,0.0,8.580725410357404,54.71366118627202,0.5603289005504428,0.0251461084348112,8.486941408685224,55.22139545058625,0.6415441552099566,0.127454001396967,0.3,0.2,0.18,2202.222222222222
3974,2207.777777777778,0.2346395709361117,0.1015419190241733,0.0968089165657308,0.0563528055144972,0.0519673038859631,0.0308232592502787,0.03813582599656,0.0346878282721319,0.0321620098205716,0.0276804346386373,0.3267828888794576,0.2129668955494134,0.1975277996780642,0.1557939562166031,0.1537590606590382,0.1390262855162891,0.1332095203300647,0.1280620353990142,1.0,0.0,1.0,0.0,1.0,0.0,8.580725410357404,54.71366118627202,0.5603289005504428,0.0251461084348112,8.269574937467365,55.22139545058625,0.6415441552099566,0.127454001396967,0.3,0.2,0.18,2207.777777777778
3984,2213.333333333333,0.2239495891842544,0.1103528999221348,0.1009956402873434,0.0666294090217415,0.0552948475173335,0.0470432749725002,0.0299398626092063,0.0196530849303705,0.0256345508928991,0.0229503008832932,0.3396022729287292,0.233344416736546,0.204915048026754,0.1667468022532505,0.1564909876016269,0.1369249655690099,0.1344067835324446,0.1307775801559547,1.0,0.0,1.0,0.0,1.0,0.0,8.580725410357404,54.71366118627202,0.5603289005504428,0.0251461084348112,8.269574937467365,43.316745915373225,0.6415441552099566,0.127454001396967,0.3,0.2,0.18,2213.333333333333
3994,2218.8888888888887,0.231147822445113,0.1191984239554045,0.1123986373985421,0.0564355334580258,0.0524362676024601,0.0323882722621529,0.0295806922036028,0.033846112588394,0.0266837261870134,0.0343122544204429,0.3526364223102287,0.231919052867095,0.2135139891924052,0.1725199709520082,0.1537015024558512,0.1420291392847856,0.1318276690687417,0.127464594615544,1.0,0.0,1.0,0.0,1.0,0.0,8.580725410357404,54.71366118627202,0.5603289005504428,0.0251461084348112,8.269574937467365,43.316745915373225,0.6838911703039938,0.127454001396967,0.3,0.2,0.18,2218.8888888888887
4004,2224.4444444444443,0.2336476884233854,0.110387791937533,0.1026254952107428,0.048483784502554,0.0495424248514494,0.0359115983399925,0.0306079234570239,0.0355489571891713,0.0256298715085135,0.0280029980131918,0.3303273057264442,0.2020167627553538,0.1730288076691062,0.1385904759369111,0.1286557470359216,0.1076903264277004,0.1000950928479053,0.0902633630067177,1.0,0.0,1.0,0.0,1.0,0.0,8.580725410357404,54.71366118627202,0.5603289005504428,0.0251461084348112,8.269574937467365,43.316745915373225,0.6838911703039938,0.0894964256034182,0.3,0.2,0.18,2224.4444444444443
4014,2230.0,0.2117426116673655,0.1006798940623874,0.0922888186534314,0.0521518078366839,0.0407356010438872,0.0426440275725539,0.0335591755345063,0.0233327620407546,0.0281739495485695,0.0227563956844013,0.3318067726696749,0.203541359023073,0.1746039021446572,0.1376394473013401,0.124113019167201,0.1030873149576741,0.1016378956809857,0.0918742396435168,1.0,0.0,1.0,0.0,1.0,0.0,7.45418916118984,54.71366118627202,0.5603289005504428,0.0251461084348112,8.269574937467365,43.316745915373225,0.6838911703039938,0.0894964256034182,0.3,0.2,0.18,2230.0
4024,2235.555555555556,0.2033106100021947,0.0957077792746222,0.0842222217390265,0.0423736535538238,0.0448196297531372,0.0301940275412403,0.0281565456159359,0.0254154927808181,0.0215402304726563,0.0247457893174577,0.3277487136645701,0.209081730156569,0.1835536709365581,0.1358794405266374,0.1208671525120648,0.108066551200065,0.1025556242371174,0.0902474168848068,1.0,0.0,1.0,0.0,1.0,0.0,7.45418916118984,58.73286313304702,0.5603289005504428,0.0251461084348112,8.269574937467365,43.316745915373225,0.6838911703039938,0.0894964256034182,0.3,0.2,0.18,2235.555555555556
4034,2241.111111111111,0.2040395754527034,0.0952907473473839,0.090689906841046,0.0492824470635961,0.036289104549682,0.0281416390380402,0.0281009104568134,0.0270013984743027,0.0260001486367776,0.0287603970422151,0.3248101354215267,0.2057779595336238,0.1844611223470911,0.1297926181659022,0.1230954770810423,0.0969030433696828,0.0982026726104496,0.0952519287870386,1.0,0.0,1.0,0.0,1.0,0.0,7.45418916118984,58.73286313304702,0.531026054387569,0.0251461084348112,8.269574937467365,43.316745915373225,0.6838911703039938,0.0894964256034182,0.3,0.2,0.18,2241.111111111111
4044,2246.6666666666665,0.2344805161554084,0.139143580913037,0.1235469825802772,0.0995070637292952,0.0991106496632409,0.0767364789580719,0.0795772314423008,0.0790098547505611,0.0838836974906121,0.0898312224512542,0.3311905142598326,0.212423334792736,0.1835850545157241,0.1356122520118416,0.127888102320464,0.1057263213657802,0.0978332362042352,0.0885768396919905,1.0,0.0,1.0,0.0,1.0,0.0,7.45418916118984,58.73286313304702,0.531026054387569,0.0771699506542869,8.269574937467365,43.316745915373225,0.6838911703039938,0.0894964256034182,0.3,0.2,0.18,2246.6666666666665
4054,2252.222222222222,0.2250836367511534,0.1363621103633445,0.1220804790513101,0.0844301122704555,0.0962389640115132,0.0875663115272626,0.0907543349949913,0.0795267767108452,0.0759554517200947,0.0724934472893324,0.2920468910067301,0.180023370015004,0.1536970852779221,0.1221129818690538,0.1039703069551887,0.10375466021245,0.0973287561543712,0.0898726191522757,1.0,0.0,1.0,0.0,1.0,0.0,7.45418916118984,58.73286313304702,0.531026054387569,0.0771699506542869,6.274662219648708,43.316745915373225,0.6838911703039938,0.0894964256034182,0.3,0.2,0.18,2252.222222222222
4064,2257.777777777778,0.2291299128052685,0.1409769481308898,0.1303533463644481,0.1001382310263702,0.1045726555028034,0.0879736813019714,0.0754631576251443,0.0793790535012357,0.0839015223517033,0.0759423195974685,0.2692411627456285,0.1495465079427018,0.1389499686910709,0.104780352735278,0.1044002388071481,0.0985840036344216,0.0924116491416215,0.080821390445935,1.0,0.0,1.0,0.0,1.0,0.0,7.45418916118984,58.73286313304702,0.531026054387569,0.0771699506542869,6.274662219648708,59.30855418169148,0.6838911703039938,0.0894964256034182,0.3,0.2,0.18,2257.777777777778
4074,2263.333333333333,0.2387736349235253,0.1377685658170372,0.1256995784885858,0.0909811625170052,0.0918023173231224,0.0909152684848042,0.0859895080518827,0.0789328380464502,0.0792208299444894,0.0806227881071155,0.2485431967597857,0.1486855276858351,0.1421770930468151,0.1067034067761952,0.0985571187250399,0.0946509232306069,0.1012129002339156,0.0881357166572213,1.0,0.0,1.0,0.0,1.0,0.0,7.45418916118984,58.73286313304702,0.531026054387569,0.0771699506542869,6.274662219648708,59.30855418169148,0.6150752123623258,0.0894964256034182,0.3,0.2,0.18,2263.333333333333
4084,2268.8888888888887,0.2288860019884242,0.1328254241845151,0.1376545817130262,0.0943154746941621,0.0935459518091142,0.0804671081618121,0.0857095338945138,0.082172162317554,0.0763532460847595,0.0775366767162688,0.2655287373772291,0.1682447271333119,0.1608154618014466,0.1321363505336683,0.1294293080644802,0.1298231845155973,0.12605868951013,0.1244790747190636,1.0,0.0,1.0,0.0,1.0,0.0,7.45418916118984,58.73286313304702,0.531026054387569,0.0771699506542869,6.274662219648708,59.30855418169148,0.6150752123623258,0.1205499896700081,0.3,0.2,0.18,2268.8888888888887
4094,2274.4444444444443,0.2287286029214107,0.1408589416137061,0.1145200205620549,0.1033545749694504,0.0943946313699084,0.0833003474110176,0.083642427008732,0.0792192848852575,0.0755876855420347,0.0758504372590555,0.270848839196614,0.1653788862085224,0.1542585651920826,0.1398142547764289,0.1252016233931692,0.1271851915520382,0.1149058420249398,0.1151951006566842,1.0,0.0,1.0,0.0,1.0,0.0,7.30215173967265,58.73286313304702,0.531026054387569,0.0771699506542869,6.274662219648708,59.30855418169148,0.6150752123623258,0.1205499896700081,0.3,0.2,0.18,2274.4444444444443
4104,2280.0,0.2338984737688412,0.1378524766938427,0.1319036591240579,0.0954881536988669,0.0913745584994135,0.0840932000768932,0.0844521486699793,0.0805008805361341,0.0848212947521525,0.0692106972218024,0.2689306295203019,0.1694197507718464,0.1587964034432971,0.133751224060517,0.1349123040298601,0.1223729240805606,0.1220996950442469,0.1229832713630521,1.0,0.0,1.0,0.0,1.0,0.0,7.30215173967265,56.03593253337077,0.531026054387569,0.0771699506542869,6.274662219648708,59.30855418169148,0.6150752123623258,0.1205499896700081,0.3,0.2,0.18,2280.0
4114,2285.555555555555,0.2589740793205514,0.1554327929972455,0.1384092327554499,0.101452193708927,0.0953901199631764,0.0791973830261632,0.0809046491421014,0.0793783366613422,0.0793130698139543,0.079200438185748,0.2718011115593216,0.1768253207386546,0.1702642158703003,0.1414972882672412,0.1279796306307126,0.1234190043107147,0.1136014006080691,0.1272505249390223,1.0,0.0,1.0,0.0,1.0,0.0,7.30215173967265,56.03593253337077,0.6405683931178195,0.0771699506542869,6.274662219648708,59.30855418169148,0.6150752123623258,0.1205499896700081,0.3,0.2,0.18,2285.555555555555
4124,2291.111111111111,0.2759888459611681,0.1671656697307584,0.1598378394809896,0.11586616344989,0.116451776504263,0.1107677538458966,0.0990940957022036,0.0973392569626606,0.0963189029740759,0.1006204434163472,0.2764737072342858,0.1720749136710133,0.1621165693118472,0.1304529238709174,0.1329481992265452,0.1246207382972374,0.1185484377371138,0.1222849169376669,1.0,0.0,1.0,0.0,1.0,0.0,7.30215173967265,56.03593253337077,0.6405683931178195,0.0965522204689027,6.274662219648708,59.30855418169148,0.6150752123623258,0.1205499896700081,0.3,0.2,0.18,2291.111111111111
4134,2296.6666666666665,0.2814649334061539,0.1759711488275427,0.1446046904034031,0.1207744096268236,0.1108277443506748,0.1071716542468125,0.1040114677819927,0.0932176358171169,0.1056584775100981,0.1024798664037452,0.3044458398833658,0.1940255070311252,0.1919048854504103,0.1404738175132864,0.1437246623932962,0.1313691284265754,0.1272143847392345,0.1240261037841623,1.0,0.0,1.0,0.0,1.0,0.0,7.30215173967265,56.03593253337077,0.6405683931178195,0.0965522204689027,8.851688444721095,59.30855418169148,0.6150752123623258,0.1205499896700081,0.3,0.2,0.18,2296.6666666666665
4144,2302.222222222222,0.2824300998440398,0.1725600257772763,0.1574943827046416,0.1180926327357866,0.115705704278304,0.1040270691853588,0.0944435726359258,0.0939941867224414,0.0899778156499887,0.1059504181747885,0.323957734406852,0.2143058277430667,0.1984680351317044,0.1546196483791124,0.1486624968889005,0.1269419731304584,0.1348362248899803,0.126093189535853,1.0,0.0,1.0,0.0,1.0,0.0,7.30215173967265,56.03593253337077,0.6405683931178195,0.0965522204689027,8.851688444721095,48.66982676190486,0.6150752123623258,0.1205499896700081,0.3,0.2,0.18,2302.222222222222
4154,2307.777777777778,0.2792429716437198,0.1621828870746256,0.1589698919166777,0.1186545698655297,0.1151566479115634,0.1031443514600898,0.0926923361681608,0.0955603697734185,0.1046650405180529,0.0979023466247052,0.3148975964320959,0.2109959718573078,0.1987704661418762,0.1529057431986414,0.151604520237703,0.1322625151598322,0.1250871566417282,0.1260039226966794,1.0,0.0,1.0,0.0,1.0,0.0,7.30215173967265,56.03593253337077,0.6405683931178195,0.0965522204689027,8.851688444721095,48.66982676190486,0.5830176867184254,0.1205499896700081,0.3,0.2,0.18,2307.777777777778
4164,2313.333333333333,0.2856442131990788,0.1654057283590077,0.1551512289796555,0.1132017889794129,0.1172570062767558,0.1063063024970093,0.1094422259968977,0.1006638449529722,0.0986443814683498,0.0945810314679199,0.3077776616784319,0.1943625974372233,0.1776289744253825,0.1404369714553344,0.1319711900719955,0.1167739708427837,0.1167336241736752,0.1051674709244893,1.0,0.0,1.0,0.0,1.0,0.0,7.30215173967265,56.03593253337077,0.6405683931178195,0.0965522204689027,8.851688444721095,48.66982676190486,0.5830176867184254,0.1038181693177525,0.3,0.2,0.18,2313.333333333333
4174,2318.8888888888887,0.3070993341805717,0.1859033836545976,0.1741266323380357,0.124858813815675,0.1220129149839599,0.1057865371346362,0.1159968529894458,0.111079987966648,0.102731324809509,0.0920569275071864,0.3014314694818407,0.1935291897348513,0.1802829721502982,0.1395665936453598,0.1376579187108703,0.1089917122494658,0.1093553031812727,0.1061247703053964,1.0,0.0,1.0,0.0,1.0,0.0,9.072176979657726,56.03593253337077,0.6405683931178195,0.0965522204689027,8.851688444721095,48.66982676190486,0.5830176867184254,0.1038181693177525,0.3,0.2,0.18,2318.8888888888887
4184,2324.4444444444443,0.320045170887632,0.2024128485698529,0.184223630733526,0.1347288250160132,0.1341680216443186,0.1078377086800487,0.1112946086256857,0.1042599093221524,0.1031837080347892,0.1016004882795573,0.2947055112875288,0.1917731251060294,0.1900321473108764,0.1401507890472343,0.1376886920657881,0.1088956338941214,0.1167678205749127,0.1094411718892176,1.0,0.0,1.0,0.0,1.0,0.0,9.072176979657726,46.70152040067589,0.6405683931178195,0.0965522204689027,8.851688444721095,48.66982676190486,0.5830176867184254,0.1038181693177525,0.3,0.2,0.18,2324.4444444444443
4194,2330.0,0.3271190586338616,0.2011728151766088,0.1900341333268028,0.140001510866373,0.1300599451811917,0.1134268717229487,0.1103681691764614,0.1020397878649458,0.105248958843915,0.0945089918184643,0.309624400073687,0.1929022670088191,0.1808361559042539,0.1424794544704552,0.1311723340995204,0.1045293321743254,0.1158065515752341,0.1044961779179986,1.0,0.0,1.0,0.0,1.0,0.0,9.072176979657726,46.70152040067589,0.6339314109391478,0.0965522204689027,8.851688444721095,48.66982676190486,0.5830176867184254,0.1038181693177525,0.3,0.2,0.18,2330.0
4204,2335.555555555555,0.2769022910724231,0.1502588565856498,0.1311262562623559,0.0732747276404323,0.0726148291948499,0.0498337086146836,0.0405546702725637,0.0430432384373172,0.0321011353964489,0.0349994292603738,0.2961711470743538,0.1914703303272294,0.1815976167435978,0.138018979419898,0.1444852442509656,0.1185913645669784,0.1134514134394732,0.1029832393515452,1.0,0.0,1.0,0.0,1.0,0.0,9.072176979657726,46.70152040067589,0.6339314109391478,0.0313556111796159,8.851688444721095,48.66982676190486,0.5830176867184254,0.1038181693177525,0.3,0.2,0.18,2335.555555555555
4214,2341.111111111111,0.2865679517731549,0.1564613240154887,0.1363694365119665,0.0875444908420551,0.0690815169228232,0.0479880052955157,0.0471752374196631,0.036434341251271,0.0372305469987888,0.0382937214491087,0.2807879631945454,0.1796404394763194,0.1601020194778842,0.1320555411780028,0.1188001402126382,0.1113118784224939,0.1123787291284426,0.1009878949793669,1.0,0.0,1.0,0.0,1.0,0.0,9.072176979657726,46.70152040067589,0.6339314109391478,0.0313556111796159,7.65509992095865,48.66982676190486,0.5830176867184254,0.1038181693177525,0.3,0.2,0.18,2341.111111111111
4224,2346.6666666666665,0.2807278501714613,0.1490605228938767,0.1413232090766689,0.0740219279206943,0.0718920787528169,0.0492103574626124,0.0440675269416366,0.0380338188452221,0.0435578775038459,0.0414371459866925,0.2831755500636118,0.1753875732391627,0.162298901285893,0.1186742984910935,0.1235083621645064,0.1086302592477782,0.1148717683557082,0.1014002918736536,1.0,0.0,1.0,0.0,1.0,0.0,9.072176979657726,46.70152040067589,0.6339314109391478,0.0313556111796159,7.65509992095865,55.38343403736266,0.5830176867184254,0.1038181693177525,0.3,0.2,0.18,2346.6666666666665
4234,2352.222222222222,0.2886690007812584,0.1600804371709214,0.1427502435155217,0.0777846265066269,0.0690846337430492,0.0473034502372334,0.0490173241302174,0.0443305814397632,0.0270830713076318,0.0411475207069494,0.2535384813863475,0.1619184949790029,0.1586749934381649,0.1278810637214759,0.1274569211613617,0.1092737971745989,0.1083439155183224,0.1092144100675467,1.0,0.0,1.0,0.0,1.0,0.0,9.072176979657726,46.70152040067589,0.6339314109391478,0.0313556111796159,7.65509992095865,55.38343403736266,0.513062990230034,0.1038181693177525,0.3,0.2,0.18,2352.222222222222
4244,2357.777777777778,0.2762101637024738,0.1456274021525455,0.1378910753355407,0.0817746576692697,0.0722413803850169,0.0531165459878581,0.0479976350563858,0.0304546879473104,0.0320715717443897,0.0375009652124569,0.2556727496113909,0.1715810977574085,0.1577085981107157,0.1313200637992079,0.1248964441077113,0.1114181023116246,0.1135756833131523,0.1146071196867327,1.0,0.0,1.0,0.0,1.0,0.0,9.072176979657726,46.70152040067589,0.6339314109391478,0.0313556111796159,7.65509992095865,55.38343403736266,0.513062990230034,0.1091763098166407,0.3,0.2,0.18,2357.777777777778
4254,2363.333333333333,0.2209263456328355,0.1199608462239898,0.0890068857863969,0.05988002716437,0.0512690770120007,0.0450306947942603,0.0400558230726616,0.0371570280880253,0.0395740306517333,0.0416212227884488,0.2536539133888971,0.1668671406933196,0.1588028769292127,0.1320706438503269,0.129766195253258,0.1202662634220142,0.1125507701302343,0.1030766827705833,1.0,0.0,1.0,0.0,1.0,0.0,6.449383926241611,46.70152040067589,0.6339314109391478,0.0313556111796159,7.65509992095865,55.38343403736266,0.513062990230034,0.1091763098166407,0.3,0.2,0.18,2363.333333333333
4264,2368.8888888888887,0.2064639058415322,0.1046325647323034,0.0871725534399694,0.0538272377430567,0.0499785615475767,0.035525132571257,0.0450485378230453,0.0262721577066742,0.032254168637964,0.0231689524879787,0.2596917623453299,0.1681159353959717,0.1606024178263635,0.1326812134921265,0.1202933654164757,0.1124424437719364,0.1113742438655123,0.1119487609654834,1.0,0.0,1.0,0.0,1.0,0.0,6.449383926241611,59.16700057990582,0.6339314109391478,0.0313556111796159,7.65509992095865,55.38343403736266,0.513062990230034,0.1091763098166407,0.3,0.2,0.18,2368.8888888888887
4274,2374.4444444444443,0.1924361748980259,0.1048734368206731,0.0805596999784444,0.0525741599549214,0.0392842443077255,0.0347691959224391,0.0388749832265139,0.0298727306701154,0.02908592869333,0.0325963705362274,0.2542821542945447,0.1720612723712165,0.1605483523919339,0.1198896380776275,0.1284534847421974,0.1175011824507959,0.1165776114199616,0.106492760454555,1.0,0.0,1.0,0.0,1.0,0.0,6.449383926241611,59.16700057990582,0.5937339600996857,0.0313556111796159,7.65509992095865,55.38343403736266,0.513062990230034,0.1091763098166407,0.3,0.2,0.18,2374.4444444444443
4284,2380.0,0.2230776901881448,0.1174977931480994,0.1094460210614026,0.0784220944832343,0.0773093975633745,0.0640771740531456,0.0589574776253711,0.0582182241451531,0.0671655176135848,0.0567902217635771,0.2493181036725094,0.1692236519676072,0.1556406536334014,0.1236913326365144,0.1286987532464835,0.100326103660747,0.1176657601622318,0.1170029211810857,1.0,0.0,1.0,0.0,1.0,0.0,6.449383926241611,59.16700057990582,0.5937339600996857,0.0613606284422068,7.65509992095865,55.38343403736266,0.513062990230034,0.1091763098166407,0.3,0.2,0.18,2380.0
4294,2385.555555555555,0.2278633696130219,0.114959309530548,0.1049259205292654,0.0787659765026927,0.0728105319506822,0.066154737216434,0.0671930599994587,0.0638307444301513,0.0566855606313621,0.0584345010606261,0.2557493771662998,0.1692614269012529,0.1630040681866641,0.140443108883621,0.1355985606960583,0.1046755925418392,0.122455759342132,0.1076409015614194,1.0,0.0,1.0,0.0,1.0,0.0,6.449383926241611,59.16700057990582,0.5937339600996857,0.0613606284422068,8.161333952603156,55.38343403736266,0.513062990230034,0.1091763098166407,0.3,0.2,0.18,2385.555555555555
4304,2391.111111111111,0.2270592192182358,0.1244750865104229,0.1161808361336714,0.0771883496974336,0.0772422563876246,0.0675256077753432,0.0641093353251814,0.0683919776759242,0.0653591821468724,0.0615025891182969,0.2669050035122213,0.1743239395824409,0.1642691858635574,0.1280840972277968,0.1312758428531239,0.1177630191091632,0.1217860978496747,0.1092960116772067,1.0,0.0,1.0,0.0,1.0,0.0,6.449383926241611,59.16700057990582,0.5937339600996857,0.0613606284422068,8.161333952603156,50.46597739932183,0.513062990230034,0.1091763098166407,0.3,0.2,0.18,2391.111111111111
4314,2396.6666666666665,0.2194640346706223,0.1124401359721004,0.0995238239022131,0.0834888286055221,0.0693542621419365,0.0722795013479059,0.0679761393949961,0.0667508814402511,0.0669086944538089,0.0558556098665785,0.3083527281830509,0.2050688807418357,0.1815703106455843,0.1402413355602182,0.1369975142523008,0.1279772766831941,0.1126330046426617,0.1020384671749368,1.0,0.0,1.0,0.0,1.0,0.0,6.449383926241611,59.16700057990582,0.5937339600996857,0.0613606284422068,8.161333952603156,50.46597739932183,0.6461697710646527,0.1091763098166407,0.3,0.2,0.18,2396.6666666666665
4324,2402.222222222222,0.2190633570413877,0.123052547686798,0.1022064706342954,0.0781242505251285,0.0720039292898799,0.0622249064122519,0.0653677045898142,0.06522502193618,0.0642125883855548,0.05578993775217,0.259625276770463,0.1142336789736448,0.0913528721403455,0.0501862273501913,0.049738365479931,0.0200905825066711,0.0228029327059378,0.0120642537099451,1.0,0.0,1.0,0.0,1.0,0.0,6.449383926241611,59.16700057990582,0.5937339600996857,0.0613606284422068,8.161333952603156,50.46597739932183,0.6461697710646527,0.0127136842100565,0.3,0.2,0.18,2402.222222222222
4334,2407.777777777778,0.2548639485784582,0.1297502357550945,0.1325852516140259,0.0909578738292671,0.0885041288325637,0.0657099520493276,0.0742424500445518,0.0751325118826979,0.0657692277307063,0.0638021183411383,0.255981873346182,0.1195808978490986,0.0952903665818406,0.0486851939067687,0.0453890630468171,0.0168027550609366,0.0300640944378604,0.0161493604796513,1.0,0.0,1.0,0.0,1.0,0.0,8.200933986121193,59.16700057990582,0.5937339600996857,0.0613606284422068,8.161333952603156,50.46597739932183,0.6461697710646527,0.0127136842100565,0.3,0.2,0.18,2407.777777777778
4344,2413.333333333333,0.2706781331608809,0.1407924153964969,0.1288981431452046,0.0962683519347879,0.0908123683329693,0.0636063895891166,0.0675888370138978,0.0663565259678998,0.072309254378487,0.0653292902248243,0.2503176801102969,0.122858456638369,0.1038028415761688,0.0512419927856846,0.0384608941780539,0.0267373641611811,0.019068495516795,0.0154628932970913,1.0,0.0,1.0,0.0,1.0,0.0,8.200933986121193,51.16217385699176,0.5937339600996857,0.0613606284422068,8.161333952603156,50.46597739932183,0.6461697710646527,0.0127136842100565,0.3,0.2,0.18,2413.333333333333
4354,2418.8888888888887,0.2970177415719173,0.163925952794454,0.1531639336436603,0.0929410225837432,0.1022010457679851,0.0757559666737216,0.0647599960952375,0.0586686748337947,0.0621906301380719,0.0547527963295701,0.2519010831976577,0.1131176201586961,0.0981807615773771,0.0602251326255219,0.0393188045069459,0.0183736350837027,0.0188166732576919,0.0165104362757189,1.0,0.0,1.0,0.0,1.0,0.0,8.200933986121193,51.16217385699176,0.686422778341764,0.0613606284422068,8.161333952603156,50.46597739932183,0.6461697710646527,0.0127136842100565,0.3,0.2,0.18,2418.8888888888887
4364,2424.4444444444443,0.2644437771797025,0.1191474971471723,0.0962016199832201,0.0457516943153277,0.043436818570568,0.0128999534688524,0.0097291568488619,0.0092551247606501,0.0085589101005181,-0.0007992575360762,0.2556595117686719,0.0986329665796425,0.0920576940785073,0.0513832828594347,0.0372020403609844,0.0290874290187349,0.0278493122240415,0.0158347771527545,1.0,0.0,1.0,0.0,1.0,0.0,8.200933986121193,51.16217385699176,0.686422778341764,0.0059408367132947,8.161333952603156,50.46597739932183,0.6461697710646527,0.0127136842100565,0.3,0.2,0.18,2424.4444444444443
4374,2430.0,0.2618518421948262,0.1139505525999598,0.1042223047868848,0.0476975872082808,0.0358595744647665,0.0231211694065542,0.0134661934308451,0.0105749116267056,0.0031789037584552,0.0104549669270718,0.2323660931531285,0.1034888779245984,0.0852295646915296,0.0410943996061234,0.0340474497631618,0.0152724212595424,0.0070709846053098,0.0165236188632698,1.0,0.0,1.0,0.0,1.0,0.0,8.200933986121193,51.16217385699176,0.686422778341764,0.0059408367132947,7.358458929169223,50.46597739932183,0.6461697710646527,0.0127136842100565,0.3,0.2,0.18,2430.0
4384,2435.555555555555,0.2584501522786981,0.1163298379780982,0.0930070618826162,0.0548103220173807,0.0396822003819154,0.0126725858915993,0.0193417161606658,0.0082236392033975,0.0101963346438184,0.0123042875335999,0.2375090363663731,0.1013014001902346,0.0845338217533757,0.0450929076822951,0.0341248235401756,0.0156509345466441,0.0188703904174006,0.0201487846131638,1.0,0.0,1.0,0.0,1.0,0.0,8.200933986121193,51.16217385699176,0.686422778341764,0.0059408367132947,7.358458929169223,52.62145824320065,0.6461697710646527,0.0127136842100565,0.3,0.2,0.18,2435.555555555555
4394,2441.111111111111,0.2537682205252068,0.1095449602630593,0.0962048940908517,0.0447337474376112,0.0422681282895884,0.0255853681278394,0.0248850675570945,0.0104168958404859,0.007808443455734,-0.0031391266565083,0.2130612305057409,0.0982247968534813,0.0877993680128969,0.0349882643740801,0.0368632594798695,0.0223413671864213,0.018720344650436,0.0207481588110356,1.0,0.0,1.0,0.0,1.0,0.0,8.200933986121193,51.16217385699176,0.686422778341764,0.0059408367132947,7.358458929169223,52.62145824320065,0.6101493902536503,0.0127136842100565,0.3,0.2,0.18,2441.111111111111
4404,2446.6666666666665,0.2641557933696926,0.1156434199926604,0.0918828414844759,0.0493604337432405,0.0420615071949616,0.0166232711839718,0.0161699516809126,0.0097321866692166,0.0211038688770663,0.0025885155906323,0.2204017649541899,0.0950663659441363,0.0886299592538611,0.0406497289587831,0.0283902838096849,0.0298880399036699,0.0160746455668512,0.0139726231897464,1.0,0.0,1.0,0.0,1.0,0.0,8.200933986121193,51.16217385699176,0.686422778341764,0.0059408367132947,7.358458929169223,52.62145824320065,0.6101493902536503,0.011124164672611,0.3,0.2,0.18,2446.6666666666665
4414,2452.222222222222,0.2517889049021932,0.1274227211434849,0.09948907989932,0.0567004486827379,0.0371753704804567,0.0232387517619987,0.0164633644253698,0.0088219247418344,0.0107976805513495,0.009225082688495,0.2266640951119417,0.0954432051361445,0.0801662097046474,0.0377080062767248,0.0276620670926601,0.0182698358246995,0.0250958948324027,0.0167828392510743,1.0,0.0,1.0,0.0,1.0,0.0,8.298330858194065,51.16217385699176,0.686422778341764,0.0059408367132947,7.358458929169223,52.62145824320065,0.6101493902536503,0.011124164672611,0.3,0.2,0.18,2452.222222222222
4424,2457.777777777778,0.2741290966105755,0.1436866832438666,0.1081807843182717,0.0519841159443001,0.0427247642705625,0.0340085057226528,0.0231481531552035,0.0102596130920857,0.0117619556643643,0.0150416665698526,0.2158556363915532,0.1025148334596952,0.0858579589649913,0.0418135538320825,0.0308564187880269,0.0269633334356782,0.018892676545298,0.01853410716346,1.0,0.0,1.0,0.0,1.0,0.0,8.298330858194065,44.44393770454528,0.686422778341764,0.0059408367132947,7.358458929169223,52.62145824320065,0.6101493902536503,0.011124164672611,0.3,0.2,0.18,2457.777777777778
4434,2463.333333333333,0.2102682751234783,0.1120220627102989,0.0901056631121926,0.0424956739480251,0.0261526048514602,0.0208547260529983,0.0188125782353073,0.003783039284828,0.0047032073823451,0.0013597301732945,0.2278473094632716,0.1018407134405088,0.0816879134684065,0.0435163535997962,0.0285441441099614,0.0092313819895644,0.0220334820736702,0.0116497598828608,1.0,0.0,1.0,0.0,1.0,0.0,8.298330858194065,44.44393770454528,0.5391098358673696,0.0059408367132947,7.358458929169223,52.62145824320065,0.6101493902536503,0.011124164672611,0.3,0.2,0.18,2463.333333333333
4444,2468.8888888888887,0.2952075618986853,0.2075377072182699,0.2010815885990746,0.1646292281641248,0.1580004873518126,0.1450200868605228,0.1346351440781742,0.1354261481339881,0.13861700361403,0.1290432819357838,0.2212005145678062,0.1012629973982834,0.0820890824781017,0.0345068861588095,0.0299579193068843,0.0146263241185229,0.023945134560502,0.0257119293044734,1.0,0.0,1.0,0.0,1.0,0.0,8.298330858194065,44.44393770454528,0.5391098358673696,0.131803632712148,7.358458929169223,52.62145824320065,0.6101493902536503,0.011124164672611,0.3,0.2,0.18,2468.8888888888887
4454,2474.4444444444443,0.2860992143611847,0.2093967531911671,0.1943336402839806,0.1621947283259102,0.1607969167462693,0.1463121199788246,0.145690770045941,0.1425720337388707,0.1359850352715887,0.129171437511254,0.2039295042420892,0.0850687670581021,0.0647697233957186,0.0356402465755786,0.0290947286905537,0.0210602095991885,0.0003925371074901,0.0056327503530937,1.0,0.0,1.0,0.0,1.0,0.0,8.298330858194065,44.44393770454528,0.5391098358673696,0.131803632712148,6.593526323219059,52.62145824320065,0.6101493902536503,0.011124164672611,0.3,0.2,0.18,2474.4444444444443
4464,2480.0,0.2918940974541815,0.2122014894204032,0.1918496602574136,0.1647850902960443,0.1576955727794355,0.1457063487968081,0.1409857471557864,0.1387337924415944,0.1407925228682292,0.130626308313931,0.2151270212434395,0.0880367129813728,0.0723957466359915,0.0362183656874229,0.034158387964827,0.0208312517246875,0.0163340723503473,0.0024009509605342,1.0,0.0,1.0,0.0,1.0,0.0,8.298330858194065,44.44393770454528,0.5391098358673696,0.131803632712148,6.593526323219059,49.08581504012943,0.6101493902536503,0.011124164672611,0.3,0.2,0.18,2480.0
4474,2485.555555555555,0.2946924018684377,0.2205816556874594,0.1893431591427954,0.1611326783214584,0.1544793989962284,0.1543294371627112,0.1453611410790095,0.1363833974231861,0.1413669597100587,0.1297835921165445,0.2183181824259753,0.0997247320608277,0.0727851696736783,0.0381863169774268,0.0330205055167129,0.0219150315959867,0.0207752387785845,0.009305659428148,1.0,0.0,1.0,0.0,1.0,0.0,8.298330858194065,44.44393770454528,0.5391098358673696,0.131803632712148,6.593526323219059,49.08581504012943,0.6500573764478406,0.011124164672611,0.3,0.2,0.18,2485.555555555555
4484,2491.111111111111,0.2920557622242947,0.2107100730288195,0.2002703690421692,0.1605409107169696,0.1552879308640422,0.1434807093025742,0.1410708140393393,0.141657732758879,0.1328954562101901,0.1322912951763677,0.2861379498470409,0.1797750986567834,0.161175611546807,0.1387590490028101,0.1216990955966024,0.1120943604269346,0.1092822890846227,0.1123841733099655,1.0,0.0,1.0,0.0,1.0,0.0,8.298330858194065,44.44393770454528,0.5391098358673696,0.131803632712148,6.593526323219059,49.08581504012943,0.6500573764478406,0.1060973079036891,0.3,0.2,0.18,2491.111111111111
4494,2496.6666666666665,0.2916499613541559,0.2127995268140868,0.1926554177004917,0.1623593485439035,0.1641740169508732,0.14238694817342,0.147244031645503,0.1305723498455993,0.1397665470152829,0.1361102747730515,0.2800700493237903,0.1810408503423048,0.1572392264951057,0.126144145894029,0.1167412710993029,0.1096409538083919,0.1184822273569763,0.1077008121922387,1.0,0.0,1.0,0.0,1.0,0.0,8.171068818948156,44.44393770454528,0.5391098358673696,0.131803632712148,6.593526323219059,49.08581504012943,0.6500573764478406,0.1060973079036891,0.3,0.2,0.18,2496.6666666666665
4504,2502.222222222222,0.2846567652841333,0.1867821401839593,0.1787206926396706,0.1654719262457102,0.1618081301028829,0.1521997763134687,0.1334374557362266,0.1417759836918959,0.1385542506056889,0.1390147402295924,0.2891089838705313,0.1822924715868554,0.15964255231968,0.1267521966604437,0.1214455427240513,0.1050382023278904,0.1171981660546656,0.1052107102283275,1.0,0.0,1.0,0.0,1.0,0.0,8.171068818948156,56.14091493852781,0.5391098358673696,0.131803632712148,6.593526323219059,49.08581504012943,0.6500573764478406,0.1060973079036891,0.3,0.2,0.18,2502.222222222222
4514,2507.777777777778,0.307148632608901,0.202504125573086,0.1919230441345023,0.156440268025666,0.1563543136598321,0.1514734216923536,0.1279456856597326,0.1344208611126328,0.1280591558534237,0.1234891943191645,0.287423105171792,0.1828402287774034,0.1572300325665325,0.1346828878672705,0.1225595910532075,0.112687953004805,0.1130049753398626,0.1044044270560344,1.0,0.0,1.0,0.0,1.0,0.0,8.171068818948156,56.14091493852781,0.593163234840799,0.131803632712148,6.593526323219059,49.08581504012943,0.6500573764478406,0.1060973079036891,0.3,0.2,0.18,2507.777777777778
4524,2513.333333333333,0.2755410915218904,0.1679633229358534,0.1646346923278387,0.1206698420093623,0.1170081706998018,0.1003297217996711,0.0935322633751013,0.0968180243673483,0.1011677504291053,0.0955155849426963,0.2848734433664905,0.1813611949735151,0.1689025535824292,0.1316611153376014,0.121267610395736,0.1187835743021048,0.1181479808083582,0.1081020756303661,1.0,0.0,1.0,0.0,1.0,0.0,8.171068818948156,56.14091493852781,0.593163234840799,0.0930578150609146,6.593526323219059,49.08581504012943,0.6500573764478406,0.1060973079036891,0.3,0.2,0.18,2513.333333333333
4534,2518.8888888888887,0.272423907768387,0.1704617170218734,0.1531415550219527,0.1100619946069222,0.1207144300403173,0.110454119466157,0.1019712775986202,0.0917812023629177,0.0978568116715574,0.0985587910130924,0.3232616412766256,0.2003530374194485,0.1892703669893246,0.1369074387798688,0.1384772110206438,0.116146282978271,0.1148028589146105,0.1083394510254013,1.0,0.0,1.0,0.0,1.0,0.0,8.171068818948156,56.14091493852781,0.593163234840799,0.0930578150609146,8.456749922156808,49.08581504012943,0.6500573764478406,0.1060973079036891,0.3,0.2,0.18,2518.8888888888887
4544,2524.4444444444443,0.280509553969594,0.1749184364233832,0.1549931843396308,0.1202759845903887,0.1256697904894296,0.1055502668584595,0.0919938889508924,0.0995347030854315,0.0953789215542212,0.0908928396683711,0.3241654912829465,0.187846169865305,0.1814108428526941,0.1425611107436572,0.1249093459036421,0.124661697025636,0.113360085848217,0.1172506654611841,1.0,0.0,1.0,0.0,1.0,0.0,8.171068818948156,56.14091493852781,0.593163234840799,0.0930578150609146,8.456749922156808,53.56183272025926,0.6500573764478406,0.1060973079036891,0.3,0.2,0.18,2524.4444444444443
4554,2530.0,0.2744699146068002,0.1575913170775288,0.1603084205282282,0.1094477012722962,0.1158193924283104,0.0934605523135383,0.0938942647305695,0.0893768245919129,0.0918997317008872,0.0896912472574992,0.3142856302742322,0.1988785331757602,0.1789393219162691,0.1376094211156379,0.1332374099496094,0.116321233450144,0.1077514355472156,0.1105828166339517,1.0,0.0,1.0,0.0,1.0,0.0,8.171068818948156,56.14091493852781,0.593163234840799,0.0930578150609146,8.456749922156808,53.56183272025926,0.6283656733414756,0.1060973079036891,0.3,0.2,0.18,2530.0
4564,2535.555555555555,0.2668922155244831,0.1667840263116181,0.1639444958350612,0.1151770947942329,0.1208183618288994,0.0965019017296873,0.102040497878693,0.1012017986881654,0.1010668693103698,0.0903597440947913,0.2761165988386447,0.1437751414552925,0.1407233557659675,0.1015997727770988,0.0820916358426736,0.0724021388552369,0.0728372743779006,0.064649726547159,1.0,0.0,1.0,0.0,1.0,0.0,8.171068818948156,56.14091493852781,0.593163234840799,0.0930578150609146,8.456749922156808,53.56183272025926,0.6283656733414756,0.0609193085605674,0.3,0.2,0.18,2535.555555555555
4574,2541.111111111111,0.2728452519848547,0.172158672921576,0.1548546605977616,0.1193278095040656,0.1141926834971631,0.1000463647692914,0.1055174983979874,0.089919067149263,0.0835542280142716,0.0931797900610803,0.2793004300558005,0.1549660332934601,0.1431503873900294,0.0920615521067984,0.0902000998248366,0.074134090132447,0.0670483563273545,0.0674011092653726,1.0,0.0,1.0,0.0,1.0,0.0,8.18663506589876,56.14091493852781,0.593163234840799,0.0930578150609146,8.456749922156808,53.56183272025926,0.6283656733414756,0.0609193085605674,0.3,0.2,0.18,2541.111111111111
4584,2546.6666666666665,0.2941390388122393,0.1881204540460558,0.1648923299285239,0.116854648072097,0.1288673545978235,0.1004890185054644,0.1125103378079327,0.1013496990617111,0.0901385703443768,0.0951577781070994,0.2750602469927438,0.1514159583337237,0.1341840312379388,0.100267242156602,0.0889607149500413,0.0781516761996729,0.0757263118619918,0.062581974505543,1.0,0.0,1.0,0.0,1.0,0.0,8.18663506589876,47.92165327952674,0.593163234840799,0.0930578150609146,8.456749922156808,53.56183272025926,0.6283656733414756,0.0609193085605674,0.3,0.2,0.18,2546.6666666666665
4594,2552.222222222222,0.316449411236603,0.188530885700316,0.1697528163499339,0.1200917848111904,0.1264722734625462,0.1059772393794991,0.1019196525919473,0.1021471346973553,0.0914578012537494,0.0844322589432027,0.2788783046119264,0.1493982639040878,0.1368754773389402,0.0907576258776983,0.0923178579936092,0.0814236436974004,0.0702089478430482,0.0733005563160204,1.0,0.0,1.0,0.0,1.0,0.0,8.18663506589876,47.92165327952674,0.6488584510594297,0.0930578150609146,8.456749922156808,53.56183272025926,0.6283656733414756,0.0609193085605674,0.3,0.2,0.18,2552.222222222222
4604,2557.777777777778,0.2865213744216733,0.164247407688697,0.1435503152213127,0.0992903261342566,0.090304454864099,0.0635870418121128,0.0722044066599888,0.0587399700449537,0.0584051150296788,0.0560300725773533,0.2774193958267424,0.1486004389459115,0.1471239856823845,0.0815149388477103,0.0977272527347361,0.0747887856339862,0.0741627229876798,0.066728292961455,1.0,0.0,1.0,0.0,1.0,0.0,8.18663506589876,47.92165327952674,0.6488584510594297,0.0570645234171375,8.456749922156808,53.56183272025926,0.6283656733414756,0.0609193085605674,0.3,0.2,0.18,2557.777777777778
4614,2563.333333333333,0.2867137681510054,0.158223838648967,0.1446140994451009,0.1017388629304696,0.0939101607979552,0.0701680487103217,0.0683719425850244,0.0575315957798117,0.0584016623164667,0.0591881700355941,0.2556314022194773,0.1340206851118039,0.1223846126521762,0.0924966301350843,0.0794392392027725,0.0736508235230891,0.0703382409827637,0.0649273958083593,1.0,0.0,1.0,0.0,1.0,0.0,8.18663506589876,47.92165327952674,0.6488584510594297,0.0570645234171375,7.399863462958335,53.56183272025926,0.6283656733414756,0.0609193085605674,0.3,0.2,0.18,2563.333333333333
4624,2568.8888888888887,0.281683241117842,0.1539076230357398,0.130155872610503,0.0830976237425504,0.0747482119469523,0.0762696210663407,0.0618040541473348,0.063720467392196,0.0622468466188478,0.0612433174022422,0.2537203170760423,0.1390467729178753,0.1311651955275835,0.0889218007855281,0.0843091176799847,0.0590710870116402,0.0705497049997158,0.0637197999478257,1.0,0.0,1.0,0.0,1.0,0.0,8.18663506589876,47.92165327952674,0.6488584510594297,0.0570645234171375,7.399863462958335,55.10914179995703,0.6283656733414756,0.0609193085605674,0.3,0.2,0.18,2568.8888888888887
4634,2574.4444444444443,0.2850874064751213,0.1582664635727622,0.14950316672684,0.0944853062223394,0.0997062543470749,0.06663113102109,0.0667343671217757,0.0656528348899777,0.0703063178474398,0.0547300830471908,0.2450861361815277,0.1385910080453435,0.1180484498667279,0.0820798915850562,0.0839646404564336,0.0607151754726743,0.0605000576428382,0.0673279214622114,1.0,0.0,1.0,0.0,1.0,0.0,8.18663506589876,47.92165327952674,0.6488584510594297,0.0570645234171375,7.399863462958335,55.10914179995703,0.6007311596945369,0.0609193085605674,0.3,0.2,0.18,2574.4444444444443
4644,2580.0,0.2890580251058271,0.1574872603745927,0.1456721561234019,0.0930791034957411,0.1037218337142827,0.0691026921402469,0.0710303048541171,0.0654565363666329,0.0543380848190497,0.0577802846494923,0.2365153689697648,0.134175497092404,0.1063115812483168,0.0723630245623291,0.0747205974449442,0.0552603710784736,0.058794811420415,0.0480061174623001,1.0,0.0,1.0,0.0,1.0,0.0,8.18663506589876,47.92165327952674,0.6488584510594297,0.0570645234171375,7.399863462958335,55.10914179995703,0.6007311596945369,0.0507048856022945,0.3,0.2,0.18,2580.0
4654,2585.555555555555,0.3051167343020259,0.1750691782290256,0.1398768357317466,0.1012497908958118,0.1039123354781609,0.0678816270084149,0.0742101635687168,0.0676330856075033,0.0652006222283154,0.0601416027435524,0.235669409096551,0.1271582468726577,0.1055586346530386,0.0708644238033631,0.0706822319970625,0.055072270962819,0.0536414686712405,0.0513292057043649,1.0,0.0,1.0,0.0,1.0,0.0,9.045820604382154,47.92165327952674,0.6488584510594297,0.0570645234171375,7.399863462958335,55.10914179995703,0.6007311596945369,0.0507048856022945,0.3,0.2,0.18,2585.555555555555
4664,2591.111111111111,0.2994535680456609,0.1743165249519093,0.1606008149746121,0.0994095216289419,0.1031237738699827,0.0702001367832452,0.0734398537119157,0.0571405948196723,0.0713044462291416,0.0542660139850419,0.2410135953796443,0.1224037388062642,0.1114838691638021,0.079757151894944,0.0698707707135012,0.0492859852313893,0.0591501639421877,0.0562875075192275,1.0,0.0,1.0,0.0,1.0,0.0,9.045820604382154,47.619251882658055,0.6488584510594297,0.0570645234171375,7.399863462958335,55.10914179995703,0.6007311596945369,0.0507048856022945,0.3,0.2,0.18,2591.111111111111
4674,2596.6666666666665,0.3134930702484829,0.1793429564441349,0.1632745948089921,0.1092954114246172,0.0957116723748381,0.0770288234258558,0.0767280275357238,0.0752386568423219,0.0614708076695461,0.0542724151486701,0.2323999427012171,0.1228277731646957,0.1272595616797318,0.0667863088201004,0.0713878414537183,0.0571975925591908,0.0543818113482425,0.0575533593169879,1.0,0.0,1.0,0.0,1.0,0.0,9.045820604382154,47.619251882658055,0.6689458201348977,0.0570645234171375,7.399863462958335,55.10914179995703,0.6007311596945369,0.0507048856022945,0.3,0.2,0.18,2596.6666666666665
4684,2602.222222222222,0.3468803124550781,0.2204246906547285,0.2139366097741369,0.1553694537040559,0.1635509800981286,0.1361625392247381,0.1320009289231708,0.1230890481607797,0.1137081329170836,0.1242802488553105,0.237906202027148,0.1277643656035795,0.118664770155231,0.0766985557815113,0.0715503711410365,0.062433853578944,0.0573874038699461,0.0534855654112597,1.0,0.0,1.0,0.0,1.0,0.0,9.045820604382154,47.619251882658055,0.6689458201348977,0.1177860604048068,7.399863462958335,55.10914179995703,0.6007311596945369,0.0507048856022945,0.3,0.2,0.18,2602.222222222222
4694,2607.777777777778,0.3562792583615192,0.2246075195353631,0.211615543039626,0.1604943155281647,0.1535433601271386,0.1310195545774756,0.1334099611873584,0.1312206403544526,0.1223891434608624,0.1226939376842204,0.2478886791184394,0.1324045801563577,0.1106817307678752,0.0745732176556018,0.0716248267738043,0.057094886057717,0.0548891825003012,0.0523784352091303,1.0,0.0,1.0,0.0,1.0,0.0,9.045820604382154,47.619251882658055,0.6689458201348977,0.1177860604048068,7.341866471312744,55.10914179995703,0.6007311596945369,0.0507048856022945,0.3,0.2,0.18,2607.777777777778
4704,2613.333333333333,0.3475493946934102,0.2283279939053903,0.2119057923493305,0.1587955444145643,0.1558149808468572,0.1248713822961765,0.1275567478518511,0.1274334951348961,0.1188107609804717,0.1217488546170592,0.2416868234078351,0.1268633988160726,0.1187608597748646,0.0725799508905537,0.0778242351721806,0.0491697995432458,0.0563075362471778,0.0520243499391548,1.0,0.0,1.0,0.0,1.0,0.0,9.045820604382154,47.619251882658055,0.6689458201348977,0.1177860604048068,7.341866471312744,54.25781879459656,0.6007311596945369,0.0507048856022945,0.3,0.2,0.18,2613.333333333333
4714,2618.8888888888887,0.3472884680766594,0.2290100293820458,0.2096040065433489,0.1598339154771304,0.1427904822892683,0.1268010883620298,0.1354908286541432,0.1157687086682226,0.1319517299988597,0.1258067534451817,0.2020274176865312,0.1168590341175885,0.0994694275823157,0.0723744501722435,0.0678704906677097,0.0574686778531818,0.0572673622913281,0.0486471225863469,1.0,0.0,1.0,0.0,1.0,0.0,9.045820604382154,47.619251882658055,0.6689458201348977,0.1177860604048068,7.341866471312744,54.25781879459656,0.5068779400501676,0.0507048856022945,0.3,0.2,0.18,2618.8888888888887
4724,2624.4444444444443,0.347992642962717,0.2258214853528652,0.2120216112433585,0.168669770090788,0.1507645208387827,0.1351059686945858,0.1350367721581045,0.1322477927641564,0.120462788608863,0.1247418304722417,0.2096776255981165,0.1261558256078158,0.1030231889379808,0.0772411884053479,0.0820170010465036,0.0633268207781547,0.0606816416543563,0.0687392151647462,1.0,0.0,1.0,0.0,1.0,0.0,9.045820604382154,47.619251882658055,0.6689458201348977,0.1177860604048068,7.341866471312744,54.25781879459656,0.5068779400501676,0.0584697605822755,0.3,0.2,0.18,2624.4444444444443
4734,2630.0,0.348401402445008,0.2365889266707729,0.2217938297817671,0.1595375887496652,0.1508823131182247,0.1316843971735567,0.1311163633276745,0.1257661570935605,0.1225404280243666,0.1197395900554909,0.2125581253334052,0.1219113552465395,0.1116947754841478,0.0786615074088362,0.080786913501926,0.0676557867624632,0.0574477017370214,0.0579131353365184,1.0,0.0,1.0,0.0,1.0,0.0,9.153067795827436,47.619251882658055,0.6689458201348977,0.1177860604048068,7.341866471312744,54.25781879459656,0.5068779400501676,0.0584697605822755,0.3,0.2,0.18,2630.0
4744,2635.555555555555,0.3559952275437556,0.2129088112561547,0.2063022721150487,0.1538168527551469,0.1487254376785453,0.1342729666271837,0.1306686699826282,0.1177269796071009,0.1243146667080468,0.113809901129012,0.2216746515100378,0.1193016409790887,0.1113157298081878,0.083222444389404,0.0771587626074807,0.0643910660193908,0.0777525861391638,0.0593562678302117,1.0,0.0,1.0,0.0,1.0,0.0,9.153067795827436,51.59078715036719,0.6689458201348977,0.1177860604048068,7.341866471312744,54.25781879459656,0.5068779400501676,0.0584697605822755,0.3,0.2,0.18,2635.555555555555
4754,2641.111111111111,0.3210817185878195,0.2170754218908969,0.2007766867272824,0.1518436900174687,0.1549330483235295,0.1327896097713687,0.1280715007891206,0.1297382328214183,0.1273247150033329,0.1201779116189911,0.2260503758378729,0.1179522009112694,0.1054852472391165,0.0798901313425071,0.0757032914378257,0.0694456364867193,0.0640809397909001,0.0561544453613706,1.0,0.0,1.0,0.0,1.0,0.0,9.153067795827436,51.59078715036719,0.6115651652446795,0.1177860604048068,7.341866471312744,54.25781879459656,0.5068779400501676,0.0584697605822755,0.3,0.2,0.18,2641.111111111111
4764,2646.6666666666665,0.3100831133015611,0.1951611720286299,0.1872888319272681,0.1401230009862498,0.130922377557855,0.121850496275079,0.1103846858116086,0.0996141054364449,0.1032373306425218,0.1098979025709187,0.2175515004441033,0.1310869193390788,0.1092391045609932,0.0849517857247125,0.0844882617448867,0.0696053013956581,0.0668387540457777,0.0561415516308558,1.0,0.0,1.0,0.0,1.0,0.0,9.153067795827436,51.59078715036719,0.6115651652446795,0.0997108328330321,7.341866471312744,54.25781879459656,0.5068779400501676,0.0584697605822755,0.3,0.2,0.18,2646.6666666666665
4774,2652.222222222222,0.3106391837857268,0.1874584023415652,0.1854584682376843,0.1417940396152886,0.1257759394633128,0.1070859789454601,0.106423225051654,0.0988841341786765,0.0930074529222071,0.0989543073291735,0.2299069229678748,0.1269104784645543,0.1126062614564127,0.0787724785263042,0.0806326534038891,0.0669071716644131,0.0663401762210404,0.0598426555557355,1.0,0.0,1.0,0.0,1.0,0.0,9.153067795827436,51.59078715036719,0.6115651652446795,0.0997108328330321,8.033014895922769,54.25781879459656,0.5068779400501676,0.0584697605822755,0.3,0.2,0.18,2652.222222222222
4784,2657.777777777778,0.3173042288409896,0.2015745910435366,0.1834300689525969,0.1352545720486272,0.1292849580346463,0.1110979233144935,0.1184750827664865,0.1102657061322579,0.1015901027240947,0.1041066737847369,0.22577309630685,0.1327228143415876,0.1051537804276252,0.085760353262103,0.0814792855099666,0.0647620498465246,0.0622992999800531,0.0559701378385879,1.0,0.0,1.0,0.0,1.0,0.0,9.153067795827436,51.59078715036719,0.6115651652446795,0.0997108328330321,8.033014895922769,51.67196502094249,0.5068779400501676,0.0584697605822755,0.3,0.2,0.18,2657.777777777778
4794,2663.333333333333,0.3086586045367396,0.1994164158410985,0.1805537063568871,0.1353941907029645,0.1300166075915962,0.1147247994823966,0.1064682660698984,0.0960085302907838,0.1146714873692916,0.0984814786721383,0.2554243460526945,0.1382677246980905,0.1376406287633033,0.0880418233432986,0.0790256658885632,0.0749922738831729,0.067539366957075,0.0683816177456173,1.0,0.0,1.0,0.0,1.0,0.0,9.153067795827436,51.59078715036719,0.6115651652446795,0.0997108328330321,8.033014895922769,51.67196502094249,0.5841258621019859,0.0584697605822755,0.3,0.2,0.18,2663.333333333333
4804,2668.8888888888887,0.3184979844865565,0.1921424119698202,0.1827393808068092,0.1385649041851073,0.1318536426727683,0.1193705584086049,0.1186238417515735,0.1041653268356482,0.1054110513360904,0.0968125417470153,0.2253812182788791,0.1258486523955522,0.0997753174707388,0.059996314241006,0.0563021907161509,0.0337427355807604,0.0342023492814867,0.0400532779129244,1.0,0.0,1.0,0.0,1.0,0.0,9.153067795827436,51.59078715036719,0.6115651652446795,0.0997108328330321,8.033014895922769,51.67196502094249,0.5841258621019859,0.0275225532280194,0.3,0.2,0.18,2668.8888888888887
4814,2674.4444444444443,0.287374097483736,0.1713904957656247,0.1672588733065415,0.1191927950251316,0.122791106063641,0.1057480184987751,0.1087972875763046,0.1024266449012584,0.1032877544597717,0.0988356344449503,0.2357096429470744,0.1202194444236164,0.091567962012132,0.0628744153408014,0.0431632371462283,0.039524180030971,0.0369585906277324,0.0307845670681122,1.0,0.0,1.0,0.0,1.0,0.0,7.336454512434773,51.59078715036719,0.6115651652446795,0.0997108328330321,8.033014895922769,51.67196502094249,0.5841258621019859,0.0275225532280194,0.3,0.2,0.18,2674.4444444444443
4824,2680.0,0.2813391959255489,0.185163737999607,0.168377938751282,0.1304572114280206,0.1236240801360235,0.1186667370935116,0.1209546552745705,0.1028984800826354,0.1056477894790549,0.0972479174519379,0.2270935424404979,0.1220977630199051,0.095629376686549,0.0569966259630226,0.0521418647649267,0.0343515189822154,0.0362068637796034,0.0292679302525647,1.0,0.0,1.0,0.0,1.0,0.0,7.336454512434773,45.8584435406906,0.6115651652446795,0.0997108328330321,8.033014895922769,51.67196502094249,0.5841258621019859,0.0275225532280194,0.3,0.2,0.18,2680.0
4834,2685.555555555555,0.2786669077854264,0.1763435910292226,0.1652193017732174,0.1286714497804012,0.122642634173112,0.1049667442526171,0.1062833370632879,0.1075495882536348,0.1050571633456048,0.104662997211119,0.2373072946743114,0.1238919985126578,0.1039060877918988,0.0652608072399461,0.0505225172009831,0.0350734065515352,0.0332806368308601,0.039667974042268,1.0,0.0,1.0,0.0,1.0,0.0,7.336454512434773,45.8584435406906,0.5861489849280462,0.0997108328330321,8.033014895922769,51.67196502094249,0.5841258621019859,0.0275225532280194,0.3,0.2,0.18,2685.555555555555
4844,2691.111111111111,0.3055393097470609,0.2279976625992636,0.2079589999797218,0.1795417884701765,0.1666196344860289,0.1554613208253515,0.1582361962190209,0.1504631966035637,0.1556528336978478,0.1533111912272006,0.2305413700325177,0.1118592215744394,0.1019204636356929,0.0635941559529095,0.0506019284727292,0.0321624092950315,0.0359969607976192,0.0239688376511774,1.0,0.0,1.0,0.0,1.0,0.0,7.336454512434773,45.8584435406906,0.5861489849280462,0.1498588133219723,8.033014895922769,51.67196502094249,0.5841258621019859,0.0275225532280194,0.3,0.2,0.18,2691.111111111111
4854,2696.6666666666665,0.3051182240063808,0.2266925269380729,0.207787665032472,0.1732152019337396,0.1644227267388225,0.1499554648386246,0.151103831727265,0.1497379507920724,0.1482620439683272,0.1485232673078949,0.2194531460158062,0.097908653431065,0.0932910291809755,0.0510899115773719,0.0406014223957967,0.0326495555851473,0.0354324904012941,0.0290658998572107,1.0,0.0,1.0,0.0,1.0,0.0,7.336454512434773,45.8584435406906,0.5861489849280462,0.1498588133219723,7.057655825636014,51.67196502094249,0.5841258621019859,0.0275225532280194,0.3,0.2,0.18,2696.6666666666665
4864,2702.222222222222,0.305240362644592,0.2234636132012479,0.200389209099302,0.1695570921652342,0.1628817687004737,0.1606159792692696,0.1533747546044744,0.1479039026813969,0.1470233689848076,0.1540082968890193,0.2198317218244724,0.1082127590175996,0.0982614095421472,0.0458420262081485,0.0465086630663039,0.0374042506097207,0.0359476017078596,0.023522682348021,1.0,0.0,1.0,0.0,1.0,0.0,7.336454512434773,45.8584435406906,0.5861489849280462,0.1498588133219723,7.057655825636014,48.94758563638537,0.5841258621019859,0.0275225532280194,0.3,0.2,0.18,2702.222222222222
4874,2707.777777777778,0.3108315113637109,0.2270254777501198,0.2045297676882253,0.1760065094368834,0.1686097008872048,0.1690435534168922,0.1607109305010538,0.1540448488110934,0.1485271315241849,0.1535631696040691,0.2096389256359512,0.1070794885014871,0.0886971441682333,0.0587154357614836,0.0399991731293041,0.0343910332902286,0.0276722019609791,0.0248427775623222,1.0,0.0,1.0,0.0,1.0,0.0,7.336454512434773,45.8584435406906,0.5861489849280462,0.1498588133219723,7.057655825636014,48.94758563638537,0.5743255127652905,0.0275225532280194,0.3,0.2,0.18,2707.777777777778
4884,2713.333333333333,0.3046831724151211,0.2267521544164483,0.2079664703157214,0.1818075618730762,0.1725948164779768,0.1654297643447526,0.1611072447061058,0.1473568417684866,0.1564262516311042,0.1617003871655611,0.2551493832170758,0.1674640938261357,0.1463010390752221,0.1081835293201664,0.1029073382280743,0.1002741856907519,0.0870737639224956,0.0864459700848932,1.0,0.0,1.0,0.0,1.0,0.0,7.336454512434773,45.8584435406906,0.5861489849280462,0.1498588133219723,7.057655825636014,48.94758563638537,0.5743255127652905,0.0872141609287306,0.3,0.2,0.18,2713.333333333333
4894,2718.8888888888887,0.3462799651010617,0.2349932985527288,0.22654031214752,0.1853465447733213,0.1879044972378393,0.1679249324864977,0.1601537694952048,0.1544770515053155,0.1480317943791751,0.1538803604445511,0.2597198569848113,0.1520943344138958,0.138144722510377,0.1200458676469256,0.1014470860965805,0.1016234214078105,0.0968106454955043,0.0844038608062866,1.0,0.0,1.0,0.0,1.0,0.0,9.4332754543226,45.8584435406906,0.5861489849280462,0.1498588133219723,7.057655825636014,48.94758563638537,0.5743255127652905,0.0872141609287306,0.3,0.2,0.18,2718.8888888888887
4904,2724.4444444444443,0.3241322136159123,0.2271017819538809,0.216907590216171,0.172736108972672,0.1749335628449405,0.1707861567358671,0.1645127257321532,0.1548745909367986,0.1530165596361683,0.1473785183286594,0.2502024451761823,0.1603101947872104,0.1487409866657341,0.1159532679268522,0.0936430428798276,0.0905054125045182,0.0969279805218173,0.0871920205136529,1.0,0.0,1.0,0.0,1.0,0.0,9.4332754543226,57.78145787437038,0.5861489849280462,0.1498588133219723,7.057655825636014,48.94758563638537,0.5743255127652905,0.0872141609287306,0.3,0.2,0.18,2724.4444444444443
4914,2730.0,0.3245539741998842,0.217292258180111,0.2152342074691972,0.1760522391346254,0.1764230870304914,0.1604371901385919,0.1520024633959695,0.1533363156234392,0.1587245273997073,0.1513494846783227,0.2517488257072958,0.1606285455398093,0.1327760712089046,0.1241854444553956,0.1093850789117891,0.0941160913923483,0.0940199414643367,0.0930203624523761,1.0,0.0,1.0,0.0,1.0,0.0,9.4332754543226,57.78145787437038,0.5754277491409066,0.1498588133219723,7.057655825636014,48.94758563638537,0.5743255127652905,0.0872141609287306,0.3,0.2,0.18,2730.0
4924,2735.555555555555,0.2545035044221306,0.1298392418346509,0.1291564860529076,0.0763758717203482,0.0746285684198522,0.052271797225292,0.0454981807467862,0.0413461681145043,0.0556538867137521,0.0406071209589652,0.2584317992972664,0.1567760529139775,0.1438444698240886,0.1148274474973922,0.0987550870550326,0.0950874795334445,0.1005975317342215,0.0900209712674159,1.0,0.0,1.0,0.0,1.0,0.0,9.4332754543226,57.78145787437038,0.5754277491409066,0.0400351713062899,7.057655825636014,48.94758563638537,0.5743255127652905,0.0872141609287306,0.3,0.2,0.18,2735.555555555555
4934,2741.111111111111,0.255845885920456,0.1227519411451843,0.1238273729583478,0.0749081514334224,0.0722315586338564,0.057207556644858,0.050466341594221,0.0504989881667158,0.0399532671514,0.0407036784718485,0.281665644013525,0.1760797855940886,0.1577656187761729,0.1228418937990431,0.1160913020575344,0.1090142016697848,0.0915197633439468,0.0852334437921324,1.0,0.0,1.0,0.0,1.0,0.0,9.4332754543226,57.78145787437038,0.5754277491409066,0.0400351713062899,8.653195813054198,48.94758563638537,0.5743255127652905,0.0872141609287306,0.3,0.2,0.18,2741.111111111111
4944,2746.6666666666665,0.2549361729457193,0.1303242877305735,0.1276921188949987,0.0733166521064873,0.0747768600126347,0.0368685984559684,0.0510933046536531,0.0327042146730709,0.0481187326055149,0.0487031659032515,0.2897219148443091,0.1782338363725343,0.1678956585062947,0.1215479076514837,0.111356569869962,0.1089091479911614,0.0929825009099816,0.0865161428679552,1.0,0.0,1.0,0.0,1.0,0.0,9.4332754543226,57.78145787437038,0.5754277491409066,0.0400351713062899,8.653195813054198,49.87666677828318,0.5743255127652905,0.0872141609287306,0.3,0.2,0.18,2746.6666666666665
4954,2752.222222222222,0.2576585269047751,0.1272489016447015,0.1143770891691102,0.0815883187714856,0.0733767228476632,0.0473008165365547,0.0631348949814615,0.051650685939087,0.040007800859376,0.0372222222030451,0.3023614467405938,0.1781314614400899,0.1746997460953696,0.1303233577080259,0.1263683834553336,0.0992621148154794,0.0952556108007046,0.0858532223194881,1.0,0.0,1.0,0.0,1.0,0.0,9.4332754543226,57.78145787437038,0.5754277491409066,0.0400351713062899,8.653195813054198,49.87666677828318,0.6371082294236313,0.0872141609287306,0.3,0.2,0.18,2752.222222222222
4964,2757.777777777778,0.2608545942467795,0.1318199740048458,0.1192851885453663,0.0740951974414836,0.0723478084368627,0.05357090727248,0.0569672622946124,0.0522236689240076,0.0413603141525418,0.0374587302518398,0.265337436859064,0.1171413291531498,0.1067559063687038,0.0477385404842545,0.0496640372585427,0.0252618068760465,0.0308838451853861,0.0105479827285625,1.0,0.0,1.0,0.0,1.0,0.0,9.4332754543226,57.78145787437038,0.5754277491409066,0.0400351713062899,8.653195813054198,49.87666677828318,0.6371082294236313,0.0109937134244479,0.3,0.2,0.18,2757.777777777778
4974,2763.333333333333,0.2456054397628515,0.1300749420831182,0.1296760463345471,0.068009498401449,0.0723806530090706,0.0559333363007763,0.0542162327691873,0.0483092057667735,0.0485041681133704,0.0408000122016894,0.2569408565993062,0.1193824571082892,0.1025375967433273,0.0432121389689591,0.0439408903597941,0.0201868710773291,0.0238880135126036,0.0101854034893751,1.0,0.0,1.0,0.0,1.0,0.0,9.172984630035996,57.78145787437038,0.5754277491409066,0.0400351713062899,8.653195813054198,49.87666677828318,0.6371082294236313,0.0109937134244479,0.3,0.2,0.18,2763.333333333333
4984,2768.8888888888887,0.2769233176740962,0.1491389674255629,0.1322618360081983,0.0789587578266207,0.0787087400061289,0.054514602180311,0.0506710854239577,0.0425426810308556,0.0427890368005412,0.0401727141312198,0.2620771470127273,0.1167655396290015,0.1048542826293155,0.0497750643192353,0.0422330403935841,0.0289896660973452,0.0247153928223776,0.0126814426924602,1.0,0.0,1.0,0.0,1.0,0.0,9.172984630035996,46.25930325233851,0.5754277491409066,0.0400351713062899,8.653195813054198,49.87666677828318,0.6371082294236313,0.0109937134244479,0.3,0.2,0.18,2768.8888888888887
4994,2774.4444444444443,0.2785138440663872,0.1575081056064444,0.1304088831018685,0.0847731397348942,0.0778400558167539,0.0594468046643228,0.0621409283353011,0.0485879530634445,0.0448981890179537,0.043294815538365,0.2634166134718076,0.1281035644342849,0.1046186697250134,0.0453798350459804,0.0485203268004753,0.0270317348727274,0.0212413755518905,0.0172200043118507,1.0,0.0,1.0,0.0,1.0,0.0,9.172984630035996,46.25930325233851,0.5989053914574938,0.0400351713062899,8.653195813054198,49.87666677828318,0.6371082294236313,0.0109937134244479,0.3,0.2,0.18,2774.4444444444443
