source_row_index,time,X1A,Y1A,X2A,Y2A,X3A,Y3A,X4A,Y4A,X5A,Y5A,X1B,Y1B,X2B,Y2B,X3B,Y3B,X4B,Y4B,s1,c1,s2,c2,s3,c3,L_A,G_A,X0_A,Y6_A,L_B,G_B,X0_B,Y5_B,H1,H2,H3,time_hours
4,2.2222222222222223,0.2639126183520667,0.1505504720456179,0.1366506205608202,0.0916466690549666,0.0871450589622034,0.0677930899962798,0.0662843663079792,0.0572722201546276,0.0564210905769011,0.0518521613855424,0.2481671618647219,0.1378159141223043,0.1220130153973799,0.0813817958167027,0.0764646496640835,0.0610598495886871,0.0591856572539182,0.0529472276463526,0.391990288404821,0.0,0.2583041900481445,0.0,-0.3981872590560212,0.0,8.0,50.0,0.6,0.05,7.5,50.0,0.6,0.05,0.1175970865214462,0.0516608380096288,-0.0716737066300838,2.2222222222222223
14,7.777777777777778,0.2546927070881555,0.1397837440651004,0.1269307051495169,0.0831843404583599,0.0784313520035642,0.0624470259848504,0.060849789316186,0.05394339167374,0.0536467353114705,0.0506358068112879,0.2363044182534306,0.130449616469712,0.1138011652258249,0.0770191905177431,0.0713860195507624,0.0580462342304029,0.0565594017658188,0.0522196625380654,-0.4229059349424294,0.0,-0.81718355010166,0.0,-0.3981872590560212,0.0,8.400305493134933,50.0,0.6,0.05,7.5,50.0,0.6,0.05,-0.1268717804827288,-0.163436710020332,-0.0716737066300838,7.777777777777778
24,13.333333333333332,0.2403027600289287,0.1264724568427945,0.1187652131378169,0.076456625148762,0.07453492117375,0.0596272631437619,0.0585746415829358,0.0527948082015381,0.0528591540363831,0.0504847287021518,0.232089001837401,0.1285438870394488,0.1122237341070701,0.0764452590829546,0.0710496440559327,0.0578879972311669,0.0565174660325398,0.0520809322074937,-0.9222320302785104,0.0,0.7955785024730946,0.0,-0.7553770893913289,0.0,8.400305493134933,57.94427601939151,0.6,0.05,7.5,50.0,0.6,0.05,-0.2766696090835531,0.1591157004946189,-0.1359678760904392,13.333333333333332
34,18.88888888888889,0.2573250976552988,0.1339360033830915,0.124602363552578,0.0789598241017837,0.0766321078430002,0.060725425667612,0.0593038094822072,0.0528963075515517,0.0528529497938611,0.050527736166112,0.2320002862676827,0.1287086578888455,0.1124114000985238,0.0764058561146603,0.0707874589351822,0.0581401691360075,0.05645987232512,0.0518144827002739,-0.9222320302785104,0.0,0.7955785024730946,0.0,-0.7553770893913289,0.0,8.400305493134933,57.94427601939151,0.6551371380490387,0.05,7.5,50.0,0.6,0.05,-0.2766696090835531,0.1591157004946189,-0.1359678760904392,18.88888888888889
44,24.444444444444443,0.2489658455746687,0.1209104492469512,0.1108883670361363,0.0639527893155632,0.0615255175332788,0.0451434558249117,0.0435162762713378,0.0366894721554459,0.0368927331580576,0.034337147117164,0.2347674260542719,0.1294417015434839,0.113096744776475,0.0771456217929133,0.0710744968115912,0.0582008560592177,0.056250410216783,0.052213459979238,-0.6560996212890956,0.0,0.7955785024730946,0.0,-0.3867614533225803,0.0,8.400305493134933,57.94427601939151,0.6551371380490387,0.0337810784985887,7.5,50.0,0.6,0.05,-0.1968298863867287,0.1591157004946189,-0.0696170615980644,24.444444444444443
54,30.0,0.2520943071414879,0.1207217268568922,0.112094146349759,0.0644886559062043,0.0615366398895613,0.0449972703869817,0.0435866007858506,0.0366382100549997,0.0367245180279283,0.0345836879082168,0.223318803974456,0.1235975431774405,0.1056091994082516,0.0733518371429689,0.0673972394546917,0.0570362523655643,0.0548157651989379,0.0520428892719342,-0.6560996212890956,0.0,-0.6514336734398033,0.0,-0.3867614533225803,0.0,8.400305493134933,57.94427601939151,0.6551371380490387,0.0337810784985887,6.9004988547336765,50.0,0.6,0.05,-0.1968298863867287,-0.1302867346879606,-0.0696170615980644,30.0
64,35.55555555555556,0.2529003942318337,0.1210799857781808,0.1122974435468305,0.0643463165107522,0.0617949844660945,0.0450864049787728,0.043725699441263,0.0362289273062425,0.0373638256791018,0.0345392347478329,0.2162971319965407,0.114353515461206,0.1005807492596934,0.0696230940115774,0.065281107202183,0.0559432122154477,0.0541967913422886,0.0514729484122088,-0.5626720304748271,0.0,-0.6514336734398033,0.0,-0.2770895585828411,0.0,8.400305493134933,57.94427601939151,0.6551371380490387,0.0337810784985887,6.9004988547336765,57.47106890792524,0.6,0.05,-0.1688016091424481,-0.1302867346879606,-0.0498761205449114,35.55555555555556
74,41.11111111111111,0.2498563930188386,0.1199324820681465,0.1112467315342094,0.0639292546136524,0.0614187113776945,0.0446835959039284,0.0438857750238557,0.0361198315346791,0.0374503870322866,0.0343649888482036,0.1826163466675951,0.101314315348079,0.0906358808454566,0.065960372823017,0.0624337206414237,0.054867833922561,0.0531511318310581,0.0510741032225191,-0.9456375256542447,0.0,-0.8326504192858863,0.0,-0.2540663885148469,0.0,8.400305493134933,57.94427601939151,0.6551371380490387,0.0337810784985887,6.9004988547336765,57.47106890792524,0.501053060913115,0.05,-0.2836912576962734,-0.1665300838571772,-0.0457319499326724,41.11111111111111
84,46.66666666666666,0.2515651901572452,0.1208286399234877,0.1116283549549062,0.0643268918424641,0.0614829167638882,0.0448881429845648,0.0439981606743742,0.0361048999929249,0.0374465447258761,0.0344846217676004,0.2344958178242013,0.1662123711384344,0.1569999366111421,0.1368488885863465,0.1335660139437002,0.1273847991532246,0.1258285242127466,0.1241983578025071,-0.7528828555408751,0.0,-0.8326504192858863,0.0,0.574892995946807,0.0,8.400305493134933,57.94427601939151,0.6551371380490387,0.0337810784985887,6.9004988547336765,57.47106890792524,0.501053060913115,0.1231842627574149,-0.2258648566622625,-0.1665300838571772,0.1034807392704252,46.66666666666666
94,52.22222222222222,0.2759093731400833,0.1324473944457125,0.1244415585694384,0.069282628161552,0.0672144817313208,0.0471580215080802,0.0465670098427028,0.0369315146049195,0.0385741219319049,0.0348162639582782,0.2468190638275567,0.1710098713128718,0.1605146689282575,0.1380396623883362,0.1344568606862695,0.1280487275500799,0.1260862979066496,0.1242100481439588,0.9101874999426052,0.0,-0.359647181985573,0.0,0.574892995946807,0.0,8.950622172006547,57.94427601939151,0.6551371380490387,0.0337810784985887,6.9004988547336765,57.47106890792524,0.501053060913115,0.1231842627574149,0.2730562499827815,-0.0719294363971146,0.1034807392704252,52.22222222222222
104,57.77777777777777,0.2868773060926999,0.1501389883027827,0.1334815315421133,0.0776020095553875,0.0726749787386571,0.0512775335966328,0.0488956657716604,0.0385357544165048,0.0393143549841166,0.0355113884021899,0.2466728672930169,0.1708765692042579,0.1605052449184598,0.1378778881435784,0.1341892043956306,0.128160390000948,0.125803192073781,0.1236171268847096,0.9101874999426052,0.0,0.4712970777950346,0.0,0.4114899933019158,0.0,8.950622172006547,49.358699056874414,0.6551371380490387,0.0337810784985887,6.9004988547336765,57.47106890792524,0.501053060913115,0.1231842627574149,0.2730562499827815,0.0942594155590069,0.0740681987943448,57.77777777777777
114,63.33333333333333,0.249084268459012,0.1332967857430799,0.1185541397529714,0.07065183220695,0.0667081688742649,0.0486154540718349,0.0467725751370253,0.0376481227844538,0.0387475854298116,0.0351536068229592,0.2464533296072675,0.1710870093194107,0.160296837227266,0.1376975565723712,0.1340921251634423,0.1281278641597772,0.1257788224145298,0.1235747742318283,0.9101874999426052,0.0,0.4712970777950346,0.0,0.4114899933019158,0.0,8.950622172006547,49.358699056874414,0.5606064853638627,0.0337810784985887,6.9004988547336765,57.47106890792524,0.501053060913115,0.1231842627574149,0.2730562499827815,0.0942594155590069,0.0740681987943448,63.33333333333333
124,68.88888888888889,0.2440098408981743,0.1343044111557053,0.1208812372263915,0.0761284712127441,0.0728512819759166,0.0557696349597036,0.054103677876693,0.0452191345257059,0.0467537651408921,0.042968929049221,0.2364171615537971,0.1672800900965582,0.1571157060539263,0.1366517870289644,0.1332525676171922,0.1278643507097709,0.125763456895929,0.1237512688517983,-0.4145424508812536,0.0,-0.7172041330601148,0.0,-0.5207554481135676,0.0,8.950622172006547,49.358699056874414,0.5606064853638627,0.041763841815116,6.9004988547336765,57.47106890792524,0.501053060913115,0.1231842627574149,-0.124362735264376,-0.1434408266120229,-0.0937359806604421,68.88888888888889
134,74.44444444444444,0.2440108566573708,0.1344528415891632,0.1209437164158153,0.0759075102817884,0.0728554789195927,0.0559979471209805,0.0540891529345138,0.0452947494081773,0.0470474659393747,0.0429222721140854,0.2345740429799287,0.1664506399147725,0.1563930655898736,0.1359480186472535,0.1329190354780987,0.1272102329569643,0.1255732135402197,0.1238562472547124,-0.4145424508812536,0.0,-0.650974348611403,0.0,-0.8507021304943688,0.0,8.950622172006547,49.358699056874414,0.5606064853638627,0.041763841815116,6.764608762962374,57.47106890792524,0.501053060913115,0.1231842627574149,-0.124362735264376,-0.1301948697222806,-0.1531263834889863,74.44444444444444
144,80.0,0.2530405323374037,0.1376779633235333,0.1232953775562211,0.0771743392488068,0.0735343015711359,0.0558064825636961,0.0541978780779777,0.0452119216912664,0.0472317767590837,0.0427534017304968,0.2476871738188711,0.1765056117222793,0.1615155453175752,0.139411920130734,0.1349345928070757,0.1283374807196578,0.1262021058417944,0.1239915879277361,0.8341300690165542,0.0,-0.650974348611403,0.0,-0.8507021304943688,0.0,8.950622172006547,49.358699056874414,0.5606064853638627,0.041763841815116,6.764608762962374,48.901526117652935,0.501053060913115,0.1231842627574149,0.2502390207049662,-0.1301948697222806,-0.1531263834889863,80.0
154,85.55555555555556,0.2562644460392188,0.1401027542099635,0.1258577724680042,0.0785894615925912,0.0745367987496068,0.0566966166903986,0.0549973439996852,0.0453773185215654,0.0472453426807637,0.0425071561988351,0.2821653202087296,0.192232286429184,0.1730194798954768,0.1446504607263167,0.1384710710538599,0.12964253929857,0.1272524128125902,0.1245115847629986,0.8341300690165542,0.0,-0.6374328276328969,0.0,0.9345007822726416,0.0,8.950622172006547,49.358699056874414,0.5606064853638627,0.041763841815116,6.764608762962374,48.901526117652935,0.6009096517915906,0.1231842627574149,0.2502390207049662,-0.1274865655265794,0.1682101408090754,85.55555555555556
164,91.1111111111111,0.2564533209403701,0.1398244043229414,0.1261394825760288,0.07848811602873,0.0745208200343156,0.0565574764326824,0.054997774613365,0.0449150272891281,0.0475030551089423,0.0423694359028848,0.2546270224761472,0.1576940095205073,0.1372277732483706,0.1065615048001007,0.0997871854574221,0.0899783715662208,0.0877905924652479,0.0842027148952804,0.8341300690165542,0.0,-0.6374328276328969,0.0,0.5703431605832021,0.0,8.950622172006547,49.358699056874414,0.5606064853638627,0.041763841815116,6.764608762962374,48.901526117652935,0.6009096517915906,0.0830246028111738,0.2502390207049662,-0.1274865655265794,0.1026617689049763,91.1111111111111
174,96.66666666666666,0.2594538164146771,0.1419557845315178,0.1302522981039855,0.0807529801918798,0.0771747860144555,0.0576536960616577,0.0563080442545764,0.0455439045209705,0.0483517235147086,0.042757884040312,0.2493718338823753,0.154641261147928,0.1346522552133738,0.1055209653879739,0.0990551535010237,0.0896733830592131,0.087382041596075,0.0840858859096226,0.3513158968819491,0.0,-0.3256279463420617,0.0,0.5703431605832021,0.0,9.585600906990056,49.358699056874414,0.5606064853638627,0.041763841815116,6.764608762962374,48.901526117652935,0.6009096517915906,0.0830246028111738,0.1053947690645847,-0.0651255892684123,0.1026617689049763,96.66666666666666
184,102.2222222222222,0.2457343622893076,0.1289172238429228,0.1229711350301608,0.0748987779108506,0.0735817726863664,0.054983792535232,0.0548264192708152,0.0445000252096119,0.0475021922897444,0.042432628170024,0.2451030157093334,0.1537144948901509,0.1344527664389598,0.105236894577012,0.0990270802404151,0.0897159867339515,0.0876210399691091,0.0840238711407932,-0.4929212891005571,0.0,-0.7537090309858842,0.0,-0.2824945082276276,0.0,9.585600906990056,55.85323838427506,0.5606064853638627,0.041763841815116,6.764608762962374,48.901526117652935,0.6009096517915906,0.0830246028111738,-0.1478763867301671,-0.1507418061971768,-0.0508490114809729,102.2222222222222
194,107.77777777777776,0.2686722410278453,0.1397033389251364,0.1322019655855791,0.0786990204126698,0.0768917727278817,0.0569308924044939,0.0560656686270801,0.0450595544530635,0.04805794501538,0.042338070874691,0.2447607389368722,0.1533244876633308,0.134414849735411,0.1049331150734387,0.0987982554157682,0.0898483705177656,0.0872161056150365,0.08443590355495,-0.4929212891005571,0.0,0.6249472638978745,0.0,0.6272222145016759,0.0,9.585600906990056,55.85323838427506,0.6244358458882325,0.041763841815116,6.764608762962374,48.901526117652935,0.6009096517915906,0.0830246028111738,-0.1478763867301671,0.1249894527795749,0.1128999986103016,107.77777777777776
204,113.33333333333331,0.3460508898365399,0.234087028796348,0.2270199405181652,0.1803071482625679,0.178818647662515,0.162050807596347,0.1609691465087406,0.1510814534984723,0.1537333775907994,0.148909119031062,0.2556474113075395,0.1579334251374257,0.1382647002981812,0.1064981827605638,0.1001833284624084,0.0904575411097903,0.0878484634938129,0.0848155151076582,0.7835904027239415,0.0,0.6249472638978745,0.0,-0.5068198465060151,0.0,9.585600906990056,55.85323838427506,0.6244358458882325,0.1483440221522827,6.764608762962374,48.901526117652935,0.6009096517915906,0.0830246028111738,0.2350771208171824,0.1249894527795749,-0.0912275723710827,113.33333333333331
214,118.88888888888889,0.3480100875287171,0.2334278670822711,0.2279463691819319,0.1804116516555357,0.1789426599914772,0.1623502264581107,0.1616691211685013,0.1508526159259134,0.1540361024376684,0.1488771841599778,0.2524446612637885,0.1560945530283176,0.136438528306273,0.1056532794485928,0.0990197006971735,0.0900248827358401,0.0879898550563414,0.0846923632467025,0.7835904027239415,0.0,-0.94427640568699,0.0,-0.6673300344223805,0.0,9.585600906990056,55.85323838427506,0.6244358458882325,0.1483440221522827,6.645926094706796,48.901526117652935,0.6009096517915906,0.0830246028111738,0.2350771208171824,-0.188855281137398,-0.1201194061960284,118.88888888888889
224,124.44444444444444,0.3486352962637907,0.2342518454771627,0.2277226303486421,0.1802381896672557,0.1790632035654649,0.1621754044018473,0.161403493683205,0.1509753909339065,0.1539104644586735,0.1489429942103538,0.2607195803667835,0.1656359450908358,0.1412040290691182,0.1095994537215153,0.1013374295441052,0.0908830492299492,0.0885687142262348,0.0851322578176954,0.929562902612182,0.0,-0.94427640568699,0.0,-0.6673300344223805,0.0,9.585600906990056,55.85323838427506,0.6244358458882325,0.1483440221522827,6.645926094706796,43.20424067715689,0.6009096517915906,0.0830246028111738,0.2788688707836546,-0.188855281137398,-0.1201194061960284,124.44444444444444
234,130.0,0.3490907938731505,0.2345527867422812,0.2283344833293541,0.180611493054326,0.1793489568930761,0.1623794687346509,0.1616569358879223,0.1511599789542116,0.1541780143649606,0.1486737577394324,0.2686059272584136,0.1690857690067437,0.1432753246369829,0.1110859250628524,0.1019895305613062,0.0912567270546709,0.0886792649260825,0.0849192028453001,0.929562902612182,0.0,-0.9375192739352912,0.0,0.3899352928534124,0.0,9.585600906990056,55.85323838427506,0.6244358458882325,0.1483440221522827,6.645926094706796,43.20424067715689,0.6225079208546062,0.0830246028111738,0.2788688707836546,-0.1875038547870582,0.0701883527136142,130.0
244,135.55555555555554,0.3284735013293186,0.2268644930142583,0.2205254029018602,0.1770785617291402,0.1758863283876581,0.1608293362645651,0.1600519736612822,0.1508061965187555,0.1538292304519672,0.1487019780223208,0.2022937862891724,0.0974803426132788,0.0707703713657633,0.0362115221832716,0.0270723154584975,0.0154196189165009,0.0124368382976216,0.0086344927175276,-0.96022615354539,0.0,0.5065167396705559,0.0,-0.8141953860563202,0.0,9.585600906990056,55.85323838427506,0.6244358458882325,0.1483440221522827,6.645926094706796,43.20424067715689,0.6225079208546062,0.0065913011942075,-0.288067846063617,0.1013033479341111,-0.1465551694901376,135.55555555555554
254,141.11111111111111,0.2838024121433691,0.2029017959013876,0.1888061147979407,0.1624997643321009,0.1590739152221835,0.1539045292338039,0.1529799422371179,0.1477865700826601,0.1508220167907364,0.1476267213892949,0.2029809842122167,0.0975885473012933,0.0712428782723243,0.0363400785143862,0.0271462255643946,0.0148468795738564,0.0122683877385537,0.0083124006376263,-0.850583500831078,0.0,0.2853225309540041,0.0,-0.8196538750719052,0.0,6.514176892075508,55.85323838427506,0.6244358458882325,0.1483440221522827,6.645926094706796,43.20424067715689,0.6225079208546062,0.0065913011942075,-0.2551750502493234,0.0570645061908008,-0.1475376975129429,141.11111111111111
264,146.66666666666666,0.2884686835182329,0.2091145067520127,0.1914144186046419,0.1646849109625534,0.1603580224767061,0.1549259015177956,0.1533404324266985,0.1479551374505635,0.1511758482337096,0.1475493422815775,0.2035163379454241,0.0979702180819212,0.0706795102236998,0.0363031768425983,0.0268961273296575,0.0147482502471938,0.0123968529667093,0.008618872301956,-0.850583500831078,0.0,0.2853225309540041,0.0,0.6456861056997572,0.0,6.514176892075508,50.297776405427406,0.6244358458882325,0.1483440221522827,6.645926094706796,43.20424067715689,0.6225079208546062,0.0065913011942075,-0.2551750502493234,0.0570645061908008,0.1162234990259562,146.66666666666666
274,152.2222222222222,0.282634716361664,0.2061545852125941,0.1883156260402785,0.1634944758378478,0.1595653433368941,0.1543683733775954,0.1526314450613507,0.1479168244904192,0.1510509476406154,0.1474918098122607,0.2072264811820791,0.0987022560839766,0.0706504769574454,0.0365660769513207,0.0268956894682693,0.0143128777472656,0.0122597529570587,0.0083571256575261,0.3112774669462586,0.0,0.2853225309540041,0.0,0.6456861056997572,0.0,6.514176892075508,50.297776405427406,0.5932412050650578,0.1483440221522827,6.645926094706796,43.20424067715689,0.6225079208546062,0.0065913011942075,0.0933832400838775,0.0570645061908008,0.1162234990259562,152.2222222222222
284,157.77777777777777,0.2816088465416226,0.1997304286860758,0.1813990729054367,0.1544445046367515,0.1500674111895323,0.1439285552272416,0.142317113797103,0.1375656759343061,0.1404885270219181,0.1369989431577275,0.2130388513395521,0.101908184775462,0.0741446278787349,0.0377207070398426,0.0279312323110662,0.0145950220961535,0.0123945538724625,0.0084202657220867,0.3112774669462586,0.0,-0.6692934659520485,0.0,-0.4341378046781106,0.0,6.514176892075508,50.297776405427406,0.5932412050650578,0.1375751659789278,6.645926094706796,43.20424067715689,0.6225079208546062,0.0065913011942075,0.0933832400838775,-0.1338586931904097,-0.0781448048420599,157.77777777777777
294,163.33333333333331,0.2825455314589019,0.2003945964137563,0.1816249585538644,0.1545664045959962,0.1503199760699862,0.1436894231153704,0.1424458840709658,0.1373564951500321,0.1404093442205276,0.1370881386183238,0.2432554828666808,0.1191327260815696,0.0943314246330749,0.0482741593601032,0.0381637501809966,0.0193354798530147,0.0167098155663964,0.0098802108877429,0.5867225361799108,0.0,-0.6692934659520485,0.0,-0.4341378046781106,0.0,6.514176892075508,50.297776405427406,0.5932412050650578,0.1375751659789278,7.887678763473032,43.20424067715689,0.6225079208546062,0.0065913011942075,0.1760167608539732,-0.1338586931904097,-0.0781448048420599,163.33333333333331
304,168.88888888888889,0.2806696790762758,0.2008830415500423,0.1820073109193782,0.1543160094237509,0.1505310275214829,0.1435325189237398,0.1425827180870713,0.1371097275635845,0.1404997185074659,0.1377413397787534,0.2320404864792907,0.1042542447541537,0.0863576234556427,0.0411334878642921,0.0340422357427493,0.0167665973346388,0.0149808321417474,0.0085997046520208,0.5867225361799108,0.0,0.8399565232970754,0.0,-0.4341378046781106,0.0,6.514176892075508,50.297776405427406,0.5932412050650578,0.1375751659789278,7.887678763473032,50.28235293199028,0.6225079208546062,0.0065913011942075,0.1760167608539732,0.167991304659415,-0.0781448048420599,168.88888888888889
314,174.44444444444443,0.28130551468788,0.2007242883729319,0.1820780493164236,0.1541047187006721,0.1504677663668034,0.1436869653629799,0.1425973483605937,0.1368881747772237,0.1404489664889903,0.1376259630077188,0.2237268772082595,0.1008845128899184,0.0834919473305845,0.0399094713430883,0.0333086627657381,0.0160378003350601,0.0144272969461219,0.0084193110505021,0.5867225361799108,0.0,0.26491777358146,0.0,-0.5938555922849266,0.0,6.514176892075508,50.297776405427406,0.5932412050650578,0.1375751659789278,7.887678763473032,50.28235293199028,0.5993746870787008,0.0065913011942075,0.1760167608539732,0.052983554716292,-0.1068940066112867,174.44444444444443
324,180.0,0.2811966199380394,0.2008107562141698,0.1823020971784259,0.1548019813606644,0.1507106384616282,0.1438199528463394,0.142759770478749,0.1368364672959836,0.1401651470777773,0.1375121378377831,0.2430177065827605,0.1266214021229337,0.1095694527852878,0.0686076119662608,0.0625626616946045,0.0462630002037041,0.0444724926750442,0.0386815196303374,0.5774022414671264,0.0,0.26491777358146,0.0,-0.3532994380300936,0.0,6.514176892075508,50.297776405427406,0.5932412050650578,0.1375751659789278,7.887678763473032,50.28235293199028,0.5993746870787008,0.0371272383040996,0.1732206724401379,0.052983554716292,-0.0635938988454168,180.0
334,185.55555555555557,0.2784436349708866,0.2002814364859236,0.1816615382213244,0.1540300055969618,0.1505529375048754,0.1434433505800662,0.1424950356501468,0.1366345104276613,0.1401273815027719,0.1377794172309431,0.2432401339555729,0.1265874371553037,0.1093068981560876,0.0686406619767004,0.0630432497028665,0.0468299694717068,0.0443264553585205,0.0389330080835211,0.5774022414671264,0.0,0.9300616913650158,0.0,-0.4254850763501618,0.0,6.437740881736019,50.297776405427406,0.5932412050650578,0.1375751659789278,7.887678763473032,50.28235293199028,0.5993746870787008,0.0371272383040996,0.1732206724401379,0.1860123382730031,-0.0765873137430291,185.55555555555557
344,191.11111111111111,0.2873054717663165,0.2098707657846852,0.1868508743804935,0.1582184155689858,0.1528051259001625,0.1451541451286521,0.1435375293717564,0.1370665533580603,0.1401627834388862,0.1378863528037857,0.2456523150013731,0.1280444208432894,0.1100904236290653,0.0688968448044011,0.0637970881960014,0.0470628270909819,0.044821468124692,0.0385426813501638,0.8641079175512217,0.0,0.9300616913650158,0.0,-0.5773264007423569,0.0,6.437740881736019,43.84804287970621,0.5932412050650578,0.1375751659789278,7.887678763473032,50.28235293199028,0.5993746870787008,0.0371272383040996,0.2592323752653665,0.1860123382730031,-0.1039187521336242,191.11111111111111
354,196.66666666666663,0.29879288362856,0.213273668547281,0.1894900979541309,0.15898921592873,0.1534362458216531,0.1451501437294105,0.1440879763146049,0.137170066769235,0.1402027518697986,0.1382100294386262,0.2394939572895955,0.1250988699416735,0.106929482860173,0.0675978899934217,0.062775984923661,0.046200533756964,0.0441786490082992,0.0383795187370027,0.4305406670006675,0.0,-0.6751077918251946,0.0,-0.8987134315019331,0.0,6.437740881736019,43.84804287970621,0.6384064241763678,0.1375751659789278,7.887678763473032,50.28235293199028,0.5993746870787008,0.0371272383040996,0.1291622001002002,-0.1350215583650389,-0.1617684176703479,196.66666666666663
364,202.2222222222222,0.2267659913829388,0.1233005745306455,0.0945482681628423,0.057184300095201,0.0500040689106533,0.0397160871256424,0.038274904850592,0.0305437366303041,0.0333529911224399,0.0308121459037652,0.2417377099897078,0.1268811189856101,0.1090758745797596,0.0688857412082553,0.0637547715669473,0.0466112173091658,0.0440010607400734,0.0386768731753512,0.4305406670006675,0.0,0.2913268607878757,0.0,-0.8987134315019331,0.0,6.437740881736019,43.84804287970621,0.6384064241763678,0.0300910085980492,7.887678763473032,50.28235293199028,0.5993746870787008,0.0371272383040996,0.1291622001002002,0.0582653721575751,-0.1617684176703479,202.2222222222222
374,207.77777777777777,0.2256060905963061,0.1229911834625597,0.0941136644386989,0.0570522221854609,0.0495187663507661,0.0395016176067676,0.0386148925017321,0.0303734197153433,0.0332698637136073,0.0304142286134138,0.226202572427882,0.1189572718383392,0.0979610348252071,0.0641330067537927,0.0587733893619095,0.0446520283873558,0.0417698964120312,0.0378529792689895,0.4305406670006675,0.0,0.8045769199463354,0.0,-0.5178777968723094,0.0,6.437740881736019,43.84804287970621,0.6384064241763678,0.0300910085980492,7.10860893180662,50.28235293199028,0.5993746870787008,0.0371272383040996,0.1291622001002002,0.160915383989267,-0.0932180034370157,207.77777777777777
384,213.3333333333333,0.2275975849117909,0.1221982005296578,0.0951826821315095,0.0575125563056462,0.0502165019047829,0.0395523844985877,0.0387828630581168,0.0303368613935169,0.0332531719460493,0.0301360540667968,0.2407905012771112,0.1384085599531464,0.1075305078275837,0.0728367674552867,0.0631936143808242,0.0479605360665522,0.0436048392715962,0.0387728414672725,0.3011523864687505,0.0,-0.7216626533958439,0.0,0.4843222887195135,0.0,6.437740881736019,43.84804287970621,0.6384064241763678,0.0300910085980492,7.10860893180662,40.07468484104152,0.5993746870787008,0.0371272383040996,0.0903457159406251,-0.1443325306791688,0.0871780119695124,213.3333333333333
394,218.88888888888889,0.2276525935005255,0.1221351759701491,0.0956136552913491,0.0577204440284368,0.0500763090863152,0.0394143932377751,0.0385662957183629,0.030342885470969,0.0329301573198759,0.0299742448212788,0.2648541544876466,0.1501926093548914,0.1160440640557394,0.0767584069215003,0.0658256107030087,0.0489903145216235,0.0446716385092932,0.0388174782109236,0.3011523864687505,0.0,-0.7216626533958439,0.0,0.4843222887195135,0.0,6.437740881736019,43.84804287970621,0.6384064241763678,0.0300910085980492,7.10860893180662,40.07468484104152,0.6660095459603491,0.0371272383040996,0.0903457159406251,-0.1443325306791688,0.0871780119695124,218.88888888888889
404,224.44444444444443,0.2195682291087545,0.1197085946020181,0.092943580607494,0.0565510549958941,0.0493749490100561,0.0391425600372697,0.0382843543881852,0.0302750626815702,0.0327039079891354,0.0301983307173011,0.2508647205091235,0.1361601282113698,0.1031769634430409,0.0625998123861234,0.0522056315325014,0.0351344448527721,0.0305973206536936,0.0249126153205782,-0.3080428763408374,0.0,0.883373863808487,0.0,-0.8561154585447669,0.0,6.437740881736019,43.84804287970621,0.6384064241763678,0.0300910085980492,7.10860893180662,40.07468484104152,0.6660095459603491,0.0231691621592159,-0.0924128629022512,0.1766747727616974,-0.154100782538058,224.44444444444443
414,230.0,0.2345508309704535,0.1293032780053705,0.1042094442793688,0.0625010913254925,0.0555541451281456,0.0417066090408438,0.0405521822260616,0.0312972136310703,0.0335363018534541,0.030458192232931,0.2472242021971165,0.1341775470391658,0.1017978699980523,0.0617702669937461,0.0513785765250476,0.034935210460216,0.0307368512591402,0.025200511412048,-0.768829948234208,0.0,0.883373863808487,0.0,-0.8561154585447669,0.0,7.256317774604113,43.84804287970621,0.6384064241763678,0.0300910085980492,7.10860893180662,40.07468484104152,0.6660095459603491,0.0231691621592159,-0.2306489844702623,0.1766747727616974,-0.154100782538058,230.0
424,235.55555555555557,0.2170817916799713,0.1063042434453737,0.0925874225490951,0.0525099605206924,0.0501659392285132,0.0380029225439146,0.0378222452853541,0.0296728487340535,0.0330583215094408,0.0299179307886205,0.2473755216901035,0.1341508658533128,0.1015539370113967,0.0619497244898152,0.0510643069677172,0.035092389591009,0.0306822297915239,0.0250620845683436,-0.768829948234208,0.0,0.5163228698769626,0.0,-0.3992766743938841,0.0,7.256317774604113,57.606643079616575,0.6384064241763678,0.0300910085980492,7.10860893180662,40.07468484104152,0.6660095459603491,0.0231691621592159,-0.2306489844702623,0.1032645739753925,-0.0718698013908991,235.55555555555557
434,241.1111111111111,0.2172754580263505,0.1057973988571408,0.0926982211620925,0.052766173011101,0.0502449555984306,0.0379530562275809,0.0380112567730693,0.0296490334600509,0.0331652424926843,0.0297514019632913,0.2591239626397084,0.1402369272574453,0.106314440093251,0.0641741853998826,0.0522237820796259,0.0357265298827346,0.0308906739601424,0.0252004709204016,0.5932942111284123,0.0,-0.2913031784866507,0.0,-0.679510278787679,0.0,7.256317774604113,57.606643079616575,0.6019581619736846,0.0300910085980492,7.10860893180662,40.07468484104152,0.6660095459603491,0.0231691621592159,0.1779882633385237,-0.0582606356973301,-0.1223118501817822,241.1111111111111
444,246.66666666666663,0.2831130183332619,0.1905873267922652,0.1796598206554489,0.1459447720092858,0.1437033205718725,0.1338849705138825,0.1341576139974401,0.1261529665354003,0.1300256411745946,0.1267716612035383,0.2591321759138432,0.1401442963213555,0.106144146677957,0.06393066841927,0.0522027702607074,0.035992724033994,0.0307232853445582,0.0254427864708085,0.5932942111284123,0.0,-0.2913031784866507,0.0,-0.679510278787679,0.0,7.256317774604113,57.606643079616575,0.6019581619736846,0.1270725369548803,7.10860893180662,40.07468484104152,0.6660095459603491,0.0231691621592159,0.1779882633385237,-0.0582606356973301,-0.1223118501817822,246.66666666666663
454,252.2222222222222,0.2824133031355904,0.1904024161685274,0.1795479475307603,0.1456555410458967,0.1439643486990922,0.1337056273250078,0.1341178216060473,0.1258694086602746,0.1297756511138055,0.1271736070749767,0.2781954414298254,0.1525108808421227,0.1204473496442187,0.0718683407680668,0.0595740825427561,0.0399913197704196,0.0339763466024577,0.0265940023443811,0.3590825870857404,0.0,-0.2913031784866507,0.0,0.8512587785043213,0.0,7.256317774604113,57.606643079616575,0.6019581619736846,0.1270725369548803,7.919151500827579,40.07468484104152,0.6660095459603491,0.0231691621592159,0.1077247761257221,-0.0582606356973301,0.1532265801307778,252.2222222222222
464,257.77777777777777,0.2740614571064422,0.1885982464961941,0.1770382917994172,0.1449019764409445,0.1434637220267683,0.1331074820276235,0.1338915994113763,0.1260538966109106,0.1299270961451647,0.1265764017588074,0.2460563638406215,0.1158131044384106,0.1007211004996093,0.0545619800326586,0.0500071002509061,0.0329221100644837,0.0299004527414683,0.0246527780429137,-0.3312953469185658,0.0,0.9061260134940788,0.0,-0.9450801065835456,0.0,7.256317774604113,57.606643079616575,0.6019581619736846,0.1270725369548803,7.919151500827579,54.83541894723714,0.6660095459603491,0.0231691621592159,-0.0993886040755697,0.1812252026988157,-0.1701144191850382,257.77777777777777
474,263.3333333333333,0.2747411167066269,0.1880885176178977,0.1768201676483218,0.1447705556675637,0.1435364756293501,0.1331878127572765,0.1341231493709905,0.1261347687428148,0.1299545908736935,0.1263634571556197,0.1941390188544375,0.0943079498263469,0.0821802945864407,0.0470184425099701,0.0435761082828509,0.0306609070869748,0.0277668095453915,0.0238997147448372,-0.3312953469185658,0.0,0.2726351927953611,0.0,-0.9450801065835456,0.0,7.256317774604113,57.606643079616575,0.6019581619736846,0.1270725369548803,7.919151500827579,54.83541894723714,0.5182991210126091,0.0231691621592159,-0.0993886040755697,0.0545270385590722,-0.1701144191850382,263.3333333333333
484,268.88888888888886,0.2809032180063928,0.1907931575185478,0.1790292097173599,0.1453692680714406,0.1441116415262254,0.133262251573566,0.1342211935034792,0.1266176043167212,0.1298973689737528,0.1261648087707685,0.2399973050691967,0.1470770540998624,0.1356147189966121,0.1033541023097977,0.0999652882868124,0.0880149968301008,0.0852300431874588,0.0816601240221846,0.5958694650413912,0.0,0.8406215869551903,0.0,-0.983225573927852,0.0,7.256317774604113,57.606643079616575,0.6019581619736846,0.1270725369548803,7.919151500827579,54.83541894723714,0.5182991210126091,0.0811715732064733,0.1787608395124173,0.168124317391038,-0.1769806033070133,268.88888888888886
494,274.44444444444446,0.294670283871549,0.1972916007749837,0.1877092724065768,0.1492211280604925,0.1482772307818106,0.1358129059089633,0.1361200106070801,0.1271686130203127,0.1303730432233022,0.1266584584167202,0.2402055667066689,0.1471669149776844,0.1351412359367893,0.103645951918493,0.1001594842167637,0.0879949489458583,0.0850622603944663,0.0819262715834272,0.5958694650413912,0.0,0.2785318150764415,0.0,-0.983225573927852,0.0,8.02487115616112,57.606643079616575,0.6019581619736846,0.1270725369548803,7.919151500827579,54.83541894723714,0.5182991210126091,0.0811715732064733,0.1787608395124173,0.0557063630152883,-0.1769806033070133,274.44444444444446
504,280.0,0.2950638603298181,0.197782145540873,0.1881347760995494,0.1493505603994047,0.1482420040167125,0.1358059247364684,0.1363096399214186,0.1273398469831183,0.1305090905280908,0.1265014151963852,0.241026315407107,0.1473524052478617,0.1345964307714694,0.1038746849597597,0.1002692769114216,0.0879792470604644,0.0851784067176878,0.0819218144269883,0.6515730984552558,0.0,0.2785318150764415,0.0,0.2884821377157662,0.0,8.02487115616112,57.42678753385761,0.6019581619736846,0.1270725369548803,7.919151500827579,54.83541894723714,0.5182991210126091,0.0811715732064733,0.1954719295365767,0.0557063630152883,0.0519267847888379,280.0
514,285.55555555555554,0.2842551903018323,0.1934101088226175,0.1842423328357165,0.1476379596120488,0.1467108301076028,0.1353240470248594,0.1354766922987613,0.1271123351438117,0.129988589625958,0.1263707858297465,0.2411881891810287,0.1474107078142636,0.1342442109691839,0.1036093133471901,0.1003368217283554,0.0880326539072319,0.0851638318643337,0.0817594390866744,0.6515730984552558,0.0,0.5365051167139232,0.0,0.2884821377157662,0.0,8.02487115616112,57.42678753385761,0.5722528118028315,0.1270725369548803,7.919151500827579,54.83541894723714,0.5182991210126091,0.0811715732064733,0.1954719295365767,0.1073010233427846,0.0519267847888379,285.55555555555554
524,291.1111111111111,0.2517283084800345,0.1579394340153569,0.1482985909507119,0.1107820595338465,0.1099783332277423,0.0983182143001223,0.0981995498212057,0.0900208477672019,0.0931989958406005,0.089159701926155,0.2327144460713473,0.144265785677062,0.1316278444533832,0.1028466342178787,0.0990609237851369,0.0879902048913879,0.0854793333212107,0.0814580493462573,-0.3625972300938934,0.0,0.5365051167139232,0.0,-0.3734554370518162,0.0,8.02487115616112,57.42678753385761,0.5722528118028315,0.0897276100810819,7.919151500827579,54.83541894723714,0.5182991210126091,0.0811715732064733,-0.108779169028168,0.1073010233427846,-0.0672219786693269,291.1111111111111
534,296.66666666666663,0.2514412271398855,0.1575522050969214,0.1481066945456737,0.1107919210542019,0.109448186654472,0.098282103367489,0.0984932011945067,0.0894934048193921,0.0931694879276395,0.089225017192057,0.2064635565216492,0.1308290614650238,0.114979786386961,0.0960925439059337,0.0914192806710329,0.0847052843808311,0.0824790996882011,0.0802913414436526,-0.3625972300938934,0.0,0.6668505533328541,0.0,-0.3734554370518162,0.0,8.02487115616112,57.42678753385761,0.5722528118028315,0.0897276100810819,6.177754927036511,54.83541894723714,0.5182991210126091,0.0811715732064733,-0.108779169028168,0.1333701106665708,-0.0672219786693269,296.66666666666663
544,302.22222222222223,0.2520905165365843,0.1572579450083142,0.1482414254733257,0.1105681316674113,0.1092189127225087,0.098557683068412,0.0986210117559769,0.0896880561647304,0.0930120473501116,0.0891130833725529,0.2122146522131995,0.1383039902127134,0.118175208509911,0.0987428261119747,0.0926844489847484,0.0858427878303189,0.0832609748879136,0.0806228715670408,-0.3034061723832887,0.0,0.6668505533328541,0.0,0.4115986540312132,0.0,8.02487115616112,57.42678753385761,0.5722528118028315,0.0897276100810819,6.177754927036511,47.752636022214574,0.5182991210126091,0.0811715732064733,-0.0910218517149866,0.1333701106665708,0.0740877577256183,302.22222222222223
554,307.77777777777777,0.2595167418285047,0.1591190614839183,0.1507992212498044,0.1117977321809245,0.1099350100585307,0.0987747932255022,0.099275150180452,0.0898278935596676,0.0932198256740814,0.0891169919886566,0.2306739544141083,0.1462722426190117,0.1240185133195136,0.1010172849998355,0.0945874260304949,0.0867060099139923,0.083634749595373,0.0808679085680145,0.2929409197124976,0.0,-0.6347963609271962,0.0,0.9097699219187492,0.0,8.02487115616112,57.42678753385761,0.5722528118028315,0.0897276100810819,6.177754927036511,47.752636022214574,0.5646072692516413,0.0811715732064733,0.0878822759137492,-0.1269592721854392,0.1637585859453748,307.77777777777777
564,313.3333333333333,0.256781614578656,0.1592731222247909,0.1500720796195506,0.1119067237582642,0.1095511511176758,0.0990164823251242,0.0991627642027773,0.0902130373263784,0.0929496243669485,0.0893958583400837,0.1899041422347153,0.0950305595310888,0.0704802333162582,0.0443928179258282,0.0371478530441556,0.0290552132666034,0.025338815505276,0.0221612326122431,0.2929409197124976,0.0,0.7375714855279186,0.0,0.9097699219187492,0.0,8.02487115616112,57.42678753385761,0.5722528118028315,0.0897276100810819,6.177754927036511,47.752636022214574,0.5646072692516413,0.0225299593605677,0.0878822759137492,0.1475142971055837,0.1637585859453748,313.3333333333333
574,318.88888888888886,0.276653401461124,0.1687973782779054,0.1631688076818889,0.1176743265051605,0.1162870771119606,0.1015420554278903,0.1020920033920998,0.0910806697796536,0.093923091077264,0.0896113994510707,0.1933891052371592,0.0967203230963023,0.0717609859292443,0.0446370890740017,0.0377450855767812,0.0295234895825718,0.0252597975234513,0.0222603574352619,0.760920485417365,0.0,0.4223264144175302,0.0,0.9097699219187492,0.0,9.01228193222104,57.42678753385761,0.5722528118028315,0.0897276100810819,6.177754927036511,47.752636022214574,0.5646072692516413,0.0225299593605677,0.2282761456252094,0.084465282883506,0.1637585859453748,318.88888888888886
584,324.4444444444444,0.2888143652558614,0.1847899219121867,0.1720305115940097,0.125603722818904,0.1211964203799945,0.1049470420549169,0.1048815194035654,0.0922993302178474,0.0946803137628361,0.0902806534484188,0.1936523912560303,0.0965125481372416,0.0717127232344933,0.0444170636054696,0.0378381394466273,0.02946634076768,0.025042460693156,0.0221570921652305,0.760920485417365,0.0,0.4223264144175302,0.0,0.9720049135468802,0.0,9.01228193222104,47.58892343100625,0.5722528118028315,0.0897276100810819,6.177754927036511,47.752636022214574,0.5646072692516413,0.0225299593605677,0.2282761456252094,0.084465282883506,0.1749608844384384,324.4444444444444
594,330.0,0.3230394405953357,0.2012479728767968,0.1858778332653361,0.132675404914565,0.1268887488736021,0.1076473089460372,0.1073685731672925,0.0932882686306936,0.0953113039029357,0.0908102411954765,0.1823668930278152,0.0920908214459832,0.0685235370463461,0.0428532121033012,0.0370535362500337,0.0289826741488752,0.025221038041412,0.0221726608742333,-0.7710015560841001,0.0,0.4223264144175302,0.0,0.9720049135468802,0.0,9.01228193222104,47.58892343100625,0.6957495768822443,0.0897276100810819,6.177754927036511,47.752636022214574,0.5646072692516413,0.0225299593605677,-0.23130046682523,0.084465282883506,0.1749608844384384,330.0
604,335.55555555555554,0.3352590614061411,0.2048498989568818,0.1898896877232433,0.1335278707642072,0.1274282362346989,0.1072572395041867,0.1069046517985409,0.0922413307075353,0.0938859800798281,0.08948400028324,0.1903613432410655,0.0953212157642652,0.0713862328301773,0.0434771303848339,0.0382509616913425,0.0289942273633359,0.0260067477445994,0.0224345039912202,0.3942340549957899,0.0,-0.4876028028891883,0.0,-0.7670934145457411,0.0,9.01228193222104,47.58892343100625,0.6957495768822443,0.0884987539515915,6.177754927036511,47.752636022214574,0.5646072692516413,0.0225299593605677,0.1182702164987369,-0.0975205605778376,-0.1380768146182334,335.55555555555554
614,341.1111111111111,0.3348303571193649,0.2053564701331684,0.1901174962206001,0.1334596928662206,0.127930985537683,0.1072325781291329,0.1070787965471312,0.0924234452817833,0.0940374328376495,0.0888057192108464,0.223036471135338,0.1135508731754533,0.0927242266167022,0.0536466543936113,0.0482117271808973,0.0335206483290242,0.0300082839165406,0.0236290371544842,0.3178982337947226,0.0,-0.3994951422801064,0.0,0.292917531810717,0.0,9.01228193222104,47.58892343100625,0.6957495768822443,0.0884987539515915,7.815168761489554,47.752636022214574,0.5646072692516413,0.0225299593605677,0.0953694701384167,-0.0798990284560212,0.052725155725929,341.1111111111111
624,346.66666666666663,0.3289690942625686,0.2030805754203436,0.1876697060484963,0.1324549942786139,0.1269896036673682,0.1067808186225681,0.1070371394044828,0.0926178110452476,0.0936676448282677,0.0886384855957923,0.2119779476428384,0.1031750212969009,0.0867414073978493,0.0491897180941802,0.0451842512567023,0.0321243348631089,0.028779984339787,0.023227535267655,-0.2576756261532805,0.0,-0.3994951422801064,0.0,0.292917531810717,0.0,9.01228193222104,47.58892343100625,0.6957495768822443,0.0884987539515915,7.815168761489554,52.75993161576665,0.5646072692516413,0.0225299593605677,-0.0773026878459841,-0.0798990284560212,0.052725155725929,346.66666666666663
634,352.22222222222223,0.3310579627280919,0.2053756212393442,0.1910519222783829,0.1342616897850144,0.1283200333745343,0.1073617667785993,0.1074638863608309,0.0927758474722633,0.0940039474027319,0.0888428770453936,0.2383477176368606,0.1153804407687823,0.0971668245422301,0.0535143244914917,0.0493079094213974,0.0337754489145378,0.0298721901029258,0.0238212518708732,-0.8712659954577131,0.0,-0.4954984676906286,0.0,0.292917531810717,0.0,9.01228193222104,47.58892343100625,0.6957495768822443,0.0884987539515915,7.815168761489554,52.75993161576665,0.6352900487625577,0.0225299593605677,-0.2613797986373139,-0.0990996935381257,0.052725155725929,352.22222222222223
644,357.77777777777777,0.323214913776119,0.1996328503479224,0.185321095404287,0.1312653470263929,0.1259995347153616,0.1063926447864506,0.1066913397352252,0.0923165551579714,0.0936258836197424,0.0889326096647047,0.2317557203788938,0.1115916028022077,0.0932308664307789,0.0518966289927377,0.0473926985465026,0.033383479514146,0.0294144862757009,0.0236855280408375,-0.8712659954577131,0.0,-0.4954984676906286,0.0,0.755718665433818,0.0,9.01228193222104,47.58892343100625,0.6957495768822443,0.0884987539515915,7.815168761489554,52.75993161576665,0.6352900487625577,0.0226182028752553,-0.2613797986373139,-0.0990996935381257,0.1360293597780872,357.77777777777777
654,363.3333333333333,0.3099339889932031,0.1912834603362619,0.1705212667036815,0.1237959921688456,0.1174559263794424,0.1022920795661614,0.1019352243570288,0.0903710629947199,0.0917039496864589,0.0879207189514765,0.2441466466500984,0.1173201152666677,0.0974573763944807,0.053781432763502,0.0492349457331894,0.0342510888122503,0.0294328293089741,0.0238829876738558,0.628149423588322,0.0,0.884213613542453,0.0,0.755718665433818,0.0,7.8090030950022,47.58892343100625,0.6957495768822443,0.0884987539515915,7.815168761489554,52.75993161576665,0.6352900487625577,0.0226182028752553,0.1884448270764966,0.1768427227084906,0.1360293597780872,363.3333333333333
664,368.88888888888886,0.3026131634320905,0.1918241750578687,0.1696835497035246,0.125282637150511,0.1183917057838778,0.1029333776804792,0.1023606513570976,0.0905107830180039,0.0915030773320151,0.0879035695696068,0.2323211871246715,0.1128286810639582,0.0938772214920982,0.0520186091592822,0.0479121273203524,0.0338809205779408,0.0288493157773158,0.0238290045709954,-0.8423606603469943,0.0,0.5325779232495274,0.0,0.547521813868728,0.0,7.8090030950022,44.79127923659047,0.6957495768822443,0.0884987539515915,7.815168761489554,52.75993161576665,0.6352900487625577,0.0226182028752553,-0.2527081981040983,0.1065155846499054,0.098553926496371,368.88888888888886
674,374.4444444444444,0.2624883884114079,0.1724043410316244,0.1544758199063565,0.1180767923677371,0.1126019255072688,0.0999757538748352,0.1002799486657712,0.0894294797002388,0.0907835397563463,0.0874694784604418,0.234083349007485,0.113420744459394,0.095357083864026,0.0521326522978179,0.0485148852621383,0.0338164192111898,0.0290933153349199,0.0236558189558312,-0.5569248158810168,0.0,0.5325779232495274,0.0,-0.8664851646384348,0.0,7.8090030950022,44.79127923659047,0.5804996596207963,0.0884987539515915,7.815168761489554,52.75993161576665,0.6352900487625577,0.0226182028752553,-0.167077444764305,0.1065155846499054,-0.1559673296349182,374.4444444444444
684,380.0,0.2126002453000081,0.1104548167197127,0.0896077281787079,0.0482650481031198,0.0423777484338217,0.0275961147473018,0.0273533323287481,0.0157537846054377,0.0174273709493074,0.0134958213066495,0.2315165467505215,0.1127018271374619,0.094383378542866,0.0521507726929322,0.0482423234286593,0.0340933606855003,0.0293220725505974,0.0241344645083233,-0.845026452213688,0.0,0.8441689242340141,0.0,-0.8664851646384348,0.0,7.8090030950022,44.79127923659047,0.5804996596207963,0.0145056140897618,7.815168761489554,52.75993161576665,0.6352900487625577,0.0226182028752553,-0.2535079356641064,0.1688337848468028,-0.1559673296349182,380.0
694,385.55555555555554,0.2228699898509169,0.1149980352239738,0.0928458332003973,0.0496843283654141,0.0439644085324089,0.0285102744811698,0.0273440803216279,0.0156703433775642,0.01739800956361,0.0140653299801311,0.2629427478010013,0.1288588452771345,0.1126938692940988,0.0607215536924998,0.0570804542365977,0.0377053338898951,0.033443873050366,0.0253231921351492,0.3237493602668447,0.0,0.852725276498589,0.0,0.9162196186842508,0.0,7.8090030950022,44.79127923659047,0.5804996596207963,0.0145056140897618,8.903484153146465,52.75993161576665,0.6352900487625577,0.0226182028752553,0.0971248080800534,0.1705450552997178,0.1649195313631651,385.55555555555554
704,391.1111111111111,0.224985985931906,0.115777046877367,0.0933848803485044,0.0500109950858654,0.044531896688479,0.0288073138446429,0.0273114438019038,0.0158491653777104,0.0175960372177451,0.0139085723126409,0.2797316487866906,0.1489408330369096,0.1240887063363079,0.0708390256908929,0.0631289705091094,0.0418033191314007,0.0361528299130591,0.026982076352345,0.5765216658557604,0.0,0.852725276498589,0.0,0.9162196186842508,0.0,7.8090030950022,44.79127923659047,0.5804996596207963,0.0145056140897618,8.903484153146465,44.300080747117605,0.6352900487625577,0.0226182028752553,0.1729564997567281,0.1705450552997178,0.1649195313631651,391.1111111111111
714,396.6666666666666,0.2167109641794625,0.1129284701401138,0.0914310782945013,0.0494738301996111,0.0439532020272691,0.0286332166736253,0.0273587864426901,0.0162100501684095,0.0178855910236305,0.0137533094949595,0.2701515258004306,0.1452867601658528,0.1219619968737143,0.0701520612003816,0.0629559425780737,0.0421704855344714,0.0356125505294818,0.0268302932383722,-0.5544524562139636,0.0,0.8928023172317331,0.0,0.4254395764664298,0.0,7.8090030950022,44.79127923659047,0.5804996596207963,0.0145056140897618,8.903484153146465,44.300080747117605,0.6343530325222569,0.0226182028752553,-0.166335736864189,0.1785604634463466,0.0765791237639573,396.6666666666666
724,402.2222222222222,0.2151744112400936,0.1115051587385039,0.0898035062824953,0.0486213724925414,0.0427282381077683,0.0282963999773903,0.0270751894089117,0.0154553576436779,0.0176829789304478,0.0139923836889815,0.2813197499164486,0.1617789060106943,0.1397910509850635,0.0895354422361893,0.0836697073247853,0.0633520092288986,0.0570078516798008,0.0489188687070322,-0.5544524562139636,0.0,0.8928023172317331,0.0,-0.933992901699052,0.0,7.8090030950022,44.79127923659047,0.5804996596207963,0.0145056140897618,8.903484153146465,44.300080747117605,0.6343530325222569,0.0450630122218605,-0.166335736864189,0.1785604634463466,-0.1681187223058293,402.2222222222222
734,407.77777777777777,0.2432108761355399,0.1275472272686783,0.1111059694130626,0.0600378717986195,0.0547327764315014,0.0342923459488077,0.0329567036189684,0.0177619652862457,0.020032135170535,0.0149693033411464,0.2805081878958435,0.1617524955639703,0.1394204519301624,0.0891014020982522,0.0838109906222435,0.0638911975021901,0.0569297226215063,0.0490711149809927,-0.6598298973772536,0.0,-0.5158061593114158,0.0,-0.933992901699052,0.0,9.197046483678411,44.79127923659047,0.5804996596207963,0.0145056140897618,8.903484153146465,44.300080747117605,0.6343530325222569,0.0450630122218605,-0.197948969213176,-0.1031612318622831,-0.1681187223058293,407.77777777777777
744,413.3333333333333,0.230115970111897,0.1096008725353374,0.1003640418876049,0.0506422208066233,0.0481375268590985,0.0296464352364046,0.0297838277198172,0.0156468701202214,0.0184686307192305,0.0145705179386363,0.2800912363003489,0.1613579357008424,0.1388995694012683,0.0890793746037362,0.0837237049571246,0.0636758065004917,0.0567297634677844,0.0490396240920812,-0.6598298973772536,0.0,-0.5158061593114158,0.0,-0.8677098877887824,0.0,9.197046483678411,53.24429476676907,0.5804996596207963,0.0145056140897618,8.903484153146465,44.300080747117605,0.6343530325222569,0.0450630122218605,-0.197948969213176,-0.1031612318622831,-0.1561877798019808,413.3333333333333
754,418.88888888888886,0.2073268908153486,0.1006380000171249,0.0911649174390481,0.0470995150852262,0.0442125306753073,0.0279186813901319,0.0282250504961572,0.0152778786627668,0.0182537772632885,0.0147353540394088,0.2803970030879168,0.1615096132213855,0.1385915984479662,0.0887941377698874,0.0840162784419792,0.0635988029805829,0.0565079211074654,0.0494809785812148,-0.6598298973772536,0.0,0.3118656636366601,0.0,-0.8677098877887824,0.0,9.197046483678411,53.24429476676907,0.5263231631616612,0.0145056140897618,8.903484153146465,44.300080747117605,0.6343530325222569,0.0450630122218605,-0.197948969213176,0.062373132727332,-0.1561877798019808,418.88888888888886
764,424.4444444444444,0.2799806658027685,0.1949503768829445,0.187601515220889,0.1526177753589737,0.1502720802873682,0.1378787677952634,0.1385425875147518,0.1267123714101043,0.1295830217623239,0.1268377782866145,0.2837183183970921,0.1631011479761835,0.1396033735908047,0.0890454627099275,0.084212378489792,0.0638240665636294,0.056918045793551,0.0492714292718816,-0.324198160019661,0.0,-0.6170703571850976,0.0,-0.3163555867261093,0.0,9.197046483678411,53.24429476676907,0.5263231631616612,0.1267611481311829,8.903484153146465,44.300080747117605,0.6343530325222569,0.0450630122218605,-0.0972594480058983,-0.1234140714370195,-0.0569440056106996,424.4444444444444
774,430.0,0.2756002876589756,0.1936764229027587,0.1861953115151357,0.1526209388884807,0.1502767057401118,0.1380580232721619,0.1387113511325894,0.126668971048739,0.1296649600483171,0.1268307807605261,0.2785690666281298,0.1602824067550286,0.1376462828343145,0.0880404038418843,0.0832328328457853,0.0632676548884228,0.0564457199749331,0.0492425655185144,-0.7624623316323916,0.0,-0.6170703571850976,0.0,-0.3163555867261093,0.0,9.197046483678411,53.24429476676907,0.5263231631616612,0.1267611481311829,8.834844513434938,44.300080747117605,0.6343530325222569,0.0450630122218605,-0.2287386994897174,-0.1234140714370195,-0.0569440056106996,430.0
784,435.55555555555554,0.2771754569954746,0.194175527222115,0.1861512760673535,0.1527119370646099,0.1501260127841382,0.1378015922634219,0.1384654579158066,0.1264264654945037,0.129850057569956,0.1263599101558101,0.2607098005199912,0.1345200355748521,0.1231167053559409,0.0755299273090553,0.0752302522731156,0.0577608852184961,0.0528749227314199,0.0471312267972117,-0.5643442554179927,0.0,-0.3813579789415872,0.0,-0.3352797737306563,0.0,9.197046483678411,53.24429476676907,0.5263231631616612,0.1267611481311829,8.834844513434938,58.07833576391853,0.6343530325222569,0.0450630122218605,-0.1693032766253978,-0.0762715957883174,-0.0603503592715181,435.55555555555554
794,441.1111111111111,0.2777816996096547,0.1942815617027485,0.1862314523881424,0.1523291604447083,0.1500532769875338,0.1374425742960023,0.1384103095150551,0.1265669523433477,0.129909602255409,0.1264085898313505,0.2533642362255101,0.1315814383493591,0.1200931364577478,0.0743965681933035,0.0747948386575503,0.0575790327994844,0.0523483523779163,0.0475922323185141,-0.5643442554179927,0.0,-0.4992149358613243,0.0,-0.8956913057602964,0.0,9.197046483678411,53.24429476676907,0.5263231631616612,0.1267611481311829,8.834844513434938,58.07833576391853,0.6139438295718554,0.0450630122218605,-0.1693032766253978,-0.0998429871722648,-0.1612244350368533,441.1111111111111
804,446.6666666666666,0.2747263580824549,0.1931185407576458,0.1850288695018009,0.1516656185865081,0.1495115232355641,0.1370994375515064,0.138188052689115,0.1263296489700038,0.1297719324131866,0.1262070071239551,0.2357281838735737,0.1110821509863705,0.0990506146342262,0.0521989843264078,0.0521856949426237,0.0343801432234696,0.028938032579973,0.0241860119620472,-0.8809625062290072,0.0,-0.4992149358613243,0.0,-0.8956913057602964,0.0,9.197046483678411,53.24429476676907,0.5263231631616612,0.1267611481311829,8.834844513434938,58.07833576391853,0.6139438295718554,0.021818993064139,-0.2642887518687021,-0.0998429871722648,-0.1612244350368533,446.6666666666666
814,452.2222222222222,0.2512155099644859,0.1793889439484682,0.1672353222589511,0.1429347419761403,0.1394589615046274,0.1325654762802759,0.1334125804660109,0.1245309883264086,0.1284351886362471,0.125483131416491,0.2402458101815765,0.1127664082961615,0.0998858678197455,0.052942550051382,0.0521006435532278,0.0346624231763054,0.0291669940164196,0.0241482303496255,-0.3847035138980901,0.0,-0.6590372711280751,0.0,0.5242764206552245,0.0,7.015883183898664,53.24429476676907,0.5263231631616612,0.1267611481311829,8.834844513434938,58.07833576391853,0.6139438295718554,0.021818993064139,-0.115411054169427,-0.131807454225615,0.0943697557179404,452.2222222222222
824,457.77777777777777,0.2480784294065051,0.1745757606165196,0.1648141586895286,0.1410376787713085,0.1385747918569049,0.1320219303374308,0.1328937432167723,0.124741245149626,0.1283024091117386,0.1254387683720088,0.2404112409017613,0.112769798480025,0.1000715553530207,0.0530010520148891,0.0523412686484362,0.0344310497058965,0.0292566043040891,0.0242309660140083,-0.3476151857516338,0.0,-0.8554343716421838,0.0,0.5242764206552245,0.0,7.015883183898664,58.55811369489049,0.5263231631616612,0.1267611481311829,8.834844513434938,58.07833576391853,0.6139438295718554,0.021818993064139,-0.1042845557254901,-0.1710868743284367,0.0943697557179404,457.77777777777777
834,463.3333333333333,0.2722164691823772,0.1847637549598152,0.1721018589367322,0.1434235465559091,0.140800959193008,0.1326895043294299,0.133822877708032,0.1255878343377406,0.1287326672792968,0.1257176023630694,0.2404705970700564,0.1127674886962121,0.0996066814276877,0.0527983718565644,0.0525411964209282,0.0344869885426285,0.029287067978363,0.0237516366645374,-0.3476151857516338,0.0,0.6692616484170921,0.0,0.7882265592142468,0.0,7.015883183898664,58.55811369489049,0.6104652975334527,0.1267611481311829,8.834844513434938,58.07833576391853,0.6139438295718554,0.021818993064139,-0.1042845557254901,0.1338523296834184,0.1418807806585644,463.3333333333333
844,468.88888888888886,0.1989559915051643,0.0949806237157907,0.0806678302138688,0.0463494810223791,0.0437985913076968,0.0340441728215584,0.035088363935156,0.0259319525872842,0.0296706709708173,0.0261584470362225,0.2348883086405102,0.1107507403297547,0.097739003434492,0.0519656458541566,0.0516674292605004,0.0342295871503144,0.0292899856765045,0.0238651964787872,-0.9901521441681156,0.0,0.2822142096226229,0.0,0.7882265592142468,0.0,7.015883183898664,58.55811369489049,0.6104652975334527,0.0270828747673367,8.834844513434938,58.07833576391853,0.6139438295718554,0.021818993064139,-0.2970456432504346,0.0564428419245245,0.1418807806585644,468.88888888888886
854,474.4444444444444,0.2023655405872363,0.0959817120127895,0.0816099715779899,0.0471122083553299,0.0441517151642134,0.0342832574191277,0.035394114347886,0.0259926099137762,0.0297421441546345,0.0261341488949802,0.2348355658577898,0.1104833417100209,0.0972413395927625,0.051585080961339,0.0514680175366993,0.0337494856186358,0.0288454338383747,0.0233111505596701,-0.6167235236655554,0.0,0.2822142096226229,0.0,-0.3972986351874257,0.0,7.015883183898664,58.55811369489049,0.6104652975334527,0.0270828747673367,8.65217068258941,58.07833576391853,0.6139438295718554,0.021818993064139,-0.1850170570996666,0.0564428419245245,-0.0715137543337366,474.4444444444444
864,480.0,0.2058887480120731,0.0961503932845981,0.0821846981021057,0.0473192781964536,0.044359748092306,0.0343460659230166,0.0348363646994591,0.0261121054563668,0.0299846663722409,0.0261931267835077,0.2427006173999082,0.1191818254323375,0.1006609386009002,0.0554279879167809,0.0534594291517236,0.0355215778549566,0.029535646708548,0.0239226126210971,0.5386790519556357,0.0,-0.8309434148312219,0.0,0.8905547386435758,0.0,7.015883183898664,58.55811369489049,0.6104652975334527,0.0270828747673367,8.65217068258941,52.83143410444961,0.6139438295718554,0.021818993064139,0.1616037155866907,-0.1661886829662444,0.1602998529558436,480.0
874,485.55555555555554,0.2092381490683545,0.0996650379172992,0.0835056253387359,0.0480361094453397,0.044855297035347,0.0348407715012924,0.0350431773092386,0.0265027434456329,0.0299117895619219,0.0261406589059548,0.2509523735837466,0.1232582310942383,0.1044518348270013,0.0572991629439414,0.0549403328733342,0.0356870359026945,0.0300684297716203,0.0241985706694546,0.5386790519556357,0.0,0.9456290528307624,0.0,0.8905547386435758,0.0,7.015883183898664,58.55811369489049,0.6104652975334527,0.0270828747673367,8.65217068258941,52.83143410444961,0.6139388548947615,0.021818993064139,0.1616037155866907,0.1891258105661524,0.1602998529558436,485.55555555555554
884,491.1111111111111,0.2033925644141344,0.097369672306363,0.0815397140349698,0.0473093315363753,0.0444186540978585,0.034674130755024,0.0350320027901937,0.0261031185944072,0.029927510911971,0.0265649515688625,0.2649743151716335,0.1493813374363597,0.1319897070540859,0.0885447012832399,0.0871949800338611,0.0689989288009061,0.0639000465776074,0.0579673710990311,-0.2556226757325989,0.0,0.9456290528307624,0.0,-0.4693089529734112,0.0,7.015883183898664,58.55811369489049,0.6104652975334527,0.0270828747673367,8.65217068258941,52.83143410444961,0.6139388548947615,0.056443175419488,-0.0766868027197796,0.1891258105661524,-0.084475611535214,491.1111111111111
894,496.6666666666666,0.2228060436092669,0.1061400018030037,0.0920675684810514,0.0521763672309905,0.0488819087723984,0.036726796000878,0.0370117434571407,0.0267654804798136,0.0307753598648211,0.027140353653801,0.2710127001896922,0.1518923886090013,0.1337455413918998,0.0892952561231825,0.0879277854922854,0.0691597204229639,0.0642193763622937,0.058229622848988,0.4429832669752485,0.0,0.8068497209289907,0.0,0.9918985801521956,0.0,7.715056902902815,58.55811369489049,0.6104652975334527,0.0270828747673367,8.65217068258941,52.83143410444961,0.6139388548947615,0.056443175419488,0.1328949800925745,0.1613699441857981,0.1785417444273951,496.6666666666666
904,502.2222222222222,0.2403441567175381,0.129967102943292,0.1038920684229791,0.0629978962037381,0.0549476216472114,0.0413105087661013,0.0397200130885491,0.0287603853821356,0.0318601017661154,0.0275495469905227,0.2702604812719731,0.1515176526095646,0.1338655981652103,0.0890679271344122,0.0884678937330511,0.0689810791666989,0.0644155542794699,0.0585810420438201,0.341732665806918,0.0,0.8068497209289907,0.0,-0.7262343048021364,0.0,7.715056902902815,44.789784253636896,0.6104652975334527,0.0270828747673367,8.65217068258941,52.83143410444961,0.6139388548947615,0.056443175419488,0.1025197997420754,0.1613699441857981,-0.1307221748643845,502.2222222222222
914,507.77777777777777,0.2026638745909021,0.1121604435716975,0.0902496306706329,0.0567387586118806,0.0500481943284055,0.0394916621778646,0.0381144639907908,0.028239442486189,0.0315373156425191,0.0272845716612598,0.2705598097872629,0.1519363978851025,0.1333509115431404,0.0894426495928811,0.0879792836378305,0.0687057922415697,0.063829293891239,0.0586347147550542,0.341732665806918,0.0,0.7997796768565082,0.0,0.6451799129216003,0.0,7.715056902902815,44.789784253636896,0.5076114573382479,0.0270828747673367,8.65217068258941,52.83143410444961,0.6139388548947615,0.056443175419488,0.1025197997420754,0.1599559353713016,0.116132384325888,507.77777777777777
924,513.3333333333333,0.2745584195423357,0.2009810354703433,0.1828056105240507,0.1558018038939104,0.1498685421610437,0.1416947229570546,0.1408482715341088,0.1317942663865477,0.1354428667357068,0.1314547657472637,0.2764727624953404,0.154658002485273,0.1353738727094489,0.0901777352056861,0.088400768523197,0.0685921467694071,0.0641027728779963,0.058614945456865,0.994695814532358,0.0,0.7997796768565082,0.0,0.6451799129216003,0.0,7.715056902902815,44.789784253636896,0.5076114573382479,0.1314328212163906,8.65217068258941,52.83143410444961,0.6139388548947615,0.056443175419488,0.2984087443597074,0.1599559353713016,0.116132384325888,513.3333333333333
934,518.8888888888889,0.2750097563884695,0.2011854253859476,0.182482403488633,0.1558042952310563,0.1498818537664608,0.1415658831599155,0.140596853700913,0.1317452324257122,0.1356218582603522,0.131528297839316,0.2524665963570789,0.1414757852700095,0.1187245461572361,0.0826492385719703,0.0798735554105652,0.0650485803127114,0.0605379380512744,0.0572290518078847,0.994695814532358,0.0,0.5753174087803886,0.0,0.6147929156495648,0.0,7.715056902902815,44.789784253636896,0.5076114573382479,0.1314328212163906,7.403190650442289,52.83143410444961,0.6139388548947615,0.056443175419488,0.2984087443597074,0.1150634817560777,0.1106627248169216,518.8888888888889
944,524.4444444444445,0.2708209528908999,0.1991064872998408,0.180974815635213,0.1550742377354752,0.1492726513311278,0.1413133038285532,0.1401202241530189,0.1319739683255164,0.1358261563706158,0.1317324400731837,0.2508114676225972,0.1430967661252106,0.11968370758226,0.0835012103489664,0.0801463792625535,0.0653991181962008,0.0605191155413142,0.0574099408058778,0.4989684734352915,0.0,0.5753174087803886,0.0,-0.370652564568227,0.0,7.715056902902815,44.789784253636896,0.5076114573382479,0.1314328212163906,7.403190650442289,50.95270398427471,0.6139388548947615,0.056443175419488,0.1496905420305874,0.1150634817560777,-0.0667174616222808,524.4444444444445
954,530.0,0.2582244179052055,0.1933336860721857,0.1764696450836908,0.1533038098715381,0.1476452129747751,0.140194826267271,0.1392626832874707,0.1319808037279916,0.1360611918489489,0.1313421417076114,0.2220685006651026,0.1306714369540312,0.1099808834624362,0.0792982834550433,0.0770734011996491,0.0643513208955527,0.0599601355130348,0.05738839145883,-0.9536558639876472,0.0,0.4618424296763244,0.0,-0.370652564568227,0.0,7.715056902902815,44.789784253636896,0.5076114573382479,0.1314328212163906,7.403190650442289,50.95270398427471,0.564432661956045,0.056443175419488,-0.2860967591962942,0.0923684859352649,-0.0667174616222808,530.0
964,535.5555555555555,0.2587810302058178,0.1933609638769155,0.1766287427712712,0.153089017286427,0.1475765982787122,0.1404131830085269,0.1390538723663306,0.1318021445457997,0.1358307980067045,0.1313392552075358,0.2597867163115315,0.1791450429534104,0.160015791273353,0.1329332248758392,0.1314576904142513,0.1196251009445056,0.1155197226506159,0.1133314998618763,-0.9040221589815792,0.0,0.4618424296763244,0.0,-0.5224958210038051,0.0,7.715056902902815,44.789784253636896,0.5076114573382479,0.1314328212163906,7.403190650442289,50.95270398427471,0.564432661956045,0.1126987379782391,-0.2712066476944737,0.0923684859352649,-0.0940492477806849,535.5555555555555
974,541.1111111111111,0.2516134290183173,0.1876472246661893,0.1684772145857676,0.1486447850441643,0.142621410035429,0.1380720786479847,0.1366555626387866,0.1307944686150104,0.1349323605579103,0.1309182934516587,0.2690615974759428,0.1826309347815898,0.1633073729623432,0.1345192393541598,0.1324880127704835,0.1198917967259001,0.1160526878188754,0.1132934910369046,0.2669132769490623,0.0,0.2794974412516943,0.0,-0.5224958210038051,0.0,6.480629986565633,44.789784253636896,0.5076114573382479,0.1314328212163906,7.403190650442289,50.95270398427471,0.564432661956045,0.1126987379782391,0.0800739830847186,0.0558994882503388,-0.0940492477806849,541.1111111111111
984,546.6666666666666,0.2503960447955354,0.1848894249182926,0.1672985132380037,0.1475796760928241,0.1422714002116976,0.1378877329667128,0.1361679493874319,0.1306621078368236,0.1348399832096666,0.1310192898688435,0.2684319309928867,0.1823716197251066,0.163397035063493,0.134705529609298,0.1322444557423994,0.1197082167123305,0.1157790137819586,0.113579983648604,0.2669132769490623,0.0,-0.4330157604625427,0.0,-0.3671741731660778,0.0,6.480629986565633,47.44370545130408,0.5076114573382479,0.1314328212163906,7.403190650442289,50.95270398427471,0.564432661956045,0.1126987379782391,0.0800739830847186,-0.0866031520925085,-0.066091351169894,546.6666666666666
994,552.2222222222222,0.2538850801096035,0.1860619594784422,0.1678456062358554,0.1479992218515776,0.1421366175434842,0.137645613466161,0.1360268079704975,0.1307174194233467,0.1348314791089284,0.1308655094759539,0.2729630024297843,0.1842573973259627,0.1640774751656489,0.1348288583707383,0.1324633795455358,0.1197968774184386,0.1156400591684587,0.1138132319068973,0.9271172374546552,0.0,-0.4330157604625427,0.0,0.4687685218254018,0.0,6.480629986565633,47.44370545130408,0.5060700588768223,0.1314328212163906,7.403190650442289,50.95270398427471,0.564432661956045,0.1126987379782391,0.2781351712363965,-0.0866031520925085,0.0843783339285723,552.2222222222222
1004,557.7777777777777,0.1759625358535021,0.0891691630870957,0.0667233854924232,0.0396286947198817,0.0331109362757499,0.026405812017839,0.0244207384026401,0.0184222104920019,0.0221754940138894,0.0180555665630923,0.2737339630889769,0.1850196919003896,0.1642434856960302,0.1350503813124011,0.1328871213440253,0.1200520542762741,0.1160205862381091,0.1144395982299077,0.9271172374546552,0.0,0.4866140303592478,0.0,0.6746927334641714,0.0,6.480629986565633,47.44370545130408,0.5060700588768223,0.0184338153307514,7.403190650442289,50.95270398427471,0.564432661956045,0.1126987379782391,0.2781351712363965,0.0973228060718495,0.1214446920235508,557.7777777777777
1014,563.3333333333333,0.1771564750589693,0.089190913356818,0.0671990514854631,0.0401208651399164,0.0332459636345015,0.026517887275618,0.0243842903204655,0.0183455226558822,0.0219923081464563,0.0178135816770417,0.2970522587625767,0.198170875443393,0.1807348833152699,0.143160166242487,0.141388136467412,0.1239376555219924,0.1193754150599504,0.1159579744147541,0.9271172374546552,0.0,-0.3321415419032342,0.0,0.868239498165397,0.0,6.480629986565633,47.44370545130408,0.5060700588768223,0.0184338153307514,8.901444706192104,50.95270398427471,0.564432661956045,0.1126987379782391,0.2781351712363965,-0.0664283083806468,0.1562831096697714,563.3333333333333
1024,568.8888888888889,0.1773267404037678,0.0895567467455602,0.0671628134028638,0.0400286413501277,0.0333934663066597,0.0269756003496262,0.0242539040088564,0.0182022850425435,0.0218113839799751,0.0176085200683295,0.2946166998061871,0.1945634373180791,0.1788069975040468,0.1417379511001138,0.1406865775132019,0.123423816410704,0.1190632981495939,0.115621177524606,0.9144718756231336,0.0,-0.3321415419032342,0.0,0.868239498165397,0.0,6.480629986565633,47.44370545130408,0.5060700588768223,0.0184338153307514,8.901444706192104,53.15521460077029,0.564432661956045,0.1126987379782391,0.2743415626869401,-0.0664283083806468,0.1562831096697714,568.8888888888889
1034,574.4444444444445,0.1782471157305394,0.0893660553230694,0.0675562535128366,0.0399083665491683,0.0333557764184972,0.0268756404867936,0.0241459088081718,0.0184632378339841,0.0218772414819895,0.0171111688354018,0.3031164592779134,0.1982404587357506,0.1828878194479893,0.1428542359209406,0.1420928652815132,0.1242123814023904,0.1197140613245935,0.1157821367082666,0.9144718756231336,0.0,-0.7819016814617158,0.0,-0.5714109841322055,0.0,6.480629986565633,47.44370545130408,0.5060700588768223,0.0184338153307514,8.901444706192104,53.15521460077029,0.5856440492778963,0.1126987379782391,0.2743415626869401,-0.1563803362923431,-0.1028539771437969,574.4444444444445
1044,580.0,0.1650383833519667,0.0838859841825836,0.0635208921262411,0.0381341874979924,0.0318614046261398,0.0262289927775221,0.0238420201259132,0.0184353441127538,0.0215845415858561,0.016983344864952,0.2668834850321109,0.1633507869480162,0.1477374866743612,0.108335710486825,0.108061661045254,0.0901111940956339,0.0859781103469286,0.0815106018058515,-0.7599282068137999,0.0,-0.3532082867304882,0.0,-0.5714109841322055,0.0,6.480629986565633,47.44370545130408,0.5060700588768223,0.0184338153307514,8.901444706192104,53.15521460077029,0.5856440492778963,0.078561016186572,-0.2279784620441399,-0.0706416573460976,-0.1028539771437969,580.0
1054,585.5555555555555,0.2069552134300689,0.1097613205726102,0.0942733829659725,0.054334688101197,0.0483112188929972,0.0341846408756085,0.0313617597435869,0.0221018312875478,0.0241633568049816,0.0183448346825954,0.266919015531209,0.1633049320270334,0.1479286741448433,0.1086562470837756,0.1081540079896505,0.0902439727791161,0.0864188418228545,0.0817661834781257,-0.7599282068137999,0.0,0.9895266786231808,0.0,-0.3719943972667904,0.0,9.192989467407278,47.44370545130408,0.5060700588768223,0.0184338153307514,8.901444706192104,53.15521460077029,0.5856440492778963,0.078561016186572,-0.2279784620441399,0.1979053357246361,-0.0669589915080222,585.5555555555555
1064,591.1111111111111,0.2229016887815667,0.1176160564818985,0.1002965433072476,0.0569782656257543,0.0501332213771865,0.0350827649860983,0.0317466829886483,0.0226847133311669,0.0245669236559449,0.0183644975093595,0.2813998729068678,0.1689316030171488,0.152434654202232,0.1104533280003387,0.1094796336074904,0.0904859558690761,0.0866921685180884,0.0816450013344571,0.9116629579108224,0.0,0.9895266786231808,0.0,0.643120285365315,0.0,9.192989467407278,46.88421333992052,0.5060700588768223,0.0184338153307514,8.901444706192104,53.15521460077029,0.5856440492778963,0.078561016186572,0.2734988873732467,0.1979053357246361,0.1157616513657567,591.1111111111111
1074,596.6666666666666,0.2696282223836891,0.1404553836340506,0.1204525418216252,0.0668864643998352,0.058727716508438,0.0395955345436256,0.0353638423455928,0.024095918690891,0.026377130040908,0.0190617719075489,0.2817386642425482,0.1699914042889917,0.1533851949333306,0.1111023742528671,0.1095384493010148,0.0909835963459979,0.0872260606810029,0.0817069896365304,0.8290611706475963,0.0,0.8405201733587814,0.0,0.643120285365315,0.0,9.192989467407278,46.88421333992052,0.6180581964579429,0.0184338153307514,8.901444706192104,53.15521460077029,0.5856440492778963,0.078561016186572,0.2487183511942788,0.1681040346717562,0.1157616513657567,596.6666666666666
1084,602.2222222222222,0.3228904715817173,0.2074785693825357,0.1914480748146031,0.1447547016297301,0.1377074056924459,0.121010682206153,0.1174551628800535,0.1070750726890932,0.1096390771209034,0.1024187649053504,0.2812310438255235,0.1701893425739266,0.1532037580033964,0.1109734441305191,0.108965973992489,0.0907991140875799,0.087564385783512,0.0814175612595378,0.8290611706475963,0.0,-0.8586401777457517,0.0,0.5404146885165775,0.0,9.192989467407278,46.88421333992052,0.6180581964579429,0.1025526560009315,8.901444706192104,53.15521460077029,0.5856440492778963,0.078561016186572,0.2487183511942788,-0.1717280355491503,0.0972746439329839,602.2222222222222
1094,607.7777777777777,0.323185200202825,0.2075993602715866,0.1914588796221068,0.1448044441256653,0.1377706655029348,0.1209242565543608,0.1177904188461703,0.1075138542180844,0.1096490897360306,0.1021819953080375,0.2492416591954634,0.1524890392698855,0.1308841195470587,0.1009192141973528,0.0979010203678134,0.0860215048412745,0.0830279163258509,0.0797666084648463,0.8290611706475963,0.0,-0.8586401777457517,0.0,0.5404146885165775,0.0,9.192989467407278,46.88421333992052,0.6180581964579429,0.1025526560009315,7.066241331070536,53.15521460077029,0.5856440492778963,0.078561016186572,0.2487183511942788,-0.1717280355491503,0.0972746439329839,607.7777777777777
1104,613.3333333333333,0.3041587668731396,0.1993601055968203,0.1831540606552248,0.1412372905109502,0.1344211705580539,0.1193282550581283,0.1164553373124472,0.1070304760619524,0.1091706787717848,0.1025289757466432,0.2392026307236067,0.1507204465783949,0.1286908100037185,0.1004061111566001,0.0969340792225414,0.0855603130650409,0.0828092408072278,0.0795888599771484,-0.840176925711589,0.0,0.6055639552457802,0.0,0.5404146885165775,0.0,9.192989467407278,46.88421333992052,0.6180581964579429,0.1025526560009315,7.066241331070536,50.3819697299198,0.5856440492778963,0.078561016186572,-0.2520530777134767,0.121112791049156,0.0972746439329839,613.3333333333333
1114,618.8888888888888,0.3040991693515867,0.1993327690237024,0.1832494909680103,0.141535881210451,0.1342800470414914,0.1191611588314826,0.1169121215393838,0.1071513794895198,0.1096684396927926,0.1025051772829414,0.2616123585640114,0.1599275309006265,0.1366373605001303,0.1034441465126482,0.0995978548537683,0.0863526031105336,0.0837049036490474,0.080318884845767,-0.8386774622387954,0.0,0.6055639552457802,0.0,-0.642131079203737,0.0,9.192989467407278,46.88421333992052,0.6180581964579429,0.1025526560009315,7.066241331070536,50.3819697299198,0.6530494766557045,0.078561016186572,-0.2516032386716386,0.121112791049156,-0.1155835942566726,618.8888888888888
1124,624.4444444444445,0.3196231686473094,0.2070654048256844,0.1895895541466787,0.1446310683627908,0.1367348881580025,0.1203607960564056,0.1178892705347185,0.1075965754093182,0.1100787434663725,0.1025901071029656,0.313063188387225,0.2149512627169447,0.1922823591094938,0.1600370682205913,0.1564113049423313,0.1438800701019303,0.1410932296855943,0.1389744128804015,0.8051454687763532,0.0,0.9018804528449206,0.0,-0.7324791122639098,0.0,9.192989467407278,46.88421333992052,0.6180581964579429,0.1025526560009315,7.066241331070536,50.3819697299198,0.6530494766557045,0.1363768970985825,0.2415436406329059,0.1803760905689841,-0.1318462402075037,624.4444444444445
1134,630.0,0.2631657368831216,0.1756175723858173,0.1536888396909404,0.1265134804855512,0.1179770839746683,0.1116883868091782,0.1090874180238154,0.1036417049661463,0.1066930896205416,0.1015087315855692,0.2995164346687506,0.2091668756267386,0.1880461874791024,0.1580667323680094,0.1551536120239093,0.1437242536650499,0.1407999407367406,0.1385159242308174,-0.9373203836911652,0.0,0.9018804528449206,0.0,-0.7324791122639098,0.0,6.88339928984581,46.88421333992052,0.6180581964579429,0.1025526560009315,7.066241331070536,50.3819697299198,0.6530494766557045,0.1363768970985825,-0.2811961151073495,0.1803760905689841,-0.1318462402075037,630.0
1144,635.5555555555555,0.2590719653346219,0.1629111904743741,0.1489361483527263,0.1212158646786207,0.1150551513814961,0.1094628127302183,0.1076290199951345,0.1028184774991716,0.1061812407667541,0.1012541956382638,0.3037142899888444,0.2110222690489601,0.1890233168348467,0.1584493044362484,0.1552440343213193,0.1439278001364765,0.1408589756589545,0.1384404863423815,-0.3781347026087374,0.0,-0.9124377870211596,0.0,0.6972232226698413,0.0,6.88339928984581,58.66838784614857,0.6180581964579429,0.1025526560009315,7.066241331070536,50.3819697299198,0.6530494766557045,0.1363768970985825,-0.1134404107826212,-0.1824875574042319,0.1255001800805714,635.5555555555555
1154,641.1111111111111,0.223361520174353,0.1494302560479227,0.1381026403208944,0.1172681432238976,0.1112652096760408,0.1078236507715257,0.1068979723708519,0.1029537423572074,0.1059676368964234,0.1014895535276892,0.3047247601646121,0.2114863623886658,0.1894536059964018,0.1586670240734772,0.1557837414638887,0.1437698739709224,0.1408262805799078,0.138703550259869,-0.2905123935722583,0.0,-0.9124377870211596,0.0,0.6972232226698413,0.0,6.88339928984581,58.66838784614857,0.5010357731630865,0.1025526560009315,7.066241331070536,50.3819697299198,0.6530494766557045,0.1363768970985825,-0.0871537180716774,-0.1824875574042319,0.1255001800805714,641.1111111111111
1164,646.6666666666666,0.2400041419988857,0.1626823628268484,0.150197468265394,0.1280193169701854,0.1220321794362264,0.1184535230013961,0.1176387133802765,0.1133045220046007,0.1167843583465668,0.1121161392324251,0.3147700091598791,0.2155510830836721,0.1925540677015521,0.1599734840725327,0.1568648232286282,0.1439565584616087,0.1409627035114962,0.1386593666000915,0.9760078074639544,0.0,-0.8042412506745706,0.0,0.2532894965416165,0.0,6.88339928984581,58.66838784614857,0.5010357731630865,0.112946625539663,7.066241331070536,50.3819697299198,0.6530494766557045,0.1363768970985825,0.2928023422391863,-0.1608482501349141,0.0455921093774909,646.6666666666666
1174,652.2222222222222,0.2380085843265192,0.1620810278734813,0.1497516806180405,0.1278286759150252,0.1217743472603786,0.1183082921725006,0.1174954454960061,0.1137016039673462,0.1165900664094639,0.112319628808682,0.3380747858880611,0.228479418624044,0.2094384040164031,0.1681506860128997,0.1649059883075227,0.1478691651635354,0.1448043833073856,0.140684989679127,0.7604470979910338,0.0,-0.4271608626321947,0.0,0.2532894965416165,0.0,6.88339928984581,58.66838784614857,0.5010357731630865,0.112946625539663,8.431580490951735,50.3819697299198,0.6530494766557045,0.1363768970985825,0.2281341293973101,-0.0854321725264389,0.0455921093774909,652.2222222222222
1184,657.7777777777777,0.2264646281850265,0.1581674450280528,0.1467717543688965,0.1262616152636149,0.1213823354931266,0.1183285880862287,0.1177322783194826,0.1138281696652571,0.1165196000479453,0.1125074997427635,0.3354500512765539,0.2374002340780502,0.2139017935392072,0.1738721405455844,0.1683947751909394,0.1502490090207207,0.1464354747216924,0.1417998370239778,-0.8426027561335308,0.0,-0.5592677484867172,0.0,-0.9357384287016725,0.0,6.88339928984581,58.66838784614857,0.5010357731630865,0.112946625539663,8.431580490951735,42.73528103085163,0.6530494766557045,0.1363768970985825,-0.2527808268400592,-0.1118535496973434,-0.168432917166301,657.7777777777777
1194,663.3333333333333,0.2253181154456644,0.1578345832959672,0.1463789331203597,0.1259543665651089,0.1210700902587546,0.1180936466308702,0.1175874913188558,0.1138422576291281,0.1164856863105041,0.1126849408398538,0.306862784882925,0.2225741939706552,0.2018381048764371,0.1678704963106367,0.1635496261348979,0.1476842526930683,0.1446452037148616,0.1409061984468095,-0.8426027561335308,0.0,-0.5592677484867172,0.0,-0.9357384287016725,0.0,6.88339928984581,58.66838784614857,0.5010357731630865,0.112946625539663,8.431580490951735,42.73528103085163,0.583780730182637,0.1363768970985825,-0.2527808268400592,-0.1118535496973434,-0.168432917166301,663.3333333333333
1204,668.8888888888888,0.2284802358123223,0.159369476990607,0.1477467093070629,0.1260180540013269,0.1213212607348639,0.1180780334840387,0.1176151445155374,0.1136029362319536,0.1162577172244136,0.1127533548013258,0.3023189848811197,0.2127831271329705,0.1908639604180852,0.1552694819538099,0.1502378783575275,0.1345186341920233,0.1308300273106361,0.126754398315251,-0.4277268830875891,0.0,-0.9257479934532378,0.0,0.3995319213969993,0.0,6.88339928984581,58.66838784614857,0.5010357731630865,0.112946625539663,8.431580490951735,42.73528103085163,0.583780730182637,0.1222884416992568,-0.1283180649262767,-0.1851495986906475,0.0719157458514598,668.8888888888888
1214,674.4444444444445,0.2227051688017493,0.1567771110110578,0.1441786006567275,0.124509306471829,0.1196780691934883,0.11747316617378,0.1167122837434472,0.1131438824601814,0.1162915233465339,0.1125418584719116,0.3025929530118271,0.2130035233611694,0.1913026856850809,0.1552255054411229,0.1504274063671555,0.1342022106273275,0.1308663403197477,0.1268478289041271,-0.4277268830875891,0.0,-0.9257479934532378,0.0,-0.3547257221280537,0.0,6.4456678069907545,58.66838784614857,0.5010357731630865,0.112946625539663,8.431580490951735,42.73528103085163,0.583780730182637,0.1222884416992568,-0.1283180649262767,-0.1851495986906475,-0.0638506299830496,674.4444444444445
1224,680.0,0.2256055789274386,0.1617869612334672,0.1461590615059943,0.1263043906718536,0.1205381614215756,0.1175810549222674,0.1174067793348967,0.1126394818291635,0.1163789895596654,0.1130427593438899,0.3015339339729114,0.2129492972870585,0.1910527009915296,0.155665838594219,0.1503523169053499,0.1341125363087089,0.131164205606665,0.126761721363977,-0.5594769346758159,0.0,-0.9257479934532378,0.0,0.8206553213142719,0.0,6.4456678069907545,52.569238957325815,0.5010357731630865,0.112946625539663,8.431580490951735,42.73528103085163,0.583780730182637,0.1222884416992568,-0.1678430804027447,-0.1851495986906475,0.1477179578365689,680.0
1234,685.5555555555555,0.2715968224132555,0.1814300427220441,0.160152210089619,0.1318883428133115,0.1249028524528617,0.1189227716124954,0.1188004873924327,0.113382108062142,0.1165741626059234,0.1134877978481405,0.3013063151849263,0.2129090636380565,0.1907328988324378,0.1553640551876585,0.1501345755867955,0.1337688786616784,0.1308354062270716,0.1267619261209687,-0.5594769346758159,0.0,0.2678595683233958,0.0,0.8206553213142719,0.0,6.4456678069907545,52.569238957325815,0.6586047316196068,0.112946625539663,8.431580490951735,42.73528103085163,0.583780730182637,0.1222884416992568,-0.1678430804027447,0.0535719136646791,0.1477179578365689,685.5555555555555
1244,691.1111111111111,0.2471631252456033,0.1497587328006607,0.1277128089718526,0.0972421860770082,0.0902189060099026,0.0835597723007128,0.0830409015953789,0.0770842442456863,0.0810553646415369,0.0776578979567485,0.3010249809255998,0.2129699412662452,0.1908702075487131,0.1547964642698341,0.1502866455728384,0.1341986458429544,0.1309877071002103,0.1268278708252934,-0.5594769346758159,0.0,-0.2955510254637822,0.0,0.3460754908415246,0.0,6.4456678069907545,52.569238957325815,0.6586047316196068,0.0769505374233312,8.431580490951735,42.73528103085163,0.583780730182637,0.1222884416992568,-0.1678430804027447,-0.0591102050927564,0.0622935883514744,691.1111111111111
1254,696.6666666666666,0.2561931681051997,0.1546484252341341,0.1307644945318136,0.098125323718619,0.0910243781738499,0.0837264132925523,0.0831704748708211,0.0770330535193549,0.0812435063324237,0.0777244997993431,0.3100002135994841,0.2164310325518625,0.1932999392089515,0.1554092206942413,0.1508390058908718,0.1341090805125614,0.1309694495364518,0.1266461800504819,0.8099544787244817,0.0,0.8137861457063442,0.0,-0.5829099630946778,0.0,6.4456678069907545,52.569238957325815,0.6586047316196068,0.0769505374233312,8.17754826165326,42.73528103085163,0.583780730182637,0.1222884416992568,0.2429863436173445,0.1627572291412688,-0.104923793357042,696.6666666666666
1264,702.2222222222222,0.2549247163429602,0.1541844356598611,0.12976721810239,0.0976054830125174,0.0909952435958939,0.083611321152138,0.0833066965275663,0.0767524093698957,0.0813212416644609,0.0781023231067837,0.3075872125320566,0.2127458543286806,0.1916790356639129,0.1538010344984023,0.1496208068732472,0.1332525742794249,0.1304780784623914,0.1262548425787977,0.8099544787244817,0.0,0.8137861457063442,0.0,-0.5829099630946778,0.0,6.4456678069907545,52.569238957325815,0.6586047316196068,0.0769505374233312,8.17754826165326,44.52846965394288,0.583780730182637,0.1222884416992568,0.2429863436173445,0.1627572291412688,-0.104923793357042,702.2222222222222
1274,707.7777777777777,0.2555334586656222,0.1536613791921622,0.1301209964124143,0.0974371447211833,0.091400999814686,0.0834079520167898,0.0832545686732585,0.0763616922053022,0.0811797136418427,0.078381477656059,0.2903468002984031,0.2044479482574227,0.1850345178515027,0.1513504676639585,0.1474449386306284,0.1319779610426841,0.1292939055181303,0.1261325044577105,0.762043786620467,0.0,0.3685368303056542,0.0,0.4119795967497132,0.0,6.4456678069907545,52.569238957325815,0.6586047316196068,0.0769505374233312,8.17754826165326,44.52846965394288,0.5397042295985346,0.1222884416992568,0.22861313598614,0.0737073660611308,0.0741563274149483,707.7777777777777
1284,713.3333333333333,0.2556656309494566,0.1537267280652077,0.1304884354192003,0.0977118173389791,0.0912381112226548,0.0835393248189768,0.0829773911126306,0.0761774361895869,0.0810276856177855,0.07841552581433,0.2486781360933622,0.1491178170316128,0.127011104889301,0.0885170319131714,0.0831349415945032,0.065894086498128,0.0627798319276356,0.0586129629986809,0.762043786620467,0.0,0.3685368303056542,0.0,0.4119795967497132,0.0,6.4456678069907545,52.569238957325815,0.6586047316196068,0.0769505374233312,8.17754826165326,44.52846965394288,0.5397042295985346,0.0544690425825527,0.22861313598614,0.0737073660611308,0.0741563274149483,713.3333333333333
1294,718.8888888888888,0.2673654295601548,0.160194916889944,0.1380528729977641,0.1014007277491434,0.0943241369895732,0.0849372512529394,0.0842100681335819,0.0767420560252448,0.0814293563280209,0.0783455788852457,0.2495219812056091,0.1493551154709758,0.1270384621929909,0.0886768341301074,0.0832490869860251,0.0656885411249088,0.0633952649176798,0.05854669167973,0.8706668376669356,0.0,0.4962962593970977,0.0,0.8254318305475761,0.0,6.97409928821487,52.569238957325815,0.6586047316196068,0.0769505374233312,8.17754826165326,44.52846965394288,0.5397042295985346,0.0544690425825527,0.2612000513000806,0.0992592518794195,0.1485777294985636,718.8888888888888
1304,724.4444444444445,0.2778995907004558,0.1690489855319446,0.1436340948781494,0.1060256243579379,0.0970869687892917,0.0868242902688245,0.0852698305577772,0.077563651455967,0.0815406609444149,0.0780239637885457,0.2495417102731176,0.1494969765166689,0.1270335572855857,0.0886694612426184,0.0831537253303841,0.0657031667681637,0.0633644367900565,0.0585005577032396,0.8706668376669356,0.0,-0.8188874988736966,0.0,0.8254318305475761,0.0,6.97409928821487,46.92122878224957,0.6586047316196068,0.0769505374233312,8.17754826165326,44.52846965394288,0.5397042295985346,0.0544690425825527,0.2612000513000806,-0.1637774997747393,0.1485777294985636,724.4444444444445
1314,730.0,0.2885514296510307,0.1739921545276942,0.1469287874778791,0.1075943419796011,0.0984224623570532,0.0875486772100856,0.0860225939490445,0.0780274539927656,0.0814769338181928,0.0779960483923868,0.2491635277504673,0.1493225493573424,0.1269813735278749,0.0882919501068564,0.08280651855764,0.0653905462000278,0.0639030789345071,0.0586560837760659,0.8706668376669356,0.0,-0.8188874988736966,0.0,0.7593302234821502,0.0,6.97409928821487,46.92122878224957,0.6896248122821629,0.0769505374233312,8.17754826165326,44.52846965394288,0.5397042295985346,0.0544690425825527,0.2612000513000806,-0.1637774997747393,0.136679440226787,730.0
1324,735.5555555555555,0.2796387583675221,0.174859417149525,0.1499719296426475,0.1139178793806798,0.105499673650042,0.0960677653756607,0.0948872822507096,0.0867946252694606,0.0901995468519818,0.086994995589336,0.23165277422147,0.1415400472838552,0.120469598961858,0.0854620599020069,0.0805556793957921,0.064163062563482,0.0630134814530924,0.0584289985136749,-0.9923632453249636,0.0,-0.8315683582309363,0.0,0.8502011456521642,0.0,6.97409928821487,46.92122878224957,0.6896248122821629,0.0859999076416681,8.17754826165326,44.52846965394288,0.5397042295985346,0.0544690425825527,-0.297708973597489,-0.1663136716461872,0.1530362062173895,735.5555555555555
1334,741.1111111111111,0.2793746051303526,0.1749885810459433,0.1494158658923396,0.1138808236700781,0.1058395402847878,0.0959585660422717,0.0947412540517379,0.0867273014223797,0.0904268900579348,0.0870072015191574,0.2126605100055497,0.1301501965017313,0.1069855836692166,0.0789963808311781,0.0729478383602031,0.0609210110080821,0.0601449398968686,0.0574107502291307,-0.9923632453249636,0.0,-0.650458316816809,0.0,0.8502011456521642,0.0,6.97409928821487,46.92122878224957,0.6896248122821629,0.0859999076416681,7.020204202262519,44.52846965394288,0.5397042295985346,0.0544690425825527,-0.297708973597489,-0.1300916633633618,0.1530362062173895,741.1111111111111
1344,746.6666666666666,0.2806737964487996,0.1760229290892393,0.1499106437409904,0.1139888609483779,0.1059861953479912,0.0959288367328102,0.0948576802774406,0.0867778662161372,0.0906325224072693,0.0873880228163981,0.2131266813673928,0.1292939669516678,0.1072623948712656,0.078656045427481,0.0728901879743667,0.0606789215124013,0.0601632887907295,0.0574166629152063,-0.7907515610094131,0.0,-0.650458316816809,0.0,-0.6966136794527743,0.0,6.97409928821487,46.92122878224957,0.6896248122821629,0.0859999076416681,7.020204202262519,45.43049239617571,0.5397042295985346,0.0544690425825527,-0.2372254683028239,-0.1300916633633618,-0.1253904623014993,746.6666666666666
1354,752.2222222222222,0.2782688970740458,0.1763168255234271,0.1491614180843653,0.1138744806583016,0.1056338105064775,0.0960955862256746,0.09495181383199,0.0866761108782134,0.0907743088798018,0.0873537370142075,0.2643343060648391,0.152407968096201,0.1249360525473553,0.0859803134300979,0.0782515671275476,0.0632738698178958,0.0617788419382987,0.0583548446167832,-0.7907515610094131,0.0,0.553294325258497,0.0,-0.6966136794527743,0.0,6.97409928821487,46.92122878224957,0.6896248122821629,0.0859999076416681,7.020204202262519,45.43049239617571,0.6904078981415044,0.0544690425825527,-0.2372254683028239,0.1106588650516994,-0.1253904623014993,752.2222222222222
1364,757.7777777777777,0.2808741680900981,0.1772611842687194,0.1497653238598037,0.114082812812406,0.1057547754479,0.0962391506431242,0.0953677086554866,0.086663007000709,0.0910140172471755,0.0868019096787407,0.2748459693952535,0.1637326428946798,0.1366212423042131,0.0984086061484064,0.0902154662577258,0.0755009768266778,0.0738458985039802,0.070345616882942,-0.4770748242943788,0.0,0.553294325258497,0.0,0.335086341163575,0.0,6.97409928821487,46.92122878224957,0.6896248122821629,0.0859999076416681,7.020204202262519,45.43049239617571,0.6904078981415044,0.0666717314470669,-0.1431224472883136,0.1106588650516994,0.0603155414094435,757.7777777777777
1374,763.3333333333333,0.3340893087789364,0.2092588568899181,0.1890385713917351,0.134839126454059,0.127756130341859,0.1071498212879775,0.1059883147601554,0.0913632445653366,0.0955145537312665,0.0880688302360774,0.2744542794422154,0.1639181231843229,0.1363308816242339,0.0984020763989097,0.0895700325996609,0.0757322785543868,0.0736982760176103,0.0703047727074042,-0.4770748242943788,0.0,0.4691899190724044,0.0,0.335086341163575,0.0,9.537263202817886,46.92122878224957,0.6896248122821629,0.0859999076416681,7.020204202262519,45.43049239617571,0.6904078981415044,0.0666717314470669,-0.1431224472883136,0.0938379838144808,0.0603155414094435,763.3333333333333
1384,768.8888888888888,0.325848606428641,0.2003231889497644,0.1827799337614517,0.1298163589460002,0.1242693948035521,0.1044822351765395,0.1041603222891591,0.0901561999703582,0.095058414271124,0.0881402040216692,0.2737116519181182,0.1636893616422756,0.1360559351397439,0.0985965826439423,0.0898463851335682,0.0759209454220051,0.0737606545722572,0.0702859698543851,-0.5453389428813721,0.0,0.8867652662300304,0.0,0.335086341163575,0.0,9.537263202817886,50.31045338212542,0.6896248122821629,0.0859999076416681,7.020204202262519,45.43049239617571,0.6904078981415044,0.0666717314470669,-0.1636016828644116,0.1773530532460061,0.0603155414094435,768.8888888888888
1394,774.4444444444445,0.2977241299669448,0.1861574976480391,0.1691619238414685,0.1235143438051381,0.1185561244210268,0.1017686095376387,0.1015898892571763,0.0890733573042077,0.0941518513264955,0.0876091255252079,0.2788744345602754,0.1650429599180783,0.1364555232976911,0.0989033868571708,0.0899222258567145,0.0758968102278935,0.0739098334240199,0.0702740290048437,0.6575571807017878,0.0,0.8867652662300304,0.0,0.4452578247274703,0.0,9.537263202817886,50.31045338212542,0.6042332258052447,0.0859999076416681,7.020204202262519,45.43049239617571,0.6904078981415044,0.0666717314470669,0.1972671542105363,0.1773530532460061,0.0801464084509446,774.4444444444445
1404,780.0,0.332505069077467,0.2288727445654995,0.2134048171959757,0.1706712656822563,0.1654729626725846,0.1494348699791174,0.149717785789738,0.1373483325471738,0.1427230706053279,0.1361244242241242,0.283386550306807,0.1676859678164039,0.1399961088780541,0.1002262253551592,0.0912260087118814,0.0764103783148326,0.0739569111363222,0.0705108728598257,0.6575571807017878,0.0,0.5658075219296138,0.0,-0.89530825210707,0.0,9.537263202817886,50.31045338212542,0.6042332258052447,0.1344810785574001,7.020204202262519,45.43049239617571,0.6904078981415044,0.0666717314470669,0.1972671542105363,0.1131615043859227,-0.1611554853792726,780.0
1414,785.5555555555555,0.3348479862038468,0.2303664916298,0.2146452988495262,0.1709301711647332,0.1660197265285055,0.1494092694421079,0.1502110668923271,0.1376494802713037,0.143217782842079,0.135894574041112,0.3132907150631995,0.1853659234304522,0.1603922977139814,0.1103402931065268,0.1017705007146505,0.0811370962859504,0.078113371671686,0.0722465683787838,0.9324376172248584,0.0,0.5658075219296138,0.0,-0.89530825210707,0.0,9.537263202817886,50.31045338212542,0.6042332258052447,0.1344810785574001,8.228302254645119,45.43049239617571,0.6904078981415044,0.0666717314470669,0.2797312851674575,0.1131615043859227,-0.1611554853792726,785.5555555555555
1424,791.1111111111111,0.3348837977968742,0.2300845724005293,0.2146845129256783,0.1708831769586918,0.1660048614008433,0.1493546505967224,0.1504260010021837,0.1379341617387328,0.1434590771243858,0.1358085633004625,0.3032260833214465,0.1715606350225587,0.1533126042536196,0.1038702924359265,0.098069786241764,0.0786370743877901,0.0764170893330492,0.0718909003792758,0.9324376172248584,0.0,0.7384292547087649,0.0,-0.89530825210707,0.0,9.537263202817886,50.31045338212542,0.6042332258052447,0.1344810785574001,8.228302254645119,51.613057277056456,0.6904078981415044,0.0666717314470669,0.2797312851674575,0.147685850941753,-0.1611554853792726,791.1111111111111
1434,796.6666666666666,0.331368968525435,0.2296315765660366,0.2144472331221666,0.1705087899834307,0.1659106402465255,0.1493455223015021,0.1505318804626527,0.1379485599296347,0.1434900388518017,0.1357195794572964,0.2612730530843283,0.1546657301832574,0.1388642730294866,0.098154215861847,0.0923312614828972,0.0765139471458256,0.0746708985533466,0.0707425277927993,-0.2844274425352387,0.0,0.7384292547087649,0.0,-0.335858902166595,0.0,9.537263202817886,50.31045338212542,0.6042332258052447,0.1344810785574001,8.228302254645119,51.613057277056456,0.5853299007672517,0.0666717314470669,-0.0853282327605716,0.147685850941753,-0.0604546023899871,796.6666666666666
1444,802.2222222222222,0.3250993780356501,0.2243518930595184,0.21079547843135,0.1683651136334484,0.1645005692472829,0.1490519583765209,0.1498083679597169,0.1375887676233865,0.1437143591989261,0.135744744638757,0.2952610602743188,0.2054171533332682,0.1911125661636242,0.1582578063175833,0.1528137695457261,0.1396884631684112,0.1381563419870229,0.1352755152248737,-0.2844274425352387,0.0,-0.2877634667846982,0.0,0.4630365626790244,0.0,9.537263202817886,50.31045338212542,0.6042332258052447,0.1344810785574001,8.228302254645119,51.613057277056456,0.5853299007672517,0.131728178912742,-0.0853282327605716,-0.0575526933569396,0.0833465812822244,802.2222222222222
1454,807.7777777777777,0.3026023428305828,0.210368779201339,0.1917455012084008,0.1583611750292857,0.1535044881591524,0.1436506055246406,0.1441358602796805,0.1357198567583218,0.1413145910803837,0.1349492888513427,0.3000470379389286,0.2074511442612281,0.1933580086325597,0.1589701443861498,0.1538002255304064,0.1399127845074229,0.1386225319363428,0.1353240536890927,0.2512598050783162,0.0,-0.6608710046769831,0.0,-0.3692577041021337,0.0,7.717267679702043,50.31045338212542,0.6042332258052447,0.1344810785574001,8.228302254645119,51.613057277056456,0.5853299007672517,0.131728178912742,0.0753779415234948,-0.1321742009353966,-0.066466386738384,807.7777777777777
1464,813.3333333333333,0.2956589259128422,0.2006242546101362,0.1867745383891454,0.1538850851179,0.1511016712673576,0.1415484500911855,0.1428989496784025,0.1347536465335737,0.1412466345334455,0.1348961925379899,0.300406391850273,0.207412626917792,0.1934330926060785,0.1588774253791671,0.1535570619630678,0.1400968486297657,0.1385133252519443,0.1353775790055045,0.2512598050783162,0.0,-0.9241151843250032,0.0,-0.6214104077011237,0.0,7.717267679702043,58.45519152336935,0.6042332258052447,0.1344810785574001,8.228302254645119,51.613057277056456,0.5853299007672517,0.131728178912742,0.0753779415234948,-0.1848230368650006,-0.1118538733862022,813.3333333333333
1474,818.8888888888888,0.2697822829350085,0.1903580219304198,0.1782988761335613,0.1504407328745691,0.1479814849843556,0.1403663092599646,0.1419363351051616,0.1342257169601127,0.1407336553419013,0.1347353663592267,0.3051587400650174,0.2096350900784175,0.1950526201764672,0.1597419041774335,0.1541176495675821,0.1401719281652865,0.1386745536656936,0.1353730628399361,0.8135779322315636,0.0,-0.9241151843250032,0.0,-0.3137476206757932,0.0,7.717267679702043,58.45519152336935,0.5137430704243723,0.1344810785574001,8.228302254645119,51.613057277056456,0.5853299007672517,0.131728178912742,0.244073379669469,-0.1848230368650006,-0.0564745717216427,818.8888888888888
1484,824.4444444444443,0.2105194351043652,0.124620860786526,0.1117537361704022,0.0814163275975785,0.0791347176557816,0.0705860047656443,0.0719272399731714,0.063953569375103,0.0710815326430662,0.0646852316902429,0.2930878980806004,0.204854060591118,0.190512995981818,0.1579948634220012,0.1526214515629755,0.1397538796646602,0.1381951986166338,0.1355688359648868,-0.573789089820471,0.0,-0.4826125701583276,0.0,-0.3137476206757932,0.0,7.717267679702043,58.45519152336935,0.5137430704243723,0.0644995292851744,8.228302254645119,51.613057277056456,0.5853299007672517,0.131728178912742,-0.1721367269461413,-0.0965225140316655,-0.0564745717216427,824.4444444444443
1494,830.0,0.2106631169142283,0.1251092492423396,0.1121699570337517,0.0814113415282528,0.0796527756970661,0.0709651997686233,0.0720316277236871,0.0640876507197811,0.071245267725011,0.0649361041149767,0.2833178155338537,0.1995353600336569,0.1829477471813887,0.1549852394902042,0.1491876853284959,0.13801562808911,0.1370593121127331,0.1348328265482531,-0.573789089820471,0.0,0.3837608435678216,0.0,0.7528186873702174,0.0,7.717267679702043,58.45519152336935,0.5137430704243723,0.0644995292851744,7.558544459633577,51.613057277056456,0.5853299007672517,0.131728178912742,-0.1721367269461413,0.0767521687135643,0.1355073637266391,830.0
1504,835.5555555555555,0.2140513580642124,0.1256564767563848,0.1130074330666508,0.0819764363165692,0.0800712724280722,0.0709561210522348,0.0719588812152691,0.0640808554974757,0.071656211064893,0.0649069186090536,0.2797455069633306,0.1924207431264891,0.1800892413453796,0.1520113771451891,0.1475892352619697,0.1369456074141048,0.1364849059420154,0.1347046346195272,-0.2735783237215643,0.0,-0.7490824533057336,0.0,-0.3100573189443563,0.0,7.717267679702043,58.45519152336935,0.5137430704243723,0.0644995292851744,7.558544459633577,59.018763911637,0.5853299007672517,0.131728178912742,-0.0820734971164692,-0.1498164906611467,-0.0558103174099841,835.5555555555555
1514,841.1111111111111,0.2143703515201956,0.1259726511126526,0.113045555054562,0.0821074584633817,0.0804396418482755,0.071063960677225,0.0718143453098014,0.0644977075273108,0.0716560969260872,0.0648567792692456,0.2684312769132513,0.1879343831713167,0.1764845979572607,0.1508517417386559,0.1463189321251794,0.1368892387094895,0.1360251803549313,0.1343768965764745,-0.2735783237215643,0.0,-0.7490824533057336,0.0,-0.3100573189443563,0.0,7.717267679702043,58.45519152336935,0.5137430704243723,0.0644995292851744,7.558544459633577,59.018763911637,0.5501998493329516,0.131728178912742,-0.0820734971164692,-0.1498164906611467,-0.0558103174099841,841.1111111111111
1524,846.6666666666666,0.2183712321279257,0.1288708064953341,0.1141844230723596,0.0826563907225762,0.0807874386959019,0.0716729974667285,0.0716357615002492,0.0647102696463524,0.0715914649364682,0.0649122591112657,0.2677315804023667,0.181001069893552,0.168432733977822,0.1414402372662881,0.1363961406227117,0.1259588509048815,0.1255223009706977,0.1234481691186538,0.5183124453178319,0.0,0.633047347311301,0.0,0.964086184331704,0.0,7.717267679702043,58.45519152336935,0.5137430704243723,0.0644995292851744,7.558544459633577,59.018763911637,0.5501998493329516,0.1209058720893163,0.1554937335953495,0.1266094694622602,0.1735355131797067,846.6666666666666
1534,852.2222222222222,0.2286245243449119,0.1344742433261694,0.1222044249038239,0.0858728378932603,0.0851039431584335,0.0734983787280795,0.0738277302878025,0.0659225450858325,0.0724725659220751,0.0656015083476446,0.2660186157356118,0.1801082185198566,0.1685929338264721,0.1413874516459431,0.1370988353484828,0.1259883074961297,0.1255487307172021,0.1234634014397619,0.2716729181002118,0.0,0.633047347311301,0.0,-0.9440062917379626,0.0,8.5647078399955,58.45519152336935,0.5137430704243723,0.0644995292851744,7.558544459633577,59.018763911637,0.5501998493329516,0.1209058720893163,0.0815018754300635,0.1266094694622602,-0.1699211325128332,852.2222222222222
1544,857.7777777777777,0.2339544416114584,0.1393486219801397,0.1254748430341887,0.0885101858002962,0.0870396723959218,0.0748194637275938,0.0746717428129953,0.066504502139623,0.0728042253164514,0.0656132242866126,0.2660891754032675,0.1797979132701315,0.1685163526108277,0.1416094930867811,0.1370835693946258,0.125790888020401,0.1255183984969343,0.1234304920864521,0.2716729181002118,0.0,-0.3560440048825692,0.0,-0.9440062917379626,0.0,8.5647078399955,54.34171808562246,0.5137430704243723,0.0644995292851744,7.558544459633577,59.018763911637,0.5501998493329516,0.1209058720893163,0.0815018754300635,-0.0712088009765138,-0.1699211325128332,857.7777777777777
1554,863.3333333333333,0.275665724482234,0.1577801889878158,0.140841977441119,0.0948706781034579,0.0927139624122656,0.077375700818098,0.0765288573496775,0.0672611731436914,0.0731050609449041,0.0655843686179936,0.2676727996194617,0.1804746794668167,0.1680666982542203,0.1417495757928678,0.1364125518598382,0.1255929799542089,0.125687822686919,0.1234902655739155,0.5559146447573753,0.0,0.6843542468157756,0.0,0.7837070237259531,0.0,8.5647078399955,54.34171808562246,0.6259244365680406,0.0644995292851744,7.558544459633577,59.018763911637,0.5501998493329516,0.1209058720893163,0.1667743934272125,0.1368708493631551,0.1410672642706715,863.3333333333333
1564,868.8888888888888,0.3276775889680496,0.2266511152692202,0.2115470676951563,0.1718582215198163,0.1700152344235451,0.1569686968096581,0.1562650299284073,0.1479288740255745,0.1545575443778821,0.1467910702238058,0.2676989368195169,0.1805832517444976,0.1684417278891539,0.1420423121028466,0.136680664149678,0.1256435123505519,0.1259913456128909,0.1232135269998653,0.5559146447573753,0.0,0.3373140688424695,0.0,0.3099033377847606,0.0,8.5647078399955,54.34171808562246,0.6259244365680406,0.145734106269237,7.558544459633577,59.018763911637,0.5501998493329516,0.1209058720893163,0.1667743934272125,0.0674628137684939,0.0557826008012569,868.8888888888888
1574,874.4444444444443,0.3144891016415483,0.2211957635704533,0.2068449203089232,0.1693582285859351,0.168365048578924,0.1559594488190763,0.1556855646036968,0.1478351679313968,0.1543446917259098,0.1468238525317664,0.248435638812698,0.172520465502763,0.1597911953460041,0.1387789518053341,0.1332335810894773,0.1243393535199364,0.1247381369383256,0.1228546988822492,-0.9233971507069192,0.0,0.3373140688424695,0.0,0.3099033377847606,0.0,8.5647078399955,54.34171808562246,0.6259244365680406,0.145734106269237,6.998044377633975,59.018763911637,0.5501998493329516,0.1209058720893163,-0.2770191452120757,0.0674628137684939,0.0557826008012569,874.4444444444443
1584,880.0,0.3146527741265045,0.2214050873391514,0.2066264099846385,0.169191088259305,0.1684870397356027,0.156015752987406,0.1560851999936168,0.1476085382240642,0.1546594841581016,0.1471801593489902,0.2569039269041838,0.1835405254322639,0.1655008451022652,0.1432158517329086,0.13615589324886,0.1257659318813581,0.1255684857242876,0.1232407141728391,-0.9233971507069192,0.0,0.3780959345730236,0.0,-0.9910837927555094,0.0,8.5647078399955,54.34171808562246,0.6259244365680406,0.145734106269237,6.998044377633975,47.96551119358741,0.5501998493329516,0.1209058720893163,-0.2770191452120757,0.0756191869146047,-0.1783950826959917,880.0
1594,885.5555555555555,0.3246353329694831,0.2255537412403544,0.2100471691394243,0.1707174605591188,0.1692460649460186,0.1561919601829015,0.1562475940518877,0.1482268326600883,0.1548865893336754,0.1471414934501479,0.2637594253041836,0.1863561228156099,0.1677432808261988,0.1441815798315427,0.1369080854798654,0.1260419870058931,0.1253533526951513,0.1230351398382032,0.3256915126828428,0.0,0.9872768927092792,0.0,-0.9910837927555094,0.0,8.5647078399955,54.34171808562246,0.6259244365680406,0.145734106269237,6.998044377633975,47.96551119358741,0.5405823504427032,0.1209058720893163,0.0977074538048528,0.1974553785418558,-0.1783950826959917,885.5555555555555
1604,891.1111111111111,0.330577144608419,0.2264448818158306,0.2120232083332864,0.17167076305237,0.1702770379054799,0.156788317124236,0.1565151413664565,0.1484500893083308,0.1549701219224734,0.1470691149229472,0.1909195911875324,0.0902610717387497,0.0676361432000408,0.0370396273618057,0.0277492772597025,0.0147996644349033,0.0132699027383863,0.0104269018117435,0.6728604847944607,0.0,-0.7836721097599221,0.0,-0.9910837927555094,0.0,8.5647078399955,54.34171808562246,0.6259244365680406,0.145734106269237,6.998044377633975,47.96551119358741,0.5405823504427032,0.0076056082908405,0.2018581454383382,-0.1567344219519844,-0.1783950826959917,891.1111111111111
1614,896.6666666666666,0.3061738806898709,0.2141842716752373,0.1952103145961048,0.1637332281134596,0.1618460974004846,0.1529523725355857,0.1523513266676924,0.1468708973893328,0.1533577349047442,0.1464098150917139,0.191324342720334,0.0903217998582832,0.0678432528952072,0.037134555957154,0.0279650859730261,0.0148434262512162,0.01331228316355,0.0099864455336736,0.6728604847944607,0.0,-0.7836721097599221,0.0,-0.4344289284780323,0.0,7.081306223921086,54.34171808562246,0.6259244365680406,0.145734106269237,6.998044377633975,47.96551119358741,0.5405823504427032,0.0076056082908405,0.2018581454383382,-0.1567344219519844,-0.0781972071260458,896.6666666666666
1624,902.2222222222222,0.3029731066008132,0.2099674781534947,0.1925674213661438,0.1621819960477117,0.1611151721340646,0.151967298095867,0.151806634250697,0.1468204467587245,0.1534832999544355,0.1466203491331825,0.1911261760922587,0.0905000350659965,0.0677751280107895,0.0368574979097012,0.0278442951399988,0.0147960034586762,0.0131931639777865,0.0100237782287222,0.6728604847944607,0.0,-0.7852973681980553,0.0,-0.4344289284780323,0.0,7.081306223921086,58.30928794247816,0.6259244365680406,0.145734106269237,6.998044377633975,47.96551119358741,0.5405823504427032,0.0076056082908405,0.2018581454383382,-0.157059473639611,-0.0781972071260458,902.2222222222222
1634,907.7777777777776,0.3081506977331532,0.2119985947753233,0.1942454681646372,0.1630046897524681,0.1618646523798757,0.1522884501834498,0.1519423530832533,0.1468878697856918,0.1535562015795021,0.146770233888406,0.18323841128467,0.0871400424365404,0.0646280442558922,0.0359363396907697,0.026888880011438,0.0139307899433446,0.0127526178149141,0.009795048296347,-0.3455323141688208,0.0,-0.7852973681980553,0.0,0.5386166937684019,0.0,7.081306223921086,58.30928794247816,0.6680337634316779,0.145734106269237,6.998044377633975,47.96551119358741,0.5405823504427032,0.0076056082908405,-0.1036596942506462,-0.157059473639611,0.0969510048783123,907.7777777777776
1644,913.3333333333331,0.2272812593079241,0.1014526377820666,0.0803226369517604,0.039653720446543,0.03777579315662,0.0253463147949904,0.0245846233846796,0.0185282002138896,0.0249020594817919,0.0181746523971174,0.1910295063664309,0.0901718067422912,0.067518888778562,0.0371297905195885,0.0276512323821063,0.0146698418920911,0.0132246870848144,0.0098765240187138,0.6413957519364187,0.0,-0.5018491910962053,0.0,0.7031153055616847,0.0,7.081306223921086,58.30928794247816,0.6680337634316779,0.0168608612238868,6.998044377633975,47.96551119358741,0.5405823504427032,0.0076056082908405,0.1924187255809256,-0.100369838219241,0.1265607550011032,913.3333333333331
1654,918.8888888888888,0.2249992591737415,0.100538703315331,0.0796876775503852,0.0394858001907805,0.0376227789683384,0.0257305868474006,0.0243576629673124,0.0179295838963019,0.0245969451400103,0.0181516878664005,0.2048329108478568,0.0981520736574101,0.0773304730487559,0.0419775898403706,0.0328869778302695,0.0168893529213401,0.0153292294459961,0.0106257318014045,0.4103078864946385,0.0,-0.3661456472900536,0.0,0.7031153055616847,0.0,7.081306223921086,58.30928794247816,0.6680337634316779,0.0168608612238868,7.811337075950596,47.96551119358741,0.5405823504427032,0.0076056082908405,0.1230923659483915,-0.0732291294580107,0.1265607550011032,918.8888888888888
1664,924.4444444444443,0.2257735700761887,0.100891333156162,0.080166050412248,0.0395727043093186,0.0372224713723127,0.0254520030174713,0.0241196863159706,0.0179891209291973,0.0245229879202882,0.0181698963738047,0.2033021909050931,0.0954844074705119,0.0766416809764011,0.0406852690800649,0.0327115094040469,0.0164357104432746,0.0153437907661614,0.0105056162880831,0.5161739258950432,0.0,-0.3661456472900536,0.0,-0.5731964032564868,0.0,7.081306223921086,58.30928794247816,0.6680337634316779,0.0168608612238868,7.811337075950596,49.583929897792494,0.5405823504427032,0.0076056082908405,0.1548521777685129,-0.0732291294580107,-0.1031753525861676,924.4444444444443
1674,930.0,0.2257474326155579,0.101293731399379,0.0802521731020195,0.0396944088229132,0.0372104743299893,0.0252843154071478,0.0240137829127288,0.0178329232903746,0.0244976839812153,0.0181844551572027,0.2319325794351931,0.1080966379873329,0.086102622865336,0.0450993142926534,0.0362146655065205,0.0179344636678392,0.0162600970804021,0.0110447401517322,0.5161739258950432,0.0,-0.430258076461752,0.0,0.9642263425558072,0.0,7.081306223921086,58.30928794247816,0.6680337634316779,0.0168608612238868,7.811337075950596,49.583929897792494,0.6189369740976557,0.0076056082908405,0.1548521777685129,-0.0860516152923504,0.1735607416600453,930.0
1684,935.5555555555557,0.2277158890041413,0.1023661733709579,0.0807429686340625,0.0397016807096567,0.0374808779792624,0.0250797334709962,0.0242466181995042,0.0178507458530508,0.0243580436465073,0.0186615282729311,0.2929155701380727,0.1861621007619665,0.1668808405761773,0.1311589239823022,0.1235684022755616,0.1072253166122877,0.106233509488583,0.1018107686828597,0.7971269376399946,0.0,-0.430258076461752,0.0,0.3635028858038978,0.0,7.081306223921086,58.30928794247816,0.6680337634316779,0.0168608612238868,7.811337075950596,49.583929897792494,0.6189369740976557,0.0988912509913594,0.2391380812919983,-0.0860516152923504,0.0654305194447016,935.5555555555557
1694,941.1111111111112,0.2301913273620089,0.1051728224786693,0.0833081385249654,0.0413068847465933,0.0395181234782164,0.025440608844615,0.0248532668539037,0.0181760348730528,0.0247106458469528,0.0183812319133355,0.2896665850383116,0.1851022197038511,0.1660527892116408,0.1310190927897096,0.1233150037563589,0.1071870580493893,0.1061034826213767,0.1020030936695187,0.4450219596310125,0.0,0.290975973523753,0.0,0.3635028858038978,0.0,7.38131037084439,58.30928794247816,0.6680337634316779,0.0168608612238868,7.811337075950596,49.583929897792494,0.6189369740976557,0.0988912509913594,0.1335065878893037,0.0581951947047506,0.0654305194447016,941.1111111111112
1704,946.6666666666666,0.2296800235479122,0.1043285303491684,0.0825011858503816,0.0409140590376308,0.0393456248441357,0.0253823664839371,0.0247889812807596,0.0179133507551994,0.0243736752908022,0.0187077092471748,0.2905884323911077,0.1848767912002706,0.1663066404391004,0.1309097058106123,0.1232952669417223,0.1071643384753762,0.1061744663462449,0.1019136822227615,0.5405907803587178,0.0,0.290975973523753,0.0,0.4325091679343092,0.0,7.38131037084439,59.22701689472914,0.6680337634316779,0.0168608612238868,7.811337075950596,49.583929897792494,0.6189369740976557,0.0988912509913594,0.1621772341076153,0.0581951947047506,0.0778516502281756,946.6666666666666
1714,952.2222222222222,0.2071955982258061,0.094768965943473,0.074974057728473,0.03795643280546,0.036827264371319,0.0245110132057139,0.0239879717905957,0.017367701847855,0.0240413092793224,0.0189353729446045,0.290527958014391,0.185042312701965,0.1666439189255078,0.1312442764568409,0.122963419164111,0.1068772865976576,0.1057771332778287,0.101649726747546,0.5405907803587178,0.0,-0.5394025591597845,0.0,0.2625748416092778,0.0,7.38131037084439,59.22701689472914,0.5931680070122249,0.0168608612238868,7.811337075950596,49.583929897792494,0.6189369740976557,0.0988912509913594,0.1621772341076153,-0.1078805118319569,0.04726347148967,952.2222222222222
1724,957.7777777777776,0.2517892026057563,0.1599140910998695,0.1420327456061351,0.1114208376512411,0.1109482304017972,0.1003329271871262,0.1002984131905248,0.0947090021988755,0.1015027080575794,0.0958231245933073,0.2820018757996296,0.1810717246198381,0.1637410249276107,0.1298139216905041,0.1224201171563896,0.1066015504805217,0.1052877222545946,0.1017951090122167,-0.4812124615027133,0.0,-0.5394025591597845,0.0,0.6913676615170815,0.0,7.38131037084439,59.22701689472914,0.5931680070122249,0.094215128229736,7.811337075950596,49.583929897792494,0.6189369740976557,0.0988912509913594,-0.144363738450814,-0.1078805118319569,0.1244461790730746,957.7777777777776
1734,963.3333333333331,0.2499377151902663,0.1600354499514121,0.1414157950701401,0.1114149359991081,0.110254360198255,0.0998900450677595,0.1002135755902002,0.0947509039868031,0.101764158298468,0.0957220455444823,0.2830315827535603,0.1815649581589301,0.1641388753552327,0.1303153194740728,0.1223414323144322,0.1067946251922408,0.1051960521780579,0.1017541540420586,-0.4812124615027133,0.0,0.4203075458551492,0.0,0.6913676615170815,0.0,7.38131037084439,59.22701689472914,0.5931680070122249,0.094215128229736,7.90567855169914,49.583929897792494,0.6189369740976557,0.0988912509913594,-0.144363738450814,0.0840615091710298,0.1244461790730746,963.3333333333331
1744,968.8888888888888,0.2598455300852103,0.1635623910059989,0.1446560853017168,0.1122401083809763,0.1105910981203961,0.0996938847773314,0.1003048638166496,0.0951154099550969,0.1016916963862556,0.095907017019181,0.301599256345048,0.1970699163512589,0.1740087897591244,0.1368991021035431,0.1264455062083438,0.1093553646444943,0.1066801165265615,0.1023317650289018,0.822006085012131,0.0,0.3308470271844471,0.0,-0.4536048541823031,0.0,7.38131037084439,59.22701689472914,0.5931680070122249,0.094215128229736,7.90567855169914,43.67778793019382,0.6189369740976557,0.0988912509913594,0.2466018255036393,0.0661694054368894,-0.0816488737528145,968.8888888888888
1754,974.4444444444443,0.2604697874553957,0.1639712657991681,0.1455205714768082,0.1124623601560221,0.1108305088590651,0.1000934649543811,0.1003341080534951,0.0951869964436873,0.1014174101400352,0.0956008539605133,0.2625528975175471,0.1791324121148329,0.1604580353041327,0.1309692111960503,0.1216257297986559,0.1073155374861519,0.1047295861135948,0.1015174536935664,0.822006085012131,0.0,0.3308470271844471,0.0,-0.4536048541823031,0.0,7.38131037084439,59.22701689472914,0.5931680070122249,0.094215128229736,7.90567855169914,43.67778793019382,0.5123730836312749,0.0988912509913594,0.2466018255036393,0.0661694054368894,-0.0816488737528145,974.4444444444443
1764,980.0,0.2573487909553851,0.1628091650598109,0.1443373331084968,0.1116812055138435,0.1107111083037172,0.0998964243578258,0.100243976189655,0.0950148961125166,0.1013724400995919,0.0958308444370185,0.2356444011713031,0.1468972393936813,0.1269200081594325,0.0951786773002218,0.0856631963726419,0.07075417969305,0.0679791526469639,0.0642571573937472,0.4554433099878182,0.0,0.3308470271844471,0.0,-0.5566431388685937,0.0,7.38131037084439,59.22701689472914,0.5931680070122249,0.094215128229736,7.90567855169914,43.67778793019382,0.5123730836312749,0.0617275235246962,0.1366329929963454,0.0661694054368894,-0.1001957649963468,980.0
1774,985.5555555555557,0.281155056492714,0.1751942155347213,0.160978205557717,0.1192613546516646,0.1187362170383264,0.1029951781464897,0.1038947288558972,0.0964945510919601,0.1030358080446056,0.0959829934913323,0.2356231240059735,0.1474872317885037,0.1271587035392432,0.0952759844712977,0.0856560495427176,0.0709486410788533,0.0682879189374099,0.0640661105494525,0.4554433099878182,0.0,0.5457767161799187,0.0,-0.6483354263639474,0.0,8.844896283003099,59.22701689472914,0.5931680070122249,0.094215128229736,7.90567855169914,43.67778793019382,0.5123730836312749,0.0617275235246962,0.1366329929963454,0.1091553432359837,-0.1167003767455105,985.5555555555557
1784,991.1111111111112,0.2734836716467866,0.1757270932129368,0.1600114495148656,0.1198597440510661,0.1191564562947476,0.1038593075062105,0.1048045229486255,0.0965601788513705,0.1029598468918512,0.0959953749501578,0.225371263796016,0.1440124789962543,0.1246181271784195,0.0943130895714456,0.0854525776473954,0.0713193150285462,0.0682198970206643,0.0638894725740426,-0.958739932497266,0.0,0.5457767161799187,0.0,-0.6483354263639474,0.0,8.844896283003099,56.30443576583544,0.5931680070122249,0.094215128229736,7.90567855169914,43.67778793019382,0.5123730836312749,0.0617275235246962,-0.2876219797491798,0.1091553432359837,-0.1167003767455105,991.1111111111112
1794,996.6666666666666,0.2905883916145191,0.1823771849484826,0.1656004459692,0.1217551755218338,0.1206599031960729,0.1044103093039511,0.1051209946600463,0.0968092731824931,0.1030716582070975,0.0958766199031931,0.2226157157973615,0.1416762145870712,0.1221595224091208,0.0928324995070534,0.0839957106646765,0.0707979701286109,0.0682352523452997,0.0636177866728378,-0.958739932497266,0.0,0.6800772362002445,0.0,-0.3215677265304079,0.0,8.844896283003099,56.30443576583544,0.645997849800413,0.094215128229736,7.90567855169914,43.67778793019382,0.5123730836312749,0.0617275235246962,-0.2876219797491798,0.1360154472400489,-0.0578821907754734,996.6666666666666
1804,1002.2222222222222,0.253247226786165,0.1217608168946453,0.1029578243914354,0.0506631380631386,0.0491517369767707,0.0297148516333057,0.0298244827311038,0.0200787314326734,0.0263713936934308,0.0187189644911443,0.2340820391193446,0.1470908868425808,0.1268596373214625,0.0945189954414868,0.0854175602987854,0.0714141195192456,0.0684794959045826,0.0638296136065518,0.3265067339255649,0.0,0.7386142817959525,0.0,-0.3215677265304079,0.0,8.844896283003099,56.30443576583544,0.645997849800413,0.0169807428787834,7.90567855169914,43.67778793019382,0.5123730836312749,0.0617275235246962,0.0979520201776694,0.1477228563591905,-0.0578821907754734,1002.2222222222222
1814,1007.7777777777776,0.2530213017891592,0.1218708778372743,0.1026363759281262,0.0510912747174822,0.0494059392088853,0.0298154523578455,0.0298449527542087,0.0203085466147098,0.0267190883515874,0.0186301221511408,0.2474532530436518,0.1556484047369036,0.1370509573360506,0.0998036758178966,0.0911031216858301,0.0743251175199086,0.0706924428781557,0.0651444463730587,0.3265067339255649,0.0,0.7386142817959525,0.0,-0.6571353720697067,0.0,8.844896283003099,56.30443576583544,0.645997849800413,0.0169807428787834,8.740064584593137,43.67778793019382,0.5123730836312749,0.0617275235246962,0.0979520201776694,0.1477228563591905,-0.1182843669725472,1007.7777777777776
1824,1013.3333333333331,0.2557783594935642,0.1223545326722299,0.1037215470521018,0.0515944862598729,0.0500323058881558,0.0299410925917851,0.0297515278290649,0.0204740628781092,0.0267552043999611,0.0185073119857399,0.2341348001711003,0.1366556457124693,0.1261951954851257,0.0901146809247793,0.0849860889374824,0.0702317692509905,0.0681675371007491,0.0641924739270037,0.4706068303963921,0.0,0.3676085438142569,0.0,0.64303477384203,0.0,8.844896283003099,56.30443576583544,0.645997849800413,0.0169807428787834,8.740064584593137,56.04073155994568,0.5123730836312749,0.0617275235246962,0.1411820491189176,0.0735217087628513,0.1157462592915654,1013.3333333333331
1834,1018.8888888888888,0.254427734364227,0.122308134709293,0.103190333660582,0.051810675826387,0.0496311360428064,0.0300919737109844,0.0294549572743664,0.0204048127499862,0.0267698782536227,0.0185845273866828,0.2944327488537537,0.1614569605600587,0.1484609344352752,0.0992777672025652,0.0929239487872526,0.0732711746796133,0.0707251911708068,0.0648909390135568,0.4520932462433308,0.0,0.8898040189943215,0.0,0.64303477384203,0.0,8.844896283003099,56.30443576583544,0.645997849800413,0.0169807428787834,8.740064584593137,56.04073155994568,0.6755382733299067,0.0617275235246962,0.1356279738729992,0.1779608037988643,0.1157462592915654,1018.8888888888888
1844,1024.4444444444443,0.250809487974779,0.1193581329181453,0.1012216269658055,0.0509999898645605,0.0491501251113487,0.0300568311165222,0.0296693706110749,0.020695801109918,0.0265541214803395,0.0187732923267887,0.2977072568575288,0.1726398642004175,0.1606666155138936,0.1140079445195857,0.1078986186650829,0.0897086724860225,0.0870556449081166,0.0813835252860538,-0.3408223747413939,0.0,-0.4520280064379697,0.0,0.2622729265201063,0.0,8.844896283003099,56.30443576583544,0.645997849800413,0.0169807428787834,8.740064584593137,56.04073155994568,0.6755382733299067,0.0784956229462765,-0.1022467124224181,-0.0904056012875939,0.0472091267736191,1024.4444444444443
1854,1030.0,0.261078886809678,0.1247469996667114,0.1086738091600224,0.0542964888925905,0.0532676213873025,0.0319804826567134,0.0314550179245392,0.0213058380739018,0.0276377148128814,0.0189438265653675,0.2977998291785026,0.1725065229592567,0.161186585080704,0.1143685927139619,0.1082811447955999,0.0894751737027735,0.0874474346040096,0.0815078981620151,-0.3408223747413939,0.0,-0.9168253930217202,0.0,-0.5816375612906285,0.0,9.330033392322344,56.30443576583544,0.645997849800413,0.0169807428787834,8.740064584593137,56.04073155994568,0.6755382733299067,0.0784956229462765,-0.1022467124224181,-0.183365078604344,-0.1046947610323131,1030.0
1864,1035.5555555555554,0.2975642673119071,0.1687355294671297,0.1347696819332847,0.0769009724322888,0.0684246909302492,0.0427774981332146,0.0388328874232325,0.0258855882805528,0.0304955052056937,0.0203557191933124,0.3081856579798963,0.1768509644296984,0.1648205986211526,0.1164862385397623,0.109690714271267,0.090114781645296,0.088034056114598,0.0813858586274631,0.8270676873717855,0.0,0.4176394116577726,0.0,0.7342750534790898,0.0,9.330033392322344,40.93304475907775,0.645997849800413,0.0169807428787834,8.740064584593137,56.04073155994568,0.6755382733299067,0.0784956229462765,0.2481203062115356,0.0835278823315545,0.1321695096262361,1035.5555555555554
1874,1041.111111111111,0.236184942403628,0.1369234638282221,0.1085861953189469,0.063206787133448,0.0569199780242687,0.0372737867084748,0.0341213682708115,0.023958229115797,0.0289800542006132,0.0200265025493921,0.3072414023510654,0.1766696426114135,0.1643615786705925,0.1161864695867087,0.1095233681714311,0.0902287283633998,0.0878378961235103,0.0808354993253351,0.7652776457821647,0.0,0.4176394116577726,0.0,0.7342750534790898,0.0,9.330033392322344,40.93304475907775,0.5060577667863204,0.0169807428787834,8.740064584593137,56.04073155994568,0.6755382733299067,0.0784956229462765,0.2295832937346494,0.0835278823315545,0.1321695096262361,1041.111111111111
1884,1046.6666666666663,0.2271979392908699,0.1261460609567696,0.0968602515738766,0.0503320223284848,0.0437369757428728,0.0235336709926085,0.020727761928083,0.0105342619128721,0.0153684127879282,0.0061595943935658,0.3069129559097426,0.1761672237608582,0.1649417482340515,0.1164054240036714,0.1096948345489111,0.089990566783392,0.0877840400408204,0.0806796621837135,0.7652776457821647,0.0,0.909613809579236,0.0,-0.3423199062198002,0.0,9.330033392322344,40.93304475907775,0.5060577667863204,0.003032336003422,8.740064584593137,56.04073155994568,0.6755382733299067,0.0784956229462765,0.2295832937346494,0.1819227619158472,-0.061617583119564,1046.6666666666663
1894,1052.2222222222222,0.2302032924331856,0.1258003682565028,0.0978113205615036,0.0507359416997045,0.0442654841695161,0.0234739379638513,0.0210788802715205,0.0104232210852404,0.0152436657503969,0.0059213737934159,0.2666085260003369,0.1557814499954207,0.1383759833830833,0.104724196848521,0.0965365295188363,0.0848769406132608,0.08250464857405,0.0794020264976265,0.7652776457821647,0.0,-0.7549504582873175,0.0,-0.3423199062198002,0.0,9.330033392322344,40.93304475907775,0.5060577667863204,0.003032336003422,6.7583060338573695,56.04073155994568,0.6755382733299067,0.0784956229462765,0.2295832937346494,-0.1509900916574635,-0.061617583119564,1052.2222222222222
1904,1057.7777777777778,0.2274611452244873,0.1247844528794589,0.0972960145440314,0.0506264117344541,0.0437407916533754,0.0231626705425317,0.0210198967523556,0.0103026990001078,0.0153243852807008,0.0058483501256262,0.2787958693952371,0.172110109366143,0.146460009432846,0.1117885014919868,0.1006117559581306,0.0870085335972441,0.0841270451258576,0.0799127232318728,0.5082061339773951,0.0,-0.7549504582873175,0.0,-0.8168632888598445,0.0,9.330033392322344,40.93304475907775,0.5060577667863204,0.003032336003422,6.7583060338573695,44.97139546417966,0.6755382733299067,0.0784956229462765,0.1524618401932185,-0.1509900916574635,-0.147035391994772,1057.7777777777778
1914,1063.3333333333333,0.2154440605249323,0.1188885029420052,0.0918281663700416,0.0483101812585239,0.0415398593768077,0.0221903085054485,0.0202380953487417,0.0096628306423388,0.0153830076310571,0.0056055414874106,0.2249655504360642,0.1474621468462539,0.1290162073070838,0.1040656191367862,0.0946416267680952,0.0843169846886161,0.0825738469008926,0.0795640415122351,-0.5917654571459874,0.0,-0.6421981428411069,0.0,-0.3112301024199654,0.0,9.330033392322344,40.93304475907775,0.5060577667863204,0.003032336003422,6.7583060338573695,44.97139546417966,0.5375006668711932,0.0784956229462765,-0.1775296371437962,-0.1284396285682214,-0.0560214184355937,1063.3333333333333
1924,1068.888888888889,0.2155745949530139,0.1187583090826979,0.0914399279767152,0.0484922260979884,0.0412269475203785,0.0221246836388939,0.0201089403760073,0.0101864021687532,0.0150968009939341,0.0055164277053624,0.2292075348134613,0.1531107546859771,0.1350823506469714,0.1102841254786656,0.1006181901884235,0.0905821062515496,0.0894495607291481,0.0860125377741758,-0.5917654571459874,0.0,-0.6421981428411069,0.0,-0.3112301024199654,0.0,9.330033392322344,40.93304475907775,0.5060577667863204,0.003032336003422,6.7583060338573695,44.97139546417966,0.5375006668711932,0.0850583727578093,-0.1775296371437962,-0.1284396285682214,-0.0560214184355937,1068.888888888889
1934,1074.4444444444443,0.1739952351943538,0.0902641619991843,0.05634275644159,0.0287884694971211,0.0206800338297925,0.0111013927828868,0.0096878204516697,0.0056177764730235,0.0106647257009048,0.0039804238228766,0.2380646159317894,0.1566140512538298,0.1371823406000461,0.1115994203409695,0.1011709155927228,0.0909740925908069,0.0893687040284411,0.0860482852945326,0.4677428732305644,0.0,-0.7035036442101417,0.0,0.580318438151873,0.0,6.524754691305746,40.93304475907775,0.5060577667863204,0.003032336003422,6.7583060338573695,44.97139546417966,0.5375006668711932,0.0850583727578093,0.1403228619691693,-0.1407007288420283,0.1044573188673371,1074.4444444444443
1944,1080.0,0.1546728553461512,0.0704729748065691,0.0458399325528234,0.0208643408399143,0.0160961376645882,0.0082018895931024,0.0078210932993586,0.0045242997459997,0.0101389188444102,0.003590115679078,0.230983636083638,0.1533997861282964,0.1352484473073081,0.1106865803014434,0.1007806651881084,0.0908162193441358,0.0893224945555052,0.0864248876965324,-0.3928278898404549,0.0,-0.7035036442101417,0.0,0.580318438151873,0.0,6.524754691305746,51.80775735669704,0.5060577667863204,0.003032336003422,6.7583060338573695,44.97139546417966,0.5375006668711932,0.0850583727578093,-0.1178483669521364,-0.1407007288420283,0.1044573188673371,1080.0
1954,1085.5555555555554,0.171230429821761,0.0767994137860366,0.0507439579060729,0.0228926934596302,0.0175714361799267,0.008643979249568,0.0086237271888226,0.0043677688380753,0.0107940393233717,0.0035545711576602,0.2396386504468612,0.157397573997135,0.1376640183656596,0.1118486018968632,0.1017658554105669,0.0912041804310165,0.0899322596576938,0.0868593302925945,0.7714030695083934,0.0,-0.6029805047511634,0.0,0.9163375369212584,0.0,6.524754691305746,51.80775735669704,0.5332022306094434,0.003032336003422,6.7583060338573695,44.97139546417966,0.5375006668711932,0.0850583727578093,0.231420920852518,-0.1205961009502326,0.1649407566458265,1085.5555555555554
1964,1091.111111111111,0.2395420293200727,0.1631170934751257,0.1398185254053853,0.1178441727865447,0.1135716276637217,0.1059073076089688,0.1062773515636981,0.1025199472234314,0.1093664418593889,0.1018697748322369,0.2393923569087601,0.1577516385513121,0.1382971789923739,0.1122767738155634,0.1020430793502373,0.0915543233384941,0.089916046748271,0.0868373930807781,0.7714030695083934,0.0,-0.6029805047511634,0.0,-0.8440860543904941,0.0,6.524754691305746,51.80775735669704,0.5332022306094434,0.1016810562850964,6.7583060338573695,44.97139546417966,0.5375006668711932,0.0850583727578093,0.231420920852518,-0.1205961009502326,-0.1519354897902889,1091.111111111111
1974,1096.6666666666663,0.2370546289501936,0.1626382867359954,0.1392424251736483,0.1177640870220451,0.1134352213324934,0.1057915964917477,0.1062441440001459,0.102364971084052,0.1094416577298478,0.1019080547833636,0.2258070204273706,0.1502433960188,0.129946924165571,0.1082910145649128,0.0982391999371342,0.0898537338501606,0.0885553180722575,0.0863410024220255,0.6570685924203689,0.0,0.259284492930726,0.0,-0.8440860543904941,0.0,6.524754691305746,51.80775735669704,0.5332022306094434,0.1016810562850964,6.0632260633316735,44.97139546417966,0.5375006668711932,0.0850583727578093,0.1971205777261106,0.0518568985861452,-0.1519354897902889,1096.6666666666663
1984,1102.2222222222222,0.2342838205565153,0.1611033756063946,0.1384836271261674,0.1173824337546234,0.1130400603137944,0.1055972778110501,0.1064824687358634,0.1024313940098074,0.1093446925640854,0.1017949798038524,0.2214116990480073,0.1468081109298902,0.1276610443297828,0.1077082496052533,0.0972942630066446,0.0893953736141598,0.0885658224797649,0.0860945359328437,0.261056984527325,0.0,0.3412789617239836,0.0,0.9791759040202118,0.0,6.524754691305746,51.80775735669704,0.5332022306094434,0.1016810562850964,6.0632260633316735,46.2114039410639,0.5375006668711932,0.0850583727578093,0.0783170953581975,0.0682557923447967,0.1762516627236381,1102.2222222222222
1994,1107.7777777777778,0.2340143332693639,0.161258969537749,0.1384613435411677,0.1174483489655723,0.1130806767543163,0.105962992609128,0.1066272641895327,0.1021128899283895,0.1094979822812069,0.1016351892699666,0.2659614188432371,0.1664346101833993,0.140715747107657,0.1138036163461012,0.1012888237537703,0.0907652287301768,0.0894912271436742,0.0866078503344468,0.261056984527325,0.0,0.5114713805800786,0.0,0.9791759040202118,0.0,6.524754691305746,51.80775735669704,0.5332022306094434,0.1016810562850964,6.0632260633316735,46.2114039410639,0.6876682573729227,0.0850583727578093,0.0783170953581975,0.1022942761160157,0.1762516627236381,1107.7777777777778
2004,1113.3333333333333,0.2284436227958875,0.1581519599193638,0.136867316880093,0.1168367954823357,0.112884144515739,0.105583938544931,0.1067268304263115,0.1023211380081565,0.1091681886893893,0.101275587052111,0.2558286954143343,0.1594472509919926,0.1351171244843287,0.1088046249982919,0.0967307275703349,0.0861191432535553,0.0852158482281403,0.0824818467294746,-0.770561348169382,0.0,-0.8285339097980928,0.0,-0.4891651748745282,0.0,6.524754691305746,51.80775735669704,0.5332022306094434,0.1016810562850964,6.0632260633316735,46.2114039410639,0.6876682573729227,0.0807594569815867,-0.2311684044508146,-0.1657067819596185,-0.088049731477415,1113.3333333333333
2014,1118.888888888889,0.2607320215035531,0.177659967246391,0.1603346664017207,0.128597963795712,0.1246443255889313,0.1110177365430934,0.1121109148197932,0.1048267886097524,0.1114171651093403,0.1020145488350836,0.2560487960470607,0.159519858003755,0.1349582109502954,0.1086787551970751,0.0963047870987491,0.0859214968869226,0.0848206434770988,0.0822757403990401,-0.770561348169382,0.0,0.7032030559285496,0.0,-0.4891651748745282,0.0,8.997079688789603,51.80775735669704,0.5332022306094434,0.1016810562850964,6.0632260633316735,46.2114039410639,0.6876682573729227,0.0807594569815867,-0.2311684044508146,0.1406406111857099,-0.088049731477415,1118.888888888889
2024,1124.4444444444443,0.274082555815444,0.1822518762511036,0.165143157585261,0.1301127071182537,0.1262468979958816,0.1116537581356572,0.1124454915968595,0.1053946990478581,0.1114843293203835,0.1021284305160669,0.2674346985834971,0.1645304337518994,0.1386167958546441,0.110266563892338,0.0969904618080424,0.0864185447687042,0.084878134267851,0.0819629633298915,0.8211392500299868,0.0,0.7032030559285496,0.0,-0.588988427630955,0.0,8.997079688789603,53.16052163223452,0.5332022306094434,0.1016810562850964,6.0632260633316735,46.2114039410639,0.6876682573729227,0.0807594569815867,0.246341775008996,0.1406406111857099,-0.1060179169735719,1124.4444444444443
2034,1130.0,0.2957582440109997,0.1904915043919252,0.1735845514632766,0.1336069725265613,0.1293338192154677,0.1128165475400672,0.1140522667677926,0.1055609022056019,0.112069209056092,0.1023941293638307,0.255999400822064,0.159172578209002,0.1347282414538304,0.1091164475986366,0.0955227335833267,0.0855288423263772,0.0843646864003049,0.0815339401132353,-0.8087013255980249,0.0,-0.6024181746056447,0.0,0.4902908783309603,0.0,8.997079688789603,53.16052163223452,0.6221501571227053,0.1016810562850964,6.0632260633316735,46.2114039410639,0.6876682573729227,0.0807594569815867,-0.2426103976794074,-0.1204836349211289,0.0882523580995728,1130.0
2044,1135.5555555555554,0.2529025057174573,0.1316787931709826,0.1119424282675257,0.0653060878299871,0.0603729915042,0.0421328790693432,0.0430978654935754,0.0333849919931631,0.0398790126597279,0.0296637232881116,0.2590450872153526,0.160588316641395,0.1354745013321281,0.1091915534516978,0.0957863512183008,0.0852605229039181,0.084353231515631,0.0812415628379158,-0.3323186811834611,0.0,0.4105371751356559,0.0,0.4902908783309603,0.0,8.997079688789603,53.16052163223452,0.6221501571227053,0.0286879020127346,6.0632260633316735,46.2114039410639,0.6876682573729227,0.0807594569815867,-0.0996956043550383,0.0821074350271311,0.0882523580995728,1135.5555555555554
2054,1141.111111111111,0.25435229891673,0.1316719630676815,0.1129915723037255,0.06575903284286,0.0606185596220635,0.0422334126010843,0.0434775762293673,0.0334383104412747,0.0401109737484568,0.0293526007237534,0.2959991799986178,0.1811271612812227,0.1602893733629803,0.1212091812308132,0.1074820941940097,0.0898955075010943,0.0891063483356058,0.0827935881491438,-0.3323186811834611,0.0,-0.3037383516347395,0.0,-0.5607802024762127,0.0,8.997079688789603,53.16052163223452,0.6221501571227053,0.0286879020127346,7.723184244773418,46.2114039410639,0.6876682573729227,0.0807594569815867,-0.0996956043550383,-0.0607476703269479,-0.1009404364457182,1141.111111111111
2064,1146.6666666666663,0.2546929435899294,0.1315404997769487,0.1131310933490485,0.065536177663187,0.0607278544723876,0.0421529651506398,0.0437558456671603,0.0336366025784495,0.0401001475704459,0.0295720950758506,0.3058110051855665,0.194213402427161,0.167100990677141,0.1277084110250468,0.111603299764633,0.093042920483817,0.0904442589250492,0.0836403075762074,-0.3323186811834611,0.0,-0.3037383516347395,0.0,-0.5607802024762127,0.0,8.997079688789603,53.16052163223452,0.6221501571227053,0.0286879020127346,7.723184244773418,40.79372836918,0.6876682573729227,0.0807594569815867,-0.0996956043550383,-0.0607476703269479,-0.1009404364457182,1146.6666666666663
2074,1152.2222222222222,0.2536478248264116,0.130793798882394,0.1126083721123888,0.0656791610738762,0.0601623441430975,0.0420822045831983,0.0434406135321873,0.0339656046052681,0.0400612369051585,0.0295499086981316,0.2935197887739138,0.1881807961931088,0.1618017763944088,0.1250251730159615,0.1092957594086706,0.0918884948383188,0.0892111949127274,0.0834368801858904,-0.544410703774579,0.0,-0.6467986956314364,0.0,0.2530697896155657,0.0,8.997079688789603,53.16052163223452,0.6221501571227053,0.0286879020127346,7.723184244773418,40.79372836918,0.6603328810183746,0.0807594569815867,-0.1633232111323737,-0.1293597391262873,0.0455525621308018,1152.2222222222222
2084,1157.7777777777776,0.2558221302676522,0.1317631213973986,0.1135618981517163,0.0661544415779807,0.0602088320518488,0.0425013389645212,0.0432174404230463,0.0341372647630813,0.0402979401861776,0.0296732023708326,0.3349348360787567,0.2409459350086275,0.217616125590192,0.1845365824004728,0.1699749406848083,0.1534852831400027,0.1512217139448823,0.146555129201802,-0.2924990731001843,0.0,-0.6467986956314364,0.0,-0.691176102402777,0.0,8.997079688789603,53.16052163223452,0.6221501571227053,0.0286879020127346,7.723184244773418,40.79372836918,0.6603328810183746,0.1440106375539264,-0.0877497219300553,-0.1293597391262873,-0.1244116984324998,1157.7777777777776
2094,1163.3333333333333,0.25840199786156,0.1329352337839999,0.1158163205801309,0.0670040201762425,0.0611012189735791,0.0433497869710588,0.0433462350714214,0.034301907044493,0.0404131325073485,0.029739222778169,0.3351064150708111,0.2408420801978414,0.2177259231767455,0.1846713166170191,0.1704257980083688,0.1534484344571416,0.1511494897636368,0.14648795650381,-0.2924990731001843,0.0,-0.6467986956314364,0.0,-0.8059669266434745,0.0,9.132829028293903,53.16052163223452,0.6221501571227053,0.0286879020127346,7.723184244773418,40.79372836918,0.6603328810183746,0.1440106375539264,-0.0877497219300553,-0.1293597391262873,-0.1450740467958254,1163.3333333333333
2104,1168.888888888889,0.2754744638588556,0.160821286252732,0.1311630937106579,0.0824854048327445,0.0711857967407678,0.0508720821079744,0.0483241401861399,0.0377585384115654,0.0420225606703485,0.0302749067118618,0.3337114429500908,0.2403529734588325,0.2169149009497606,0.184596856375261,0.1698073951000968,0.1531141034515761,0.1506008664476181,0.1467068601076426,-0.4518294033398465,0.0,0.7883922936760163,0.0,0.6548549194424796,0.0,9.132829028293903,41.014192919321225,0.6221501571227053,0.0286879020127346,7.723184244773418,40.79372836918,0.6603328810183746,0.1440106375539264,-0.1355488210019539,0.1576784587352032,0.1178738854996463,1168.888888888889
2114,1174.4444444444443,0.261850192687202,0.1543743576812412,0.1254419301742571,0.079655792273787,0.0683410343978169,0.049913716286977,0.0473836077234617,0.0370898304896337,0.0418295989833915,0.0302379010116984,0.3421191145223318,0.2444016095989418,0.2205618270593978,0.1859670309751905,0.1711212378345798,0.1539479926250772,0.1509970469831515,0.1465275561360078,0.4916526202747144,0.0,0.7599667398715954,0.0,0.3100290156758461,0.0,9.132829028293903,41.014192919321225,0.5677320166760437,0.0286879020127346,7.723184244773418,40.79372836918,0.6603328810183746,0.1440106375539264,0.1474957860824143,0.151993347974319,0.0558052228216523,1174.4444444444443
2124,1180.0,0.2720624123673662,0.1684995857108713,0.1402728813850335,0.0967792374010798,0.0853922247970008,0.0678330464419988,0.065570520435162,0.0552574990476073,0.0606796978074318,0.0489875954060363,0.3412248073464978,0.2441068801607341,0.2207950378684081,0.1861081454315257,0.170935695540937,0.1538457460686571,0.1507594710891694,0.1465510705602761,0.3889276227356582,0.0,0.7599667398715954,0.0,0.3100290156758461,0.0,9.132829028293903,41.014192919321225,0.5677320166760437,0.0477004796793423,7.723184244773418,40.79372836918,0.6603328810183746,0.1440106375539264,0.1166782868206974,0.151993347974319,0.0558052228216523,1180.0
2134,1185.5555555555554,0.2632999379637725,0.1627218004029088,0.1367457966217659,0.0947940720743851,0.0838519513006632,0.0674025072794144,0.0649153668377964,0.0549615573390891,0.0604088717038681,0.0490990257120817,0.3048883137291062,0.2230642474350394,0.1986593820126555,0.1746789590824248,0.1610387046665414,0.1491387097400686,0.1467098310101847,0.1452746253761242,-0.7085637400103927,0.0,-0.441312224093434,0.0,-0.6436065732666267,0.0,9.132829028293903,41.014192919321225,0.5677320166760437,0.0477004796793423,6.33815097516861,40.79372836918,0.6603328810183746,0.1440106375539264,-0.2125691220031177,-0.0882624448186868,-0.1158491831879928,1185.5555555555554
2144,1191.111111111111,0.2751537087600439,0.1688992898450146,0.1412789048905289,0.0971491765121577,0.0856371553611358,0.0682132306251275,0.0656563364305241,0.0552097068177759,0.0605545789602457,0.0492228440218755,0.3003388763271035,0.2093772333037744,0.1927146892707421,0.1684065783776769,0.1577692229175319,0.1468826378592789,0.1454112394611462,0.1445650270426367,0.5719565132246944,0.0,-0.3507231058999274,0.0,-0.6436065732666267,0.0,9.132829028293903,41.014192919321225,0.5677320166760437,0.0477004796793423,6.33815097516861,52.53223638656242,0.6603328810183746,0.1440106375539264,0.1715869539674083,-0.0701446211799854,-0.1158491831879928,1191.111111111111
2154,1196.6666666666663,0.2616330341074082,0.1628359167884388,0.1365291267013647,0.0948100928062182,0.0841187919600194,0.0674878064044403,0.065362171666209,0.0544841381491279,0.060284449188793,0.0490593945670209,0.2904138204677472,0.2055820959862677,0.189964250980948,0.1674007477226378,0.1572162350641009,0.1466703101250521,0.1451037424115322,0.144526215199628,-0.8354118421390698,0.0,-0.3507231058999274,0.0,-0.4265417457497197,0.0,9.132829028293903,41.014192919321225,0.5677320166760437,0.0477004796793423,6.33815097516861,52.53223638656242,0.6594916350732667,0.1440106375539264,-0.2506235526417209,-0.0701446211799854,-0.0767775142349495,1196.6666666666663
2164,1202.2222222222222,0.2596623696135161,0.1628199533354314,0.1353160504845153,0.0936103450806953,0.0830835568891199,0.066758576806901,0.0646898544324398,0.0542151236442434,0.0599135203541878,0.048732148400563,0.221884131496555,0.1200312663322765,0.1012509100781368,0.0734537130358504,0.0626342112288103,0.0504204895656187,0.0488584549721648,0.0477884168255105,-0.8354118421390698,0.0,0.324284012136563,0.0,-0.2844975839843275,0.0,9.132829028293903,41.014192919321225,0.5677320166760437,0.0477004796793423,6.33815097516861,52.53223638656242,0.6594916350732667,0.0470582208003365,-0.2506235526417209,0.0648568024273126,-0.0512095651171789,1202.2222222222222
2174,1207.7777777777776,0.2632919384680189,0.1645235760580317,0.1365444191669597,0.0945536650196688,0.0841822065082798,0.0671130847955945,0.0645491147361385,0.0541261220616428,0.0596135883567634,0.0486973898944955,0.2239501841168061,0.1208830553477405,0.1021777302921255,0.0736165349430415,0.062582848539171,0.0504292782184673,0.0492508532524888,0.0477012004123327,-0.491471768588132,0.0,0.324284012136563,0.0,-0.7522181408636065,0.0,9.16098955173995,41.014192919321225,0.5677320166760437,0.0477004796793423,6.33815097516861,52.53223638656242,0.6594916350732667,0.0470582208003365,-0.1474415305764396,0.0648568024273126,-0.1353992653554491,1207.7777777777776
2184,1213.3333333333333,0.2448806440594642,0.1350574357871273,0.1203979155062056,0.0794411453777192,0.0743785038375183,0.0595928425953474,0.0599874688970513,0.0509735160704555,0.0579751307077648,0.047824154147333,0.2245782667451234,0.1212197770034196,0.102397304540442,0.0735762339009997,0.0624568705221598,0.0508888321894147,0.0488377604262394,0.0474772913541503,-0.4696904882455263,0.0,-0.963045153158892,0.0,0.93158961374786,0.0,9.16098955173995,55.9425382569226,0.5677320166760437,0.0477004796793423,6.33815097516861,52.53223638656242,0.6594916350732667,0.0470582208003365,-0.1409071464736578,-0.1926090306317784,0.1676861304746147,1213.3333333333333
2194,1218.888888888889,0.2274663608405116,0.1275381308723238,0.1132256462574307,0.0767874358949647,0.071920262610382,0.0588783609123419,0.05881311925856,0.0503532063658432,0.0573411472066768,0.0476962182336297,0.2232981130605299,0.1208800658393529,0.1014373227787088,0.073175918214733,0.0621305466912355,0.0505151064649825,0.0489601657996084,0.0476881135014018,-0.621696589829595,0.0,-0.963045153158892,0.0,0.93158961374786,0.0,9.16098955173995,55.9425382569226,0.525827588294865,0.0477004796793423,6.33815097516861,52.53223638656242,0.6594916350732667,0.0470582208003365,-0.1865089769488784,-0.1926090306317784,0.1676861304746147,1218.888888888889
2204,1224.4444444444443,0.2677001665307941,0.1840619779666505,0.169939206198269,0.1395132338734366,0.1354538451379927,0.1245029040251772,0.1244386870357867,0.1170733301208613,0.1246444308283549,0.1148641234085826,0.2233156126683461,0.1209467908800055,0.1019802015827052,0.0733180522777888,0.0618925833511619,0.050578125713766,0.0491249348876073,0.0475971452761013,-0.621696589829595,0.0,-0.7836521633371258,0.0,0.93158961374786,0.0,9.16098955173995,55.9425382569226,0.525827588294865,0.1150288735107232,6.33815097516861,52.53223638656242,0.6594916350732667,0.0470582208003365,-0.1865089769488784,-0.1567304326674251,0.1676861304746147,1224.4444444444443
2214,1230.0,0.2676389690472001,0.1843778298290692,0.1698024131672654,0.1393587038935714,0.1352615787606292,0.1241687888711175,0.1242201515490028,0.1169621531444329,0.1245984610249761,0.1150451687202949,0.2707711946863147,0.1457597930753071,0.1335903841260946,0.0875222569510802,0.0772660601946722,0.0569564895453073,0.0553217554300962,0.049652718653752,-0.621696589829595,0.0,-0.7836521633371258,0.0,0.5230534982662437,0.0,9.16098955173995,55.9425382569226,0.525827588294865,0.1150288735107232,8.647862159705754,52.53223638656242,0.6594916350732667,0.0470582208003365,-0.1865089769488784,-0.1567304326674251,0.0941496296879238,1230.0
2224,1235.5555555555554,0.2678279508601771,0.1843406673595636,0.1701701693644375,0.1396870196988133,0.1352147706659214,0.1244988947958454,0.1242447242920587,0.1172574394524329,0.1246072572418965,0.1149174375002002,0.2848015444541051,0.1642296149846252,0.1444882177820154,0.0968438760820757,0.0833609912947814,0.0607004804874228,0.0578482822663612,0.0508578426270023,-0.5842054903192536,0.0,-0.7836521633371258,0.0,-0.4774063190202303,0.0,9.16098955173995,55.9425382569226,0.525827588294865,0.1150288735107232,8.647862159705754,43.94565139663493,0.6594916350732667,0.0470582208003365,-0.175261647095776,-0.1567304326674251,-0.0859331374236414,1235.5555555555554
2234,1241.111111111111,0.2676716744341929,0.1842985566955589,0.1702786736745255,0.1398538668271138,0.1348442288959205,0.1245509961208427,0.1241584250515004,0.1171139983882291,0.1247159719176186,0.1146153146753302,0.2668116029780286,0.1557610098856776,0.1373024849953453,0.093166109771848,0.0808892121522286,0.059821271043453,0.0567636944217282,0.0504409205069929,-0.5842054903192536,0.0,-0.5093936030081893,0.0,-0.5084565974234072,0.0,9.16098955173995,55.9425382569226,0.525827588294865,0.1150288735107232,8.647862159705754,43.94565139663493,0.6147282358997046,0.0470582208003365,-0.175261647095776,-0.1018787206016378,-0.0915221875362133,1241.111111111111
2244,1246.6666666666663,0.2698873463841348,0.1849970400962213,0.1709975800838534,0.1399739098761485,0.1351596039719475,0.1247227990057754,0.1241717925538482,0.1168485591404216,0.124867193662989,0.1145734629762253,0.2980294237247652,0.1958112868601376,0.1791394449802947,0.1388715591712223,0.1266180512817946,0.1073857324325419,0.1047795281386274,0.0988117489860282,-0.4000597639016974,0.0,-0.6289990019820837,0.0,-0.5277172060569761,0.0,9.16098955173995,55.9425382569226,0.525827588294865,0.1150288735107232,8.647862159705754,43.94565139663493,0.6147282358997046,0.0958124949033154,-0.1200179291705092,-0.1257998003964167,-0.0949890970902557,1246.6666666666663
2254,1252.2222222222222,0.260043248716279,0.1794740861981024,0.163252510012707,0.1358570610077617,0.1313580893543258,0.1225467660010839,0.12227778715199,0.115943543557148,0.1238808628775631,0.1143263399823072,0.2980709199520354,0.1960191416661057,0.1785743968300984,0.1387285262242415,0.1263008269037202,0.1070507467988633,0.1046667018597876,0.0984727759117126,-0.4000597639016974,0.0,-0.6687162707348282,0.0,0.3766576353909442,0.0,8.34986962397632,55.9425382569226,0.525827588294865,0.1150288735107232,8.647862159705754,43.94565139663493,0.6147282358997046,0.0958124949033154,-0.1200179291705092,-0.1337432541469656,0.0677983743703699,1252.2222222222222
2264,1257.7777777777776,0.282858118700755,0.2029413466977633,0.1775622378831773,0.1474513514381209,0.1387844913435583,0.1274816653769481,0.1259352195190866,0.1179011565877353,0.1254024299848506,0.1150022862831583,0.3057790919063536,0.1997541797488135,0.1818028526285514,0.1400896661690669,0.127525609840137,0.1077486098897826,0.1044557855450021,0.0986340773491767,0.4217385448458081,0.0,-0.889636577660961,0.0,0.3766576353909442,0.0,8.34986962397632,41.92491355256087,0.525827588294865,0.1150288735107232,8.647862159705754,43.94565139663493,0.6147282358997046,0.0958124949033154,0.1265215634537424,-0.1779273155321922,0.0677983743703699,1257.7777777777776
2274,1263.3333333333333,0.3254492655072073,0.2240784555283639,0.1946095264794787,0.1555809143098414,0.1456595972025508,0.131204889606061,0.1288707443986388,0.1187386193665051,0.1263313184613916,0.1152710271818311,0.3059135044473493,0.1997786498495216,0.181301333250147,0.140445350179547,0.1271654284574405,0.1079870916442754,0.104377995566646,0.0984680745101923,0.4217385448458081,0.0,-0.889636577660961,0.0,0.6315083697953683,0.0,8.34986962397632,41.92491355256087,0.6322382922029898,0.1150288735107232,8.647862159705754,43.94565139663493,0.6147282358997046,0.0958124949033154,0.1265215634537424,-0.1779273155321922,0.1136715065631663,1263.3333333333333
2284,1268.888888888889,0.3123657137390073,0.2078258542099596,0.1773404548285625,0.1370827316071968,0.1265180917419849,0.1110951284469367,0.1088399335734889,0.0985690480695822,0.106101193467958,0.095558309290659,0.3057570592200677,0.1997235657528071,0.1811337338441948,0.1408661619191571,0.1271963780518681,0.1078910604322415,0.1043157753762822,0.098458364868843,0.403322671526759,0.0,-0.3251784375713832,0.0,0.6315083697953683,0.0,8.34986962397632,41.92491355256087,0.6322382922029898,0.0947932087019278,8.647862159705754,43.94565139663493,0.6147282358997046,0.0958124949033154,0.1209968014580277,-0.0650356875142766,0.1136715065631663,1268.888888888889
2294,1274.4444444444443,0.3147578035372418,0.2090875760672898,0.1777342036169272,0.1375283062029495,0.1267112178157399,0.1115805937477297,0.1088105765168824,0.0984254502877799,0.1058828403279273,0.0958866591623101,0.3048488912530385,0.1989419800834009,0.1807946997481765,0.1396945410563151,0.1267919063353375,0.1071999672167187,0.1043808917254201,0.0985551407658785,0.6557273494521542,0.0,-0.3251784375713832,0.0,-0.8901330219826329,0.0,8.34986962397632,41.92491355256087,0.6322382922029898,0.0947932087019278,8.471656467006042,43.94565139663493,0.6147282358997046,0.0958124949033154,0.1967182048356462,-0.0650356875142766,-0.1602239439568739,1274.4444444444443
2304,1280.0,0.3125814577429225,0.2093438238303589,0.1771332665273328,0.1370737110953221,0.1266051125963048,0.1117586913031129,0.1087043067906792,0.098435098449377,0.1057481809716093,0.0958586275784711,0.2892995564304611,0.177689568931506,0.1679409235390773,0.1298105869505059,0.1196415873053621,0.1023296798190753,0.1018310940221005,0.0971274703956693,0.6557273494521542,0.0,0.5875980514431952,0.0,0.9545391927271428,0.0,8.34986962397632,41.92491355256087,0.6322382922029898,0.0947932087019278,8.471656467006042,56.070253982606566,0.6147282358997046,0.0958124949033154,0.1967182048356462,0.117519610288639,0.1718170546908857,1280.0
2314,1285.5555555555554,0.2986528893036629,0.2024872251866936,0.1717387354102866,0.1346858887622569,0.1242245608521604,0.1105370052771894,0.1078937161752053,0.0982642211726255,0.1056421718879485,0.0958238850750197,0.2585731752179509,0.1650754773120827,0.1570687851079429,0.1253319650444522,0.1160920573696951,0.1009857856607243,0.1002130148864878,0.0967487751810317,-0.8382365459065282,0.0,0.5875980514431952,0.0,0.9545391927271428,0.0,8.34986962397632,41.92491355256087,0.6322382922029898,0.0947932087019278,8.471656467006042,56.070253982606566,0.5654336415865311,0.0958124949033154,-0.2514709637719584,0.117519610288639,0.1718170546908857,1285.5555555555554
2324,1291.111111111111,0.3157576131196482,0.2091893092134201,0.1780669694635378,0.137846850689348,0.1267757682335316,0.1114701297829257,0.1088414248875893,0.0985857243267583,0.1058369224555439,0.0959201757838651,0.2792285964956965,0.1808266522611131,0.1729736225778801,0.1386637954562095,0.1295903138304531,0.1140289075017681,0.1131346045316725,0.1090350986474138,0.6269318327288742,0.0,-0.9975770647890232,0.0,0.4050161964611825,0.0,8.34986962397632,41.92491355256087,0.6322382922029898,0.0947932087019278,8.471656467006042,56.070253982606566,0.5654336415865311,0.108307099938983,0.1880795498186622,-0.1995154129578046,0.0729029153630128,1291.111111111111
2334,1296.6666666666663,0.3310266125658861,0.2193262244922696,0.1907572803658759,0.1452259540185865,0.1347071599328895,0.1157579001823427,0.1134026904211599,0.1004255782810016,0.1074393574466822,0.0966095418091314,0.2793521326847625,0.1809463949769971,0.1726265187189796,0.1386271949544885,0.1297221015520975,0.1137990281773992,0.113253220555378,0.1088948714506335,0.6269318327288742,0.0,-0.9975770647890232,0.0,0.4050161964611825,0.0,9.17527484023154,41.92491355256087,0.6322382922029898,0.0947932087019278,8.471656467006042,56.070253982606566,0.5654336415865311,0.108307099938983,0.1880795498186622,-0.1995154129578046,0.0729029153630128,1296.6666666666663
2344,1302.2222222222222,0.3057310832784196,0.1871363191490875,0.1710691458908626,0.1273442629449127,0.1232377678224068,0.107059285748613,0.1071229077541073,0.0967157530102772,0.1049661364052342,0.0954396262070315,0.2811090443551575,0.1815680423204105,0.1733483113652606,0.139361015643684,0.1300193128113918,0.1138182886256859,0.1130979527962786,0.1088988001650206,0.8845558988410928,0.0,0.6631623125741479,0.0,0.9397136631426672,0.0,9.17527484023154,57.85895516381579,0.6322382922029898,0.0947932087019278,8.471656467006042,56.070253982606566,0.5654336415865311,0.108307099938983,0.2653667696523278,0.1326324625148296,0.16914845936568,1302.2222222222222
2354,1307.7777777777776,0.2698570228924352,0.1711106696859803,0.1575885074242792,0.1221592670709557,0.1184619571474837,0.1055122979382136,0.1053934102853654,0.096252768742905,0.1043965133496968,0.0954720052993839,0.2812333559613205,0.1819739881030128,0.1734813893447232,0.1392815970865721,0.130004329000972,0.1140861741417766,0.1132613939972516,0.1089515942227209,0.8845558988410928,0.0,-0.4449780338522128,0.0,0.9397136631426672,0.0,9.17527484023154,57.85895516381579,0.5323024653893998,0.0947932087019278,8.471656467006042,56.070253982606566,0.5654336415865311,0.108307099938983,0.2653667696523278,-0.0889956067704425,0.16914845936568,1307.7777777777776
2364,1313.3333333333333,0.213862215817025,0.0947470132726969,0.0803554291655765,0.0365622433756782,0.0323863067545619,0.0165024771904072,0.0164294875057703,0.0063436297128087,0.0142921585654372,0.0050433665856512,0.2807399603854606,0.1817209725592344,0.1740741191032561,0.139123583194077,0.1304279861550194,0.1144199712767539,0.1139020387949215,0.1092133426029525,0.8315907336041273,0.0,-0.4449780338522128,0.0,-0.6201622300833654,0.0,9.17527484023154,57.85895516381579,0.5323024653893998,0.0040053525129426,8.471656467006042,56.070253982606566,0.5654336415865311,0.108307099938983,0.2494772200812381,-0.0889956067704425,-0.1116292014150057,1313.3333333333333
2374,1318.888888888889,0.2144196218752609,0.0946927554987486,0.0804163480793379,0.0366628193090152,0.0319065151913744,0.0161687218333106,0.0166143125855247,0.0063374525151201,0.0141326394374815,0.0051001610377287,0.2728991778777748,0.177657535051713,0.1685436905939295,0.1367599795851861,0.1275770379401277,0.1133620094849549,0.1129213449329083,0.1086544411390974,0.8315907336041273,0.0,-0.5897433399338121,0.0,-0.6201622300833654,0.0,9.17527484023154,57.85895516381579,0.5323024653893998,0.0040053525129426,7.952422330266685,56.070253982606566,0.5654336415865311,0.108307099938983,0.2494772200812381,-0.1179486679867624,-0.1116292014150057,1318.888888888889
2384,1324.4444444444443,0.1984752587988137,0.0892997105542335,0.0741904581564376,0.0339635076822475,0.0293469449549418,0.0153086546013348,0.0157384045037786,0.0059307579456069,0.0139042755168887,0.0049703420555157,0.2730314550981938,0.1887913940494521,0.1719591959633291,0.1426552711338193,0.1299931223748091,0.1155332268629776,0.1137222548014424,0.109121445443878,-0.493384061803497,0.0,0.9579717625677768,0.0,0.935893633354792,0.0,9.17527484023154,57.85895516381579,0.5323024653893998,0.0040053525129426,7.952422330266685,44.29352545487527,0.5654336415865311,0.108307099938983,-0.1480152185410491,0.1915943525135554,0.1684608540038625,1324.4444444444443
2394,1330.0,0.2022985013564566,0.0890959435065507,0.0754020633382794,0.0342838254826738,0.0299675770673223,0.0156272510663725,0.0158741487954936,0.0058639662049075,0.0137085193827622,0.005053850221268,0.2915469104704182,0.1972305266786057,0.1795610322632533,0.1458950048995518,0.1332450580181504,0.1167267492773573,0.1147096474928467,0.109592078424304,-0.493384061803497,0.0,-0.7605355142857467,0.0,-0.8517111479387006,0.0,9.17527484023154,57.85895516381579,0.5323024653893998,0.0040053525129426,7.952422330266685,44.29352545487527,0.6127419448534138,0.108307099938983,-0.1480152185410491,-0.1521071028571493,-0.1533080066289661,1330.0
2404,1335.5555555555554,0.2083596131375276,0.0922828092178621,0.0779573976781524,0.0353198412975588,0.0309548376062024,0.0160182074166223,0.0165232992658006,0.0065386191324912,0.0136865114432553,0.0051735542690789,0.3206463364288661,0.2278996409502094,0.2109718263250525,0.1783121843268162,0.1656377468269948,0.1499303580032149,0.1479551639710044,0.1429464621688374,0.3862461399939259,0.0,0.3630999871412103,0.0,-0.7667311592326427,0.0,9.17527484023154,57.85895516381579,0.5323024653893998,0.0040053525129426,7.952422330266685,44.29352545487527,0.6127419448534138,0.1417206794710261,0.1158738419981777,0.072619997428242,-0.1380116086618756,1335.5555555555554
2414,1341.111111111111,0.1753594177390144,0.0759525688007663,0.0571796260245095,0.0260122913151121,0.0203679013730368,0.0115603989256659,0.0118048145277304,0.0049244458563291,0.0117682609965216,0.0046611760210533,0.314074874603867,0.2246926894106621,0.2082820538449835,0.1774995886634185,0.1646193126688049,0.1495496872442073,0.1475971407591953,0.1426884029784277,-0.345380790488846,0.0,0.3630999871412103,0.0,-0.7667311592326427,0.0,7.613822797608217,57.85895516381579,0.5323024653893998,0.0040053525129426,7.952422330266685,44.29352545487527,0.6127419448534138,0.1417206794710261,-0.1036142371466538,0.072619997428242,-0.1380116086618756,1341.111111111111
2424,1346.6666666666663,0.1902891128989149,0.0950105938583296,0.0670840385485837,0.0346235372345719,0.0261131446411202,0.0151599487664558,0.0138028510877952,0.0064617841183794,0.0129322847057382,0.0052349909493271,0.3143393554109642,0.2244170495237789,0.207712385597787,0.1775517214530741,0.164854902341034,0.1494126347029835,0.1473583812744697,0.1429032280645701,-0.345380790488846,0.0,0.3630999871412103,0.0,-0.7667311592326427,0.0,7.613822797608217,45.055491007686136,0.5323024653893998,0.0040053525129426,7.952422330266685,44.29352545487527,0.6127419448534138,0.1417206794710261,-0.1036142371466538,0.072619997428242,-0.1380116086618756,1346.6666666666663
2434,1352.2222222222222,0.2218859725371139,0.1095915510664314,0.0787564300318991,0.040130984711226,0.0303177683900866,0.0168198671022286,0.0153586330095459,0.0070807639352952,0.0132980292050537,0.0055604031318476,0.3254503103806214,0.2295450114321337,0.2117834910277322,0.1792872376622045,0.1659749349355704,0.1499134083817147,0.1474780515248141,0.1427241426254447,0.8980059089041136,0.0,0.2633533934461739,0.0,-0.4049626503814458,0.0,7.613822797608217,45.055491007686136,0.5913020099923738,0.0040053525129426,7.952422330266685,44.29352545487527,0.6127419448534138,0.1417206794710261,0.269401772671234,0.0526706786892347,-0.0728932770686602,1352.2222222222222
2444,1357.7777777777776,0.2845323746886014,0.188318060105345,0.1619035558808275,0.1296169720243122,0.1210187245951735,0.109323650195502,0.1084910660347621,0.1009377272080264,0.1075928383857984,0.1001431326403624,0.3254001995391365,0.2300355440862005,0.2116539818671992,0.1791040944001945,0.1660289252804298,0.1498113762897771,0.1474894635159868,0.1427232324543889,0.8980059089041136,0.0,-0.8078862558583951,0.0,-0.4049626503814458,0.0,7.613822797608217,45.055491007686136,0.5913020099923738,0.09858658699061,7.952422330266685,44.29352545487527,0.6127419448534138,0.1417206794710261,0.269401772671234,-0.161577251171679,-0.0728932770686602,1357.7777777777776
2454,1363.3333333333333,0.2800241736682216,0.1874986861585389,0.1610651158798337,0.1290399722695223,0.1209216859040618,0.1090435281627683,0.1084100464170064,0.1010062561821894,0.1071343054053848,0.099776350658867,0.292913653738157,0.2119883232146766,0.1910885619374312,0.1689519265869515,0.1558614689694562,0.1451635472975934,0.1432420895538323,0.1413580252580652,0.4066590255386721,0.0,0.5106816445298484,0.0,-0.6391861828220735,0.0,7.613822797608217,45.055491007686136,0.5913020099923738,0.09858658699061,6.303296903563976,44.29352545487527,0.6127419448534138,0.1417206794710261,0.1219977076616016,0.1021363289059696,-0.1150535129079732,1363.3333333333333
2464,1368.888888888889,0.2802899868348261,0.1866610368621653,0.1605509201693457,0.1289438891581606,0.1205316240749179,0.108769728787615,0.1085476214541539,0.1009085690314201,0.106859100334565,0.0997305032847483,0.2873893212631199,0.2063237262899101,0.1879975619832715,0.1665324802845235,0.1542542580333112,0.144458643407138,0.1428585137914771,0.1413051657401896,0.4066590255386721,0.0,-0.8710487399600123,0.0,-0.3179561281503383,0.0,7.613822797608217,45.055491007686136,0.5913020099923738,0.09858658699061,6.303296903563976,47.611695270010856,0.6127419448534138,0.1417206794710261,0.1219977076616016,-0.1742097479920024,-0.0572321030670608,1368.888888888889
2474,1374.4444444444443,0.2698255582374906,0.1819715117393333,0.15690479710426,0.1281315013258229,0.119377323831846,0.1084130323888964,0.1087199168298739,0.1010504552666194,0.106484342507306,0.0993574464806835,0.2520757370133494,0.191036947004647,0.1775251657961841,0.1622730323484307,0.1511571564491388,0.1432043427335254,0.1421986448701826,0.1410341428417934,-0.8644027752017899,0.0,-0.8710487399600123,0.0,-0.3179561281503383,0.0,7.613822797608217,45.055491007686136,0.5913020099923738,0.09858658699061,6.303296903563976,47.611695270010856,0.5267442377677045,0.1417206794710261,-0.2593208325605369,-0.1742097479920024,-0.0572321030670608,1374.4444444444443
2484,1380.0,0.2847231994819911,0.1879592100901606,0.1612829602456854,0.1299985448794657,0.1206082635253051,0.1092168781930746,0.108834908060723,0.1008329805799603,0.1063564614040738,0.0993402001135334,0.2349369522699017,0.1588583781662664,0.1423886813858358,0.122392530373728,0.1104168388086665,0.1015753438742558,0.1001791037483339,0.0983614628736969,0.970932636663134,0.0,-0.9373841601273396,0.0,0.5337527385499279,0.0,7.613822797608217,45.055491007686136,0.5913020099923738,0.09858658699061,6.303296903563976,47.611695270010856,0.5267442377677045,0.099366933242138,0.2912797909989402,-0.1874768320254679,0.096075492938987,1380.0
2494,1385.5555555555554,0.3087569330745691,0.2045679837873538,0.1803862124867692,0.1407980893778335,0.1323274639601482,0.114775198569294,0.1143706495200088,0.1034248616592322,0.1090704658073362,0.1001399607664993,0.2359223672920137,0.1592288730002295,0.1429273192904798,0.1223787130534492,0.1114770929555788,0.101377623536178,0.1004707632859549,0.0985018483150672,0.970932636663134,0.0,0.3855711725059705,0.0,0.4599145152745719,0.0,9.05776810324219,45.055491007686136,0.5913020099923738,0.09858658699061,6.303296903563976,47.611695270010856,0.5267442377677045,0.099366933242138,0.2912797909989402,0.0771142345011941,0.0827846127494229,1385.5555555555554
2504,1391.111111111111,0.3070151479264289,0.1991761279457119,0.1780051681291214,0.1382442264603192,0.1310510535210173,0.1134830717203086,0.113541635560736,0.1023200550727066,0.1088574071299059,0.1001400012641657,0.2360582569876801,0.1594371071453545,0.1426552523637034,0.1220412040437206,0.1113134104971897,0.1011921380540163,0.1003376228849042,0.0988218355215261,0.970932636663134,0.0,-0.8724412246331681,0.0,0.913317014249802,0.0,9.05776810324219,47.53707562817565,0.5913020099923738,0.09858658699061,6.303296903563976,47.611695270010856,0.5267442377677045,0.099366933242138,0.2912797909989402,-0.1744882449266336,0.1643970625649643,1391.111111111111
2514,1396.6666666666663,0.2855379882413631,0.1893062446285484,0.1691963612991092,0.1344810169944417,0.1275408252508104,0.1120853544984659,0.1123662668439574,0.1018685369003163,0.1086597576049891,0.0998267820270584,0.2248419117662574,0.1544169304411787,0.139362320091522,0.120613615406111,0.1105351243418479,0.1006296305743612,0.1001355291616526,0.0989786572122724,-0.5513851144027093,0.0,-0.8724412246331681,0.0,0.6694380484680977,0.0,9.05776810324219,47.53707562817565,0.5743447905548836,0.09858658699061,6.303296903563976,47.611695270010856,0.5267442377677045,0.099366933242138,-0.1654155343208128,-0.1744882449266336,0.1204988487242575,1396.6666666666663
2524,1402.2222222222222,0.2838084919416409,0.1802850740542861,0.1576624191669935,0.1194013247162542,0.1121998391948531,0.0954869351231373,0.0950993760268309,0.0845440351762627,0.0910153891014078,0.0822035258682925,0.2334416173325412,0.1579966243917415,0.141327059313092,0.1213374585544935,0.111154413464018,0.1011661639917515,0.1002300212483965,0.0992916348113754,0.74317503187204,0.0,0.7883673184640733,0.0,0.6694380484680977,0.0,9.05776810324219,47.53707562817565,0.5743447905548836,0.0809282488421151,6.303296903563976,47.611695270010856,0.5267442377677045,0.099366933242138,0.222952509561612,0.1576734636928146,0.1204988487242575,1402.2222222222222
2534,1407.7777777777776,0.2676691602712288,0.173292060764108,0.1518811941850509,0.1171358296480716,0.1105548775725176,0.0947148601378408,0.0940483852606127,0.0844248830393331,0.0911238952653999,0.0825429785419289,0.226638523115014,0.1557066909917375,0.1412164981688273,0.1213508565752519,0.1114777206002677,0.1015160501379419,0.1008204232290024,0.0997506699230909,-0.9888599624114476,0.0,0.7332049624196849,0.0,0.6694380484680977,0.0,9.05776810324219,47.53707562817565,0.5743447905548836,0.0809282488421151,6.64517333891428,47.611695270010856,0.5267442377677045,0.099366933242138,-0.2966579887234343,0.146640992483937,0.1204988487242575,1407.7777777777776
2544,1413.3333333333333,0.2673205190831755,0.1737204568919704,0.1516812119433611,0.1167179210548668,0.1103247735783883,0.0944510320177663,0.0941963137943931,0.0842568699919658,0.0910003261937763,0.0824714415453607,0.229484151103866,0.158906228236469,0.1426313188577035,0.1227206430497703,0.1117767914680879,0.1021223221212351,0.1007686594048448,0.0999030756734486,-0.9888599624114476,0.0,0.7332049624196849,0.0,0.6610074759197484,0.0,9.05776810324219,47.53707562817565,0.5743447905548836,0.0809282488421151,6.64517333891428,44.94819183233542,0.5267442377677045,0.099366933242138,-0.2966579887234343,0.146640992483937,0.1189813456655547,1413.3333333333333
2554,1418.888888888889,0.2682192687240332,0.1742560018577214,0.1518962188011032,0.1166096434112168,0.1102023946121353,0.094492015377584,0.0940132443847772,0.0840229086671384,0.0910087801586117,0.0821481695877854,0.2429827884975717,0.1645944058882044,0.1469846139740183,0.1247924772645464,0.1130694009871492,0.1026952265664905,0.1013255993716318,0.0999799479226356,-0.9258292047761016,0.0,0.656409419699242,0.0,0.6610074759197484,0.0,9.05776810324219,47.53707562817565,0.5743447905548836,0.0809282488421151,6.64517333891428,44.94819183233542,0.5659704566564828,0.099366933242138,-0.2777487614328304,0.1312818839398484,0.1189813456655547,1418.888888888889
2564,1424.4444444444443,0.2719181985445686,0.1761832761207076,0.1530922873912597,0.1167233927761742,0.1103186491702505,0.094883253133524,0.0945681717248561,0.0842726219171531,0.0908757221087852,0.0823200606154469,0.2254366518342033,0.1397719930059043,0.1204691461855453,0.0958416146890536,0.0832889529525777,0.0722493096203749,0.0711257310122849,0.069704219506429,-0.5139039065648535,0.0,0.7341464785485666,0.0,0.7585031562654437,0.0,9.05776810324219,47.53707562817565,0.5743447905548836,0.0809282488421151,6.64517333891428,44.94819183233542,0.5659704566564828,0.0686138547207326,-0.154171171969456,0.1468292957097133,0.1365305681277798,1424.4444444444443
2574,1430.0,0.2328055014134307,0.153293579106385,0.1250300673973013,0.1020223778884652,0.0953689672699348,0.0880307668916667,0.087742723713988,0.0812218323910221,0.0879557901704075,0.0814645073923184,0.2265181822194661,0.1399818499710908,0.1205882492807364,0.0964380031082376,0.083025144636006,0.0718472151159071,0.071285155807369,0.0695400632943452,-0.4055388312343302,0.0,0.7341464785485666,0.0,0.7585031562654437,0.0,6.660900672968236,47.53707562817565,0.5743447905548836,0.0809282488421151,6.64517333891428,44.94819183233542,0.5659704566564828,0.0686138547207326,-0.121661649370299,0.1468292957097133,0.1365305681277798,1430.0
2584,1435.5555555555554,0.2254148880589936,0.1438035266629338,0.1206568685044633,0.0978675157006373,0.0934945569897293,0.0867405730904233,0.0868390006111319,0.0809062951213912,0.0874564301095405,0.0813858138074298,0.2269218333306348,0.1399097310740354,0.1209059368039412,0.0963686147232606,0.0829718607355779,0.0722069288243325,0.0711117464447463,0.0692388073366471,-0.3997185060305274,0.0,0.7341464785485666,0.0,0.9780849873682096,0.0,6.660900672968236,55.05464272734011,0.5743447905548836,0.0809282488421151,6.64517333891428,44.94819183233542,0.5659704566564828,0.0686138547207326,-0.1199155518091582,0.1468292957097133,0.1760552977262777,1435.5555555555554
2594,1441.111111111111,0.2373059456295906,0.1483891363153316,0.1243359234294102,0.0998429571724853,0.0948373656799206,0.0872657356661916,0.0871245629726514,0.0809547082704995,0.0878709326268046,0.0814799752365206,0.2267341429784911,0.1394417913405756,0.1211229214062886,0.0963012045001764,0.0833398700756913,0.0719301039649255,0.0708315332594028,0.0695286004865994,-0.4562907456038665,0.0,0.7958009438464115,0.0,-0.8250436563611636,0.0,6.660900672968236,55.05464272734011,0.6158109148858508,0.0809282488421151,6.64517333891428,44.94819183233542,0.5659704566564828,0.0686138547207326,-0.1368872236811599,0.1591601887692823,-0.1485078581450094,1441.111111111111
2604,1446.6666666666663,0.211957725459117,0.1166282536474625,0.0913500513244467,0.0652406400817167,0.059810769785142,0.0517844465906578,0.0515530232237997,0.0448982871803769,0.05171783679771,0.0455514294991541,0.2268337680804484,0.139503851219316,0.121706637537651,0.0966015431982992,0.083196367417497,0.0720888663739267,0.0709770650080172,0.0697595122666796,-0.4562907456038665,0.0,0.9416414682026196,0.0,-0.8250436563611636,0.0,6.660900672968236,55.05464272734011,0.6158109148858508,0.0449540809335751,6.64517333891428,44.94819183233542,0.5659704566564828,0.0686138547207326,-0.1368872236811599,0.1883282936405239,-0.1485078581450094,1446.6666666666663
2614,1452.2222222222222,0.2119114925122754,0.1165370436025561,0.091200241128796,0.0651750148480323,0.0596679431499702,0.0522287473638618,0.051669372473779,0.0447855488598312,0.0515412809330055,0.045272427372792,0.2190144721305857,0.1348088676235964,0.1168735971934522,0.0946240366346913,0.0810220504256577,0.071112251333587,0.0700886993693094,0.0697157061239229,-0.4562907456038665,0.0,0.9416414682026196,0.0,-0.8250436563611636,0.0,6.660900672968236,55.05464272734011,0.6158109148858508,0.0449540809335751,6.232639717053009,44.94819183233542,0.5659704566564828,0.0686138547207326,-0.1368872236811599,0.1883282936405239,-0.1485078581450094,1452.2222222222222
2624,1457.7777777777776,0.2197611787914769,0.1190076297367585,0.0935275508597821,0.0663031545297567,0.0603386556814837,0.0525948115290577,0.0520064749917285,0.0449770440011634,0.0515264485103893,0.0454746642232888,0.2154595020636394,0.1249027584812327,0.1130926942993608,0.0904808838859683,0.0787265124702449,0.0697326771959784,0.0694160812321323,0.06929216622363,0.509158587103808,0.0,0.6034413676915124,0.0,-0.8282763522506337,0.0,6.660900672968236,55.05464272734011,0.6158109148858508,0.0449540809335751,6.232639717053009,55.26361902802962,0.5659704566564828,0.0686138547207326,0.1527475761311424,0.1206882735383024,-0.149089743405114,1457.7777777777776
2634,1463.3333333333333,0.2196272730176407,0.1191427518347412,0.0937061379266803,0.0664136288584173,0.0603721261194321,0.0524560296210092,0.0518930385199913,0.0448663187801166,0.051785415599238,0.0453336093837923,0.203785588916314,0.1206456332826768,0.1090610148974996,0.0894809731797882,0.0774157542738836,0.0696729256320902,0.0688668743216935,0.0692274756993122,0.509158587103808,0.0,0.6034413676915124,0.0,0.7910007724241087,0.0,6.660900672968236,55.05464272734011,0.6158109148858508,0.0449540809335751,6.232639717053009,55.26361902802962,0.5262157976582641,0.0686138547207326,0.1527475761311424,0.1206882735383024,0.1423801390363395,1463.3333333333333
2644,1468.888888888889,0.2133891332397185,0.1165994223638344,0.091814903844226,0.0653737853523298,0.0599829690473282,0.0519620703998426,0.0517171616743701,0.0448998637709176,0.0515510664783295,0.0456041479464483,0.162566834222831,0.0746617826472133,0.0625052397106482,0.0417325015506193,0.0294139802912527,0.021628910538028,0.0204795490487426,0.0207384977053348,-0.4880570360779454,0.0,0.285284004022193,0.0,0.7910007724241087,0.0,6.660900672968236,55.05464272734011,0.6158109148858508,0.0449540809335751,6.232639717053009,55.26361902802962,0.5262157976582641,0.0199809963524517,-0.1464171108233836,0.0570568008044386,0.1423801390363395,1468.888888888889
2654,1474.4444444444443,0.2151938963015588,0.1182455850280596,0.0933988907735477,0.0661091195207945,0.0605668147131477,0.0518507634940574,0.0520134707458628,0.0451662146668379,0.0513508816109039,0.0458679430635079,0.1625699099389918,0.0746019213324452,0.0631860669761765,0.0417777623756532,0.0296066175473397,0.0214335554302225,0.0205997886589183,0.020820029695752,-0.4880570360779454,0.0,0.9482545608520788,0.0,-0.6239670410625495,0.0,6.818189586583285,55.05464272734011,0.6158109148858508,0.0449540809335751,6.232639717053009,55.26361902802962,0.5262157976582641,0.0199809963524517,-0.1464171108233836,0.1896509121704158,-0.1123140673912589,1474.4444444444443
2664,1480.0,0.239307798281538,0.1427026270495982,0.1063865032625161,0.0764424432641173,0.0662072697326583,0.0557544354041089,0.0544471959947594,0.0463387504333905,0.0520377314730182,0.0463738297959272,0.1678545320355899,0.0764312974188237,0.0643637291569445,0.0421583171973042,0.0298582831409106,0.0218725995309651,0.0208833579103737,0.0211382732429389,0.321745135401316,0.0,0.5955588980511687,0.0,-0.6239670410625495,0.0,6.818189586583285,41.62524622231981,0.6158109148858508,0.0449540809335751,6.232639717053009,55.26361902802962,0.5262157976582641,0.0199809963524517,0.0965235406203948,0.1191117796102337,-0.1123140673912589,1480.0
2674,1485.5555555555554,0.2624142679895526,0.1537771226850463,0.1140674983345367,0.0803588932686277,0.0692707421283267,0.0572587129083587,0.0553945592175496,0.0468390651421562,0.0523884081573422,0.0462491412369727,0.1681416151252439,0.0766837443426475,0.0638919663663344,0.0421362052473939,0.0295442748744008,0.021705628346799,0.0208033153953133,0.0208896449185903,0.321745135401316,0.0,0.369742219712885,0.0,0.5454455098596793,0.0,6.818189586583285,41.62524622231981,0.6812784730800514,0.0449540809335751,6.232639717053009,55.26361902802962,0.5262157976582641,0.0199809963524517,0.0965235406203948,0.073948443942577,0.0981801917747422,1485.5555555555554
2684,1491.111111111111,0.2592779664404077,0.1499067869290009,0.1100372363117139,0.0763332096288157,0.065045004275649,0.0523829481540865,0.0512203391831301,0.0428321536466631,0.0475005100312027,0.0416916830762207,0.1680279921317061,0.0764815099052325,0.063938818522787,0.0422695070134624,0.0298958097128482,0.021534755989922,0.0206280880480835,0.0209899039145854,0.321745135401316,0.0,0.369742219712885,0.0,0.5454455098596793,0.0,6.818189586583285,41.62524622231981,0.6812784730800514,0.0403866449510085,6.232639717053009,55.26361902802962,0.5262157976582641,0.0199809963524517,0.0965235406203948,0.073948443942577,0.0981801917747422,1491.111111111111
2694,1496.6666666666663,0.2525857911802329,0.1473723949513425,0.1085092148560673,0.0761594684119476,0.0648103282851941,0.0523369786910803,0.0513107708843386,0.0426816452737532,0.0475656457584438,0.0412809315207312,0.1745865448132811,0.0806477995282387,0.0707030350232982,0.0449539244222861,0.0334725293795994,0.0225766531256701,0.0220039371334829,0.0211770086876264,-0.6888003341686566,0.0,0.5081562774437731,0.0,-0.6277453570727703,0.0,6.818189586583285,41.62524622231981,0.6812784730800514,0.0403866449510085,6.9192317376205805,55.26361902802962,0.5262157976582641,0.0199809963524517,-0.2066401002505969,0.1016312554887546,-0.1129941642730986,1496.6666666666663
2704,1502.2222222222222,0.2529840799430186,0.1453436335184679,0.1072013578248435,0.0755196361484448,0.0641412142843615,0.0519008718159668,0.0512610071911413,0.0423477577779733,0.0477828574921839,0.0411779674903267,0.1716625182390819,0.0783871394764501,0.0687610196846277,0.0436942490008341,0.032681152268935,0.0219236247998815,0.0219980788548999,0.021179800522308,-0.6888003341686566,0.0,-0.5440758232529691,0.0,-0.6019641161791491,0.0,6.818189586583285,41.62524622231981,0.6812784730800514,0.0403866449510085,6.9192317376205805,56.65588620004135,0.5262157976582641,0.0199809963524517,-0.2066401002505969,-0.1088151646505938,-0.1083535409122468,1502.2222222222222
2714,1507.7777777777776,0.2532477650981609,0.1456144798797351,0.1070001811475634,0.0754246302099287,0.0644956889447545,0.052079071659051,0.0513027310033407,0.0426222915721533,0.0478056281656399,0.0413531964595056,0.2019922108195756,0.0900242106583228,0.0774515538885176,0.0473127650487657,0.0352272852045344,0.0225736952534627,0.0232661747452147,0.021820892092493,-0.6888003341686566,0.0,-0.5440758232529691,0.0,0.9391974465668996,0.0,6.818189586583285,41.62524622231981,0.6812784730800514,0.0403866449510085,6.9192317376205805,56.65588620004135,0.6239846919423603,0.0199809963524517,-0.2066401002505969,-0.1088151646505938,0.1690555403820419,1507.7777777777776
2724,1513.3333333333333,0.2660337603729268,0.1515521399672895,0.111371434849074,0.0774518295779093,0.0659971720784349,0.0526691017610981,0.0516596071155439,0.0429873362921768,0.0476328703669222,0.0412341843783962,0.218678701761494,0.1011278193915651,0.0897267091120726,0.0564068368135676,0.0445585417302968,0.0311511816855248,0.0318109854517416,0.0303322168308584,0.8454177616232815,0.0,-0.5440758232529691,0.0,-0.8296207449251127,0.0,6.818189586583285,41.62524622231981,0.6812784730800514,0.0403866449510085,6.9192317376205805,56.65588620004135,0.6239846919423603,0.0280715079811078,0.2536253284869844,-0.1088151646505938,-0.1493317340865202,1513.3333333333333
2734,1518.888888888889,0.2758455138248757,0.1590077324255056,0.1236156168743397,0.084019283909343,0.0730495922305105,0.0563210197470116,0.0551153039350947,0.0447737276973564,0.048908142759799,0.0416294604321052,0.2064525909474829,0.0964176891422131,0.0857711448233615,0.0548792029188906,0.0430259209126157,0.0310096678514812,0.0316624090235213,0.0300699938385162,-0.8226781042433318,0.0,-0.6916060339301681,0.0,-0.3245894645468222,0.0,7.791402919605084,41.62524622231981,0.6812784730800514,0.0403866449510085,6.9192317376205805,56.65588620004135,0.6239846919423603,0.0280715079811078,-0.2468034312729995,-0.1383212067860336,-0.0584261036184279,1518.888888888889
2744,1524.4444444444443,0.2518116009100692,0.1268725513983692,0.1064400832912391,0.0683524088915626,0.063657897751429,0.0500321577769189,0.050981814510126,0.0421713013260386,0.0476286370012769,0.0407871789684405,0.206464426391326,0.0958059191254196,0.0856561841979991,0.0548280874190981,0.0431205043223758,0.0308467341088797,0.0318909272547192,0.0301800545572485,-0.8226781042433318,0.0,-0.6916060339301681,0.0,-0.3245894645468222,0.0,7.791402919605084,57.678449294442935,0.6812784730800514,0.0403866449510085,6.9192317376205805,56.65588620004135,0.6239846919423603,0.0280715079811078,-0.2468034312729995,-0.1383212067860336,-0.0584261036184279,1524.4444444444443
2754,1530.0,0.2256014989183438,0.1178069198698498,0.097627867493426,0.0646978655721278,0.0608211607522431,0.0490239262310135,0.0502433444319804,0.0422612707488429,0.0471602618578239,0.0403700534655951,0.2185042936183478,0.1004772793139675,0.088591687767029,0.0561633833831491,0.0440664524223659,0.0310355043508626,0.0322399750070808,0.0300919866813674,0.8073758957137369,0.0,0.7693218783213374,0.0,0.642186708893495,0.0,7.791402919605084,57.678449294442935,0.5750748034038927,0.0403866449510085,6.9192317376205805,56.65588620004135,0.6239846919423603,0.0280715079811078,0.242212768714121,0.1538643756642674,0.1155936076008291,1530.0
2764,1535.5555555555554,0.263224655040896,0.1718012480860668,0.154087558373671,0.1268509475955929,0.1237949227394023,0.113961198248532,0.1153784768647632,0.1082723649314067,0.1131577429784462,0.1065368506022729,0.2105317704002696,0.0974486519224819,0.0858146123880262,0.0555849404276781,0.0429036974253803,0.0307501669760081,0.0322738126561658,0.02993092110578,-0.2626230377268602,0.0,-0.4233066811008948,0.0,0.9132131845543384,0.0,7.791402919605084,57.678449294442935,0.5750748034038927,0.10663223297948,6.9192317376205805,56.65588620004135,0.6239846919423603,0.0280715079811078,-0.078786911318058,-0.0846613362201789,0.1643783732197809,1535.5555555555554
2774,1541.111111111111,0.2607006352951342,0.1718213245507998,0.1535000304420722,0.1268084793947418,0.124005016777587,0.1137468968147161,0.1155178560169543,0.1084935932179155,0.1131935833218746,0.1066046342345557,0.1970625505794136,0.0913063361967829,0.0777864056546982,0.0521646132278804,0.0390111784183801,0.0293557560577208,0.031340041036131,0.0296538890965043,-0.2626230377268602,0.0,0.9722001796108533,0.0,0.9132131845543384,0.0,7.791402919605084,57.678449294442935,0.5750748034038927,0.10663223297948,6.290423126509404,56.65588620004135,0.6239846919423603,0.0280715079811078,-0.078786911318058,0.1944400359221706,0.1643783732197809,1541.111111111111
2784,1546.6666666666663,0.270271035767875,0.1748943807946369,0.1570010675771277,0.1276409969816294,0.1252432326633892,0.1143224805599721,0.1153487436464561,0.1089753802915784,0.1137279647880627,0.1066785996698665,0.205311507007129,0.0967072488008501,0.0813997384745319,0.0538175290355326,0.0404316494964611,0.0296170201672033,0.0318507216872838,0.0295051623383593,0.6529622781356537,0.0,-0.4116869064528805,0.0,-0.8284710190631799,0.0,7.791402919605084,57.678449294442935,0.5750748034038927,0.10663223297948,6.290423126509404,54.54649553477088,0.6239846919423603,0.0280715079811078,0.1958886834406961,-0.0823373812905761,-0.1491247834313723,1546.6666666666663
2794,1552.2222222222222,0.2702332612688615,0.1744270702454813,0.1569149874865938,0.1278602217744444,0.1253246282098761,0.1147404569282939,0.1148277311778444,0.1089852158027963,0.1138391426035284,0.1063924169161575,0.214630096484614,0.0999196040881227,0.0833205200430568,0.054896445170689,0.0411087150939766,0.030098575608491,0.031956131287833,0.0297918312228152,0.6529622781356537,0.0,-0.4116869064528805,0.0,0.5442190171990727,0.0,7.791402919605084,57.678449294442935,0.5750748034038927,0.10663223297948,6.290423126509404,54.54649553477088,0.6552947048130493,0.0280715079811078,0.1958886834406961,-0.0823373812905761,0.097959423095833,1552.2222222222222
2804,1557.7777777777776,0.2673636394675573,0.1737903727012161,0.1553730624404695,0.1271749654597957,0.1240656566538841,0.1149737853047475,0.1145594475708613,0.1087991938865872,0.113668532329321,0.1063285696102448,0.2819466701933327,0.18443429300002,0.1705790567872371,0.1472954360443863,0.1341312132965011,0.1249720567388778,0.1269114168078264,0.1249216103224163,0.7081927855158079,0.0,0.9091734324438074,0.0,0.5442190171990727,0.0,7.791402919605084,57.678449294442935,0.5750748034038927,0.10663223297948,6.290423126509404,54.54649553477088,0.6552947048130493,0.1238650172553198,0.2124578356547423,0.1818346864887615,0.097959423095833,1557.7777777777776
2814,1563.3333333333333,0.2800659263985935,0.1806391243688461,0.1644640890291638,0.1311871923034668,0.1288151336948795,0.1169792817376567,0.1165451288177608,0.1097584214430099,0.1147939467151513,0.1071209259365804,0.2825562342669027,0.1846563041878098,0.1715396810366235,0.1475079553785267,0.134294262590977,0.1253040346618295,0.1272269964816949,0.1247354896096037,0.7081927855158079,0.0,0.9091734324438074,0.0,-0.4526716888834918,0.0,8.557443169392675,57.678449294442935,0.5750748034038927,0.10663223297948,6.290423126509404,54.54649553477088,0.6552947048130493,0.1238650172553198,0.2124578356547423,0.1818346864887615,-0.0814809039990285,1563.3333333333333
2824,1568.888888888889,0.2916890851932786,0.1960379148509564,0.1731845972720688,0.1385172632489976,0.133373581351564,0.1203265921995137,0.1185794186620796,0.1107749483100846,0.1155361677306293,0.1070545758732982,0.282599105119621,0.1844452407715964,0.17193972104937,0.1472779453526685,0.1347438906277452,0.1256491572936692,0.1274834669826874,0.1247341271269071,0.7081927855158079,0.0,0.8373545399693806,0.0,-0.4526716888834918,0.0,8.557443169392675,47.41465589652505,0.5750748034038927,0.10663223297948,6.290423126509404,54.54649553477088,0.6552947048130493,0.1238650172553198,0.2124578356547423,0.1674709079938761,-0.0814809039990285,1568.888888888889
2834,1574.4444444444443,0.2726760298480669,0.1856424792596438,0.1653422961312318,0.1355722790124805,0.1305810361587389,0.1194319520551392,0.1176094189356815,0.1100471060619401,0.1152755417280467,0.1072408283060343,0.2845103405323759,0.1855202722034913,0.1717153092727924,0.1476108245138127,0.134731233580644,0.1259405252086687,0.1273653104644565,0.1247541316602805,0.9712808383402208,0.0,-0.9672549255510552,0.0,0.8630361559345195,0.0,8.557443169392675,47.41465589652505,0.5128424000332207,0.10663223297948,6.290423126509404,54.54649553477088,0.6552947048130493,0.1238650172553198,0.2913842515020662,-0.193450985110211,0.1553465080682135,1574.4444444444443
2844,1580.0,0.2556639324040721,0.1625480668733616,0.140870698514405,0.1094494403011817,0.1036923875314951,0.0913479108948323,0.0890768822970633,0.0810509452977343,0.086362494594438,0.0784487736917455,0.2844196903563029,0.1857421147804352,0.1717685978698443,0.1471891066373531,0.1350034875613997,0.1258135614846544,0.1270578340620336,0.1251273718384544,0.9712808383402208,0.0,-0.9672549255510552,0.0,-0.4987096303827241,0.0,8.557443169392675,47.41465589652505,0.5128424000332207,0.0778164351090442,6.290423126509404,54.54649553477088,0.6552947048130493,0.1238650172553198,0.2913842515020662,-0.193450985110211,-0.0897677334688903,1580.0
2854,1585.5555555555554,0.2507326026748444,0.1605839163194152,0.1386425414125847,0.1085419878808638,0.1029918284002342,0.0910147051690731,0.0889465893363396,0.081192834890661,0.0861147650122159,0.078128545523866,0.3184708315468438,0.2034564848252721,0.1950533097689971,0.1576029561612374,0.1462842022487392,0.1298684411681537,0.1313418888679411,0.1264250942241287,0.5341134018450094,0.0,-0.396498986183097,0.0,-0.759451513182818,0.0,8.557443169392675,47.41465589652505,0.5128424000332207,0.0778164351090442,8.272379719146606,54.54649553477088,0.6552947048130493,0.1238650172553198,0.1602340205535028,-0.0792997972366194,-0.1367012723729072,1585.5555555555554
2864,1591.111111111111,0.2503823461094877,0.1604876798329004,0.138487235192998,0.1085507803982282,0.1032553085060585,0.0911671419299738,0.0885995621803202,0.0811938107741378,0.0859663993257914,0.0780903162465359,0.3325644088390312,0.2224012770720325,0.2054169334826986,0.1669625000888565,0.1517910436636882,0.1338470841081611,0.1336125847489061,0.127266926672324,0.4719512675408037,0.0,-0.396498986183097,0.0,-0.759451513182818,0.0,8.557443169392675,47.41465589652505,0.5128424000332207,0.0778164351090442,8.272379719146606,43.81676406979354,0.6552947048130493,0.1238650172553198,0.1415853802622411,-0.0792997972366194,-0.1367012723729072,1591.111111111111
2874,1596.6666666666663,0.2506012772339002,0.1603793491157411,0.138947902525071,0.1085811427150548,0.1032334343026754,0.0913437286866594,0.0882919183693908,0.0807528500150107,0.085824265497985,0.0778396855384042,0.2927458561255441,0.2032506628943764,0.1900034676868469,0.1597091596203125,0.1462838883559701,0.1311210363159807,0.131629885339865,0.1265391424087988,0.4719512675408037,0.0,-0.4491587249901055,0.0,-0.6805658151708197,0.0,8.557443169392675,47.41465589652505,0.5128424000332207,0.0778164351090442,8.272379719146606,43.81676406979354,0.5532474453225887,0.1238650172553198,0.1415853802622411,-0.0898317449980211,-0.1225018467307475,1596.6666666666663
2884,1602.2222222222222,0.2452239220332712,0.159113573603862,0.1376462486189792,0.1080369478985915,0.102991931132677,0.0913174138936727,0.0889972730545792,0.0804439522926245,0.0857835079436534,0.0777444535543258,0.2608861167724758,0.166060785269875,0.1516881352989597,0.1193445671523606,0.1047068507505062,0.0884402861142612,0.0885783930374264,0.0834202248467836,-0.2842958228312819,0.0,-0.4491587249901055,0.0,0.3281605794908917,0.0,8.557443169392675,47.41465589652505,0.5128424000332207,0.0778164351090442,8.272379719146606,43.81676406979354,0.5532474453225887,0.0804180063569058,-0.0852887468493845,-0.0898317449980211,0.0590689043083605,1602.2222222222222
2894,1607.7777777777776,0.2468707613697611,0.1596006903955553,0.1389523551567702,0.1085592351132807,0.1038561793418145,0.0914104890753432,0.0894921714034423,0.0806850677536961,0.085978933078333,0.0778684955715672,0.2589516512928854,0.1646317222475277,0.1498525281148571,0.1186689159005111,0.1033251817748473,0.0882860297822353,0.088018874714137,0.083258690344008,-0.2842958228312819,0.0,-0.3842384274972682,0.0,0.3281605794908917,0.0,8.794661001273342,47.41465589652505,0.5128424000332207,0.0778164351090442,8.272379719146606,43.81676406979354,0.5532474453225887,0.0804180063569058,-0.0852887468493845,-0.0768476854994536,0.0590689043083605,1607.7777777777776
2904,1613.3333333333333,0.2464868181084881,0.1493028885045315,0.1342539271129162,0.1026758566613307,0.1001948568585808,0.0882438810028415,0.0874317076068499,0.079119186355088,0.0855201743613132,0.0774046200568698,0.2695063103333105,0.168854163938057,0.1524377814162212,0.1196617370003546,0.1038978396818842,0.0884400336399779,0.0883035368886526,0.0835414090395804,0.996501005618468,0.0,-0.3842384274972682,0.0,0.903635165537486,0.0,8.794661001273342,57.93173461518359,0.5128424000332207,0.0778164351090442,8.272379719146606,43.81676406979354,0.5532474453225887,0.0804180063569058,0.2989503016855404,-0.0768476854994536,0.1626543297967475,1613.3333333333333
2914,1618.8888888888887,0.2523373461706645,0.1519742676738203,0.1370755594484957,0.104110111552908,0.1016483199691987,0.0886977283056098,0.0877152602179744,0.0795025396273512,0.0855824112957443,0.0774480766753726,0.2711230886342954,0.1702334488426606,0.1542361191552624,0.1203526410070135,0.1049672534269896,0.0889805732401334,0.0888788959483263,0.0838240106631492,0.996501005618468,0.0,-0.4926124515111267,0.0,0.9211259603113938,0.0,8.794661001273342,57.93173461518359,0.5251483035068338,0.0778164351090442,8.272379719146606,43.81676406979354,0.5532474453225887,0.0804180063569058,0.2989503016855404,-0.0985224903022253,0.1658026728560508,1618.8888888888887
2924,1624.4444444444443,0.2090170930415113,0.1045786800212018,0.0895199202462174,0.0551894949579224,0.0525708074575722,0.0385747596421138,0.038168571879771,0.0294408747206624,0.0354344220766307,0.0271296483557356,0.2587251548846896,0.1639069755569481,0.1499387711090645,0.1183254874207795,0.1034753791402778,0.0882072583923682,0.0884546378908418,0.083782296121193,-0.4874249884060185,0.0,-0.585887373979751,0.0,-0.5101420941106088,0.0,8.794661001273342,57.93173461518359,0.5251483035068338,0.0276405319299744,8.272379719146606,43.81676406979354,0.5532474453225887,0.0804180063569058,-0.1462274965218055,-0.1171774747959502,-0.0918255769399095,1624.4444444444443
2934,1630.0,0.2078620704488701,0.104048860891039,0.0893042225058237,0.0555209570165342,0.0522994005924598,0.0385426377723055,0.0374613948295076,0.0297848131688065,0.0355621959473414,0.0271677821930742,0.2596975098832919,0.1649704633944966,0.1505756744374227,0.1185816242644358,0.1038202488898645,0.0883574565784245,0.0889080098843938,0.0838142710770239,-0.4874249884060185,0.0,-0.585887373979751,0.0,0.6741400583693653,0.0,8.794661001273342,57.93173461518359,0.5251483035068338,0.0276405319299744,8.39861091416443,43.81676406979354,0.5532474453225887,0.0804180063569058,-0.1462274965218055,-0.1171774747959502,0.1213452105064857,1630.0
2944,1635.5555555555554,0.2067722325336382,0.1037922257274871,0.0884595312736973,0.0551102583481315,0.0521933948399292,0.038254456040223,0.0375502841281922,0.0301273555976687,0.0355998951699366,0.0269556189817463,0.2485201510084278,0.15018787118937,0.1425159805192631,0.1113524867704684,0.0994993005036785,0.0857077474365211,0.0872743267234621,0.0830734506936288,-0.4874249884060185,0.0,0.2705488349789534,0.0,0.6741400583693653,0.0,8.794661001273342,57.93173461518359,0.5251483035068338,0.0276405319299744,8.39861091416443,52.8904324604695,0.5532474453225887,0.0804180063569058,-0.1462274965218055,0.0541097669957906,0.1213452105064857,1635.5555555555554
2954,1641.111111111111,0.2047343751051883,0.1034013073259463,0.0880033885431536,0.0543350543214983,0.0517959173135096,0.0381071242368762,0.037685961825517,0.0300232318141211,0.0358868072465645,0.0267142276201765,0.2808322894002046,0.1636678499709479,0.1547416684726167,0.1166649360991371,0.1038960648228203,0.0873574238127761,0.0883257190450652,0.083561805485347,-0.644011167212243,0.0,0.2705488349789534,0.0,-0.8016112249350499,0.0,8.794661001273342,57.93173461518359,0.5251483035068338,0.0276405319299744,8.39861091416443,52.8904324604695,0.6441945583619955,0.0804180063569058,-0.1932033501636729,0.0541097669957906,-0.1442900204883089,1641.111111111111
2964,1646.6666666666663,0.2055591901290468,0.1039910731394078,0.0880592070325961,0.0544838578998911,0.0518680258955455,0.0381365248777295,0.0378245143068654,0.0302002530587452,0.0362663190217626,0.0263450228219787,0.326329576424283,0.2231241702821001,0.215136073974717,0.182413575558115,0.1697771554648073,0.1552395529111869,0.1565964839938752,0.1525561973129231,-0.4502511855625439,0.0,0.7564106023125153,0.0,-0.8016112249350499,0.0,8.794661001273342,57.93173461518359,0.5251483035068338,0.0276405319299744,8.39861091416443,52.8904324604695,0.6441945583619955,0.149515674754697,-0.1350753556687631,0.151282120462503,-0.1442900204883089,1646.6666666666663
2974,1652.2222222222222,0.2245254051208382,0.1117439761490704,0.0987101971767583,0.0591308827889542,0.0569372710224435,0.0403686219112436,0.0398895170457146,0.0309886989422141,0.0375209461677755,0.0262627602389054,0.3334811447816446,0.2261602833300332,0.2179513911386532,0.1835021200889994,0.1706479007290288,0.1558423063487697,0.1570492723620305,0.1522976480393286,0.3655630830350236,0.0,-0.5091080358612529,0.0,-0.3842221735313866,0.0,9.405375867810818,57.93173461518359,0.5251483035068338,0.0276405319299744,8.39861091416443,52.8904324604695,0.6441945583619955,0.149515674754697,0.109668924910507,-0.1018216071722505,-0.0691599912356495,1652.2222222222222
2984,1657.7777777777776,0.2131160028445503,0.1079386756964825,0.0948271555781669,0.0575506380814557,0.0556311232565101,0.0401603531648204,0.0395309800429628,0.030629763226286,0.0370874666863716,0.0260470901086754,0.3211712681605053,0.2211381806850189,0.2136570277235562,0.1811689498972256,0.1692255133737591,0.1553090595413017,0.1568730613823322,0.1525552321039644,-0.9945911385173096,0.0,-0.8080529010041323,0.0,-0.3842221735313866,0.0,9.405375867810818,56.860501336831724,0.5251483035068338,0.0276405319299744,8.39861091416443,52.8904324604695,0.6441945583619955,0.149515674754697,-0.2983773415551929,-0.1616105802008264,-0.0691599912356495,1657.7777777777776
2994,1663.3333333333333,0.2646239917998195,0.1297050935723064,0.1153852409366542,0.0663021602679387,0.0633012504917643,0.0434397171970961,0.0426109966286092,0.0316957311256355,0.037817890561813,0.0261051049664065,0.3208514882661443,0.2213880487739629,0.2134235892714697,0.1811246731571293,0.1691629507840349,0.1555051260951694,0.1570250615332553,0.1529972601919829,-0.9945911385173096,0.0,-0.8080529010041323,0.0,-0.3842221735313866,0.0,9.405375867810818,56.860501336831724,0.6554231618106363,0.0276405319299744,8.39861091416443,52.8904324604695,0.6441945583619955,0.149515674754697,-0.2983773415551929,-0.1616105802008264,-0.0691599912356495,1663.3333333333333
3004,1668.8888888888887,0.3006101918263239,0.1631403921476973,0.1484972133748822,0.0985596115378475,0.095650098523047,0.0749296253988759,0.0739525340295322,0.0634931628514963,0.0694764086325098,0.0578163282564907,0.3368219431175472,0.2281390675869445,0.2187211743783613,0.1832674814596211,0.1710795454039457,0.1562620269290257,0.1575470967419623,0.153313209021101,0.7777505678113854,0.0,-0.7741208424170278,0.0,0.6679946749588416,0.0,9.405375867810818,56.860501336831724,0.6554231618106363,0.0592528822809655,8.39861091416443,52.8904324604695,0.6441945583619955,0.149515674754697,0.2333251703434156,-0.1548241684834055,0.1202390414925914,1668.8888888888887
3014,1674.4444444444443,0.2864911670722209,0.1578156129692917,0.1426028104338759,0.0964681458242828,0.093800704262218,0.0742468246419139,0.07301924008411,0.063476139659721,0.0684888131974109,0.0580077567288232,0.3170337340970119,0.218728685983544,0.209319486786343,0.1792519282608896,0.166875908375321,0.1545195638303457,0.1557353261973036,0.152736272470755,-0.6199149284621718,0.0,-0.3346114345765033,0.0,0.6480358377813742,0.0,9.405375867810818,56.860501336831724,0.6554231618106363,0.0592528822809655,7.923687331829445,52.8904324604695,0.6441945583619955,0.149515674754697,-0.1859744785386515,-0.0669222869153006,0.1166464508006473,1674.4444444444443
3024,1680.0,0.2839036144457272,0.158037514786578,0.1417073767313952,0.0956390754987162,0.093379275449026,0.0740227386119056,0.0724865022516104,0.063285729553085,0.0683533140943145,0.0581542149195776,0.327669154543877,0.2330221865024543,0.216688593568351,0.1859051288799281,0.1706947911101732,0.1571341799657208,0.1573606464349236,0.1537440703581556,-0.6199149284621718,0.0,0.7809728910793649,0.0,0.4827058936509461,0.0,9.405375867810818,56.860501336831724,0.6554231618106363,0.0592528822809655,7.923687331829445,43.68891284893158,0.6441945583619955,0.149515674754697,-0.1859744785386515,0.156194578215873,0.0868870608571703,1680.0
3034,1685.5555555555554,0.2982977369520321,0.1634397362499987,0.1473511184317309,0.0974043704997594,0.0949525429045455,0.0746165791611526,0.0726908633890477,0.063742964414565,0.0683944924866499,0.0583366122734895,0.3444851406062067,0.2404899693103501,0.2221904718567809,0.1883373624650672,0.1725306918707912,0.1579899627289,0.1577588659601544,0.1538743774179648,0.9745772437526858,0.0,0.7809728910793649,0.0,0.4827058936509461,0.0,9.405375867810818,56.860501336831724,0.6554231618106363,0.0592528822809655,7.923687331829445,43.68891284893158,0.6518988930561611,0.149515674754697,0.2923731731258057,0.156194578215873,0.0868870608571703,1685.5555555555554
3044,1691.111111111111,0.2971132326106283,0.1631053271371732,0.1473275619055052,0.0972650543571175,0.0950442839982704,0.0748290117671682,0.0733584871537852,0.0641436547881521,0.0685188567441248,0.0584438285913396,0.3213642542312016,0.2108486993046931,0.1915536391566728,0.1553382125483658,0.1385035884332186,0.123245130749253,0.1224715556074524,0.1184280351986872,0.8158705467688926,0.0,0.82351032535421,0.0,0.3485549703998934,0.0,9.405375867810818,56.860501336831724,0.6554231618106363,0.0592528822809655,7.923687331829445,43.68891284893158,0.6518988930561611,0.1136535996777583,0.2447611640306677,0.164702065070842,0.0627398946719808,1691.111111111111
3054,1696.6666666666663,0.283934788105892,0.1557042177364163,0.1374239843235118,0.0924248181691501,0.0898543812700859,0.0725159161077206,0.0704494200515744,0.0631525765406146,0.0671402301258124,0.058141787618396,0.3213894317403226,0.2108658760285351,0.19232063074663,0.1555958692260466,0.1386329126894065,0.1231873958967766,0.1227900457207514,0.1181905368053324,0.8158705467688926,0.0,0.82351032535421,0.0,-0.6458765896266977,0.0,8.708144683631101,56.860501336831724,0.6554231618106363,0.0592528822809655,7.923687331829445,43.68891284893158,0.6518988930561611,0.1136535996777583,0.2447611640306677,0.164702065070842,-0.1162577861328055,1696.6666666666663
3064,1702.2222222222222,0.2904654203069904,0.1683625426383055,0.1436218199386268,0.0990598904907966,0.0937102054819509,0.0758812121856786,0.0722789516311912,0.0639853449401317,0.0674707018857526,0.0581189722076819,0.3166180986559582,0.208381575192263,0.1896833807917483,0.1549106216911694,0.1376891828440356,0.1231590116947448,0.1222166225935291,0.1184037434403638,0.3120111847382231,0.0,0.7973266131288349,0.0,0.7630679928068214,0.0,8.708144683631101,48.89598048853558,0.6554231618106363,0.0592528822809655,7.923687331829445,43.68891284893158,0.6518988930561611,0.1136535996777583,0.0936033554214669,0.159465322625767,0.1373522387052278,1702.2222222222222
3074,1707.7777777777776,0.2640859348190302,0.1561761470327397,0.1334389074133154,0.0944504660278501,0.0902334817492225,0.0743098171341355,0.070958738453237,0.063352471436957,0.0667855666468685,0.0579206494852075,0.3213156688892341,0.2103470117416126,0.1915866689776883,0.155608996041844,0.1385494320075032,0.1234990470245765,0.1223927818125131,0.1187420833907517,0.7984775537251578,0.0,0.7973266131288349,0.0,0.7630679928068214,0.0,8.708144683631101,48.89598048853558,0.5756360657581642,0.0592528822809655,7.923687331829445,43.68891284893158,0.6518988930561611,0.1136535996777583,0.2395432661175473,0.159465322625767,0.1373522387052278,1707.7777777777776
3084,1713.3333333333333,0.2534743691491625,0.1541110776992807,0.1326067077414864,0.0962589586027486,0.0921480062376816,0.0772719791775139,0.0741150704001303,0.0672748416580412,0.0701022460921545,0.0615552188804362,0.3091374892663111,0.2049000168523141,0.188275072613124,0.1540378194317627,0.1375128753622481,0.1232301536495141,0.1224187678260955,0.1187950449175984,-0.6554970267616299,0.0,0.7973266131288349,0.0,-0.34349430344227,0.0,8.708144683631101,48.89598048853558,0.5756360657581642,0.0629656398554912,7.923687331829445,43.68891284893158,0.6518988930561611,0.1136535996777583,-0.1966491080284889,0.159465322625767,-0.0618289746196085,1713.3333333333333
3094,1718.8888888888887,0.2554003560545863,0.1540145117440113,0.1328142419581672,0.0962400411136569,0.0915741212295009,0.0771940915355181,0.0737424684689258,0.0673798721105955,0.0701529633757347,0.0621774861761941,0.2742648212368198,0.1838973022163599,0.1630795250753564,0.1411620315780894,0.1250435597841101,0.1177798236183579,0.1173682227981647,0.1166133753933303,-0.4565279879848825,0.0,0.3006336789283375,0.0,0.976312601601686,0.0,8.708144683631101,48.89598048853558,0.5756360657581642,0.0629656398554912,6.10001770533374,43.68891284893158,0.6518988930561611,0.1136535996777583,-0.1369583963954647,0.0601267357856675,0.1757362682883034,1718.8888888888887
3104,1724.4444444444443,0.2552611321171513,0.1538806815177238,0.1328158553195775,0.0961733876893496,0.0920491806511754,0.0774359506221951,0.0737879160828224,0.0675991633372984,0.0700272099186428,0.0621765299570299,0.2609930195978614,0.1668781100415027,0.1557355400638488,0.1349532506582638,0.1219101421397271,0.1158280974934199,0.1163339470580551,0.1162834601236439,-0.4565279879848825,0.0,0.3006336789283375,0.0,-0.7670901815172712,0.0,8.708144683631101,48.89598048853558,0.5756360657581642,0.0629656398554912,6.10001770533374,56.88640232822986,0.6518988930561611,0.1136535996777583,-0.1369583963954647,0.0601267357856675,-0.1380762326731088,1724.4444444444443
3114,1730.0,0.254824240332215,0.1530891016116957,0.1327313385672629,0.096490130047303,0.0918343709861597,0.0778168761869055,0.0738526409760808,0.0675899703401241,0.070110629857728,0.0621988816434734,0.2475983060344913,0.1617724544931632,0.1519660178733655,0.1335761447697161,0.1211931058213024,0.1158920911290718,0.1161234781080762,0.1162651728215223,-0.6326763648235234,0.0,-0.2945811906693411,0.0,-0.7670901815172712,0.0,8.708144683631101,48.89598048853558,0.5756360657581642,0.0629656398554912,6.10001770533374,56.88640232822986,0.6084739755109543,0.1136535996777583,-0.189802909447057,-0.0589162381338682,-0.1380762326731088,1730.0
3124,1735.5555555555554,0.2538131127693937,0.1530768296326748,0.1320163702520959,0.0959673522641815,0.0919218992171921,0.0778298938263848,0.0737711910250563,0.0678843049644922,0.0698227199847894,0.062604893362405,0.207807731881075,0.1122278917033295,0.1000434978955458,0.0799300936090277,0.0662794846155185,0.0611919192100936,0.0606842750303927,0.0607320177823489,-0.6326763648235234,0.0,0.62460824463002,0.0,0.9114128031663052,0.0,8.708144683631101,48.89598048853558,0.5756360657581642,0.0629656398554912,6.10001770533374,56.88640232822986,0.6084739755109543,0.0581277958502597,-0.189802909447057,0.124921648926004,0.1640543045699349,1735.5555555555554
3134,1741.111111111111,0.2435081273397166,0.1471749201825329,0.1245158281153,0.0923608746119229,0.0879751115507629,0.0759202372287336,0.0722520601112588,0.06712093124337,0.0690640033032205,0.0622312431186211,0.2072628941938996,0.1119651152503253,0.0999408037906738,0.0798115035646695,0.0662805291709576,0.0612529266318177,0.0606248914626046,0.0606360079896064,-0.73979049712385,0.0,0.5970110281182487,0.0,0.330494663152307,0.0,8.153692058451325,48.89598048853558,0.5756360657581642,0.0629656398554912,6.10001770533374,56.88640232822986,0.6084739755109543,0.0581277958502597,-0.221937149137155,0.1194022056236497,0.0594890393674152,1741.111111111111
3144,1746.6666666666663,0.2369722500095758,0.1392461007883244,0.1201110383382821,0.0881953339692707,0.0857567681309917,0.074321854320183,0.071092962826885,0.0663122583597951,0.0685554200404288,0.0619241503955389,0.2069506469904314,0.1121657029093198,0.0998416099805428,0.0796737327883662,0.0665613057956076,0.0612772116298319,0.0607739588407642,0.0604868991467808,-0.73979049712385,0.0,0.5970110281182487,0.0,0.330494663152307,0.0,8.153692058451325,54.43280437039324,0.5756360657581642,0.0629656398554912,6.10001770533374,56.88640232822986,0.6084739755109543,0.0581277958502597,-0.221937149137155,0.1194022056236497,0.0594890393674152,1746.6666666666663
3154,1752.2222222222222,0.2418715517655242,0.1395418749509296,0.1213052502897705,0.0886073027120138,0.0857447181427227,0.0742828567573545,0.0713826715667182,0.0667692403318973,0.0688479760836749,0.0620821852487055,0.2080955444011147,0.1124069015766146,0.1006618938334464,0.0797994135351825,0.0665786300176625,0.0615004035956264,0.0607789305788957,0.0600805496344913,-0.3254345456221088,0.0,-0.9680811499462066,0.0,-0.9494027309116132,0.0,8.153692058451325,54.43280437039324,0.5762921738796791,0.0629656398554912,6.10001770533374,56.88640232822986,0.6084739755109543,0.0581277958502597,-0.0976303636866326,-0.1936162299892413,-0.1708924915640903,1752.2222222222222
3164,1757.7777777777776,0.282865959783801,0.1927832552298206,0.1763805914545387,0.1479390745056289,0.1449278501308487,0.1349299548526961,0.1321024738730444,0.1284843530244998,0.1300846521434202,0.1235948488256196,0.2096055241418214,0.1133811384586547,0.101361149105842,0.0802593751419885,0.0665804895741058,0.0614775084446137,0.060398065443851,0.0604127369246788,-0.3254345456221088,0.0,-0.8231653617391039,0.0,-0.9494027309116132,0.0,8.153692058451325,54.43280437039324,0.5762921738796791,0.1245961010117987,6.10001770533374,56.88640232822986,0.6084739755109543,0.0581277958502597,-0.0976303636866326,-0.1646330723478208,-0.1708924915640903,1757.7777777777776
3174,1763.3333333333333,0.2924516202075618,0.1963646925277795,0.1797540068482134,0.1491469844381659,0.1457841918997251,0.1356481908720087,0.1325772257886939,0.1287458534339466,0.1299956707773752,0.1234198124497513,0.2683380826868282,0.1415370657025103,0.1352920122512804,0.0949333587063417,0.0819247275928348,0.0676586483136774,0.0664405910110242,0.0625351707882901,0.864928129615955,0.0,-0.8231653617391039,0.0,0.7194134397244648,0.0,8.153692058451325,54.43280437039324,0.5762921738796791,0.1245961010117987,8.758390038916161,56.88640232822986,0.6084739755109543,0.0581277958502597,0.2594784388847865,-0.1646330723478208,0.1294944191504036,1763.3333333333333
3184,1768.8888888888887,0.2873915885580386,0.1947258355848299,0.1781666370982113,0.1487221353996111,0.1454438232516507,0.1357411814073903,0.1327590343733247,0.1287320699629513,0.1300003000857538,0.1235256436973697,0.2755278530166812,0.1557489837499581,0.1424599232175086,0.1019927729092162,0.0861095777774784,0.0707324774602141,0.0684424828709853,0.0637130588679281,0.6220927892422515,0.0,-0.3590942051573337,0.0,0.7194134397244648,0.0,8.153692058451325,54.43280437039324,0.5762921738796791,0.1245961010117987,8.758390038916161,47.74864594621289,0.6084739755109543,0.0581277958502597,0.1866278367726754,-0.0718188410314667,0.1294944191504036,1768.8888888888887
3194,1774.4444444444443,0.2895690194322327,0.1957047588404716,0.1788937216674382,0.1492268160816971,0.1455558926195779,0.1356632452303507,0.1326681507405224,0.1285520750142745,0.1299424542990925,0.1234671484221998,0.2464165324465904,0.1427259753319077,0.1319913843444995,0.0970626650492828,0.0822323227717774,0.0692213236773462,0.0671134314975928,0.0631670165852189,0.6220927892422515,0.0,-0.3590942051573337,0.0,-0.6515419080852098,0.0,8.153692058451325,54.43280437039324,0.5762921738796791,0.1245961010117987,8.758390038916161,47.74864594621289,0.5275632308699862,0.0581277958502597,0.1866278367726754,-0.0718188410314667,-0.1172775434553377,1774.4444444444443
3204,1780.0,0.2873461789427297,0.1960513119165866,0.17839832419065,0.1487116814915642,0.1458735416206491,0.1353860965958058,0.1324837254379188,0.1285756920425445,0.1298040699378566,0.1234612908256554,0.2802801885826187,0.1890144835842174,0.1787793004328265,0.1491660845934813,0.1350077590995215,0.1236494616833416,0.1217042730121124,0.1185335348270282,0.6220927892422515,0.0,0.7899436472847926,0.0,-0.6515419080852098,0.0,8.153692058451325,54.43280437039324,0.5762921738796791,0.1245961010117987,8.758390038916161,47.74864594621289,0.5275632308699862,0.1140559943985273,0.1866278367726754,0.1579887294569585,-0.1172775434553377,1780.0
3214,1785.5555555555554,0.3083240652579782,0.207917001571527,0.1938739893652436,0.1562117537291447,0.1544058649201795,0.1395944233260027,0.136404917356653,0.1303084296926252,0.1315083173789484,0.1239912119101047,0.2802120967948904,0.1894026491561055,0.1784343282254301,0.1493067167618749,0.1345665093320196,0.123390739703696,0.1216083907678674,0.1182902023637589,0.6472336494806573,0.0,0.7899436472847926,0.0,0.4297966507884886,0.0,9.57743634799554,54.43280437039324,0.5762921738796791,0.1245961010117987,8.758390038916161,47.74864594621289,0.5275632308699862,0.1140559943985273,0.1941700948441971,0.1579887294569585,0.0773633971419279,1785.5555555555554
3224,1791.111111111111,0.3238033826092565,0.2293475105646181,0.2069303232139392,0.1678664942924224,0.1620101018543504,0.1454673350069187,0.1404681690248962,0.1328873822495399,0.1332034661310602,0.1249555602757316,0.2802963978432605,0.1892698499611246,0.1787161104021343,0.1494731492503942,0.1345712572643543,0.1230528005413802,0.1220883038167214,0.1183671787367191,0.6472336494806573,0.0,0.7899436472847926,0.0,-0.2951442403568281,0.0,9.57743634799554,42.95976297524129,0.5762921738796791,0.1245961010117987,8.758390038916161,47.74864594621289,0.5275632308699862,0.1140559943985273,0.1941700948441971,0.1579887294569585,-0.053125963264229,1791.111111111111
3234,1796.6666666666663,0.343981964336876,0.2386766841072517,0.2156052338491119,0.1725450262849527,0.1662557315472441,0.1474520806102515,0.1423167343423757,0.1335661412062254,0.1339539484988662,0.1251503854464311,0.2701301664841525,0.1850260876155227,0.1749610137052115,0.1476180889824775,0.1333181187262821,0.122694157439612,0.1217554310302854,0.118495100019517,-0.4627475279830613,0.0,-0.4851778478171839,0.0,-0.2951442403568281,0.0,9.57743634799554,42.95976297524129,0.642535135212293,0.1245961010117987,8.758390038916161,47.74864594621289,0.5275632308699862,0.1140559943985273,-0.1388242583949183,-0.0970355695634367,-0.053125963264229,1796.6666666666663
3244,1802.2222222222224,0.3438157033774654,0.237414254536085,0.2145289803548551,0.1714175425447339,0.1651006826843164,0.1462734580190698,0.1409811169151221,0.1325625165534999,0.1327521166673558,0.1241132852059136,0.2700528566944909,0.1847387420214271,0.1748452389827211,0.14755474448991,0.1328617670087055,0.1227838215963091,0.1215731588156541,0.1180223614185864,-0.4627475279830613,0.0,-0.9736804683538216,0.0,-0.2951442403568281,0.0,9.57743634799554,42.95976297524129,0.642535135212293,0.123798510045006,8.758390038916161,47.74864594621289,0.5275632308699862,0.1140559943985273,-0.1388242583949183,-0.1947360936707643,-0.053125963264229,1802.2222222222224
3254,1807.7777777777776,0.3524878775704159,0.240586056550583,0.2167277956209387,0.1720795276859444,0.1659056783271485,0.146777216555102,0.1409687569147744,0.1324980839136773,0.1328177060820962,0.1240524670311636,0.2775941622663116,0.1873777493671815,0.1759278090867853,0.1481851353774549,0.1322719039340093,0.1228750525708844,0.1212880041817452,0.1176054506752322,0.7109952726454015,0.0,-0.9736804683538216,0.0,0.8807981946298946,0.0,9.57743634799554,42.95976297524129,0.642535135212293,0.123798510045006,8.761715834989083,47.74864594621289,0.5275632308699862,0.1140559943985273,0.2132985817936204,-0.1947360936707643,0.158543675033381,1807.7777777777776
3264,1813.3333333333333,0.3564854780927831,0.2439417686518238,0.220464407198851,0.1741533905808575,0.1677120901636083,0.1477067160980732,0.1421691338018011,0.1331045561136983,0.1331138484812905,0.1241179647112476,0.2882294980682885,0.1992155895165921,0.1845674559545239,0.1546143635837091,0.1368802240473811,0.1259921025751351,0.1230832271639553,0.1185271393817957,0.7109952726454015,0.0,-0.9736804683538216,0.0,-0.3839434804590143,0.0,9.57743634799554,42.95976297524129,0.642535135212293,0.123798510045006,8.761715834989083,42.46762828555149,0.5275632308699862,0.1140559943985273,0.2132985817936204,-0.1947360936707643,-0.0691098264826225,1813.3333333333333
3274,1818.8888888888887,0.3550606623318556,0.2439118224445964,0.2203490054134437,0.1737920998254574,0.1672377485463627,0.1478095903445596,0.1421022760478783,0.1330454317799415,0.1332672904570196,0.1240183106852662,0.284561276696182,0.1976271418902839,0.1827848216044581,0.1540139866967448,0.1359928400228759,0.1258170875916127,0.1227906694114271,0.1181299751199483,0.7109952726454015,0.0,-0.4548231876223583,0.0,-0.3839434804590143,0.0,9.57743634799554,42.95976297524129,0.642535135212293,0.123798510045006,8.761715834989083,42.46762828555149,0.5183619826303218,0.1140559943985273,0.2132985817936204,-0.0909646375244716,-0.0691098264826225,1818.8888888888887
3284,1824.4444444444443,0.3549420686558912,0.2447647628696381,0.2207606981823444,0.1742154299522327,0.1673234399173717,0.1478782295622155,0.1418869943080024,0.1331174210270591,0.1336491218939544,0.1242282446442636,0.3062658499753829,0.2255121547203179,0.2111081847464693,0.1854663373047865,0.1679580577454361,0.1589564990869122,0.1560023001696851,0.1520343221504177,0.858100862500761,0.0,0.5228698634182692,0.0,0.9798335514676004,0.0,9.57743634799554,42.95976297524129,0.642535135212293,0.123798510045006,8.761715834989083,42.46762828555149,0.5183619826303218,0.14818073727698,0.2574302587502283,0.1045739726836538,0.176370039264168,1824.4444444444443
3294,1830.0,0.2975895993420047,0.2089629183729856,0.1784579800088464,0.1509282850774975,0.1437197849721765,0.1359590268632059,0.1305040501727959,0.1277720358900189,0.1288266132623404,0.1224129248896375,0.3022093445838478,0.2237419976567833,0.2099443829669811,0.184905966336535,0.1676621043226754,0.1586941149217122,0.1556452699524879,0.1523642885183766,0.3130870689203038,0.0,0.5228698634182692,0.0,0.7817104539883443,0.0,6.773620752325083,42.95976297524129,0.642535135212293,0.123798510045006,8.761715834989083,42.46762828555149,0.5183619826303218,0.14818073727698,0.0939261206760911,0.1045739726836538,0.1407078817179019,1830.0
3304,1835.5555555555557,0.3027244035520525,0.2092369681149455,0.179236087365764,0.1509884828063582,0.1438162246997818,0.135930645012213,0.1306319311240275,0.1278557243002079,0.1286985201862205,0.1222572657063875,0.3071797403102145,0.2260504532656764,0.2114319142866776,0.1857710921333079,0.1680947125223104,0.1592943399466871,0.1559400206792997,0.1523669269555352,0.9124711147947842,0.0,-0.8143019337201901,0.0,0.7817104539883443,0.0,6.773620752325083,43.536151182737925,0.642535135212293,0.123798510045006,8.761715834989083,42.46762828555149,0.5183619826303218,0.14818073727698,0.2737413344384352,-0.162860386744038,0.1407078817179019,1835.5555555555557
3314,1841.111111111111,0.2932738607862177,0.2049808490150612,0.1761870985615539,0.1494799667662882,0.1423919919635615,0.1353015978481314,0.1303220008189194,0.1275296492889412,0.1290085618919693,0.1220189877768196,0.3069928287195454,0.2263842175080887,0.2116582597210688,0.1856411234512779,0.1678398827346785,0.1588101933488594,0.155806014044709,0.152112256694274,0.9124711147947842,0.0,-0.8143019337201901,0.0,0.6217238490132639,0.0,6.773620752325083,43.536151182737925,0.6149905867658038,0.123798510045006,8.761715834989083,42.46762828555149,0.5183619826303218,0.14818073727698,0.2737413344384352,-0.162860386744038,0.1119102928223875,1841.111111111111
3324,1846.6666666666663,0.2524432882653164,0.1566281343293799,0.1243782731642905,0.0953234587684041,0.0874783009654634,0.0788393284761979,0.073910185068522,0.0711250532404302,0.0725781449956641,0.0651698125666696,0.3061278013939963,0.2259601241278897,0.2112388611977994,0.1851046958071271,0.1673182544312726,0.1588661198922902,0.1557965518914902,0.1522901911237197,0.7974557386259836,0.0,0.6380738250578433,0.0,0.6217238490132639,0.0,6.773620752325083,43.536151182737925,0.6149905867658038,0.0669409554434452,8.761715834989083,42.46762828555149,0.5183619826303218,0.14818073727698,0.239236721587795,0.1276147650115686,0.1119102928223875,1846.6666666666663
3334,1852.2222222222224,0.2422834265430041,0.1507723435550495,0.1208456965379902,0.0935141835027883,0.0862106913686918,0.0783976659703171,0.0739146689516743,0.070779755687017,0.0726889294070675,0.0653930601574934,0.2854697519991982,0.2147590662108294,0.2008427156494825,0.1797361790793193,0.1628783420032055,0.1564818825443945,0.15370041569277,0.1516771537442629,-0.7008493659282865,0.0,-0.4798800761469438,0.0,-0.337510804376544,0.0,6.773620752325083,43.536151182737925,0.6149905867658038,0.0669409554434452,8.2511765739835,42.46762828555149,0.5183619826303218,0.14818073727698,-0.2102548097784859,-0.0959760152293887,-0.0607519447877779,1852.2222222222224
3344,1857.7777777777776,0.2400940621756546,0.1494360140526172,0.12011631502581,0.0932540550900859,0.0857293386020354,0.0780410601065893,0.0739994077546969,0.0711984227727947,0.0728224432260086,0.0653357513383297,0.281461695613956,0.2115906690479575,0.1985679931069797,0.1782978428057416,0.1613553740958985,0.1563828551742148,0.153210895527088,0.1518761877500842,-0.967110461513378,0.0,-0.4798800761469438,0.0,0.471573726862656,0.0,6.773620752325083,43.536151182737925,0.6149905867658038,0.0669409554434452,8.2511765739835,43.81114496316227,0.5183619826303218,0.14818073727698,-0.2901331384540133,-0.0959760152293887,0.084883270835278,1857.7777777777776
3354,1863.3333333333333,0.2399763279146065,0.1491679773481634,0.1201104586179281,0.0931886935716361,0.0854722757964722,0.0778953255624426,0.0741994198946684,0.0713814985416799,0.0730622187315844,0.0655852252886241,0.345065385568752,0.2415739132944944,0.2230038954554007,0.1895953673370941,0.1705401345868941,0.1605542122860759,0.1562251735978153,0.1529599422798439,-0.967110461513378,0.0,-0.3809840281211569,0.0,0.471573726862656,0.0,6.773620752325083,43.536151182737925,0.6149905867658038,0.0669409554434452,8.2511765739835,43.81114496316227,0.6828855523119839,0.14818073727698,-0.2901331384540133,-0.0761968056242314,0.084883270835278,1863.3333333333333
3364,1868.8888888888887,0.2434708892887548,0.1504165890606351,0.1211300021104188,0.0935491847429856,0.0858291359896801,0.0783064967691447,0.0747610220029616,0.0713623367526297,0.0733279971820111,0.0655093694501917,0.2785431404609556,0.1494516663740673,0.1258371261437743,0.082931328798554,0.061769914436849,0.0479697948228138,0.0433887538963524,0.0382029935381064,-0.5241312568521155,0.0,-0.3809840281211569,0.0,0.6162863435992961,0.0,6.773620752325083,43.536151182737925,0.6149905867658038,0.0669409554434452,8.2511765739835,43.81114496316227,0.6828855523119839,0.0325792269461583,-0.1572393770556346,-0.0761968056242314,0.1109315418478733,1868.8888888888887
3374,1874.4444444444443,0.2817134241030588,0.1750160321133853,0.1500796083329795,0.1092011440082925,0.1021175767646578,0.0867384561237701,0.0823746618585595,0.0748197091156299,0.0764512610298701,0.0667041993171113,0.2782676821991331,0.1492907786267963,0.125636921468922,0.0828050901546759,0.0616995313042406,0.0479679583446122,0.0436828084382414,0.0384880756747586,-0.5241312568521155,0.0,0.63825610165677,0.0,0.6162863435992961,0.0,8.861155168597247,43.536151182737925,0.6149905867658038,0.0669409554434452,8.2511765739835,43.81114496316227,0.6828855523119839,0.0325792269461583,-0.1572393770556346,0.127651220331354,0.1109315418478733,1874.4444444444443
3384,1880.0,0.2994394080763403,0.1873313061231593,0.1584377813901474,0.1142901681742603,0.1062213924873118,0.0893576187403838,0.0843279528037685,0.0758651841753064,0.0771989045327903,0.0668720292531738,0.2913868296424774,0.1552432786459811,0.1312646816343005,0.0848398278908541,0.0636891711196148,0.0489331256439859,0.0438716848372631,0.0386026256412779,0.9348170317402272,0.0,0.63825610165677,0.0,-0.7713710475549012,0.0,8.861155168597247,41.352070505481215,0.6149905867658038,0.0669409554434452,8.2511765739835,43.81114496316227,0.6828855523119839,0.0325792269461583,0.2804451095220682,0.127651220331354,-0.1388467885598822,1880.0
3394,1885.5555555555557,0.2937559819156781,0.1834491304750615,0.1565079767879414,0.1135916901485914,0.1057587627581237,0.0894070815034788,0.0842961220030929,0.0755724658357333,0.0772147311215726,0.0667268006294753,0.2917841649892372,0.1557181456627568,0.1316338954222407,0.0851723481273207,0.0638091865388621,0.0493065570951747,0.0443254380861737,0.0384253395166035,0.9348170317402272,0.0,-0.4348420796688216,0.0,-0.7713710475549012,0.0,8.861155168597247,41.352070505481215,0.594680517551433,0.0669409554434452,8.2511765739835,43.81114496316227,0.6828855523119839,0.0325792269461583,0.2804451095220682,-0.0869684159337643,-0.1388467885598822,1885.5555555555557
3404,1891.111111111111,0.2545027987382158,0.1329490001337264,0.1045015072444545,0.0564562790833886,0.0478823862447603,0.0296428089668179,0.0239372104242489,0.0143464721238737,0.0160431029590401,0.0045330871909018,0.2882416265453537,0.1538088250384688,0.1298384034524431,0.0848939270075448,0.0630425143594585,0.0492797050848,0.0442277152259942,0.0385898492179716,0.6053335061714659,0.0,-0.4348420796688216,0.0,0.3368393532731592,0.0,8.861155168597247,41.352070505481215,0.594680517551433,0.0048837489967789,8.2511765739835,43.81114496316227,0.6828855523119839,0.0325792269461583,0.1816000518514397,-0.0869684159337643,0.0606310835891686,1891.111111111111
3414,1896.6666666666663,0.2418747562726503,0.1277019065488277,0.0992921435707232,0.0540710904869481,0.045896466317513,0.0285575122868155,0.0233208101137696,0.0140552738355046,0.0154981573573458,0.0043248609340209,0.2484144605277435,0.1308376456757381,0.1047416476215828,0.0723797941344813,0.0508064497195298,0.0435618193496075,0.039431797011866,0.0366371791133232,-0.4109822855116542,0.0,0.5505817864766632,0.0,0.3368393532731592,0.0,8.861155168597247,41.352070505481215,0.594680517551433,0.0048837489967789,6.941432119191309,43.81114496316227,0.6828855523119839,0.0325792269461583,-0.1232946856534962,0.1101163572953326,0.0606310835891686,1896.6666666666663
3424,1902.2222222222224,0.2502299165821735,0.1318151774336555,0.1031008363718983,0.0555911457199854,0.047125000760975,0.029638270413636,0.0236631501872165,0.0143027447262823,0.0156439716332137,0.004294367901341,0.2515754892362831,0.1288034436302053,0.1043623272483394,0.0707920385645756,0.050348001118064,0.0430873375734377,0.0391329502364614,0.0367282562011537,0.5198504033284498,0.0,0.8398595135025347,0.0,0.8268305864097293,0.0,8.861155168597247,41.352070505481215,0.594680517551433,0.0048837489967789,6.941432119191309,46.24461348350058,0.6828855523119839,0.0325792269461583,0.1559551209985349,0.1679719027005069,0.1488295055537512,1902.2222222222224
3434,1907.7777777777776,0.2503645055414531,0.1319114230123247,0.1033167065652848,0.055950673847626,0.0473240650212854,0.0293963474145668,0.0235970618998684,0.014437318263241,0.0157778147116016,0.003942053337973,0.2384878803233144,0.1233151380821992,0.1002900372624578,0.0689124219755353,0.0486111880733672,0.0425737866293606,0.0387297336303019,0.0366036446240957,0.5522390122275209,0.0,0.8398595135025347,0.0,0.9742504018167828,0.0,8.861155168597247,41.352070505481215,0.594680517551433,0.0048837489967789,6.941432119191309,46.24461348350058,0.6439496878277151,0.0325792269461583,0.1656717036682562,0.1679719027005069,0.1753650723270209,1907.7777777777776
3444,1913.3333333333333,0.2509213882306296,0.1319842157684356,0.1037492690742108,0.0560960153526542,0.0478261985353459,0.0293895751400868,0.0238369460863775,0.0142038654896601,0.0157333908922845,0.0040237545398539,0.2623311374145591,0.1535241290539948,0.1319155992656372,0.1028827451634896,0.0830980309063151,0.077913857721574,0.0739358606467021,0.0722224373719896,0.5522390122275209,0.0,0.5318951537944496,0.0,0.8137066940143403,0.0,8.861155168597247,41.352070505481215,0.594680517551433,0.0048837489967789,6.941432119191309,46.24461348350058,0.6439496878277151,0.0682526224728599,0.1656717036682562,0.1063790307588899,0.1464672049225812,1913.3333333333333
3454,1918.8888888888887,0.2002847769794846,0.1003779757808011,0.0658055868292556,0.0347638212143073,0.0267334437405747,0.0185836591869779,0.0138646139835071,0.0095939457443113,0.0120449768828588,0.0030774249636079,0.2629280543251166,0.1537628450018307,0.1320571497863021,0.1027702699784924,0.0835591832541171,0.0776973212637852,0.0737258984282581,0.0717172847132562,0.7030380030814636,0.0,0.9881311292459009,0.0,0.8137066940143403,0.0,6.581677959657334,41.352070505481215,0.594680517551433,0.0048837489967789,6.941432119191309,46.24461348350058,0.6439496878277151,0.0682526224728599,0.210911400924439,0.1976262258491801,0.1464672049225812,1918.8888888888887
3464,1924.4444444444443,0.1804681939925246,0.0711498555174297,0.0528079041750242,0.0231653010139194,0.020155564576155,0.0138807709205504,0.0113115429290989,0.0077461514960424,0.0113985358331385,0.0024928957666698,0.2635797128266284,0.1538616788894543,0.1324765804816859,0.1027094537572687,0.0834092754219821,0.0780092783451227,0.0735535812602737,0.0719126437435948,0.7030380030814636,0.0,-0.7958963002177789,0.0,0.9029968724245572,0.0,6.581677959657334,59.90723318857994,0.594680517551433,0.0048837489967789,6.941432119191309,46.24461348350058,0.6439496878277151,0.0682526224728599,0.210911400924439,-0.1591792600435558,0.1625394370364202,1924.4444444444443
3474,1930.0,0.1954395676410761,0.0761716814427804,0.0572858313844128,0.0246756806284575,0.0216132618790336,0.0141911033253905,0.0118760120802521,0.0076427088513378,0.0116127049225616,0.0028567567801727,0.2527096466663832,0.1491986441001623,0.1290186298917565,0.1006604929330142,0.0822992362307239,0.0777394734063368,0.073045556809756,0.071971187280887,-0.6757373273912748,0.0,-0.9903339003476166,0.0,0.9029968724245572,0.0,6.581677959657334,59.90723318857994,0.6777398613416665,0.0048837489967789,6.941432119191309,46.24461348350058,0.6439496878277151,0.0682526224728599,-0.2027211982173824,-0.1980667800695233,0.1625394370364202,1930.0
3484,1935.5555555555557,0.298886471052931,0.1982910993978109,0.1811858114810299,0.1545223991713037,0.1522305719538011,0.1454465274964051,0.1438854131017179,0.139944490094786,0.1439906881851462,0.1352271734847125,0.265428238913036,0.1552750604429735,0.1339814674149951,0.1025780719258454,0.0842757451255332,0.0784122379842811,0.0734431299147792,0.0722233327416858,0.9154286616280966,0.0,-0.5077559532635436,0.0,-0.8350277556961431,0.0,6.581677959657334,59.90723318857994,0.6777398613416665,0.1374485902460104,6.941432119191309,46.24461348350058,0.6439496878277151,0.0682526224728599,0.2746285984884289,-0.1015511906527087,-0.1503049960253057,1935.5555555555557
3494,1941.111111111111,0.2856174130109248,0.1933265445687636,0.177330581597599,0.1531697122053261,0.1507528752218098,0.1454436948048343,0.1434172303442389,0.1393900776648899,0.1437712580443987,0.1353554685030127,0.2461160438620727,0.1464187107351963,0.1255367410742376,0.0989995825135503,0.0811749225943092,0.076769237408244,0.0720202501232519,0.0716435350586509,-0.9899300573283568,0.0,-0.5077559532635436,0.0,0.6786168942096799,0.0,6.581677959657334,59.90723318857994,0.6777398613416665,0.1374485902460104,6.739726590220917,46.24461348350058,0.6439496878277151,0.0682526224728599,-0.296979017198507,-0.1015511906527087,0.1221510409577423,1941.111111111111
3504,1946.6666666666663,0.293179857435599,0.1969013269709371,0.1796116070062973,0.1536073192874196,0.1518500047511806,0.1456071754952461,0.1432239583678046,0.1394999464321759,0.1438619178397839,0.1348826689251615,0.2549363982383142,0.1480986881904051,0.1277119669618855,0.0988361837412681,0.0814085743334808,0.0764766263897998,0.0720013450569027,0.0721872278835739,0.4314369022080244,0.0,0.903637048189732,0.0,0.6786168942096799,0.0,6.581677959657334,59.90723318857994,0.6777398613416665,0.1374485902460104,6.739726590220917,47.88220509449936,0.6439496878277151,0.0682526224728599,0.1294310706624073,0.1807274096379464,0.1221510409577423,1946.6666666666663
3514,1952.2222222222224,0.2938333676645699,0.1970015184811894,0.1796413988331451,0.1539123403295323,0.1520109883311066,0.1458610769336814,0.1432327541333993,0.1392831412626035,0.1444776453545229,0.1352035126952323,0.223256979843453,0.1344639560200337,0.1176258999041168,0.0950283658848031,0.0784251788906033,0.074753883198869,0.0713670012610044,0.0718526509837152,0.4314369022080244,0.0,0.5683573543518381,0.0,0.9567380618905734,0.0,6.581677959657334,59.90723318857994,0.6777398613416665,0.1374485902460104,6.739726590220917,47.88220509449936,0.5454359001826706,0.0682526224728599,0.1294310706624073,0.1136714708703676,0.1722128511403032,1952.2222222222224
3524,1957.7777777777776,0.294999673431605,0.1977941607020727,0.180062590959132,0.1540102564652147,0.15229846363246,0.1463433926074881,0.1431287898269783,0.1389668128101572,0.1443126372559751,0.135619263887561,0.1910354513554566,0.0921294235376889,0.0737719713657604,0.0476787483100221,0.030884563014422,0.025885087659576,0.0222413515172806,0.0222764181756076,0.6021595438105726,0.0,0.7569336594486644,0.0,-0.5091421701551339,0.0,6.581677959657334,59.90723318857994,0.6777398613416665,0.1374485902460104,6.739726590220917,47.88220509449936,0.5454359001826706,0.0187359573266498,0.1806478631431717,0.1513867318897329,-0.091645590627924,1957.7777777777776
3534,1963.3333333333333,0.2927901876734604,0.1969198821314335,0.1791310403173318,0.1539779080787842,0.151642768772422,0.1462357113172107,0.1432655829604802,0.1394176750595483,0.1440606765666789,0.1354696125908379,0.1915772923763608,0.0923152105337004,0.0740648103530106,0.0476093127996409,0.0308222802398801,0.026094435546752,0.0223099556582474,0.0222654679821769,0.6021595438105726,0.0,0.7569336594486644,0.0,-0.5091421701551339,0.0,6.505676558930355,59.90723318857994,0.6777398613416665,0.1374485902460104,6.739726590220917,47.88220509449936,0.5454359001826706,0.0187359573266498,0.1806478631431717,0.1513867318897329,-0.091645590627924,1963.3333333333333
3544,1968.8888888888887,0.3019230016024056,0.2085717389620093,0.1840301861822665,0.1586155530952772,0.1539943986376743,0.1478337852813148,0.1444477893124553,0.1396479121950832,0.1441069727526753,0.1352651872976848,0.1918227026012319,0.0922117629548412,0.0735265849773665,0.0477202764095172,0.0304696999215922,0.0257787191355398,0.0221216318690292,0.0220761420264019,0.6021595438105726,0.0,0.7569336594486644,0.0,0.3623690246104334,0.0,6.505676558930355,50.06672895972814,0.6777398613416665,0.1374485902460104,6.739726590220917,47.88220509449936,0.5454359001826706,0.0187359573266498,0.1806478631431717,0.1513867318897329,0.065226424429878,1968.8888888888887
3554,1974.4444444444443,0.2591093919978788,0.1895284601762939,0.170818851706863,0.1530112706596795,0.1501870074604366,0.146199142947401,0.1428872417312161,0.1390396423839158,0.1439233020513268,0.1354908129525434,0.1938635321311092,0.0928621255052983,0.0747528312434689,0.0482296435442977,0.0304506615140885,0.0259923535369711,0.0224163821279487,0.0221805906201319,0.8437013834293993,0.0,-0.9177267905003678,0.0,-0.6545077430676323,0.0,6.505676558930355,50.06672895972814,0.524626731213278,0.1374485902460104,6.739726590220917,47.88220509449936,0.5454359001826706,0.0187359573266498,0.2531104150288197,-0.1835453581000735,-0.1178113937521738,1974.4444444444443
3564,1980.0,0.1822697232648747,0.0928245659698963,0.0708768723080465,0.0466646118776038,0.0424279439411923,0.0365015028797945,0.0328252161060809,0.02830859846776,0.0333661011346203,0.0248779712755788,0.1930435098667515,0.0925514963967315,0.0744220954020558,0.048084944828826,0.0303659603100094,0.0258650639364356,0.0224605555932394,0.0223677510767783,0.7706391512895227,0.0,-0.9177267905003678,0.0,-0.6545077430676323,0.0,6.505676558930355,50.06672895972814,0.524626731213278,0.026445655705219,6.739726590220917,47.88220509449936,0.5454359001826706,0.0187359573266498,0.2311917453868567,-0.1835453581000735,-0.1178113937521738,1980.0
3574,1985.5555555555557,0.1781882392654198,0.091317669021599,0.0691861120524552,0.0463251373094661,0.0413512659233936,0.0364253339260034,0.0324317456462941,0.0281823054185056,0.0331558606227416,0.0246192835365424,0.2242685079796962,0.1104294546084851,0.0978335737295743,0.059235187105175,0.042759084052421,0.0308688211278769,0.0273519238399783,0.0244217776007467,0.33537562707257,0.0,-0.4754639080624345,0.0,-0.9783949204612192,0.0,6.505676558930355,50.06672895972814,0.524626731213278,0.026445655705219,8.581427041372862,47.88220509449936,0.5454359001826706,0.0187359573266498,0.100612688121771,-0.0950927816124869,-0.1761110856830194,1985.5555555555557
3584,1991.111111111111,0.1819251792789514,0.093087729965826,0.0698592190674372,0.0468598009401843,0.0419417296407169,0.03663583416817,0.0325865609838669,0.0284196485009802,0.032957382084221,0.0244901490806289,0.2262696672613441,0.1085064462424868,0.0974741836895353,0.0586514200876384,0.0423459990988123,0.030523151660701,0.0272696152722867,0.0241660055953457,0.8087622819779777,0.0,-0.4754639080624345,0.0,-0.9783949204612192,0.0,6.505676558930355,50.06672895972814,0.524626731213278,0.026445655705219,8.581427041372862,49.68485537267863,0.5454359001826706,0.0187359573266498,0.2426286845933933,-0.0950927816124869,-0.1761110856830194,1991.111111111111
3594,1996.6666666666663,0.1785424392408256,0.0932000196959823,0.0687531130058747,0.0465509356881298,0.0418447448026612,0.036678470452893,0.0325976081390388,0.0282837582640815,0.0328055604923522,0.0246249167549412,0.2214152230620848,0.1068232655993567,0.0956879122498225,0.0582946332126539,0.0418396938221475,0.0301519708336528,0.0274223010064013,0.0241391164262289,0.2628652397227969,0.0,0.8915451679417221,0.0,0.4170071455098331,0.0,6.505676558930355,50.06672895972814,0.524626731213278,0.026445655705219,8.581427041372862,49.68485537267863,0.5367407042040498,0.0187359573266498,0.078859571916839,0.1783090335883444,0.0750612861917699,1996.6666666666663
3604,2002.2222222222224,0.1780492696480466,0.0915591630736645,0.0683763107980428,0.0465845657410144,0.0416061991082432,0.036589828990843,0.0325026389373612,0.0284669528818508,0.033049293188117,0.024780105926041,0.2686561867372008,0.1722943603973764,0.1639985292551288,0.1335660033583779,0.1188333984924029,0.1097068065330347,0.1074127087616662,0.1054046710189824,0.2628652397227969,0.0,-0.4059248726197543,0.0,-0.8379203032799459,0.0,6.505676558930355,50.06672895972814,0.524626731213278,0.026445655705219,8.581427041372862,49.68485537267863,0.5367407042040498,0.1004796839725968,0.078859571916839,-0.0811849745239508,-0.1508256545903902,2002.2222222222224
3614,2007.7777777777776,0.1926515250773559,0.0989587248181427,0.0776273510432774,0.0510597806211653,0.0459459911094291,0.0385156061937539,0.0339948838350776,0.0294931543565988,0.0334812180965162,0.025028694585981,0.2681918845630401,0.1724911732722231,0.1639908197467909,0.1337852377177752,0.1181579066685996,0.1094610632046002,0.1072969740659469,0.1054585805929841,0.2628652397227969,0.0,-0.7899335996508929,0.0,0.6002657024696273,0.0,7.2507676086234225,50.06672895972814,0.524626731213278,0.026445655705219,8.581427041372862,49.68485537267863,0.5367407042040498,0.1004796839725968,0.078859571916839,-0.1579867199301786,0.1080478264445329,2007.7777777777776
3624,2013.3333333333333,0.1949237150281998,0.0995212984257399,0.0782951820002262,0.0511972071908424,0.046045082780005,0.0385751851138463,0.0341834735123919,0.029487297141151,0.0334317515763,0.0251757687083447,0.2718329238650521,0.1739786835997452,0.1656921999308113,0.1346653553743726,0.1188131853582769,0.1098038577002227,0.1074029813180768,0.105165359201692,0.6271598923874568,0.0,-0.8457774504933335,0.0,0.6002657024696273,0.0,7.2507676086234225,50.53874400100114,0.524626731213278,0.026445655705219,8.581427041372862,49.68485537267863,0.5367407042040498,0.1004796839725968,0.188147967716237,-0.1691554900986667,0.1080478264445329,2013.3333333333333
3634,2018.8888888888887,0.1926374224081647,0.0998072588012487,0.0775246364290953,0.0505470122144608,0.0457414305540759,0.0378576870226442,0.03411345674757,0.0291857198893904,0.0332753814742735,0.025296302249068,0.2609334214817491,0.1687601220233625,0.1620253867490887,0.1327481757327717,0.1175318516531247,0.1092867672959474,0.1072199057252915,0.1050832834188367,-0.5528311306728328,0.0,0.957071648966924,0.0,-0.8882268518515439,0.0,7.2507676086234225,50.53874400100114,0.5565905735724689,0.026445655705219,8.581427041372862,49.68485537267863,0.5367407042040498,0.1004796839725968,-0.1658493392018498,0.1914143297933848,-0.1598808333332779,2018.8888888888887
3644,2024.4444444444443,0.2264140753085771,0.1435115553815422,0.1228316230154117,0.0991752177016632,0.0949466482145277,0.0879341939290511,0.0845757154177185,0.0800145077899866,0.0838611157073369,0.0757783988889571,0.2609989162996335,0.1690411662584356,0.1612766062626457,0.1324197915829263,0.1171006181753937,0.109071599809599,0.1068949572370273,0.1051653225306148,-0.5528311306728328,0.0,0.957071648966924,0.0,0.5414781037363263,0.0,7.2507676086234225,50.53874400100114,0.5565905735724689,0.0774241781266415,8.581427041372862,49.68485537267863,0.5367407042040498,0.1004796839725968,-0.1658493392018498,0.1914143297933848,0.0974660586725387,2024.4444444444443
3654,2030.0,0.2289914571457811,0.1441651195560562,0.1236126587898962,0.0992935004162795,0.0952136445335299,0.0886438550920599,0.0844265124020099,0.0801663205694111,0.0834973009541614,0.0758996390319295,0.2522391866741503,0.1639426356709467,0.1545641711563526,0.1293756277415476,0.1139620609651882,0.1076573012685833,0.1052144778433584,0.1044782313762102,-0.406216343151928,0.0,0.2855277762306661,0.0,0.5414781037363263,0.0,7.2507676086234225,50.53874400100114,0.5565905735724689,0.0774241781266415,7.885600772247455,49.68485537267863,0.5367407042040498,0.1004796839725968,-0.1218649029455783,0.0571055552461332,0.0974660586725387,2030.0
3664,2035.5555555555557,0.2291339723960254,0.1438892737231813,0.1237462380926509,0.0996805766222023,0.0952288219457567,0.0890168977946515,0.0846855543946954,0.0801226579597991,0.0835823679816716,0.0759344954624691,0.2511722901870093,0.1629788299076231,0.1536801029608216,0.1285412020373977,0.1134077590589828,0.1074334011149857,0.1049494588480745,0.1046411298306263,-0.406216343151928,0.0,0.2855277762306661,0.0,0.5414781037363263,0.0,7.2507676086234225,50.53874400100114,0.5565905735724689,0.0774241781266415,7.885600772247455,50.72416159082536,0.5367407042040498,0.1004796839725968,-0.1218649029455783,0.0571055552461332,0.0974660586725387,2035.5555555555557
3674,2041.111111111111,0.2321273742340625,0.1442003498355441,0.1249095180267872,0.0998609477669229,0.0953681670352304,0.0888730038934478,0.0848379838141594,0.080792391041442,0.0836109377766975,0.0762176425047075,0.2669687819819408,0.1696671969485201,0.1591306991111996,0.1306712767180206,0.1156726917251134,0.108018638547595,0.1049285231636484,0.1050087678625366,-0.283413270279534,0.0,-0.8831874261745034,0.0,0.6878445835661464,0.0,7.2507676086234225,50.53874400100114,0.5565905735724689,0.0774241781266415,7.885600772247455,50.72416159082536,0.5791208214589801,0.1004796839725968,-0.0850239810838602,-0.1766374852349007,0.1238120250419063,2041.111111111111
3684,2046.6666666666663,0.2358752066533145,0.1456956480233255,0.1256489501278919,0.10029847588159,0.0956633261852343,0.0892205671144592,0.0848354598540272,0.0810572729245068,0.0836701083925186,0.0765577337604159,0.2826942035956057,0.1867316330546139,0.1762850584061655,0.1483813540237509,0.1334169193832018,0.1261803628484252,0.122861731767952,0.1229816197753579,0.2529061761761424,0.0,-0.8831874261745034,0.0,0.6878445835661464,0.0,7.2507676086234225,50.53874400100114,0.5565905735724689,0.0774241781266415,7.885600772247455,50.72416159082536,0.5791208214589801,0.1186220698155793,0.0758718528528427,-0.1766374852349007,0.1238120250419063,2046.6666666666663
3694,2052.222222222222,0.2615500342153514,0.1609346041635029,0.1462890452100378,0.1108763469970088,0.107379805273926,0.0947227560005219,0.0901597661677233,0.0831467638812488,0.0859326648644972,0.0776906727918826,0.2771845911613079,0.184491540841547,0.1749989348056946,0.1481155341799828,0.1331466085059872,0.1261481281565814,0.1230872937469028,0.1226827466207753,-0.4340989587618679,0.0,-0.8299289775806853,0.0,-0.5021449671351861,0.0,9.19499983726619,50.53874400100114,0.5565905735724689,0.0774241781266415,7.885600772247455,50.72416159082536,0.5791208214589801,0.1186220698155793,-0.1302296876285603,-0.165985795516137,-0.0903860940843334,2052.222222222222
3704,2057.777777777778,0.2680279503172052,0.1725673250668537,0.1526278185027758,0.1174272509978889,0.1117190829529339,0.0976443231384401,0.0924298016538863,0.0844517997944595,0.086965581712068,0.07836669239417,0.2746211154728906,0.1835870294087856,0.1741141033999144,0.1477145433723503,0.1327010098512398,0.1260053822787609,0.1231279460793872,0.1231616066104346,-0.7380436603876935,0.0,-0.8299289775806853,0.0,-0.5021449671351861,0.0,9.19499983726619,43.587425273764126,0.5565905735724689,0.0774241781266415,7.885600772247455,50.72416159082536,0.5791208214589801,0.1186220698155793,-0.221413098116308,-0.165985795516137,-0.0903860940843334,2057.777777777778
3714,2063.333333333333,0.2548504894482195,0.1662272617822482,0.147776007307565,0.1148059763270056,0.1093770298490994,0.0964815665653939,0.0913295034843515,0.0839329706739125,0.0868450637789534,0.0782186219414513,0.2745528302069925,0.1834152433947488,0.1739904723680819,0.1473394000269113,0.1328066581849981,0.1260861429710801,0.1233266198649634,0.1234610514642398,-0.7380436603876935,0.0,-0.6563343983062064,0.0,-0.3956856398390664,0.0,9.19499983726619,43.587425273764126,0.5272617449636061,0.0774241781266415,7.885600772247455,50.72416159082536,0.5791208214589801,0.1186220698155793,-0.221413098116308,-0.1312668796612413,-0.0712234151710319,2063.333333333333
3724,2068.8888888888887,0.2345138904932825,0.1241408278853704,0.1026795254047256,0.0613147385884196,0.0543590983570822,0.0385121434821386,0.0334752140889239,0.0241493330077141,0.0273544273334716,0.0180405273344311,0.2864512372751046,0.187414034187191,0.1772877621854636,0.1486415603327813,0.1343102003335637,0.1263794031707283,0.1234577189015586,0.1238307715926291,0.8058626743369018,0.0,-0.8888252521278885,0.0,-0.3956856398390664,0.0,9.19499983726619,43.587425273764126,0.5272617449636061,0.0169787461173064,7.885600772247455,50.72416159082536,0.5791208214589801,0.1186220698155793,0.2417588023010705,-0.1777650504255777,-0.0712234151710319,2068.8888888888887
3734,2074.4444444444443,0.2351001259701144,0.125266936688401,0.1039783887228128,0.0628357833131454,0.0558482504455711,0.0392768763423376,0.0341167605294582,0.024676816406485,0.0276320892286726,0.0180433418383306,0.3029547050665033,0.1974209298435984,0.1902223504338292,0.1547801154837786,0.1414759077110627,0.129475500712127,0.1263406896342576,0.1246461775736929,0.6662932165256904,0.0,-0.8888252521278885,0.0,-0.298467618308754,0.0,9.19499983726619,43.587425273764126,0.5272617449636061,0.0169787461173064,8.938790191344951,50.72416159082536,0.5791208214589801,0.1186220698155793,0.1998879649577071,-0.1777650504255777,-0.0537241712955757,2074.4444444444443
3744,2080.0,0.2322293672456337,0.1241965881424684,0.1029040139119949,0.0623454641285133,0.0555990065630946,0.0393639886649292,0.0337569716218564,0.0245579293798383,0.0274767426582397,0.0181687291223558,0.2923954394728049,0.1854761544098631,0.1837621289205046,0.1492941747055477,0.1377879419347772,0.1274975839123481,0.1250991224202604,0.123842940748469,0.4405862604607091,0.0,-0.8888252521278885,0.0,-0.391561334058278,0.0,9.19499983726619,43.587425273764126,0.5272617449636061,0.0169787461173064,8.938790191344951,58.83182605711836,0.5791208214589801,0.1186220698155793,0.1321758781382127,-0.1777650504255777,-0.07048104013049,2080.0
3754,2085.555555555556,0.219253991563206,0.1187278486083734,0.0977377876466921,0.0599774590509474,0.0536912412939823,0.0385395979753919,0.0323881952173588,0.024129339402202,0.0273120509060897,0.0178133233811406,0.270995490950591,0.1767470472164226,0.1756605845076086,0.1461679567086105,0.1346382163009205,0.1268609692723549,0.1239800545138015,0.1235160074776064,-0.5988692803082248,0.0,0.3555303291410816,0.0,-0.391561334058278,0.0,9.19499983726619,43.587425273764126,0.5272617449636061,0.0169787461173064,8.938790191344951,58.83182605711836,0.5461334364602205,0.1186220698155793,-0.1796607840924674,0.0711060658282163,-0.07048104013049,2085.555555555556
3764,2091.111111111111,0.2190620891284988,0.1183044804976211,0.0979944776481137,0.0598899280841899,0.0536197559696383,0.0389898285273395,0.0322426825865357,0.0239535602355138,0.0270951065688178,0.0184179177811333,0.287593053622848,0.1995180658286217,0.1989144373799915,0.1716303807260797,0.1603833789722845,0.1529562380582073,0.1503358806191038,0.1499227143321316,-0.5988692803082248,0.0,0.3555303291410816,0.0,-0.7323786061950422,0.0,9.19499983726619,43.587425273764126,0.5272617449636061,0.0169787461173064,8.938790191344951,58.83182605711836,0.5461334364602205,0.1454861360373257,-0.1796607840924674,0.0711060658282163,-0.1318281491151076,2091.111111111111
3774,2096.6666666666665,0.1905413990976363,0.0993486928951678,0.0727779316440087,0.0456392636111342,0.0385659492589016,0.0314578475302153,0.0249506596600794,0.0205744804873831,0.0239534599910121,0.0171419083809056,0.2972677239882384,0.203070251472081,0.2014156078432657,0.1734666497998075,0.1614357917245837,0.1535111790528774,0.1510461931184353,0.1498439979253482,0.456824703003239,0.0,0.4167128908347282,0.0,0.7422001312561984,0.0,7.065016534794893,43.587425273764126,0.5272617449636061,0.0169787461173064,8.938790191344951,58.83182605711836,0.5461334364602205,0.1454861360373257,0.1370474109009717,0.0833425781669456,0.1335960236261157,2096.6666666666665
3784,2102.222222222222,0.1771652884422735,0.0857863652967295,0.0652971435086613,0.0399607768652981,0.0351033704998161,0.0292785477161461,0.0234350101246069,0.0201590139874995,0.0235414686424183,0.0166623506279115,0.2907987600995072,0.2007133901303568,0.1985570426420035,0.1724321320996175,0.1607367023761642,0.1534449427047679,0.1503707504606603,0.1498776551911125,-0.2913755948015892,0.0,-0.2540197897852679,0.0,0.7422001312561984,0.0,7.065016534794893,50.12952032376262,0.5272617449636061,0.0169787461173064,8.938790191344951,58.83182605711836,0.5461334364602205,0.1454861360373257,-0.0874126784404767,-0.0508039579570535,0.1335960236261157,2102.222222222222
3794,2107.777777777778,0.1970442953879916,0.0934088433991166,0.0716861425765,0.0426141126838068,0.0369577282880975,0.0298895034902585,0.0240992012511346,0.0203935671306607,0.0236778389625434,0.0166055517017834,0.2852865559047485,0.1988000959028242,0.197340698554288,0.1716524940920069,0.1601892744208661,0.1533059533954953,0.1501413220435207,0.149928976039082,-0.9180400433609044,0.0,-0.8637957766835517,0.0,-0.982362092763048,0.0,7.065016534794893,50.12952032376262,0.599477008843903,0.0169787461173064,8.938790191344951,58.83182605711836,0.5461334364602205,0.1454861360373257,-0.2754120130082713,-0.1727591553367103,-0.1768251766973486,2107.777777777778
3804,2113.333333333333,0.277639816622158,0.1972800727531009,0.1788748280424762,0.1575037357024409,0.1527115050329139,0.1481892964995877,0.142827986854361,0.1402182382690666,0.1436379372912369,0.1369274611635857,0.2850271221567033,0.1990825149764657,0.196886370275076,0.1717353727507614,0.1603764504147989,0.1534316213254952,0.1501858816113212,0.1499743828637426,-0.9180400433609044,0.0,-0.2612484279623753,0.0,-0.982362092763048,0.0,7.065016534794893,50.12952032376262,0.599477008843903,0.137243385410826,8.938790191344951,58.83182605711836,0.5461334364602205,0.1454861360373257,-0.2754120130082713,-0.052249685592475,-0.1768251766973486,2113.333333333333
3814,2118.8888888888887,0.288767117218573,0.2023353635991696,0.1829430245261919,0.1590661962943679,0.1542370608681403,0.1484433459756872,0.1432355787533547,0.1406941615926912,0.1433712094552238,0.137066446110736,0.2598152877474046,0.1856470950915267,0.1772821727695943,0.1629113642560306,0.1508404248033469,0.149848396840022,0.1461260980726121,0.148795766845733,0.6146036183707693,0.0,-0.2612484279623753,0.0,-0.9451487153201192,0.0,7.065016534794893,50.12952032376262,0.599477008843903,0.137243385410826,6.12158657968433,58.83182605711836,0.5461334364602205,0.1454861360373257,0.1843810855112307,-0.052249685592475,-0.1701267687576214,2118.8888888888887
3824,2124.4444444444443,0.2889320266669822,0.2018368422670429,0.1836013876870489,0.1596883384239934,0.1543389043248588,0.14837085769613,0.1435232916980787,0.1409807003619869,0.142999013948139,0.1373047857393835,0.2690625613427539,0.197031728818609,0.1824433797063012,0.1676666316258093,0.15289972575953,0.1510413580233445,0.1469707837731131,0.1491832994738264,0.6146036183707693,0.0,-0.6872037130812167,0.0,-0.8250412356684182,0.0,7.065016534794893,50.12952032376262,0.599477008843903,0.137243385410826,6.12158657968433,46.30701628868763,0.5461334364602205,0.1454861360373257,0.1843810855112307,-0.1374407426162433,-0.1485074224203152,2124.4444444444443
3834,2130.0,0.2829943105903713,0.200208441543421,0.1811249929126251,0.158692361700992,0.1537432464425994,0.1477700854807819,0.1433486402731603,0.1410163587142797,0.142923880681322,0.1373923872989876,0.2881133276740791,0.2049219711394356,0.1877855198554037,0.1699814122330129,0.154191398779514,0.1516634274884005,0.1475687806104223,0.1494429572675824,0.2983815870808195,0.0,0.8718881319584524,0.0,-0.8250412356684182,0.0,7.065016534794893,50.12952032376262,0.599477008843903,0.137243385410826,6.12158657968433,46.30701628868763,0.6199949396931455,0.1454861360373257,0.0895144761242458,0.1743776263916905,-0.1485074224203152,2130.0
3844,2135.555555555556,0.2889934652002036,0.2029595524877905,0.1833252589841985,0.1598720037566425,0.1544584224308887,0.1481181078289293,0.1435735499176276,0.1409607209838684,0.1427495477884788,0.1378046546753931,0.198999998015036,0.0894196779253479,0.0671116901587735,0.0410305463159362,0.0229352204510852,0.0182170464010216,0.0132978054270607,0.0142126493841511,0.9698240978117622,0.0,0.8718881319584524,0.0,-0.7437312436460588,0.0,7.065016534794893,50.12952032376262,0.599477008843903,0.137243385410826,6.12158657968433,46.30701628868763,0.6199949396931455,0.0099597327754918,0.2909472293435286,0.1743776263916905,-0.1338716238562906,2135.555555555556
3854,2141.111111111111,0.2937957381387219,0.2040982987900257,0.185571075858668,0.1605086117317341,0.1555573697191078,0.1485539861303875,0.1437735121880705,0.1413535473270615,0.1429792442873074,0.1377546291743794,0.1993555760277445,0.0896860923135646,0.0667859036687425,0.040849853579787,0.0233338819946813,0.0179787727882768,0.0133326125881736,0.0136811892172838,0.9698240978117622,0.0,-0.8858965681802208,0.0,-0.5831477133431722,0.0,7.1569618444992695,50.12952032376262,0.599477008843903,0.137243385410826,6.12158657968433,46.30701628868763,0.6199949396931455,0.0099597327754918,0.2909472293435286,-0.1771793136360441,-0.1049665884017709,2141.111111111111
3864,2146.6666666666665,0.2920670163667696,0.2038879423816045,0.1852587420728196,0.1603680766653077,0.1554302374421927,0.1487967338851427,0.1438762731881833,0.1409098851811035,0.142965993278606,0.1376476685241368,0.1965705464806968,0.0884891210368082,0.0658163501358634,0.0400231569331771,0.0231927704021357,0.0178722988138588,0.0129509546665547,0.0135014092008422,0.6250630961051744,0.0,-0.8858965681802208,0.0,-0.5831477133431722,0.0,7.1569618444992695,49.30126908195081,0.599477008843903,0.137243385410826,6.12158657968433,46.30701628868763,0.6199949396931455,0.0099597327754918,0.1875189288315523,-0.1771793136360441,-0.1049665884017709,2146.6666666666665
3874,2152.222222222222,0.3146264137918624,0.2149096537373799,0.1928109244749803,0.1636501775180499,0.1582388706515526,0.1500420272485515,0.1445518901589721,0.1415552871469424,0.143125907615436,0.1378225935516832,0.1965145445018243,0.0881939238439878,0.0653893145245817,0.0402418517686681,0.0231785316496862,0.0181798985478556,0.0123769525596048,0.013630704334757,0.6556146797230267,0.0,0.8947588784052531,0.0,-0.4793006326400252,0.0,7.1569618444992695,49.30126908195081,0.6761714053738455,0.137243385410826,6.12158657968433,46.30701628868763,0.6199949396931455,0.0099597327754918,0.196684403916908,0.1789517756810506,-0.0862741138752045,2152.222222222222
3884,2157.777777777778,0.2991441605344742,0.1952923612313767,0.1720767251583942,0.1417698227560125,0.1362564794690336,0.12735614838969,0.1220158426296646,0.1185301957650026,0.1201192402754547,0.1148207310774672,0.1968280784408395,0.0881417724571551,0.0652868091030494,0.0397482020496568,0.0229309030505105,0.0181446618952656,0.0121162341838294,0.0132865095182402,0.6556146797230267,0.0,0.8780786590342815,0.0,-0.4793006326400252,0.0,7.1569618444992695,49.30126908195081,0.6761714053738455,0.1141439282486681,6.12158657968433,46.30701628868763,0.6199949396931455,0.0099597327754918,0.196684403916908,0.1756157318068563,-0.0862741138752045,2157.777777777778
3894,2163.333333333333,0.2983489776542942,0.1950381236499233,0.1716189447042098,0.1416947882780677,0.1363261511765355,0.1274452298488425,0.1218498900659264,0.1185628751573242,0.1199106260068512,0.1146699641235669,0.2492499552918768,0.1180891019366369,0.1014489674282664,0.0576012366974026,0.0407862346604978,0.0261892897676594,0.0193823540629504,0.0160868470370883,0.5431884884765686,0.0,0.9111593592110578,0.0,-0.5740219496773181,0.0,7.1569618444992695,49.30126908195081,0.6761714053738455,0.1141439282486681,8.486941408685224,46.30701628868763,0.6199949396931455,0.0099597327754918,0.1629565465429706,0.1822318718422115,-0.1033239509419172,2163.333333333333
3904,2168.8888888888887,0.2983244739702468,0.194719587752832,0.1714079687432149,0.141610228217048,0.136080367522098,0.1272921995994697,0.1215440913670274,0.1183546321569676,0.1200115656359434,0.1147839320113469,0.235948354801329,0.1003657986967285,0.0917770975811714,0.0493155408379237,0.0354444919388337,0.022594977926834,0.0170598208516504,0.0149011154364676,0.5431884884765686,0.0,0.9111593592110578,0.0,-0.5740219496773181,0.0,7.1569618444992695,49.30126908195081,0.6761714053738455,0.1141439282486681,8.486941408685224,55.22139545058625,0.6199949396931455,0.0099597327754918,0.1629565465429706,0.1822318718422115,-0.1033239509419172,2168.8888888888887
3914,2174.4444444444443,0.2911473725648573,0.1912751574352216,0.1690770178149324,0.1406141475514316,0.135099817349371,0.1267013398264048,0.1210767243309122,0.1183234467672066,0.1197998520107412,0.1147801095768151,0.2352469973288143,0.0999630060947063,0.0915532673163589,0.0491173878182865,0.0352723064807273,0.0224323604602265,0.0167389374456526,0.0150892966953272,-0.4276403066481875,0.0,0.5393464102130475,0.0,-0.5740219496773181,0.0,7.1569618444992695,49.30126908195081,0.6761714053738455,0.1141439282486681,8.486941408685224,55.22139545058625,0.6415441552099566,0.0099597327754918,-0.1282920919944562,0.1078692820426095,-0.1033239509419172,2174.4444444444443
3924,2180.0,0.2918508433071364,0.1912045890311735,0.1694042909644517,0.1405812733998668,0.1354929851195222,0.1261940603427722,0.1213540911931712,0.1185037644293182,0.1200123445131234,0.1147597267093969,0.3094916503901587,0.1995540030528239,0.1929159172305259,0.160540550143323,0.1465087110529052,0.1377380198465388,0.1323728300764315,0.1319532055056419,-0.4276403066481875,0.0,0.5393464102130475,0.0,0.5005833415419239,0.0,7.1569618444992695,49.30126908195081,0.6761714053738455,0.1141439282486681,8.486941408685224,55.22139545058625,0.6415441552099566,0.127454001396967,-0.1282920919944562,0.1078692820426095,0.0901050014775463,2180.0
3934,2185.555555555556,0.3139779093695423,0.2047932821598318,0.1866035586171967,0.1495346854301452,0.1454635595897654,0.1306850024246412,0.1254620496132301,0.1206938991356841,0.1219296390452693,0.1152225964003254,0.3050061595449996,0.1973720281064499,0.1911738636773879,0.1598625549123263,0.145421753281161,0.1373547699711519,0.1319928538452479,0.1320992310399744,-0.9483973060562632,0.0,0.5443207074186057,0.0,0.5005833415419239,0.0,8.580725410357404,49.30126908195081,0.6761714053738455,0.1141439282486681,8.486941408685224,55.22139545058625,0.6415441552099566,0.127454001396967,-0.2845191918168789,0.1088641414837211,0.0901050014775463,2185.555555555556
3944,2191.111111111111,0.3071043999789174,0.1954981512606514,0.1813977511530487,0.144851069770208,0.1426700958119163,0.1287684974133889,0.1238563264427689,0.1199178213321257,0.121684476849992,0.1149861073025926,0.3048051275459546,0.1968953533020909,0.1918908128494125,0.1599249903966328,0.1458047807121073,0.1376484532857788,0.1320816726887227,0.1323985155764316,-0.9483973060562632,0.0,0.5443207074186057,0.0,-0.7036746625249121,0.0,8.580725410357404,54.71366118627202,0.6761714053738455,0.1141439282486681,8.486941408685224,55.22139545058625,0.6415441552099566,0.127454001396967,-0.2845191918168789,0.1088641414837211,-0.1266614392544841,2191.111111111111
3954,2196.6666666666665,0.2689539112159105,0.1793935514451254,0.1670478381469441,0.1387281427212094,0.13765179985874,0.1265656333525392,0.1217906772660644,0.1193677496468623,0.1207363803578025,0.1143670009186972,0.3097415583966869,0.1989110176279475,0.1935204404682641,0.1607718557502322,0.1462507021308235,0.137829642623745,0.1326075373612763,0.1324622126287689,-0.3895744745773837,0.0,0.5443207074186057,0.0,-0.6055925084475338,0.0,8.580725410357404,54.71366118627202,0.5603289005504428,0.1141439282486681,8.486941408685224,55.22139545058625,0.6415441552099566,0.127454001396967,-0.1168723423732151,0.1088641414837211,-0.109006651520556,2196.6666666666665
3964,2202.222222222222,0.2208131792538129,0.1077767166641054,0.0931491451386815,0.0561195111067063,0.0542034683598846,0.0395874126049573,0.0349833635720629,0.0310369389172729,0.0324056790211323,0.0254587366309608,0.3178700200485018,0.2020295420842525,0.1956759079245882,0.1619689034583016,0.1474077049273378,0.1382871710670627,0.1334206162417178,0.1327944634355909,0.4812910631157428,0.0,0.5354012232074776,0.0,0.4687967096577496,0.0,8.580725410357404,54.71366118627202,0.5603289005504428,0.0251461084348112,8.486941408685224,55.22139545058625,0.6415441552099566,0.127454001396967,0.1443873189347228,0.1070802446414955,0.0843834077383949,2202.222222222222
3974,2207.777777777778,0.2226511565767663,0.1080155910878433,0.0936820290349936,0.0564309209536903,0.0545121132548374,0.0394603914421112,0.0354065520497525,0.0310803670669144,0.0323825640589406,0.0250256243432274,0.3141859909286957,0.2001427479718931,0.1935136058984305,0.1606124048509738,0.1461792891617138,0.1380663976415732,0.1329442654050169,0.1327318867467139,0.4812910631157428,0.0,-0.3451956033033289,0.0,-0.3627783361211922,0.0,8.580725410357404,54.71366118627202,0.5603289005504428,0.0251461084348112,8.269574937467365,55.22139545058625,0.6415441552099566,0.127454001396967,0.1443873189347228,-0.0690391206606657,-0.0653001005018145,2207.777777777778
3984,2213.333333333333,0.2247809724215594,0.1086363471792854,0.0951759821229253,0.0562735355976,0.0548475627238946,0.0393550374041894,0.0358540679504565,0.0310861256530254,0.0325793103372085,0.0251655845648989,0.3324042872027356,0.2222934825652167,0.2056607074020717,0.1713708490216391,0.152326901979516,0.1420503263875915,0.1352212922093548,0.1336442687642967,0.7531784108075928,0.0,-0.3451956033033289,0.0,0.8129999533161699,0.0,8.580725410357404,54.71366118627202,0.5603289005504428,0.0251461084348112,8.269574937467365,43.316745915373225,0.6415441552099566,0.127454001396967,0.2259535232422778,-0.0690391206606657,0.1463399915969105,2213.333333333333
3994,2218.8888888888887,0.2199295357962332,0.1055851662818517,0.0931309340082484,0.0552380524583342,0.0541806578705382,0.0394274293136744,0.0356103472799314,0.0307500879196017,0.0321371521319066,0.0251616992714459,0.3439369500347993,0.2280693439647334,0.2100703790253002,0.1735004021184872,0.1538983425186635,0.1424624768557365,0.1357408070733479,0.1340276826726431,0.2566140565126358,0.0,-0.886700125673503,0.0,0.8129999533161699,0.0,8.580725410357404,54.71366118627202,0.5603289005504428,0.0251461084348112,8.269574937467365,43.316745915373225,0.6838911703039938,0.127454001396967,0.0769842169537907,-0.1773400251347006,0.1463399915969105,2218.8888888888887
4004,2224.4444444444443,0.2221091244110083,0.1063114409393469,0.0940770233125512,0.0557209015349079,0.054264058696876,0.0395965984332332,0.0359970504284937,0.0308499062648901,0.0322124086779017,0.0255588435130732,0.3205733546374009,0.1974110740525001,0.1784406262436837,0.1381360321983981,0.118537962646591,0.1051000923894502,0.0987304759866717,0.0963936838521488,0.2566140565126358,0.0,-0.886700125673503,0.0,-0.8895849143921821,0.0,8.580725410357404,54.71366118627202,0.5603289005504428,0.0251461084348112,8.269574937467365,43.316745915373225,0.6838911703039938,0.0894964256034182,0.0769842169537907,-0.1773400251347006,-0.1601252845905927,2224.4444444444443
4014,2230.0,0.2041385729718973,0.0978840137003768,0.081266542078295,0.0491718065150099,0.0475290210257934,0.0365630075932046,0.0328260195385026,0.0296915590738661,0.0313627338345376,0.0252795459917869,0.3268615914617647,0.2001990301512107,0.1814874017958783,0.1393621848968019,0.1190231881851159,0.1056632709604707,0.0988332246161603,0.0962744256388561,0.9588656809465028,0.0,0.950498945152817,0.0,-0.9913774769700384,0.0,7.45418916118984,54.71366118627202,0.5603289005504428,0.0251461084348112,8.269574937467365,43.316745915373225,0.6838911703039938,0.0894964256034182,0.2876597042839508,0.1900997890305634,-0.1784479458546069,2230.0
4024,2235.555555555556,0.1994018018577094,0.0921740564508968,0.0784105643611788,0.0468223336917756,0.0465639007619268,0.0359501789739841,0.0324565619000495,0.029611674431065,0.0313302639415934,0.0252894602294763,0.3270566537849363,0.2006619966458563,0.1818498764704386,0.1401168574849007,0.1194320837643939,0.105562266732304,0.0989845837453354,0.0966475834823843,0.9588656809465028,0.0,0.950498945152817,0.0,-0.9913774769700384,0.0,7.45418916118984,58.73286313304702,0.5603289005504428,0.0251461084348112,8.269574937467365,43.316745915373225,0.6838911703039938,0.0894964256034182,0.2876597042839508,0.1900997890305634,-0.1784479458546069,2235.555555555556
4034,2241.111111111111,0.1871629570703654,0.0871650340518908,0.0745172520271741,0.0453796070386808,0.0450219541790021,0.0355452948912313,0.0323521436751672,0.0294616153605711,0.0309275624680303,0.0250974010718144,0.3228494544807193,0.1986772033034243,0.1802111706426259,0.139866999410231,0.1191123421218397,0.1055453609869366,0.0987027941135885,0.0966238973618879,0.466311520153124,0.0,0.7033996233957668,0.0,-0.9913774769700384,0.0,7.45418916118984,58.73286313304702,0.531026054387569,0.0251461084348112,8.269574937467365,43.316745915373225,0.6838911703039938,0.0894964256034182,0.1398934560459372,0.1406799246791533,-0.1784479458546069,2241.111111111111
4044,2246.6666666666665,0.2229543516999625,0.1326981616777352,0.1210400548045197,0.0950932202449799,0.0956255571298833,0.0867280729152539,0.0842497710526391,0.0815737948671828,0.0826765504991881,0.0769376848454396,0.3225131308486693,0.1983940771010638,0.1784400493446824,0.1396359391245062,0.1180126783992005,0.104934603407621,0.0984888432348096,0.0963117041849134,0.466311520153124,0.0,0.264825373449231,0.0,0.8133532062687447,0.0,7.45418916118984,58.73286313304702,0.531026054387569,0.0771699506542869,8.269574937467365,43.316745915373225,0.6838911703039938,0.0894964256034182,0.1398934560459372,0.0529650746898462,0.146403577128374,2246.6666666666665
4054,2252.222222222222,0.22313658573286,0.1333369879465988,0.1212914952853613,0.0951729670957981,0.0959674294045096,0.0871519665450712,0.0838108154186852,0.0820791203291316,0.0826076047484795,0.0766414041556012,0.2778279883914467,0.1717334820816823,0.1476340870306443,0.1236398583583733,0.102904515744653,0.0978724692479822,0.0918724193270749,0.094192298281668,0.466311520153124,0.0,0.264825373449231,0.0,0.5133488745712436,0.0,7.45418916118984,58.73286313304702,0.531026054387569,0.0771699506542869,6.274662219648708,43.316745915373225,0.6838911703039938,0.0894964256034182,0.1398934560459372,0.0529650746898462,0.0924027974228238,2252.222222222222
4064,2257.777777777778,0.2231170814270563,0.1338698301229479,0.121091688291753,0.0952805650619542,0.0956141770055696,0.0873651089469678,0.0839606671135384,0.0821590232956663,0.0826611173407033,0.0765325628303238,0.2599786998417643,0.1487868437169182,0.1366869037393469,0.1150303760233388,0.0980562731924297,0.0946749936111349,0.0903109281302925,0.0937114008216851,0.5587339279190033,0.0,0.781194601087878,0.0,0.5133488745712436,0.0,7.45418916118984,58.73286313304702,0.531026054387569,0.0771699506542869,6.274662219648708,59.30855418169148,0.6838911703039938,0.0894964256034182,0.1676201783757009,0.1562389202175756,0.0924027974228238,2257.777777777778
4074,2263.333333333333,0.2225888636917786,0.1332879370086229,0.1208770677128901,0.0948783710111551,0.0956571610291584,0.0873111565501775,0.083768379593429,0.081805241153939,0.0827340646039652,0.0767226688487097,0.2404313957508082,0.1410352706619838,0.1311121589806738,0.1129760090178266,0.0965691211795758,0.094402439912209,0.0894422605709975,0.0937927795653953,0.5587339279190033,0.0,0.781194601087878,0.0,-0.2856927475513716,0.0,7.45418916118984,58.73286313304702,0.531026054387569,0.0771699506542869,6.274662219648708,59.30855418169148,0.6150752123623258,0.0894964256034182,0.1676201783757009,0.1562389202175756,-0.0514246945592468,2263.333333333333
4084,2268.8888888888887,0.2171368257241073,0.1302099433495603,0.1188395718258079,0.0941435737439675,0.094756620982241,0.0869476194589766,0.0834765962232687,0.0816248177224021,0.0822723328032833,0.0763970119066317,0.2563864586067601,0.1670036850440498,0.157854283380122,0.1424918569702403,0.1265964964007089,0.1249034687572864,0.1205159833842509,0.1247613346891929,-0.3756976326338743,0.0,-0.4744142300246137,0.0,-0.4764701496362982,0.0,7.45418916118984,58.73286313304702,0.531026054387569,0.0771699506542869,6.274662219648708,59.30855418169148,0.6150752123623258,0.1205499896700081,-0.1127092897901622,-0.0948828460049227,-0.0857646269345336,2268.8888888888887
4094,2274.4444444444443,0.2153361049743713,0.1296241424545789,0.1175026651788737,0.0935026361312534,0.0940230268588551,0.0866471619995322,0.082896015042117,0.0814342867941107,0.0821795141304391,0.0761258277744268,0.2561752526222359,0.1669308907712679,0.1578713381339645,0.1424581414440999,0.1265528790414692,0.1245385422136917,0.1207370341249861,0.124858999584314,-0.3756976326338743,0.0,-0.5050977712935167,0.0,-0.4764701496362982,0.0,7.30215173967265,58.73286313304702,0.531026054387569,0.0771699506542869,6.274662219648708,59.30855418169148,0.6150752123623258,0.1205499896700081,-0.1127092897901622,-0.1010195542587033,-0.0857646269345336,2274.4444444444443
4104,2280.0,0.2124266303828095,0.130492895173796,0.1173496750056829,0.0936865591574062,0.0943158897860008,0.0871384618255769,0.0827451462162994,0.0814661308824651,0.0824247283092259,0.0763131674802887,0.251727311150799,0.1654876116431186,0.1558174802293488,0.1420052842802391,0.1258909819939918,0.1247476045413865,0.1202176562223039,0.125174106966984,-0.9577618163548144,0.0,-0.5050977712935167,0.0,0.8454908157312868,0.0,7.30215173967265,56.03593253337077,0.531026054387569,0.0771699506542869,6.274662219648708,59.30855418169148,0.6150752123623258,0.1205499896700081,-0.2873285449064442,-0.1010195542587033,0.1521883468316316,2280.0
4114,2285.555555555555,0.2463686889652917,0.1448741715802895,0.1285052747382947,0.0981639589412959,0.0978909575445077,0.0883829942454463,0.083803368024927,0.081824394574361,0.0825921189824611,0.0762538004709832,0.2515858946435024,0.1650161279036842,0.1559746681344546,0.1417529398773947,0.1257733450366943,0.1247017976490349,0.1204973074751565,0.1252712749981102,-0.9577618163548144,0.0,0.4134815318925128,0.0,-0.8914677466604343,0.0,7.30215173967265,56.03593253337077,0.6405683931178195,0.0771699506542869,6.274662219648708,59.30855418169148,0.6150752123623258,0.1205499896700081,-0.2873285449064442,0.0826963063785025,-0.1604641943988781,2285.555555555555
4124,2291.111111111111,0.2615380917868882,0.1630242629361318,0.1462256083503263,0.1171050637910796,0.1170141395579575,0.1080401987959864,0.1032957067498399,0.1010742139790643,0.1017376042562768,0.0953713374237081,0.2534940742193987,0.1663820722096037,0.1567407829384449,0.1424631167880129,0.1263229645321144,0.1247703380191418,0.1208722529307549,0.1254073157943281,-0.5910786309850535,0.0,0.907457764758326,0.0,-0.9464090726843084,0.0,7.30215173967265,56.03593253337077,0.6405683931178195,0.0965522204689027,6.274662219648708,59.30855418169148,0.6150752123623258,0.1205499896700081,-0.177323589295516,0.1814915529516652,-0.1703536330831755,2291.111111111111
4134,2296.6666666666665,0.2613492122831878,0.1628332719128918,0.1459201254924558,0.1173624109239045,0.1169000679674204,0.1080651921619084,0.1034892387756482,0.1014949733034328,0.1020415767998983,0.0956819698667562,0.2940459142033107,0.1865051875514078,0.1832313215454281,0.1535498853244597,0.1390974958621747,0.1294939383503695,0.1258417832446334,0.1267867030491041,-0.6259433521504808,0.0,0.907457764758326,0.0,-0.9464090726843084,0.0,7.30215173967265,56.03593253337077,0.6405683931178195,0.0965522204689027,8.851688444721095,59.30855418169148,0.6150752123623258,0.1205499896700081,-0.1877830056451442,0.1814915529516652,-0.1703536330831755,2296.6666666666665
4144,2302.222222222222,0.27130207766876,0.165892535808954,0.1491352709941331,0.1185295816004663,0.1181264395135141,0.1090900854156639,0.1040277167330753,0.1018465625055425,0.1020722615672363,0.095578137871464,0.3141938850000597,0.2052744944675704,0.1946958225097707,0.1623752468689972,0.1449211026499184,0.1330140136361329,0.1280737602725218,0.1278436118743311,0.2782535671875744,0.0,-0.7334349238052926,0.0,-0.8409623241808255,0.0,7.30215173967265,56.03593253337077,0.6405683931178195,0.0965522204689027,8.851688444721095,48.66982676190486,0.6150752123623258,0.1205499896700081,0.0834760701562723,-0.1466869847610585,-0.1513732183525485,2302.222222222222
4154,2307.777777777778,0.2673912869945329,0.1638834090259012,0.1474786287398526,0.1175680884822611,0.1181258248915744,0.1088524648092321,0.1035198588470146,0.1019071814888598,0.1019641887459872,0.0954001051284736,0.2961090334903937,0.19701491394918,0.1877068347619305,0.1591797734004878,0.1424697217144681,0.1319146926375411,0.1271858039534123,0.1272587025420161,-0.2862509885857947,0.0,-0.8215479407903958,0.0,-0.8409623241808255,0.0,7.30215173967265,56.03593253337077,0.6405683931178195,0.0965522204689027,8.851688444721095,48.66982676190486,0.5830176867184254,0.1205499896700081,-0.0858752965757384,-0.1643095881580791,-0.1513732183525485,2307.777777777778
4164,2313.333333333333,0.2672165116260248,0.1640986045321339,0.147667345135391,0.1176809181976003,0.1181311159534207,0.1091422668731127,0.1035976730109021,0.1019391769246454,0.1021299918145743,0.0957803379106239,0.2858854264170654,0.183101072340296,0.172723277935965,0.143665040553389,0.1261399055739624,0.1153173041491167,0.1104042189845868,0.1102274343842662,-0.2862509885857947,0.0,-0.8215479407903958,0.0,0.8500051599490235,0.0,7.30215173967265,56.03593253337077,0.6405683931178195,0.0965522204689027,8.851688444721095,48.66982676190486,0.5830176867184254,0.1038181693177525,-0.0858752965757384,-0.1643095881580791,0.1530009287908242,2313.333333333333
4174,2318.8888888888887,0.3074483027418217,0.1840780543051688,0.1734213307931935,0.129197997130301,0.1310154382722509,0.1148304460326204,0.1094116739854202,0.1041019158337656,0.1045505456885422,0.0966831459119891,0.2954337528643347,0.1873454990951973,0.1770924133247104,0.1451533189720391,0.1282454607373353,0.1159069374423693,0.1109056358024961,0.1104524610503928,0.7060409502888371,0.0,-0.8215479407903958,0.0,-0.746472703621583,0.0,9.072176979657726,56.03593253337077,0.6405683931178195,0.0965522204689027,8.851688444721095,48.66982676190486,0.5830176867184254,0.1038181693177525,0.2118122850866511,-0.1643095881580791,-0.1343650866518849,2318.8888888888887
4184,2324.4444444444443,0.3202198276505361,0.2018688874742063,0.1833347606806493,0.1385331157926349,0.1370608861456801,0.1190337544595927,0.1121218507823384,0.105687249317399,0.1052929861229643,0.0970972736485912,0.2956300483409866,0.1875103286710494,0.1771169056080116,0.1453957062173986,0.1281849513383121,0.1158573646767011,0.1108183694656622,0.1104132086627141,0.7060409502888371,0.0,-0.5890441275417047,0.0,-0.746472703621583,0.0,9.072176979657726,46.70152040067589,0.6405683931178195,0.0965522204689027,8.851688444721095,48.66982676190486,0.5830176867184254,0.1038181693177525,0.2118122850866511,-0.1178088255083409,-0.1343650866518849,2324.4444444444443
4194,2330.0,0.314320665986569,0.2000438248006044,0.1810866949494623,0.1374160784356652,0.1364979629486559,0.1187491558181576,0.1119190300305289,0.1058693751627996,0.1048264345937658,0.0972844858434108,0.2951374160746352,0.1871669626747459,0.1762848341279086,0.1458448250782053,0.1271629143331303,0.1155828367285935,0.1103776329890074,0.1103570927112709,0.6317952755072614,0.0,0.5248929447230984,0.0,0.5149520296576927,0.0,9.072176979657726,46.70152040067589,0.6339314109391478,0.0965522204689027,8.851688444721095,48.66982676190486,0.5830176867184254,0.1038181693177525,0.1895385826521784,0.1049785889446197,0.0926913653383846,2330.0
4204,2335.555555555555,0.264629515609638,0.1424931175279191,0.1225798299994751,0.0751769620488378,0.0743044342676909,0.0547222841944793,0.0481367628196195,0.0412692820806882,0.0399771413100702,0.0325181244318474,0.284775899560121,0.1826098215843608,0.1721595704414855,0.1443420250177462,0.1259763781668447,0.1148904162946555,0.1099218183244374,0.1101720698500245,-0.4689271969917895,0.0,0.7895974028193116,0.0,0.5149520296576927,0.0,9.072176979657726,46.70152040067589,0.6339314109391478,0.0313556111796159,8.851688444721095,48.66982676190486,0.5830176867184254,0.1038181693177525,-0.1406781590975368,0.1579194805638623,0.0926913653383846,2335.555555555555
4214,2341.111111111111,0.2650279383596017,0.1416146515160773,0.1222585986342931,0.075122771841456,0.0742503898072341,0.0547053838267503,0.0476290834244021,0.0411088639163221,0.0401301728428568,0.032231101695769,0.2661046840395804,0.1718556785392511,0.1586946249210071,0.1376247354505342,0.1187919885414419,0.1114525594805204,0.1068207696989901,0.1088765082836997,-0.4689271969917895,0.0,0.5730329021267901,0.0,-0.5547316965857358,0.0,9.072176979657726,46.70152040067589,0.6339314109391478,0.0313556111796159,7.65509992095865,48.66982676190486,0.5830176867184254,0.1038181693177525,-0.1406781590975368,0.114606580425358,-0.0998517053854324,2341.111111111111
4224,2346.6666666666665,0.2727946485857825,0.1450571584634672,0.1252229857837167,0.0765402155492131,0.0750670708713531,0.0548909195816279,0.0481027982768089,0.0411888701595,0.0405730997604146,0.032183140957202,0.2660643817895196,0.1654410676016926,0.1562025067878784,0.1344953523129935,0.1173351589716927,0.110475711471772,0.1061204296272018,0.1086474707113762,0.3078388444634054,0.0,0.5730329021267901,0.0,-0.5547316965857358,0.0,9.072176979657726,46.70152040067589,0.6339314109391478,0.0313556111796159,7.65509992095865,55.38343403736266,0.5830176867184254,0.1038181693177525,0.0923516533390216,0.114606580425358,-0.0998517053854324,2346.6666666666665
4234,2352.222222222222,0.2696973821691945,0.1447220062139414,0.1251753385604128,0.0763758960002162,0.0753181651683357,0.0554912493023975,0.0482908266292798,0.0409773218513348,0.0405291675283167,0.0324206607190907,0.2406191476937496,0.1559256738411029,0.1477269942796328,0.131064962715594,0.1146589308017562,0.1096412951573756,0.1053971581586531,0.1085791302618169,-0.7318676100892498,0.0,0.8121209200659099,0.0,0.7463960215036749,0.0,9.072176979657726,46.70152040067589,0.6339314109391478,0.0313556111796159,7.65509992095865,55.38343403736266,0.513062990230034,0.1038181693177525,-0.2195602830267749,0.1624241840131819,0.1343512838706614,2352.222222222222
4244,2357.777777777778,0.2727391050745568,0.1451571410289708,0.1250805051437731,0.0761742686929238,0.0749935074865664,0.0553343809005982,0.0483628027508937,0.0406004912511788,0.0402977972776961,0.0322742545315601,0.2468384457201557,0.1607860329108433,0.1526504495026844,0.1361909318328049,0.1194291609870678,0.11500383070343,0.1101695227025625,0.1133710747239515,0.4478113521681591,0.0,0.8121209200659099,0.0,0.7463960215036749,0.0,9.072176979657726,46.70152040067589,0.6339314109391478,0.0313556111796159,7.65509992095865,55.38343403736266,0.513062990230034,0.1091763098166407,0.1343434056504477,0.1624241840131819,0.1343512838706614,2357.777777777778
4254,2363.333333333333,0.2168010954075086,0.1122867649383199,0.085125819684247,0.0557581410930798,0.054335109297936,0.0453465665943631,0.0388151941420503,0.0367051308475406,0.0366464401864504,0.0308561882121252,0.2467714186674767,0.1607177197628791,0.1536430422306532,0.1363102757513779,0.1199691937011227,0.1153089497189852,0.1104518458118391,0.1135925174177255,0.4478113521681591,0.0,0.7528976348374957,0.0,-0.3173088681259624,0.0,6.449383926241611,46.70152040067589,0.6339314109391478,0.0313556111796159,7.65509992095865,55.38343403736266,0.513062990230034,0.1091763098166407,0.1343434056504477,0.1505795269674991,-0.0571155962626732,2363.333333333333
4264,2368.8888888888887,0.2028803488793774,0.0942586409457393,0.0765045508864659,0.0483614369926061,0.0509715502235102,0.043171543578346,0.0372099918810189,0.0359217649916853,0.0364032877715343,0.0308712058651648,0.2467136078354805,0.1612161406562585,0.1538164599186846,0.13649242719284,0.1203685659784615,0.1153490687902586,0.1104393376809121,0.1138236243541521,0.4901251350086923,0.0,0.7528976348374957,0.0,-0.3173088681259624,0.0,6.449383926241611,59.16700057990582,0.6339314109391478,0.0313556111796159,7.65509992095865,55.38343403736266,0.513062990230034,0.1091763098166407,0.1470375405026077,0.1505795269674991,-0.0571155962626732,2368.8888888888887
4274,2374.4444444444443,0.1825698161121311,0.0865107079516955,0.07061688780281,0.0459584837157213,0.0491884451371236,0.0428190369300552,0.0364989421590902,0.035594615211622,0.0361151278013706,0.0304777710775327,0.2363851372660302,0.1571910272356512,0.150296276455694,0.1351733517920514,0.1187942159450837,0.1150482023002161,0.1103302454527362,0.113729962572132,-0.8331742135062555,0.0,0.7528976348374957,0.0,-0.3173088681259624,0.0,6.449383926241611,59.16700057990582,0.5937339600996857,0.0313556111796159,7.65509992095865,55.38343403736266,0.513062990230034,0.1091763098166407,-0.2499522640518766,0.1505795269674991,-0.0571155962626732,2374.4444444444443
4284,2380.0,0.2043110693984833,0.1135796003909627,0.0984222401900182,0.0748392402461478,0.0786444039137235,0.0724654853432618,0.0662633967078035,0.0650565402826676,0.0661169780948638,0.0596144313044313,0.2359493434972502,0.1568696404386677,0.1503301299023336,0.1350044293361462,0.1189025228504622,0.1147904283730601,0.1099448406667102,0.1137726455863045,-0.8331742135062555,0.0,0.4390197690169837,0.0,-0.9226460734453692,0.0,6.449383926241611,59.16700057990582,0.5937339600996857,0.0613606284422068,7.65509992095865,55.38343403736266,0.513062990230034,0.1091763098166407,-0.2499522640518766,0.0878039538033967,-0.1660762932201664,2380.0
4294,2385.555555555555,0.2134547749940056,0.1172636117093295,0.1010845089808752,0.0759978871592898,0.0794389407906178,0.0723116203520741,0.0663740356830912,0.0655315233087507,0.066381936152406,0.0600777641531475,0.2538458534657414,0.1649825908278958,0.1585293216578028,0.1385762211390802,0.122423645852582,0.1161758478822847,0.111537618356576,0.1140988696466536,0.5027380545065423,0.0,0.4940604815272865,0.0,-0.9226460734453692,0.0,6.449383926241611,59.16700057990582,0.5937339600996857,0.0613606284422068,8.161333952603156,55.38343403736266,0.513062990230034,0.1091763098166407,0.1508214163519626,0.0988120963054573,-0.1660762932201664,2385.555555555555
4304,2391.111111111111,0.2127290512919435,0.1172663225712322,0.1007921902071358,0.0756090179763347,0.0795247464779425,0.0722911098851706,0.06656352934424,0.0659786322131157,0.0661056951741501,0.0599188702847249,0.257504306044986,0.1702229828665161,0.1611885056741571,0.1410539447574172,0.1236631536537268,0.1171038344558262,0.1119104166072522,0.1140772713006287,0.422286084453948,0.0,0.7365505223376956,0.0,-0.8480798593012043,0.0,6.449383926241611,59.16700057990582,0.5937339600996857,0.0613606284422068,8.161333952603156,50.46597739932183,0.513062990230034,0.1091763098166407,0.1266858253361844,0.1473101044675391,-0.1526543746742167,2391.111111111111
4314,2396.6666666666665,0.2125107040033669,0.1172391700658861,0.1009046487770644,0.0752160600760912,0.0796246139622544,0.0721320584002466,0.0664811293196982,0.0661347658742706,0.06614291430408,0.0599090010871198,0.3063794883625702,0.1916509194960386,0.1791063609741694,0.1487627586830066,0.1297922775461118,0.1191908518349766,0.1137611403014189,0.1146437873201239,0.422286084453948,0.0,0.7365505223376956,0.0,-0.8480798593012043,0.0,6.449383926241611,59.16700057990582,0.5937339600996857,0.0613606284422068,8.161333952603156,50.46597739932183,0.6461697710646527,0.1091763098166407,0.1266858253361844,0.1473101044675391,-0.1526543746742167,2396.6666666666665
4324,2402.222222222222,0.2078150643063851,0.1146955210752803,0.0992119674253733,0.0747191946539184,0.0790103976059816,0.0720926486511899,0.066117190920071,0.0658300842655656,0.0657834540596277,0.060188906454109,0.2362596711185349,0.1062766944823077,0.0908954854585703,0.0561995910321026,0.0357917651029412,0.0240944270311499,0.0179582370161963,0.0179463234493533,-0.5676469679536277,0.0,-0.6528187375043611,0.0,0.9847111013738556,0.0,6.449383926241611,59.16700057990582,0.5937339600996857,0.0613606284422068,8.161333952603156,50.46597739932183,0.6461697710646527,0.0127136842100565,-0.1702940903860882,-0.1305637475008722,0.1772479982472939,2402.222222222222
4334,2407.777777777778,0.2464668779939426,0.1331106796290923,0.1214136800471369,0.0841135275145735,0.0891743434985953,0.0764800349421775,0.0703083705409416,0.0671981972414135,0.067300923499896,0.0602563778255088,0.2446606804476043,0.1093435226733251,0.0938561338283819,0.0578756841380404,0.0365853835696951,0.0245168678972838,0.018145532345565,0.0178150976937548,0.3475769526100721,0.0,-0.6528187375043611,0.0,0.9847111013738556,0.0,8.200933986121193,59.16700057990582,0.5937339600996857,0.0613606284422068,8.161333952603156,50.46597739932183,0.6461697710646527,0.0127136842100565,0.1042730857830216,-0.1305637475008722,0.1772479982472939,2407.777777777778
4344,2413.333333333333,0.2453008014873711,0.1405217347602562,0.1239925644673679,0.0880909750945465,0.0906662971467077,0.0784474470274723,0.0714341754286654,0.0678942508397553,0.0681053596932032,0.0606372325251711,0.2351642723017638,0.105143522127527,0.0905805367733067,0.0560929984056901,0.0352573264932118,0.0240259508256769,0.0177975316089199,0.0177100893002341,-0.7386615836342364,0.0,-0.6110297062044205,0.0,0.9682268800948785,0.0,8.200933986121193,51.16217385699176,0.5937339600996857,0.0613606284422068,8.161333952603156,50.46597739932183,0.6461697710646527,0.0127136842100565,-0.2215984750902709,-0.1222059412408841,0.1742808384170781,2413.333333333333
4354,2418.8888888888887,0.2916594996430058,0.1603550901127498,0.1408863897967059,0.0953058799974609,0.0966499263317944,0.0804197513425964,0.0733389510887726,0.0689343913719292,0.0690762660877411,0.0608839457764896,0.2473393644202748,0.1100799368680667,0.0950768007165092,0.0581693862142408,0.036859339063478,0.0244072130405772,0.0183098998681304,0.0176647112631698,0.6400388812797152,0.0,-0.6110297062044205,0.0,0.9682268800948785,0.0,8.200933986121193,51.16217385699176,0.686422778341764,0.0613606284422068,8.161333952603156,50.46597739932183,0.6461697710646527,0.0127136842100565,0.1920116643839145,-0.1222059412408841,0.1742808384170781,2418.8888888888887
4364,2424.4444444444443,0.2553323113478009,0.1130185032550559,0.0925093242897096,0.042513881396795,0.043827702565622,0.0262643980875226,0.0187611517865819,0.0138647352773126,0.0136000430358139,0.0058050547770187,0.2455651747103638,0.1094507268117429,0.0950611443305004,0.0581306809568655,0.0372737481740931,0.0248554331148751,0.0182047031839547,0.0176824785482429,0.433609134565122,0.0,-0.6386087140448041,0.0,0.3028492376286004,0.0,8.200933986121193,51.16217385699176,0.686422778341764,0.0059408367132947,8.161333952603156,50.46597739932183,0.6461697710646527,0.0127136842100565,0.1300827403695366,-0.1277217428089608,0.054512862773148,2424.4444444444443
4374,2430.0,0.255014996292508,0.1132212231304881,0.0924893815351644,0.0428909164985855,0.0437166166418927,0.0264388299928769,0.0186443502063365,0.013864849228039,0.0135504615708494,0.0060668606130257,0.2278514877016645,0.0997523612622683,0.0827506454256927,0.0521173754546527,0.0306287318449865,0.022426857440927,0.0155311707953791,0.0171732723109733,0.433609134565122,0.0,-0.6386087140448041,0.0,0.7470282186028762,0.0,8.200933986121193,51.16217385699176,0.686422778341764,0.0059408367132947,7.358458929169223,50.46597739932183,0.6461697710646527,0.0127136842100565,0.1300827403695366,-0.1277217428089608,0.1344650793485177,2430.0
4384,2435.555555555555,0.2440128898806259,0.1084118475223771,0.0883079662407502,0.0410183014891179,0.0423177439954297,0.0257881976120951,0.0184934655924108,0.0135299429289047,0.0129143019535422,0.006155736066633,0.2147469771994072,0.0917377418361153,0.0770650806152194,0.0492134656043832,0.0283459927167909,0.0213498011287653,0.0147787500731117,0.0167869619380674,-0.8646408671724348,0.0,-0.7323472071429546,0.0,0.926950239817468,0.0,8.200933986121193,51.16217385699176,0.686422778341764,0.0059408367132947,7.358458929169223,52.62145824320065,0.6461697710646527,0.0127136842100565,-0.2593922601517304,-0.1464694414285909,0.1668510431671442,2435.555555555555
4394,2441.111111111111,0.2439091510938952,0.1085532682529388,0.0882738865411685,0.0410419331074822,0.0422122411565206,0.0258645206291124,0.0183990597375831,0.0135308824777056,0.0132457358783789,0.0065166055524628,0.2024561898236749,0.0867000050990714,0.0727010543119618,0.0473851401198297,0.0270263482392883,0.0210662967230619,0.0140878814407094,0.0167833970134473,-0.8646408671724348,0.0,-0.8135608152178377,0.0,0.926950239817468,0.0,8.200933986121193,51.16217385699176,0.686422778341764,0.0059408367132947,7.358458929169223,52.62145824320065,0.6101493902536503,0.0127136842100565,-0.2593922601517304,-0.1627121630435675,0.1668510431671442,2441.111111111111
4404,2446.6666666666665,0.2572433543602396,0.1138905478273228,0.0929756320972393,0.0430843246281561,0.0441660398801728,0.0263665299705381,0.0188479922198113,0.0141319701186625,0.0132764642593449,0.0064412844661293,0.2135667953716362,0.0902506899419907,0.0758583501057727,0.0476607658992541,0.0268439064939308,0.0199628058400617,0.012524539566267,0.0155448823345781,0.6514552935491301,0.0,-0.8135608152178377,0.0,-0.4787957494901196,0.0,8.200933986121193,51.16217385699176,0.686422778341764,0.0059408367132947,7.358458929169223,52.62145824320065,0.6101493902536503,0.011124164672611,0.195436588064739,-0.1627121630435675,-0.0861832349082215,2446.6666666666665
4414,2452.222222222222,0.2592256104623379,0.1154171165198213,0.0943689603835006,0.0441636900294611,0.0451719897990627,0.0264985493955096,0.0197282703783556,0.0144320271513918,0.013645399547916,0.0061876390581825,0.2137204111026101,0.0906336155793112,0.0756211794575194,0.047854297766826,0.0264334200380036,0.0204461387356912,0.0120782689335281,0.0149814084050308,0.6514552935491301,0.0,-0.8135608152178377,0.0,0.4535843248908203,0.0,8.298330858194065,51.16217385699176,0.686422778341764,0.0059408367132947,7.358458929169223,52.62145824320065,0.6101493902536503,0.011124164672611,0.195436588064739,-0.1627121630435675,0.0816451784803476,2452.222222222222
4424,2457.777777777778,0.2627291743644666,0.130021244340953,0.099832510235059,0.0502841475467204,0.0489123910367969,0.0297327770535363,0.0213389760508384,0.0159625663260632,0.014217816736134,0.006396835759359,0.2096636132299856,0.0887079303053989,0.0750372780241182,0.0468593085662213,0.0263872293116967,0.0202280387724298,0.0119606527396649,0.0149802451766263,0.3110360638820835,0.0,0.9629425197830318,0.0,-0.9283920157422574,0.0,8.298330858194065,44.44393770454528,0.686422778341764,0.0059408367132947,7.358458929169223,52.62145824320065,0.6101493902536503,0.011124164672611,0.093310819164625,0.1925885039566063,-0.1671105628336063,2457.777777777778
4434,2463.333333333333,0.2068850565852127,0.1035266193951138,0.0785626042776468,0.0401795358902801,0.0408522479895051,0.0261853911172333,0.018521973981604,0.0148143306543758,0.0133652230566166,0.0058789955347578,0.2109427390712947,0.0897592152663666,0.0745859410173345,0.0478243672125276,0.0261962928376954,0.0203436634042861,0.011547202325907,0.0148463503099728,0.3110360638820835,0.0,0.9629425197830318,0.0,0.9105011751020472,0.0,8.298330858194065,44.44393770454528,0.5391098358673696,0.0059408367132947,7.358458929169223,52.62145824320065,0.6101493902536503,0.011124164672611,0.093310819164625,0.1925885039566063,0.1638902115183684,2463.333333333333
4444,2468.8888888888887,0.2791338949119211,0.2045941317280548,0.1853594896998,0.1568617201357179,0.1591390940482061,0.1489738829236257,0.1419976809572077,0.1393744016256937,0.1386017149607727,0.1315538099778887,0.2063026189114636,0.0882866308709234,0.0747554715939824,0.0475334764572962,0.0268116647081296,0.0202192241901143,0.0114909742888621,0.0148498992648276,-0.7418280049643471,0.0,0.6578638911804765,0.0,-0.5497955238725236,0.0,8.298330858194065,44.44393770454528,0.5391098358673696,0.131803632712148,7.358458929169223,52.62145824320065,0.6101493902536503,0.011124164672611,-0.2225484014893041,0.1315727782360953,-0.0989631942970542,2468.8888888888887
4454,2474.4444444444443,0.2744854025586592,0.2018474068616173,0.1822257022949606,0.155462611993271,0.1580332054383308,0.1486262851068135,0.1418692317573,0.139033423473448,0.1386464538074714,0.1311681257159168,0.1867407546302699,0.0776147195044968,0.0623601437193622,0.0423507920010555,0.0212107190303097,0.0177559227352915,0.009146044697739,0.0141430698396361,-0.7418280049643471,0.0,0.6578638911804765,0.0,-0.5497955238725236,0.0,8.298330858194065,44.44393770454528,0.5391098358673696,0.131803632712148,6.593526323219059,52.62145824320065,0.6101493902536503,0.011124164672611,-0.2225484014893041,0.1315727782360953,-0.0989631942970542,2474.4444444444443
4464,2480.0,0.2736406660821047,0.2017121220390832,0.1821874641676295,0.1554738483594148,0.1585348304532164,0.1488216771413264,0.141834541442099,0.1388762751732152,0.1386665258736556,0.131136995856164,0.1905488817968577,0.082699049628537,0.0647318885028768,0.0443870792738263,0.022527227605408,0.0189025773370434,0.009310206492225,0.0144222543836413,-0.868225285133174,0.0,0.9885161103328892,0.0,-0.8244946656489333,0.0,8.298330858194065,44.44393770454528,0.5391098358673696,0.131803632712148,6.593526323219059,49.08581504012943,0.6101493902536503,0.011124164672611,-0.2604675855399522,0.1977032220665778,-0.1484090398168079,2480.0
4474,2485.555555555555,0.2728547488877795,0.2009647789057587,0.1816679909023397,0.1550019617252097,0.158294436908946,0.1490644949930387,0.1417153228536011,0.1385688826231668,0.1384921545609108,0.1309996143320124,0.2023825889392868,0.087316460638393,0.0679170548610692,0.0461233571377945,0.0232079663284297,0.019760086388442,0.0091716856443791,0.0147943500295033,-0.868225285133174,0.0,0.9885161103328892,0.0,0.5840498705413952,0.0,8.298330858194065,44.44393770454528,0.5391098358673696,0.131803632712148,6.593526323219059,49.08581504012943,0.6500573764478406,0.011124164672611,-0.2604675855399522,0.1977032220665778,0.1051289766974511,2485.555555555555
4484,2491.111111111111,0.2853196751597234,0.2064271379904486,0.186527984690634,0.1568844901104706,0.1594180050006964,0.1492918666445453,0.1421280697911465,0.1388370106155897,0.13807157867022,0.130709910939281,0.2776769323637605,0.1738185531678537,0.1568219451869566,0.1383719648739832,0.1157430051065427,0.1133613248967518,0.1035141491102423,0.1095935957920513,0.5734283129289417,0.0,0.9885161103328892,0.0,0.5840498705413952,0.0,8.298330858194065,44.44393770454528,0.5391098358673696,0.131803632712148,6.593526323219059,49.08581504012943,0.6500573764478406,0.1060973079036891,0.1720284938786825,0.1977032220665778,0.1051289766974511,2491.111111111111
4494,2496.6666666666665,0.2727339593260011,0.1997615813443456,0.1816770827231024,0.1545345317010498,0.1576194883160721,0.148506964975712,0.141298456761428,0.1384122193007263,0.1382414469153813,0.1303119233747259,0.2668032451079855,0.1699562978621767,0.1536582880691134,0.1375421236295851,0.1149981085690394,0.1133556438872221,0.1034852213322517,0.1096368144773103,-0.9008420747003698,0.0,-0.3618290355686301,0.0,0.9464014229493384,0.0,8.171068818948156,44.44393770454528,0.5391098358673696,0.131803632712148,6.593526323219059,49.08581504012943,0.6500573764478406,0.1060973079036891,-0.2702526224101109,-0.072365807113726,0.1703522561308809,2496.6666666666665
4504,2502.222222222222,0.261603683897626,0.185594352910663,0.1738712155976969,0.1477615506053272,0.153119666504191,0.1451322184255951,0.1394160916252318,0.1370615791065299,0.1374021954830004,0.1299571412571628,0.2666310190277032,0.1699012558727633,0.1536025046902749,0.1370354119985362,0.1147997007573085,0.1134810597567088,0.1034291049698754,0.1097252134747418,-0.9008420747003698,0.0,-0.4682312728803442,0.0,0.7048698868335498,0.0,8.171068818948156,56.14091493852781,0.5391098358673696,0.131803632712148,6.593526323219059,49.08581504012943,0.6500573764478406,0.1060973079036891,-0.2702526224101109,-0.0936462545760688,0.1268765796300389,2502.222222222222
4514,2507.777777777778,0.2927828663199651,0.1988643959484279,0.184504449292883,0.1519288597934669,0.1567417158968533,0.146513173026297,0.1407937659926599,0.1370243802240762,0.1379590327948445,0.1300439633077142,0.2790519529889101,0.1751132192245545,0.1576304408294407,0.1385093587630519,0.1157973652467688,0.113772585921376,0.1038455321282701,0.1096392155177678,0.8086560892165336,0.0,0.7970182384706189,0.0,0.7048698868335498,0.0,8.171068818948156,56.14091493852781,0.593163234840799,0.131803632712148,6.593526323219059,49.08581504012943,0.6500573764478406,0.1060973079036891,0.24259682676496,0.1594036476941238,0.1268765796300389,2507.777777777778
4524,2513.333333333333,0.2638500301169773,0.1644312152392633,0.1489712772976925,0.1146656624539386,0.1196871645554036,0.1085322316460788,0.1025816577135512,0.0984190786276206,0.0995703142052032,0.091568387639024,0.2755000121220596,0.1737878711785109,0.1566691099186293,0.1384566632864235,0.115768428192804,0.1135867372305952,0.1040006959150226,0.10981279825138,0.3315960753898481,0.0,0.7970182384706189,0.0,0.82736129581952,0.0,8.171068818948156,56.14091493852781,0.593163234840799,0.0930578150609146,6.593526323219059,49.08581504012943,0.6500573764478406,0.1060973079036891,0.0994788226169544,0.1594036476941238,0.1489250332475136,2513.333333333333
4534,2518.8888888888887,0.265979501556177,0.1638425464514102,0.1496172509832967,0.1144628146186619,0.1194266398289758,0.1083582211327041,0.1024114329409207,0.0988449520507139,0.0995967484383889,0.0915634253645066,0.3113100210976804,0.1936253157830202,0.1811767938754252,0.1504778522216922,0.1283644093416548,0.1184487793583576,0.1091274874087348,0.111482959251831,0.3315960753898481,0.0,-0.5617238226041221,0.0,0.2554280662086535,0.0,8.171068818948156,56.14091493852781,0.593163234840799,0.0930578150609146,8.456749922156808,49.08581504012943,0.6500573764478406,0.1060973079036891,0.0994788226169544,-0.1123447645208244,0.0459770519175576,2518.8888888888887
4544,2524.4444444444443,0.2665108062003209,0.1641451892171162,0.1502868090757335,0.1150507441927444,0.1198526208024555,0.108386837155342,0.1024065664528907,0.099215313462795,0.0996907918670818,0.0915423865634965,0.3056490707342116,0.1860608645770811,0.1768733969640628,0.147052109141209,0.1261945042590229,0.1171373629720682,0.1080940424731752,0.1109735982332095,0.3315960753898481,0.0,-0.5617238226041221,0.0,0.4400682229825345,0.0,8.171068818948156,56.14091493852781,0.593163234840799,0.0930578150609146,8.456749922156808,53.56183272025926,0.6500573764478406,0.1060973079036891,0.0994788226169544,-0.1123447645208244,0.0792122801368562,2524.4444444444443
4554,2530.0,0.2728942901871055,0.1661841736460169,0.1528625373570382,0.1160428291298912,0.1208601378122761,0.1087751705987889,0.1024111418878105,0.0996369737676171,0.0998771778757727,0.0918384676802179,0.3036391502518046,0.1852110853244652,0.1762378947928143,0.1463188415262205,0.1260325034815394,0.1167406994792209,0.1079365008608591,0.1113356003667535,0.9794784353445978,0.0,-0.9310777735930688,0.0,0.4400682229825345,0.0,8.171068818948156,56.14091493852781,0.593163234840799,0.0930578150609146,8.456749922156808,53.56183272025926,0.6283656733414756,0.1060973079036891,0.2938435306033793,-0.1862155547186137,0.0792122801368562,2530.0
4564,2535.555555555555,0.2697363055389802,0.1667476349807352,0.1519243190997685,0.1159059556830386,0.1204890327361562,0.1086172291589635,0.1023452291517921,0.0992085829940592,0.0996766902088751,0.0918560744665065,0.2751093286174602,0.1475591161167694,0.137586311399321,0.1035793518869781,0.0833876168542514,0.0722052048826738,0.063802509261403,0.0661603345421872,0.9794784353445978,0.0,0.7274870616659803,0.0,-0.605260471340764,0.0,8.171068818948156,56.14091493852781,0.593163234840799,0.0930578150609146,8.456749922156808,53.56183272025926,0.6283656733414756,0.0609193085605674,0.2938435306033793,0.145497412333196,-0.1089468848413375,2535.555555555555
4574,2541.111111111111,0.260185153086896,0.1632698324119902,0.1496414088319097,0.1148862122295644,0.1198410236194003,0.1077228517915708,0.1018371728831839,0.0990376039052529,0.0992947186460675,0.0918968466532464,0.2649549199310764,0.1436993693623828,0.135218689456468,0.1025805608114767,0.0829638401528149,0.072010035848056,0.0635015717095081,0.0660955664644731,-0.2928675841363292,0.0,0.6994141669090235,0.0,-0.605260471340764,0.0,8.18663506589876,56.14091493852781,0.593163234840799,0.0930578150609146,8.456749922156808,53.56183272025926,0.6283656733414756,0.0609193085605674,-0.0878602752408987,0.1398828333818047,-0.1089468848413375,2541.111111111111
4584,2546.6666666666665,0.2664667761643274,0.1745859852035848,0.1551362833891726,0.1200422929288617,0.1224351975130537,0.1097120288818379,0.1029718537479516,0.1002351324263632,0.0999584877154368,0.0920308447224335,0.2619460390354571,0.142205991329068,0.1336689981904943,0.1019570245943221,0.0822616641490004,0.0715306547673923,0.0630519887138995,0.0659399200207664,-0.7895180173467435,0.0,0.6994141669090235,0.0,-0.4833410295642835,0.0,8.18663506589876,47.92165327952674,0.593163234840799,0.0930578150609146,8.456749922156808,53.56183272025926,0.6283656733414756,0.0609193085605674,-0.236855405204023,0.1398828333818047,-0.087001385321571,2546.6666666666665
4594,2552.222222222222,0.2848328901318334,0.1821664165124872,0.1619390698834709,0.1224010984813118,0.124572763977653,0.1106907294381805,0.1039023535713362,0.1001159725191707,0.1002004589110526,0.0920748174781606,0.2593538502860482,0.1409159572562604,0.1321327973523854,0.1011409738627213,0.0817928862590651,0.0710771911329472,0.0627935394971757,0.0662735724381858,-0.7895180173467435,0.0,0.4835803990319477,0.0,-0.4833410295642835,0.0,8.18663506589876,47.92165327952674,0.6488584510594297,0.0930578150609146,8.456749922156808,53.56183272025926,0.6283656733414756,0.0609193085605674,-0.236855405204023,0.0967160798063895,-0.087001385321571,2552.222222222222
4604,2557.777777777778,0.2623623412605972,0.1523452449620085,0.1309095319733372,0.0887656114344475,0.0904752167900484,0.0755454890830431,0.068241141105874,0.0645963414998037,0.064533052884776,0.0559431745248721,0.259429810898672,0.1406468417180152,0.1315446072952981,0.101236860075953,0.0817209302763415,0.0708020554432938,0.0625319258741847,0.0665842887681802,-0.7895180173467435,0.0,0.4835803990319477,0.0,0.3943285335839424,0.0,8.18663506589876,47.92165327952674,0.6488584510594297,0.0570645234171375,8.456749922156808,53.56183272025926,0.6283656733414756,0.0609193085605674,-0.236855405204023,0.0967160798063895,0.0709791360451096,2557.777777777778
4614,2563.333333333333,0.2768945815759018,0.1578844724689039,0.1361860449198908,0.0916616681372689,0.0922466684981077,0.0767093929295006,0.0692319256742447,0.065021730022475,0.0648430767642189,0.0560027032303933,0.2516867243261363,0.1353607738571549,0.1221261107398225,0.0964202347966528,0.0761685504122289,0.0684786507827571,0.0603013814470496,0.0657542381852142,0.6348706660851768,0.0,-0.3334187986590942,0.0,0.2602233596696896,0.0,8.18663506589876,47.92165327952674,0.6488584510594297,0.0570645234171375,7.399863462958335,53.56183272025926,0.6283656733414756,0.0609193085605674,0.190461199825553,-0.0666837597318188,0.0468402047405441,2563.333333333333
4624,2568.8888888888887,0.2753407829135366,0.158348256302738,0.136046777985208,0.0916007447649071,0.0919137007075164,0.0764984492122012,0.0693664128420295,0.0649512167920855,0.064440587904386,0.0557480281691824,0.2509077686400807,0.1332186399222041,0.1209184933867352,0.0956556870819496,0.075713041885217,0.068054056400811,0.0603748812757343,0.0660114925469236,0.970994292345958,0.0,0.5293871475837543,0.0,0.2602233596696896,0.0,8.18663506589876,47.92165327952674,0.6488584510594297,0.0570645234171375,7.399863462958335,55.10914179995703,0.6283656733414756,0.0609193085605674,0.2912982877037873,0.1058774295167508,0.0468402047405441,2568.8888888888887
4634,2574.4444444444443,0.2750757391768695,0.1584352177574,0.1358092331831183,0.0912138170485648,0.0916717357652849,0.0766944773926256,0.0691636753918762,0.0653834613477859,0.064528065795428,0.0554682276049463,0.2415755919155491,0.1297694319025036,0.1181762192251543,0.0943750508573461,0.0745662613744868,0.0673713279101376,0.0600931257510886,0.0660441434813846,0.7202518948901837,0.0,0.5293871475837543,0.0,0.3298281038978273,0.0,8.18663506589876,47.92165327952674,0.6488584510594297,0.0570645234171375,7.399863462958335,55.10914179995703,0.6007311596945369,0.0609193085605674,0.2160755684670551,0.1058774295167508,0.0593690587016089,2574.4444444444443
4644,2580.0,0.2767139472927542,0.1585853093661592,0.136515441425512,0.0918837873184116,0.0918746679890112,0.0766560851706589,0.0690466253089917,0.0655023668488908,0.064660772770576,0.0558176937075887,0.2357063232258073,0.1210916451344488,0.1094477036927159,0.0845228074744345,0.0649775472085013,0.057253507376833,0.0502355277790641,0.0557706535057324,0.8558436570887906,0.0,0.3321164552145494,0.0,0.3298281038978273,0.0,8.18663506589876,47.92165327952674,0.6488584510594297,0.0570645234171375,7.399863462958335,55.10914179995703,0.6007311596945369,0.0507048856022945,0.2567530971266372,0.0664232910429099,0.0593690587016089,2580.0
4654,2585.555555555555,0.2956289453877867,0.1688855871592277,0.1505071429045249,0.0995521936732835,0.099485590843157,0.0803276554694725,0.0727678162657507,0.0674518588997499,0.066663100564302,0.0564291622117312,0.235770175139965,0.1214515881517036,0.1098016991656157,0.0845023489816114,0.0655448939094673,0.0570420876917468,0.0498926223449024,0.0560346526292519,0.8558436570887906,0.0,-0.278529999248175,0.0,-0.6301419894982141,0.0,9.045820604382154,47.92165327952674,0.6488584510594297,0.0570645234171375,7.399863462958335,55.10914179995703,0.6007311596945369,0.0507048856022945,0.2567530971266372,-0.055705999849635,-0.1134255581096785,2585.555555555555
4664,2591.111111111111,0.2908582087796372,0.1673790501924569,0.1484264159740541,0.098833104282087,0.0993981633593728,0.0801002632261802,0.0720990767048996,0.0675073487074641,0.0662802318716804,0.056557584952896,0.2313323928044052,0.1197008235300708,0.1085076681586669,0.0840102157599804,0.0650941987806234,0.0569880677196351,0.0496523667637662,0.056183430188687,0.291337477790355,0.0,-0.3084808353977828,0.0,-0.6301419894982141,0.0,9.045820604382154,47.619251882658055,0.6488584510594297,0.0570645234171375,7.399863462958335,55.10914179995703,0.6007311596945369,0.0507048856022945,0.0874012433371065,-0.0616961670795565,-0.1134255581096785,2591.111111111111
4674,2596.6666666666665,0.2944871602901731,0.1694256442470639,0.1502565782799537,0.099808034813498,0.1003242143134958,0.0806820630306913,0.0722646191284762,0.0677809282253513,0.0668904457650614,0.056594278542162,0.2273702233760681,0.1183869621499881,0.1077262505150417,0.0836245274369505,0.065225370578967,0.0571063381310546,0.0497513075614259,0.0563353804516871,-0.2566326595466098,0.0,-0.3084808353977828,0.0,-0.6150211857232435,0.0,9.045820604382154,47.619251882658055,0.6689458201348977,0.0570645234171375,7.399863462958335,55.10914179995703,0.6007311596945369,0.0507048856022945,-0.0769897978639829,-0.0616961670795565,-0.1107038134301838,2596.6666666666665
4684,2602.222222222222,0.3304326168837542,0.2174984830749459,0.2001661996406228,0.1553986136283379,0.1569053105770174,0.1392504561510849,0.1310356399333442,0.1281286425221928,0.1272343112066048,0.1172990141143566,0.226367870317593,0.1173508020915624,0.1069227039971727,0.0833601912537714,0.0646932139170326,0.0567524517775444,0.0500171508332402,0.0561140256224578,-0.2566326595466098,0.0,-0.7116647398419834,0.0,-0.2826771164408168,0.0,9.045820604382154,47.619251882658055,0.6689458201348977,0.1177860604048068,7.399863462958335,55.10914179995703,0.6007311596945369,0.0507048856022945,-0.0769897978639829,-0.1423329479683966,-0.050881880959347,2602.222222222222
4694,2607.777777777778,0.3386747318384894,0.2215196012533797,0.2041523321298313,0.1569059848722993,0.1582584607228729,0.1400650689384625,0.1312192519476932,0.1286941170035033,0.1268501175572019,0.1173978871181363,0.2319489537877228,0.1198503927617755,0.1076594895530163,0.0843312938257682,0.0645943994729918,0.0569000817277589,0.0503375415174945,0.056354355189252,0.587780043256946,0.0,-0.8907685517676839,0.0,0.9044001821989676,0.0,9.045820604382154,47.619251882658055,0.6689458201348977,0.1177860604048068,7.341866471312744,55.10914179995703,0.6007311596945369,0.0507048856022945,0.1763340129770838,-0.1781537103535367,0.1627920327958141,2607.777777777778
4704,2613.333333333333,0.3389638002405039,0.2218272878559911,0.2046603915081182,0.156816860784759,0.158466088518386,0.1403070450229619,0.1315046217808947,0.1290070834872467,0.1267087520216625,0.1168900029719762,0.2329671023141852,0.1211351391521608,0.1085578624421218,0.0849501578796312,0.0649316184815045,0.0570632696177615,0.0505142860202201,0.0563714548838676,0.587780043256946,0.0,-0.9987265194162812,0.0,0.9044001821989676,0.0,9.045820604382154,47.619251882658055,0.6689458201348977,0.1177860604048068,7.341866471312744,54.25781879459656,0.6007311596945369,0.0507048856022945,0.1763340129770838,-0.1997453038832562,0.1627920327958141,2613.333333333333
4714,2618.8888888888887,0.3237094895052915,0.2143307353767264,0.1986713083193059,0.1538298445637521,0.1561756407376326,0.1391027451404443,0.130387467122973,0.1285707344149282,0.1259892682941245,0.1168705041582072,0.1895233488539602,0.1033257301309612,0.0946968635190949,0.0792761021976257,0.0608743522189677,0.0556108565620155,0.0493190516042767,0.0558809019712554,-0.9790896851538587,0.0,-0.9987265194162812,0.0,0.4217916177321668,0.0,9.045820604382154,47.619251882658055,0.6689458201348977,0.1177860604048068,7.341866471312744,54.25781879459656,0.5068779400501676,0.0507048856022945,-0.2937269055461576,-0.1997453038832562,0.07592249119179,2618.8888888888887
4724,2624.4444444444443,0.327403435780958,0.2163638235278621,0.2001902488153626,0.1544668743682728,0.1566868663922505,0.1389644711553735,0.130583898832728,0.1283792960904358,0.1259891856099992,0.116872997271013,0.1984986597606375,0.1118728045909137,0.1026110731201439,0.0870152852012464,0.0691347216609452,0.0635346830426596,0.0571569604381636,0.063717253483894,-0.5108061497114118,0.0,-0.6172717550143966,0.0,0.4316293040941237,0.0,9.045820604382154,47.619251882658055,0.6689458201348977,0.1177860604048068,7.341866471312744,54.25781879459656,0.5068779400501676,0.0584697605822755,-0.1532418449134235,-0.1234543510028793,0.0776932747369422,2624.4444444444443
4734,2630.0,0.3313355759470356,0.2186394148544782,0.2023808174546004,0.1555121354882633,0.1579419147656168,0.1399074173275415,0.1313684640771562,0.1284455497331407,0.1265296377777165,0.1166935197104978,0.2001020024625802,0.11243128064972,0.1030278916240535,0.0875302199925927,0.0690697303563508,0.0632552576501866,0.0572368851799362,0.063760267268634,-0.3010549671126361,0.0,-0.6172717550143966,0.0,0.4578139500836165,0.0,9.153067795827436,47.619251882658055,0.6689458201348977,0.1177860604048068,7.341866471312744,54.25781879459656,0.5068779400501676,0.0584697605822755,-0.0903164901337908,-0.1234543510028793,0.0824065110150509,2630.0
4744,2635.555555555555,0.3225985197195636,0.2107074417041875,0.1966063859487584,0.1509178453111465,0.1548633614437313,0.1376109091248652,0.1297296619570095,0.1275841271713329,0.1259269824069478,0.1163407008212028,0.200255414161759,0.1123724944973751,0.1025233348867877,0.0872597428327066,0.0689232038728452,0.0632304882903472,0.0575810177603792,0.0639793466089417,-0.3010549671126361,0.0,0.8279802622366813,0.0,0.4578139500836165,0.0,9.153067795827436,51.59078715036719,0.6689458201348977,0.1177860604048068,7.341866471312744,54.25781879459656,0.5068779400501676,0.0584697605822755,-0.0903164901337908,0.1655960524473362,0.0824065110150509,2635.555555555555
4754,2641.111111111111,0.2982608902546925,0.1979320476740223,0.1867247464822459,0.1466993338906383,0.1509103077686906,0.1356875299896903,0.1282119238242572,0.1266734846565482,0.1255440463808092,0.1160492263986645,0.1958359111384856,0.1106135241194793,0.1016336584752162,0.0866699431408193,0.0685406986950415,0.0631000660069657,0.0575008175876276,0.064168894137559,-0.8143359709542418,0.0,-0.9710625097034185,0.0,-0.4606924591662317,0.0,9.153067795827436,51.59078715036719,0.6115651652446795,0.1177860604048068,7.341866471312744,54.25781879459656,0.5068779400501676,0.0584697605822755,-0.2443007912862725,-0.1942125019406836,-0.0829246426499217,2641.111111111111
4764,2646.6666666666665,0.2867971785670071,0.1832101458399354,0.1711282326587071,0.1297487045942832,0.1338560524383672,0.1180394831397038,0.1101761992414371,0.1084129925569326,0.1076686746756261,0.0977899877398479,0.1958390563072187,0.1104405952094723,0.1005723798246161,0.0864529746401087,0.0683416888571372,0.0633467726322524,0.0575573203842187,0.0643599532187837,-0.8648441736090061,0.0,-0.9177300816844108,0.0,0.3448748865325537,0.0,9.153067795827436,51.59078715036719,0.6115651652446795,0.0997108328330321,7.341866471312744,54.25781879459656,0.5068779400501676,0.0584697605822755,-0.2594532520827018,-0.1835460163368821,0.0620774795758596,2646.6666666666665
4774,2652.222222222222,0.2863951582423487,0.1832631203674962,0.1709355357321091,0.1301010044359448,0.1336384262792451,0.1179666700898153,0.109918330735561,0.108052459705137,0.1078379658491103,0.0979860077538996,0.2053954808193173,0.115683358601102,0.1073912818629087,0.08960552545558,0.0718934571124662,0.0644131898859618,0.0590061444517587,0.0647644786832791,-0.8749391943249424,0.0,-0.5162213936106119,0.0,-0.6840478946634875,0.0,9.153067795827436,51.59078715036719,0.6115651652446795,0.0997108328330321,8.033014895922769,54.25781879459656,0.5068779400501676,0.0584697605822755,-0.2624817582974827,-0.1032442787221223,-0.1231286210394277,2652.222222222222
4784,2657.777777777778,0.3028081990741096,0.1902165123537487,0.1773474958078188,0.1329106876126199,0.1355822884473986,0.1188739568208862,0.1106844531859586,0.1083320977492636,0.1080723080338744,0.0979178830504784,0.2228432218633237,0.1254195292638157,0.1140892115906224,0.0933365656437283,0.0746570643078863,0.0655024241022791,0.0602170888025546,0.0650507375567379,0.871598517020401,0.0,-0.5162213936106119,0.0,-0.4486823519536208,0.0,9.153067795827436,51.59078715036719,0.6115651652446795,0.0997108328330321,8.033014895922769,51.67196502094249,0.5068779400501676,0.0584697605822755,0.2614795551061203,-0.1032442787221223,-0.0807628233516517,2657.777777777778
4794,2663.333333333333,0.3033969586217621,0.1903629188676769,0.1770286056853703,0.1330447672861051,0.1355955183852083,0.1188551533492537,0.1111848815820311,0.1082084425082647,0.1080175047278376,0.0981192815136942,0.2502742302854439,0.1375002183324153,0.1235868774270533,0.0976636309658679,0.0784557764031231,0.0668891252685648,0.061322698004532,0.0654424779064393,0.871598517020401,0.0,-0.5162213936106119,0.0,0.4168335617331177,0.0,9.153067795827436,51.59078715036719,0.6115651652446795,0.0997108328330321,8.033014895922769,51.67196502094249,0.5841258621019859,0.0584697605822755,0.2614795551061203,-0.1032442787221223,0.0750300411119611,2663.333333333333
4804,2668.8888888888887,0.2900527336877446,0.1854577420816006,0.1719917592165717,0.1308885375783182,0.1338088070561313,0.1181110373046247,0.110565448280831,0.1076273671951991,0.1077904913879491,0.0981921795515977,0.219852586453959,0.1067186928431707,0.0928379166037234,0.0665686201779698,0.0482340331217034,0.0359368397174521,0.0307553202424172,0.0349616550671616,-0.325730697165599,0.0,0.4550368716185771,0.0,0.4168335617331177,0.0,9.153067795827436,51.59078715036719,0.6115651652446795,0.0997108328330321,8.033014895922769,51.67196502094249,0.5841258621019859,0.0275225532280194,-0.0977192091496797,0.0910073743237154,0.0750300411119611,2668.8888888888887
4814,2674.4444444444443,0.2594410970175718,0.1679467893758196,0.1495682253682909,0.1197242582163931,0.1217179316945073,0.1125103483259049,0.1048791302120678,0.1054133272764521,0.1052318668546198,0.0976157429317107,0.2199593127378498,0.106241873321517,0.0926163004075461,0.0664962033118437,0.0481985946476816,0.0357756050350992,0.0307863539467639,0.0346972883397939,-0.325730697165599,0.0,0.4550368716185771,0.0,0.7363619809499228,0.0,7.336454512434773,51.59078715036719,0.6115651652446795,0.0997108328330321,8.033014895922769,51.67196502094249,0.5841258621019859,0.0275225532280194,-0.0977192091496797,0.0910073743237154,0.1325451565709861,2674.4444444444443
4824,2680.0,0.2732825797068439,0.1797267382076052,0.1568499304815107,0.1248852938913081,0.124790678546873,0.1142466466935758,0.106166512416545,0.1061053845115011,0.1056891524211253,0.0976601695826286,0.2270781449613953,0.1092889085430051,0.095468506206352,0.0672789994351192,0.0489267748252957,0.0361770545876957,0.0308865609004916,0.0348168918761152,0.5041294974709255,0.0,0.3962508651151553,0.0,0.7996105266807851,0.0,7.336454512434773,45.8584435406906,0.6115651652446795,0.0997108328330321,8.033014895922769,51.67196502094249,0.5841258621019859,0.0275225532280194,0.1512388492412776,0.079250173023031,0.1439298948025413,2680.0
4834,2685.555555555555,0.2658401365545987,0.1761412667961999,0.1539569658939802,0.1237946838197867,0.1238842482229986,0.1136651253134617,0.1058569482579537,0.1060630914052448,0.1058551127818348,0.0972980300913123,0.2288762551104818,0.1100731662740049,0.0956197239454826,0.0675062555327605,0.0493308642944382,0.0360090014196754,0.0309686004448195,0.034934661790389,0.7912657355596416,0.0,0.6123254493149447,0.0,0.7996105266807851,0.0,7.336454512434773,45.8584435406906,0.5861489849280462,0.0997108328330321,8.033014895922769,51.67196502094249,0.5841258621019859,0.0275225532280194,0.2373797206678924,0.1224650898629889,0.1439298948025413,2685.555555555555
4844,2691.111111111111,0.2861761102134718,0.2134084070167602,0.1939698154012605,0.1690446168324294,0.1702781171925442,0.1626053056817159,0.1549076579129347,0.1556446237646686,0.1551765697171861,0.1469063083452554,0.2154074974000267,0.1049548332026155,0.0922250137831222,0.0657068977459374,0.0484645434301943,0.0358746406634332,0.0307775301287507,0.0342288218598515,-0.8122166907064982,0.0,0.6123254493149447,0.0,-0.9180989056192784,0.0,7.336454512434773,45.8584435406906,0.5861489849280462,0.1498588133219723,8.033014895922769,51.67196502094249,0.5841258621019859,0.0275225532280194,-0.2436650072119494,0.1224650898629889,-0.1652578030114701,2691.111111111111
4854,2696.6666666666665,0.2998142179107388,0.2182761201453787,0.1987784103761429,0.1713009852036675,0.1712919672678005,0.1627415977571684,0.1553031645571762,0.1558478330281662,0.1551747895721688,0.1469452921749922,0.2083742649360855,0.1000604308994911,0.0835476930023532,0.061786345342508,0.0434006958383249,0.0342272083799883,0.0288764908645023,0.0339149753247894,0.6362129993837624,0.0,-0.4753267110188848,0.0,-0.9180989056192784,0.0,7.336454512434773,45.8584435406906,0.5861489849280462,0.1498588133219723,7.057655825636014,51.67196502094249,0.5841258621019859,0.0275225532280194,0.1908638998151287,-0.0950653422037769,-0.1652578030114701,2696.6666666666665
4864,2702.222222222222,0.2855551975820594,0.2127972673332918,0.1943792442149434,0.1694112631349316,0.17019133523291,0.1618647832516805,0.1540661547620858,0.1554877598491664,0.1550785812804361,0.1467984623304347,0.1996605541622479,0.0988154459823053,0.081468890595321,0.0619716799707523,0.0427955355423111,0.0344052223075493,0.0288847310512796,0.0340966252349148,-0.910545249272363,0.0,0.7754591386751231,0.0,-0.599942068643189,0.0,7.336454512434773,45.8584435406906,0.5861489849280462,0.1498588133219723,7.057655825636014,48.94758563638537,0.5841258621019859,0.0275225532280194,-0.2731635747817089,0.1550918277350246,-0.107989572355774,2702.222222222222
4874,2707.777777777778,0.2858589355869738,0.2126564386617894,0.1943344616325676,0.1693687955334138,0.1701025652190523,0.1619670674446614,0.1539997414689518,0.1553662496829291,0.154855590327948,0.1466079046709692,0.1965432588855431,0.0971893429001381,0.0806818590605737,0.0609425142842901,0.0423219643805667,0.0341664757989121,0.028612660850046,0.0336943863639043,-0.910545249272363,0.0,0.7754591386751231,0.0,-0.7494051999123893,0.0,7.336454512434773,45.8584435406906,0.5861489849280462,0.1498588133219723,7.057655825636014,48.94758563638537,0.5743255127652905,0.0275225532280194,-0.2731635747817089,0.1550918277350246,-0.13489293598423,2707.777777777778
4884,2713.333333333333,0.2868922826133582,0.2135478164869834,0.1949014303620455,0.1696097596839348,0.1704663903724231,0.1624956330912931,0.15402819967594,0.1553733280254564,0.1547626668037423,0.146542147746689,0.2378635099801625,0.148846183821094,0.1342057351696882,0.1178173799675029,0.100098194625234,0.0931660965075932,0.0877582249216581,0.0931967322232076,-0.7568647100098257,0.0,0.9659493824176664,0.0,-0.7494051999123893,0.0,7.336454512434773,45.8584435406906,0.5861489849280462,0.1498588133219723,7.057655825636014,48.94758563638537,0.5743255127652905,0.0872141609287306,-0.2270594130029476,0.1931898764835332,-0.13489293598423,2713.333333333333
4894,2718.8888888888887,0.3168221209037958,0.231941140187384,0.2174990675055052,0.1816435828619919,0.1835277461255043,0.1693028866029371,0.1603369070164623,0.1585124042546395,0.1576185922213807,0.147568535187657,0.2376533967007007,0.1492951797300439,0.1339491490365655,0.1177876689627574,0.10003001230573,0.093216932456787,0.0876997450622503,0.0931387495113179,-0.7568647100098257,0.0,0.9659493824176664,0.0,-0.5666299771086987,0.0,9.4332754543226,45.8584435406906,0.5861489849280462,0.1498588133219723,7.057655825636014,48.94758563638537,0.5743255127652905,0.0872141609287306,-0.2270594130029476,0.1931898764835332,-0.1019933958795657,2718.8888888888887
4904,2724.4444444444443,0.3095496711339399,0.2158959974731047,0.2095168821321333,0.1735091490277162,0.1782811250938663,0.1654990216543611,0.1576452441922496,0.1568466083398671,0.1566612953786451,0.1473860693786303,0.2403552029302854,0.1502249386180223,0.1350908619316656,0.1180991996559153,0.1002672275004166,0.0931948935121643,0.087515258514279,0.0932870514604882,-0.4174164220115331,0.0,-0.4056382757356256,0.0,-0.5666299771086987,0.0,9.4332754543226,57.78145787437038,0.5861489849280462,0.1498588133219723,7.057655825636014,48.94758563638537,0.5743255127652905,0.0872141609287306,-0.1252249266034599,-0.0811276551471251,-0.1019933958795657,2724.4444444444443
4914,2730.0,0.3044196533254641,0.2137556694310469,0.2075578166770383,0.1725316476917265,0.1772093059494101,0.1656063629941869,0.1569789080833303,0.1566362585517016,0.1566542801626245,0.1473922111631526,0.2395305011615069,0.1499642080652433,0.1345338884721603,0.1177538789273245,0.1001331706740616,0.0929368743314197,0.0871226976417375,0.0927481328333357,-0.5306200462663007,0.0,-0.4056382757356256,0.0,-0.3611275609214138,0.0,9.4332754543226,57.78145787437038,0.5754277491409066,0.1498588133219723,7.057655825636014,48.94758563638537,0.5743255127652905,0.0872141609287306,-0.1591860138798901,-0.0811276551471251,-0.0650029609658544,2730.0
4924,2735.555555555555,0.2380580583501275,0.1215298679104865,0.1146232498194464,0.0696886474147602,0.0740144080177186,0.0579647637697224,0.0493933059591311,0.0470665289149383,0.047823611107866,0.0376383685068553,0.2396151281855752,0.1501398329161682,0.1346175008398238,0.1179832828959502,0.1002069379201108,0.0930695376070977,0.0875725544147975,0.0928041012132459,-0.5306200462663007,0.0,-0.561835338227655,0.0,-0.3611275609214138,0.0,9.4332754543226,57.78145787437038,0.5754277491409066,0.0400351713062899,7.057655825636014,48.94758563638537,0.5743255127652905,0.0872141609287306,-0.1591860138798901,-0.112367067645531,-0.0650029609658544,2735.555555555555
4934,2741.111111111111,0.2406619292946248,0.1226865969100196,0.1158521829050481,0.0698414232368943,0.0746906313573399,0.0582162577188479,0.0495804689342344,0.0469433121422173,0.0486516612394216,0.0377798395761556,0.2686363370552075,0.1659652503790822,0.1529528038572228,0.1277737782154029,0.1097280021341499,0.0974631121912526,0.0915629860360484,0.0940401862315014,-0.2556294817440542,0.0,-0.561835338227655,0.0,0.7726628924656317,0.0,9.4332754543226,57.78145787437038,0.5754277491409066,0.0400351713062899,8.653195813054198,48.94758563638537,0.5743255127652905,0.0872141609287306,-0.0766888445232162,-0.112367067645531,0.1390793206438137,2741.111111111111
4944,2746.6666666666665,0.2406013215321816,0.1222793036162334,0.116043369017376,0.0698402691891678,0.0746199283811197,0.0580433045561847,0.0491845242735088,0.0464365893863753,0.0484092686684104,0.0379205345451605,0.2672689497218913,0.16377700914588,0.1516451586309987,0.1273837845173208,0.1087903042234371,0.096967857408734,0.0909139641515367,0.0939494501305775,-0.2556294817440542,0.0,-0.5922281538517377,0.0,0.7726628924656317,0.0,9.4332754543226,57.78145787437038,0.5754277491409066,0.0400351713062899,8.653195813054198,49.87666677828318,0.5743255127652905,0.0872141609287306,-0.0766888445232162,-0.1184456307703475,0.1390793206438137,2746.6666666666665
4954,2752.222222222222,0.2390594506128039,0.1229685678267807,0.1151788649094863,0.0700485993553105,0.074544452205468,0.0578843028466516,0.0489027050610232,0.0464112016421579,0.0482280941335725,0.0373579012408113,0.2916037741344448,0.1747704818820955,0.1608547170723705,0.1314225430426281,0.1123809990821022,0.0983404933792621,0.0917733751404698,0.0943800068282317,-0.2556294817440542,0.0,0.5138167176302953,0.0,0.4884849451979317,0.0,9.4332754543226,57.78145787437038,0.5754277491409066,0.0400351713062899,8.653195813054198,49.87666677828318,0.6371082294236313,0.0872141609287306,-0.0766888445232162,0.102763343526059,0.0879272901356277,2752.222222222222
4964,2757.777777777778,0.2493282345130164,0.1266676648232196,0.118609114686818,0.0713843337283916,0.0759397688445287,0.058370036878651,0.0491560101773948,0.0465984105010641,0.048023526412254,0.0372388822220858,0.2547105768794951,0.1160155760361303,0.099652087341297,0.0614527690581926,0.0418886669546432,0.0242913216791387,0.0175470166668516,0.0185785491534492,0.8319608680427991,0.0,0.2744320079769066,0.0,0.4884849451979317,0.0,9.4332754543226,57.78145787437038,0.5754277491409066,0.0400351713062899,8.653195813054198,49.87666677828318,0.6371082294236313,0.0109937134244479,0.2495882604128397,0.0548864015953813,0.0879272901356277,2757.777777777778
4974,2763.333333333333,0.2450543635068966,0.1247015762067702,0.1151058773428269,0.0698919128335245,0.0742445564740915,0.0575851456851445,0.0483329317962291,0.0462941941289456,0.0475207452378142,0.0370928093229927,0.2549244388974081,0.1156833169783201,0.1004173475111996,0.0618136262783969,0.0422176986645774,0.0246972808016915,0.0176578822175588,0.0186737441655246,0.8319608680427991,0.0,0.2744320079769066,0.0,-0.5924746363916362,0.0,9.172984630035996,57.78145787437038,0.5754277491409066,0.0400351713062899,8.653195813054198,49.87666677828318,0.6371082294236313,0.0109937134244479,0.2495882604128397,0.0548864015953813,-0.1066454345504945,2763.333333333333
4984,2768.8888888888887,0.2443592554714863,0.138838699037671,0.1211747698664727,0.0784392566382389,0.0788810227951734,0.0618031627525136,0.0505722743718589,0.0480777950294486,0.0490580573043164,0.0377097481597765,0.2399902814538272,0.1089614569766297,0.095195151535631,0.0596448008633123,0.0399749954004147,0.0235953966989793,0.0168389823525013,0.0182859640695773,-0.8401804520166,0.0,0.4445446332343529,0.0,-0.5924746363916362,0.0,9.172984630035996,46.25930325233851,0.5754277491409066,0.0400351713062899,8.653195813054198,49.87666677828318,0.6371082294236313,0.0109937134244479,-0.2520541356049799,0.0889089266468705,-0.1066454345504945,2768.8888888888887
4994,2774.4444444444443,0.2532745193351851,0.1431726748181664,0.1244834852464491,0.0800463450643655,0.0797251972305641,0.0620960988002603,0.0509929377831239,0.0477326442932528,0.049228652801715,0.0376814976367334,0.2399161137368021,0.1083507650832845,0.0945099929969078,0.0595355910742328,0.0398338279759889,0.0232669768123724,0.0166290760841518,0.0182731936448968,-0.8401804520166,0.0,0.5653691884732499,0.0,0.3501302753565239,0.0,9.172984630035996,46.25930325233851,0.5989053914574938,0.0400351713062899,8.653195813054198,49.87666677828318,0.6371082294236313,0.0109937134244479,-0.2520541356049799,0.1130738376946499,0.0630234495641743,2774.4444444444443
