source_row_index,time,X1A,Y1A,X2A,Y2A,X3A,Y3A,X4A,Y4A,X5A,Y5A,X1B,Y1B,X2B,Y2B,X3B,Y3B,X4B,Y4B,s1,c1,s2,c2,s3,c3,L_A,G_A,X0_A,Y6_A,L_B,G_B,X0_B,Y5_B,H1,H2,H3,time_hours
4,2.2222222222222223,0.2669112257661857,0.1481027255040715,0.1384580389877676,0.0946427600762371,0.0804189031150536,0.0640053242025281,0.0614025799340793,0.061056158457577,0.0649933645778542,0.0565462259909543,0.2513253323457709,0.1472782328792051,0.1153270943586989,0.090011670569075,0.0731918464507286,0.0473647365763328,0.0724068264655978,0.0610426945609465,0.9968,0.0,0.9968,0.0,0.9968,0.0,8.0,50.0,0.6,0.05,7.5,50.0,0.6,0.05,0.29904,0.19936,0.179424,2.2222222222222223
14,7.777777777777778,0.2660537638990079,0.1431940516049822,0.1417488757600686,0.088259074106791,0.0787165112352263,0.0639410634429332,0.0653501212488934,0.0601520830167792,0.0565900546945647,0.0573766298960324,0.2552504773983195,0.1289461223270288,0.1148142037706064,0.0740326285173024,0.0728832135711473,0.0663482910308886,0.0602848869805473,0.0471774042087085,0.9888,0.0,0.9888,0.0,0.9888,0.0,8.400305493134933,50.0,0.6,0.05,7.5,50.0,0.6,0.05,0.29664,0.19776,0.177984,7.777777777777778
24,13.333333333333332,0.2579119132344265,0.1321984678339313,0.1236828406878967,0.0851600582883609,0.0762056611860552,0.0534376788332738,0.0490567423517725,0.0529666578554936,0.0470045481824101,0.0521743795182953,0.2412501038397627,0.1330952755379559,0.1096598433677512,0.0766718260206917,0.0699267716848074,0.0618502293038074,0.0634652981322661,0.0512478372806525,0.9808,0.0,0.9808,0.0,0.9808,0.0,8.400305493134933,57.94427601939151,0.6,0.05,7.5,50.0,0.6,0.05,0.29424,0.19616,0.176544,13.333333333333332
34,18.88888888888889,0.2680113554597091,0.1396276935630308,0.133364995733779,0.0878400910590872,0.0758581935326779,0.062788824061848,0.0612873660856186,0.0478979868055941,0.0422509744929918,0.0411066229698683,0.2507360631422247,0.135488447800416,0.110257153752215,0.075340479738917,0.0702430421484343,0.0571967102462534,0.0567600079140071,0.0635823982983449,0.9728,0.0,0.9728,0.0,0.9728,0.0,8.400305493134933,57.94427601939151,0.6551371380490387,0.05,7.5,50.0,0.6,0.05,0.29184,0.19456,0.1751039999999999,18.88888888888889
44,24.444444444444443,0.2699535113661702,0.1144977158663823,0.1138142815011804,0.0726339004918279,0.0592160249092018,0.0511744489570614,0.0412993113204542,0.0432340773753222,0.0399698166020706,0.0326577866629829,0.2437795312845959,0.1340814377967703,0.1228791065704084,0.078557926520781,0.0689486615185543,0.075628471806268,0.0490118677989284,0.0511569803146916,0.9648,0.0,0.9648,0.0,0.9648,0.0,8.400305493134933,57.94427601939151,0.6551371380490387,0.0337810784985887,7.5,50.0,0.6,0.05,0.28944,0.19296,0.1736639999999999,24.444444444444443
54,30.0,0.2657771607797373,0.1270438596709705,0.1203826121368737,0.0640707268675029,0.0547199269324361,0.0482941572513825,0.050097233808838,0.02985471572833,0.0276599755197996,0.032492963991168,0.2259831757130308,0.1304684533645054,0.1032889153698043,0.0785292297011762,0.0667462559429099,0.0580659950238738,0.0587092951741856,0.0507812066940711,0.9568,0.0,0.9568,0.0,0.9568,0.0,8.400305493134933,57.94427601939151,0.6551371380490387,0.0337810784985887,6.9004988547336765,50.0,0.6,0.05,0.2870399999999999,0.19136,0.172224,30.0
64,35.55555555555556,0.2612914447623118,0.1263500641861603,0.1208112109643184,0.064555946406638,0.0626204297015855,0.0382012455600376,0.0508165038295904,0.0394539132001431,0.0343646172547397,0.0277524984925821,0.2269190037362643,0.1222748282722149,0.1153485854060013,0.079984440318865,0.064097658004582,0.0535682974194384,0.0494571003929547,0.0534203804991343,0.9488,0.0,0.9488,0.0,0.9488,0.0,8.400305493134933,57.94427601939151,0.6551371380490387,0.0337810784985887,6.9004988547336765,57.47106890792524,0.6,0.05,0.28464,0.18976,0.170784,35.55555555555556
74,41.11111111111111,0.2628554954351945,0.1209125442313239,0.1189385820872443,0.0724978119897885,0.0527915075766234,0.045682224473381,0.0432130884086095,0.0360059863076925,0.039057067997764,0.0337150841457079,0.1945737926088296,0.1123537178403503,0.0898666696066694,0.0650347583451044,0.0612525023932553,0.0507994043166181,0.0510922938201027,0.0581195290397094,0.9408,0.0,0.9408,0.0,0.9408,0.0,8.400305493134933,57.94427601939151,0.6551371380490387,0.0337810784985887,6.9004988547336765,57.47106890792524,0.501053060913115,0.05,0.28224,0.18816,0.169344,41.11111111111111
84,46.66666666666666,0.2620671000863109,0.1161491182331133,0.1107282590539428,0.0560895015143321,0.0637550068480582,0.0491769621192526,0.0438378295478533,0.0267626490187118,0.0344188912126231,0.0379450826569634,0.2487311344214563,0.1738755185527065,0.1643838015305149,0.1316741698888364,0.1350538215086469,0.1281823568144755,0.1207300558003846,0.1206217840249991,0.9328,0.0,0.9328,0.0,0.9328,0.0,8.400305493134933,57.94427601939151,0.6551371380490387,0.0337810784985887,6.9004988547336765,57.47106890792524,0.501053060913115,0.1231842627574149,0.27984,0.18656,0.167904,46.66666666666666
94,52.22222222222222,0.2755933533059498,0.1268061144184531,0.1220232243593185,0.0640002169577536,0.0720822224324922,0.0522435241986703,0.0436828145509264,0.0392311373044051,0.0452114347666374,0.0272496428495066,0.2467788823775253,0.1735850641157305,0.1639320761992789,0.1353486294614854,0.1247159838787844,0.1237976738021175,0.1314931012404736,0.1211050146788339,0.9248,0.0,0.9248,0.0,0.9248,0.0,8.950622172006547,57.94427601939151,0.6551371380490387,0.0337810784985887,6.9004988547336765,57.47106890792524,0.501053060913115,0.1231842627574149,0.2774399999999999,0.18496,0.1664639999999999,52.22222222222222
104,57.77777777777777,0.2852738509873537,0.159456901814498,0.1344913364586679,0.0815814648063958,0.0718430138280515,0.0484939003583274,0.0450376726770574,0.0407468691926937,0.0394071231260698,0.0391312499227571,0.2452855214683741,0.1774268014507185,0.1661818427280441,0.1261059849385203,0.1274935092686715,0.1252693494459592,0.127166125883587,0.1268758422014322,0.9168,0.0,0.9168,0.0,0.9168,0.0,8.950622172006547,49.358699056874414,0.6551371380490387,0.0337810784985887,6.9004988547336765,57.47106890792524,0.501053060913115,0.1231842627574149,0.27504,0.18336,0.165024,57.77777777777777
114,63.33333333333333,0.2531277994560485,0.1319828443029384,0.1197497608123796,0.0692494621758384,0.0654104332002842,0.0514220969567433,0.0492975945543568,0.0341953927832203,0.0336795484054586,0.0326932177442279,0.2552553694812213,0.1682387107021971,0.1673594085916531,0.1374490696236824,0.1432736934379526,0.1317879562184087,0.1283041829580569,0.1241228214833025,0.9088,0.0,0.9088,0.0,0.9088,0.0,8.950622172006547,49.358699056874414,0.5606064853638627,0.0337810784985887,6.9004988547336765,57.47106890792524,0.501053060913115,0.1231842627574149,0.27264,0.18176,0.163584,63.33333333333333
124,68.88888888888889,0.2563736934623383,0.1354107124678151,0.1360022792831424,0.0826866924212006,0.0834740016980896,0.0489589622064063,0.0459674405427477,0.0454567073918431,0.0527914349812166,0.0503352868014692,0.2518197500304557,0.1755180695584881,0.1626152553270371,0.1351116229008221,0.1364775808913538,0.1271695917020297,0.1296247803154079,0.1280826049758429,0.9008,0.0,0.9008,0.0,0.9008,0.0,8.950622172006547,49.358699056874414,0.5606064853638627,0.041763841815116,6.9004988547336765,57.47106890792524,0.501053060913115,0.1231842627574149,0.27024,0.18016,0.162144,68.88888888888889
134,74.44444444444444,0.2516717695404272,0.1359378547884697,0.1292359196142261,0.0838319252853646,0.0700324211679186,0.0519261467005914,0.0568141276732687,0.0500325963561275,0.0488588637524787,0.0425706557389618,0.2533550612583773,0.1703054632947923,0.1575571237189856,0.1318117834754912,0.1378660751727102,0.1249388915506174,0.1284216746397375,0.1284843046911359,0.8928,0.0,0.8928,0.0,0.8928,0.0,8.950622172006547,49.358699056874414,0.5606064853638627,0.041763841815116,6.764608762962374,57.47106890792524,0.501053060913115,0.1231842627574149,0.26784,0.17856,0.160704,74.44444444444444
144,80.0,0.2550400541913029,0.1407991735124048,0.125216668931016,0.0796062023142138,0.0766315149206406,0.0488692855010409,0.0530201616351314,0.0480323363949744,0.0480664459182609,0.0465344142142643,0.2486764887339919,0.1825097722155746,0.1684981812593755,0.1405942206984822,0.1310790803634977,0.1266529475596275,0.1258302730734072,0.1298924763685616,0.8848,0.0,0.8848,0.0,0.8848,0.0,8.950622172006547,49.358699056874414,0.5606064853638627,0.041763841815116,6.764608762962374,48.901526117652935,0.501053060913115,0.1231842627574149,0.26544,0.17696,0.159264,80.0
154,85.55555555555556,0.2502582015702789,0.1347877541673478,0.1222880337519177,0.0876452652762732,0.0610799618337581,0.0580473373185621,0.0486620085234874,0.0556411900971519,0.0491599186062121,0.0429398864873005,0.2928340479306592,0.1947300754058566,0.1687155635845769,0.1501404001741933,0.1447644386010312,0.1310661796682374,0.1298675012481163,0.117564471017445,0.8768,0.0,0.8768,0.0,0.8768,0.0,8.950622172006547,49.358699056874414,0.5606064853638627,0.041763841815116,6.764608762962374,48.901526117652935,0.6009096517915906,0.1231842627574149,0.26304,0.17536,0.157824,85.55555555555556
164,91.1111111111111,0.2411328647076911,0.1373786033723075,0.1245878748676368,0.0806119676630529,0.0743623870720156,0.0481690215669678,0.0525767128248543,0.0508496210708765,0.0436864859191972,0.0408907790065739,0.2463596896190165,0.1517682332469131,0.1394265551511235,0.106205053307665,0.1067808308775113,0.0925227823957616,0.0900171440115375,0.0921163043525054,0.8688,0.0,0.8688,0.0,0.8688,0.0,8.950622172006547,49.358699056874414,0.5606064853638627,0.041763841815116,6.764608762962374,48.901526117652935,0.6009096517915906,0.0830246028111738,0.26064,0.17376,0.156384,91.1111111111111
174,96.66666666666666,0.2628176732762073,0.1480705122241042,0.1373847082883353,0.0833757300002333,0.0670405362753611,0.0576922711799803,0.0645079200668479,0.0532285093018031,0.0414813933975109,0.0362426683986947,0.2523986533896913,0.1527847915485964,0.136224717768624,0.104827071788549,0.0897474536693412,0.0921009360548841,0.0810930086465294,0.083245530614687,0.8608,0.0,0.8608,0.0,0.8608,0.0,9.585600906990056,49.358699056874414,0.5606064853638627,0.041763841815116,6.764608762962374,48.901526117652935,0.6009096517915906,0.0830246028111738,0.2582399999999999,0.17216,0.154944,96.66666666666666
184,102.2222222222222,0.2628218342753226,0.1280488237915238,0.1292107090153753,0.0728249236930176,0.0743089852501563,0.0522862910662281,0.0630117024959419,0.0483025171536662,0.0409554640572995,0.0394569034912108,0.2539918510386411,0.1591571083788436,0.1449964869786038,0.1092449974095366,0.0979091683606424,0.096438870413212,0.087652793414505,0.0810641837776255,0.8528,0.0,0.8528,0.0,0.8528,0.0,9.585600906990056,55.85323838427506,0.5606064853638627,0.041763841815116,6.764608762962374,48.901526117652935,0.6009096517915906,0.0830246028111738,0.25584,0.17056,0.153504,102.2222222222222
194,107.77777777777776,0.2709158860541145,0.1344656860588719,0.1286979383015649,0.081897443423747,0.081183325640633,0.0629914485758452,0.0576832010410886,0.037840539018356,0.0485467109247562,0.0460382163729635,0.2516849356886418,0.1630704556081867,0.1333847090056856,0.1086765120163476,0.094641326434815,0.0903917701008691,0.095010907439603,0.089349636731189,0.8448,0.0,0.8448,0.0,0.8448,0.0,9.585600906990056,55.85323838427506,0.6244358458882325,0.041763841815116,6.764608762962374,48.901526117652935,0.6009096517915906,0.0830246028111738,0.25344,0.16896,0.152064,107.77777777777776
204,113.33333333333331,0.3381690775364118,0.2316514245476366,0.2320325349848755,0.1833267313724729,0.1759900421489783,0.1665973432547016,0.164725739849362,0.1499613743805042,0.1541426082906981,0.1485937834224323,0.2495020203871941,0.1576114681147467,0.1425712702412343,0.102200251852983,0.1038555129053969,0.0913715270057902,0.0899914810756428,0.0855855319790771,0.8368,0.0,0.8368,0.0,0.8368,0.0,9.585600906990056,55.85323838427506,0.6244358458882325,0.1483440221522827,6.764608762962374,48.901526117652935,0.6009096517915906,0.0830246028111738,0.25104,0.16736,0.1506239999999999,113.33333333333331
214,118.88888888888889,0.3413181289499412,0.2385273157430455,0.2272243876374853,0.1756814277554748,0.1721885012551442,0.1658372104622291,0.1518366841099554,0.159760472540176,0.1482619141201905,0.1535333555418898,0.2585644726069357,0.1596861229420578,0.1474291215719634,0.1058102897533125,0.1048759871891101,0.0817281537318443,0.0801820737162766,0.0854361581602359,0.8288,0.0,0.8288,0.0,0.8288,0.0,9.585600906990056,55.85323838427506,0.6244358458882325,0.1483440221522827,6.645926094706796,48.901526117652935,0.6009096517915906,0.0830246028111738,0.2486399999999999,0.16576,0.1491839999999999,118.88888888888889
224,124.44444444444444,0.3440036731303467,0.2396172501834937,0.2289310815412785,0.185981799732681,0.1760219375239535,0.1597815479713669,0.1577806451915646,0.1562926454796439,0.1475729862207329,0.1456305418173425,0.2590531357464395,0.1686623227913017,0.1427170869972235,0.1124079649521283,0.0971960846119501,0.0952378190248934,0.0854340537677798,0.0821414856799421,0.8208,0.0,0.8208,0.0,0.8208,0.0,9.585600906990056,55.85323838427506,0.6244358458882325,0.1483440221522827,6.645926094706796,43.20424067715689,0.6009096517915906,0.0830246028111738,0.24624,0.16416,0.147744,124.44444444444444
234,130.0,0.3356439581487493,0.2395111605727041,0.2366845060596838,0.1771511052921415,0.1781524547706495,0.1620736487475704,0.1579288027932675,0.1446043024363645,0.1551572378530204,0.1496708444390589,0.2638774208473848,0.1707497299082052,0.1415623616526999,0.1005110066274627,0.0992075935998578,0.091943666972755,0.0876025759419966,0.077066363428492,0.8128,0.0,0.8128,0.0,0.8128,0.0,9.585600906990056,55.85323838427506,0.6244358458882325,0.1483440221522827,6.645926094706796,43.20424067715689,0.6225079208546062,0.0830246028111738,0.2438399999999999,0.16256,0.146304,130.0
244,135.55555555555554,0.3472114383941428,0.2294668682430339,0.2226778492861809,0.1794387694998401,0.1750981552465005,0.1558203720625119,0.1573043120491541,0.1514273570690709,0.1546255067022833,0.1540513373157109,0.2071717236271451,0.1116341977532559,0.0676494065235694,0.040669082483892,0.0265022914409359,0.013684839310304,0.0126946657882452,0.0087089003504483,0.8048,0.0,0.8048,0.0,0.8048,0.0,9.585600906990056,55.85323838427506,0.6244358458882325,0.1483440221522827,6.645926094706796,43.20424067715689,0.6225079208546062,0.0065913011942075,0.24144,0.16096,0.144864,135.55555555555554
254,141.11111111111111,0.2959234522276062,0.2081244048732951,0.1858733797632105,0.164010027218595,0.1676152846976266,0.1487674594403947,0.1479344906508568,0.1488546223849935,0.1579163905735947,0.1514602177999597,0.2167455582422417,0.105185128136475,0.0826147572371117,0.0343759835051585,0.0253865066490351,0.0175460051142226,0.0125596881791676,0.0042094378765043,0.7968,0.0,0.7968,0.0,0.7968,0.0,6.514176892075508,55.85323838427506,0.6244358458882325,0.1483440221522827,6.645926094706796,43.20424067715689,0.6225079208546062,0.0065913011942075,0.2390399999999999,0.15936,0.143424,141.11111111111111
264,146.66666666666666,0.3047959005252965,0.2120806885235773,0.1921492240155363,0.1630058797314867,0.1572583711044345,0.1479590360014191,0.153117267639166,0.1492690910510958,0.1526840410530371,0.1514517384326582,0.2200921685353255,0.0998608276967788,0.0685963183155422,0.0335512271796216,0.0195998662141646,0.021110921844276,0.0137465748870875,0.0189326991701602,0.7888,0.0,0.7888,0.0,0.7888,0.0,6.514176892075508,50.297776405427406,0.6244358458882325,0.1483440221522827,6.645926094706796,43.20424067715689,0.6225079208546062,0.0065913011942075,0.2366399999999999,0.15776,0.1419839999999999,146.66666666666666
274,152.2222222222222,0.2905250099896549,0.2079025175488236,0.1893701338367104,0.1646581301017703,0.166697921986923,0.1440679250501413,0.1524612213098468,0.1411072329965152,0.1550455218935982,0.1586667813410021,0.220168760087111,0.1016113230605656,0.0814465844194557,0.037565643498347,0.0253574864697545,0.0187573096334451,0.0105634508257167,0.0046185143481161,0.7807999999999999,0.0,0.7807999999999999,0.0,0.7807999999999999,0.0,6.514176892075508,50.297776405427406,0.5932412050650578,0.1483440221522827,6.645926094706796,43.20424067715689,0.6225079208546062,0.0065913011942075,0.2342399999999999,0.15616,0.1405439999999999,152.2222222222222
284,157.77777777777777,0.2842772202628809,0.2055321269723326,0.1823987973439186,0.1537249172318553,0.1508544729480192,0.1419891152515863,0.142320489597587,0.1430755782204688,0.1399945522616018,0.1445093938146911,0.213587626126642,0.1071998707952983,0.0717082168547431,0.0450051311098462,0.0275005549908234,0.0176176000857546,0.023701932705767,0.0055330468106105,0.7727999999999999,0.0,0.7727999999999999,0.0,0.7727999999999999,0.0,6.514176892075508,50.297776405427406,0.5932412050650578,0.1375751659789278,6.645926094706796,43.20424067715689,0.6225079208546062,0.0065913011942075,0.2318399999999999,0.15456,0.1391039999999999,157.77777777777777
294,163.33333333333331,0.2829852662435281,0.190667678217499,0.180988881512166,0.1534809651782829,0.150901381288101,0.1395433896317925,0.1442269408064975,0.1337849452839537,0.1296217072611137,0.1386568230130326,0.247766842306413,0.1191665464221153,0.096830688878501,0.0497850023020116,0.0293812534864739,0.0238885149248123,0.0192851467942487,0.0121034672286695,0.7648,0.0,0.7648,0.0,0.7648,0.0,6.514176892075508,50.297776405427406,0.5932412050650578,0.1375751659789278,7.887678763473032,43.20424067715689,0.6225079208546062,0.0065913011942075,0.22944,0.15296,0.137664,163.33333333333331
304,168.88888888888889,0.2877585264019429,0.202727165793424,0.1806570086142773,0.1556480489698527,0.1395217110987837,0.142125232354276,0.1384189676003082,0.1366492769313315,0.1402233420891764,0.135509745039122,0.2310104530235993,0.112184931372752,0.0837928994069676,0.0403368465425998,0.0328091316648081,0.0204142936597424,0.0162474736085826,0.0152288289420828,0.7568,0.0,0.7568,0.0,0.7568,0.0,6.514176892075508,50.297776405427406,0.5932412050650578,0.1375751659789278,7.887678763473032,50.28235293199028,0.6225079208546062,0.0065913011942075,0.22704,0.15136,0.136224,168.88888888888889
314,174.44444444444443,0.2790128068773614,0.2047436414397113,0.1835160754389985,0.1576824989042742,0.138628282376993,0.1389445861999155,0.1384927015961332,0.1424414613669208,0.151778514205737,0.1285197702907611,0.2253623523644693,0.1006510493907388,0.0826611732284471,0.0440888815294045,0.0305716356825752,0.0198386090557458,0.0225059839827132,0.0165502170660916,0.7488,0.0,0.7488,0.0,0.7488,0.0,6.514176892075508,50.297776405427406,0.5932412050650578,0.1375751659789278,7.887678763473032,50.28235293199028,0.5993746870787008,0.0065913011942075,0.22464,0.14976,0.134784,174.44444444444443
324,180.0,0.280913956449987,0.2036836680064636,0.1867295280421731,0.1493316857087127,0.1481806912083824,0.1416674916330806,0.1487363093426968,0.1393017182678886,0.1356797530810596,0.1422626339711222,0.2414916076709647,0.1319163574505519,0.1021835717815658,0.0603242132979801,0.0681175607641059,0.0396057211188703,0.0437499914811028,0.044055278628335,0.7408,0.0,0.7408,0.0,0.7408,0.0,6.514176892075508,50.297776405427406,0.5932412050650578,0.1375751659789278,7.887678763473032,50.28235293199028,0.5993746870787008,0.0371272383040996,0.22224,0.14816,0.133344,180.0
334,185.55555555555557,0.2812954704757503,0.1942039765382642,0.1790941464216448,0.1536850844870796,0.1524806158203369,0.1468918435516439,0.1467880631079252,0.1458613420319295,0.1366935877666622,0.137926726811375,0.2441828381887921,0.1229763145933337,0.1122870709237846,0.0695808711499545,0.0585228135817272,0.0442899747304501,0.044839594064779,0.0475692031065126,0.7328,0.0,0.7328,0.0,0.7328,0.0,6.437740881736019,50.297776405427406,0.5932412050650578,0.1375751659789278,7.887678763473032,50.28235293199028,0.5993746870787008,0.0371272383040996,0.21984,0.14656,0.131904,185.55555555555557
344,191.11111111111111,0.2794087574308425,0.2029715622395439,0.1920558728812612,0.1617367977799136,0.1572260332312346,0.1417748205271213,0.136632761057477,0.1375111027155366,0.14547505124478,0.133971397190285,0.2362006868269519,0.1278539767625039,0.1104896484278589,0.0739810163672472,0.0570485753157153,0.0408616087433129,0.0530322760828891,0.0339440454790807,0.7248,0.0,0.7248,0.0,0.7248,0.0,6.437740881736019,43.84804287970621,0.5932412050650578,0.1375751659789278,7.887678763473032,50.28235293199028,0.5993746870787008,0.0371272383040996,0.21744,0.14496,0.130464,191.11111111111111
354,196.66666666666663,0.2997260447233782,0.2087826827808837,0.1898496023660299,0.1648763582048149,0.1509300354031417,0.1460536026713193,0.1489980309198883,0.1346140636376858,0.1403276862984605,0.1378201828852163,0.2431310257694108,0.1275312963187005,0.1155616536053774,0.0698673547110232,0.0594174237033081,0.0449095337281693,0.0480841570223725,0.0464306389692555,0.7168,0.0,0.7168,0.0,0.7168,0.0,6.437740881736019,43.84804287970621,0.6384064241763678,0.1375751659789278,7.887678763473032,50.28235293199028,0.5993746870787008,0.0371272383040996,0.2150399999999999,0.14336,0.129024,196.66666666666663
364,202.2222222222222,0.2367496278396461,0.1171820901006566,0.0919190824276072,0.0558094721828114,0.0504865640195195,0.0363076140000728,0.0340811112319884,0.0324596454923292,0.031173114918113,0.0462307737913218,0.2488555772493076,0.1301858999111589,0.1060102857041614,0.0711213786647052,0.0718684687824074,0.0479493961739873,0.0446928688202211,0.0408881344176369,0.7088,0.0,0.7088,0.0,0.7088,0.0,6.437740881736019,43.84804287970621,0.6384064241763678,0.0300910085980492,7.887678763473032,50.28235293199028,0.5993746870787008,0.0371272383040996,0.21264,0.14176,0.127584,202.2222222222222
374,207.77777777777777,0.2178010580360563,0.1224884173487015,0.092940687076611,0.064838283450778,0.0525912409463592,0.0486747656666575,0.0318956380947262,0.0366246000716422,0.0393645097017298,0.031546634135689,0.2286504721625338,0.1236463217966247,0.1041642593958695,0.0634537061361624,0.0548438990630958,0.0487453804968947,0.0364339522551176,0.0350603314787464,0.7008,0.0,0.7008,0.0,0.7008,0.0,6.437740881736019,43.84804287970621,0.6384064241763678,0.0300910085980492,7.10860893180662,50.28235293199028,0.5993746870787008,0.0371272383040996,0.2102399999999999,0.14016,0.1261439999999999,207.77777777777777
384,213.3333333333333,0.2285006658485364,0.1219451170557659,0.0907261846762566,0.0643099065332757,0.0459820634134584,0.0326045794410027,0.0299999051366157,0.0271663243161781,0.0238783266108084,0.0269311827592641,0.240356064850006,0.1452916634075246,0.1167704109214397,0.0711106609672885,0.0670331513868034,0.0511066301612198,0.0418411384387553,0.0394996299166839,0.6928000000000001,0.0,0.6928000000000001,0.0,0.6928000000000001,0.0,6.437740881736019,43.84804287970621,0.6384064241763678,0.0300910085980492,7.10860893180662,40.07468484104152,0.5993746870787008,0.0371272383040996,0.20784,0.13856,0.124704,213.3333333333333
394,218.88888888888889,0.2340413004305791,0.1238832572568334,0.0881218021086693,0.0615582100740149,0.0516884828085016,0.0382403470911642,0.027152363302371,0.0299672333164682,0.0331750239371797,0.0306180055658709,0.2715502811936324,0.1479943556771567,0.1180568681302345,0.0751749198659976,0.0708878423937331,0.0444956227108096,0.0383838344863661,0.042291753284551,0.6848000000000001,0.0,0.6848000000000001,0.0,0.6848000000000001,0.0,6.437740881736019,43.84804287970621,0.6384064241763678,0.0300910085980492,7.10860893180662,40.07468484104152,0.6660095459603491,0.0371272383040996,0.20544,0.13696,0.123264,218.88888888888889
404,224.44444444444443,0.2274026433271108,0.1158638258829175,0.097916546152375,0.0679746591555355,0.0518899661897968,0.0451351994667412,0.0430920001333107,0.0312328583665017,0.0301884150084592,0.0354155017973447,0.2560543740101739,0.1312428040148623,0.1028222356252782,0.0622459712134774,0.0553888850033416,0.0299533830239818,0.0309587339280657,0.030911353837278,0.6768000000000001,0.0,0.6768000000000001,0.0,0.6768000000000001,0.0,6.437740881736019,43.84804287970621,0.6384064241763678,0.0300910085980492,7.10860893180662,40.07468484104152,0.6660095459603491,0.0231691621592159,0.20304,0.13536,0.121824,224.44444444444443
414,230.0,0.2572432812144675,0.1263825974201371,0.1129043139665706,0.0708842685134876,0.0550224856382574,0.0407304136858593,0.0392099507905629,0.0316133873384655,0.0366773805542562,0.0322998007884278,0.2566549126522662,0.1341738860389484,0.108956469921811,0.0597989965774545,0.0545523935263145,0.0392733121413608,0.0348548267017188,0.0232040679751904,0.6688000000000001,0.0,0.6688000000000001,0.0,0.6688000000000001,0.0,7.256317774604113,43.84804287970621,0.6384064241763678,0.0300910085980492,7.10860893180662,40.07468484104152,0.6660095459603491,0.0231691621592159,0.20064,0.13376,0.120384,230.0
424,235.55555555555557,0.2284347277917819,0.1119603192935472,0.1082544934268321,0.0569710535037306,0.0486403338287851,0.0271490866316496,0.0407272746158335,0.0309956103864126,0.030830606672006,0.0225133583996244,0.2521049022089173,0.1407529888065147,0.1132825924171608,0.0537732441197594,0.0542172250301883,0.0349409024826925,0.0299270605919023,0.0374754583363795,0.6608,0.0,0.6608,0.0,0.6608,0.0,7.256317774604113,57.606643079616575,0.6384064241763678,0.0300910085980492,7.10860893180662,40.07468484104152,0.6660095459603491,0.0231691621592159,0.19824,0.13216,0.118944,235.55555555555557
434,241.1111111111111,0.2173525468750215,0.1075511606134258,0.0905614049407704,0.057893993235952,0.0385843849183663,0.0296577118619294,0.0324838534617509,0.0308921496603219,0.0277649262371298,0.0354908746686285,0.2629796358866657,0.1338254774134624,0.1022324990348261,0.0658045760566013,0.0523289326880765,0.0309162883526777,0.02484828327704,0.0310448031417022,0.6528,0.0,0.6528,0.0,0.6528,0.0,7.256317774604113,57.606643079616575,0.6019581619736846,0.0300910085980492,7.10860893180662,40.07468484104152,0.6660095459603491,0.0231691621592159,0.19584,0.13056,0.117504,241.1111111111111
444,246.66666666666663,0.2865162452213191,0.1768156127296632,0.170306234654076,0.1481558642187605,0.1427849024802722,0.1317790856234489,0.1255365212025051,0.1264998641194069,0.1274797510421646,0.1289772622492211,0.2570829621143166,0.1477212878731948,0.1069021662842134,0.0667311795117316,0.0460202817002519,0.0392839457945846,0.0334961033466792,0.0371513258356639,0.6448,0.0,0.6448,0.0,0.6448,0.0,7.256317774604113,57.606643079616575,0.6019581619736846,0.1270725369548803,7.10860893180662,40.07468484104152,0.6660095459603491,0.0231691621592159,0.19344,0.12896,0.116064,246.66666666666663
454,252.2222222222222,0.287509906413315,0.1920654746251438,0.1767792089401668,0.1468790392837519,0.1413198734436788,0.1456771480627118,0.1314112040773611,0.1300750576077207,0.1362095244251075,0.1193263837535536,0.2781309755870084,0.1421008788996146,0.1157963814302594,0.0685427405377499,0.0623376271280556,0.0421796698209824,0.0406328711901689,0.021984021779963,0.6368,0.0,0.6368,0.0,0.6368,0.0,7.256317774604113,57.606643079616575,0.6019581619736846,0.1270725369548803,7.919151500827579,40.07468484104152,0.6660095459603491,0.0231691621592159,0.19104,0.12736,0.114624,252.2222222222222
464,257.77777777777777,0.2935197597809855,0.1881976576983849,0.1840942551465353,0.1428185882905359,0.1483841703957631,0.1285722892827763,0.1263819430495714,0.1399911657618511,0.1146562830750698,0.1282452619917455,0.2517232934093085,0.108903705711896,0.101965119617165,0.0536910681521082,0.0412057033968664,0.0355840842361205,0.0368040443880452,0.028530124364189,0.6288,0.0,0.6288,0.0,0.6288,0.0,7.256317774604113,57.606643079616575,0.6019581619736846,0.1270725369548803,7.919151500827579,54.83541894723714,0.6660095459603491,0.0231691621592159,0.18864,0.12576,0.113184,257.77777777777777
474,263.3333333333333,0.294091209981267,0.187701292538475,0.1810610710190903,0.14865655148035,0.1419667747556094,0.1419302658660617,0.1292534126125389,0.1239746822334484,0.1305417927796141,0.1253974242287115,0.1989810492565989,0.0970866202622659,0.0910918484914998,0.0428331389571161,0.0379272169967051,0.030540967827104,0.0296769137530272,0.0233523873331668,0.6208,0.0,0.6208,0.0,0.6208,0.0,7.256317774604113,57.606643079616575,0.6019581619736846,0.1270725369548803,7.919151500827579,54.83541894723714,0.5182991210126091,0.0231691621592159,0.18624,0.12416,0.111744,263.3333333333333
484,268.88888888888886,0.291462646137183,0.1850140572414419,0.1736598134535042,0.1486717405756581,0.1444855081609394,0.1324112493817162,0.1332056800274324,0.1178918141624739,0.1294061834969318,0.1228131215319371,0.242041186934616,0.1436833992776325,0.1306202402586659,0.0986272789783968,0.1017850431517779,0.0936162053631084,0.0923456641046579,0.0806563133443426,0.6128,0.0,0.6128,0.0,0.6128,0.0,7.256317774604113,57.606643079616575,0.6019581619736846,0.1270725369548803,7.919151500827579,54.83541894723714,0.5182991210126091,0.0811715732064733,0.18384,0.12256,0.110304,268.88888888888886
494,274.44444444444446,0.2929720254488582,0.1902499018891645,0.1895431151429848,0.1481338323760214,0.1513119676449032,0.1303361003790175,0.1367416206332849,0.1276810065168837,0.1302184760359233,0.1231711127639915,0.2391447142568362,0.1367610100931381,0.1353691255765911,0.1050725132968125,0.0985781874731108,0.0885544581617171,0.0900509035891485,0.0756100593120291,0.6048,0.0,0.6048,0.0,0.6048,0.0,8.02487115616112,57.606643079616575,0.6019581619736846,0.1270725369548803,7.919151500827579,54.83541894723714,0.5182991210126091,0.0811715732064733,0.18144,0.12096,0.108864,274.44444444444446
504,280.0,0.2978082394889497,0.1891501064752277,0.1894083274789516,0.154555219393997,0.1482776018757521,0.1323436979989513,0.138661942176655,0.1300306802154805,0.1360727522762064,0.1300433548437044,0.2333582126350546,0.1424605259421114,0.1354728553664607,0.0971451850098271,0.1055197211889659,0.0885929531746458,0.0881544074030696,0.0834864606648961,0.5968,0.0,0.5968,0.0,0.5968,0.0,8.02487115616112,57.42678753385761,0.6019581619736846,0.1270725369548803,7.919151500827579,54.83541894723714,0.5182991210126091,0.0811715732064733,0.17904,0.11936,0.1074239999999999,280.0
514,285.55555555555554,0.288354229655054,0.1941305631496032,0.180092235625046,0.1486555157393568,0.1474794729013586,0.1402735481036904,0.1410145120809249,0.1285110644936753,0.1311375692890942,0.1328258511957247,0.246953967135703,0.1402505705373316,0.1293122004399906,0.1056777461823717,0.1041661282522035,0.0870845054920513,0.0941701003586669,0.0713327239656549,0.5888,0.0,0.5888,0.0,0.5888,0.0,8.02487115616112,57.42678753385761,0.5722528118028315,0.1270725369548803,7.919151500827579,54.83541894723714,0.5182991210126091,0.0811715732064733,0.17664,0.11776,0.105984,285.55555555555554
524,291.1111111111111,0.2663748788346348,0.1536730025607404,0.1569500591186335,0.1135247153029237,0.110257026204627,0.0935428001570035,0.0930395640214463,0.0932227738007876,0.096816833448834,0.0827699124994734,0.2449740504944701,0.1476247930893243,0.1310754344197778,0.1012158088197563,0.0938384358969293,0.0951974135354681,0.0925379078940903,0.0851462319375288,0.5808,0.0,0.5808,0.0,0.5808,0.0,8.02487115616112,57.42678753385761,0.5722528118028315,0.0897276100810819,7.919151500827579,54.83541894723714,0.5182991210126091,0.0811715732064733,0.1742399999999999,0.11616,0.104544,291.1111111111111
534,296.66666666666663,0.2603581303627303,0.1599374656768727,0.1614058681255776,0.1128237567326932,0.1106359773068435,0.0959569331681801,0.0923358040185144,0.0918666163681468,0.0947861031665292,0.1061835688106595,0.2082338969259606,0.1242015750534243,0.1228270971767798,0.0976540636348655,0.0854520668069194,0.0847524421447652,0.085050248785379,0.0878448170279442,0.5728,0.0,0.5728,0.0,0.5728,0.0,8.02487115616112,57.42678753385761,0.5722528118028315,0.0897276100810819,6.177754927036511,54.83541894723714,0.5182991210126091,0.0811715732064733,0.17184,0.11456,0.1031039999999999,296.66666666666663
544,302.22222222222223,0.2501098947308257,0.1571866251041708,0.1503915691078843,0.1215968399346546,0.1190323787950318,0.0872798080610011,0.096444021607762,0.0903796635059274,0.093481906330364,0.0876983983844524,0.2177628488118267,0.1543515176693142,0.1199089075188931,0.1059499815479895,0.0928571062484417,0.0797293588374384,0.0852356057728342,0.0832890419142266,0.5648,0.0,0.5648,0.0,0.5648,0.0,8.02487115616112,57.42678753385761,0.5722528118028315,0.0897276100810819,6.177754927036511,47.752636022214574,0.5182991210126091,0.0811715732064733,0.1694399999999999,0.11296,0.1016639999999999,302.22222222222223
554,307.77777777777777,0.2613462940880743,0.1537264157028298,0.1421742972696403,0.1214521185372077,0.1147449247012,0.1113108539140876,0.1037854284203231,0.0995388581294944,0.0978489367599823,0.0861583602162665,0.2320034474475113,0.1474297780863534,0.1272122928736876,0.0975569457517708,0.0956934934604431,0.0873030608319088,0.0725368158943043,0.0897880090884106,0.5568,0.0,0.5568,0.0,0.5568,0.0,8.02487115616112,57.42678753385761,0.5722528118028315,0.0897276100810819,6.177754927036511,47.752636022214574,0.5646072692516413,0.0811715732064733,0.16704,0.11136,0.100224,307.77777777777777
564,313.3333333333333,0.2648028293132702,0.1608484147757382,0.1456559804848295,0.1192814025674897,0.1053190214247974,0.0991540671366945,0.0918021627144259,0.0978502872062431,0.0879880644013733,0.0914881476661587,0.1961238470721631,0.088902500918762,0.0768777143320797,0.051847365298987,0.0434884259178985,0.0342085217008521,0.0278159798851439,0.0189450916109742,0.5488,0.0,0.5488,0.0,0.5488,0.0,8.02487115616112,57.42678753385761,0.5722528118028315,0.0897276100810819,6.177754927036511,47.752636022214574,0.5646072692516413,0.0225299593605677,0.1646399999999999,0.10976,0.0987839999999999,313.3333333333333
574,318.88888888888886,0.2827412727941423,0.1691835040374547,0.1699290591486297,0.1204568966623151,0.1149043344500859,0.1020097351068948,0.1020691259196946,0.090468280613294,0.1021168195706121,0.0929481686325592,0.1938048457743593,0.0877228032378465,0.0708750741850927,0.0370670399712518,0.0400856695935322,0.0383696785449865,0.0109825352468207,0.0279266786076091,0.5408,0.0,0.5408,0.0,0.5408,0.0,9.01228193222104,57.42678753385761,0.5722528118028315,0.0897276100810819,6.177754927036511,47.752636022214574,0.5646072692516413,0.0225299593605677,0.1622399999999999,0.1081599999999999,0.0973439999999999,318.88888888888886
584,324.4444444444444,0.2946844365868682,0.18013842076161,0.1792363150385088,0.1237069800196626,0.1260804556000222,0.1070819663593252,0.1015017775637727,0.0947776404149475,0.0939803674393454,0.0979580246841397,0.1834862883092476,0.0911544097167262,0.0722865928263712,0.0430476024015341,0.0373693339725883,0.0334694127683136,0.0297954394740091,0.0207533108981968,0.5327999999999999,0.0,0.5327999999999999,0.0,0.5327999999999999,0.0,9.01228193222104,47.58892343100625,0.5722528118028315,0.0897276100810819,6.177754927036511,47.752636022214574,0.5646072692516413,0.0225299593605677,0.1598399999999999,0.1065599999999999,0.0959039999999999,324.4444444444444
594,330.0,0.3410303707742694,0.2075619563893001,0.1932271264879088,0.1294294133189432,0.1262679255919513,0.1111515100600641,0.0993682841939647,0.1032166626879394,0.0918822824726153,0.0886577830863873,0.1949283553348672,0.0963574478926969,0.0784979586202887,0.0377507919205707,0.036442721525728,0.0259795048760498,0.0264946182830093,0.02277780818076,0.5247999999999999,0.0,0.5247999999999999,0.0,0.5247999999999999,0.0,9.01228193222104,47.58892343100625,0.6957495768822443,0.0897276100810819,6.177754927036511,47.752636022214574,0.5646072692516413,0.0225299593605677,0.1574399999999999,0.10496,0.0944639999999999,330.0
604,335.55555555555554,0.3394397431551885,0.2008175956976345,0.1920738687662387,0.1357515842519352,0.1232099408841787,0.1157348562936371,0.100596267582274,0.0998734073131207,0.0849493258045712,0.0845101588627745,0.1928423091104205,0.0901162160922652,0.0803432503224973,0.0440289680320073,0.038317596155409,0.0409546260966418,0.0245791792938826,0.0335075753373373,0.5167999999999999,0.0,0.5167999999999999,0.0,0.5167999999999999,0.0,9.01228193222104,47.58892343100625,0.6957495768822443,0.0884987539515915,6.177754927036511,47.752636022214574,0.5646072692516413,0.0225299593605677,0.1550399999999999,0.10336,0.0930239999999999,335.55555555555554
614,341.1111111111111,0.3387266588115062,0.1987191342615287,0.1901671404456235,0.1446829396808013,0.1277935570171049,0.1082236852573553,0.1044539279200438,0.0814436934118314,0.1024257401093681,0.095243425541492,0.216746705916369,0.1000944985118931,0.0989708141499958,0.0568435815392055,0.0473756157844824,0.0372582957665561,0.0299480684608931,0.0289570786317031,0.5087999999999999,0.0,0.5087999999999999,0.0,0.5087999999999999,0.0,9.01228193222104,47.58892343100625,0.6957495768822443,0.0884987539515915,7.815168761489554,47.752636022214574,0.5646072692516413,0.0225299593605677,0.1526399999999999,0.1017599999999999,0.0915839999999999,341.1111111111111
624,346.66666666666663,0.3343495967077268,0.1968556976686232,0.1953876833241455,0.1309200256438362,0.1238150897749087,0.1076605959824939,0.1011884437929572,0.0909256646096525,0.093714782314659,0.0859884959293311,0.213715549861012,0.1018569278201656,0.0816029534002849,0.0450642612944249,0.0446784780167558,0.0343181313074963,0.0248503437131159,0.0289646522714259,0.5008,0.0,0.5008,0.0,0.5008,0.0,9.01228193222104,47.58892343100625,0.6957495768822443,0.0884987539515915,7.815168761489554,52.75993161576665,0.5646072692516413,0.0225299593605677,0.15024,0.10016,0.090144,346.66666666666663
634,352.22222222222223,0.332204504974092,0.2086143460906145,0.1886423382388739,0.1276409067950313,0.1297979690800325,0.102569991999753,0.0961994033561117,0.0934547406950445,0.0966881410402651,0.0882073587873718,0.2475201783687624,0.1164716253175239,0.0912231452878152,0.051817609298827,0.049260173514935,0.0312529880340017,0.0366854572630576,0.021499633020076,0.4928,0.0,0.4928,0.0,0.4928,0.0,9.01228193222104,47.58892343100625,0.6957495768822443,0.0884987539515915,7.815168761489554,52.75993161576665,0.6352900487625577,0.0225299593605677,0.14784,0.09856,0.088704,352.22222222222223
644,357.77777777777777,0.341646064242714,0.2031591883027274,0.1892964691755756,0.1352690208836509,0.12149795242233,0.113916725546181,0.1040227175969152,0.0931533861804718,0.0976723751879516,0.0925093387905292,0.248849404172372,0.1161088266617159,0.0957897520098974,0.0569242732431083,0.050136732226785,0.0340064748360778,0.034236467682093,0.0343077139404953,0.4848,0.0,0.4848,0.0,0.4848,0.0,9.01228193222104,47.58892343100625,0.6957495768822443,0.0884987539515915,7.815168761489554,52.75993161576665,0.6352900487625577,0.0226182028752553,0.1454399999999999,0.09696,0.087264,357.77777777777777
654,363.3333333333333,0.303213812650483,0.1969823040917647,0.1757113945818384,0.1196156882190333,0.1252785059550939,0.0969170477219134,0.1015806202969083,0.0846634967895417,0.0851936030762887,0.0861427545350196,0.2371822805040831,0.1198041801139413,0.1026147490489249,0.0526892000924917,0.0479885871763759,0.0397725994123101,0.026447009239234,0.0278691631165028,0.4768,0.0,0.4768,0.0,0.4768,0.0,7.8090030950022,47.58892343100625,0.6957495768822443,0.0884987539515915,7.815168761489554,52.75993161576665,0.6352900487625577,0.0226182028752553,0.14304,0.09536,0.085824,363.3333333333333
664,368.88888888888886,0.3267776018854203,0.1956230668490264,0.1727113937928523,0.1319738898590948,0.1137485497089679,0.1036592847670879,0.0952594714718955,0.0868640861926981,0.095253270899119,0.0875475091035488,0.2485298498258713,0.1201448417307941,0.1038565109190111,0.0507799870993349,0.0378259111169799,0.0292028354666096,0.0366998483297445,0.0286325038578153,0.4688,0.0,0.4688,0.0,0.4688,0.0,7.8090030950022,44.79127923659047,0.6957495768822443,0.0884987539515915,7.815168761489554,52.75993161576665,0.6352900487625577,0.0226182028752553,0.14064,0.09376,0.084384,368.88888888888886
674,374.4444444444444,0.2775732984822278,0.1742182440357302,0.1525294859858793,0.114725216015093,0.1137908164761119,0.1019294830314044,0.0953235367301818,0.0951821048187404,0.0922096543648535,0.0867746301118289,0.2502096255271855,0.1127234958870399,0.0967191440282521,0.0552614115784499,0.0435527459315479,0.0298098354004773,0.0279259920750521,0.0285412104977888,0.4608,0.0,0.4608,0.0,0.4608,0.0,7.8090030950022,44.79127923659047,0.5804996596207963,0.0884987539515915,7.815168761489554,52.75993161576665,0.6352900487625577,0.0226182028752553,0.13824,0.09216,0.0829439999999999,374.4444444444444
684,380.0,0.2360936099613221,0.1222029180308716,0.0915564774668873,0.0458979616832716,0.0444806330094406,0.0262349366316487,0.027404906493936,0.0176351489145454,0.0176113752748974,0.0241525542769008,0.2321387223558056,0.1177726557828929,0.0948065650609299,0.0542577890812726,0.0362665530451915,0.024222272700017,0.034823278940435,0.035218366950996,0.4528,0.0,0.4528,0.0,0.4528,0.0,7.8090030950022,44.79127923659047,0.5804996596207963,0.0145056140897618,7.815168761489554,52.75993161576665,0.6352900487625577,0.0226182028752553,0.13584,0.09056,0.081504,380.0
694,385.55555555555554,0.2376731235517051,0.1129338431570452,0.1073982872057085,0.055478726422743,0.038418212148926,0.0291241495655167,0.0167894065920378,0.0189805859024898,0.0193334819755279,0.0196072279327765,0.2637141040744635,0.1270539759937089,0.1109771679586854,0.0557478877361898,0.0499888758902138,0.0277602907793011,0.0391372224588277,0.0258403940154218,0.4448,0.0,0.4448,0.0,0.4448,0.0,7.8090030950022,44.79127923659047,0.5804996596207963,0.0145056140897618,8.903484153146465,52.75993161576665,0.6352900487625577,0.0226182028752553,0.1334399999999999,0.08896,0.080064,385.55555555555554
704,391.1111111111111,0.2409589469755158,0.1166884385639776,0.087529630959779,0.0466311021777254,0.0568950277263077,0.0272319290323464,0.0174712191483949,0.0278042131557741,0.0176341957200231,0.0145076566775793,0.2770454147211221,0.1334502558550995,0.1210735550920946,0.0744304323787158,0.0538837386342668,0.0435763664162859,0.0362931741215405,0.0249152617039019,0.4367999999999999,0.0,0.4367999999999999,0.0,0.4367999999999999,0.0,7.8090030950022,44.79127923659047,0.5804996596207963,0.0145056140897618,8.903484153146465,44.300080747117605,0.6352900487625577,0.0226182028752553,0.13104,0.08736,0.0786239999999999,391.1111111111111
714,396.6666666666666,0.2180046772054544,0.1074794484133935,0.0862009731661562,0.0543904031755515,0.0385312953643645,0.0365594526216502,0.0287777042311532,0.0210538596647814,0.016604779820958,0.0194086389179264,0.2838016853514741,0.1467344111816682,0.1251536883105011,0.0731701982355528,0.0530260801296142,0.0431554900512771,0.0345245463327651,0.0249995313745283,0.4287999999999999,0.0,0.4287999999999999,0.0,0.4287999999999999,0.0,7.8090030950022,44.79127923659047,0.5804996596207963,0.0145056140897618,8.903484153146465,44.300080747117605,0.6343530325222569,0.0226182028752553,0.1286399999999999,0.08576,0.0771839999999999,396.6666666666666
724,402.2222222222222,0.2311670473173757,0.1121908696353444,0.0931635048315843,0.0539852177353246,0.0443058957757973,0.020000234381259,0.0222504391621711,0.014562234924155,0.0137087329806087,0.0228255683405361,0.2847289866099507,0.1623626666356087,0.1435770743115335,0.0819411072988224,0.0836360768156315,0.0599219534675655,0.054704090568989,0.049886923593046,0.4207999999999999,0.0,0.4207999999999999,0.0,0.4207999999999999,0.0,7.8090030950022,44.79127923659047,0.5804996596207963,0.0145056140897618,8.903484153146465,44.300080747117605,0.6343530325222569,0.0450630122218605,0.12624,0.08416,0.0757439999999999,402.2222222222222
734,407.77777777777777,0.2528305220715729,0.1252678765921131,0.1159579472858365,0.0627257595617812,0.0500564789248724,0.0363249496509203,0.0287610533513964,0.0195321717555308,0.0237028721631919,0.0148827820955279,0.2919542834410069,0.1647732669712834,0.130024328898088,0.0871835196316692,0.0821351577929235,0.0556249328947917,0.0681229687470399,0.0452788387220193,0.4127999999999999,0.0,0.4127999999999999,0.0,0.4127999999999999,0.0,9.197046483678411,44.79127923659047,0.5804996596207963,0.0145056140897618,8.903484153146465,44.300080747117605,0.6343530325222569,0.0450630122218605,0.1238399999999999,0.08256,0.0743039999999999,407.77777777777777
744,413.3333333333333,0.234099973341474,0.1088755237681003,0.1060611592563581,0.0543215013663234,0.0518042824799746,0.0270875534950217,0.0284466359040888,0.0254153341988037,0.0189642542923989,0.0215923163754354,0.2927716563166548,0.1607948805898605,0.1477808609424028,0.0990475326460095,0.0803609174748577,0.0724101429530498,0.0556794108109924,0.0495646024997104,0.4048,0.0,0.4048,0.0,0.4048,0.0,9.197046483678411,53.24429476676907,0.5804996596207963,0.0145056140897618,8.903484153146465,44.300080747117605,0.6343530325222569,0.0450630122218605,0.12144,0.08096,0.072864,413.3333333333333
754,418.88888888888886,0.2229752985646553,0.1089470985852811,0.09768540435941,0.0462144815482966,0.0504368540699616,0.0268640242186524,0.031723507146514,0.0136297324037575,0.0115302015160544,0.0245660382854203,0.2928008792927005,0.1685053160777926,0.141761990383286,0.094363217498156,0.0858483587277462,0.0542836213384334,0.0581861358193397,0.046161031414555,0.3968,0.0,0.3968,0.0,0.3968,0.0,9.197046483678411,53.24429476676907,0.5263231631616612,0.0145056140897618,8.903484153146465,44.300080747117605,0.6343530325222569,0.0450630122218605,0.11904,0.07936,0.071424,418.88888888888886
764,424.4444444444444,0.293446272425298,0.1895214130528404,0.1968949721769987,0.159791451108128,0.1556082934742232,0.1280246675957285,0.1426394081290641,0.1292498626576833,0.12574903503317,0.1300895235761116,0.2934065784350586,0.1624853817203232,0.1452869328220161,0.0909099704395687,0.0801898743320217,0.0583143219237076,0.0592749397537018,0.0504151464989021,0.3888,0.0,0.3888,0.0,0.3888,0.0,9.197046483678411,53.24429476676907,0.5263231631616612,0.1267611481311829,8.903484153146465,44.300080747117605,0.6343530325222569,0.0450630122218605,0.11664,0.07776,0.069984,424.4444444444444
774,430.0,0.2881113794132295,0.1949911287051552,0.1876772910426192,0.1554468955605006,0.1472083411030014,0.137969629391025,0.13846245401077,0.1310132443981207,0.1216643222703654,0.1246610100063425,0.291085079948658,0.1593228414255128,0.1456117584333332,0.0830721631898211,0.0875611527067772,0.059620237058167,0.0587510028270715,0.0491278887606008,0.3808,0.0,0.3808,0.0,0.3808,0.0,9.197046483678411,53.24429476676907,0.5263231631616612,0.1267611481311829,8.834844513434938,44.300080747117605,0.6343530325222569,0.0450630122218605,0.11424,0.07616,0.068544,430.0
784,435.55555555555554,0.2866316872304741,0.2009020131089562,0.1960180850934575,0.1453869841110782,0.157252267733687,0.1452712733518074,0.1294982393540893,0.1265721248097343,0.1216932805614448,0.1284029770786733,0.2680178001529776,0.1242959243095394,0.1280394123685194,0.0758038674765568,0.0641836481209503,0.0610564255050949,0.0586657473840993,0.0498071862789533,0.3728,0.0,0.3728,0.0,0.3728,0.0,9.197046483678411,53.24429476676907,0.5263231631616612,0.1267611481311829,8.834844513434938,58.07833576391853,0.6343530325222569,0.0450630122218605,0.11184,0.07456,0.067104,435.55555555555554
794,441.1111111111111,0.2986837123111735,0.1899167852779533,0.187430547461972,0.1653725151527472,0.1576366215407997,0.137659770570616,0.131758468028951,0.1280616429477454,0.1314209996236076,0.1206182423162473,0.2671618544095578,0.1299596657003201,0.1302445704232799,0.0807171632816622,0.0758376610734698,0.0521329003085953,0.0562297298356868,0.0468371179341263,0.3648,0.0,0.3648,0.0,0.3648,0.0,9.197046483678411,53.24429476676907,0.5263231631616612,0.1267611481311829,8.834844513434938,58.07833576391853,0.6139438295718554,0.0450630122218605,0.10944,0.07296,0.065664,441.1111111111111
804,446.6666666666666,0.2970787606360861,0.1991422182980075,0.1989490438342387,0.1527245360724554,0.1529478341594856,0.1359693194215429,0.1472101293492517,0.1279512672577151,0.1372200759916422,0.1243113586069761,0.2379214674372436,0.1069767561821428,0.1101028289210792,0.0581765899191526,0.0429001676011456,0.0333938017867552,0.0337597728673783,0.0251818274417478,0.3568,0.0,0.3568,0.0,0.3568,0.0,9.197046483678411,53.24429476676907,0.5263231631616612,0.1267611481311829,8.834844513434938,58.07833576391853,0.6139438295718554,0.021818993064139,0.10704,0.07136,0.064224,446.6666666666666
814,452.2222222222222,0.2529095618629851,0.1781931364922207,0.1631668784687667,0.1339084455080079,0.1381134088092953,0.1299378992191193,0.1254129763905723,0.1261802843363257,0.1275890295695881,0.1215894668533753,0.2490246245639915,0.1115771755991048,0.1065005120839001,0.0597500439645001,0.0565420343850039,0.030825211930294,0.036482720653831,0.0204683140032455,0.3488,0.0,0.3488,0.0,0.3488,0.0,7.015883183898664,53.24429476676907,0.5263231631616612,0.1267611481311829,8.834844513434938,58.07833576391853,0.6139438295718554,0.021818993064139,0.10464,0.06976,0.0627839999999999,452.2222222222222
824,457.77777777777777,0.2523458763391104,0.1833800576898309,0.1650917077853858,0.1390429570786264,0.1430934716602377,0.1339353476216137,0.1190595185850718,0.1316923608615292,0.1255780134505946,0.1247463649649283,0.2455417266452035,0.1146478079344053,0.1006740680940984,0.054297821561772,0.0602953626808068,0.0328115768398946,0.0374094665889425,0.0207800166175912,0.3408,0.0,0.3408,0.0,0.3408,0.0,7.015883183898664,58.55811369489049,0.5263231631616612,0.1267611481311829,8.834844513434938,58.07833576391853,0.6139438295718554,0.021818993064139,0.10224,0.06816,0.0613439999999999,457.77777777777777
834,463.3333333333333,0.2797837783107735,0.1914502226385018,0.1735450293549582,0.1419267725461485,0.1426083568883271,0.1336713809402696,0.1325070627791336,0.1241066802047179,0.1329396630551217,0.1313124143627472,0.2461937137594888,0.1102906517692823,0.0975602291813735,0.0583190249836006,0.0511628983583547,0.0316492106476717,0.0441863805979902,0.017795248053161,0.3328,0.0,0.3328,0.0,0.3328,0.0,7.015883183898664,58.55811369489049,0.6104652975334527,0.1267611481311829,8.834844513434938,58.07833576391853,0.6139438295718554,0.021818993064139,0.09984,0.06656,0.0599039999999999,463.3333333333333
844,468.88888888888886,0.2067599187902838,0.09570253643634,0.0896194448711932,0.0483741378504332,0.039180718249536,0.021753953002073,0.0325483780064429,0.0318374297584362,0.0271545851260696,0.0252824058950789,0.2512885176192252,0.1099619738572867,0.1044670223772322,0.0591521224566195,0.0519047020386031,0.0319924813247113,0.0324721903838061,0.0260826436969817,0.3248,0.0,0.3248,0.0,0.3248,0.0,7.015883183898664,58.55811369489049,0.6104652975334527,0.0270828747673367,8.834844513434938,58.07833576391853,0.6139438295718554,0.021818993064139,0.0974399999999999,0.06496,0.0584639999999999,468.88888888888886
854,474.4444444444444,0.2075673624496958,0.0894827322474902,0.0836332867241205,0.0546293691524737,0.0404285493356437,0.0302177447818822,0.0268710166736893,0.0348689615251619,0.0352639636257548,0.0329896345297505,0.2387948113540668,0.1124942159801057,0.0959689388280475,0.0429211619749784,0.0539884242848695,0.030666532074335,0.0320673771987211,0.0199741533820048,0.3167999999999999,0.0,0.3167999999999999,0.0,0.3167999999999999,0.0,7.015883183898664,58.55811369489049,0.6104652975334527,0.0270828747673367,8.65217068258941,58.07833576391853,0.6139438295718554,0.021818993064139,0.0950399999999999,0.06336,0.0570239999999999,474.4444444444444
864,480.0,0.2088016504648877,0.1012909929561992,0.0859533518390147,0.0444995522363127,0.0579177278319213,0.0348114390717658,0.032515317228402,0.0320741930763604,0.0242676494268679,0.0283018279076269,0.2478453968367784,0.1259875098529695,0.1058001097608142,0.0645313868209186,0.0482168979384022,0.0286115826600611,0.034286499579824,0.0262239408776636,0.3087999999999999,0.0,0.3087999999999999,0.0,0.3087999999999999,0.0,7.015883183898664,58.55811369489049,0.6104652975334527,0.0270828747673367,8.65217068258941,52.83143410444961,0.6139438295718554,0.021818993064139,0.0926399999999999,0.0617599999999999,0.0555839999999999,480.0
874,485.55555555555554,0.2166285801206242,0.0958560476592136,0.0873602791772808,0.0540428980002895,0.0452852386843664,0.0386380232755512,0.0347432070424937,0.0252789402455152,0.0330054084663564,0.0209661647120625,0.2454538374657063,0.1185525749767413,0.1076257275235708,0.0573629910859342,0.0529798625631936,0.0373117100377598,0.0341206671536053,0.015452500434158,0.3007999999999999,0.0,0.3007999999999999,0.0,0.3007999999999999,0.0,7.015883183898664,58.55811369489049,0.6104652975334527,0.0270828747673367,8.65217068258941,52.83143410444961,0.6139388548947615,0.021818993064139,0.0902399999999999,0.0601599999999999,0.0541439999999999,485.55555555555554
884,491.1111111111111,0.2144919197262686,0.0986409770852126,0.0834364928398676,0.0526509814042229,0.0516355672938245,0.031220231790261,0.0267070239393615,0.0285944417895687,0.0266410748406074,0.029658721483789,0.2639744673948662,0.1464067916115119,0.13488262533228,0.0895011331540526,0.0864181188186384,0.0640047224250464,0.0573458943968125,0.0445324287592193,0.2927999999999999,0.0,0.2927999999999999,0.0,0.2927999999999999,0.0,7.015883183898664,58.55811369489049,0.6104652975334527,0.0270828747673367,8.65217068258941,52.83143410444961,0.6139388548947615,0.056443175419488,0.0878399999999999,0.0585599999999999,0.0527039999999999,491.1111111111111
894,496.6666666666666,0.2234625334525389,0.1102598981521397,0.0894771113459787,0.0539739676462459,0.0451983192987198,0.0364454106739309,0.0315087327969976,0.0259812899040256,0.0252697147960552,0.0347436747911125,0.2675321584849153,0.1449961349256321,0.1307900881414465,0.0853346045050169,0.0911180432215533,0.0681440494930748,0.067700208849637,0.0607465293573848,0.2848,0.0,0.2848,0.0,0.2848,0.0,7.715056902902815,58.55811369489049,0.6104652975334527,0.0270828747673367,8.65217068258941,52.83143410444961,0.6139388548947615,0.056443175419488,0.08544,0.05696,0.051264,496.6666666666666
904,502.2222222222222,0.245596885052066,0.1284364860653845,0.1021492112670722,0.0670223467227687,0.0545504225885894,0.0398568499447756,0.0402794027080793,0.0321760749587014,0.0272631436887747,0.0351196871550373,0.2671902086756289,0.139695862211803,0.1294399041105277,0.0881261243462072,0.0887706892835237,0.0677928068413588,0.0665520686642119,0.0610454566418601,0.2768,0.0,0.2768,0.0,0.2768,0.0,7.715056902902815,44.789784253636896,0.6104652975334527,0.0270828747673367,8.65217068258941,52.83143410444961,0.6139388548947615,0.056443175419488,0.08304,0.05536,0.049824,502.2222222222222
914,507.77777777777777,0.1919627477951413,0.1105303397304352,0.089031963292564,0.0520570862549536,0.04539385697332,0.0348695148712316,0.0320860978193866,0.0364291900106012,0.0286157480720654,0.0263955964272368,0.2610152482435661,0.1502162058454946,0.1416973079045839,0.0896918765266535,0.0840929152846862,0.0703218795566048,0.0623109190679805,0.0569888125695573,0.2688,0.0,0.2688,0.0,0.2688,0.0,7.715056902902815,44.789784253636896,0.5076114573382479,0.0270828747673367,8.65217068258941,52.83143410444961,0.6139388548947615,0.056443175419488,0.08064,0.05376,0.048384,507.77777777777777
924,513.3333333333333,0.2693031559332651,0.1916157359997764,0.1837231522373923,0.1569141214112181,0.1478804633413624,0.1430395350098456,0.1468631119548171,0.133998738989267,0.1389743062094676,0.1329825505205709,0.2698822008351082,0.1470409584754365,0.1329014499214256,0.0821146352349369,0.0840125824300319,0.0727101793447772,0.0610749715791917,0.0485539901120079,0.2608,0.0,0.2608,0.0,0.2608,0.0,7.715056902902815,44.789784253636896,0.5076114573382479,0.1314328212163906,8.65217068258941,52.83143410444961,0.6139388548947615,0.056443175419488,0.07824,0.05216,0.046944,513.3333333333333
934,518.8888888888889,0.2594780641455247,0.1981248243138607,0.1728696511450738,0.1553729874311547,0.1566676976036465,0.1428793310479426,0.1407156810779092,0.1383680109300718,0.1234281091425913,0.1294887805659802,0.2526905223361149,0.1366674530742814,0.1235722952340901,0.0785954741443691,0.0694193751375089,0.0639118599594803,0.0651776028019234,0.0637107188675866,0.2528,0.0,0.2528,0.0,0.2528,0.0,7.715056902902815,44.789784253636896,0.5076114573382479,0.1314328212163906,7.403190650442289,52.83143410444961,0.6139388548947615,0.056443175419488,0.07584,0.05056,0.045504,518.8888888888889
944,524.4444444444445,0.2721995883770289,0.198481380076968,0.1850690609657381,0.1470103099430574,0.1520086539050599,0.1327664201958776,0.1410865869662789,0.1376256862253806,0.1341805908737419,0.1302677650107631,0.2483400190390227,0.1339229236390907,0.1154952976508705,0.0894522373056784,0.0757725478868933,0.0603338795498191,0.0595202661260548,0.0671797591849052,0.2448,0.0,0.2448,0.0,0.2448,0.0,7.715056902902815,44.789784253636896,0.5076114573382479,0.1314328212163906,7.403190650442289,50.95270398427471,0.6139388548947615,0.056443175419488,0.07344,0.04896,0.044064,524.4444444444445
954,530.0,0.2776836841907768,0.1993807086102297,0.1792645901280247,0.1540081776013414,0.1509262700727857,0.141348741246573,0.1386044730228162,0.1391690217256929,0.1293083543219419,0.1392737564987703,0.2283200196388526,0.1328485569431707,0.1123224559093016,0.0738797353039102,0.0741914909540068,0.0610718570163945,0.0714866497861445,0.0508938181583153,0.2368,0.0,0.2368,0.0,0.2368,0.0,7.715056902902815,44.789784253636896,0.5076114573382479,0.1314328212163906,7.403190650442289,50.95270398427471,0.564432661956045,0.056443175419488,0.07104,0.04736,0.042624,530.0
964,535.5555555555555,0.2691585657982384,0.196055834570494,0.1836059848274192,0.1619583015354759,0.1507342225553147,0.1424310984163158,0.1348143634242294,0.1354032390799598,0.1335355062976338,0.135303060595322,0.2682283155585652,0.1757597024611897,0.1672723958544245,0.1335937762151897,0.1346371399987894,0.1227703954862845,0.1088379853464558,0.1078946893891612,0.2288,0.0,0.2288,0.0,0.2288,0.0,7.715056902902815,44.789784253636896,0.5076114573382479,0.1314328212163906,7.403190650442289,50.95270398427471,0.564432661956045,0.1126987379782391,0.0686399999999999,0.04576,0.041184,535.5555555555555
974,541.1111111111111,0.262592948055904,0.1818136872720156,0.1709172394118437,0.1411664184726927,0.1444065894513368,0.1378555036176372,0.1346336739014106,0.1329891670297832,0.1383670457067503,0.1346992500084516,0.2669183533004828,0.1721846651698892,0.1598917911835614,0.1318111960004962,0.1308127697252374,0.1132790876826028,0.1148582801358481,0.1178676246096994,0.2208,0.0,0.2208,0.0,0.2208,0.0,6.480629986565633,44.789784253636896,0.5076114573382479,0.1314328212163906,7.403190650442289,50.95270398427471,0.564432661956045,0.1126987379782391,0.06624,0.04416,0.0397439999999999,541.1111111111111
984,546.6666666666666,0.250934817403338,0.1776652303182417,0.1704434886315358,0.1474522555814915,0.1451794063079224,0.1401492616686607,0.1372008127225424,0.128033419280105,0.129642366389187,0.1287285554029981,0.2673087211539607,0.1791221352465109,0.1595182706459212,0.1421586422324249,0.1267616163875638,0.1158113831652076,0.1147438151804434,0.1147269113210947,0.2128,0.0,0.2128,0.0,0.2128,0.0,6.480629986565633,47.44370545130408,0.5076114573382479,0.1314328212163906,7.403190650442289,50.95270398427471,0.564432661956045,0.1126987379782391,0.06384,0.04256,0.038304,546.6666666666666
994,552.2222222222222,0.2473215982904099,0.184666021800686,0.1687004068289882,0.1495117695121336,0.1496819580638392,0.137552898200964,0.1373379277921292,0.1326790648009804,0.1351411614784362,0.1286098170781776,0.2622810244389085,0.1781350581868916,0.1658982480186605,0.125682144100142,0.1274902266330337,0.1144165051377532,0.1280164801464271,0.1106349868291653,0.2047999999999999,0.0,0.2047999999999999,0.0,0.2047999999999999,0.0,6.480629986565633,47.44370545130408,0.5060700588768223,0.1314328212163906,7.403190650442289,50.95270398427471,0.564432661956045,0.1126987379782391,0.0614399999999999,0.0409599999999999,0.0368639999999999,552.2222222222222
1004,557.7777777777777,0.1640203564175661,0.0903172895190623,0.0710482485976801,0.0407249997151236,0.0280619938304933,0.0320507351140038,0.0205341252402103,0.0163375890463475,0.0204524842302268,0.0205610904928575,0.2691250552806891,0.1770754481582487,0.1647596822892397,0.1408809761315843,0.1258604196992606,0.1204154000347431,0.1157074743522222,0.1250946927365959,0.1967999999999999,0.0,0.1967999999999999,0.0,0.1967999999999999,0.0,6.480629986565633,47.44370545130408,0.5060700588768223,0.0184338153307514,7.403190650442289,50.95270398427471,0.564432661956045,0.1126987379782391,0.0590399999999999,0.03936,0.035424,557.7777777777777
1014,563.3333333333333,0.1744824439141187,0.0803270324759622,0.0660581605954052,0.0449909535457273,0.0307377544647985,0.0193137406232758,0.0327614597324419,0.0236720213783655,0.0099821508554632,0.0200051408305506,0.2923501656480138,0.1909603594967309,0.1809213232715139,0.1361957033947954,0.1307342519823318,0.1278475594472226,0.1237761460551431,0.1144875079291805,0.1887999999999999,0.0,0.1887999999999999,0.0,0.1887999999999999,0.0,6.480629986565633,47.44370545130408,0.5060700588768223,0.0184338153307514,8.901444706192104,50.95270398427471,0.564432661956045,0.1126987379782391,0.0566399999999999,0.0377599999999999,0.0339839999999999,563.3333333333333
1024,568.8888888888889,0.1735653687477692,0.0826350758846072,0.0547978442197598,0.0284278369714358,0.0380166397577767,0.0262395487865251,0.0303916489170036,0.0280616664062161,0.0242341623373366,0.018740062375604,0.2887373782625603,0.183364649405216,0.1750685249577611,0.1437422368272294,0.1418899090380148,0.1188157267306326,0.1172225737852143,0.1051618042381091,0.1807999999999999,0.0,0.1807999999999999,0.0,0.1807999999999999,0.0,6.480629986565633,47.44370545130408,0.5060700588768223,0.0184338153307514,8.901444706192104,53.15521460077029,0.564432661956045,0.1126987379782391,0.0542399999999999,0.0361599999999999,0.0325439999999999,568.8888888888889
1034,574.4444444444445,0.1771785287699609,0.0898023896843973,0.0655829520807685,0.035899559970611,0.0327332636333264,0.024637419783331,0.0166867530580845,0.0239452282304168,0.0179365970091729,0.025473511359475,0.299109244468514,0.1851097823464284,0.1821842976017324,0.1405349066473844,0.1447357966534406,0.1312898371418334,0.1243885034035774,0.1121007563301774,0.1727999999999999,0.0,0.1727999999999999,0.0,0.1727999999999999,0.0,6.480629986565633,47.44370545130408,0.5060700588768223,0.0184338153307514,8.901444706192104,53.15521460077029,0.5856440492778963,0.1126987379782391,0.0518399999999999,0.0345599999999999,0.0311039999999999,574.4444444444445
1044,580.0,0.1662350969438608,0.0802027636028036,0.0631953628778829,0.0362963093145916,0.0298605766551327,0.0306247276496852,0.0157986906005797,0.0230522653840222,0.0173408121970204,0.0181549015005059,0.2699877378554821,0.159231386582013,0.1519508957373674,0.1047758984524924,0.101804353003277,0.0890606422880434,0.0944798611825248,0.0764101454553212,0.1647999999999999,0.0,0.1647999999999999,0.0,0.1647999999999999,0.0,6.480629986565633,47.44370545130408,0.5060700588768223,0.0184338153307514,8.901444706192104,53.15521460077029,0.5856440492778963,0.078561016186572,0.0494399999999999,0.0329599999999999,0.0296639999999999,580.0
1054,585.5555555555555,0.2156266809856902,0.116680211078038,0.1064254644768661,0.0683131123671222,0.0448930511139018,0.0385213104905626,0.0362203136148411,0.0227943173738415,0.0231820994891938,0.0258496959452166,0.2727401915521305,0.1646436556991356,0.1551895404871922,0.1047244328072916,0.0977117019796211,0.0905281727664279,0.0904393230061338,0.0891289913234834,0.1568,0.0,0.1568,0.0,0.1568,0.0,9.192989467407278,47.44370545130408,0.5060700588768223,0.0184338153307514,8.901444706192104,53.15521460077029,0.5856440492778963,0.078561016186572,0.04704,0.03136,0.028224,585.5555555555555
1064,591.1111111111111,0.2146272499544444,0.1116863765918232,0.1026322696800776,0.059206605835426,0.0495407599705249,0.0391214691886737,0.0365061452881802,0.0258259231771633,0.0163635373339057,0.0245552273854437,0.2799509933209341,0.1572519767418278,0.1453657366902485,0.1100432796901135,0.102242041974633,0.0867970166248109,0.0898497591908159,0.0806722850575214,0.1488,0.0,0.1488,0.0,0.1488,0.0,9.192989467407278,46.88421333992052,0.5060700588768223,0.0184338153307514,8.901444706192104,53.15521460077029,0.5856440492778963,0.078561016186572,0.04464,0.02976,0.026784,591.1111111111111
1074,596.6666666666666,0.2601471939664014,0.1329280442556591,0.1199859327915221,0.0683841083714635,0.0508289389582268,0.0329303938920157,0.0354286364329454,0.0183408765928582,0.0204302311838711,0.0152429555915646,0.2782656740880889,0.1629313370831319,0.1490253996166874,0.1074060001140767,0.1077892987098165,0.0898183288879047,0.0887880942817855,0.0830923416114921,0.1408,0.0,0.1408,0.0,0.1408,0.0,9.192989467407278,46.88421333992052,0.6180581964579429,0.0184338153307514,8.901444706192104,53.15521460077029,0.5856440492778963,0.078561016186572,0.04224,0.02816,0.025344,596.6666666666666
1084,602.2222222222222,0.3122915404882984,0.2035779819782832,0.1855651293859072,0.1407299408736937,0.1373259747300915,0.1137754601056673,0.1149555831178933,0.1075397072170456,0.1067195209214349,0.101845154227077,0.2742360750805737,0.159656909302111,0.1468740848044046,0.1178982622624477,0.1018005604046357,0.1001275311588114,0.0837917694401665,0.0879899790903628,0.1328,0.0,0.1328,0.0,0.1328,0.0,9.192989467407278,46.88421333992052,0.6180581964579429,0.1025526560009315,8.901444706192104,53.15521460077029,0.5856440492778963,0.078561016186572,0.03984,0.02656,0.023904,602.2222222222222
1094,607.7777777777777,0.3164974241604505,0.2035011055274706,0.1912528442027563,0.1455814751817769,0.132476483291436,0.1273972013507081,0.1161606910836193,0.1031824306980462,0.1007388677740308,0.1008592541777802,0.2422438009175322,0.1420874879482432,0.1334461229660095,0.0941177014562917,0.1012898907065425,0.0764021009007241,0.080470331944351,0.0849369196182865,0.1248,0.0,0.1248,0.0,0.1248,0.0,9.192989467407278,46.88421333992052,0.6180581964579429,0.1025526560009315,7.066241331070536,53.15521460077029,0.5856440492778963,0.078561016186572,0.03744,0.02496,0.022464,607.7777777777777
1104,613.3333333333333,0.3150840061312408,0.1981567070740267,0.1895569571805104,0.1497644187823048,0.1358084876535395,0.114333918064694,0.1142566025193632,0.1026364718655671,0.1057980106857979,0.1038515949543637,0.2408050410455051,0.1534520709043293,0.136463536603575,0.1068418936345273,0.0979393187331518,0.0864210483260885,0.0832303859037984,0.0828212749096323,0.1168,0.0,0.1168,0.0,0.1168,0.0,9.192989467407278,46.88421333992052,0.6180581964579429,0.1025526560009315,7.066241331070536,50.3819697299198,0.5856440492778963,0.078561016186572,0.03504,0.02336,0.021024,613.3333333333333
1114,618.8888888888888,0.3209051737758998,0.2119930504083651,0.1950318004181497,0.1429826553430918,0.1363328001590909,0.1193653248934416,0.1096263836505668,0.1043430999524548,0.1166929990484081,0.1020644466074202,0.2562048933327274,0.1562178348136454,0.1302451219816898,0.1067929390790005,0.1005765754567179,0.0841734634273188,0.0784635968913058,0.0850109330877821,0.1088,0.0,0.1088,0.0,0.1088,0.0,9.192989467407278,46.88421333992052,0.6180581964579429,0.1025526560009315,7.066241331070536,50.3819697299198,0.6530494766557045,0.078561016186572,0.03264,0.02176,0.019584,618.8888888888888
1124,624.4444444444445,0.3088539698917608,0.2080565219517907,0.1972285265764657,0.1490882400043592,0.1424022111427735,0.1172211457151014,0.1158792473828477,0.1054804452637466,0.1188234381436842,0.1009301856669272,0.3044526856398791,0.2116573033311107,0.188415402243152,0.1562968593978863,0.1542447026530546,0.1465225699839164,0.1416169180670213,0.1360581786935184,0.1008,0.0,0.1008,0.0,0.1008,0.0,9.192989467407278,46.88421333992052,0.6180581964579429,0.1025526560009315,7.066241331070536,50.3819697299198,0.6530494766557045,0.1363768970985825,0.03024,0.02016,0.018144,624.4444444444445
1134,630.0,0.2703363972647859,0.1714270538747729,0.1574676769465378,0.1271107841681505,0.1178757089047409,0.1095080570882304,0.1076545249272579,0.103407282910955,0.1035584869335842,0.1055385029834796,0.3123125695397463,0.2130277425883856,0.1831749449587927,0.1702614779263952,0.1510142308696173,0.1453423666072909,0.1382888320194498,0.1358911078438503,0.0928,0.0,0.0928,0.0,0.0928,0.0,6.88339928984581,46.88421333992052,0.6180581964579429,0.1025526560009315,7.066241331070536,50.3819697299198,0.6530494766557045,0.1363768970985825,0.0278399999999999,0.01856,0.0167039999999999,630.0
1144,635.5555555555555,0.2563058051250831,0.1608196984886149,0.1403985250121555,0.1188208807732345,0.1230695108312942,0.1043078114222547,0.103319545242266,0.1031589716026141,0.1022791156983402,0.0944867788301008,0.2994531962240418,0.203012999134643,0.196035392864309,0.1536259351967583,0.1507112806381587,0.1405441529697461,0.1425476991724713,0.1399092413320349,0.0847999999999999,0.0,0.0847999999999999,0.0,0.0847999999999999,0.0,6.88339928984581,58.66838784614857,0.6180581964579429,0.1025526560009315,7.066241331070536,50.3819697299198,0.6530494766557045,0.1363768970985825,0.0254399999999999,0.01696,0.0152639999999999,635.5555555555555
1154,641.1111111111111,0.2360352030130389,0.1485852554992563,0.1363973430854153,0.1139902883412703,0.10256875246845,0.1107364024486846,0.117124159613318,0.1121670814162471,0.1062709839889587,0.1017896577253962,0.301836373623138,0.2105010216813687,0.1946059089119226,0.1516849664877928,0.1587957500562365,0.1424800799698644,0.1457487419068761,0.1433415511393853,0.0767999999999999,0.0,0.0767999999999999,0.0,0.0767999999999999,0.0,6.88339928984581,58.66838784614857,0.5010357731630865,0.1025526560009315,7.066241331070536,50.3819697299198,0.6530494766557045,0.1363768970985825,0.0230399999999999,0.0153599999999999,0.0138239999999999,641.1111111111111
1164,646.6666666666666,0.2305617002076936,0.1640978265774313,0.1459501867053164,0.1212661486169772,0.124904863301484,0.1253273937110796,0.1268851069291783,0.1178443600821755,0.120743385712722,0.1135359268119576,0.3100461245078648,0.2077218185802576,0.1946185713260132,0.1557615084796514,0.1482110710624392,0.1464526540664493,0.1495155218399672,0.1396461380934234,0.0687999999999999,0.0,0.0687999999999999,0.0,0.0687999999999999,0.0,6.88339928984581,58.66838784614857,0.5010357731630865,0.112946625539663,7.066241331070536,50.3819697299198,0.6530494766557045,0.1363768970985825,0.0206399999999999,0.0137599999999999,0.0123839999999999,646.6666666666666
1174,652.2222222222222,0.228644572800727,0.1626977408018441,0.1528734235257107,0.1255445537451992,0.1257585744401116,0.1112769202001514,0.119385104790895,0.1179852046521594,0.1027337141958557,0.1133060403443981,0.3337471498607975,0.2156712599529086,0.2104295236636017,0.1658288255946223,0.1554620915140037,0.1458450507117273,0.1382651184638851,0.1472436915655327,0.0607999999999999,0.0,0.0607999999999999,0.0,0.0607999999999999,0.0,6.88339928984581,58.66838784614857,0.5010357731630865,0.112946625539663,8.431580490951735,50.3819697299198,0.6530494766557045,0.1363768970985825,0.0182399999999999,0.0121599999999999,0.0109439999999999,652.2222222222222
1184,657.7777777777777,0.2229079593394463,0.1581786106573341,0.1440731938052822,0.1240558347245086,0.1184318561766211,0.120965184031174,0.1129574529971282,0.1189074059612218,0.1142459643441519,0.1206192274667964,0.3485873962681093,0.2384883149986326,0.2154532921692155,0.1831323579959893,0.1699022521050641,0.1507721828880318,0.1423744315164968,0.1455298668394175,0.0527999999999999,0.0,0.0527999999999999,0.0,0.0527999999999999,0.0,6.88339928984581,58.66838784614857,0.5010357731630865,0.112946625539663,8.431580490951735,42.73528103085163,0.6530494766557045,0.1363768970985825,0.0158399999999999,0.0105599999999999,0.0095039999999999,657.7777777777777
1194,663.3333333333333,0.2298322189044022,0.1592331983645321,0.1515368069692697,0.1285380557337756,0.1251652058226621,0.1165104853931352,0.1130726784380823,0.1268830721277299,0.1189163496118223,0.116242813555761,0.3132897070965876,0.2198678365329698,0.2094332911509928,0.1701451593525188,0.1692203441177101,0.143716264827308,0.1460011222177216,0.1367635432788333,0.0447999999999999,0.0,0.0447999999999999,0.0,0.0447999999999999,0.0,6.88339928984581,58.66838784614857,0.5010357731630865,0.112946625539663,8.431580490951735,42.73528103085163,0.583780730182637,0.1363768970985825,0.0134399999999999,0.0089599999999999,0.0080639999999999,663.3333333333333
1204,668.8888888888888,0.229126778576172,0.1558480263995345,0.1652096264326115,0.1296363764944548,0.1214859223802487,0.1179769486622849,0.1115600177989695,0.1129117353197345,0.1097051565247143,0.1203680881646218,0.3067770811191687,0.209745960627846,0.1984704442027032,0.162518481623022,0.1363389468487905,0.1384772255867511,0.1323005793198955,0.1179103253197216,0.0368,0.0,0.0368,0.0,0.0368,0.0,6.88339928984581,58.66838784614857,0.5010357731630865,0.112946625539663,8.431580490951735,42.73528103085163,0.583780730182637,0.1222884416992568,0.01104,0.00736,0.006624,668.8888888888888
1214,674.4444444444445,0.2252826707869587,0.1619889985635829,0.1387389714366742,0.1177119670155865,0.1285772407534631,0.1160141008837177,0.1103317696093778,0.1065854655875015,0.1108668516591435,0.1105929104463184,0.3080031922951345,0.2084950191215541,0.1936074601718926,0.158556430378712,0.1483246999794628,0.1268149248126181,0.1246595088788703,0.1332227928377511,0.0288,0.0,0.0288,0.0,0.0288,0.0,6.4456678069907545,58.66838784614857,0.5010357731630865,0.112946625539663,8.431580490951735,42.73528103085163,0.583780730182637,0.1222884416992568,0.00864,0.00576,0.005184,674.4444444444445
1224,680.0,0.2247789223819831,0.1614048998072939,0.1419502767793182,0.1197368168599979,0.1261212902671884,0.1133056938781378,0.1225938735907131,0.1140240058868795,0.1071262623973502,0.114401474229788,0.3072297295732714,0.200276606661123,0.1955654538181327,0.1556218874910263,0.1483501046516923,0.1382130533216828,0.1372017238592826,0.1270605728460952,0.0208,0.0,0.0208,0.0,0.0208,0.0,6.4456678069907545,52.569238957325815,0.5010357731630865,0.112946625539663,8.431580490951735,42.73528103085163,0.583780730182637,0.1222884416992568,0.00624,0.00416,0.003744,680.0
1234,685.5555555555555,0.2751102570065981,0.1824530109793445,0.160779561476016,0.1287350250927658,0.1286443786722953,0.1197694193988232,0.1128302470260865,0.108778270952335,0.1153599714260137,0.1177253122214109,0.2998284568268505,0.2075911645296296,0.1953924168076683,0.1540818575135487,0.1530899657113099,0.1287420225371074,0.1350184807999243,0.1303947484530054,0.0128,0.0,0.0128,0.0,0.0128,0.0,6.4456678069907545,52.569238957325815,0.6586047316196068,0.112946625539663,8.431580490951735,42.73528103085163,0.583780730182637,0.1222884416992568,0.00384,0.00256,0.002304,685.5555555555555
1244,691.1111111111111,0.2540349402483864,0.1493731161870733,0.1321544181392771,0.0978540012641879,0.0935599783141653,0.09327232722113,0.0872600629089191,0.0728994109755684,0.0841891016870534,0.080633103370254,0.2995899991791171,0.2113633389145764,0.2004386276952489,0.1529533347686627,0.1451271294255023,0.1275112251473427,0.1340873060387176,0.126075183093159,0.0048,0.0,0.0048,0.0,0.0048,0.0,6.4456678069907545,52.569238957325815,0.6586047316196068,0.0769505374233312,8.431580490951735,42.73528103085163,0.583780730182637,0.1222884416992568,0.00144,0.00096,0.000864,691.1111111111111
1254,696.6666666666666,0.2463662740244895,0.1503600631297994,0.1357452468670072,0.1023763263276638,0.0908045249196011,0.0811030166296235,0.0784653053434513,0.074816819800238,0.073260360145452,0.0725458052214069,0.3052553445776823,0.2073292635761934,0.1860789240360917,0.1597757686286683,0.1399727056643261,0.1409648616258765,0.1178552475803378,0.1223552782602146,-0.0032,0.0,-0.0032,0.0,-0.0032,0.0,6.4456678069907545,52.569238957325815,0.6586047316196068,0.0769505374233312,8.17754826165326,42.73528103085163,0.583780730182637,0.1222884416992568,-0.00096,-0.00064,-0.000576,696.6666666666666
1264,702.2222222222222,0.2497549687523375,0.1438006356248556,0.137981081470049,0.1024186843165081,0.0936807914386014,0.086402495925483,0.0797715852303451,0.0760787522048787,0.072170998702269,0.0774707633058782,0.2893487698811687,0.202433046265971,0.1948122169661555,0.1532800652485027,0.1448982568484383,0.1249587775823139,0.1273005046908119,0.1293849573653243,-0.0112,0.0,-0.0112,0.0,-0.0112,0.0,6.4456678069907545,52.569238957325815,0.6586047316196068,0.0769505374233312,8.17754826165326,44.52846965394288,0.583780730182637,0.1222884416992568,-0.00336,-0.00224,-0.002016,702.2222222222222
1274,707.7777777777777,0.2592063421890617,0.1454851804711102,0.1349408775811911,0.099316868772403,0.0917460406775679,0.0880341431620703,0.0871524221820962,0.0837582001921561,0.0794075978205082,0.0783994112993508,0.285613803799182,0.2001874476427907,0.1809500179786477,0.1558528473925109,0.1480318808241285,0.1372825359342186,0.1311381103522547,0.1230325030276461,-0.0192000000000001,0.0,-0.0192000000000001,0.0,-0.0192000000000001,0.0,6.4456678069907545,52.569238957325815,0.6586047316196068,0.0769505374233312,8.17754826165326,44.52846965394288,0.5397042295985346,0.1222884416992568,-0.00576,-0.00384,-0.003456,707.7777777777777
1284,713.3333333333333,0.2395689351942623,0.1298766017190921,0.1368489018126388,0.0996871016641545,0.0854943518590783,0.0800065542654278,0.0847806885540201,0.0792924293195436,0.0771681666309951,0.0776138699217824,0.2386220219942076,0.1486095382629592,0.1243325987634137,0.095245998197514,0.0833425439916889,0.0602417963585274,0.0617315129246588,0.0559446870349557,-0.0271999999999998,0.0,-0.0271999999999998,0.0,-0.0271999999999998,0.0,6.4456678069907545,52.569238957325815,0.6586047316196068,0.0769505374233312,8.17754826165326,44.52846965394288,0.5397042295985346,0.0544690425825527,-0.0081599999999999,-0.0054399999999999,-0.0048959999999999,713.3333333333333
1294,718.8888888888888,0.2695877220336237,0.1608558651976861,0.1406445846543264,0.1006962999625514,0.0819229185451762,0.0829794312879322,0.0799213815183913,0.0757294650834401,0.0681646427481367,0.077860542923176,0.2357881811534942,0.1477455320363215,0.1236744384757549,0.0844810723773549,0.0815727490195374,0.0666094129744587,0.0624229441321929,0.0567342150624139,-0.0351999999999999,0.0,-0.0351999999999999,0.0,-0.0351999999999999,0.0,6.97409928821487,52.569238957325815,0.6586047316196068,0.0769505374233312,8.17754826165326,44.52846965394288,0.5397042295985346,0.0544690425825527,-0.0105599999999999,-0.0070399999999999,-0.0063359999999999,718.8888888888888
1304,724.4444444444445,0.2738116369147091,0.1626852021107045,0.1408047629585005,0.1030721999965166,0.0956745673554847,0.0788371227615225,0.0832829058543928,0.0896455880914238,0.0822023426611921,0.0854068656058084,0.2398116020116987,0.1387257564026304,0.1294332050426259,0.0844636742824271,0.0867958420046653,0.0632796064615119,0.0578927288283951,0.0661473792700897,-0.0431999999999999,0.0,-0.0431999999999999,0.0,-0.0431999999999999,0.0,6.97409928821487,46.92122878224957,0.6586047316196068,0.0769505374233312,8.17754826165326,44.52846965394288,0.5397042295985346,0.0544690425825527,-0.0129599999999999,-0.0086399999999999,-0.0077759999999999,724.4444444444445
1314,730.0,0.2828245184688135,0.1669422385840325,0.1525568091916258,0.1050674925458231,0.1060978790067931,0.0899514118779609,0.0838468934554261,0.0842956877807086,0.0847102077956095,0.0763817840024836,0.2434251910639236,0.1504967882763262,0.1245352254061406,0.0942795715745428,0.077057305273759,0.0644783175811102,0.0570424843576695,0.0492855013354846,-0.0511999999999999,0.0,-0.0511999999999999,0.0,-0.0511999999999999,0.0,6.97409928821487,46.92122878224957,0.6896248122821629,0.0769505374233312,8.17754826165326,44.52846965394288,0.5397042295985346,0.0544690425825527,-0.0153599999999999,-0.0102399999999999,-0.0092159999999999,730.0
1324,735.5555555555555,0.2907345145094583,0.1764970120083265,0.1611830352807657,0.1143878337003465,0.1106977188096959,0.1000935974258442,0.0854692788576489,0.0976131590038387,0.0923724788120844,0.0846211537874408,0.2393584933943699,0.1497032189871492,0.1265100319540302,0.0850064445364874,0.079333996529089,0.0593463558427686,0.0662837346807991,0.0566223341996079,-0.0591999999999999,0.0,-0.0591999999999999,0.0,-0.0591999999999999,0.0,6.97409928821487,46.92122878224957,0.6896248122821629,0.0859999076416681,8.17754826165326,44.52846965394288,0.5397042295985346,0.0544690425825527,-0.0177599999999999,-0.0118399999999999,-0.0106559999999999,735.5555555555555
1334,741.1111111111111,0.2826871366598716,0.1825879941126168,0.156539913446277,0.1229726297864057,0.1107285290872786,0.1002989159750013,0.1041277406893127,0.090035288190701,0.0888641026749021,0.0825248225563456,0.2211984060665008,0.1341022842935838,0.1050422774240048,0.0786150321997634,0.0766888428232775,0.0574842576188626,0.0648888811871627,0.0640472293716389,-0.0671999999999999,0.0,-0.0671999999999999,0.0,-0.0671999999999999,0.0,6.97409928821487,46.92122878224957,0.6896248122821629,0.0859999076416681,7.020204202262519,44.52846965394288,0.5397042295985346,0.0544690425825527,-0.0201599999999999,-0.0134399999999999,-0.0120959999999999,741.1111111111111
1344,746.6666666666666,0.2918579333348818,0.1714770587336846,0.1484718280250547,0.1169011343722021,0.109687385747893,0.0910667938741669,0.089792845995427,0.0916048533621463,0.0906576215317373,0.0864318684033144,0.2199914006010288,0.126723273920092,0.1103541846112873,0.0799185201121973,0.0788834712773614,0.0551746984152904,0.0603163201139508,0.0636444573673359,-0.0751999999999999,0.0,-0.0751999999999999,0.0,-0.0751999999999999,0.0,6.97409928821487,46.92122878224957,0.6896248122821629,0.0859999076416681,7.020204202262519,45.43049239617571,0.5397042295985346,0.0544690425825527,-0.0225599999999999,-0.0150399999999999,-0.0135359999999999,746.6666666666666
1354,752.2222222222222,0.283575965511702,0.1743829612490829,0.1485102866392997,0.1148840017094264,0.113301439924064,0.0997477736022315,0.0996213592948133,0.0834456126713241,0.0836104440819909,0.0843851321150503,0.2689966519628668,0.1510680322976135,0.1220933908812969,0.0952832389865714,0.0802688491582514,0.0698012511857775,0.0670372459166979,0.0718089573026194,-0.0831999999999999,0.0,-0.0831999999999999,0.0,-0.0831999999999999,0.0,6.97409928821487,46.92122878224957,0.6896248122821629,0.0859999076416681,7.020204202262519,45.43049239617571,0.6904078981415044,0.0544690425825527,-0.0249599999999999,-0.0166399999999999,-0.0149759999999999,752.2222222222222
1364,757.7777777777777,0.2906737773941786,0.1581127412264814,0.151579701888822,0.1117608083592661,0.1004731757243402,0.0910087830786794,0.0924783788743601,0.0882786408254881,0.0901317154215907,0.0852358452384168,0.2786201061718121,0.1640376081534449,0.1432460688163319,0.0934200793167491,0.0857587681713194,0.0717463621013656,0.079110819515925,0.0671591912641924,-0.0911999999999999,0.0,-0.0911999999999999,0.0,-0.0911999999999999,0.0,6.97409928821487,46.92122878224957,0.6896248122821629,0.0859999076416681,7.020204202262519,45.43049239617571,0.6904078981415044,0.0666717314470669,-0.0273599999999999,-0.0182399999999999,-0.0164159999999999,757.7777777777777
1374,763.3333333333333,0.3357814339576438,0.1969258515963305,0.1941386125336795,0.1327444982846812,0.1160669090591416,0.1170659539455414,0.0931703938794794,0.0970460375583247,0.0979400827269745,0.082977587910498,0.2701809700165137,0.1591480171792179,0.1488170488765749,0.0998886865625517,0.0983800320597324,0.0769265617892628,0.0801709020540097,0.0680877162643818,-0.0991999999999999,0.0,-0.0991999999999999,0.0,-0.0991999999999999,0.0,9.537263202817886,46.92122878224957,0.6896248122821629,0.0859999076416681,7.020204202262519,45.43049239617571,0.6904078981415044,0.0666717314470669,-0.0297599999999999,-0.0198399999999999,-0.0178559999999999,763.3333333333333
1384,768.8888888888888,0.3330866395169676,0.2030451505127189,0.1853986875360282,0.1286790771727642,0.1300615998792721,0.110923430321184,0.0953241214241948,0.0869143865266358,0.0944420771146212,0.0869556292007209,0.274047774631161,0.1573137092562298,0.1426791935113399,0.1011560628005663,0.1022467598981701,0.0723608749321454,0.0637044106795482,0.0754264577198406,-0.1071999999999999,0.0,-0.1071999999999999,0.0,-0.1071999999999999,0.0,9.537263202817886,50.31045338212542,0.6896248122821629,0.0859999076416681,7.020204202262519,45.43049239617571,0.6904078981415044,0.0666717314470669,-0.0321599999999999,-0.0214399999999999,-0.0192959999999999,768.8888888888888
1394,774.4444444444445,0.2880595529169048,0.1794028504230835,0.1762733273514842,0.1167841012900843,0.132049663177293,0.1082111094609379,0.1015817298311912,0.088328532836101,0.0868005315356473,0.0965378988369039,0.2678462634248589,0.1615537880747281,0.1371672890989629,0.1052917135841788,0.0856854715676042,0.0841850152423186,0.0681224719814892,0.0695409482544217,-0.1151999999999999,0.0,-0.1151999999999999,0.0,-0.1151999999999999,0.0,9.537263202817886,50.31045338212542,0.6042332258052447,0.0859999076416681,7.020204202262519,45.43049239617571,0.6904078981415044,0.0666717314470669,-0.0345599999999999,-0.0230399999999999,-0.0207359999999999,774.4444444444445
1404,780.0,0.3203107133475833,0.2151023002589172,0.2093239155908627,0.1707703744084243,0.1633220984855901,0.1457350733802712,0.1416144737415724,0.1416181094445811,0.1381071245033857,0.1263211962514674,0.2764638002882437,0.15761600507399,0.1367375030327954,0.0991588791411995,0.0983965408576258,0.0737893333271894,0.0786682877528832,0.0628722466903641,-0.1231999999999999,0.0,-0.1231999999999999,0.0,-0.1231999999999999,0.0,9.537263202817886,50.31045338212542,0.6042332258052447,0.1344810785574001,7.020204202262519,45.43049239617571,0.6904078981415044,0.0666717314470669,-0.0369599999999999,-0.0246399999999999,-0.0221759999999999,780.0
1414,785.5555555555555,0.3310193778724729,0.2182781240069642,0.213662645846882,0.1733376511866988,0.1557320066131869,0.1525105413562613,0.1516726750841334,0.1428234011252669,0.1398154609458721,0.1332750695154927,0.3061038269855282,0.1763564367844621,0.1492462815765289,0.1010523216677978,0.0996912616541566,0.0800787572636681,0.0715510857471581,0.0736418738811975,-0.1311999999999999,0.0,-0.1311999999999999,0.0,-0.1311999999999999,0.0,9.537263202817886,50.31045338212542,0.6042332258052447,0.1344810785574001,8.228302254645119,45.43049239617571,0.6904078981415044,0.0666717314470669,-0.0393599999999999,-0.02624,-0.0236159999999999,785.5555555555555
1424,791.1111111111111,0.3259949277293142,0.216944375217253,0.2101568257737174,0.1690698970468938,0.1638274940506298,0.1496850559629431,0.1493438314298724,0.1438545662681925,0.1387314670229808,0.128892531676944,0.2902173100023664,0.1640388804332867,0.1543560174307818,0.111365180568585,0.0890366872790456,0.0754422961334629,0.0764575483299627,0.0735389857002113,-0.1392,0.0,-0.1392,0.0,-0.1392,0.0,9.537263202817886,50.31045338212542,0.6042332258052447,0.1344810785574001,8.228302254645119,51.613057277056456,0.6904078981415044,0.0666717314470669,-0.04176,-0.02784,-0.025056,791.1111111111111
1434,796.6666666666666,0.3288996664300784,0.2265412019141683,0.2179199894895131,0.1661663385278526,0.1633935507515015,0.1509913270726352,0.1461045622787834,0.1419060453404238,0.1456633493041703,0.135545373378483,0.2547769409198916,0.1415299030231468,0.1343104196388313,0.0887470630573617,0.0815801610264845,0.0795941827025176,0.06817660264411,0.0702756036032775,-0.1472,0.0,-0.1472,0.0,-0.1472,0.0,9.537263202817886,50.31045338212542,0.6042332258052447,0.1344810785574001,8.228302254645119,51.613057277056456,0.5853299007672517,0.0666717314470669,-0.04416,-0.02944,-0.026496,796.6666666666666
1444,802.2222222222222,0.3284553842126421,0.2161778629217269,0.2113710144598382,0.1694348048075943,0.163958405148042,0.1419064173992802,0.1486785163434283,0.1365100400445968,0.1389482468563033,0.1376890255925261,0.2950665037528425,0.2043832093925648,0.191253154612191,0.1583523848759697,0.1571061771052708,0.1379063773563831,0.1396148511486969,0.1425846564937129,-0.1552,0.0,-0.1552,0.0,-0.1552,0.0,9.537263202817886,50.31045338212542,0.6042332258052447,0.1344810785574001,8.228302254645119,51.613057277056456,0.5853299007672517,0.131728178912742,-0.04656,-0.03104,-0.027936,802.2222222222222
1454,807.7777777777777,0.2955852298344445,0.2021961803769388,0.1823212244778863,0.1583355190394192,0.1581711647371454,0.1368948411045184,0.1429565801982092,0.1498188051316443,0.1391663648815399,0.1330321179164932,0.3052376566255053,0.2114004585771327,0.1898991942350398,0.1658539180112246,0.1626679328853641,0.1360424700074412,0.1326550997822377,0.1311491038806123,-0.1632,0.0,-0.1632,0.0,-0.1632,0.0,7.717267679702043,50.31045338212542,0.6042332258052447,0.1344810785574001,8.228302254645119,51.613057277056456,0.5853299007672517,0.131728178912742,-0.04896,-0.03264,-0.029376,807.7777777777777
1464,813.3333333333333,0.2880731759615603,0.1940034534410801,0.1898848372211239,0.1532882046493591,0.1514491837533184,0.1421824882239413,0.1434155139669021,0.1275530539574274,0.1317594092443318,0.1312451182810642,0.2935162479278869,0.2071614705720899,0.1934266149547285,0.1585034126693134,0.1622728599114485,0.1389752252863055,0.1393097312774643,0.1372804360872735,-0.1712,0.0,-0.1712,0.0,-0.1712,0.0,7.717267679702043,58.45519152336935,0.6042332258052447,0.1344810785574001,8.228302254645119,51.613057277056456,0.5853299007672517,0.131728178912742,-0.05136,-0.03424,-0.030816,813.3333333333333
1474,818.8888888888888,0.2533082388568679,0.1748214473138102,0.1721505959296628,0.1486322740451421,0.1470323529252254,0.1455037887245812,0.1423401396054716,0.1331217158553317,0.1385046663533216,0.1325671495846747,0.306364029110455,0.202142204871832,0.1946820045873362,0.1703416030079439,0.1573906498552162,0.1493228561467093,0.1382173364242623,0.1324694043924907,-0.1792,0.0,-0.1792,0.0,-0.1792,0.0,7.717267679702043,58.45519152336935,0.5137430704243723,0.1344810785574001,8.228302254645119,51.613057277056456,0.5853299007672517,0.131728178912742,-0.05376,-0.03584,-0.032256,818.8888888888888
1484,824.4444444444443,0.2173196227536439,0.1213187676310657,0.1187126674404958,0.094874232316482,0.0797804887165425,0.0695514024099111,0.0849613032352345,0.0677710313766472,0.0658870541854658,0.0641290408523857,0.2919636169527883,0.1995563124181193,0.1965951875289216,0.1674100506174642,0.1546118673106387,0.1498877935155165,0.132397873813605,0.1349138746763864,-0.1872,0.0,-0.1872,0.0,-0.1872,0.0,7.717267679702043,58.45519152336935,0.5137430704243723,0.0644995292851744,8.228302254645119,51.613057277056456,0.5853299007672517,0.131728178912742,-0.05616,-0.03744,-0.033696,824.4444444444443
1494,830.0,0.217446013957037,0.1269387393247308,0.1081589818410098,0.0865085798456143,0.0863294656874553,0.0743000221126247,0.0792025396407902,0.0681529619984423,0.0779718857348191,0.0624095607852825,0.2873974480188294,0.2083798262279036,0.1880529805748595,0.1541259867054435,0.1483677238185273,0.1367511639621014,0.1351058344920972,0.1319195487847323,-0.1952,0.0,-0.1952,0.0,-0.1952,0.0,7.717267679702043,58.45519152336935,0.5137430704243723,0.0644995292851744,7.558544459633577,51.613057277056456,0.5853299007672517,0.131728178912742,-0.05856,-0.03904,-0.035136,830.0
1504,835.5555555555555,0.2147982262424996,0.1298357929318399,0.1150362119670649,0.0784808222508094,0.0839138755138428,0.0778391512105841,0.0630274143170137,0.0687700929556423,0.0661337361130948,0.061829366091894,0.2724768602960316,0.1877094777208013,0.1848405414057164,0.1460039929858926,0.1488594162949624,0.139605462872331,0.1360493913195796,0.1436764235189854,-0.2032,0.0,-0.2032,0.0,-0.2032,0.0,7.717267679702043,58.45519152336935,0.5137430704243723,0.0644995292851744,7.558544459633577,59.018763911637,0.5853299007672517,0.131728178912742,-0.06096,-0.04064,-0.036576,835.5555555555555
1514,841.1111111111111,0.2038639337996888,0.1120013975774264,0.1110160589149543,0.0874613174235931,0.0824059452539278,0.0714531235340599,0.0722334368079119,0.0682861962933895,0.0606444386398464,0.0654632518196409,0.2758013002997119,0.188203511687932,0.1667079304680106,0.1489808653601475,0.1503453972974661,0.1342178713193536,0.141417749146476,0.1343323134325968,-0.2112,0.0,-0.2112,0.0,-0.2112,0.0,7.717267679702043,58.45519152336935,0.5137430704243723,0.0644995292851744,7.558544459633577,59.018763911637,0.5501998493329516,0.131728178912742,-0.06336,-0.04224,-0.038016,841.1111111111111
1524,846.6666666666666,0.2135500524390807,0.1182944313314475,0.1206213236757849,0.0815323529553756,0.0769365578808019,0.0665176674541647,0.0797274349629408,0.0734272962182058,0.057009384028354,0.0519793999665717,0.2629390336794898,0.178758390044418,0.162354956015581,0.137118524789795,0.14236080987502,0.1250262956395719,0.125682969438307,0.1183522650676876,-0.2192,0.0,-0.2192,0.0,-0.2192,0.0,7.717267679702043,58.45519152336935,0.5137430704243723,0.0644995292851744,7.558544459633577,59.018763911637,0.5501998493329516,0.1209058720893163,-0.06576,-0.04384,-0.039456,846.6666666666666
1534,852.2222222222222,0.2323707749650798,0.1254592702047116,0.1149063017920748,0.0867201162537175,0.0835955374113754,0.0739618146890085,0.0735488837631479,0.0691087715885704,0.0638865603955073,0.0601310656489889,0.2677273388480436,0.168167296996675,0.1699578553724038,0.1411347394410438,0.1286682141577833,0.120076021815913,0.1236727843744618,0.1220571123956023,-0.2272,0.0,-0.2272,0.0,-0.2272,0.0,8.5647078399955,58.45519152336935,0.5137430704243723,0.0644995292851744,7.558544459633577,59.018763911637,0.5501998493329516,0.1209058720893163,-0.06816,-0.04544,-0.040896,852.2222222222222
1544,857.7777777777777,0.2357424976645578,0.1278945799547378,0.1221130529650458,0.0887755712801525,0.087293742997626,0.0720004670317074,0.074988348790786,0.0587664408678657,0.069805129852947,0.0587231817056546,0.2618660403805393,0.1761895117681335,0.1603779822043226,0.1386167515840493,0.1349422703857981,0.1272906269255472,0.1220990623405997,0.1186768898457067,-0.2352,0.0,-0.2352,0.0,-0.2352,0.0,8.5647078399955,54.34171808562246,0.5137430704243723,0.0644995292851744,7.558544459633577,59.018763911637,0.5501998493329516,0.1209058720893163,-0.07056,-0.04704,-0.042336,857.7777777777777
1554,863.3333333333333,0.2677424321385622,0.1569517946730361,0.1498818541515464,0.0981591658812024,0.0917745675689958,0.0628814245074517,0.0721324315514813,0.0652429501814076,0.0677775617961937,0.0675039753607527,0.2654195967901591,0.1815554928363864,0.1682961143271275,0.1371872575526502,0.1256478267922789,0.1238683482723118,0.125312782041128,0.1272590373234849,-0.2432,0.0,-0.2432,0.0,-0.2432,0.0,8.5647078399955,54.34171808562246,0.6259244365680406,0.0644995292851744,7.558544459633577,59.018763911637,0.5501998493329516,0.1209058720893163,-0.07296,-0.04864,-0.043776,863.3333333333333
1564,868.8888888888888,0.3209018424628502,0.2224449096016679,0.2150871613576472,0.1707650649349929,0.1776236271953537,0.1428427711581462,0.1493626483533132,0.1571321814303679,0.1532802394505628,0.1470258961022455,0.245454631969888,0.1798858453680464,0.1677730412626243,0.1348592995252446,0.1318495705315522,0.117055447779535,0.132658163145172,0.1272546727182766,-0.2512000000000001,0.0,-0.2512000000000001,0.0,-0.2512000000000001,0.0,8.5647078399955,54.34171808562246,0.6259244365680406,0.145734106269237,7.558544459633577,59.018763911637,0.5501998493329516,0.1209058720893163,-0.07536,-0.05024,-0.045216,868.8888888888888
1574,874.4444444444443,0.3215239325736705,0.2183028283116626,0.211649930151331,0.172005499180191,0.1746975701188809,0.1546152066857842,0.1570760173412652,0.1434318838424352,0.1432465798393327,0.1489679930043005,0.2502868738417036,0.1839668977960376,0.1499589323955063,0.1284323978103128,0.1346226254122169,0.1339850487214618,0.1293382223859293,0.1256176271229853,-0.2592000000000001,0.0,-0.2592000000000001,0.0,-0.2592000000000001,0.0,8.5647078399955,54.34171808562246,0.6259244365680406,0.145734106269237,6.998044377633975,59.018763911637,0.5501998493329516,0.1209058720893163,-0.07776,-0.05184,-0.046656,874.4444444444443
1584,880.0,0.3228648489170417,0.2149985474566277,0.2154978791247493,0.1871845655377316,0.1641889524308377,0.1498836844938447,0.1528530845790834,0.1487271571010723,0.1513860003516043,0.1399221695758503,0.2668498034453271,0.1827119423495276,0.1655661365354965,0.1420768696707855,0.1369825196606266,0.1275703364931575,0.1214712746949144,0.1245537313920558,-0.2672000000000001,0.0,-0.2672000000000001,0.0,-0.2672000000000001,0.0,8.5647078399955,54.34171808562246,0.6259244365680406,0.145734106269237,6.998044377633975,47.96551119358741,0.5501998493329516,0.1209058720893163,-0.08016,-0.05344,-0.048096,880.0
1594,885.5555555555555,0.3222588303607616,0.2185295420769535,0.2227853765007775,0.1724378973265865,0.1757786253875591,0.1507128419630396,0.1518104787752769,0.1520179804920813,0.1558608252846053,0.1488924778087407,0.2584083142782339,0.1729953422496096,0.1657631095956026,0.1416683581119912,0.1320142968479294,0.1317384987912316,0.1227206105467863,0.1145557314140869,-0.2751999999999999,0.0,-0.2751999999999999,0.0,-0.2751999999999999,0.0,8.5647078399955,54.34171808562246,0.6259244365680406,0.145734106269237,6.998044377633975,47.96551119358741,0.5405823504427032,0.1209058720893163,-0.0825599999999999,-0.0550399999999999,-0.0495359999999999,885.5555555555555
1604,891.1111111111111,0.322777744809263,0.2182046941161477,0.2148025540311595,0.1790172571745124,0.1810675663773499,0.1603830457005013,0.1552643315701766,0.1354880497675629,0.1381609570698335,0.1458705701937141,0.1779644116111555,0.0862479051251213,0.0689080076986827,0.0273440147601273,0.0253548467797776,0.0182994287553311,0.0161417651267259,0.0042646575454366,-0.2831999999999999,0.0,-0.2831999999999999,0.0,-0.2831999999999999,0.0,8.5647078399955,54.34171808562246,0.6259244365680406,0.145734106269237,6.998044377633975,47.96551119358741,0.5405823504427032,0.0076056082908405,-0.0849599999999999,-0.0566399999999999,-0.0509759999999999,891.1111111111111
1614,896.6666666666666,0.3051527951204991,0.2002913261935295,0.1931795402625733,0.1578724413538218,0.1610245847712783,0.1409400313166611,0.1480056652245109,0.1486123654710893,0.1510868692982999,0.1547133913520892,0.1779145796813549,0.0887835475594235,0.0670708113827665,0.0320838076379299,0.0337444353864378,0.0111536791298952,0.0092453220184776,0.0086676026225696,-0.2911999999999999,0.0,-0.2911999999999999,0.0,-0.2911999999999999,0.0,7.081306223921086,54.34171808562246,0.6259244365680406,0.145734106269237,6.998044377633975,47.96551119358741,0.5405823504427032,0.0076056082908405,-0.0873599999999999,-0.0582399999999999,-0.0524159999999999,896.6666666666666
1624,902.2222222222222,0.3001746163540804,0.1999592384239744,0.1848703342922227,0.1645365788884218,0.1563909057463036,0.1486088013826569,0.1517154649619081,0.1427510011206548,0.1439494169931454,0.1450815843504231,0.1822859752566341,0.0874601052205404,0.0727817205413988,0.0355642302799562,0.0244558733243701,0.016473018481285,0.0118033916932142,0.0198292345395925,-0.2991999999999999,0.0,-0.2991999999999999,0.0,-0.2991999999999999,0.0,7.081306223921086,58.30928794247816,0.6259244365680406,0.145734106269237,6.998044377633975,47.96551119358741,0.5405823504427032,0.0076056082908405,-0.0897599999999999,-0.0598399999999999,-0.0538559999999999,902.2222222222222
1634,907.7777777777776,0.3133778060711884,0.2115405435069452,0.191821994261589,0.1714849870062944,0.1580349585036697,0.1434212574292143,0.1546878886727589,0.1487226737956817,0.151415715450337,0.1477671252690339,0.1774431001649473,0.0794629850341144,0.0610009229403422,0.0234471338618192,0.0329025734696085,0.0181388805243066,0.0218454793818671,0.007417424944387,-0.3071999999999999,0.0,-0.3071999999999999,0.0,-0.3071999999999999,0.0,7.081306223921086,58.30928794247816,0.6680337634316779,0.145734106269237,6.998044377633975,47.96551119358741,0.5405823504427032,0.0076056082908405,-0.0921599999999999,-0.0614399999999999,-0.0552959999999999,907.7777777777776
1644,913.3333333333331,0.2176387084002218,0.0893357980932093,0.0780871455662256,0.039099352223905,0.0369343614324895,0.0279002832745176,0.0150139296614708,0.0095111741576776,0.0157455738129458,0.0177174070091701,0.1790267464792924,0.0878142426034937,0.0650690173754993,0.0391913306713982,0.0208377011245458,0.011999230602146,0.014883922438587,0.0104159977056922,-0.3151999999999999,0.0,-0.3151999999999999,0.0,-0.3151999999999999,0.0,7.081306223921086,58.30928794247816,0.6680337634316779,0.0168608612238868,6.998044377633975,47.96551119358741,0.5405823504427032,0.0076056082908405,-0.0945599999999999,-0.0630399999999999,-0.0567359999999999,913.3333333333331
1654,918.8888888888888,0.226797562890624,0.0908043933517049,0.0834546466904007,0.0475928780726824,0.039716582433855,0.0300617687230123,0.0202446199229953,0.0108606260269118,0.0248169808520804,0.0234595518702954,0.2002086247113239,0.0853671850381589,0.070075831271005,0.0421713112993046,0.0240857551870208,0.0230484538021467,0.0081608861878455,0.0108816544870842,-0.3231999999999999,0.0,-0.3231999999999999,0.0,-0.3231999999999999,0.0,7.081306223921086,58.30928794247816,0.6680337634316779,0.0168608612238868,7.811337075950596,47.96551119358741,0.5405823504427032,0.0076056082908405,-0.0969599999999999,-0.0646399999999999,-0.0581759999999999,918.8888888888888
1664,924.4444444444443,0.2166285102902591,0.0990388383570564,0.083056783857144,0.0268595398763344,0.0362222969385518,0.021067650549826,0.0292807823900992,0.0127519084982146,0.0192298247623228,0.0112568287566666,0.1944317333953197,0.0937903006968955,0.0737598798402508,0.0442301353573317,0.032405391556896,0.0249961941747419,0.0210048847739948,0.0045123733824991,-0.3311999999999999,0.0,-0.3311999999999999,0.0,-0.3311999999999999,0.0,7.081306223921086,58.30928794247816,0.6680337634316779,0.0168608612238868,7.811337075950596,49.583929897792494,0.5405823504427032,0.0076056082908405,-0.0993599999999999,-0.06624,-0.0596159999999999,924.4444444444443
1674,930.0,0.2185974973379535,0.095357179951167,0.0781612062328303,0.0472350392552261,0.0466252062808693,0.0291159476831188,0.0164319508617463,0.0168044336599361,0.0107370749097356,0.0126808712859069,0.2340579936022844,0.1030396045653693,0.0820165938583261,0.0383695412521963,0.0321382360555043,0.0178461559256927,0.0146389513509616,0.0136124248101526,-0.3391999999999999,0.0,-0.3391999999999999,0.0,-0.3391999999999999,0.0,7.081306223921086,58.30928794247816,0.6680337634316779,0.0168608612238868,7.811337075950596,49.583929897792494,0.6189369740976557,0.0076056082908405,-0.1017599999999999,-0.06784,-0.0610559999999999,930.0
1684,935.5555555555557,0.221440971786446,0.0895970419216321,0.0753523063606637,0.043027042287099,0.0358556547266281,0.0230273245732777,0.0284809853860456,0.0137487638581912,0.0240753453318968,0.0159433509637992,0.2853769498211832,0.1793911042512848,0.175548408705684,0.1254589967603974,0.1185382178152265,0.1003518511814458,0.1062534792777375,0.0962435803600459,-0.3471999999999999,0.0,-0.3471999999999999,0.0,-0.3471999999999999,0.0,7.081306223921086,58.30928794247816,0.6680337634316779,0.0168608612238868,7.811337075950596,49.583929897792494,0.6189369740976557,0.0988912509913594,-0.1041599999999999,-0.0694399999999999,-0.0624959999999999,935.5555555555557
1694,941.1111111111112,0.2228891001514579,0.10358736186463,0.0790504591791639,0.0447139394772341,0.0389975501244066,0.0197440927526026,0.026576591889821,0.0195979529847068,0.0265403067643743,0.0132422447799275,0.2892429305746622,0.1771408029466037,0.1723736504370492,0.1244564017761691,0.1141913504348215,0.1102689892921556,0.1086422289211361,0.0998387008232879,-0.3551999999999999,0.0,-0.3551999999999999,0.0,-0.3551999999999999,0.0,7.38131037084439,58.30928794247816,0.6680337634316779,0.0168608612238868,7.811337075950596,49.583929897792494,0.6189369740976557,0.0988912509913594,-0.1065599999999999,-0.0710399999999999,-0.0639359999999999,941.1111111111112
1704,946.6666666666666,0.2235097656593427,0.0917410057769639,0.0904968439049944,0.0372309727972689,0.0401834237678067,0.0197816618045346,0.0289015848561509,0.02101729061476,0.0224973620330415,0.0133323614697075,0.2796576554268141,0.1752971712700493,0.1621041257054451,0.1185483989825391,0.1299579676619074,0.103539920008078,0.1134967841857997,0.1015092402826919,-0.3631999999999999,0.0,-0.3631999999999999,0.0,-0.3631999999999999,0.0,7.38131037084439,59.22701689472914,0.6680337634316779,0.0168608612238868,7.811337075950596,49.583929897792494,0.6189369740976557,0.0988912509913594,-0.1089599999999999,-0.07264,-0.0653759999999999,946.6666666666666
1714,952.2222222222222,0.2050166529936663,0.0895923401446396,0.079255154195475,0.0373958130104618,0.034959179336026,0.0368120547665321,0.0232527043419022,0.0065004409787093,0.0223529935451419,0.0137164986644284,0.2738358087647279,0.1836223630828942,0.161403189285809,0.1260397996082829,0.1252005829271404,0.1104916059582002,0.1070401794245495,0.0990168832942724,-0.3712,0.0,-0.3712,0.0,-0.3712,0.0,7.38131037084439,59.22701689472914,0.5931680070122249,0.0168608612238868,7.811337075950596,49.583929897792494,0.6189369740976557,0.0988912509913594,-0.1113599999999999,-0.07424,-0.0668159999999999,952.2222222222222
1724,957.7777777777776,0.2451078274447226,0.1566005827501963,0.1437253155680199,0.1168812434983564,0.1079751269359496,0.1081241538769974,0.104315822447975,0.0937332461837459,0.0995942309576238,0.0978098011182389,0.2752065174391688,0.179118513907155,0.162065986470653,0.1226681260238892,0.1133028256842265,0.112783601315006,0.10428622875562,0.0900959610101238,-0.3792,0.0,-0.3792,0.0,-0.3792,0.0,7.38131037084439,59.22701689472914,0.5931680070122249,0.094215128229736,7.811337075950596,49.583929897792494,0.6189369740976557,0.0988912509913594,-0.1137599999999999,-0.07584,-0.068256,957.7777777777776
1734,963.3333333333331,0.2545476488078148,0.1611763870392529,0.1471364832074913,0.1151106229296575,0.1118247607629441,0.1024459629470575,0.1052852375992268,0.1023212567918231,0.0956003897067671,0.096143880736686,0.2816198010060741,0.1775819673469573,0.1657999875774688,0.1202801294397893,0.1190996218170039,0.10225854039801,0.0984766358850367,0.0995387064330451,-0.3872,0.0,-0.3872,0.0,-0.3872,0.0,7.38131037084439,59.22701689472914,0.5931680070122249,0.094215128229736,7.90567855169914,49.583929897792494,0.6189369740976557,0.0988912509913594,-0.1161599999999999,-0.07744,-0.069696,963.3333333333331
1744,968.8888888888888,0.2524246091541982,0.163474869736787,0.148579350615062,0.114941290922413,0.1089780432225367,0.0974762557721717,0.1085857955274112,0.0941971043307889,0.0992473339999951,0.0924628718821705,0.2855683746113671,0.2034472028640907,0.177510508778213,0.1304605368818922,0.128533234366156,0.1218065336776207,0.1008089146664364,0.1025963887908104,-0.3952,0.0,-0.3952,0.0,-0.3952,0.0,7.38131037084439,59.22701689472914,0.5931680070122249,0.094215128229736,7.90567855169914,43.67778793019382,0.6189369740976557,0.0988912509913594,-0.11856,-0.07904,-0.0711359999999999,968.8888888888888
1754,974.4444444444443,0.2556744677097887,0.1543323605351715,0.1402812636345287,0.1134204455599439,0.1114491966264942,0.1037656653361177,0.1046639375154201,0.0992274288401307,0.0999877861381469,0.097982457554941,0.2590016315140529,0.1708849481141724,0.1485083520435644,0.1266614599346756,0.1219459590458298,0.1076471119969478,0.1023892300744967,0.0945777121732479,-0.4032,0.0,-0.4032,0.0,-0.4032,0.0,7.38131037084439,59.22701689472914,0.5931680070122249,0.094215128229736,7.90567855169914,43.67778793019382,0.5123730836312749,0.0988912509913594,-0.12096,-0.08064,-0.072576,974.4444444444443
1764,980.0,0.2513145852376123,0.1474804181163576,0.1406810123755779,0.1209985267723454,0.1126270921536638,0.1010560379299302,0.096817565423206,0.095477411175119,0.0968389448306886,0.0913317647068915,0.2279955073556217,0.1370007348625125,0.1316845882421379,0.0948538030289859,0.0919309027397065,0.0665611361629233,0.0633072087438316,0.0675502142057583,-0.4112,0.0,-0.4112,0.0,-0.4112,0.0,7.38131037084439,59.22701689472914,0.5931680070122249,0.094215128229736,7.90567855169914,43.67778793019382,0.5123730836312749,0.0617275235246962,-0.12336,-0.08224,-0.074016,980.0
1774,985.5555555555557,0.2888847259075822,0.1710796319146164,0.1605427377906619,0.1137708663572383,0.1230476974446417,0.1179167868025459,0.114299103311348,0.1018012540988303,0.1059176986842155,0.0899205684142081,0.2199796257321921,0.1475154454103737,0.1137665430507872,0.0880429345054738,0.0868703847234609,0.0732090907834413,0.0692015848845162,0.061795620848228,-0.4192,0.0,-0.4192,0.0,-0.4192,0.0,8.844896283003099,59.22701689472914,0.5931680070122249,0.094215128229736,7.90567855169914,43.67778793019382,0.5123730836312749,0.0617275235246962,-0.12576,-0.08384,-0.075456,985.5555555555557
1784,991.1111111111112,0.2741837503227561,0.1690597107601046,0.1493855737839442,0.1203299902471392,0.1262085146341201,0.0974395873635568,0.1027785435302985,0.0839778683614115,0.08897955685373,0.1025361269419058,0.2273475499319635,0.1377288352595813,0.1317985077026654,0.0886342988842928,0.0850352188582664,0.0651409368694239,0.0722295836008953,0.06952486384352,-0.4272,0.0,-0.4272,0.0,-0.4272,0.0,8.844896283003099,56.30443576583544,0.5931680070122249,0.094215128229736,7.90567855169914,43.67778793019382,0.5123730836312749,0.0617275235246962,-0.12816,-0.08544,-0.076896,991.1111111111112
1794,996.6666666666666,0.2957788036439135,0.1893254802099006,0.1634580716258958,0.1205972345163312,0.1297650223901418,0.1016992099202095,0.1056533628709731,0.097637013736269,0.100616249312757,0.0947152442303128,0.2303177156607906,0.1430395590060988,0.1226590649733648,0.093759941484921,0.082123782226891,0.0688703622311482,0.0722902328948554,0.0539921162807355,-0.4352,0.0,-0.4352,0.0,-0.4352,0.0,8.844896283003099,56.30443576583544,0.645997849800413,0.094215128229736,7.90567855169914,43.67778793019382,0.5123730836312749,0.0617275235246962,-0.13056,-0.08704,-0.078336,996.6666666666666
1804,1002.2222222222222,0.2581490868059407,0.1140586240938443,0.1121209031471667,0.0586648877565207,0.058375336194322,0.0382030139446195,0.0282927499297657,0.0296772220119069,0.0247504690158476,0.0211864778580915,0.2214721780922398,0.1354729943390001,0.1217195328138101,0.0862417234693924,0.0842546329555839,0.0738500517103073,0.0744591623622351,0.0613916089529024,-0.4432,0.0,-0.4432,0.0,-0.4432,0.0,8.844896283003099,56.30443576583544,0.645997849800413,0.0169807428787834,7.90567855169914,43.67778793019382,0.5123730836312749,0.0617275235246962,-0.13296,-0.08864,-0.079776,1002.2222222222222
1814,1007.7777777777776,0.26003086771929,0.1144383090399111,0.1035694985645296,0.0542056139346212,0.0559639243481176,0.0313715241941531,0.0381305606948089,0.0344486544385502,0.0213600204768875,0.0223583937272067,0.2333244583771972,0.1498908856907197,0.1420356480450092,0.0873108560551922,0.0853713470851753,0.0791851000353418,0.0686590671823887,0.0701193941996997,-0.4512,0.0,-0.4512,0.0,-0.4512,0.0,8.844896283003099,56.30443576583544,0.645997849800413,0.0169807428787834,8.740064584593137,43.67778793019382,0.5123730836312749,0.0617275235246962,-0.13536,-0.09024,-0.081216,1007.7777777777776
1824,1013.3333333333331,0.245941380639049,0.1075897690730697,0.1123326749060871,0.0434947036425271,0.0486333170318984,0.037825414648312,0.020689565971775,0.0182821368179048,0.020164162345804,0.0173913278453199,0.2209124046134632,0.12720745422127,0.1302120871908253,0.0772609072570661,0.0838001338805506,0.0643607014273523,0.0658114526915993,0.082955433519735,-0.4592,0.0,-0.4592,0.0,-0.4592,0.0,8.844896283003099,56.30443576583544,0.645997849800413,0.0169807428787834,8.740064584593137,56.04073155994568,0.5123730836312749,0.0617275235246962,-0.13776,-0.09184,-0.082656,1013.3333333333331
1834,1018.8888888888888,0.2506722610315613,0.1175354436325164,0.1081018976353186,0.0683939750109487,0.0449327326767182,0.02800540936429,0.0267828198146867,0.0167438804662112,0.0184829836106892,0.0134109275161352,0.2818100864547274,0.1521828746128593,0.1429595725958657,0.0973535263031147,0.0925792066650633,0.0712491336707155,0.0740374237110077,0.0529846790262386,-0.4672,0.0,-0.4672,0.0,-0.4672,0.0,8.844896283003099,56.30443576583544,0.645997849800413,0.0169807428787834,8.740064584593137,56.04073155994568,0.6755382733299067,0.0617275235246962,-0.14016,-0.09344,-0.084096,1018.8888888888888
1844,1024.4444444444443,0.2515168499141341,0.1074255573009751,0.100408559253533,0.0514997524444409,0.0472963490442876,0.0279334373196315,0.0345533442634679,0.0197440619847098,0.0196708609643009,0.0213341011750211,0.2946076029949364,0.1730282533077437,0.1653937272132614,0.1024472375021597,0.1109684409655997,0.0825195900529655,0.0871053329864191,0.0816879439822168,-0.4752,0.0,-0.4752,0.0,-0.4752,0.0,8.844896283003099,56.30443576583544,0.645997849800413,0.0169807428787834,8.740064584593137,56.04073155994568,0.6755382733299067,0.0784956229462765,-0.14256,-0.09504,-0.085536,1024.4444444444443
1854,1030.0,0.2620790751247026,0.1223668984663148,0.1134841726394084,0.0508203230359036,0.0529447949946332,0.036564160312325,0.0329863361343102,0.0253785534170929,0.0136411787049438,0.0159854816874434,0.2966085396810582,0.1622151780737392,0.1660153892347355,0.1098759444799962,0.1107571453145967,0.0956296893633358,0.0940016082262347,0.0858206698390261,-0.4832000000000001,0.0,-0.4832000000000001,0.0,-0.4832000000000001,0.0,9.330033392322344,56.30443576583544,0.645997849800413,0.0169807428787834,8.740064584593137,56.04073155994568,0.6755382733299067,0.0784956229462765,-0.14496,-0.09664,-0.086976,1030.0
1864,1035.5555555555554,0.2969687321603979,0.1650778478315749,0.1251652686349223,0.0776994462449826,0.0603290952018495,0.0378327941965101,0.03507091742533,0.0189594846828464,0.0172660453114775,0.0199164912694218,0.2939615582205143,0.1654745989592085,0.1627524875751549,0.11005203995195,0.1042225572261156,0.0855122044231161,0.0915263051992991,0.0744537309584222,-0.4912000000000001,0.0,-0.4912000000000001,0.0,-0.4912000000000001,0.0,9.330033392322344,40.93304475907775,0.645997849800413,0.0169807428787834,8.740064584593137,56.04073155994568,0.6755382733299067,0.0784956229462765,-0.14736,-0.09824,-0.088416,1035.5555555555554
1874,1041.111111111111,0.2227698912957585,0.1217557895302772,0.1155687215704125,0.0626107654698496,0.0545758598963124,0.0394774644198199,0.0340700296110373,0.0286596430025379,0.014072217328734,0.023520504421003,0.2846388700684539,0.1594710833812228,0.1555411723833396,0.1137992899612511,0.1051828596236836,0.0911545146425318,0.0908351375464648,0.0894196427622159,-0.4992000000000001,0.0,-0.4992000000000001,0.0,-0.4992000000000001,0.0,9.330033392322344,40.93304475907775,0.5060577667863204,0.0169807428787834,8.740064584593137,56.04073155994568,0.6755382733299067,0.0784956229462765,-0.14976,-0.09984,-0.089856,1041.111111111111
1884,1046.6666666666663,0.2261337554206771,0.1052803112835424,0.0910528010989465,0.0508338082900947,0.0462565944762807,0.0207710519429624,0.0219461106964913,0.0076945865744176,0.0180171476697498,0.0042767261130332,0.290070801160655,0.1748723843166042,0.1576869987856758,0.113865161717666,0.1087831542616264,0.0901048117870763,0.0906976674813237,0.0851151100839945,-0.5072000000000001,0.0,-0.5072000000000001,0.0,-0.5072000000000001,0.0,9.330033392322344,40.93304475907775,0.5060577667863204,0.003032336003422,8.740064584593137,56.04073155994568,0.6755382733299067,0.0784956229462765,-0.15216,-0.10144,-0.091296,1046.6666666666663
1894,1052.2222222222222,0.2114214175639561,0.1177808337602996,0.1084499545370291,0.0522075237812673,0.0406575556907485,0.0108962336143991,0.0189674860796819,0.0084279531472173,0.0090362748842663,0.002831801032569,0.2522492292626937,0.1459754419402475,0.1325921738434984,0.1064978421462766,0.0967841967177516,0.0822227504842982,0.0822426542201294,0.0750870941523848,-0.5152000000000001,0.0,-0.5152000000000001,0.0,-0.5152000000000001,0.0,9.330033392322344,40.93304475907775,0.5060577667863204,0.003032336003422,6.7583060338573695,56.04073155994568,0.6755382733299067,0.0784956229462765,-0.15456,-0.10304,-0.092736,1052.2222222222222
1904,1057.7777777777778,0.217598724564366,0.1145272275704884,0.0924823552795898,0.059648356770187,0.0426831846113799,0.021732260449436,0.0172153574567541,0.0010692228520697,0.0039396378172435,0.0127584676803924,0.2755944310455376,0.1616526577118076,0.15005152606782,0.0985780726214669,0.1027266023936808,0.0902942826459115,0.084875332954898,0.0795960302773373,-0.5232000000000001,0.0,-0.5232000000000001,0.0,-0.5232000000000001,0.0,9.330033392322344,40.93304475907775,0.5060577667863204,0.003032336003422,6.7583060338573695,44.97139546417966,0.6755382733299067,0.0784956229462765,-0.15696,-0.10464,-0.094176,1057.7777777777778
1914,1063.3333333333333,0.2179452025522354,0.1172823908016133,0.0986443921345037,0.056916949393219,0.0397281533224093,0.015926730278116,0.0272033207195582,0.0103356259646667,0.0148263132124701,0.0049784900854491,0.2226523274582335,0.1492773804752438,0.1326075657088184,0.1003689960555536,0.0979945503381261,0.0825890166293142,0.0919568600516914,0.0824308530640233,-0.5311999999999999,0.0,-0.5311999999999999,0.0,-0.5311999999999999,0.0,9.330033392322344,40.93304475907775,0.5060577667863204,0.003032336003422,6.7583060338573695,44.97139546417966,0.5375006668711932,0.0784956229462765,-0.1593599999999999,-0.1062399999999999,-0.0956159999999999,1063.3333333333333
1924,1068.888888888889,0.2125887494819768,0.1095527166253741,0.096023136333408,0.0552583513268434,0.0418831354950593,0.026463673554854,0.0150310418206754,-0.0004258316443284,0.0101328634273449,0.0075465489226388,0.2373775796667133,0.1488647768992856,0.1285158584501864,0.1111949840339489,0.0997643187309977,0.0871414836733283,0.0829429363669476,0.0885987125795406,-0.5391999999999999,0.0,-0.5391999999999999,0.0,-0.5391999999999999,0.0,9.330033392322344,40.93304475907775,0.5060577667863204,0.003032336003422,6.7583060338573695,44.97139546417966,0.5375006668711932,0.0850583727578093,-0.1617599999999999,-0.1078399999999999,-0.0970559999999999,1068.888888888889
1934,1074.4444444444443,0.1719872250402101,0.0784291424599675,0.0521213614006582,0.0252118501805596,0.0242837309934403,0.0144202233840527,0.0063066685960605,0.004987761552565,0.0051294405772155,0.0059419030907596,0.225984215314028,0.1474189797256105,0.1299630671726011,0.109418176047088,0.0961804782631788,0.0902181109438799,0.081096773265761,0.0879397057499047,-0.5471999999999999,0.0,-0.5471999999999999,0.0,-0.5471999999999999,0.0,6.524754691305746,40.93304475907775,0.5060577667863204,0.003032336003422,6.7583060338573695,44.97139546417966,0.5375006668711932,0.0850583727578093,-0.1641599999999999,-0.1094399999999999,-0.0984959999999999,1074.4444444444443
1944,1080.0,0.1483033965714719,0.0654339430082221,0.0488851821241001,0.0214279139375877,0.0238658802597617,0.0013154504257121,0.0088628106373013,-0.0010062533910539,0.0047446026588924,0.0077158726480079,0.2230877458426408,0.1544663417042281,0.12776648382384,0.101427006773411,0.1015955677454852,0.0958192184725916,0.0857610260504521,0.0815744364492283,-0.5551999999999999,0.0,-0.5551999999999999,0.0,-0.5551999999999999,0.0,6.524754691305746,51.80775735669704,0.5060577667863204,0.003032336003422,6.7583060338573695,44.97139546417966,0.5375006668711932,0.0850583727578093,-0.1665599999999999,-0.1110399999999999,-0.0999359999999999,1080.0
1954,1085.5555555555554,0.1629010486465887,0.0665786948019906,0.0518309560286322,0.0174390411880486,0.0188564211045426,0.0097985491201874,0.0038029716825191,0.0044847143969483,-0.0026873591645299,0.0029462574555381,0.2166656031630248,0.1394930842034506,0.135908900679499,0.114848847108889,0.1080781067203014,0.0927149628080474,0.0908623088748835,0.0884254991067817,-0.5631999999999999,0.0,-0.5631999999999999,0.0,-0.5631999999999999,0.0,6.524754691305746,51.80775735669704,0.5332022306094434,0.003032336003422,6.7583060338573695,44.97139546417966,0.5375006668711932,0.0850583727578093,-0.1689599999999999,-0.1126399999999999,-0.1013759999999999,1085.5555555555554
1964,1091.111111111111,0.2258439633854379,0.1568677766814872,0.1362496211261586,0.1181517261546715,0.1144462689906946,0.1078428727844883,0.1131232337338809,0.1001374897666306,0.1043817104100574,0.1069577679465145,0.2252830638527242,0.1504788808146789,0.1271751640283014,0.105449906712409,0.1067707353172885,0.0899168562844197,0.0868445695309114,0.0839061126629501,-0.5711999999999999,0.0,-0.5711999999999999,0.0,-0.5711999999999999,0.0,6.524754691305746,51.80775735669704,0.5332022306094434,0.1016810562850964,6.7583060338573695,44.97139546417966,0.5375006668711932,0.0850583727578093,-0.1713599999999999,-0.11424,-0.1028159999999999,1091.111111111111
1974,1096.6666666666663,0.2280229500035077,0.1537505529030897,0.142924573903521,0.1249045890103494,0.1109603568007527,0.1025146213788497,0.0970116698254914,0.0991616549929021,0.1076824655794618,0.095559156408431,0.2213208593506675,0.1438993842024613,0.1381065137252449,0.1032654357101111,0.1011592336709097,0.0861247661463929,0.0828022149169046,0.0980265440055849,-0.5791999999999999,0.0,-0.5791999999999999,0.0,-0.5791999999999999,0.0,6.524754691305746,51.80775735669704,0.5332022306094434,0.1016810562850964,6.0632260633316735,44.97139546417966,0.5375006668711932,0.0850583727578093,-0.1737599999999999,-0.11584,-0.1042559999999999,1096.6666666666663
1984,1102.2222222222222,0.2280601099089756,0.1494231058586867,0.1422814208957874,0.1233218571594072,0.1092471902466527,0.0986163444253495,0.111808785352038,0.0995398730333493,0.1065894958741048,0.1034792559146278,0.2147019238660782,0.1424154365800643,0.1281192059315147,0.0983630320376648,0.0960235832666706,0.0930494798819117,0.0886630892068821,0.0846646258809591,-0.5871999999999999,0.0,-0.5871999999999999,0.0,-0.5871999999999999,0.0,6.524754691305746,51.80775735669704,0.5332022306094434,0.1016810562850964,6.0632260633316735,46.2114039410639,0.5375006668711932,0.0850583727578093,-0.1761599999999999,-0.1174399999999999,-0.1056959999999999,1102.2222222222222
1994,1107.7777777777778,0.2285022884636059,0.1638257731545822,0.142170904809457,0.114359563359867,0.114371634332522,0.1064496367881821,0.1007919805655709,0.1111145304891112,0.1038047850005721,0.1131070749727601,0.2609997152520968,0.1640981511288645,0.1421695426881561,0.1159013149530281,0.0977768057360071,0.0946186112903986,0.0834293971734073,0.0887672514948599,-0.5952,0.0,-0.5952,0.0,-0.5952,0.0,6.524754691305746,51.80775735669704,0.5332022306094434,0.1016810562850964,6.0632260633316735,46.2114039410639,0.6876682573729227,0.0850583727578093,-0.1785599999999999,-0.1190399999999999,-0.1071359999999999,1107.7777777777778
2004,1113.3333333333333,0.2362759663918403,0.1506475703297989,0.1331095149046268,0.1186036774195186,0.1055502856892222,0.1087505865661204,0.1060911586169488,0.1226022108333226,0.1036690257488434,0.1020993992148191,0.253315891529538,0.1568978573388938,0.1292754774746183,0.1090663775303045,0.1023413214331472,0.0829476691347341,0.0851347831276022,0.0810992987083091,-0.6032,0.0,-0.6032,0.0,-0.6032,0.0,6.524754691305746,51.80775735669704,0.5332022306094434,0.1016810562850964,6.0632260633316735,46.2114039410639,0.6876682573729227,0.0807594569815867,-0.1809599999999999,-0.12064,-0.1085759999999999,1113.3333333333333
2014,1118.888888888889,0.2666220271420897,0.1743429235988588,0.1704219407726503,0.1206493265794262,0.1141112485691043,0.1149120027448145,0.1123470035572887,0.1081792392425066,0.1132462493357885,0.1088476369082714,0.2611949973004778,0.1598266030236304,0.1352202417931188,0.1025752091017578,0.1025249139382662,0.0922266274142486,0.086799144703508,0.075513477027649,-0.6112,0.0,-0.6112,0.0,-0.6112,0.0,8.997079688789603,51.80775735669704,0.5332022306094434,0.1016810562850964,6.0632260633316735,46.2114039410639,0.6876682573729227,0.0807594569815867,-0.18336,-0.12224,-0.1100159999999999,1118.888888888889
2024,1124.4444444444443,0.2671005075471035,0.1661374605789259,0.1592682797155193,0.1351438024700819,0.1288221199096399,0.111823372229444,0.1168176592690897,0.0964180079318346,0.1016120876764376,0.103936861124018,0.2606468866213583,0.1446200243755493,0.1297419555657586,0.0985940520518652,0.1037324088183388,0.0844156991343854,0.0833053262387951,0.0889741534286077,-0.6192,0.0,-0.6192,0.0,-0.6192,0.0,8.997079688789603,53.16052163223452,0.5332022306094434,0.1016810562850964,6.0632260633316735,46.2114039410639,0.6876682573729227,0.0807594569815867,-0.1857599999999999,-0.12384,-0.1114559999999999,1124.4444444444443
2034,1130.0,0.2953758084362267,0.1846895089828341,0.1789630113011633,0.127849245856333,0.1319158006800796,0.1145062153495133,0.1173307877707553,0.1104247906290382,0.1072734011877381,0.1016794003851115,0.2649123048401178,0.1550974672775595,0.136247595318575,0.1025995115297634,0.0986223008731897,0.0786284479727342,0.0786392553361924,0.0829768006683989,-0.6272,0.0,-0.6272,0.0,-0.6272,0.0,8.997079688789603,53.16052163223452,0.6221501571227053,0.1016810562850964,6.0632260633316735,46.2114039410639,0.6876682573729227,0.0807594569815867,-0.18816,-0.12544,-0.112896,1130.0
2044,1135.5555555555554,0.2622550033604195,0.1312871181375066,0.128464648821266,0.0574408851626972,0.0574069007204767,0.050511360330007,0.0441151750423011,0.0296886637178244,0.0351912566923734,0.0278773455038245,0.2525775963906028,0.1556611361681621,0.138820665290295,0.1113619847567239,0.0909790482713384,0.0827172931462967,0.0849670581050659,0.0816511703740306,-0.6352,0.0,-0.6352,0.0,-0.6352,0.0,8.997079688789603,53.16052163223452,0.6221501571227053,0.0286879020127346,6.0632260633316735,46.2114039410639,0.6876682573729227,0.0807594569815867,-0.1905599999999999,-0.12704,-0.114336,1135.5555555555554
2054,1141.111111111111,0.2487917360075327,0.1201322702011662,0.1189780044669285,0.0590392436304009,0.0522965380517733,0.0364881741819308,0.0439579373010902,0.0241849117849407,0.0275747464498678,0.0383989594611243,0.2975519864417312,0.1827743203806761,0.164142958298179,0.1127475019347869,0.1046689253255514,0.088633911747821,0.0857669646383648,0.0882088448879368,-0.6432,0.0,-0.6432,0.0,-0.6432,0.0,8.997079688789603,53.16052163223452,0.6221501571227053,0.0286879020127346,7.723184244773418,46.2114039410639,0.6876682573729227,0.0807594569815867,-0.19296,-0.12864,-0.1157759999999999,1141.111111111111
2064,1146.6666666666663,0.2541628624231901,0.1271403477169159,0.1190004902679996,0.0680618888723454,0.066143738330841,0.0434388701989329,0.0396981205352782,0.0391995869521036,0.0329471827971489,0.0202281284671748,0.3085370579009773,0.1959422808889458,0.1654014642017197,0.1153307080371747,0.120875308578283,0.0975754521222377,0.0865913402988272,0.0788416305388375,-0.6512,0.0,-0.6512,0.0,-0.6512,0.0,8.997079688789603,53.16052163223452,0.6221501571227053,0.0286879020127346,7.723184244773418,40.79372836918,0.6876682573729227,0.0807594569815867,-0.19536,-0.13024,-0.117216,1146.6666666666663
2074,1152.2222222222222,0.2488980658689341,0.1196543881518351,0.1212822436073051,0.0644043807553576,0.0678647109408794,0.0448021566291921,0.0493186398427935,0.0314182191900728,0.0333617350162915,0.0275197442506798,0.2945980241473594,0.1869924724714597,0.1652281294771914,0.1197879463371613,0.1117651900943831,0.0898007655984833,0.0882778181897478,0.0838828253561749,-0.6592,0.0,-0.6592,0.0,-0.6592,0.0,8.997079688789603,53.16052163223452,0.6221501571227053,0.0286879020127346,7.723184244773418,40.79372836918,0.6603328810183746,0.0807594569815867,-0.19776,-0.13184,-0.118656,1152.2222222222222
2084,1157.7777777777776,0.2634277665486866,0.1312664871904659,0.1187924095135112,0.0704701917147863,0.0700376673598299,0.0435555692131393,0.0442099348874838,0.035723200227157,0.0346015600269105,0.0366232199214968,0.3328250215785282,0.2353172064161604,0.2222790570625953,0.175741950702331,0.1672527173893783,0.1508016910773336,0.1511793427475686,0.1500890691720553,-0.6672,0.0,-0.6672,0.0,-0.6672,0.0,8.997079688789603,53.16052163223452,0.6221501571227053,0.0286879020127346,7.723184244773418,40.79372836918,0.6603328810183746,0.1440106375539264,-0.20016,-0.13344,-0.120096,1157.7777777777776
2094,1163.3333333333333,0.2580535729473002,0.1195082455724691,0.1179413040719711,0.0689725372986168,0.0641329679291462,0.0466162594224412,0.0455384694738656,0.0330774269563402,0.0389964941255764,0.0436377180099502,0.3337279767015907,0.2330477972263156,0.2228867480639174,0.1769685589621356,0.1779806068420473,0.1570085972868781,0.1565609468892329,0.1491795406114289,-0.6752,0.0,-0.6752,0.0,-0.6752,0.0,9.132829028293903,53.16052163223452,0.6221501571227053,0.0286879020127346,7.723184244773418,40.79372836918,0.6603328810183746,0.1440106375539264,-0.20256,-0.13504,-0.121536,1163.3333333333333
2104,1168.888888888889,0.2860300179403762,0.1646000070242104,0.1380760248141427,0.0826291972229753,0.080654773146344,0.0469909208707693,0.0475925077224763,0.0401798727835846,0.0387232145689154,0.0255522192790141,0.3263547596381759,0.2356411379142967,0.2209661078534329,0.1798352950278972,0.1653599511248636,0.161606242852878,0.1559642509717689,0.1538969977361586,-0.6832,0.0,-0.6832,0.0,-0.6832,0.0,9.132829028293903,41.014192919321225,0.6221501571227053,0.0286879020127346,7.723184244773418,40.79372836918,0.6603328810183746,0.1440106375539264,-0.20496,-0.13664,-0.122976,1168.888888888889
2114,1174.4444444444443,0.2480732952459516,0.1441042726748015,0.1268906431359411,0.0752898309975313,0.0702788389642531,0.0497212732977529,0.0486822719989292,0.0395376559228095,0.0214873022582303,0.0288211652673204,0.335076188267852,0.2399729443573631,0.2210122422890081,0.1743157755297631,0.1686760924751775,0.1529111339918836,0.1478290620612238,0.1591394969687856,-0.6912,0.0,-0.6912,0.0,-0.6912,0.0,9.132829028293903,41.014192919321225,0.5677320166760437,0.0286879020127346,7.723184244773418,40.79372836918,0.6603328810183746,0.1440106375539264,-0.20736,-0.13824,-0.124416,1174.4444444444443
2124,1180.0,0.2654324752977489,0.1617667635363793,0.1371714887046759,0.0897311758611709,0.0864741162115278,0.0607689101682168,0.0624499237682269,0.0562517805683286,0.043177906276813,0.0507308390559007,0.3244143962914801,0.2315524509254348,0.2088572512363382,0.1802351610628298,0.1769703279473553,0.1571238579042058,0.1553639024327964,0.1496431797455922,-0.6992,0.0,-0.6992,0.0,-0.6992,0.0,9.132829028293903,41.014192919321225,0.5677320166760437,0.0477004796793423,7.723184244773418,40.79372836918,0.6603328810183746,0.1440106375539264,-0.20976,-0.13984,-0.125856,1180.0
2134,1185.5555555555554,0.2679861280202884,0.1566753115710178,0.1397168969659742,0.0876038911680981,0.0872735644937869,0.0566424231420931,0.0598403211219883,0.0594654837918667,0.0555101902033713,0.0563948532891484,0.3144225556629135,0.2151709666126392,0.199703589886984,0.1642287290429384,0.1575558245641368,0.1516035409422157,0.1434049372598785,0.1466372665249267,-0.7072,0.0,-0.7072,0.0,-0.7072,0.0,9.132829028293903,41.014192919321225,0.5677320166760437,0.0477004796793423,6.33815097516861,40.79372836918,0.6603328810183746,0.1440106375539264,-0.21216,-0.14144,-0.127296,1185.5555555555554
2144,1191.111111111111,0.2569560505519798,0.153275362985425,0.1470828354074443,0.0983631238452307,0.0908187718427352,0.064349153643113,0.0652675830330814,0.0521467902003444,0.0555269076753633,0.0426197577054791,0.3003361311436581,0.2061024634932913,0.188248712325374,0.1570428814650086,0.1513959253535789,0.1513930014313933,0.1482455960212345,0.1506685316979942,-0.7152000000000001,0.0,-0.7152000000000001,0.0,-0.7152000000000001,0.0,9.132829028293903,41.014192919321225,0.5677320166760437,0.0477004796793423,6.33815097516861,52.53223638656242,0.6603328810183746,0.1440106375539264,-0.21456,-0.14304,-0.128736,1191.111111111111
2154,1196.6666666666663,0.259979089210843,0.169170597708747,0.1354223109336956,0.0896943013085321,0.0812243727236738,0.0779162878533143,0.0701549020282351,0.054626273620236,0.0582526113852869,0.0417687593001998,0.2993323235160298,0.2043759124823039,0.1845141928006606,0.1639151096826244,0.1622735148750141,0.1474943240747768,0.1472034680633203,0.1406484636266658,-0.7232000000000001,0.0,-0.7232000000000001,0.0,-0.7232000000000001,0.0,9.132829028293903,41.014192919321225,0.5677320166760437,0.0477004796793423,6.33815097516861,52.53223638656242,0.6594916350732667,0.1440106375539264,-0.21696,-0.14464,-0.130176,1196.6666666666663
2164,1202.2222222222222,0.2641530061620493,0.1553331240324463,0.1401879099590564,0.0942281975104252,0.0792749732897222,0.0647468698660288,0.0536187859043694,0.056940906319426,0.0499321862730348,0.0513283442030932,0.2247906077517371,0.1130717677756306,0.1010965897080982,0.0756552691929576,0.0569327634439122,0.056955872738552,0.0421575164561707,0.0466157195788356,-0.7312000000000001,0.0,-0.7312000000000001,0.0,-0.7312000000000001,0.0,9.132829028293903,41.014192919321225,0.5677320166760437,0.0477004796793423,6.33815097516861,52.53223638656242,0.6594916350732667,0.0470582208003365,-0.21936,-0.14624,-0.131616,1202.2222222222222
2174,1207.7777777777776,0.2633571533830321,0.1604622225089286,0.1446514274357476,0.0935282403020801,0.0852524338817185,0.0641929278999083,0.06398241312464,0.0548824062879977,0.0485089378787982,0.0518916811585567,0.2296286910631836,0.1181780987882816,0.0936025128474072,0.0698470311126686,0.0612957088920758,0.0424152660520861,0.0589846086106041,0.0431479145777835,-0.7392000000000001,0.0,-0.7392000000000001,0.0,-0.7392000000000001,0.0,9.16098955173995,41.014192919321225,0.5677320166760437,0.0477004796793423,6.33815097516861,52.53223638656242,0.6594916350732667,0.0470582208003365,-0.22176,-0.14784,-0.133056,1207.7777777777776
2184,1213.3333333333333,0.2459714991515446,0.1248527857294154,0.1158290185818396,0.0783383816231627,0.08140158422579,0.0508212737606255,0.0690837268174764,0.0483660453411286,0.0434958812777497,0.0474867313463447,0.2338369564629389,0.1227810488059381,0.1012755919213387,0.0638705107326633,0.0674841327880866,0.0534236086872926,0.0423756997529203,0.0568863954158575,-0.7472000000000001,0.0,-0.7472000000000001,0.0,-0.7472000000000001,0.0,9.16098955173995,55.9425382569226,0.5677320166760437,0.0477004796793423,6.33815097516861,52.53223638656242,0.6594916350732667,0.0470582208003365,-0.22416,-0.14944,-0.134496,1213.3333333333333
2194,1218.888888888889,0.2311240040619477,0.1211210893460133,0.1180263761238411,0.0785755432846259,0.0726199071996755,0.0594638744465203,0.0544672730123021,0.0426692746647444,0.0439806949245023,0.0498369341083707,0.2217201056102744,0.1209030393662623,0.0984613432289442,0.0702614719834649,0.0627787781244258,0.0514577223299963,0.0591459567628114,0.0472614048473259,-0.7552000000000001,0.0,-0.7552000000000001,0.0,-0.7552000000000001,0.0,9.16098955173995,55.9425382569226,0.525827588294865,0.0477004796793423,6.33815097516861,52.53223638656242,0.6594916350732667,0.0470582208003365,-0.22656,-0.15104,-0.135936,1218.888888888889
2204,1224.4444444444443,0.2679873955215074,0.1741264114734372,0.1781610533181288,0.1367087574599755,0.1335829984003451,0.1268650838273253,0.1241984973901274,0.1223734445829565,0.1268814701920523,0.1218599447405779,0.2274758820154268,0.1164734795865927,0.0959695610754998,0.064563351997935,0.0664144898329143,0.0548738879326355,0.044657160574029,0.0402244341785892,-0.7632000000000001,0.0,-0.7632000000000001,0.0,-0.7632000000000001,0.0,9.16098955173995,55.9425382569226,0.525827588294865,0.1150288735107232,6.33815097516861,52.53223638656242,0.6594916350732667,0.0470582208003365,-0.22896,-0.15264,-0.137376,1224.4444444444443
2214,1230.0,0.257797690874549,0.1759458801944425,0.1712707504471771,0.1377797123717495,0.1367605865755905,0.1141331854481736,0.1213434336698038,0.1222031255413799,0.1206451580675694,0.1187205691063691,0.266055544849814,0.1469620698725511,0.1306471120838988,0.0902666124616134,0.0833376346819195,0.0543549389838664,0.0609180501660878,0.0479888745468029,-0.7712000000000001,0.0,-0.7712000000000001,0.0,-0.7712000000000001,0.0,9.16098955173995,55.9425382569226,0.525827588294865,0.1150288735107232,8.647862159705754,52.53223638656242,0.6594916350732667,0.0470582208003365,-0.23136,-0.15424,-0.138816,1230.0
2224,1235.5555555555554,0.2658609265239249,0.1790100168830499,0.1712415586667055,0.1376559385777797,0.1366660965483124,0.1214712948315978,0.1333211587869681,0.1161233612454923,0.1211614287572167,0.1153462157045168,0.2884981503248581,0.1656753862072633,0.1476186083799323,0.0906873628486777,0.0799362821200865,0.0587909114907624,0.0663520500930687,0.0435303098900603,-0.7791999999999999,0.0,-0.7791999999999999,0.0,-0.7791999999999999,0.0,9.16098955173995,55.9425382569226,0.525827588294865,0.1150288735107232,8.647862159705754,43.94565139663493,0.6594916350732667,0.0470582208003365,-0.2337599999999999,-0.1558399999999999,-0.1402559999999999,1235.5555555555554
2234,1241.111111111111,0.2689758135180007,0.1796896458470289,0.1668853736268722,0.1420298879420259,0.1439339517027219,0.1221235157325464,0.1168103024701428,0.1210625491187672,0.1216620529202547,0.1232661207170549,0.2568623727014586,0.1499155565477231,0.134150498993907,0.091227206696675,0.0853300705367095,0.064279279687646,0.0588395411362747,0.0461740173504971,-0.7871999999999999,0.0,-0.7871999999999999,0.0,-0.7871999999999999,0.0,9.16098955173995,55.9425382569226,0.525827588294865,0.1150288735107232,8.647862159705754,43.94565139663493,0.6147282358997046,0.0470582208003365,-0.2361599999999999,-0.15744,-0.141696,1241.111111111111
2244,1246.6666666666663,0.2784874770489332,0.1767258616352246,0.1773667125600985,0.1342096359387625,0.1352038899526747,0.1203083162003803,0.1260659842415625,0.1193256315062336,0.1166207881209876,0.1144691130677068,0.2976726759343481,0.1908408928434068,0.1728497903816311,0.1301998902620538,0.12520196218294,0.1151956036052869,0.1056869675841284,0.1019137854709874,-0.7951999999999999,0.0,-0.7951999999999999,0.0,-0.7951999999999999,0.0,9.16098955173995,55.9425382569226,0.525827588294865,0.1150288735107232,8.647862159705754,43.94565139663493,0.6147282358997046,0.0958124949033154,-0.2385599999999999,-0.15904,-0.1431359999999999,1246.6666666666663
2254,1252.2222222222222,0.2650382427081724,0.1786727093019171,0.1744098318549047,0.1440467184668035,0.1301378230867761,0.119870191168246,0.1191411239719418,0.1217970316516077,0.1147955117277442,0.1175973391311457,0.298252235246671,0.1872798850043239,0.1745669414651821,0.1413458389200778,0.1368794301437545,0.1134451337285834,0.1028842856749724,0.104058638829915,-0.8031999999999999,0.0,-0.8031999999999999,0.0,-0.8031999999999999,0.0,8.34986962397632,55.9425382569226,0.525827588294865,0.1150288735107232,8.647862159705754,43.94565139663493,0.6147282358997046,0.0958124949033154,-0.2409599999999999,-0.16064,-0.1445759999999999,1252.2222222222222
2264,1257.7777777777776,0.276152416679637,0.1973029079893039,0.1842967240165115,0.1524899496352134,0.1444009821802438,0.123101426763535,0.1162789842886746,0.1135681908420606,0.1155485355879111,0.1099672842039621,0.2993687563261459,0.1988928242823923,0.1787118159879565,0.1390068113126051,0.1237385137597545,0.1115116453751016,0.1005157474047703,0.1031278638605165,-0.8111999999999999,0.0,-0.8111999999999999,0.0,-0.8111999999999999,0.0,8.34986962397632,41.92491355256087,0.525827588294865,0.1150288735107232,8.647862159705754,43.94565139663493,0.6147282358997046,0.0958124949033154,-0.2433599999999999,-0.16224,-0.1460159999999999,1257.7777777777776
2274,1263.3333333333333,0.3227081854006851,0.2172441640164877,0.1951720251570448,0.1564434999652419,0.1415901966263313,0.1291473479407343,0.1306735625926142,0.1076948288307212,0.1192847846466775,0.117888425703408,0.294463533397757,0.1909808658622549,0.1778384938789214,0.1397517043525102,0.1341595829099986,0.1149984909356254,0.1067384215822481,0.0986819732453764,-0.8191999999999999,0.0,-0.8191999999999999,0.0,-0.8191999999999999,0.0,8.34986962397632,41.92491355256087,0.6322382922029898,0.1150288735107232,8.647862159705754,43.94565139663493,0.6147282358997046,0.0958124949033154,-0.2457599999999999,-0.1638399999999999,-0.1474559999999999,1263.3333333333333
2284,1268.888888888889,0.29001149506147,0.1954448281625034,0.1743675161315948,0.1355700411026018,0.1327833224482379,0.1050903051566542,0.1104153519669513,0.1043670452741584,0.0895460117620669,0.0925141852585141,0.2920353578256414,0.1905905262569685,0.1702796330780497,0.1435264792100698,0.1235366927624629,0.1102132401102358,0.0984358114448566,0.1058851888782246,-0.8271999999999999,0.0,-0.8271999999999999,0.0,-0.8271999999999999,0.0,8.34986962397632,41.92491355256087,0.6322382922029898,0.0947932087019278,8.647862159705754,43.94565139663493,0.6147282358997046,0.0958124949033154,-0.2481599999999999,-0.16544,-0.1488959999999999,1268.888888888889
2294,1274.4444444444443,0.307579356013349,0.2004687557842831,0.1755468072210722,0.1307643982465863,0.1266890673926764,0.1073389490157896,0.1132604235598514,0.0951522776067782,0.0990559859176874,0.0891633533457031,0.300838729704421,0.1902990519722859,0.166366198627694,0.1423845469695293,0.1281512285115334,0.1060696983699684,0.1063066047802862,0.0973446360474587,-0.8351999999999999,0.0,-0.8351999999999999,0.0,-0.8351999999999999,0.0,8.34986962397632,41.92491355256087,0.6322382922029898,0.0947932087019278,8.471656467006042,43.94565139663493,0.6147282358997046,0.0958124949033154,-0.2505599999999999,-0.16704,-0.150336,1274.4444444444443
2304,1280.0,0.3073054557445958,0.1950350563383906,0.1725819941052678,0.1499003559171849,0.1271912237559672,0.1123060073012873,0.1093787831867236,0.0962008339714452,0.0965184535660122,0.0988839365412234,0.2862216969428403,0.1749107576293672,0.1549710013942995,0.1089943401531503,0.122843552677304,0.108233696294932,0.1038393558320656,0.1005394983578197,-0.8432,0.0,-0.8432,0.0,-0.8432,0.0,8.34986962397632,41.92491355256087,0.6322382922029898,0.0947932087019278,8.471656467006042,56.070253982606566,0.6147282358997046,0.0958124949033154,-0.2529599999999999,-0.16864,-0.151776,1280.0
2314,1285.5555555555554,0.2970924860956705,0.1971395053778619,0.1825073378581739,0.1411922789797276,0.1253866477901015,0.1098497923660415,0.1087531130060883,0.1013757738738365,0.0975545687115837,0.0902227955425627,0.2595815194917202,0.1582406489240606,0.146077043411033,0.1202883150872086,0.1114302434306903,0.106594632695737,0.1100068277815938,0.0985767754705853,-0.8512,0.0,-0.8512,0.0,-0.8512,0.0,8.34986962397632,41.92491355256087,0.6322382922029898,0.0947932087019278,8.471656467006042,56.070253982606566,0.5654336415865311,0.0958124949033154,-0.25536,-0.17024,-0.153216,1285.5555555555554
2324,1291.111111111111,0.3006180134429523,0.1902219760623672,0.1838336174722919,0.135245132981987,0.1253108829630288,0.1106602166810299,0.1140754506472924,0.0987958087858775,0.0870486083059412,0.0983765458117697,0.2636100954843016,0.1677916564317554,0.1642162243938791,0.1306211841726785,0.1313028084235841,0.1100455722067364,0.1162640767760029,0.1083103098786643,-0.8592,0.0,-0.8592,0.0,-0.8592,0.0,8.34986962397632,41.92491355256087,0.6322382922029898,0.0947932087019278,8.471656467006042,56.070253982606566,0.5654336415865311,0.108307099938983,-0.25776,-0.17184,-0.154656,1291.111111111111
2334,1296.6666666666663,0.316702513279837,0.2089963097431289,0.1864333199406861,0.1474167373449143,0.1370448379429737,0.1215295009331711,0.1156392951517146,0.1014962693760818,0.0950684142035532,0.1066578466417495,0.2685243954951342,0.1752232343893189,0.1733711187845243,0.1324993856879476,0.1344956957173929,0.1194709049726812,0.1281563123962171,0.1132724294514947,-0.8672,0.0,-0.8672,0.0,-0.8672,0.0,9.17527484023154,41.92491355256087,0.6322382922029898,0.0947932087019278,8.471656467006042,56.070253982606566,0.5654336415865311,0.108307099938983,-0.26016,-0.17344,-0.1560959999999999,1296.6666666666663
2344,1302.2222222222222,0.3011016908745764,0.1742475294768414,0.160483726011841,0.1245376491084483,0.1199689007663603,0.1134085999000772,0.1110032181468544,0.0995445623545431,0.0933056525513806,0.1020287253480131,0.2628083694555517,0.1755735280591616,0.1641579303073981,0.1414502427481692,0.1182942613084059,0.1110393059561663,0.1137532491236755,0.1131977041361196,-0.8752,0.0,-0.8752,0.0,-0.8752,0.0,9.17527484023154,57.85895516381579,0.6322382922029898,0.0947932087019278,8.471656467006042,56.070253982606566,0.5654336415865311,0.108307099938983,-0.2625599999999999,-0.17504,-0.1575359999999999,1302.2222222222222
2354,1307.7777777777776,0.2596070002672657,0.1560118347596779,0.1590092582024133,0.12871334329951,0.1194617180669705,0.1018311355005916,0.1057654422590941,0.0997704726819734,0.0976349619150247,0.0986957464270825,0.2770978603439001,0.1700291273171489,0.1714037555522867,0.1306494564266502,0.1300750338895085,0.1085793649234912,0.118685256881261,0.1083049132688292,-0.8832,0.0,-0.8832,0.0,-0.8832,0.0,9.17527484023154,57.85895516381579,0.5323024653893998,0.0947932087019278,8.471656467006042,56.070253982606566,0.5654336415865311,0.108307099938983,-0.26496,-0.17664,-0.1589759999999999,1307.7777777777776
2364,1313.3333333333333,0.1950937599412567,0.0879076575349044,0.0743335236145477,0.0338403302347207,0.0271583520575566,0.0137681895754325,0.0179250590731,0.0154173800493805,0.0109626715281589,0.0020652676724726,0.2636453984324228,0.1700265177185957,0.1635541505316233,0.1298007617518492,0.1260120932001701,0.1130645237842183,0.1168997506974156,0.1095007326814031,-0.8912,0.0,-0.8912,0.0,-0.8912,0.0,9.17527484023154,57.85895516381579,0.5323024653893998,0.0040053525129426,8.471656467006042,56.070253982606566,0.5654336415865311,0.108307099938983,-0.26736,-0.17824,-0.160416,1313.3333333333333
2374,1318.888888888889,0.1965870672084755,0.083819851177837,0.0826042514647773,0.0339276881616538,0.0297934006838316,0.0227002649535653,0.0084333155477396,0.0140532458260493,0.011577556480373,0.0032430059846702,0.2613574812498121,0.1663670465444159,0.1619149120226521,0.1301810480798252,0.1353995527229815,0.1195350313217502,0.1103369961436067,0.107313385026857,-0.8992,0.0,-0.8992,0.0,-0.8992,0.0,9.17527484023154,57.85895516381579,0.5323024653893998,0.0040053525129426,7.952422330266685,56.070253982606566,0.5654336415865311,0.108307099938983,-0.26976,-0.17984,-0.161856,1318.888888888889
2384,1324.4444444444443,0.2023396247466377,0.0889396952058429,0.0876273538852761,0.0302609389267264,0.0448876555569369,0.0153855631515948,0.0097814922980072,0.0114128779254141,0.020299003004854,0.0069357036634755,0.2693232696184997,0.1871012235460346,0.1614464200570475,0.1388431855453755,0.1345964365517527,0.1169724771666122,0.1193855585968814,0.1116034425439948,-0.9072,0.0,-0.9072,0.0,-0.9072,0.0,9.17527484023154,57.85895516381579,0.5323024653893998,0.0040053525129426,7.952422330266685,44.29352545487527,0.5654336415865311,0.108307099938983,-0.27216,-0.18144,-0.163296,1324.4444444444443
2394,1330.0,0.193396673534205,0.098223111651567,0.0777604000402322,0.0370342082387596,0.0428592359656364,0.0108686370699404,0.0223223398181811,0.0091257586560172,0.011693784225967,0.0149263827840651,0.2936612088711954,0.1974004458362266,0.1711798843386113,0.143818239905324,0.1298433270578619,0.1186759250945134,0.1076290730176288,0.1094532499109976,-0.9152,0.0,-0.9152,0.0,-0.9152,0.0,9.17527484023154,57.85895516381579,0.5323024653893998,0.0040053525129426,7.952422330266685,44.29352545487527,0.6127419448534138,0.108307099938983,-0.2745599999999999,-0.18304,-0.164736,1330.0
2404,1335.5555555555554,0.2036911452591141,0.0824201453992193,0.0695815744047533,0.0333212910389686,0.0283193662821973,0.0115838774032982,0.0104517069385859,0.0092262413813309,0.0104748668956457,0.0127138690630791,0.2989734319750555,0.221522450353475,0.2024498845859482,0.1779550408275145,0.1624341216083064,0.1498995215321115,0.14852811433011,0.143228815006329,-0.9232,0.0,-0.9232,0.0,-0.9232,0.0,9.17527484023154,57.85895516381579,0.5323024653893998,0.0040053525129426,7.952422330266685,44.29352545487527,0.6127419448534138,0.1417206794710261,-0.27696,-0.18464,-0.166176,1335.5555555555554
2414,1341.111111111111,0.175030781500295,0.0740705010306709,0.0617423340309901,0.0152886584122081,0.026792089242292,0.0084919375108856,0.0155900230244666,0.0049330648914258,0.0178029170976034,0.0067597661409313,0.3089293751152679,0.2153956325071471,0.2073672708077519,0.1688723979431716,0.1708610492044954,0.1512015805739633,0.1522358734112819,0.1408315321278972,-0.9312,0.0,-0.9312,0.0,-0.9312,0.0,7.613822797608217,57.85895516381579,0.5323024653893998,0.0040053525129426,7.952422330266685,44.29352545487527,0.6127419448534138,0.1417206794710261,-0.27936,-0.18624,-0.167616,1341.111111111111
2424,1346.6666666666663,0.1936018409905512,0.0727240457105122,0.0656759989843107,0.0381839482225666,0.0295847786759853,0.0086496525810228,0.0058202898405181,0.0073324290351951,0.000603613365924,0.0132111479588326,0.3058418431861625,0.2095416567991193,0.2029552537307273,0.1731449595696574,0.1617952867526713,0.1521724859609799,0.1470900208570172,0.1488068900447019,-0.9392,0.0,-0.9392,0.0,-0.9392,0.0,7.613822797608217,45.055491007686136,0.5323024653893998,0.0040053525129426,7.952422330266685,44.29352545487527,0.6127419448534138,0.1417206794710261,-0.28176,-0.18784,-0.169056,1346.6666666666663
2434,1352.2222222222222,0.2137458370142383,0.098373272387536,0.0779769181239632,0.039859993328659,0.0237028085754417,0.0225007721520712,0.0163189437688265,0.004618223561311,0.0001944487169061,0.0083270141749588,0.3047522989843448,0.2192188888127976,0.202744397070776,0.1705788426677891,0.1640565283728842,0.1602022903220848,0.1534497539001942,0.1420787191168852,-0.9472,0.0,-0.9472,0.0,-0.9472,0.0,7.613822797608217,45.055491007686136,0.5913020099923738,0.0040053525129426,7.952422330266685,44.29352545487527,0.6127419448534138,0.1417206794710261,-0.28416,-0.18944,-0.170496,1352.2222222222222
2444,1357.7777777777776,0.2727051329545,0.1807467937689876,0.1634114068739441,0.1264384982803879,0.1264222608884916,0.1109851779399929,0.1164208092305624,0.100964279712239,0.0956157620353853,0.0939691377306992,0.314320295536327,0.2281661765695551,0.1977109213489569,0.165705633254408,0.1799164265503411,0.1414842830081091,0.1455528271130566,0.1445380188115458,-0.9552,0.0,-0.9552,0.0,-0.9552,0.0,7.613822797608217,45.055491007686136,0.5913020099923738,0.09858658699061,7.952422330266685,44.29352545487527,0.6127419448534138,0.1417206794710261,-0.28656,-0.19104,-0.171936,1357.7777777777776
2454,1363.3333333333333,0.2653837631019227,0.177649894292201,0.1684249606211355,0.1309365266735717,0.1209827561277154,0.1036919185784401,0.1095048166299706,0.0975001064055671,0.1017414949791519,0.1036790591704729,0.2825571861044481,0.2081680749167775,0.1849749606642745,0.1695308354603005,0.1557497146395129,0.1478318414211808,0.140153300942651,0.1457418313721812,-0.9632,0.0,-0.9632,0.0,-0.9632,0.0,7.613822797608217,45.055491007686136,0.5913020099923738,0.09858658699061,6.303296903563976,44.29352545487527,0.6127419448534138,0.1417206794710261,-0.28896,-0.19264,-0.173376,1363.3333333333333
2464,1368.888888888889,0.2677626970464766,0.1796284924950092,0.1654108388379723,0.1236014333461091,0.1161672268740334,0.1009893687286235,0.103424694272757,0.1023583898262388,0.0938970594870663,0.0909464843721172,0.2770755247890436,0.1962270930098861,0.1872992115268126,0.1447880367633976,0.1532719788560414,0.1374433305307434,0.1447984785746325,0.1479557066953329,-0.9712,0.0,-0.9712,0.0,-0.9712,0.0,7.613822797608217,45.055491007686136,0.5913020099923738,0.09858658699061,6.303296903563976,47.611695270010856,0.6127419448534138,0.1417206794710261,-0.29136,-0.19424,-0.174816,1368.888888888889
2474,1374.4444444444443,0.2780042507978995,0.1679244233216148,0.1477704802885836,0.125020125441442,0.1157808690293142,0.1097765607443666,0.113187509475737,0.1087999953011075,0.1015198292733751,0.0934261624475929,0.2455925520404211,0.1899746569018317,0.1800341898381615,0.1520838586592079,0.1542037540311276,0.1388331053025061,0.1497463402441309,0.1451237915201554,-0.9792,0.0,-0.9792,0.0,-0.9792,0.0,7.613822797608217,45.055491007686136,0.5913020099923738,0.09858658699061,6.303296903563976,47.611695270010856,0.5267442377677045,0.1417206794710261,-0.29376,-0.19584,-0.176256,1374.4444444444443
2484,1380.0,0.2651218792437822,0.1751299857189484,0.1567035268002457,0.1263747854250619,0.1269163710412127,0.1159000218319846,0.1049051592728194,0.1030049398685171,0.10503446795475,0.1010622482764254,0.231459827361631,0.1533640435460908,0.1377584044828964,0.1141497473536451,0.1197148295023834,0.1082642956365926,0.1039892134873627,0.0984780012980494,-0.9872,0.0,-0.9872,0.0,-0.9872,0.0,7.613822797608217,45.055491007686136,0.5913020099923738,0.09858658699061,6.303296903563976,47.611695270010856,0.5267442377677045,0.099366933242138,-0.29616,-0.19744,-0.177696,1380.0
2494,1385.5555555555554,0.2936288261785601,0.1801139241440165,0.1814321573645381,0.1279614623085531,0.1301717367370612,0.1152793547602439,0.1073484118556919,0.1045305719843068,0.1120612943520802,0.0931046215591016,0.2215266586995088,0.1514647902901834,0.1299330765306108,0.1178536332079634,0.1044807727566389,0.1044873402153072,0.1074380175014365,0.1002997188975424,-0.9952,0.0,-0.9952,0.0,-0.9952,0.0,9.05776810324219,45.055491007686136,0.5913020099923738,0.09858658699061,6.303296903563976,47.611695270010856,0.5267442377677045,0.099366933242138,-0.29856,-0.19904,-0.179136,1385.5555555555554
2504,1391.111111111111,0.2916955027279885,0.1878429695473722,0.1764323849591445,0.1387587883568104,0.1316542204473077,0.1191421038037731,0.1065292777856546,0.1025806686529507,0.1015381220850174,0.0958298149018328,0.2253085466144206,0.1584068152405772,0.1353715652675447,0.1065264447762937,0.106371558155922,0.102985462227823,0.1030997678447601,0.1098994863220438,-1.0,0.0,-1.0,0.0,-1.0,0.0,9.05776810324219,47.53707562817565,0.5913020099923738,0.09858658699061,6.303296903563976,47.611695270010856,0.5267442377677045,0.099366933242138,-0.3,-0.2,-0.18,1391.111111111111
2514,1396.6666666666663,0.2732186428310488,0.184120986447277,0.171406847884838,0.1284963179495466,0.1241650808973084,0.1127891125009867,0.1091882534839926,0.1077414274337898,0.1080673326365368,0.1035978945319855,0.2234814001179372,0.1462691384011743,0.1348563353163285,0.1058218597464862,0.1078574214456409,0.1009717964293067,0.1014540760554265,0.0963509294445709,-1.0,0.0,-1.0,0.0,-1.0,0.0,9.05776810324219,47.53707562817565,0.5743447905548836,0.09858658699061,6.303296903563976,47.611695270010856,0.5267442377677045,0.099366933242138,-0.3,-0.2,-0.18,1396.6666666666663
2524,1402.2222222222222,0.2756504119506693,0.1662767965630653,0.1548983599254486,0.1148585789726017,0.1205104130004409,0.0952807659003007,0.0954666818642694,0.0765469143927882,0.0948731305028453,0.079662328173411,0.2231039392952886,0.1480043212621843,0.1424364304038619,0.1208027615166704,0.1081818456880594,0.1082444700710458,0.100375106857635,0.0922396476807483,-1.0,0.0,-1.0,0.0,-1.0,0.0,9.05776810324219,47.53707562817565,0.5743447905548836,0.0809282488421151,6.303296903563976,47.611695270010856,0.5267442377677045,0.099366933242138,-0.3,-0.2,-0.18,1402.2222222222222
2534,1407.7777777777776,0.2743185199043496,0.1726125850582262,0.1513446987163865,0.1213758501081495,0.1038378543554553,0.1033641964605259,0.0944808543300285,0.0931177156595991,0.0892122107382506,0.0910741301269906,0.2387666706061575,0.1558224661267673,0.1433964599932906,0.1172392457180383,0.1064604725948511,0.1020442914926926,0.1073938192112901,0.1008340362279414,-1.0,0.0,-1.0,0.0,-1.0,0.0,9.05776810324219,47.53707562817565,0.5743447905548836,0.0809282488421151,6.64517333891428,47.611695270010856,0.5267442377677045,0.099366933242138,-0.3,-0.2,-0.18,1407.7777777777776
2544,1413.3333333333333,0.2678252799710073,0.1725417515409422,0.1553443587916965,0.1188016152816135,0.1106094081395845,0.0851390568569366,0.1025600876608879,0.0848870431027586,0.0940491830620741,0.0845129659855671,0.2390194172580086,0.1604315165298031,0.1372727032942264,0.121981944831688,0.1067575953216448,0.1051965331393924,0.0997477567768237,0.1026213234579419,-1.0,0.0,-1.0,0.0,-1.0,0.0,9.05776810324219,47.53707562817565,0.5743447905548836,0.0809282488421151,6.64517333891428,44.94819183233542,0.5267442377677045,0.099366933242138,-0.3,-0.2,-0.18,1413.3333333333333
2554,1418.888888888889,0.2679306934656869,0.165145930574509,0.1664315242452454,0.1137188474579116,0.1194897174121584,0.0894512812364295,0.0926496600328339,0.0878901050112366,0.0840987229788714,0.091155445808837,0.2390626120787345,0.1730187832330402,0.1373786327157133,0.1194662027380696,0.1128290060682171,0.0999211918833124,0.1039232541790063,0.0947014427559595,-1.0,0.0,-1.0,0.0,-1.0,0.0,9.05776810324219,47.53707562817565,0.5743447905548836,0.0809282488421151,6.64517333891428,44.94819183233542,0.5659704566564828,0.099366933242138,-0.3,-0.2,-0.18,1418.888888888889
2564,1424.4444444444443,0.276490469413566,0.1800068691440101,0.1641372982812934,0.1214518142623416,0.1204804935109353,0.0972352245515843,0.0874708825393412,0.0810785201966089,0.0813882517553688,0.0774889352197442,0.2231243515795899,0.1348622526821252,0.1215925353839374,0.0957275613238921,0.0833006114863772,0.0818476197843545,0.0784025902535195,0.0684620451945642,-1.0,0.0,-1.0,0.0,-1.0,0.0,9.05776810324219,47.53707562817565,0.5743447905548836,0.0809282488421151,6.64517333891428,44.94819183233542,0.5659704566564828,0.0686138547207326,-0.3,-0.2,-0.18,1424.4444444444443
2574,1430.0,0.2310810257252648,0.1483663872511883,0.121083385829784,0.1006210796626856,0.0891800422125661,0.0881373299402391,0.0833102021044741,0.0891790628736394,0.0772788069549586,0.0801939737488103,0.223231489759324,0.1404935440857347,0.123082339157606,0.09034375639637,0.0830880414136362,0.0745188748118349,0.0693972989539811,0.0787473549002507,-1.0,0.0,-1.0,0.0,-1.0,0.0,6.660900672968236,47.53707562817565,0.5743447905548836,0.0809282488421151,6.64517333891428,44.94819183233542,0.5659704566564828,0.0686138547207326,-0.3,-0.2,-0.18,1430.0
2584,1435.5555555555554,0.2272462679706677,0.1386092389790487,0.1305672065938807,0.1018487240668004,0.1009918779208811,0.0801110968687596,0.1018744081122245,0.0809174176780351,0.0781256520376785,0.0752625932991689,0.2262283662734601,0.1299968121310453,0.1225625596867047,0.0954104193334849,0.0807487561177487,0.0790983795960466,0.0672213155486266,0.0730649909496164,-1.0,0.0,-1.0,0.0,-1.0,0.0,6.660900672968236,55.05464272734011,0.5743447905548836,0.0809282488421151,6.64517333891428,44.94819183233542,0.5659704566564828,0.0686138547207326,-0.3,-0.2,-0.18,1435.5555555555554
2594,1441.111111111111,0.2412273137781224,0.1504493406126258,0.1296320325429781,0.1067109855860884,0.1012607823227896,0.0837894957848295,0.087623799604459,0.0966488311277524,0.0847948343099193,0.0816431640199864,0.2238818625080755,0.1417188502284563,0.121929213879504,0.0799009525222378,0.0705263801920494,0.0805186846467033,0.0724462883590384,0.0711143985937787,-1.0,0.0,-1.0,0.0,-1.0,0.0,6.660900672968236,55.05464272734011,0.6158109148858508,0.0809282488421151,6.64517333891428,44.94819183233542,0.5659704566564828,0.0686138547207326,-0.3,-0.2,-0.18,1441.111111111111
2604,1446.6666666666663,0.2116663454829513,0.1122833195988098,0.0894393041017594,0.0667712183439225,0.060744353259515,0.0549529566621333,0.0343490122264402,0.0482631002390438,0.0456553192725752,0.0528129001824431,0.2242700998426804,0.1407196747557042,0.1086832003344732,0.0981267680192581,0.0820693325678578,0.0745895761385288,0.0781924251284052,0.0749441994974196,-1.0,0.0,-1.0,0.0,-1.0,0.0,6.660900672968236,55.05464272734011,0.6158109148858508,0.0449540809335751,6.64517333891428,44.94819183233542,0.5659704566564828,0.0686138547207326,-0.3,-0.2,-0.18,1446.6666666666663
2614,1452.2222222222222,0.2144186498097323,0.0960189419548384,0.1001250178861574,0.065697409261807,0.0571966380399597,0.0532699914852169,0.0545157104439835,0.0489685934631452,0.0528287944308784,0.0527099563420472,0.2115804250552712,0.1409910846553802,0.1204532948527822,0.0887570814291711,0.083123431598751,0.0816748810455867,0.079747690649474,0.0755257198954536,-1.0,0.0,-1.0,0.0,-1.0,0.0,6.660900672968236,55.05464272734011,0.6158109148858508,0.0449540809335751,6.232639717053009,44.94819183233542,0.5659704566564828,0.0686138547207326,-0.3,-0.2,-0.18,1452.2222222222222
2624,1457.7777777777776,0.2134273520543105,0.1122451015450459,0.0981658104991729,0.0682944247244952,0.0675433716529107,0.0497127088205855,0.050255323254538,0.0441027026763404,0.0423488525873121,0.052176930531075,0.1969314489915006,0.1251330879273117,0.1099651164175044,0.0848339422987654,0.0790462970173992,0.071619350591152,0.0792507790318014,0.0733749814440141,-1.0,0.0,-1.0,0.0,-1.0,0.0,6.660900672968236,55.05464272734011,0.6158109148858508,0.0449540809335751,6.232639717053009,55.26361902802962,0.5659704566564828,0.0686138547207326,-0.3,-0.2,-0.18,1457.7777777777776
2634,1463.3333333333333,0.2188419727019242,0.1097138087043908,0.0956946490636721,0.0710706421940265,0.0681544119863031,0.0425662430034598,0.0459790460568163,0.0502213017342577,0.0420776568464871,0.0468135211604207,0.1945526212246042,0.1217835381723763,0.1047485960823749,0.0848246996354938,0.0726076798217439,0.0783715687241824,0.0769690796770072,0.0700410791656528,-1.0,0.0,-1.0,0.0,-1.0,0.0,6.660900672968236,55.05464272734011,0.6158109148858508,0.0449540809335751,6.232639717053009,55.26361902802962,0.5262157976582641,0.0686138547207326,-0.3,-0.2,-0.18,1463.3333333333333
2644,1468.888888888889,0.2137034486694334,0.1086372941726689,0.0996822285714714,0.0639385749194125,0.0512654130530832,0.0526499221944296,0.0594785162404302,0.0498348147667674,0.0566429898910806,0.0402091870282833,0.1512687127725469,0.0769852808895995,0.0668798134410562,0.0350641438652012,0.0354356278337154,0.0263310524920292,0.0216740655633809,0.0150246032609689,-1.0,0.0,-1.0,0.0,-1.0,0.0,6.660900672968236,55.05464272734011,0.6158109148858508,0.0449540809335751,6.232639717053009,55.26361902802962,0.5262157976582641,0.0199809963524517,-0.3,-0.2,-0.18,1468.888888888889
2654,1474.4444444444443,0.2146194708663275,0.1037093715894651,0.095118748733248,0.0638981513834837,0.054604873114244,0.0529547225890368,0.0477519553058971,0.0509038494101971,0.0484602699180996,0.0593087048287559,0.1580620484395903,0.0770208381601478,0.0647470137121145,0.0348382127530878,0.0250977478374031,0.0252150069791304,0.0273843843604009,0.0175561847161221,-1.0,0.0,-1.0,0.0,-1.0,0.0,6.818189586583285,55.05464272734011,0.6158109148858508,0.0449540809335751,6.232639717053009,55.26361902802962,0.5262157976582641,0.0199809963524517,-0.3,-0.2,-0.18,1474.4444444444443
2664,1480.0,0.2339727751723919,0.1410845049265446,0.1160907093527336,0.0717970146416998,0.068951703019393,0.0556817616923581,0.0585869949124514,0.0463133391855449,0.0530037224129157,0.0454228813870941,0.1661701868985061,0.0767448460716435,0.0555341046979051,0.0354178942098967,0.0219769312342161,0.0194313951481594,0.0193682254500221,0.0184433351023515,-1.0,0.0,-1.0,0.0,-1.0,0.0,6.818189586583285,41.62524622231981,0.6158109148858508,0.0449540809335751,6.232639717053009,55.26361902802962,0.5262157976582641,0.0199809963524517,-0.3,-0.2,-0.18,1480.0
2674,1485.5555555555554,0.2597303483777595,0.145182386573136,0.1221578776707404,0.0811198480248558,0.0653061413888029,0.0589755653475538,0.0520869399610802,0.038414186463237,0.0447013262513543,0.0400470227923383,0.1587961685924372,0.0726495068868763,0.0643584930918109,0.0365582138112869,0.0297923008959016,0.0280149528769222,0.0304212283617577,0.0156443843753783,-1.0,0.0,-1.0,0.0,-1.0,0.0,6.818189586583285,41.62524622231981,0.6812784730800514,0.0449540809335751,6.232639717053009,55.26361902802962,0.5262157976582641,0.0199809963524517,-0.3,-0.2,-0.18,1485.5555555555554
2684,1491.111111111111,0.2627314327496135,0.1508517394222915,0.1106697875726988,0.0748773078802373,0.0648271141230285,0.0504690991142686,0.0430806799684346,0.0520191348775452,0.0376775103611808,0.0447625812286203,0.1647993798896729,0.0836798344709576,0.0539257024615372,0.0257858120035594,0.03067956367927,0.0303083313452229,0.0265346909983192,0.0181261005411445,-1.0,0.0,-1.0,0.0,-1.0,0.0,6.818189586583285,41.62524622231981,0.6812784730800514,0.0403866449510085,6.232639717053009,55.26361902802962,0.5262157976582641,0.0199809963524517,-0.3,-0.2,-0.18,1491.111111111111
2694,1496.6666666666663,0.2572711176774781,0.1445592251182339,0.1067668066438542,0.0841697511279505,0.0704363680276036,0.0551483093398978,0.0492012350501366,0.046803701320884,0.0475330955264053,0.0384813600235045,0.1701916778084664,0.0770294194794461,0.0658099558299228,0.0445641235869187,0.0335751804447017,0.0175620251711572,0.0189657141615249,0.0176932574085765,-1.0,0.0,-1.0,0.0,-1.0,0.0,6.818189586583285,41.62524622231981,0.6812784730800514,0.0403866449510085,6.9192317376205805,55.26361902802962,0.5262157976582641,0.0199809963524517,-0.3,-0.2,-0.18,1496.6666666666663
2704,1502.2222222222222,0.2506673043327286,0.1340007229039189,0.1159241273549297,0.0806566777709382,0.0647964297997401,0.0505197556365063,0.0370552450408412,0.0521836113619346,0.0503628468538871,0.0513696424739477,0.1693905117814685,0.0899517860359233,0.0701455368200227,0.0303437352118462,0.02989010095613,0.0273004289205725,0.0277509025580352,0.0257276127988488,-1.0,0.0,-1.0,0.0,-1.0,0.0,6.818189586583285,41.62524622231981,0.6812784730800514,0.0403866449510085,6.9192317376205805,56.65588620004135,0.5262157976582641,0.0199809963524517,-0.3,-0.2,-0.18,1502.2222222222222
2714,1507.7777777777776,0.2574673785396542,0.1355416006201884,0.110506201817113,0.0809718105606148,0.0594942081477858,0.0547872490476659,0.0584470523062311,0.0492010110115965,0.0416341071237325,0.0418664713289286,0.2030070657325294,0.0932705250157095,0.0778806852700643,0.0450380653448303,0.0420262767923941,0.0256937368198887,0.0196925767357776,0.024465214355757,-1.0,0.0,-1.0,0.0,-1.0,0.0,6.818189586583285,41.62524622231981,0.6812784730800514,0.0403866449510085,6.9192317376205805,56.65588620004135,0.6239846919423603,0.0199809963524517,-0.3,-0.2,-0.18,1507.7777777777776
2724,1513.3333333333333,0.2543974547368375,0.1483457075012523,0.1150405924499703,0.07409702917593,0.0662800538534571,0.0470976726225157,0.0493349765626019,0.037062280616222,0.0324611468660158,0.042215030844241,0.2048413247701017,0.0977710203124125,0.0837295560773769,0.052900417781613,0.0442917523412224,0.0392117193523298,0.0347589299792704,0.0224015054048484,-1.0,0.0,-1.0,0.0,-1.0,0.0,6.818189586583285,41.62524622231981,0.6812784730800514,0.0403866449510085,6.9192317376205805,56.65588620004135,0.6239846919423603,0.0280715079811078,-0.3,-0.2,-0.18,1513.3333333333333
2734,1518.888888888889,0.2830465813457785,0.1566253517808795,0.1337620649176685,0.0818515281455048,0.0739569316672195,0.0551480598847745,0.0410518239917943,0.034190660428986,0.0487546991056161,0.0391910234346829,0.2144074993090352,0.0903439863269239,0.083158139748784,0.046733223610338,0.0485150339673153,0.0449116226480419,0.0377432269247417,0.0401660824460759,-1.0,0.0,-1.0,0.0,-1.0,0.0,7.791402919605084,41.62524622231981,0.6812784730800514,0.0403866449510085,6.9192317376205805,56.65588620004135,0.6239846919423603,0.0280715079811078,-0.3,-0.2,-0.18,1518.888888888889
2744,1524.4444444444443,0.254124622002934,0.1201915820415957,0.1054179177838353,0.0690233007731622,0.0657468369858275,0.0435128105147712,0.0483767505785406,0.0449534873085088,0.0492392126911902,0.0482340282899833,0.2065940163492503,0.1007198977980618,0.0939591150681701,0.0356833825928185,0.0361542976394242,0.0306616985867594,0.028189424891703,0.0295244830277175,-1.0,0.0,-1.0,0.0,-1.0,0.0,7.791402919605084,57.678449294442935,0.6812784730800514,0.0403866449510085,6.9192317376205805,56.65588620004135,0.6239846919423603,0.0280715079811078,-0.3,-0.2,-0.18,1524.4444444444443
2754,1530.0,0.2136443795861605,0.1172135722112916,0.101039930014194,0.0710858162617518,0.0661773980605043,0.0515059507458443,0.0460555513292013,0.0373931587381591,0.0425973765510902,0.0450217526598231,0.2060572939247129,0.1013811176457909,0.0879553208199161,0.0578551942333575,0.0474878097360583,0.0348422614209407,0.0283902704838085,0.0308550163886188,-1.0,0.0,-1.0,0.0,-1.0,0.0,7.791402919605084,57.678449294442935,0.5750748034038927,0.0403866449510085,6.9192317376205805,56.65588620004135,0.6239846919423603,0.0280715079811078,-0.3,-0.2,-0.18,1530.0
2764,1535.5555555555554,0.2549039894931135,0.1726893349131295,0.1673644427142128,0.1209952933852212,0.1221590201600219,0.1105042164030298,0.1157593238214208,0.1040908438998223,0.1153219429746932,0.1047978867904676,0.2006387876273768,0.0827779503752947,0.080617343915742,0.0508948381776957,0.046586366437274,0.0315448106941457,0.0355987156179378,0.027832131507282,-1.0,0.0,-1.0,0.0,-1.0,0.0,7.791402919605084,57.678449294442935,0.5750748034038927,0.10663223297948,6.9192317376205805,56.65588620004135,0.6239846919423603,0.0280715079811078,-0.3,-0.2,-0.18,1535.5555555555554
2774,1541.111111111111,0.2619064549037687,0.1611844160450386,0.1578125711948653,0.1238660690839017,0.120739338411958,0.1096953501275179,0.1102636372646537,0.1058984685614683,0.1039178168861655,0.1151512483594269,0.1841021063431605,0.1092606890038067,0.0788409662875642,0.0536528250876049,0.0460386059580349,0.0358654980864767,0.0315432024546792,0.0230593110131454,-1.0,0.0,-1.0,0.0,-1.0,0.0,7.791402919605084,57.678449294442935,0.5750748034038927,0.10663223297948,6.290423126509404,56.65588620004135,0.6239846919423603,0.0280715079811078,-0.3,-0.2,-0.18,1541.111111111111
2784,1546.6666666666663,0.255542040536353,0.1601767470980419,0.1592399402497684,0.1316837171481086,0.1250194554700348,0.1207822189869803,0.107183132852582,0.0991448687362738,0.1136616038011631,0.112698782829361,0.1983969903906788,0.0954679776012734,0.084590976174046,0.0518416489064711,0.0392345737898809,0.0291124582733943,0.0248721735506478,0.0328609931162865,-1.0,0.0,-1.0,0.0,-1.0,0.0,7.791402919605084,57.678449294442935,0.5750748034038927,0.10663223297948,6.290423126509404,54.54649553477088,0.6239846919423603,0.0280715079811078,-0.3,-0.2,-0.18,1546.6666666666663
2794,1552.2222222222222,0.2589963069848839,0.1666956516260271,0.1547876767730071,0.1239661512487272,0.1286588392404202,0.116797503717939,0.1106609293206221,0.1127921785345134,0.1082436184885209,0.1113066561422816,0.2128591980691986,0.090787554681406,0.0896747508219669,0.0391496090631617,0.0461961594826702,0.034458850383478,0.0260036535488881,0.0271930194629131,-1.0,0.0,-1.0,0.0,-1.0,0.0,7.791402919605084,57.678449294442935,0.5750748034038927,0.10663223297948,6.290423126509404,54.54649553477088,0.6552947048130493,0.0280715079811078,-0.3,-0.2,-0.18,1552.2222222222222
2804,1557.7777777777776,0.2628746767613339,0.1672950799685476,0.147377851660016,0.129517429393308,0.1210941073388996,0.115539903863802,0.1035018804055764,0.1014501657724896,0.1089782061752256,0.1063850535980802,0.2662295503822443,0.1858340137484769,0.1746661411329385,0.1389515027907729,0.1394997834103703,0.1300330982937687,0.1285624685363606,0.1264400346954252,-1.0,0.0,-1.0,0.0,-1.0,0.0,7.791402919605084,57.678449294442935,0.5750748034038927,0.10663223297948,6.290423126509404,54.54649553477088,0.6552947048130493,0.1238650172553198,-0.3,-0.2,-0.18,1557.7777777777776
2814,1563.3333333333333,0.2735211677279301,0.1758957754372287,0.1604284517782766,0.1346118104166084,0.1282698437460031,0.1192174269053428,0.1018463263081006,0.1119743638115808,0.1023837109044533,0.1064062812431332,0.268684285338237,0.1820902862833659,0.1650535760268899,0.1361252569330298,0.1265645786468771,0.120648882550758,0.1319433888514383,0.1183615152496253,-1.0,0.0,-1.0,0.0,-1.0,0.0,8.557443169392675,57.678449294442935,0.5750748034038927,0.10663223297948,6.290423126509404,54.54649553477088,0.6552947048130493,0.1238650172553198,-0.3,-0.2,-0.18,1563.3333333333333
2824,1568.888888888889,0.2845886021355231,0.1856577405193821,0.1766326554946925,0.1417039822523794,0.1267270147112898,0.1190341434635227,0.1210601215384544,0.1189729045104436,0.1076208739366586,0.1131719574066793,0.271142679762921,0.1768939427259233,0.1735975348243885,0.1433741215774732,0.1415291185334565,0.1319695238924705,0.1208437483752349,0.120992896762078,-1.0,0.0,-1.0,0.0,-1.0,0.0,8.557443169392675,47.41465589652505,0.5750748034038927,0.10663223297948,6.290423126509404,54.54649553477088,0.6552947048130493,0.1238650172553198,-0.3,-0.2,-0.18,1568.888888888889
2834,1574.4444444444443,0.2582451700661574,0.175422092260312,0.1686156160662536,0.1308304343895544,0.1296084087043264,0.1135139221213934,0.1192371060748682,0.1070530200547865,0.1070730462373518,0.1042942479222144,0.2708966066538187,0.1921896699411188,0.1620476747619925,0.1440209247270412,0.1406135334825307,0.1308818753960969,0.1287386445358586,0.1304959291477677,-1.0,0.0,-1.0,0.0,-1.0,0.0,8.557443169392675,47.41465589652505,0.5128424000332207,0.10663223297948,6.290423126509404,54.54649553477088,0.6552947048130493,0.1238650172553198,-0.3,-0.2,-0.18,1574.4444444444443
2844,1580.0,0.2443795988959057,0.1461227728133716,0.1336634080347619,0.1072760361850896,0.1055874256112882,0.088623305816775,0.0866408207788758,0.075220933851927,0.0808789270406615,0.085497232929473,0.2741645050776257,0.1873438536269741,0.1638886955292551,0.1372373304148619,0.1428682569863445,0.1284336268638552,0.1295828225977457,0.1269731155099194,-1.0,0.0,-1.0,0.0,-1.0,0.0,8.557443169392675,47.41465589652505,0.5128424000332207,0.0778164351090442,6.290423126509404,54.54649553477088,0.6552947048130493,0.1238650172553198,-0.3,-0.2,-0.18,1580.0
2854,1585.5555555555554,0.2381087878041328,0.1536455046858254,0.1450807404523942,0.1017242992037426,0.102781930076343,0.0884443948303995,0.0778892336865964,0.0862055160979479,0.0803169711788325,0.0754167763015263,0.3048037144138059,0.2032968927623119,0.1913305879048767,0.1511818036396327,0.1512406610629995,0.1270015890998909,0.1230521597248839,0.1233891541166543,-1.0,0.0,-1.0,0.0,-1.0,0.0,8.557443169392675,47.41465589652505,0.5128424000332207,0.0778164351090442,8.272379719146606,54.54649553477088,0.6552947048130493,0.1238650172553198,-0.3,-0.2,-0.18,1585.5555555555554
2864,1591.111111111111,0.2499423874147688,0.1548212221948223,0.1444393994978824,0.1108747178150068,0.0983463323494969,0.0826021615628826,0.0927136979884854,0.0796829891007842,0.0766280883012746,0.0844125997133139,0.3135674446419435,0.2221363423965438,0.1962604107928342,0.1518008574234961,0.151953162857704,0.1334431035749126,0.1339212905236972,0.1339561353236157,-1.0,0.0,-1.0,0.0,-1.0,0.0,8.557443169392675,47.41465589652505,0.5128424000332207,0.0778164351090442,8.272379719146606,43.81676406979354,0.6552947048130493,0.1238650172553198,-0.3,-0.2,-0.18,1591.111111111111
2874,1596.6666666666663,0.2425549660765494,0.1593396889827763,0.1403042896044897,0.1106351592516314,0.1001244454977989,0.0982893431911734,0.0833463977267557,0.0850913834764972,0.079547707091825,0.0764126265456344,0.2804959941516591,0.1891585978797274,0.180238843368712,0.1516631629843616,0.1457939654982146,0.1307659058089649,0.1285839855242294,0.1294583769795403,-1.0,0.0,-1.0,0.0,-1.0,0.0,8.557443169392675,47.41465589652505,0.5128424000332207,0.0778164351090442,8.272379719146606,43.81676406979354,0.5532474453225887,0.1238650172553198,-0.3,-0.2,-0.18,1596.6666666666663
2884,1602.2222222222222,0.2417045295447626,0.1479032826856,0.1457078830408213,0.0999400690730119,0.1040844659671015,0.0874482971032137,0.0844095448328922,0.083592428711251,0.0827394466835919,0.0755655907101237,0.2577502876913301,0.1614967584466226,0.1545653754965945,0.1148917196589933,0.1076155934542813,0.0966061134810895,0.0939198948378586,0.0847398852184998,-1.0,0.0,-1.0,0.0,-1.0,0.0,8.557443169392675,47.41465589652505,0.5128424000332207,0.0778164351090442,8.272379719146606,43.81676406979354,0.5532474453225887,0.0804180063569058,-0.3,-0.2,-0.18,1602.2222222222222
2894,1607.7777777777776,0.2393648191895864,0.146257793239818,0.1474859488467855,0.1036475095606141,0.1073233114892618,0.0790856465550782,0.0906304545524785,0.0772453348251279,0.0862068820597123,0.0798870052555928,0.2589692318830841,0.1666357270978352,0.1387427179132753,0.1175283096833432,0.1108515761066103,0.1002366818583728,0.086259310810554,0.0863819811070876,-1.0,0.0,-1.0,0.0,-1.0,0.0,8.794661001273342,47.41465589652505,0.5128424000332207,0.0778164351090442,8.272379719146606,43.81676406979354,0.5532474453225887,0.0804180063569058,-0.3,-0.2,-0.18,1607.7777777777776
2904,1613.3333333333333,0.2446607360495422,0.1419030375173108,0.1399045837157699,0.0983454498610487,0.0997727401038701,0.0859924176153979,0.079255139419854,0.082462245345463,0.0901158205491944,0.0757977129585728,0.2640992853822814,0.1653597882903969,0.1514030513979628,0.1133522156022961,0.1031542412046372,0.0986560914398039,0.093472285902803,0.0959369252262122,-1.0,0.0,-1.0,0.0,-1.0,0.0,8.794661001273342,57.93173461518359,0.5128424000332207,0.0778164351090442,8.272379719146606,43.81676406979354,0.5532474453225887,0.0804180063569058,-0.3,-0.2,-0.18,1613.3333333333333
2914,1618.8888888888887,0.2292040295842844,0.1410669069591331,0.136446736591118,0.1056688760091455,0.0949250428521998,0.0874583156708984,0.0927585460902024,0.082230596016519,0.0752888306766715,0.0823254896996385,0.2562251340287513,0.1637887081103328,0.1509713642759344,0.1165344182840199,0.0965443100820784,0.0966477457924136,0.0865222997718896,0.079295005415627,-1.0,0.0,-1.0,0.0,-1.0,0.0,8.794661001273342,57.93173461518359,0.5251483035068338,0.0778164351090442,8.272379719146606,43.81676406979354,0.5532474453225887,0.0804180063569058,-0.3,-0.2,-0.18,1618.8888888888887
2924,1624.4444444444443,0.1978890589118791,0.0988132041211293,0.0915169145497356,0.0541488911870976,0.0544323581943359,0.0343103446957476,0.0332694930950896,0.0294108641952763,0.0333107793690686,0.0342514781801707,0.2555559463363753,0.16463256077443,0.1462537890115154,0.1077869110171095,0.1040114188331915,0.0976597751604258,0.0831363796343624,0.0794850636932367,-1.0,0.0,-1.0,0.0,-1.0,0.0,8.794661001273342,57.93173461518359,0.5251483035068338,0.0276405319299744,8.272379719146606,43.81676406979354,0.5532474453225887,0.0804180063569058,-0.3,-0.2,-0.18,1624.4444444444443
2934,1630.0,0.207052728036089,0.102286132397582,0.0867149163036767,0.0532910216560543,0.0524692535462935,0.03412096737677,0.0330858636878714,0.0341064681659855,0.0269545461942872,0.0286519519812777,0.2537342334294966,0.1652746123487249,0.1520854884219535,0.1051173090865394,0.1000838379962731,0.0902460375489724,0.08812504839117,0.0846064398879115,-1.0,0.0,-1.0,0.0,-1.0,0.0,8.794661001273342,57.93173461518359,0.5251483035068338,0.0276405319299744,8.39861091416443,43.81676406979354,0.5532474453225887,0.0804180063569058,-0.3,-0.2,-0.18,1630.0
2944,1635.5555555555554,0.1975952204222932,0.0943406058609637,0.0894421722221674,0.055933582514427,0.0494132272441933,0.0381339757249774,0.0359359992203724,0.0250531679876098,0.0369223599810728,0.0313988430486809,0.2516083579069278,0.1594016366966333,0.1455565878545661,0.1060205157492476,0.0956355709051116,0.0837832189362176,0.0887236070998634,0.0878556143354126,-1.0,0.0,-1.0,0.0,-1.0,0.0,8.794661001273342,57.93173461518359,0.5251483035068338,0.0276405319299744,8.39861091416443,52.8904324604695,0.5532474453225887,0.0804180063569058,-0.3,-0.2,-0.18,1635.5555555555554
2954,1641.111111111111,0.2047492179200741,0.0986329619425884,0.0957863241892493,0.05657613879297,0.0526583685848753,0.0374355157062126,0.0322715627838532,0.0349801863163298,0.0196121298852081,0.0313220970345115,0.2830873100531755,0.1658829791002571,0.1562266625169251,0.1113401176893768,0.1035652877028376,0.0903836219317222,0.095788527701816,0.0821756390983205,-1.0,0.0,-1.0,0.0,-1.0,0.0,8.794661001273342,57.93173461518359,0.5251483035068338,0.0276405319299744,8.39861091416443,52.8904324604695,0.6441945583619955,0.0804180063569058,-0.3,-0.2,-0.18,1641.111111111111
2964,1646.6666666666663,0.2033895560091069,0.0993486913297973,0.094422906198643,0.0543276280690922,0.0453060350102084,0.0406368384457245,0.0302435156278125,0.0390025792332615,0.0255999111663962,0.0356243495309,0.3276609013964777,0.2224043175200407,0.21172071644936,0.1727658075597387,0.1692843998293137,0.1576168853640391,0.1622890167319858,0.1524713211030257,-1.0,0.0,-1.0,0.0,-1.0,0.0,8.794661001273342,57.93173461518359,0.5251483035068338,0.0276405319299744,8.39861091416443,52.8904324604695,0.6441945583619955,0.149515674754697,-0.3,-0.2,-0.18,1646.6666666666663
2974,1652.2222222222222,0.2171768715346483,0.0947727910842792,0.0988536353726127,0.0499113834791389,0.0589973503620242,0.0462255785778884,0.0340719760271585,0.0293881843401235,0.0314898549804712,0.0298951253180286,0.3227319246966808,0.2276722267849373,0.2128721139350403,0.1726865897717856,0.1665404092737648,0.1599934648776513,0.1410754458636802,0.1558474396742032,-1.0,0.0,-1.0,0.0,-1.0,0.0,9.405375867810818,57.93173461518359,0.5251483035068338,0.0276405319299744,8.39861091416443,52.8904324604695,0.6441945583619955,0.149515674754697,-0.3,-0.2,-0.18,1652.2222222222222
2984,1657.7777777777776,0.2150633767586512,0.1050156440498589,0.0998820209241845,0.0595455059764467,0.0563678155231582,0.0455630382978685,0.0485387121294725,0.0263610914019921,0.0333912974043197,0.0349019692102852,0.310375945381553,0.2250839801375969,0.2180935633547089,0.168420484644237,0.1696883665947189,0.160008674404017,0.154911475023292,0.1393518133559448,-1.0,0.0,-1.0,0.0,-1.0,0.0,9.405375867810818,56.860501336831724,0.5251483035068338,0.0276405319299744,8.39861091416443,52.8904324604695,0.6441945583619955,0.149515674754697,-0.3,-0.2,-0.18,1657.7777777777776
2994,1663.3333333333333,0.2673966855715805,0.1211975992870781,0.1297621284060519,0.0611504647751385,0.0662173017278165,0.037078712974315,0.0414026673926768,0.0315165618545238,0.0306178618709371,0.033330907414047,0.3319653439918972,0.2256683073763423,0.2158630007274338,0.1804591088206895,0.166570748614251,0.1559175741878245,0.1625395678850638,0.1514726036053718,-1.0,0.0,-1.0,0.0,-1.0,0.0,9.405375867810818,56.860501336831724,0.6554231618106363,0.0276405319299744,8.39861091416443,52.8904324604695,0.6441945583619955,0.149515674754697,-0.3,-0.2,-0.18,1663.3333333333333
3004,1668.8888888888887,0.2961886474462185,0.1471065167564159,0.1520399652155515,0.0940176366082134,0.0927711709661034,0.0720611614878911,0.0720851200508249,0.057750641175809,0.0624806062334118,0.0680955750179288,0.3296395634504231,0.2333936060249622,0.2113586605851378,0.1752495892247291,0.1752604577759186,0.1645978265181255,0.1599771093191413,0.1629186650755251,-1.0,0.0,-1.0,0.0,-1.0,0.0,9.405375867810818,56.860501336831724,0.6554231618106363,0.0592528822809655,8.39861091416443,52.8904324604695,0.6441945583619955,0.149515674754697,-0.3,-0.2,-0.18,1668.8888888888887
3014,1674.4444444444443,0.283876113710011,0.1636887592065046,0.1502663118665039,0.1008881465032514,0.0900489250580816,0.0664282401134332,0.0795607427505717,0.0627589250597875,0.0665882821771959,0.0532686880894696,0.3108348024315471,0.2259197552724719,0.2099961096107354,0.1732126422186421,0.1664100742130459,0.1560725745825561,0.1533077478877109,0.1482607603669417,-1.0,0.0,-1.0,0.0,-1.0,0.0,9.405375867810818,56.860501336831724,0.6554231618106363,0.0592528822809655,7.923687331829445,52.8904324604695,0.6441945583619955,0.149515674754697,-0.3,-0.2,-0.18,1674.4444444444443
3024,1680.0,0.2805133239308156,0.1543916334908056,0.1405060303457825,0.0915981834181223,0.0920455732470323,0.0750099250940277,0.0702847222840109,0.0554138978396565,0.0700533337726646,0.0558608648268185,0.3158798124426676,0.2353822423042227,0.2254077374792606,0.1768549427215555,0.1703165614464744,0.1592606596117605,0.1621512817219434,0.1492026549888049,-1.0,0.0,-1.0,0.0,-1.0,0.0,9.405375867810818,56.860501336831724,0.6554231618106363,0.0592528822809655,7.923687331829445,43.68891284893158,0.6441945583619955,0.149515674754697,-0.3,-0.2,-0.18,1680.0
3034,1685.5555555555554,0.2695460343241496,0.1548923275178551,0.1416245999033241,0.0996233537810142,0.0891603502312958,0.0629171499389519,0.0735437003430186,0.0574213207675297,0.0615632390789077,0.0557158095261546,0.3363275509842746,0.2278421370176082,0.2271644819649323,0.1799785149093456,0.1673004015656026,0.1581788552435639,0.1626773864920165,0.15463294765857,-1.0,0.0,-1.0,0.0,-1.0,0.0,9.405375867810818,56.860501336831724,0.6554231618106363,0.0592528822809655,7.923687331829445,43.68891284893158,0.6518988930561611,0.149515674754697,-0.3,-0.2,-0.18,1685.5555555555554
3044,1691.111111111111,0.2811450229702559,0.1582161858953876,0.1538700199121583,0.0988456174404242,0.090831515495433,0.0712975546166163,0.0731169586969607,0.0591751201832409,0.0655913358447255,0.0579845101505629,0.308429621213081,0.1978314368847291,0.1836742388118615,0.1527684459890769,0.1463816892249189,0.1271032217752805,0.1219814008080124,0.1207795961199341,-1.0,0.0,-1.0,0.0,-1.0,0.0,9.405375867810818,56.860501336831724,0.6554231618106363,0.0592528822809655,7.923687331829445,43.68891284893158,0.6518988930561611,0.1136535996777583,-0.3,-0.2,-0.18,1691.111111111111
3054,1696.6666666666663,0.2729034803735778,0.1424369179017188,0.1348040123252866,0.0913228965190283,0.0854695598723935,0.0738852159909884,0.0692144950851023,0.0577178155682024,0.0581922102185321,0.0597976641564764,0.3073360274339526,0.2027392791296225,0.1924191417708063,0.1461311329817018,0.1414579133865633,0.1160176038507355,0.1226226070061365,0.1164959187567616,-1.0,0.0,-1.0,0.0,-1.0,0.0,8.708144683631101,56.860501336831724,0.6554231618106363,0.0592528822809655,7.923687331829445,43.68891284893158,0.6518988930561611,0.1136535996777583,-0.3,-0.2,-0.18,1696.6666666666663
3064,1702.2222222222222,0.2825326954147781,0.1589475107586433,0.1460781302984693,0.0962387369690362,0.1014611806903302,0.0729430301423419,0.0720357496508656,0.070487331745969,0.0587375139066426,0.0617769917941099,0.3038422213026503,0.20272013771817,0.1837548064593829,0.1378070977038432,0.133104799683582,0.1314711266811389,0.1242598235486509,0.1198286667038739,-1.0,0.0,-1.0,0.0,-1.0,0.0,8.708144683631101,48.89598048853558,0.6554231618106363,0.0592528822809655,7.923687331829445,43.68891284893158,0.6518988930561611,0.1136535996777583,-0.3,-0.2,-0.18,1702.2222222222222
3074,1707.7777777777776,0.2581447034034119,0.1469706442721415,0.1419286529270763,0.0917441844411156,0.0906211055864126,0.0719352191867135,0.0622157925636297,0.0729358164097948,0.0635164297880479,0.0533255837984767,0.3042680149986433,0.2172676612886016,0.1809673194105483,0.1531128418279412,0.1427806112376947,0.1287720164892269,0.1212018306673267,0.1235519033353314,-1.0,0.0,-1.0,0.0,-1.0,0.0,8.708144683631101,48.89598048853558,0.5756360657581642,0.0592528822809655,7.923687331829445,43.68891284893158,0.6518988930561611,0.1136535996777583,-0.3,-0.2,-0.18,1707.7777777777776
3084,1713.3333333333333,0.2572604204453405,0.1520072228302298,0.1374660107070196,0.0980751440145196,0.0910896189424612,0.0746001915074954,0.0778975543486021,0.0704119509754816,0.0739998950848628,0.0698025974899991,0.3051586183585185,0.1990100596141274,0.1839736927423474,0.1522116887558098,0.1389879287534333,0.1303822054936205,0.1188257933184868,0.1168853279120326,-1.0,0.0,-1.0,0.0,-1.0,0.0,8.708144683631101,48.89598048853558,0.5756360657581642,0.0629656398554912,7.923687331829445,43.68891284893158,0.6518988930561611,0.1136535996777583,-0.3,-0.2,-0.18,1713.3333333333333
3094,1718.8888888888887,0.2607276872742565,0.156185156203966,0.1376818557727646,0.0942481733437613,0.0930474973205864,0.0829033479499863,0.0670281059352048,0.0769981960990481,0.059452274569219,0.0560824088270557,0.2711540742861953,0.1850000727382223,0.1680396184110419,0.1444844246494279,0.1322504301430717,0.1248582219352887,0.1158186535087783,0.1154557659641598,-1.0,0.0,-1.0,0.0,-1.0,0.0,8.708144683631101,48.89598048853558,0.5756360657581642,0.0629656398554912,6.10001770533374,43.68891284893158,0.6518988930561611,0.1136535996777583,-0.3,-0.2,-0.18,1718.8888888888887
3104,1724.4444444444443,0.2520934169593265,0.1492837258907434,0.1316943982462773,0.1037281640964973,0.0856011525657079,0.074883957672572,0.0660386996287569,0.0605972303627806,0.0722254477082696,0.0643892368852466,0.2617576443752505,0.1795700299659484,0.1569287592902156,0.1272631915672394,0.1244503647202311,0.1112465654607047,0.1267891186391004,0.1220975541933918,-1.0,0.0,-1.0,0.0,-1.0,0.0,8.708144683631101,48.89598048853558,0.5756360657581642,0.0629656398554912,6.10001770533374,56.88640232822986,0.6518988930561611,0.1136535996777583,-0.3,-0.2,-0.18,1724.4444444444443
3114,1730.0,0.26756263443141,0.1541550675923639,0.1354632687443833,0.10403298986431,0.0801469854184838,0.0714119695957826,0.0823072711927046,0.0655071482106718,0.0649885591964377,0.0677928076748036,0.2492921030873714,0.1603305983816619,0.1537197314728982,0.1260505412831286,0.132796954769166,0.1169302435315347,0.1115634170621817,0.1165779399879491,-1.0,0.0,-1.0,0.0,-1.0,0.0,8.708144683631101,48.89598048853558,0.5756360657581642,0.0629656398554912,6.10001770533374,56.88640232822986,0.6084739755109543,0.1136535996777583,-0.3,-0.2,-0.18,1730.0
3124,1735.5555555555554,0.2532157703276078,0.1395085134140326,0.1362733913881761,0.098786970187102,0.0913779237387224,0.0675184532954694,0.0741755890544789,0.0728169130946705,0.0674880882186563,0.0584039268267237,0.2044219813994027,0.1160957443569382,0.098209263997262,0.0766921910264279,0.0720873143428973,0.0722898836280471,0.0566912822782547,0.0615522322785414,-1.0,0.0,-1.0,0.0,-1.0,0.0,8.708144683631101,48.89598048853558,0.5756360657581642,0.0629656398554912,6.10001770533374,56.88640232822986,0.6084739755109543,0.0581277958502597,-0.3,-0.2,-0.18,1735.5555555555554
3134,1741.111111111111,0.2559501962014036,0.1369267002951213,0.1361041052011374,0.0898236368363665,0.0865360935116822,0.0754060512480507,0.0676135798626802,0.0742568619914555,0.062763206219826,0.0671766389229494,0.2090034374530004,0.1135123196441265,0.0997808167960317,0.0709713633044725,0.0744693910471212,0.0543592463018179,0.0649187873204746,0.0593475896680259,-1.0,0.0,-1.0,0.0,-1.0,0.0,8.153692058451325,48.89598048853558,0.5756360657581642,0.0629656398554912,6.10001770533374,56.88640232822986,0.6084739755109543,0.0581277958502597,-0.3,-0.2,-0.18,1741.111111111111
3144,1746.6666666666663,0.2418410980324524,0.1490558415984176,0.1262034483283179,0.0808309995244748,0.0822732549317954,0.0763930148670729,0.0696578755687561,0.0654498125300133,0.0693964200421902,0.0622160637285027,0.2094633546091513,0.1064474363504872,0.0949651228910524,0.0669444734738336,0.054219399556436,0.0616768715085152,0.057224573102108,0.0617063137974543,-1.0,0.0,-1.0,0.0,-1.0,0.0,8.153692058451325,54.43280437039324,0.5756360657581642,0.0629656398554912,6.10001770533374,56.88640232822986,0.6084739755109543,0.0581277958502597,-0.3,-0.2,-0.18,1746.6666666666663
3154,1752.2222222222222,0.2396976974209354,0.1262419945266212,0.1259794151916346,0.0780325161653599,0.0775912910032025,0.0757665885337179,0.0743130056222613,0.0707554080600188,0.0566891889192377,0.063470586271929,0.2115439510224671,0.1170195727394166,0.1110138301961315,0.0704562227346257,0.0608939840688932,0.0669240104457525,0.0613517683202365,0.0589713321525963,-1.0,0.0,-1.0,0.0,-1.0,0.0,8.153692058451325,54.43280437039324,0.5762921738796791,0.0629656398554912,6.10001770533374,56.88640232822986,0.6084739755109543,0.0581277958502597,-0.3,-0.2,-0.18,1752.2222222222222
3164,1757.7777777777776,0.2800677611315086,0.1803160675987497,0.1809965817106315,0.1463762340802237,0.1414168183036753,0.1364274800732483,0.1276615559958223,0.1233645715156934,0.1368947272479614,0.1117205567386878,0.2049460114526943,0.1123871816580507,0.0981812208010474,0.0626644317176877,0.06730681512206,0.0637382078300445,0.0604394935199394,0.0623546669748778,-1.0,0.0,-1.0,0.0,-1.0,0.0,8.153692058451325,54.43280437039324,0.5762921738796791,0.1245961010117987,6.10001770533374,56.88640232822986,0.6084739755109543,0.0581277958502597,-0.3,-0.2,-0.18,1757.7777777777776
3174,1763.3333333333333,0.2796070924179053,0.1896053113978282,0.1776127604704933,0.1437203049368769,0.1359831327118144,0.1216418890750183,0.1353859340410342,0.1257223568733952,0.1268761945971359,0.1163707077185438,0.2619355817961221,0.1428918958195582,0.1217377840692183,0.0874494683217126,0.0801769844807986,0.0709579620264233,0.0634508135759916,0.0578660051775573,-1.0,0.0,-1.0,0.0,-1.0,0.0,8.153692058451325,54.43280437039324,0.5762921738796791,0.1245961010117987,8.758390038916161,56.88640232822986,0.6084739755109543,0.0581277958502597,-0.3,-0.2,-0.18,1763.3333333333333
3184,1768.8888888888887,0.27557581666884,0.1960233837750154,0.1849490516002466,0.1487581766463272,0.1491804233910554,0.1256448110845853,0.1307162690821,0.1155161831558751,0.1217950612495515,0.1244335225665633,0.2624518439237061,0.1437662753004408,0.1403413474788673,0.0875195727171339,0.0901641989502389,0.0719719038167655,0.0664565443374918,0.0685584512069722,-1.0,0.0,-1.0,0.0,-1.0,0.0,8.153692058451325,54.43280437039324,0.5762921738796791,0.1245961010117987,8.758390038916161,47.74864594621289,0.6084739755109543,0.0581277958502597,-0.3,-0.2,-0.18,1768.8888888888887
3194,1774.4444444444443,0.2816977480429015,0.1864871575889515,0.1803827806009285,0.1439673499155404,0.1466056973027236,0.1245002137300311,0.1352387107786054,0.1220207115659068,0.122019007700948,0.1236736143206733,0.2367632535480447,0.1390064047897605,0.1273793717596076,0.0859235794030457,0.082720945056705,0.0861152914646957,0.0629905642293021,0.0514029866496162,-1.0,0.0,-1.0,0.0,-1.0,0.0,8.153692058451325,54.43280437039324,0.5762921738796791,0.1245961010117987,8.758390038916161,47.74864594621289,0.5275632308699862,0.0581277958502597,-0.3,-0.2,-0.18,1774.4444444444443
3204,1780.0,0.2702741311155415,0.1914267059609606,0.1769802081471389,0.1416503121505059,0.1446184271389186,0.131109998541177,0.1365758151541622,0.1248625962462585,0.1267977705941664,0.129371798496261,0.2672009532367359,0.1788734892925294,0.1811480668098113,0.1384975781294539,0.1385402896033622,0.1208106564700855,0.1192061901912248,0.1271355264451086,-1.0,0.0,-1.0,0.0,-1.0,0.0,8.153692058451325,54.43280437039324,0.5762921738796791,0.1245961010117987,8.758390038916161,47.74864594621289,0.5275632308699862,0.1140559943985273,-0.3,-0.2,-0.18,1780.0
3214,1785.5555555555554,0.2974535605968487,0.1898275417136476,0.2019413033610017,0.1552674978036327,0.1565460916021882,0.1379974393113818,0.128763655030671,0.1359754978368493,0.1341608883794198,0.1365379374291928,0.266578022498915,0.1921456706459787,0.1721482975731575,0.1398250858704887,0.1439274412066548,0.1315334605760846,0.1176340244432192,0.1147788019636582,-1.0,0.0,-1.0,0.0,-1.0,0.0,9.57743634799554,54.43280437039324,0.5762921738796791,0.1245961010117987,8.758390038916161,47.74864594621289,0.5275632308699862,0.1140559943985273,-0.3,-0.2,-0.18,1785.5555555555554
3224,1791.111111111111,0.3173104547436468,0.2328859801903094,0.2091050279939107,0.1623674007628997,0.151274998234432,0.1411340679829237,0.143555047729482,0.1308780476262796,0.1335735185546155,0.1269470875911188,0.2639249637630195,0.185093567793103,0.177039496470893,0.1386317283188507,0.1466984100362516,0.1263200010625001,0.1243202545560284,0.1141311694393848,-1.0,0.0,-1.0,0.0,-1.0,0.0,9.57743634799554,42.95976297524129,0.5762921738796791,0.1245961010117987,8.758390038916161,47.74864594621289,0.5275632308699862,0.1140559943985273,-0.3,-0.2,-0.18,1791.111111111111
3234,1796.6666666666663,0.3496191711341272,0.2326904852088742,0.2202684845585244,0.1619751568768582,0.1628210392930599,0.1510288731928089,0.1390128049930857,0.1387499369208774,0.1350963746773583,0.1328012472842004,0.2638759340054239,0.1794551885001405,0.1773243129936007,0.1404618494488241,0.1281312784628387,0.1202977182621111,0.1237570251372225,0.1146435018470977,-1.0,0.0,-1.0,0.0,-1.0,0.0,9.57743634799554,42.95976297524129,0.642535135212293,0.1245961010117987,8.758390038916161,47.74864594621289,0.5275632308699862,0.1140559943985273,-0.3,-0.2,-0.18,1796.6666666666663
3244,1802.2222222222224,0.3426379220693302,0.2294744011254459,0.2144527732052159,0.1715894029835768,0.1640302398801074,0.1398117522415902,0.1350701207841284,0.1458874549724578,0.1304099839718879,0.137400955646843,0.2605294926134548,0.1853166682229864,0.1697398133442279,0.1429560194666841,0.13512533465908,0.1221014020186984,0.1132861494803984,0.1146289482922852,-1.0,0.0,-1.0,0.0,-1.0,0.0,9.57743634799554,42.95976297524129,0.642535135212293,0.123798510045006,8.758390038916161,47.74864594621289,0.5275632308699862,0.1140559943985273,-0.3,-0.2,-0.18,1802.2222222222224
3254,1807.7777777777776,0.3348865908826638,0.2335571679175329,0.2197006967655685,0.170334141650236,0.1651454245374421,0.1413399376070964,0.1429997143145046,0.1220057611461577,0.1228338515000101,0.1197285576635496,0.2614400781223789,0.1805599783135668,0.1720830788486646,0.1425867315451638,0.1370718207093535,0.12569991317944,0.1210765107151782,0.1140775187017447,-1.0,0.0,-1.0,0.0,-1.0,0.0,9.57743634799554,42.95976297524129,0.642535135212293,0.123798510045006,8.761715834989083,47.74864594621289,0.5275632308699862,0.1140559943985273,-0.3,-0.2,-0.18,1807.7777777777776
3264,1813.3333333333333,0.3429597462157635,0.2243545010241332,0.2231993261734361,0.1705220929595889,0.1595888672033061,0.140061271122721,0.1392821366141626,0.1304323136706853,0.1325217439701922,0.117103856222914,0.2728565330752595,0.1960816819020648,0.182068646938659,0.142161071513214,0.1375807284782542,0.1207560358059305,0.1286374045727063,0.118308892689681,-1.0,0.0,-1.0,0.0,-1.0,0.0,9.57743634799554,42.95976297524129,0.642535135212293,0.123798510045006,8.761715834989083,42.46762828555149,0.5275632308699862,0.1140559943985273,-0.3,-0.2,-0.18,1813.3333333333333
3274,1818.8888888888887,0.3420904125010215,0.2279464908410693,0.2125767338888762,0.1752862298619162,0.1619767858985768,0.1445428030829488,0.1427179105765126,0.1407107233848852,0.1290909380771521,0.1296721740230225,0.2656330698363272,0.1872569350817896,0.1693090796398153,0.141741720478978,0.1355921957037049,0.1264159970659975,0.1318120283915093,0.1171825650759725,-1.0,0.0,-1.0,0.0,-1.0,0.0,9.57743634799554,42.95976297524129,0.642535135212293,0.123798510045006,8.761715834989083,42.46762828555149,0.5183619826303218,0.1140559943985273,-0.3,-0.2,-0.18,1818.8888888888887
3284,1824.4444444444443,0.3379186102591008,0.2354459820265507,0.2177637876809342,0.1761913295010889,0.1586934815059541,0.1411313199421844,0.1456019383794578,0.1288421134836907,0.133734473619904,0.126357038702068,0.2891611464981539,0.2186908725270702,0.2079648091738791,0.1766761149178767,0.1753685865057138,0.1574084472806414,0.1532913236481716,0.1594414450647819,-1.0,0.0,-1.0,0.0,-1.0,0.0,9.57743634799554,42.95976297524129,0.642535135212293,0.123798510045006,8.761715834989083,42.46762828555149,0.5183619826303218,0.14818073727698,-0.3,-0.2,-0.18,1824.4444444444443
3294,1830.0,0.2978819625608652,0.2101424037214814,0.1732652724951418,0.1472931629938016,0.1350261390892536,0.1326874271302616,0.1261521795942613,0.1226043023579914,0.1272752506542812,0.116837852584342,0.2853353011127896,0.2220982537275426,0.2054960652886565,0.1807448827922674,0.1675793972615434,0.1570141238947571,0.1502747589920899,0.1514705586682433,-1.0,0.0,-1.0,0.0,-1.0,0.0,6.773620752325083,42.95976297524129,0.642535135212293,0.123798510045006,8.761715834989083,42.46762828555149,0.5183619826303218,0.14818073727698,-0.3,-0.2,-0.18,1830.0
3304,1835.5555555555557,0.2980298365914062,0.1988405279710605,0.1741140081244953,0.1446953474648045,0.1335051136166485,0.1275842501937391,0.1269001804140513,0.1246897248725437,0.1339473226012704,0.1240027189399573,0.2901948812115746,0.2196542541560669,0.2062453713648323,0.1642261280895794,0.1730978878495329,0.156200410695377,0.1491565022976586,0.14964344570021,-1.0,0.0,-1.0,0.0,-1.0,0.0,6.773620752325083,43.536151182737925,0.642535135212293,0.123798510045006,8.761715834989083,42.46762828555149,0.5183619826303218,0.14818073727698,-0.3,-0.2,-0.18,1835.5555555555557
3314,1841.111111111111,0.2834361771131618,0.1920390545501111,0.1731745695157057,0.1472232327821952,0.1433134251774933,0.1333530814988057,0.1177581402289809,0.1275217897091114,0.1332544432239771,0.115115581682642,0.2799170523563906,0.2180448998814302,0.211760290573631,0.1699211749185991,0.1720425248200914,0.1605599760563352,0.1590506375403767,0.145107516225992,-1.0,0.0,-1.0,0.0,-1.0,0.0,6.773620752325083,43.536151182737925,0.6149905867658038,0.123798510045006,8.761715834989083,42.46762828555149,0.5183619826303218,0.14818073727698,-0.3,-0.2,-0.18,1841.111111111111
3324,1846.6666666666663,0.2446782375133921,0.1465147798146479,0.122137070234957,0.0927695660832452,0.0842879331361056,0.0648721384622532,0.0729819579713507,0.0777176634261011,0.0604243411305729,0.0676606542538187,0.2927547552301087,0.2183064358001535,0.2047553385823169,0.1793665676528256,0.1717619971696144,0.1562903606274851,0.15371082808855,0.1537639803813678,-1.0,0.0,-1.0,0.0,-1.0,0.0,6.773620752325083,43.536151182737925,0.6149905867658038,0.0669409554434452,8.761715834989083,42.46762828555149,0.5183619826303218,0.14818073727698,-0.3,-0.2,-0.18,1846.6666666666663
3334,1852.2222222222224,0.2438641687549634,0.1398168833979247,0.1288810664557134,0.0970332804825954,0.0928060861622255,0.0716612044601145,0.0684714451871879,0.0675452467872483,0.0733102556378381,0.0572204548876452,0.2860758545738355,0.2112653196665317,0.2006667059647997,0.1704714681662033,0.1651904280949569,0.1632056376806298,0.154568892346643,0.1493571717221436,-1.0,0.0,-1.0,0.0,-1.0,0.0,6.773620752325083,43.536151182737925,0.6149905867658038,0.0669409554434452,8.2511765739835,42.46762828555149,0.5183619826303218,0.14818073727698,-0.3,-0.2,-0.18,1852.2222222222224
3344,1857.7777777777776,0.2388031634699088,0.1486716711737296,0.1344361092339896,0.0881623231967345,0.0730167650307434,0.072519105483502,0.0725350696297066,0.0734863915329748,0.0691377073547002,0.0693963753411154,0.2830641531103087,0.2135925283850149,0.200262545557421,0.1746629707888376,0.1651573635832527,0.1556284763495815,0.1561377963187767,0.1481743889687234,-1.0,0.0,-1.0,0.0,-1.0,0.0,6.773620752325083,43.536151182737925,0.6149905867658038,0.0669409554434452,8.2511765739835,43.81114496316227,0.5183619826303218,0.14818073727698,-0.3,-0.2,-0.18,1857.7777777777776
3354,1863.3333333333333,0.2444765504534058,0.1503029684119827,0.1221910122626176,0.0908890017383314,0.0884728080090059,0.0843220089345971,0.0728930902323464,0.0694958425174767,0.0702030925083146,0.0694763515071477,0.3389343870365847,0.2425676742756914,0.2179942932211661,0.1876033837774389,0.176161909847234,0.1606801211837395,0.174044770090946,0.1559442418025616,-1.0,0.0,-1.0,0.0,-1.0,0.0,6.773620752325083,43.536151182737925,0.6149905867658038,0.0669409554434452,8.2511765739835,43.81114496316227,0.6828855523119839,0.14818073727698,-0.3,-0.2,-0.18,1863.3333333333333
3364,1868.8888888888887,0.2391774723624735,0.1461332297444816,0.1259811748849016,0.0901249572877953,0.0949616715802857,0.0855949879849836,0.0772917673089979,0.0710415493403585,0.062785055973154,0.0636267179996568,0.2755026980590571,0.1494733974480369,0.1305178550480266,0.0780881356407847,0.0693262230281328,0.0420216898485893,0.0420528721558059,0.0348598273877591,-1.0,0.0,-1.0,0.0,-1.0,0.0,6.773620752325083,43.536151182737925,0.6149905867658038,0.0669409554434452,8.2511765739835,43.81114496316227,0.6828855523119839,0.0325792269461583,-0.3,-0.2,-0.18,1868.8888888888887
3374,1874.4444444444443,0.2901041808945452,0.1780177947129148,0.1548267590955959,0.1125086499824405,0.111262073134869,0.0826030732032797,0.07768795138977,0.0675097945991522,0.0728559203342599,0.0615035261777595,0.2709972433027174,0.144961698841012,0.1266117581236434,0.0762769818447695,0.0675553010366627,0.0446420119206682,0.0483449382075245,0.0420230691843888,-1.0,0.0,-1.0,0.0,-1.0,0.0,8.861155168597247,43.536151182737925,0.6149905867658038,0.0669409554434452,8.2511765739835,43.81114496316227,0.6828855523119839,0.0325792269461583,-0.3,-0.2,-0.18,1874.4444444444443
3384,1880.0,0.2860646366751148,0.1812761960137228,0.1647479109475864,0.1112150754832889,0.1039502939977115,0.0889843901371883,0.082956781996476,0.0784646253385862,0.0754768288131532,0.0684810305769103,0.2737722457773365,0.1504252737677862,0.1203421345963865,0.0810479091915759,0.0682283566601773,0.0451967997606749,0.0465539713451816,0.0390494046411276,-1.0,0.0,-1.0,0.0,-1.0,0.0,8.861155168597247,41.352070505481215,0.6149905867658038,0.0669409554434452,8.2511765739835,43.81114496316227,0.6828855523119839,0.0325792269461583,-0.3,-0.2,-0.18,1880.0
3394,1885.5555555555557,0.2739928160691265,0.1703874995832814,0.1567437460206539,0.1102395007629914,0.1032372301411283,0.0887123249206772,0.0876685770524721,0.0679582645057081,0.075500077927274,0.0695287858005502,0.2767083986783412,0.1471300018025093,0.1270848671493928,0.0803088004661307,0.0717294834504052,0.043653715507153,0.0393586545924806,0.0364256919423245,-1.0,0.0,-1.0,0.0,-1.0,0.0,8.861155168597247,41.352070505481215,0.594680517551433,0.0669409554434452,8.2511765739835,43.81114496316227,0.6828855523119839,0.0325792269461583,-0.3,-0.2,-0.18,1885.5555555555557
3404,1891.111111111111,0.2458821854315271,0.1226855986869589,0.0964113908662676,0.0544599130080559,0.0546729232027068,0.0271030812454509,0.0302735141385445,0.008839251058382,0.0087738768937061,0.0016624903765891,0.2762160217634368,0.1483755859984704,0.1177506285157342,0.0747721071796683,0.071778697707098,0.04775197564165,0.0463895739346021,0.0414890604397207,-1.0,0.0,-1.0,0.0,-1.0,0.0,8.861155168597247,41.352070505481215,0.594680517551433,0.0048837489967789,8.2511765739835,43.81114496316227,0.6828855523119839,0.0325792269461583,-0.3,-0.2,-0.18,1891.111111111111
3414,1896.6666666666663,0.2444286634622584,0.1226225832332582,0.1051250203515544,0.0538019542082611,0.0485521387961957,0.0273459805511623,0.025073978613252,0.0149883355427744,0.0082986569000545,0.0013239219745957,0.2421373859333014,0.119545967771249,0.1074000923350213,0.0604397507135308,0.0577794587216445,0.0341765689243388,0.0444909959790639,0.0397365004442906,-1.0,0.0,-1.0,0.0,-1.0,0.0,8.861155168597247,41.352070505481215,0.594680517551433,0.0048837489967789,6.941432119191309,43.81114496316227,0.6828855523119839,0.0325792269461583,-0.3,-0.2,-0.18,1896.6666666666663
3424,1902.2222222222224,0.2429880281368058,0.1246648321373353,0.1041545534550911,0.0574513541151886,0.0507660619953003,0.0142778026441683,0.0235105921267799,0.0142953113488275,0.0109634940853778,0.0161742886617773,0.2366910707266742,0.1240417737484738,0.1031659788162968,0.0599536403944477,0.0565045544806947,0.0484636623377934,0.0367262125418775,0.0404431622895194,-1.0,0.0,-1.0,0.0,-1.0,0.0,8.861155168597247,41.352070505481215,0.594680517551433,0.0048837489967789,6.941432119191309,46.24461348350058,0.6828855523119839,0.0325792269461583,-0.3,-0.2,-0.18,1902.2222222222224
3434,1907.7777777777776,0.2409470046859251,0.1162550378584483,0.1099532045849761,0.051848967230859,0.0371149573829701,0.0155559891710533,0.0243144938014973,0.0068603597280907,0.0123895348536992,0.0028913369605845,0.2405464033454804,0.1198129513049763,0.1044487624296292,0.0609801212711004,0.0557347007045825,0.0417219575996102,0.045489039147793,0.0406803747863136,-1.0,0.0,-1.0,0.0,-1.0,0.0,8.861155168597247,41.352070505481215,0.594680517551433,0.0048837489967789,6.941432119191309,46.24461348350058,0.6439496878277151,0.0325792269461583,-0.3,-0.2,-0.18,1907.7777777777776
3444,1913.3333333333333,0.2439420504973768,0.1252726255076911,0.1017839714637097,0.0435192637093215,0.0408470230479559,0.0319560322172954,0.0168493406085997,0.0176358241965332,0.013627419469508,0.009185493484137,0.2487555529090315,0.1516957093913454,0.1323653491122715,0.0938728726142219,0.0841776624441832,0.0774348974615334,0.0784115655513664,0.0724198400312982,-1.0,0.0,-1.0,0.0,-1.0,0.0,8.861155168597247,41.352070505481215,0.594680517551433,0.0048837489967789,6.941432119191309,46.24461348350058,0.6439496878277151,0.0682526224728599,-0.3,-0.2,-0.18,1913.3333333333333
3454,1918.8888888888887,0.1959507034721574,0.095845271816161,0.0744006882238063,0.0390370140180184,0.023608150784271,0.0115537191121639,0.0106137020106494,0.0134865116462066,0.0118762913999603,0.0158770989546803,0.2543139169546948,0.1449253749913008,0.1299130162974645,0.082296561700642,0.0912270381941277,0.0809349607684326,0.0673332352773883,0.0648734514941537,-1.0,0.0,-1.0,0.0,-1.0,0.0,6.581677959657334,41.352070505481215,0.594680517551433,0.0048837489967789,6.941432119191309,46.24461348350058,0.6439496878277151,0.0682526224728599,-0.3,-0.2,-0.18,1918.8888888888887
3464,1924.4444444444443,0.1670197197153695,0.0747049880573709,0.0550740949860046,0.0276488934321933,0.020400080453641,0.0067250198488227,0.0050340247441009,0.0044002367652728,0.0122618385881421,0.0120202017417934,0.2556178239142445,0.1479318541283627,0.1274650412348831,0.0781948852749931,0.09108988341902,0.0799150208619657,0.0659711283626119,0.0592204912719456,-1.0,0.0,-1.0,0.0,-1.0,0.0,6.581677959657334,59.90723318857994,0.594680517551433,0.0048837489967789,6.941432119191309,46.24461348350058,0.6439496878277151,0.0682526224728599,-0.3,-0.2,-0.18,1924.4444444444443
3474,1930.0,0.2008881121109876,0.0709673650812425,0.0454620408102735,0.0248221425986464,0.0305727126636803,0.0157575510040113,0.0052382676657458,0.0039320080769296,0.0115863188324033,0.0036763188888013,0.2445230471505524,0.1536359449529196,0.1434778047470811,0.0827311888841628,0.0903451688224342,0.0803293034969891,0.0790858536886198,0.0715297245932634,-1.0,0.0,-1.0,0.0,-1.0,0.0,6.581677959657334,59.90723318857994,0.6777398613416665,0.0048837489967789,6.941432119191309,46.24461348350058,0.6439496878277151,0.0682526224728599,-0.3,-0.2,-0.18,1930.0
3484,1935.5555555555557,0.2943261431951491,0.1846159911355897,0.1887514380204028,0.151109887432739,0.1479589303066498,0.14514053665365,0.1474897613885238,0.1427232832111131,0.1449393534227669,0.1339110730638088,0.2629250886861906,0.1505986041564659,0.1275539688031519,0.0925400156931479,0.0788448616796425,0.0765330498143381,0.077126505236471,0.068839292793514,-1.0,0.0,-1.0,0.0,-1.0,0.0,6.581677959657334,59.90723318857994,0.6777398613416665,0.1374485902460104,6.941432119191309,46.24461348350058,0.6439496878277151,0.0682526224728599,-0.3,-0.2,-0.18,1935.5555555555557
3494,1941.111111111111,0.2974600604406164,0.1943184561094906,0.1818818731293683,0.1492990971666147,0.1497811650961185,0.1377963255982485,0.1374051122086274,0.1339757359911201,0.1377583525820986,0.1275125377780143,0.2481711591550879,0.1514177169260767,0.1315467783603295,0.0904469353434466,0.081747830895781,0.0778630466811073,0.0756227993885158,0.0681962587346116,-1.0,0.0,-1.0,0.0,-1.0,0.0,6.581677959657334,59.90723318857994,0.6777398613416665,0.1374485902460104,6.739726590220917,46.24461348350058,0.6439496878277151,0.0682526224728599,-0.3,-0.2,-0.18,1941.111111111111
3504,1946.6666666666663,0.2844177863683803,0.1954673260554701,0.1814565702203189,0.1517839173418679,0.1471644369563296,0.1414756863569365,0.1420255173424371,0.1340681205493511,0.1366782416598403,0.1396503384099979,0.2475842944464217,0.1399807239014896,0.126346490139826,0.1033504484269353,0.0808594995344811,0.0680657512420909,0.0741341247558638,0.0670233010063934,-1.0,0.0,-1.0,0.0,-1.0,0.0,6.581677959657334,59.90723318857994,0.6777398613416665,0.1374485902460104,6.739726590220917,47.88220509449936,0.6439496878277151,0.0682526224728599,-0.3,-0.2,-0.18,1946.6666666666663
3514,1952.2222222222224,0.292353888590081,0.2019287551009124,0.1842150594509791,0.1513317434224283,0.158151750051771,0.1441026591793739,0.145622346531405,0.1404972552983408,0.133326022350764,0.1468321166102466,0.2163389589283149,0.1297100438230387,0.1141734831428614,0.0831096834725682,0.0765012742107575,0.0753056500579627,0.0765388582607201,0.0687130318040112,-1.0,0.0,-1.0,0.0,-1.0,0.0,6.581677959657334,59.90723318857994,0.6777398613416665,0.1374485902460104,6.739726590220917,47.88220509449936,0.5454359001826706,0.0682526224728599,-0.3,-0.2,-0.18,1952.2222222222224
3524,1957.7777777777776,0.2927647635672791,0.1988128211104813,0.1772004116261981,0.15073370176323,0.1449487729354776,0.1427098852119422,0.1384381663310514,0.1389313399133538,0.1439328834678508,0.1355735406614487,0.1838677694475861,0.0845887086669437,0.0696959660229724,0.0329112767211191,0.0362306192217593,0.0281762741675763,0.0214339626293691,0.0202873532188498,-1.0,0.0,-1.0,0.0,-1.0,0.0,6.581677959657334,59.90723318857994,0.6777398613416665,0.1374485902460104,6.739726590220917,47.88220509449936,0.5454359001826706,0.0187359573266498,-0.3,-0.2,-0.18,1957.7777777777776
3534,1963.3333333333333,0.2868753474141267,0.1862014972683631,0.1866210197112472,0.1540340860293198,0.1522457710920494,0.139564047784924,0.1380885562857375,0.1360349199383537,0.1328725323871576,0.1400119504792441,0.1862365095739452,0.0912136068174457,0.085247550714469,0.038733821905619,0.0387251002193847,0.0217913896381246,0.0244042136347736,0.0212441093138929,-1.0,0.0,-1.0,0.0,-1.0,0.0,6.505676558930355,59.90723318857994,0.6777398613416665,0.1374485902460104,6.739726590220917,47.88220509449936,0.5454359001826706,0.0187359573266498,-0.3,-0.2,-0.18,1963.3333333333333
3544,1968.8888888888887,0.2933963899844798,0.2134827417228527,0.1938926764386037,0.1598256090888772,0.1537872423659919,0.1486684116099712,0.1423388343591966,0.1409525419490303,0.1271498057707866,0.1388926042783427,0.1856790183618532,0.0886688195614369,0.0647173500031545,0.0395647572429,0.0360983910812517,0.0220426224847214,0.0200907041827224,0.0128660646546819,-1.0,0.0,-1.0,0.0,-1.0,0.0,6.505676558930355,50.06672895972814,0.6777398613416665,0.1374485902460104,6.739726590220917,47.88220509449936,0.5454359001826706,0.0187359573266498,-0.3,-0.2,-0.18,1968.8888888888887
3554,1974.4444444444443,0.2545844985015876,0.1836958122131929,0.1736463702766255,0.1517306535644636,0.1517217893449347,0.1397023284596971,0.1305800375218784,0.1394947700070935,0.1364933473246082,0.1438963698737479,0.1854126705163052,0.0934046157152921,0.0610304434176861,0.0402214895794976,0.0383610136776269,0.0241411537274129,0.0288416635084033,0.0262028647029786,-1.0,0.0,-1.0,0.0,-1.0,0.0,6.505676558930355,50.06672895972814,0.524626731213278,0.1374485902460104,6.739726590220917,47.88220509449936,0.5454359001826706,0.0187359573266498,-0.3,-0.2,-0.18,1974.4444444444443
3564,1980.0,0.175497597335855,0.0889954481860856,0.0703005532991801,0.0443091726511079,0.0368160599773845,0.0387540396759253,0.024634422097897,0.0175837364828572,0.0293258413266825,0.0181445901178234,0.1812459910444354,0.0853152077438273,0.0692857814276149,0.0383963546681592,0.0271523590328886,0.0242378312588316,0.0192120524146754,0.0188685751853892,-1.0,0.0,-1.0,0.0,-1.0,0.0,6.505676558930355,50.06672895972814,0.524626731213278,0.026445655705219,6.739726590220917,47.88220509449936,0.5454359001826706,0.0187359573266498,-0.3,-0.2,-0.18,1980.0
3574,1985.5555555555557,0.1746210162735268,0.0872776684275965,0.0735158564303151,0.054203526268735,0.046854521815211,0.0303763768945895,0.0330474094353136,0.0255996537793168,0.0320135362352638,0.033709023874116,0.2067328289199613,0.1073987350570507,0.0898381294051113,0.0549224600950827,0.0372514957978034,0.0282038113018801,0.0304319172262914,0.0322681244389611,-1.0,0.0,-1.0,0.0,-1.0,0.0,6.505676558930355,50.06672895972814,0.524626731213278,0.026445655705219,8.581427041372862,47.88220509449936,0.5454359001826706,0.0187359573266498,-0.3,-0.2,-0.18,1985.5555555555557
3584,1991.111111111111,0.1721203573743296,0.0903152952333305,0.075283786901566,0.0506177660988451,0.0382135355627745,0.0337015441963583,0.0267542213167326,0.0302651156128305,0.0297598690378978,0.0245018440327988,0.2107440110794177,0.0974523901718204,0.0879386705072191,0.0558398277065716,0.050674896214104,0.0424258963826515,0.03022544541358,0.0310685812838176,-1.0,0.0,-1.0,0.0,-1.0,0.0,6.505676558930355,50.06672895972814,0.524626731213278,0.026445655705219,8.581427041372862,49.68485537267863,0.5454359001826706,0.0187359573266498,-0.3,-0.2,-0.18,1991.111111111111
3594,1996.6666666666663,0.177183769932616,0.0861050157508832,0.0754260631917763,0.0491822834324632,0.0375779965618727,0.0265134009919062,0.0326097401691377,0.0238155473301038,0.0304386079093988,0.0321003401646701,0.2086198733082593,0.1026478206973388,0.085106282430742,0.0534968676354974,0.0535197961478621,0.0242220654473219,0.0323331580318492,0.0265433181714341,-1.0,0.0,-1.0,0.0,-1.0,0.0,6.505676558930355,50.06672895972814,0.524626731213278,0.026445655705219,8.581427041372862,49.68485537267863,0.5367407042040498,0.0187359573266498,-0.3,-0.2,-0.18,1996.6666666666663
3604,2002.2222222222224,0.1743184416110681,0.08715852318166,0.072036379228494,0.0478362985725661,0.0356792155143448,0.0354061228967568,0.0279760989202363,0.028545559546727,0.0240474397761141,0.023993346696489,0.2573202082908152,0.1747956593036095,0.151578871703563,0.1257945648539947,0.1294263071737065,0.1009953415101769,0.1053935316849889,0.1169080358949074,-1.0,0.0,-1.0,0.0,-1.0,0.0,6.505676558930355,50.06672895972814,0.524626731213278,0.026445655705219,8.581427041372862,49.68485537267863,0.5367407042040498,0.1004796839725968,-0.3,-0.2,-0.18,2002.2222222222224
3614,2007.7777777777776,0.1890440282667781,0.0965202302034889,0.0758311802879149,0.0485510743304017,0.0404136876492707,0.0329579778125094,0.0413897419799034,0.0305637713698241,0.0306336701707999,0.0380826622435446,0.2598524306493529,0.1752867816638814,0.1680263466473618,0.1252803170999463,0.1205249023613768,0.1029138578320717,0.1039011326468215,0.1023310344477632,-1.0,0.0,-1.0,0.0,-1.0,0.0,7.2507676086234225,50.06672895972814,0.524626731213278,0.026445655705219,8.581427041372862,49.68485537267863,0.5367407042040498,0.1004796839725968,-0.3,-0.2,-0.18,2007.7777777777776
3624,2013.3333333333333,0.1802961247248684,0.093831948971403,0.0868605527105383,0.0446077804190112,0.0434584603966403,0.0296397729501751,0.0324122850615712,0.0214102339091968,0.0303503763447036,0.0291044749252208,0.254718948206676,0.1602810518427856,0.1528770873767534,0.1374671574060262,0.1268086197218762,0.1176106432790874,0.1183502743612474,0.1030115242756473,-1.0,0.0,-1.0,0.0,-1.0,0.0,7.2507676086234225,50.53874400100114,0.524626731213278,0.026445655705219,8.581427041372862,49.68485537267863,0.5367407042040498,0.1004796839725968,-0.3,-0.2,-0.18,2013.3333333333333
3634,2018.8888888888887,0.1993745436540414,0.0984806971987397,0.0800066487714657,0.0476202641941111,0.0440489576646414,0.0364133476705613,0.0355527507504248,0.0303478330060547,0.0259654217559524,0.0216783237070007,0.2585499498160727,0.1802397728204263,0.1620831938932413,0.1266531808186487,0.1240129005226618,0.1095825659553142,0.1112498407709105,0.107538805496225,-1.0,0.0,-1.0,0.0,-1.0,0.0,7.2507676086234225,50.53874400100114,0.5565905735724689,0.026445655705219,8.581427041372862,49.68485537267863,0.5367407042040498,0.1004796839725968,-0.3,-0.2,-0.18,2018.8888888888887
3644,2024.4444444444443,0.2306278376996616,0.1483290867782623,0.1332245778913235,0.09912865349645,0.0923868672601337,0.0930132036680851,0.0850366792644218,0.0767430043855945,0.0852717648509008,0.0720926655893591,0.2570083503570838,0.163814815248982,0.1581669764686344,0.1193969928011031,0.1258450729969342,0.1107181864544028,0.1100149267888977,0.1012500422794033,-1.0,0.0,-1.0,0.0,-1.0,0.0,7.2507676086234225,50.53874400100114,0.5565905735724689,0.0774241781266415,8.581427041372862,49.68485537267863,0.5367407042040498,0.1004796839725968,-0.3,-0.2,-0.18,2024.4444444444443
3654,2030.0,0.231810900576005,0.1410184107369495,0.1267080346786844,0.0971221109350024,0.0971179451931985,0.0892970382616076,0.0773509249929275,0.0763668621368932,0.0807580491824987,0.0883234438685361,0.2575766303158575,0.168138755778258,0.1578099190035097,0.1251630115105716,0.1177551729016303,0.1055121552636171,0.1000709614759112,0.1098881989080614,-1.0,0.0,-1.0,0.0,-1.0,0.0,7.2507676086234225,50.53874400100114,0.5565905735724689,0.0774241781266415,7.885600772247455,49.68485537267863,0.5367407042040498,0.1004796839725968,-0.3,-0.2,-0.18,2030.0
3664,2035.5555555555557,0.2340705324133197,0.136965938820758,0.1286968144950543,0.1095398771403714,0.1073708513496204,0.0842817120197859,0.0850040359658636,0.0782053608970931,0.0767884831460881,0.0813141814108656,0.2443182427489254,0.1599387111193843,0.1466317967721702,0.1250532370220642,0.1223751701412601,0.1044869639382951,0.1018104666372339,0.1027035904643602,-1.0,0.0,-1.0,0.0,-1.0,0.0,7.2507676086234225,50.53874400100114,0.5565905735724689,0.0774241781266415,7.885600772247455,50.72416159082536,0.5367407042040498,0.1004796839725968,-0.3,-0.2,-0.18,2035.5555555555557
3674,2041.111111111111,0.2269825647232502,0.1483564324625737,0.1253653970395481,0.090440836327303,0.0990488306607152,0.0832489250759697,0.0828460923786086,0.0782649812723358,0.0783002127409632,0.078770115843306,0.2587439584267403,0.1657639354504184,0.1667989487531874,0.1240268838849139,0.1180674668253102,0.1150330660796064,0.108483646199233,0.1049843669372171,-1.0,0.0,-1.0,0.0,-1.0,0.0,7.2507676086234225,50.53874400100114,0.5565905735724689,0.0774241781266415,7.885600772247455,50.72416159082536,0.5791208214589801,0.1004796839725968,-0.3,-0.2,-0.18,2041.111111111111
3684,2046.6666666666663,0.2343910840874632,0.1384174616669946,0.1229677034570383,0.1012869742116938,0.0905778552183838,0.0882508224713738,0.0779951519736565,0.0788959483601761,0.0772740116279802,0.0816982042251233,0.281266889820335,0.1904862164018781,0.1754755602714271,0.1458861901961536,0.138004551985795,0.1228526659666152,0.1303633462657031,0.1166840743183048,-1.0,0.0,-1.0,0.0,-1.0,0.0,7.2507676086234225,50.53874400100114,0.5565905735724689,0.0774241781266415,7.885600772247455,50.72416159082536,0.5791208214589801,0.1186220698155793,-0.3,-0.2,-0.18,2046.6666666666663
3694,2052.222222222222,0.2641711171492549,0.1709180487094815,0.1422586980817469,0.1089638138339793,0.1004943345491765,0.0839822974140699,0.087820518665839,0.0793691518284218,0.0720101495547873,0.0807638894031889,0.2739079362065061,0.1853903427004408,0.1788609609862935,0.1391206044605847,0.1369059687902251,0.1363158079561256,0.1324734931184276,0.1198217180808359,-1.0,0.0,-1.0,0.0,-1.0,0.0,9.19499983726619,50.53874400100114,0.5565905735724689,0.0774241781266415,7.885600772247455,50.72416159082536,0.5791208214589801,0.1186220698155793,-0.3,-0.2,-0.18,2052.222222222222
3704,2057.777777777778,0.2753566009490268,0.1808722055253064,0.1607372664371517,0.1171323012991497,0.1158461453489028,0.089907709576635,0.0958807659354999,0.0807123038776056,0.0889359971328805,0.0829012536529762,0.2705838698121179,0.1849969218569458,0.1682213904139409,0.1290099006425145,0.1386807948468479,0.12329140831041,0.1207140301926452,0.1174875120610569,-1.0,0.0,-1.0,0.0,-1.0,0.0,9.19499983726619,43.587425273764126,0.5565905735724689,0.0774241781266415,7.885600772247455,50.72416159082536,0.5791208214589801,0.1186220698155793,-0.3,-0.2,-0.18,2057.777777777778
3714,2063.333333333333,0.2577713717534671,0.1772371947756368,0.1492783287202897,0.1145087636915316,0.0952425237945113,0.0832742791642578,0.0889950436450573,0.0826470856972216,0.081241402034239,0.0732670467629463,0.2824237761018826,0.1820506900258837,0.1685264360142501,0.1355127008469158,0.1357309308326419,0.1286057843201662,0.1193068649414727,0.1229011153531668,-1.0,0.0,-1.0,0.0,-1.0,0.0,9.19499983726619,43.587425273764126,0.5272617449636061,0.0774241781266415,7.885600772247455,50.72416159082536,0.5791208214589801,0.1186220698155793,-0.3,-0.2,-0.18,2063.333333333333
3724,2068.8888888888887,0.2291679581229498,0.1258885221163745,0.1054047170106961,0.0524463930253781,0.0531500866744699,0.030475699632209,0.0354753373052052,0.02281470727422,0.0167506504384197,0.0324041433565505,0.2714935605597332,0.1887323820795249,0.1771540164008177,0.1444265039751047,0.1339987267541521,0.1278869147284093,0.1245447953806671,0.1145223880989387,-1.0,0.0,-1.0,0.0,-1.0,0.0,9.19499983726619,43.587425273764126,0.5272617449636061,0.0169787461173064,7.885600772247455,50.72416159082536,0.5791208214589801,0.1186220698155793,-0.3,-0.2,-0.18,2068.8888888888887
3734,2074.4444444444443,0.2326587095376034,0.1233793711485427,0.1107561822867588,0.0615467510129595,0.0506438408493884,0.0335747740494569,0.0257692753528321,0.0239925902549766,0.0301540381714259,0.01867044751413,0.2882244143905173,0.2035128239240587,0.1848240067189887,0.1475392385490159,0.1384996130449172,0.1351067561276271,0.12532544320505,0.1144370722165705,-1.0,0.0,-1.0,0.0,-1.0,0.0,9.19499983726619,43.587425273764126,0.5272617449636061,0.0169787461173064,8.938790191344951,50.72416159082536,0.5791208214589801,0.1186220698155793,-0.3,-0.2,-0.18,2074.4444444444443
3744,2080.0,0.2167666885569451,0.1156743439429219,0.1066644438793302,0.0560403608647391,0.0571627249456681,0.028290106142784,0.025400118570213,0.0244194598777334,0.0224321407097085,0.0251383510693372,0.2757213641238573,0.1716125134620759,0.1782426534356573,0.1486988661815375,0.1355382486824407,0.1270605479530492,0.1251944630304767,0.1224436126311978,-1.0,0.0,-1.0,0.0,-1.0,0.0,9.19499983726619,43.587425273764126,0.5272617449636061,0.0169787461173064,8.938790191344951,58.83182605711836,0.5791208214589801,0.1186220698155793,-0.3,-0.2,-0.18,2080.0
3754,2085.555555555556,0.2249875829396441,0.1024662073036654,0.0900486244257838,0.0578269363255737,0.0525593655889938,0.0329697545725884,0.0368532620744731,0.0226066302263902,0.0355528615277553,0.0252234872534155,0.2723585935230372,0.1878030216076569,0.1694359819417167,0.1439379578685672,0.140485481313905,0.1263549210913024,0.1275788555876449,0.1185077627015373,-1.0,0.0,-1.0,0.0,-1.0,0.0,9.19499983726619,43.587425273764126,0.5272617449636061,0.0169787461173064,8.938790191344951,58.83182605711836,0.5461334364602205,0.1186220698155793,-0.3,-0.2,-0.18,2085.555555555556
3764,2091.111111111111,0.2174685319615075,0.1085068718750445,0.1018254960146161,0.0624698663895248,0.0576330616090395,0.0231279513828095,0.0320740094772697,0.0308515721299549,0.0170205526991511,0.0259818908848447,0.2769022423136766,0.2057933816373912,0.1997753488393124,0.1634330761234545,0.1678057428510751,0.1539833243875747,0.1496109504961674,0.1512651574626052,-1.0,0.0,-1.0,0.0,-1.0,0.0,9.19499983726619,43.587425273764126,0.5272617449636061,0.0169787461173064,8.938790191344951,58.83182605711836,0.5461334364602205,0.1454861360373257,-0.3,-0.2,-0.18,2091.111111111111
3774,2096.6666666666665,0.1924523245661596,0.0959540179603069,0.0722088533754803,0.0430140740638762,0.0385436449800286,0.0270554550809975,0.0150681012721177,0.0148845743685042,0.013515972230696,0.0120608440110094,0.2894589214676819,0.203510488925089,0.1973872470200228,0.1676163304780049,0.1605072151943562,0.1523477037678268,0.1482706339846398,0.1508765150290671,-1.0,0.0,-1.0,0.0,-1.0,0.0,7.065016534794893,43.587425273764126,0.5272617449636061,0.0169787461173064,8.938790191344951,58.83182605711836,0.5461334364602205,0.1454861360373257,-0.3,-0.2,-0.18,2096.6666666666665
3784,2102.222222222222,0.1828515346154444,0.0904939352465295,0.0651175575187662,0.0477993968044224,0.0219019295712526,0.0299639346820513,0.0236624437425592,0.0172805346008131,0.0243896774762504,0.0202053801825933,0.2831759273693501,0.1973039970472074,0.2044831111935593,0.1702175373429503,0.1533869503503236,0.1450246616384198,0.1539173244235563,0.1431721158368282,-1.0,0.0,-1.0,0.0,-1.0,0.0,7.065016534794893,50.12952032376262,0.5272617449636061,0.0169787461173064,8.938790191344951,58.83182605711836,0.5461334364602205,0.1454861360373257,-0.3,-0.2,-0.18,2102.222222222222
3794,2107.777777777778,0.2029631969616239,0.0965165949118419,0.087449022739382,0.0321244168393503,0.0383367968913707,0.0240261732498513,0.021942162752317,0.023339602987803,0.0204249968006741,0.0079424962514238,0.2842175119824793,0.1995601210269965,0.2051160832357669,0.1552136768785088,0.1587546337820626,0.1525835110372976,0.1605743449012399,0.1570446882464781,-1.0,0.0,-1.0,0.0,-1.0,0.0,7.065016534794893,50.12952032376262,0.599477008843903,0.0169787461173064,8.938790191344951,58.83182605711836,0.5461334364602205,0.1454861360373257,-0.3,-0.2,-0.18,2107.777777777778
3804,2113.333333333333,0.2878935440321714,0.1998042587510271,0.17956987107533,0.1593241294310304,0.1594719658332512,0.1477319774491705,0.1436768022447943,0.1387024593412265,0.1332640313536701,0.1383042043248202,0.2862808109877713,0.214839534103658,0.1949241645209693,0.1577283440071537,0.1681303128179883,0.147483040891191,0.1570562993471839,0.15927328655917,-1.0,0.0,-1.0,0.0,-1.0,0.0,7.065016534794893,50.12952032376262,0.599477008843903,0.137243385410826,8.938790191344951,58.83182605711836,0.5461334364602205,0.1454861360373257,-0.3,-0.2,-0.18,2113.333333333333
3814,2118.8888888888887,0.286869364085019,0.2045012652976084,0.1896344391909246,0.1565845885956616,0.1511402554728554,0.1373910232809812,0.1402131003608369,0.1353333257472184,0.1304221316641376,0.1429319074133349,0.2484567096066304,0.1833859323904323,0.1754802244676734,0.1487184484470763,0.1538563665779231,0.1372823777416714,0.150370774365795,0.142590576107769,-1.0,0.0,-1.0,0.0,-1.0,0.0,7.065016534794893,50.12952032376262,0.599477008843903,0.137243385410826,6.12158657968433,58.83182605711836,0.5461334364602205,0.1454861360373257,-0.3,-0.2,-0.18,2118.8888888888887
3824,2124.4444444444443,0.2800481940003533,0.2026516511023599,0.1908633670129125,0.1592036355013724,0.1548108018771235,0.1455254552744971,0.1409233930641482,0.1460288898946329,0.1358885361987624,0.1361601516034823,0.2710934107557808,0.1981673879147618,0.1796936882987419,0.1513194233279319,0.1559512954450755,0.1508610691778782,0.1500885998885898,0.1404798515724805,-1.0,0.0,-1.0,0.0,-1.0,0.0,7.065016534794893,50.12952032376262,0.599477008843903,0.137243385410826,6.12158657968433,46.30701628868763,0.5461334364602205,0.1454861360373257,-0.3,-0.2,-0.18,2124.4444444444443
3834,2130.0,0.2804104298245145,0.1970624277105018,0.177842253336904,0.1563434124972352,0.1461980974107183,0.1498488724793885,0.1507952329151034,0.1362440648151814,0.1443908064517099,0.1369706870835266,0.27803990343497,0.2064205598344564,0.1875864427179616,0.1657109613585297,0.1489311782915388,0.1480222262025307,0.1494355137917389,0.1503451531544126,-1.0,0.0,-1.0,0.0,-1.0,0.0,7.065016534794893,50.12952032376262,0.599477008843903,0.137243385410826,6.12158657968433,46.30701628868763,0.6199949396931455,0.1454861360373257,-0.3,-0.2,-0.18,2130.0
3844,2135.555555555556,0.2758089639616553,0.2039274709648435,0.182192563352342,0.1557519468209356,0.1565964193372634,0.151997695031651,0.1459365867299128,0.1402119910440339,0.1287834096187796,0.1426175135358781,0.1896406782446753,0.0938730205521401,0.066537850960318,0.0374358489298736,0.0261260215673024,0.0174843688071363,0.0097188786954207,0.0114621744709092,-1.0,0.0,-1.0,0.0,-1.0,0.0,7.065016534794893,50.12952032376262,0.599477008843903,0.137243385410826,6.12158657968433,46.30701628868763,0.6199949396931455,0.0099597327754918,-0.3,-0.2,-0.18,2135.555555555556
3854,2141.111111111111,0.2840847282565711,0.2007787318703086,0.1814094036790502,0.1634485576609456,0.1494320253355238,0.1430401161816732,0.1470069069153896,0.1305295913027089,0.1423789187393711,0.1467739601157453,0.1947289310840107,0.0872302601037589,0.06439663686518,0.0336516979089209,0.020077476113047,0.0059091859417682,0.0176559748492395,-0.0006008502063196,-1.0,0.0,-1.0,0.0,-1.0,0.0,7.1569618444992695,50.12952032376262,0.599477008843903,0.137243385410826,6.12158657968433,46.30701628868763,0.6199949396931455,0.0099597327754918,-0.3,-0.2,-0.18,2141.111111111111
3864,2146.6666666666665,0.2896198228922569,0.2019415941702311,0.1819894270355821,0.1588127076182695,0.1567119047829959,0.1440821177935017,0.1437349679486341,0.1393513427615756,0.1425143104745407,0.1363341491830389,0.180350120353964,0.0830048159515495,0.0626678501859942,0.0376434586788219,0.0234753744675955,0.0190848314262586,0.0074786531835709,0.0068724014095331,-1.0,0.0,-1.0,0.0,-1.0,0.0,7.1569618444992695,49.30126908195081,0.599477008843903,0.137243385410826,6.12158657968433,46.30701628868763,0.6199949396931455,0.0099597327754918,-0.3,-0.2,-0.18,2146.6666666666665
3874,2152.222222222222,0.3205025913289775,0.2071846740345526,0.1940253692635758,0.1605582014120729,0.1541539923202404,0.1611024990129009,0.1451679951580979,0.146928423358571,0.1331711644654866,0.1368971218614353,0.1856300094354197,0.0908475690563796,0.057758938280926,0.0211420453499116,0.0281678035962943,0.0121372754591284,0.0052156097578521,0.0165424750625791,-1.0,0.0,-1.0,0.0,-1.0,0.0,7.1569618444992695,49.30126908195081,0.6761714053738455,0.137243385410826,6.12158657968433,46.30701628868763,0.6199949396931455,0.0099597327754918,-0.3,-0.2,-0.18,2152.222222222222
3884,2157.777777777778,0.2889332444229092,0.193142244811498,0.1787996297350035,0.1477048084876508,0.1326780115403757,0.122044672018251,0.1256682830675033,0.1145772740225243,0.1236070254398132,0.1028926496881779,0.1876902807830547,0.0889877316256262,0.0601499525623122,0.0335683105770103,0.0228340866082447,0.0167160673169831,0.0243958221693811,0.0104029029790143,-1.0,0.0,-1.0,0.0,-1.0,0.0,7.1569618444992695,49.30126908195081,0.6761714053738455,0.1141439282486681,6.12158657968433,46.30701628868763,0.6199949396931455,0.0099597327754918,-0.3,-0.2,-0.18,2157.777777777778
3894,2163.333333333333,0.2972697103097182,0.1805676331060577,0.1769866517335651,0.1430476843914606,0.1312333122620579,0.1345910150398441,0.1190968538865545,0.1137453641290273,0.1161084790656138,0.1042284120315144,0.24531398966356,0.113671966531075,0.0951166137322519,0.0508657545359944,0.0498093619113587,0.0267081073972655,0.0152299633611008,0.0139991982896571,-1.0,0.0,-1.0,0.0,-1.0,0.0,7.1569618444992695,49.30126908195081,0.6761714053738455,0.1141439282486681,8.486941408685224,46.30701628868763,0.6199949396931455,0.0099597327754918,-0.3,-0.2,-0.18,2163.333333333333
3904,2168.8888888888887,0.3035019993987249,0.1914017701902908,0.1741979781468547,0.1385326945973229,0.131875849955621,0.1175338934464274,0.1208926083897314,0.1110747875062144,0.1099075102663012,0.1181196802509887,0.2255275931572332,0.0951720321517449,0.09211577384164,0.0448466880715809,0.0372243716142591,0.0209959037829842,0.0216496038248132,0.0176344416810879,-1.0,0.0,-1.0,0.0,-1.0,0.0,7.1569618444992695,49.30126908195081,0.6761714053738455,0.1141439282486681,8.486941408685224,55.22139545058625,0.6199949396931455,0.0099597327754918,-0.3,-0.2,-0.18,2168.8888888888887
3914,2174.4444444444443,0.3021385506144796,0.1907583941204248,0.1840340736664023,0.1392032026295153,0.1346825022446559,0.1252710479639073,0.127267523630158,0.1098739195279659,0.1161251226540353,0.1142123521577776,0.2253936236151545,0.1089257770112782,0.0906577181381733,0.0388934978929588,0.0288429451521591,0.0164234073022437,0.0132983382467724,0.0082991225421892,-1.0,0.0,-1.0,0.0,-1.0,0.0,7.1569618444992695,49.30126908195081,0.6761714053738455,0.1141439282486681,8.486941408685224,55.22139545058625,0.6415441552099566,0.0099597327754918,-0.3,-0.2,-0.18,2174.4444444444443
3924,2180.0,0.2888571752886001,0.1925714844081792,0.1777763266227406,0.140787271148338,0.1350553762833364,0.1257062201806057,0.1211878810791897,0.1173403986872037,0.1134816586854018,0.1149815178251151,0.3052609479190297,0.1993896502535998,0.1878533570617518,0.1621283379515663,0.1564105732576233,0.1363573389788841,0.1234419403341771,0.122552060340919,-1.0,0.0,-1.0,0.0,-1.0,0.0,7.1569618444992695,49.30126908195081,0.6761714053738455,0.1141439282486681,8.486941408685224,55.22139545058625,0.6415441552099566,0.127454001396967,-0.3,-0.2,-0.18,2180.0
3934,2185.555555555556,0.3208401210943133,0.2095423798155909,0.1946183020906325,0.1476216409658842,0.1509660833179118,0.1253930300219252,0.133949579698326,0.1190171442602871,0.1150864081726372,0.1169002258082434,0.306082075755669,0.1986063068642738,0.1962584498056548,0.1465118201119007,0.1524946009337935,0.141036523856299,0.1309785765163497,0.1253227588075727,-1.0,0.0,-1.0,0.0,-1.0,0.0,8.580725410357404,49.30126908195081,0.6761714053738455,0.1141439282486681,8.486941408685224,55.22139545058625,0.6415441552099566,0.127454001396967,-0.3,-0.2,-0.18,2185.555555555556
3944,2191.111111111111,0.3233472293935853,0.1838679498943424,0.1846457070312553,0.1467484072959335,0.1344741504481014,0.1309635143416893,0.1241538617511289,0.1166264078294542,0.1168926781539678,0.119016438297282,0.3062491074805781,0.2071884910842493,0.1951304428895513,0.1446616960409722,0.1457200634648044,0.1370874114885109,0.1297488190833125,0.1307274003273643,-1.0,0.0,-1.0,0.0,-1.0,0.0,8.580725410357404,54.71366118627202,0.6761714053738455,0.1141439282486681,8.486941408685224,55.22139545058625,0.6415441552099566,0.127454001396967,-0.3,-0.2,-0.18,2191.111111111111
3954,2196.6666666666665,0.2656354853280916,0.1760198350812887,0.1740615039011498,0.1353077630026606,0.1451689548600353,0.1146420021827468,0.122514027882957,0.1105048460012358,0.1218352612149027,0.1180161403698957,0.3180159154510077,0.2005282304762742,0.1936180594687624,0.1447320592044572,0.1519292248843852,0.1307538459808951,0.1355062018958571,0.1266760529135318,-1.0,0.0,-1.0,0.0,-1.0,0.0,8.580725410357404,54.71366118627202,0.5603289005504428,0.1141439282486681,8.486941408685224,55.22139545058625,0.6415441552099566,0.127454001396967,-0.3,-0.2,-0.18,2196.6666666666665
3964,2202.222222222222,0.2161424351073775,0.1038405663422132,0.0943456515941068,0.0441714617642285,0.0577775558411189,0.0380621757529734,0.0348720460880162,0.0257403760291086,0.020420323320429,0.0200167172582535,0.305428661622307,0.2028040262839845,0.1841226516369456,0.1476172465422612,0.1462959324481325,0.1406370450772355,0.1343735192488083,0.1355891218012547,-1.0,0.0,-1.0,0.0,-1.0,0.0,8.580725410357404,54.71366118627202,0.5603289005504428,0.0251461084348112,8.486941408685224,55.22139545058625,0.6415441552099566,0.127454001396967,-0.3,-0.2,-0.18,2202.222222222222
3974,2207.777777777778,0.2209126673299669,0.0940403135737092,0.0917181698714002,0.0542262384086046,0.0500916345716107,0.0300510977367233,0.0376343300227325,0.034419886247661,0.0319948314420441,0.0276280037354329,0.3095047694383674,0.2058510534277936,0.1924066528133027,0.1532788121580969,0.1522713761871794,0.1383316866507092,0.1327266637617489,0.1279115591199279,-1.0,0.0,-1.0,0.0,-1.0,0.0,8.580725410357404,54.71366118627202,0.5603289005504428,0.0251461084348112,8.269574937467365,55.22139545058625,0.6415441552099566,0.127454001396967,-0.3,-0.2,-0.18,2207.777777777778
3984,2213.333333333333,0.2102226854337882,0.1028512943197949,0.0959048934169054,0.0645028417828257,0.0534191780532609,0.0462711133643023,0.0294383664840293,0.0193851428497751,0.0254673724379803,0.0228978699535035,0.3208822136521018,0.2243095977905137,0.1987740823761878,0.1633017240084842,0.154525537971967,0.1358812890219773,0.1337329819211385,0.1305310110186847,-1.0,0.0,-1.0,0.0,-1.0,0.0,8.580725410357404,54.71366118627202,0.5603289005504428,0.0251461084348112,8.269574937467365,43.316745915373225,0.6415441552099566,0.127454001396967,-0.3,-0.2,-0.18,2213.333333333333
3994,2218.8888888888887,0.2174209186946219,0.1116968183530388,0.1073078905280741,0.0543089662190877,0.0505605981383623,0.0316161106539394,0.0290791960784038,0.0335781705077897,0.0265165477320834,0.0342598234906493,0.3339131621782625,0.2228800638792059,0.2074593946592696,0.1690702152357626,0.1517953517170333,0.1409979834959738,0.1311741509869767,0.1272254421812542,-1.0,0.0,-1.0,0.0,-1.0,0.0,8.580725410357404,54.71366118627202,0.5603289005504428,0.0251461084348112,8.269574937467365,43.316745915373225,0.6838911703039938,0.127454001396967,-0.3,-0.2,-0.18,2218.8888888888887
4004,2224.4444444444443,0.2199207846728943,0.1028861863351673,0.0975347483402747,0.0463572172636158,0.0476667553873517,0.0351394367317791,0.0301064273318249,0.0352810151085669,0.0254626930535835,0.0279505670833982,0.3116020200424192,0.1929749250552202,0.167052839786308,0.135137300197424,0.1268038219721396,0.1066709124902512,0.0994603157091767,0.0900310874651109,-1.0,0.0,-1.0,0.0,-1.0,0.0,8.580725410357404,54.71366118627202,0.5603289005504428,0.0251461084348112,8.269574937467365,43.316745915373225,0.6838911703039938,0.0894964256034182,-0.3,-0.2,-0.18,2224.4444444444443
4014,2230.0,0.1996164936393157,0.0941533736280837,0.0882410467435416,0.0505127747246684,0.0393911262762712,0.0421056174855101,0.0332419465408855,0.0231626697778546,0.0280778717821206,0.0227262629807547,0.3130809736738169,0.1944989679211029,0.1686271114372517,0.1341857769256847,0.1222603158920239,0.1020675503076009,0.1010027205473767,0.0916418020802396,-1.0,0.0,-1.0,0.0,-1.0,0.0,7.45418916118984,54.71366118627202,0.5603289005504428,0.0251461084348112,8.269574937467365,43.316745915373225,0.6838911703039938,0.0894964256034182,-0.3,-0.2,-0.18,2230.0
4024,2235.555555555556,0.1915695093876672,0.089626520430527,0.0803858826442173,0.040894263359386,0.0435717052479861,0.0297178884836567,0.0278722958027013,0.0252678698281233,0.0214554415690478,0.0247204739407791,0.3090229144518316,0.2000393388296031,0.1775768799440111,0.1324257699594636,0.1190144489973478,0.1070467864267467,0.1019204489762448,0.0900149792692712,-1.0,0.0,-1.0,0.0,-1.0,0.0,7.45418916118984,58.73286313304702,0.5603289005504428,0.0251461084348112,8.269574937467365,43.316745915373225,0.6838911703039938,0.0894964256034182,-0.3,-0.2,-0.18,2235.555555555556
4034,2241.111111111111,0.1920814427490002,0.0892100226361879,0.0867829144859955,0.0477760378676295,0.0350184504642636,0.0276570509353635,0.0278032529144468,0.0268514029780457,0.0259113633924278,0.0287338887569438,0.3060843362087339,0.1967355682066019,0.1784843313544762,0.1263389475986815,0.1212427735662702,0.0958832785963351,0.0975674973495474,0.0950194911714907,-1.0,0.0,-1.0,0.0,-1.0,0.0,7.45418916118984,58.73286313304702,0.531026054387569,0.0251461084348112,8.269574937467365,43.316745915373225,0.6838911703039938,0.0894964256034182,-0.3,-0.2,-0.18,2241.111111111111
4044,2246.6666666666665,0.2221366911961622,0.1330634678580049,0.1195141468895164,0.0979523942232191,0.0977993137817019,0.0762366867213877,0.0792553821926916,0.078855523200543,0.0837876358493378,0.0898025362459677,0.3124647150470398,0.2033809434657142,0.1776082635231092,0.1321585814446209,0.126035398805692,0.1047065565924324,0.097198060943333,0.0883444020764427,-1.0,0.0,-1.0,0.0,-1.0,0.0,7.45418916118984,58.73286313304702,0.531026054387569,0.0771699506542869,8.269574937467365,43.316745915373225,0.6838911703039938,0.0894964256034182,-0.3,-0.2,-0.18,2246.6666666666665
4054,2252.222222222222,0.2127401237768559,0.1302822734979428,0.1180479768447314,0.0828756839340422,0.0949278986605795,0.0870666903926059,0.0904328333085222,0.0793725517394032,0.0758595518843385,0.0724648146133941,0.2768894232201411,0.1731090263659254,0.1498615661409965,0.1199561540437093,0.1030230810759099,0.103237942123818,0.0970601172977323,0.0897743105233892,-1.0,0.0,-1.0,0.0,-1.0,0.0,7.45418916118984,58.73286313304702,0.531026054387569,0.0771699506542869,6.274662219648708,43.316745915373225,0.6838911703039938,0.0894964256034182,-0.3,-0.2,-0.18,2252.222222222222
4064,2257.777777777778,0.2167863998708979,0.1348971113022017,0.1263208442022435,0.0985838027208232,0.103261590187101,0.0874740601880324,0.0751416559694979,0.0792248285413739,0.0838056225306441,0.0759136869264147,0.2555658163220971,0.1444861872361439,0.1359395694217491,0.1033514754738081,0.1037557423990111,0.0982834443626006,0.0922421714447595,0.080771135320436,-1.0,0.0,-1.0,0.0,-1.0,0.0,7.45418916118984,58.73286313304702,0.531026054387569,0.0771699506542869,6.274662219648708,59.30855418169148,0.6838911703039938,0.0894964256034182,-0.3,-0.2,-0.18,2257.777777777778
4074,2263.333333333333,0.2264301219891579,0.1316887289883521,0.1216670763263848,0.0894267342114607,0.0904912520074229,0.0904156473708668,0.0856680063962384,0.0787786130865894,0.0791249301234313,0.080594155436062,0.2348689899814321,0.1436266255322511,0.1390667323206227,0.1052760632173573,0.0978620971677727,0.0943411972095265,0.1010301385857087,0.088081522644711,-1.0,0.0,-1.0,0.0,-1.0,0.0,7.45418916118984,58.73286313304702,0.531026054387569,0.0771699506542869,6.274662219648708,59.30855418169148,0.6150752123623258,0.0894964256034182,-0.3,-0.2,-0.18,2263.333333333333
4084,2268.8888888888887,0.2165424890540568,0.12674558735583,0.1336220795508252,0.0927610463886177,0.0922348864934147,0.0799674870478747,0.0853880322388696,0.0820179373576932,0.0762573462637014,0.0775080440452154,0.2518549104894174,0.1631863456547324,0.1576598144758547,0.1307096042756447,0.1287113472587581,0.1295092652288355,0.1258698689099983,0.1244230817508077,-1.0,0.0,-1.0,0.0,-1.0,0.0,7.45418916118984,58.73286313304702,0.531026054387569,0.0771699506542869,6.274662219648708,59.30855418169148,0.6150752123623258,0.1205499896700081,-0.3,-0.2,-0.18,2268.8888888888887
4094,2274.4444444444443,0.2166045041026631,0.1349021702072905,0.1106211579870043,0.1018581922122182,0.0931466050028337,0.0828265955949898,0.0833417834171846,0.0790751082363282,0.0754992983203824,0.0758240475728228,0.2571751241732617,0.1603206049257258,0.1511030707074942,0.1383875886377133,0.1244837835580075,0.1268713207258765,0.1147170769345042,0.1151391261792319,-1.0,0.0,-1.0,0.0,-1.0,0.0,7.30215173967265,58.73286313304702,0.531026054387569,0.0771699506542869,6.274662219648708,59.30855418169148,0.6150752123623258,0.1205499896700081,-0.3,-0.2,-0.18,2274.4444444444443
4104,2280.0,0.2215306132776694,0.1316099676336774,0.127870108951618,0.093888934484553,0.0900655878939375,0.0835800373795776,0.0841303478254818,0.0803427604732688,0.0847257330585109,0.0691812160357445,0.2552569145000286,0.1643614694917005,0.1556409089623098,0.1323245579238352,0.1341944641973431,0.1220590532555569,0.1219109299550818,0.1229272968860263,-1.0,0.0,-1.0,0.0,-1.0,0.0,7.30215173967265,56.03593253337077,0.531026054387569,0.0771699506542869,6.274662219648708,59.30855418169148,0.6150752123623258,0.1205499896700081,-0.3,-0.2,-0.18,2280.0
4114,2285.555555555555,0.2474053712917976,0.1491883010073472,0.1346353946739895,0.0999551553640787,0.0941645360362534,0.078716129827233,0.0806319176636433,0.0792291665890762,0.0792320687836503,0.0791754479958694,0.2581273965390483,0.1717670394585087,0.1671087213893129,0.1400706221305593,0.1272617907981957,0.1231051334857109,0.113412635518904,0.1271945504619965,-1.0,0.0,-1.0,0.0,-1.0,0.0,7.30215173967265,56.03593253337077,0.6405683931178195,0.0771699506542869,6.274662219648708,59.30855418169148,0.6150752123623258,0.1205499896700081,-0.3,-0.2,-0.18,2285.555555555555
4124,2291.111111111111,0.2642786507163375,0.1609214531506843,0.1560179584184862,0.1143509773014255,0.1152113640366869,0.1102808042754256,0.0988125629731057,0.0971884697308389,0.0962352713817049,0.1005946401027374,0.2627999922140125,0.1670166323908674,0.1589610748308599,0.1290262577342356,0.1322303593940283,0.1243068674722336,0.1183596726479487,0.122228942460641,-1.0,0.0,-1.0,0.0,-1.0,0.0,7.30215173967265,56.03593253337077,0.6405683931178195,0.0965522204689027,6.274662219648708,59.30855418169148,0.6150752123623258,0.1205499896700081,-0.3,-0.2,-0.18,2291.111111111111
4134,2296.6666666666665,0.2697548845907769,0.1697270633316357,0.1407849655587793,0.1192593385081993,0.1095874585397046,0.1066847866525209,0.1037301016836655,0.0930668999632966,0.1055749224948614,0.1024540892534967,0.2866646321033315,0.1869437832424032,0.1864459510211696,0.1379021834335729,0.1420802380279015,0.1306365652129211,0.1266638271828983,0.1238628472408596,-1.0,0.0,-1.0,0.0,-1.0,0.0,7.30215173967265,56.03593253337077,0.6405683931178195,0.0965522204689027,8.851688444721095,59.30855418169148,0.6150752123623258,0.1205499896700081,-0.3,-0.2,-0.18,2296.6666666666665
4144,2302.222222222222,0.2707200510556966,0.1663159403064476,0.1536746578899143,0.1165775616382812,0.1144654184909382,0.103540201605235,0.0941622065583691,0.0938434508765373,0.0898942606445261,0.1059246410278949,0.3050546405505228,0.2057049805185455,0.1921991805027363,0.1513106959262918,0.1466304087953082,0.1259308172853652,0.1341271719740834,0.1258525721442598,-1.0,0.0,-1.0,0.0,-1.0,0.0,7.30215173967265,56.03593253337077,0.6405683931178195,0.0965522204689027,8.851688444721095,48.66982676190486,0.6150752123623258,0.1205499896700081,-0.3,-0.2,-0.18,2302.222222222222
4154,2307.777777777778,0.2675329228553797,0.1559388016037998,0.1551501671019537,0.1171394987680267,0.1139163621242002,0.1026574838799675,0.0924109700906062,0.0954096339275152,0.1045814855125913,0.097876569477812,0.2959967329992738,0.2023981577281922,0.1924322525796346,0.149600242161169,0.1495242913683818,0.1312417982470623,0.1243613048780457,0.1257576044411712,-1.0,0.0,-1.0,0.0,-1.0,0.0,7.30215173967265,56.03593253337077,0.6405683931178195,0.0965522204689027,8.851688444721095,48.66982676190486,0.5830176867184254,0.1205499896700081,-0.3,-0.2,-0.18,2307.777777777778
4164,2313.333333333333,0.2739341644107387,0.1591616428881819,0.1513315041649315,0.1116867178819099,0.1160167204893927,0.105819434916887,0.1091608599193432,0.1005131091070689,0.0985608264628882,0.0945552543210268,0.288875708174434,0.1857632826670189,0.1713271011772224,0.1371297450965087,0.129916231395457,0.1157583017321831,0.1160166147420768,0.1049241561824893,-1.0,0.0,-1.0,0.0,-1.0,0.0,7.30215173967265,56.03593253337077,0.6405683931178195,0.0965522204689027,8.851688444721095,48.66982676190486,0.5830176867184254,0.1038181693177525,-0.3,-0.2,-0.18,2313.333333333333
4174,2318.8888888888887,0.292919672227229,0.1781641429436672,0.1686901201760209,0.1225950131890878,0.119942950850144,0.1049381970322794,0.115426698669204,0.110776652701904,0.1025351066833717,0.0919963944484006,0.282529394749116,0.1849297457496702,0.1739809079565915,0.1362592533238842,0.1356027791250318,0.1079759635515348,0.108638197597025,0.1058814191214113,-1.0,0.0,-1.0,0.0,-1.0,0.0,9.072176979657726,56.03593253337077,0.6405683931178195,0.0965522204689027,8.851688444721095,48.66982676190486,0.5830176867184254,0.1038181693177525,-0.3,-0.2,-0.18,2318.8888888888887
4184,2324.4444444444443,0.304579840447771,0.1931417398037093,0.1779405548809625,0.1317777302903604,0.1316385193545243,0.106670214338415,0.1105338041027849,0.1038214787283878,0.1029115267984397,0.1015055916226164,0.2758034365345461,0.1831736811000212,0.1837300830903238,0.1368434487081318,0.1356335524570672,0.1078798851848569,0.1160507149780518,0.1091978207004133,-1.0,0.0,-1.0,0.0,-1.0,0.0,9.072176979657726,46.70152040067589,0.6405683931178195,0.0965522204689027,8.851688444721095,48.66982676190486,0.5830176867184254,0.1038181693177525,-0.3,-0.2,-0.18,2324.4444444444443
4194,2330.0,0.3116033561571734,0.1919017116413511,0.183730461196045,0.137040760562076,0.1275221305379965,0.1122556336776096,0.1096013788848518,0.101600096427225,0.1049746045543214,0.0944133336914928,0.2907223253207022,0.1843028230028088,0.1745340916836986,0.139172114131351,0.1291171944907973,0.1035135834650597,0.115089445978372,0.1042528267291938,-1.0,0.0,-1.0,0.0,-1.0,0.0,9.072176979657726,46.70152040067589,0.6339314109391478,0.0965522204689027,8.851688444721095,48.66982676190486,0.5830176867184254,0.1038181693177525,-0.3,-0.2,-0.18,2330.0
4204,2335.555555555555,0.2618775943123814,0.1409841474007765,0.1250206742570545,0.0704057351775029,0.0701553459410768,0.0486972734429509,0.0398462016608055,0.0426150093038225,0.0318478344524242,0.03491113399397,0.277269072321369,0.1828708863212191,0.1752955525230425,0.1347116390807938,0.1424301046422426,0.1175756158577127,0.1127343078426111,0.1027398881627404,-1.0,0.0,-1.0,0.0,-1.0,0.0,9.072176979657726,46.70152040067589,0.6339314109391478,0.0313556111796159,8.851688444721095,48.66982676190486,0.5830176867184254,0.1038181693177525,-0.3,-0.2,-0.18,2335.555555555555
4214,2341.111111111111,0.2715431957487068,0.1471862370180335,0.1302635392086186,0.0846751319776383,0.0666216329028967,0.0468512122449196,0.0464655059545843,0.0360058178974078,0.0369766056382857,0.0382051803274492,0.2638117061498213,0.1721638066819313,0.1550618478365573,0.1294585495948486,0.117331014940233,0.1105922934360925,0.1119134446414508,0.1008299986839966,-1.0,0.0,-1.0,0.0,-1.0,0.0,9.072176979657726,46.70152040067589,0.6339314109391478,0.0313556111796159,7.65509992095865,48.66982676190486,0.5830176867184254,0.1038181693177525,-0.3,-0.2,-0.18,2341.111111111111
4224,2346.6666666666665,0.2657030937335338,0.139785435338726,0.135217311181062,0.0711525685510827,0.069432194186159,0.0480735640234791,0.0433577947550092,0.0376052952419049,0.0433039357723562,0.041348604722138,0.2668854421360477,0.168807165296175,0.157706832109344,0.1164768363752124,0.1222348144708372,0.1080497029818025,0.1144799188830657,0.1012784229081928,-1.0,0.0,-1.0,0.0,-1.0,0.0,9.072176979657726,46.70152040067589,0.6339314109391478,0.0313556111796159,7.65509992095865,55.38343403736266,0.5830176867184254,0.1038181693177525,-0.3,-0.2,-0.18,2346.6666666666665
4234,2352.222222222222,0.2736442443430427,0.15080534961542,0.1366443456195315,0.0749152671367007,0.0666247491760514,0.046166656797868,0.0483075919432354,0.0439020578363051,0.0268291295759585,0.0410589794423241,0.237250941030502,0.1553414260478344,0.1539535654395696,0.1256872826366777,0.1261057583409298,0.1086786741470151,0.1079281932913304,0.1090851172442751,-1.0,0.0,-1.0,0.0,-1.0,0.0,9.072176979657726,46.70152040067589,0.6339314109391478,0.0313556111796159,7.65509992095865,55.38343403736266,0.513062990230034,0.1038181693177525,-0.3,-0.2,-0.18,2352.222222222222
4244,2357.777777777778,0.261185407264258,0.1363523145970439,0.1317851774395503,0.0789052982993434,0.0697814958180189,0.0519797525484925,0.0472879028694037,0.0300261643438522,0.0318176300127163,0.0374124239478316,0.2393853484445496,0.16500422911619,0.1529771817374288,0.1291265187077881,0.1235392684558851,0.1108218343145922,0.1131580981172055,0.1144772462040247,-1.0,0.0,-1.0,0.0,-1.0,0.0,9.072176979657726,46.70152040067589,0.6339314109391478,0.0313556111796159,7.65509992095865,55.38343403736266,0.513062990230034,0.1091763098166407,-0.3,-0.2,-0.18,2357.777777777778
4254,2363.333333333333,0.2098840838689472,0.113340481009495,0.0855368508329429,0.0583636708479382,0.0501833735636464,0.0445602575851864,0.0398268430588437,0.0370160037123958,0.0395090378528765,0.0415985585962007,0.2373665364985297,0.160290295749837,0.154071496062808,0.1298771186287637,0.1284090503950544,0.1196700083194284,0.1121332003777199,0.1029468146710163,-1.0,0.0,-1.0,0.0,-1.0,0.0,6.449383926241611,46.70152040067589,0.6339314109391478,0.0313556111796159,7.65509992095865,55.38343403736266,0.513062990230034,0.1091763098166407,-0.3,-0.2,-0.18,2363.333333333333
4264,2368.8888888888887,0.1966651836801506,0.099404831061354,0.0843175615204556,0.0527635673953241,0.0491492125734564,0.0352183571402224,0.0448970217648694,0.0261861883513783,0.0322134917750935,0.0231568702163038,0.243404385456296,0.1615390904537435,0.1558710369616271,0.1304876882715749,0.1189362205596005,0.1118461886699643,0.1109566741136915,0.1118188928661599,-1.0,0.0,-1.0,0.0,-1.0,0.0,6.449383926241611,59.16700057990582,0.6339314109391478,0.0313556111796159,7.65509992095865,55.38343403736266,0.513062990230034,0.1091763098166407,-0.3,-0.2,-0.18,2368.8888888888887
4274,2374.4444444444443,0.1823573583605215,0.0996460997572262,0.0776233173284858,0.0514803433178631,0.0384314584368189,0.0344539222452515,0.0387111185300918,0.0297845724659019,0.029041939560663,0.0325833046734036,0.2379947774055107,0.1654844274289884,0.1558169715271975,0.117696112857076,0.1270963398853224,0.1169049273488239,0.1161600416681408,0.1063628923552316,-1.0,0.0,-1.0,0.0,-1.0,0.0,6.449383926241611,59.16700057990582,0.5937339600996857,0.0313556111796159,7.65509992095865,55.38343403736266,0.513062990230034,0.1091763098166407,-0.3,-0.2,-0.18,2374.4444444444443
4284,2380.0,0.2127895364812904,0.1122705402877949,0.1064486251109194,0.0773055995430543,0.0764389216505001,0.0637554404769122,0.0587841931911935,0.0581283651180759,0.0671189674859441,0.0567763924548741,0.2330307267834755,0.1626468070253791,0.150909272768665,0.1214978074159629,0.1273416083896084,0.099729848558775,0.117248190410411,0.1168730530817623,-1.0,0.0,-1.0,0.0,-1.0,0.0,6.449383926241611,59.16700057990582,0.5937339600996857,0.0613606284422068,7.65509992095865,55.38343403736266,0.513062990230034,0.1091763098166407,-0.3,-0.2,-0.18,2380.0
4294,2385.555555555555,0.217575434312426,0.1097322282791548,0.1019287356614025,0.0776496255880593,0.0719402154841836,0.0658331003905557,0.0670199571454882,0.063740942765052,0.0566390895143278,0.0584206978131049,0.2386598666457428,0.1622627446809979,0.157778990392008,0.1379994096666382,0.1340235653710653,0.1039802395056424,0.121949418413513,0.1074834249632962,-1.0,0.0,-1.0,0.0,-1.0,0.0,6.449383926241611,59.16700057990582,0.5937339600996857,0.0613606284422068,8.161333952603156,55.38343403736266,0.513062990230034,0.1091763098166407,-0.3,-0.2,-0.18,2385.555555555555
4304,2391.111111111111,0.2167712839378105,0.1192480052761297,0.1131836512866824,0.0760719987966708,0.0763719399367522,0.0672039709583569,0.0639362324837686,0.0683021760155744,0.0653127110354533,0.0614887858726368,0.2493090658283102,0.1666535016907546,0.158697043059577,0.1253305817886657,0.129540133430514,0.1169539791484387,0.1212167276458851,0.109107393874143,-1.0,0.0,-1.0,0.0,-1.0,0.0,6.449383926241611,59.16700057990582,0.5937339600996857,0.0613606284422068,8.161333952603156,50.46597739932183,0.513062990230034,0.1091763098166407,-0.3,-0.2,-0.18,2391.111111111111
4314,2396.6666666666665,0.2091760993901983,0.1072130547378082,0.0965266390552254,0.0823724777047602,0.068483945691065,0.0719578645309201,0.067803036553584,0.0666610797799016,0.06686222334239,0.0558418066209185,0.2907497845504443,0.1973891926332794,0.1762637477504072,0.1374774792888728,0.1354336120969951,0.1272020242819573,0.1121199646582983,0.1018685070451606,-1.0,0.0,-1.0,0.0,-1.0,0.0,6.449383926241611,59.16700057990582,0.5937339600996857,0.0613606284422068,8.161333952603156,50.46597739932183,0.6461697710646527,0.1091763098166407,-0.3,-0.2,-0.18,2396.6666666666665
4324,2402.222222222222,0.2087754217609637,0.1178254664525059,0.0992092857873078,0.0770078996243665,0.0711336128390083,0.0619032695952661,0.0651946017484021,0.0651352202758305,0.064166117274136,0.05577613450651,0.2420181181673432,0.1065481671540318,0.0862400544578024,0.0474156311756377,0.0483001153261812,0.0193403193859712,0.0223313043469999,0.0119080332274449,-1.0,0.0,-1.0,0.0,-1.0,0.0,6.449383926241611,59.16700057990582,0.5937339600996857,0.0613606284422068,8.161333952603156,50.46597739932183,0.6461697710646527,0.0127136842100565,-0.3,-0.2,-0.18,2402.222222222222
4334,2407.777777777778,0.242105855359324,0.1231142367825178,0.1281152257443426,0.089206611231981,0.0869463301894325,0.0651074469934174,0.0738559426216833,0.0749336439329676,0.0656462569538109,0.0637655929609416,0.2383740538075092,0.1118947076548993,0.0901765436088271,0.0459140127091156,0.0439499029074327,0.0160520970392659,0.0295919994698729,0.015992967168891,-1.0,0.0,-1.0,0.0,-1.0,0.0,8.200933986121193,59.16700057990582,0.5937339600996857,0.0613606284422068,8.161333952603156,50.46597739932183,0.6461697710646527,0.0127136842100565,-0.3,-0.2,-0.18,2407.777777777778
4344,2413.333333333333,0.257040819491211,0.1331239088369912,0.1239028371420084,0.0941079053662103,0.0889947666822138,0.0628311603969584,0.0671050930907518,0.066090634444213,0.0721505435466426,0.0652771947990381,0.232709860490816,0.1151722663642129,0.0986890184992623,0.0484708115218643,0.0370217339533399,0.0259867060981634,0.0185964005033384,0.0153064999693543,-1.0,0.0,-1.0,0.0,-1.0,0.0,8.200933986121193,51.16217385699176,0.5937339600996857,0.0613606284422068,8.161333952603156,50.46597739932183,0.6461697710646527,0.0127136842100565,-0.3,-0.2,-0.18,2413.333333333333
4354,2418.8888888888887,0.284073672265449,0.1562540688123621,0.1484209857415923,0.0908883908031464,0.1004737500613151,0.0750179526924692,0.0643358501238907,0.0584140767805663,0.0620514459870377,0.0547071075038703,0.2342932635781706,0.105431429884534,0.0930669385004632,0.0574539513616967,0.0378796442822259,0.0176229770206821,0.0183445782442322,0.0163540429479808,-1.0,0.0,-1.0,0.0,-1.0,0.0,8.200933986121193,51.16217385699176,0.686422778341764,0.0613606284422068,8.161333952603156,50.46597739932183,0.6461697710646527,0.0127136842100565,-0.3,-0.2,-0.18,2418.8888888888887
4364,2424.4444444444443,0.2519148377711048,0.1114742946003873,0.0916103468133373,0.0437641583017155,0.0417642071915698,0.0121846650816102,0.0093416148054164,0.0090075854078781,0.0084318729213429,-0.0008409445974156,0.2380516921491849,0.0909467763054805,0.0869438710015933,0.0486121015956095,0.0357628801362645,0.0283367709557142,0.0273772172105818,0.0156783838250164,-1.0,0.0,-1.0,0.0,-1.0,0.0,8.200933986121193,51.16217385699176,0.686422778341764,0.0059408367132947,8.161333952603156,50.46597739932183,0.6461697710646527,0.0127136842100565,-0.3,-0.2,-0.18,2424.4444444444443
4374,2430.0,0.249322528487269,0.106276914786774,0.0996305506177842,0.0457096490390197,0.0341865262547231,0.022405565731903,0.0130778937308491,0.0103271557895691,0.0030515002846786,0.010413147131241,0.2160818406407163,0.0965397948964811,0.0808961701423293,0.0387698065991139,0.0329294487356876,0.0146903899139275,0.0067292929211758,0.0164104248816901,-1.0,0.0,-1.0,0.0,-1.0,0.0,8.200933986121193,51.16217385699176,0.686422778341764,0.0059408367132947,7.358458929169223,50.46597739932183,0.6461697710646527,0.0127136842100565,-0.3,-0.2,-0.18,2430.0
4384,2435.555555555555,0.2459208383665449,0.1086561999483087,0.0884153074661024,0.0528223836582324,0.038009151963747,0.0119569820821069,0.0189534162486571,0.0079758832864427,0.010068931065563,0.0122624676997504,0.2214425476680168,0.0946341700208456,0.0803368824498929,0.0428911844863339,0.0330623924604721,0.0151090212955519,0.0185487547690673,0.0200451935185734,-1.0,0.0,-1.0,0.0,-1.0,0.0,8.200933986121193,51.16217385699176,0.686422778341764,0.0059408367132947,7.358458929169223,52.62145824320065,0.6461697710646527,0.0127136842100565,-0.3,-0.2,-0.18,2435.555555555555
4394,2441.111111111111,0.2412389066129965,0.1018713222332105,0.0916131396742697,0.0427458090784115,0.0405950798713635,0.0248697643183113,0.0244967676450367,0.0101691399235107,0.0076810398774542,-0.0031809464903667,0.1969960069142108,0.0915591959691632,0.0835382504925669,0.0327883398185858,0.0357628772176111,0.0217920934405278,0.0183872244227667,0.0206408692784243,-1.0,0.0,-1.0,0.0,-1.0,0.0,8.200933986121193,51.16217385699176,0.686422778341764,0.0059408367132947,7.358458929169223,52.62145824320065,0.6101493902536503,0.0127136842100565,-0.3,-0.2,-0.18,2441.111111111111
4404,2446.6666666666665,0.2516264794574823,0.1079697819628115,0.0872910870678939,0.0473724953840408,0.0403884587767367,0.0159076673744438,0.0157816517688548,0.0094844307522415,0.0209764652987866,0.0025466957567739,0.2043364756454017,0.0884006838032924,0.0843716614082355,0.0384497174764214,0.0272915664588407,0.0293390863805683,0.0157420271467037,0.0138654950511924,-1.0,0.0,-1.0,0.0,-1.0,0.0,8.200933986121193,51.16217385699176,0.686422778341764,0.0059408367132947,7.358458929169223,52.62145824320065,0.6101493902536503,0.011124164672611,-0.3,-0.2,-0.18,2446.6666666666665
4414,2452.222222222222,0.2391222590827493,0.1196589780349999,0.0948062079091437,0.0546676507864913,0.0354543697807586,0.0225008900471002,0.0160592095126644,0.0085644650077424,0.0106640216132449,0.0091812096392732,0.2105987959032704,0.0887775132947165,0.0759078974047519,0.0355079866538091,0.026563337340942,0.0177208770262373,0.0247632703407729,0.0166757089229713,-1.0,0.0,-1.0,0.0,-1.0,0.0,8.298330858194065,51.16217385699176,0.686422778341764,0.0059408367132947,7.358458929169223,52.62145824320065,0.6101493902536503,0.011124164672611,-0.3,-0.2,-0.18,2452.222222222222
4424,2457.777777777778,0.2604407551865759,0.1347582060559643,0.102876011017374,0.0494620068823445,0.0406844001484338,0.0330516118242234,0.0226236548384321,0.0099121443958648,0.0115828538864715,0.0149771924848727,0.1997903371820586,0.0958491416174904,0.0815996466640764,0.0396135342085416,0.0297576890355085,0.0264143746368389,0.0185600520532599,0.0184269768352086,-1.0,0.0,-1.0,0.0,-1.0,0.0,8.298330858194065,44.44393770454528,0.686422778341764,0.0059408367132947,7.358458929169223,52.62145824320065,0.6101493902536503,0.011124164672611,-0.3,-0.2,-0.18,2457.777777777778
4434,2463.333333333333,0.195506994109634,0.10310058276292,0.0843883491021385,0.0397802254366532,0.0239568529324498,0.0198277875100189,0.0181799673723466,0.0034135230647614,0.0044872258241296,0.0012819844476285,0.211782010253777,0.0951750215983039,0.0774296011674915,0.0413163339762552,0.027445414357443,0.0086824231907251,0.0217008575816322,0.0115426295546093,-1.0,0.0,-1.0,0.0,-1.0,0.0,8.298330858194065,44.44393770454528,0.5391098358673696,0.0059408367132947,7.358458929169223,52.62145824320065,0.6101493902536503,0.011124164672611,-0.3,-0.2,-0.18,2463.333333333333
4444,2468.8888888888887,0.2795286535017985,0.1986204923936295,0.1950101212281705,0.1617469635501533,0.1556702267936248,0.1439318886954576,0.1339062196938549,0.1350367403834991,0.1383675921811639,0.1289534362601556,0.2051352153583116,0.0945973055560786,0.0778307701771867,0.0323068665352685,0.0288591895543659,0.0140773653196835,0.0236125100684639,0.025604798976222,-1.0,0.0,-1.0,0.0,-1.0,0.0,8.298330858194065,44.44393770454528,0.5391098358673696,0.131803632712148,7.358458929169223,52.62145824320065,0.6101493902536503,0.011124164672611,-0.3,-0.2,-0.18,2468.8888888888887
4454,2474.4444444444443,0.2704208170915707,0.2004807253134924,0.1882632948946272,0.1593136152447559,0.1584678967990581,0.145224970795506,0.1449650941936831,0.1421834450287715,0.1357372024581241,0.1290822170017832,0.189175935966546,0.0790836521386003,0.061210768865818,0.0338209495726053,0.0282586674294441,0.0206436108086073,0.0001583740910918,0.0055573321360017,-1.0,0.0,-1.0,0.0,-1.0,0.0,8.298330858194065,44.44393770454528,0.5391098358673696,0.131803632712148,6.593526323219059,52.62145824320065,0.6101493902536503,0.011124164672611,-0.3,-0.2,-0.18,2474.4444444444443
4464,2480.0,0.2762157019187884,0.2032854636776053,0.1857793171711283,0.1619039791352806,0.1553665548655654,0.1446192010485166,0.1402600737677759,0.1383452046263395,0.140544691270826,0.1305370882877922,0.2000349850946042,0.0816238543859248,0.0686414523854561,0.0342259158646297,0.0332482839430188,0.0203617593694815,0.0160749416413886,0.0023135082606813,-1.0,0.0,-1.0,0.0,-1.0,0.0,8.298330858194065,44.44393770454528,0.5391098358673696,0.131803632712148,6.593526323219059,49.08581504012943,0.6101493902536503,0.011124164672611,-0.3,-0.2,-0.18,2480.0
4474,2485.555555555555,0.2790140063345598,0.211665629946404,0.1832728160584246,0.1582515671622436,0.1521503810839936,0.1532422894155357,0.1446354676925966,0.1359948096085907,0.1411191281134493,0.1296943720907218,0.2032250409358611,0.0933104900488183,0.0690942240008663,0.0361923484115424,0.032145601524012,0.0214526910175309,0.0205261238797439,0.0092215958318893,-1.0,0.0,-1.0,0.0,-1.0,0.0,8.298330858194065,44.44393770454528,0.5391098358673696,0.131803632712148,6.593526323219059,49.08581504012943,0.6500573764478406,0.011124164672611,-0.3,-0.2,-0.18,2485.555555555555
4484,2491.111111111111,0.2763773666904178,0.2017940472877652,0.1942000259577997,0.1576597995577558,0.1529589129518085,0.1423935615553994,0.1403451406529273,0.1412691449442841,0.1326476246135812,0.1322020751505451,0.2710464427228502,0.1733631878558943,0.1573325036998686,0.1367678994919902,0.1207392720564152,0.1116144977548294,0.1090088059554376,0.1122918669646142,-1.0,0.0,-1.0,0.0,-1.0,0.0,8.298330858194065,44.44393770454528,0.5391098358673696,0.131803632712148,6.593526323219059,49.08581504012943,0.6500573764478406,0.1060973079036891,-0.3,-0.2,-0.18,2491.111111111111
4494,2496.6666666666665,0.2761721110401286,0.2040175981217287,0.18673043681279,0.1595566801841596,0.1619259025055248,0.1413406119423035,0.1465520004810281,0.1302020290854538,0.1395325976738687,0.1360260516082942,0.2649794769199381,0.1746298450671104,0.1533974604007713,0.1241537492823669,0.1157825549160889,0.1091615701553652,0.1182092549639277,0.1076086986074308,-1.0,0.0,-1.0,0.0,-1.0,0.0,8.171068818948156,44.44393770454528,0.5391098358673696,0.131803632712148,6.593526323219059,49.08581504012943,0.6500573764478406,0.1060973079036891,-0.3,-0.2,-0.18,2496.6666666666665
4504,2502.222222222222,0.2706863112638105,0.1798186434844466,0.1737639671125205,0.1634613174474732,0.1600605446228794,0.1515011108548374,0.1329490646143732,0.1415444197628389,0.138397549656198,0.1389664587760568,0.2740184115964481,0.1758814664324922,0.155800786381006,0.1247618001445576,0.1204868266580062,0.1045588187312531,0.1169251937181008,0.1051185966650167,-1.0,0.0,-1.0,0.0,-1.0,0.0,8.171068818948156,56.14091493852781,0.5391098358673696,0.131803632712148,6.593526323219059,49.08581504012943,0.6500573764478406,0.1060973079036891,-0.3,-0.2,-0.18,2502.222222222222
4514,2507.777777777778,0.293589164294702,0.1955391836600599,0.18711155592273,0.1544880090200881,0.1546573310802329,0.1507944053980904,0.1274896597586632,0.134195156859309,0.1279128418486329,0.1234441134625264,0.2723325328977197,0.1764292236230503,0.1533882666278712,0.1326924913513923,0.1216008749871715,0.1122085694081722,0.1127320030033022,0.1043123134927252,-1.0,0.0,-1.0,0.0,-1.0,0.0,8.171068818948156,56.14091493852781,0.593163234840799,0.131803632712148,6.593526323219059,49.08581504012943,0.6500573764478406,0.1060973079036891,-0.3,-0.2,-0.18,2507.777777777778
4524,2513.333333333333,0.2622764303070412,0.1609975599819541,0.1599275591555188,0.1187596049421167,0.1153476782362681,0.0996649402863897,0.0930997985440171,0.0965966219747381,0.1010290563131774,0.095472857698772,0.2697828710924182,0.174950189819162,0.1650607876437678,0.1296707188217233,0.1203088943297001,0.1183041907054721,0.1178750084717979,0.108009962067057,-1.0,0.0,-1.0,0.0,-1.0,0.0,8.171068818948156,56.14091493852781,0.593163234840799,0.0930578150609146,6.593526323219059,49.08581504012943,0.6500573764478406,0.1060973079036891,-0.3,-0.2,-0.18,2513.333333333333
4534,2518.8888888888887,0.2591590292974038,0.1634957330989622,0.1484341654778797,0.10815155828197,0.1190537157231047,0.1097891888515414,0.1015384818018706,0.0915597022188562,0.0977179571967695,0.0985160091217467,0.3050254675222282,0.192185035676957,0.1835608914621845,0.1338672612174857,0.1367325278836124,0.1152642391659161,0.1142131816529316,0.1081404678049162,-1.0,0.0,-1.0,0.0,-1.0,0.0,8.171068818948156,56.14091493852781,0.593163234840799,0.0930578150609146,8.456749922156808,49.08581504012943,0.6500573764478406,0.1060973079036891,-0.3,-0.2,-0.18,2518.8888888888887
4544,2524.4444444444443,0.2672446754490584,0.1679524524510516,0.1502857947372849,0.1183655482227568,0.1240090761239372,0.1048853362141377,0.0915610931081394,0.099313202924145,0.0952400670566701,0.0908500577692342,0.306431523274451,0.1803502966053209,0.1760556129024711,0.1398438727504262,0.1233290909496858,0.1238989112030403,0.112836038646675,0.1170839026793694,-1.0,0.0,-1.0,0.0,-1.0,0.0,8.171068818948156,56.14091493852781,0.593163234840799,0.0930578150609146,8.456749922156808,53.56183272025926,0.6500573764478406,0.1060973079036891,-0.3,-0.2,-0.18,2524.4444444444443
4554,2530.0,0.2612050360862581,0.1506253331051908,0.1556010309258746,0.1075372649046588,0.1141586780628118,0.0927956216692128,0.0934614688878113,0.0891553244306243,0.0917608772033334,0.0896484653583615,0.2965528227901411,0.1913842046558274,0.1735394817096197,0.1348939034871658,0.1316280603284426,0.1155529341512424,0.1072177441164918,0.1104129853005509,-1.0,0.0,-1.0,0.0,-1.0,0.0,8.171068818948156,56.14091493852781,0.593163234840799,0.0930578150609146,8.456749922156808,53.56183272025926,0.6283656733414756,0.1060973079036891,-0.3,-0.2,-0.18,2530.0
4564,2535.555555555555,0.2536273370039411,0.15981804233928,0.1592371062327076,0.1132666584265954,0.1191576474634008,0.0958369710853617,0.1016077020359348,0.1009802985268768,0.1009280148128161,0.0903169621956536,0.2583816237533503,0.136277847144131,0.1354167872049337,0.09888088552129,0.0805432024279244,0.0716454631814841,0.0723238386579248,0.0644863466621157,-1.0,0.0,-1.0,0.0,-1.0,0.0,8.171068818948156,56.14091493852781,0.593163234840799,0.0930578150609146,8.456749922156808,53.56183272025926,0.6283656733414756,0.0609193085605674,-0.3,-0.2,-0.18,2535.555555555555
4574,2541.111111111111,0.2595584543841616,0.1651795699513878,0.1501328147290877,0.1174106884868419,0.112524545530027,0.0993782100802921,0.1050820531423962,0.0896962129384773,0.0834143429475464,0.0931366906464505,0.2615652380620494,0.1474685178039992,0.1378434899189194,0.0893424749094402,0.0886513669462293,0.0733772866866481,0.0665347636464132,0.0672376734524786,-1.0,0.0,-1.0,0.0,-1.0,0.0,8.18663506589876,56.14091493852781,0.593163234840799,0.0930578150609146,8.456749922156808,53.56183272025926,0.6283656733414756,0.0609193085605674,-0.3,-0.2,-0.18,2541.111111111111
4584,2546.6666666666665,0.279846551483654,0.1799522829124497,0.1595512653144935,0.1144447877584857,0.1268863780442128,0.0996082933856773,0.1119537097714583,0.1010429389872346,0.0899534659104627,0.0950943200134455,0.2573250549827759,0.1439184428283073,0.1288771337458284,0.0975481649460532,0.0874119820539973,0.0773948727456132,0.0752127191715609,0.0624185386892416,-1.0,0.0,-1.0,0.0,-1.0,0.0,8.18663506589876,47.92165327952674,0.593163234840799,0.0930578150609146,8.456749922156808,53.56183272025926,0.6283656733414756,0.0609193085605674,-0.3,-0.2,-0.18,2546.6666666666665
4594,2552.222222222222,0.3025675877690849,0.1803602560654894,0.1645640447573447,0.117749721143652,0.1245466960757632,0.1051202741058601,0.1014003238223226,0.1018476581837104,0.0912850681566874,0.0843730383424456,0.2611431126019577,0.1419007483986707,0.1315685798468289,0.0880385486671489,0.0907691250975644,0.0806668402433403,0.069695355152617,0.0731371204997188,-1.0,0.0,-1.0,0.0,-1.0,0.0,8.18663506589876,47.92165327952674,0.6488584510594297,0.0930578150609146,8.456749922156808,53.56183272025926,0.6283656733414756,0.0609193085605674,-0.3,-0.2,-0.18,2552.222222222222
4604,2557.777777777778,0.2729054979179484,0.156075845864767,0.1384606832593326,0.0969926708580368,0.0884153184149361,0.062745882086011,0.0717100843235968,0.0584454922627744,0.0582408157637648,0.0559737566210866,0.2596842038167737,0.1411029234404944,0.1418170881902732,0.0787958616371609,0.0961785198386913,0.0740319821799261,0.0736491302972485,0.0665648571451535,-1.0,0.0,-1.0,0.0,-1.0,0.0,8.18663506589876,47.92165327952674,0.6488584510594297,0.0570645234171375,8.456749922156808,53.56183272025926,0.6283656733414756,0.0609193085605674,-0.3,-0.2,-0.18,2557.777777777778
4614,2563.333333333333,0.273097644877015,0.1500519428552797,0.1395241144702884,0.0994408931784401,0.092020686560889,0.0693266309349818,0.0678769486351773,0.0572369331448374,0.0582370389905333,0.0591317316175178,0.2395879741887097,0.1274362354588621,0.1180872244666859,0.0903271640595861,0.078314829430795,0.0731041410773536,0.0699978559182179,0.0648190781787426,-1.0,0.0,-1.0,0.0,-1.0,0.0,8.18663506589876,47.92165327952674,0.6488584510594297,0.0570645234171375,7.399863462958335,53.56183272025926,0.6283656733414756,0.0609193085605674,-0.3,-0.2,-0.18,2563.333333333333
4624,2568.8888888888887,0.2680671175812746,0.145735726950031,0.1250658873095663,0.0807996537318323,0.0728587374317406,0.075428203104182,0.0613090598970644,0.0634258046446981,0.0620822231453654,0.0611868789281838,0.2378182116812913,0.1326454696681146,0.12695561541487,0.0868304914635647,0.0832205990314274,0.0585498095149514,0.0702222438807275,0.0636176077585839,-1.0,0.0,-1.0,0.0,-1.0,0.0,8.18663506589876,47.92165327952674,0.6488584510594297,0.0570645234171375,7.399863462958335,55.10914179995703,0.6283656733414756,0.0609193085605674,-0.3,-0.2,-0.18,2568.8888888888887
4634,2574.4444444444443,0.2714712829384312,0.1500945674869211,0.1444131814257541,0.0921873362115054,0.0978167798317385,0.0657897130588499,0.0662393728713926,0.0653581721424328,0.0701416943739015,0.0546736445731113,0.2291849438703178,0.1321908833671885,0.113789602080423,0.0799898792462033,0.0828472622136031,0.0601884525154055,0.0601639173782793,0.0672230210020508,-1.0,0.0,-1.0,0.0,-1.0,0.0,8.18663506589876,47.92165327952674,0.6488584510594297,0.0570645234171375,7.399863462958335,55.10914179995703,0.6007311596945369,0.0609193085605674,-0.3,-0.2,-0.18,2574.4444444444443
4644,2580.0,0.275441901569137,0.1493153642887516,0.140582170822316,0.0907811334849071,0.1018323591989463,0.0682612741780067,0.070535310603734,0.0651618736190881,0.0541734613455115,0.0577238461754127,0.2206138813287159,0.1277749775995154,0.1020710053820893,0.0702725668866157,0.0736139389661599,0.0547356828386427,0.0584619050700468,0.0479022270992475,-1.0,0.0,-1.0,0.0,-1.0,0.0,8.18663506589876,47.92165327952674,0.6488584510594297,0.0570645234171375,7.399863462958335,55.10914179995703,0.6007311596945369,0.0507048856022945,-0.3,-0.2,-0.18,2580.0
4654,2585.555555555555,0.2902472760282014,0.1660545878679815,0.1338988430003286,0.0984889161292763,0.1015291192171789,0.0667990323864318,0.0735281961051596,0.0672289778327763,0.0649584873020734,0.0600585933953283,0.219767872192786,0.1207576797391961,0.1013179873870422,0.0687739264056291,0.0695755124719378,0.0545475571775165,0.0533085322159924,0.0512253048112872,-1.0,0.0,-1.0,0.0,-1.0,0.0,9.045820604382154,47.92165327952674,0.6488584510594297,0.0570645234171375,7.399863462958335,55.10914179995703,0.6007311596945369,0.0507048856022945,-0.3,-0.2,-0.18,2585.555555555555
4664,2591.111111111111,0.2845357022978259,0.1652449593787128,0.1545905255197933,0.0966222809369979,0.10072269695001,0.0691049875608738,0.0727504341018047,0.0567310534382373,0.0710593002709459,0.0541816198413185,0.2251120584730951,0.1160031716702087,0.1072432218943599,0.0776666544951319,0.0687640511856698,0.0487612714448376,0.0588172274855489,0.0561836066256597,-1.0,0.0,-1.0,0.0,-1.0,0.0,9.045820604382154,47.619251882658055,0.6488584510594297,0.0570645234171375,7.399863462958335,55.10914179995703,0.6007311596945369,0.0507048856022945,-0.3,-0.2,-0.18,2591.111111111111
4674,2596.6666666666665,0.2987270438549154,0.1702701677066446,0.1573249285877241,0.1065358073720963,0.0933342738103944,0.0759440007000948,0.0760557865150634,0.0748324378677755,0.0612317615025186,0.0541901199055797,0.2164984057946678,0.1164272060286401,0.1230189144102895,0.0646958114202882,0.0702811219258869,0.0566728787726391,0.0540488748916037,0.0574494584234201,-1.0,0.0,-1.0,0.0,-1.0,0.0,9.045820604382154,47.619251882658055,0.6689458201348977,0.0570645234171375,7.399863462958335,55.10914179995703,0.6007311596945369,0.0507048856022945,-0.3,-0.2,-0.18,2596.6666666666665
4684,2602.222222222222,0.3316550627845663,0.2113550995165507,0.2078032097134821,0.1525258359873759,0.1611014912127326,0.1350460863259789,0.1312755594788466,0.1226724743645455,0.1134500389481798,0.1241913778589597,0.2220046651205987,0.1213637984675239,0.1144241228857888,0.0746080583816992,0.0704436516132051,0.0619091397923923,0.0570544674133072,0.0533816645176919,-1.0,0.0,-1.0,0.0,-1.0,0.0,9.045820604382154,47.619251882658055,0.6689458201348977,0.1177860604048068,7.399863462958335,55.10914179995703,0.6007311596945369,0.0507048856022945,-0.3,-0.2,-0.18,2602.222222222222
4694,2607.777777777778,0.3410541237323443,0.2155382944612688,0.20548247111727,0.1576510504560774,0.1510942557889872,0.1299034307480004,0.1326856775110261,0.1308043283322298,0.1221315992037011,0.1226052751464461,0.2320826434330484,0.126053096264273,0.1064943421107797,0.0725107463133667,0.0705391241732118,0.0565802987613852,0.05456436259795,0.0522770672815804,-1.0,0.0,-1.0,0.0,-1.0,0.0,9.045820604382154,47.619251882658055,0.6689458201348977,0.1177860604048068,7.341866471312744,55.10914179995703,0.6007311596945369,0.0507048856022945,-0.3,-0.2,-0.18,2607.777777777778
4704,2613.333333333333,0.3323242604017143,0.2192587692678478,0.2057727208967685,0.1559522797367368,0.1533658769369647,0.1237552587664812,0.1268324647180638,0.1270171833029593,0.1185532170019902,0.1216601921853288,0.2258044738923148,0.1204131889265283,0.1145263860654446,0.0704757225982265,0.0767193499740589,0.0486416968517993,0.0559758446929884,0.0519197257086848,-1.0,0.0,-1.0,0.0,-1.0,0.0,9.045820604382154,47.619251882658055,0.6689458201348977,0.1177860604048068,7.341866471312744,54.25781879459656,0.6007311596945369,0.0507048856022945,-0.3,-0.2,-0.18,2613.333333333333
4714,2618.8888888888887,0.3320633337851613,0.2199408047447384,0.2034709350910462,0.1569906507995131,0.1403413783796041,0.1256849648324885,0.1347665455205877,0.1153523968363785,0.131694186020498,0.1257180910134969,0.1861481659215823,0.1104128169224269,0.0950687692275591,0.0702746203824121,0.0666683944903017,0.0569220523586559,0.0569064973135451,0.0485332972499586,-1.0,0.0,-1.0,0.0,-1.0,0.0,9.045820604382154,47.619251882658055,0.6689458201348977,0.1177860604048068,7.341866471312744,54.25781879459656,0.5068779400501676,0.0507048856022945,-0.3,-0.2,-0.18,2618.8888888888887
4724,2624.4444444444443,0.332767508671219,0.2167522607155579,0.205888539791056,0.1658265054131707,0.1483154169291185,0.1339898451650445,0.134312489024549,0.1318314809323122,0.1202052446305013,0.124653168040557,0.1937985408400768,0.1197098529977145,0.0986086568678597,0.0751416516691928,0.0808067578568737,0.0627786179500671,0.0603183113996774,0.068624610300718,-1.0,0.0,-1.0,0.0,-1.0,0.0,9.045820604382154,47.619251882658055,0.6689458201348977,0.1177860604048068,7.341866471312744,54.25781879459656,0.5068779400501676,0.0584697605822755,-0.3,-0.2,-0.18,2624.4444444444443
4734,2630.0,0.3330213432940241,0.2274144635507274,0.2155458886273218,0.1566331083543744,0.1483666695533304,0.1305352201721973,0.1303650002988875,0.1253343679342321,0.1222712256048658,0.1196469144837816,0.1966790816746783,0.1154654224843023,0.1072803030162254,0.0765620039294868,0.0795767211910979,0.0671076053368026,0.0570843964384056,0.0577985392927747,-1.0,0.0,-1.0,0.0,-1.0,0.0,9.153067795827436,47.619251882658055,0.6689458201348977,0.1177860604048068,7.341866471312744,54.25781879459656,0.5068779400501676,0.0584697605822755,-0.3,-0.2,-0.18,2630.0
4744,2635.555555555555,0.3412023735803625,0.2044339713960414,0.2004467634468255,0.1512335445522187,0.1464258581270731,0.133275322580238,0.1300082787720591,0.1173602393470397,0.1240821096358875,0.1137339912851538,0.2057956078539509,0.112855708219317,0.1069012573435267,0.0811229409120302,0.0759485702992074,0.0638428845949171,0.0773892808418539,0.0592416717869332,-1.0,0.0,-1.0,0.0,-1.0,0.0,9.153067795827436,51.59078715036719,0.6689458201348977,0.1177860604048068,7.341866471312744,54.25781879459656,0.5068779400501676,0.0584697605822755,-0.3,-0.2,-0.18,2635.555555555555
4754,2641.111111111111,0.3058458325665696,0.2086037501408073,0.1947472364534312,0.1491848976117091,0.152566544078174,0.1317641691532891,0.1273633492003543,0.1293626406670896,0.1270753619673476,0.1200965218601479,0.2101713321817862,0.1115062681514978,0.1010707747744556,0.0777906278651335,0.0744930991295525,0.0688974550622456,0.0637176344935903,0.0560398493180921,-1.0,0.0,-1.0,0.0,-1.0,0.0,9.153067795827436,51.59078715036719,0.6115651652446795,0.1177860604048068,7.341866471312744,54.25781879459656,0.5068779400501676,0.0584697605822755,-0.3,-0.2,-0.18,2641.111111111111
4764,2646.6666666666665,0.2949868234225564,0.1866885723959439,0.181314243653626,0.1374880534185018,0.1285770282436301,0.1208338701443878,0.1096917565793565,0.0992413460277952,0.1029933587394366,0.1098182715292197,0.2016724567880166,0.1246409865793071,0.1048246320963322,0.0828522822473388,0.0832780694366135,0.0690571199711843,0.0664754487484679,0.0560269555875773,-1.0,0.0,-1.0,0.0,-1.0,0.0,9.153067795827436,51.59078715036719,0.6115651652446795,0.0997108328330321,7.341866471312744,54.25781879459656,0.5068779400501676,0.0584697605822755,-0.3,-0.2,-0.18,2646.6666666666665
4774,2652.222222222222,0.2955428349943134,0.178985705086292,0.1794837810824472,0.1391589999369694,0.1234304890117121,0.1060692744617878,0.105730072983999,0.0985113169230555,0.0927633675084273,0.0988746354067014,0.2129094379758457,0.1198747331892303,0.1075225642427156,0.0763267323801981,0.0791362733669885,0.0662252890378012,0.0658621780201476,0.0596918825708321,-1.0,0.0,-1.0,0.0,-1.0,0.0,9.153067795827436,51.59078715036719,0.6115651652446795,0.0997108328330321,8.033014895922769,54.25781879459656,0.5068779400501676,0.0584697605822755,-0.3,-0.2,-0.18,2652.222222222222
4784,2657.777777777778,0.302207880002565,0.1931018937326218,0.1774553817353403,0.1326195323205311,0.126939507527779,0.1100812187939134,0.1177819306351809,0.1098928888537989,0.1013460172773629,0.1040270018503528,0.2085127807477265,0.1253397891771324,0.0998927746485021,0.0831561706270636,0.0799026710611539,0.0640232985850752,0.0617902877780121,0.0558041671962345,-1.0,0.0,-1.0,0.0,-1.0,0.0,9.153067795827436,51.59078715036719,0.6115651652446795,0.0997108328330321,8.033014895922769,51.67196502094249,0.5068779400501676,0.0584697605822755,-0.3,-0.2,-0.18,2657.777777777778
4794,2663.333333333333,0.2935622556983006,0.1909437185301675,0.1745790191396121,0.132759150974854,0.127671157084713,0.1137080949618061,0.1057751139385775,0.0956357130123186,0.1144274019225519,0.0984018067377513,0.2381603166290891,0.1308798131104726,0.132530983731598,0.0854321968901358,0.0775451347950345,0.0742722085944184,0.0670613618264005,0.068225755954893,-1.0,0.0,-1.0,0.0,-1.0,0.0,9.153067795827436,51.59078715036719,0.6115651652446795,0.0997108328330321,8.033014895922769,51.67196502094249,0.5841258621019859,0.0584697605822755,-0.3,-0.2,-0.18,2663.333333333333
4804,2668.8888888888887,0.3034016356481174,0.1836697146588892,0.1767646935895342,0.1359298644569968,0.129508192165885,0.1183538538880145,0.1179306896202526,0.103792509557183,0.1051669658893507,0.0967328698126282,0.2081159711322708,0.1184590552901811,0.0947267065181825,0.0573847382092871,0.0548605018898579,0.0330303089971894,0.0337369453032725,0.0399015313415649,-1.0,0.0,-1.0,0.0,-1.0,0.0,9.153067795827436,51.59078715036719,0.6115651652446795,0.0997108328330321,8.033014895922769,51.67196502094249,0.5841258621019859,0.0275225532280194,-0.3,-0.2,-0.18,2668.8888888888887
4814,2674.4444444444443,0.2749148877907211,0.1645791619869471,0.1630735519071765,0.1174356160261984,0.1213926815190441,0.1051675096436463,0.1084553832157886,0.1022425053034982,0.1031839839943705,0.0988017609637274,0.2184442038412407,0.112829652730475,0.08651906214439,0.060262672732025,0.0417212897715349,0.0388116421706687,0.0364930548210553,0.0306327724045745,-1.0,0.0,-1.0,0.0,-1.0,0.0,7.336454512434773,51.59078715036719,0.6115651652446795,0.0997108328330321,8.033014895922769,51.67196502094249,0.5841258621019859,0.0275225532280194,-0.3,-0.2,-0.18,2674.4444444444443
4824,2680.0,0.268149590549891,0.1775055452440578,0.1637702864520704,0.1283679444491912,0.1220248896082262,0.1179503591061651,0.1205400485300951,0.102663357525957,0.1055184537456174,0.0972022870818147,0.2098281033154639,0.1147079713080005,0.0905804767942969,0.0543848833388228,0.0506999173702662,0.0336389811123494,0.035741327962342,0.0291161355851351,-1.0,0.0,-1.0,0.0,-1.0,0.0,7.336454512434773,45.8584435406906,0.6115651652446795,0.0997108328330321,8.033014895922769,51.67196502094249,0.5841258621019859,0.0275225532280194,-0.3,-0.2,-0.18,2680.0
4834,2685.555555555555,0.2652977304268231,0.1686859517428774,0.1605491249954247,0.1265540490293716,0.1210219903966497,0.1042409972568528,0.1058552828514017,0.1073116945760167,0.1049236278901937,0.1046158845927762,0.2200418555492762,0.1165022068007521,0.0988571878996453,0.0626490646157454,0.0490805698063215,0.0343608686816686,0.0328151010135981,0.0395161793748381,-1.0,0.0,-1.0,0.0,-1.0,0.0,7.336454512434773,45.8584435406906,0.5861489849280462,0.0997108328330321,8.033014895922769,51.67196502094249,0.5841258621019859,0.0275225532280194,-0.3,-0.2,-0.18,2685.555555555555
4844,2691.111111111111,0.2918153822938059,0.2203405955285787,0.2031648944591737,0.1773683721665829,0.1649561303405619,0.1547166655667539,0.1577804152058524,0.1502195203228791,0.1555104689719291,0.1532609431808755,0.2132759309074825,0.1044694298625337,0.0968715637434394,0.0609824133287088,0.0491599810780676,0.0314498714251649,0.0355314249803572,0.0238170429837475,-1.0,0.0,-1.0,0.0,-1.0,0.0,7.336454512434773,45.8584435406906,0.5861489849280462,0.1498588133219723,8.033014895922769,51.67196502094249,0.5841258621019859,0.0275225532280194,-0.3,-0.2,-0.18,2691.111111111111
4854,2696.6666666666665,0.2913949202865568,0.2190361537280582,0.2029943228903912,0.171042430279131,0.1627598992650671,0.1492113126756364,0.1506492303520131,0.1494946199366298,0.1481202189425635,0.1484732291434124,0.2038060893918278,0.0913950444135599,0.0891841902055704,0.048995263489381,0.0395468539084107,0.0321311420857878,0.0351211545668921,0.0289643841852629,-1.0,0.0,-1.0,0.0,-1.0,0.0,7.336454512434773,45.8584435406906,0.5861489849280462,0.1498588133219723,7.057655825636014,51.67196502094249,0.5841258621019859,0.0275225532280194,-0.3,-0.2,-0.18,2696.6666666666665
4864,2702.222222222222,0.2915170596108703,0.2158072407020139,0.1955958677547096,0.1673843211299652,0.1612189418751683,0.159871827538911,0.152920153876824,0.1476605720780105,0.1468815442612539,0.1539582588425699,0.2039047638342771,0.1013402169476639,0.0939824797476226,0.043594029230742,0.045384180065112,0.0368357573885788,0.0356114038357878,0.0234090215759722,-1.0,0.0,-1.0,0.0,-1.0,0.0,7.336454512434773,45.8584435406906,0.5861489849280462,0.1498588133219723,7.057655825636014,48.94758563638537,0.5841258621019859,0.0275225532280194,-0.3,-0.2,-0.18,2702.222222222222
4874,2707.777777777778,0.297108208330369,0.2193691052512741,0.1997364263440701,0.1738337384019485,0.1669468740622492,0.1682994016867616,0.1602563297736996,0.1538015182078344,0.1483853068007705,0.1535131315576742,0.193712299127641,0.1002073725824783,0.0844013870903334,0.0564679136176153,0.0388648336805398,0.0338205403004471,0.0273330580962414,0.0247281209076705,-1.0,0.0,-1.0,0.0,-1.0,0.0,7.336454512434773,45.8584435406906,0.5861489849280462,0.1498588133219723,7.057655825636014,48.94758563638537,0.5743255127652905,0.0275225532280194,-0.3,-0.2,-0.18,2707.777777777778
4884,2713.333333333333,0.2909598693817794,0.2190957819176028,0.2031731289715665,0.1796347908381415,0.1709319896530214,0.1646856126146221,0.1606526439787518,0.1471135111652277,0.1562844269076899,0.1616503491191662,0.2392242060368748,0.1605940035422181,0.1419019163632515,0.105938412663727,0.1017122050233823,0.0996911898526536,0.0867163173003938,0.0863251121652128,-1.0,0.0,-1.0,0.0,-1.0,0.0,7.336454512434773,45.8584435406906,0.5861489849280462,0.1498588133219723,7.057655825636014,48.94758563638537,0.5743255127652905,0.0872141609287306,-0.3,-0.2,-0.18,2713.333333333333
4894,2718.8888888888887,0.3293324295994297,0.225195613600397,0.2194215694508842,0.1819361183249798,0.184946038512192,0.1665359501390861,0.1591655078306579,0.1539435638269645,0.1476679207617895,0.1537519930854006,0.243795241766789,0.1452248002740196,0.1337464238839565,0.1178012199987145,0.1002526547431413,0.1010407306419111,0.0964535335509355,0.0842831293630269,-1.0,0.0,-1.0,0.0,-1.0,0.0,9.4332754543226,45.8584435406906,0.5861489849280462,0.1498588133219723,7.057655825636014,48.94758563638537,0.5743255127652905,0.0872141609287306,-0.3,-0.2,-0.18,2718.8888888888887
4904,2724.4444444444443,0.3088103326963519,0.2193056883223421,0.2109231389265755,0.1702750112407391,0.1726139946185255,0.1698495058318919,0.1638073759938715,0.1545362903283545,0.1527690416714259,0.1473037666604547,0.2342778300414347,0.1534406607266161,0.1443426881415645,0.1137086203424891,0.0924486116056013,0.0899227217770102,0.0965708686166524,0.0870712890854081,-1.0,0.0,-1.0,0.0,-1.0,0.0,9.4332754543226,57.78145787437038,0.5861489849280462,0.1498588133219723,7.057655825636014,48.94758563638537,0.5743255127652905,0.0872141609287306,-0.3,-0.2,-0.18,2724.4444444444443
4914,2730.0,0.3091467864069119,0.2094968048074383,0.2092167501933614,0.1735778154420766,0.1740910045142677,0.1594957111975577,0.1512882670690187,0.1529965011140765,0.15847391914965,0.1512738011348861,0.2358242105725559,0.153759011479222,0.1283777726847438,0.1219407968710381,0.1081906476375694,0.0935334006648437,0.0936628295591751,0.0928996310241326,-1.0,0.0,-1.0,0.0,-1.0,0.0,9.4332754543226,57.78145787437038,0.5754277491409066,0.1498588133219723,7.057655825636014,48.94758563638537,0.5743255127652905,0.0872141609287306,-0.3,-0.2,-0.18,2730.0
4924,2735.555555555555,0.239971782162754,0.1220389493805305,0.1234791518805357,0.0740394557379653,0.0724264237738123,0.0513808344416469,0.0448760693032876,0.0410224709002191,0.0554357164209184,0.0405412460387123,0.2425071841625264,0.1499065188533903,0.1394461712999278,0.1125827999130348,0.0975606557808129,0.0945047888059399,0.10024041982906,0.0899002398391724,-1.0,0.0,-1.0,0.0,-1.0,0.0,9.4332754543226,57.78145787437038,0.5754277491409066,0.0400351713062899,7.057655825636014,48.94758563638537,0.5743255127652905,0.0872141609287306,-0.3,-0.2,-0.18,2735.555555555555
4934,2741.111111111111,0.24131384941799,0.1149512475003988,0.1181495986608845,0.0725713648769568,0.0700289949573367,0.0563162977019976,0.0498434730930635,0.050175084550276,0.0397347041386936,0.0406376724444,0.2631067531767276,0.1677112440669043,0.1517182449431108,0.1196780589683986,0.1141631409905354,0.1080621829582984,0.0908577169566466,0.0850096225798645,-1.0,0.0,-1.0,0.0,-1.0,0.0,9.4332754543226,57.78145787437038,0.5754277491409066,0.0400351713062899,8.653195813054198,48.94758563638537,0.5743255127652905,0.0872141609287306,-0.3,-0.2,-0.18,2741.111111111111
4944,2746.6666666666665,0.2404041363648284,0.1225235939991495,0.1220143444971427,0.0709798654733216,0.0725742962475213,0.0359773394572695,0.0504704360580099,0.032380311022719,0.04790016954291,0.0486371598590791,0.2712766066856435,0.1700182316425974,0.161931058971862,0.1184598034103881,0.1094684688127502,0.1079863467868693,0.09233688171188,0.0863005819030379,-1.0,0.0,-1.0,0.0,-1.0,0.0,9.4332754543226,57.78145787437038,0.5754277491409066,0.0400351713062899,8.653195813054198,49.87666677828318,0.5743255127652905,0.0872141609287306,-0.3,-0.2,-0.18,2746.6666666666665
4954,2752.222222222222,0.2431264903238744,0.1194482079132671,0.1086993147712418,0.0792515321383107,0.0711741590825391,0.0464095575378493,0.0625120263858086,0.0513267822887313,0.0397892377967659,0.037156216158871,0.28391212090343,0.1699104641231135,0.1688678686287171,0.12722917996805,0.1245702202074463,0.0983569825404438,0.0946407319845042,0.0856479235667946,-1.0,0.0,-1.0,0.0,-1.0,0.0,9.4332754543226,57.78145787437038,0.5754277491409066,0.0400351713062899,8.653195813054198,49.87666677828318,0.6371082294236313,0.0872141609287306,-0.3,-0.2,-0.18,2752.222222222222
4964,2757.777777777778,0.2463225576658788,0.1240192802734113,0.113607414147498,0.0717584108083087,0.0701452446717386,0.0526796482737746,0.0563443936989594,0.0518997652736519,0.0411417510899317,0.0373927242076657,0.2468838605085469,0.1089144417409102,0.1010861202901821,0.0446375614355334,0.0479759527336557,0.0243785173006246,0.0303067567188704,0.0103553183031475,-1.0,0.0,-1.0,0.0,-1.0,0.0,9.4332754543226,57.78145787437038,0.5754277491409066,0.0400351713062899,8.653195813054198,49.87666677828318,0.6371082294236313,0.0109937134244479,-0.3,-0.2,-0.18,2757.777777777778
4974,2763.333333333333,0.2314180938871074,0.1224859827149831,0.1242428723547453,0.0657884081912149,0.0703140527106388,0.0551020040501252,0.053645684140598,0.0480123321255481,0.0483075832263255,0.0407406434075388,0.2384867713604874,0.1111550352825449,0.0968670201953258,0.0401106929001271,0.0422520689290102,0.0193032597149639,0.023310536887485,0.0099925942189231,-1.0,0.0,-1.0,0.0,-1.0,0.0,9.172984630035996,57.78145787437038,0.5754277491409066,0.0400351713062899,8.653195813054198,49.87666677828318,0.6371082294236313,0.0109937134244479,-0.3,-0.2,-0.18,2763.333333333333
4984,2768.8888888888887,0.261172072077725,0.1396792076427906,0.1257915061514113,0.0758935910970474,0.0760758694472994,0.0532896173016512,0.0498635722882857,0.0420785102010244,0.0424974819336427,0.0400704331785501,0.243623061704588,0.1085381177330387,0.0991837059903567,0.0466736181914786,0.0405442188861821,0.0281060546974769,0.0241379161553799,0.0124886334062551,-1.0,0.0,-1.0,0.0,-1.0,0.0,9.172984630035996,46.25930325233851,0.5754277491409066,0.0400351713062899,8.653195813054198,49.87666677828318,0.6371082294236313,0.0109937134244479,-0.3,-0.2,-0.18,2768.8888888888887
4994,2774.4444444444443,0.2629387956303979,0.1480462090384144,0.1240098351913585,0.081740962428671,0.0752352525081939,0.0582341995793211,0.06135430534344,0.0481277423339761,0.044614121147812,0.0431951543291006,0.2449625281636624,0.1198761425383163,0.0989480930860473,0.0422783889182189,0.0468315052930673,0.026148123472856,0.0206638988848895,0.0170271950256445,-1.0,0.0,-1.0,0.0,-1.0,0.0,9.172984630035996,46.25930325233851,0.5989053914574938,0.0400351713062899,8.653195813054198,49.87666677828318,0.6371082294236313,0.0109937134244479,-0.3,-0.2,-0.18,2774.4444444444443
