source_row_index,time,X1A,Y1A,X2A,Y2A,X3A,Y3A,X4A,Y4A,X5A,Y5A,X1B,Y1B,X2B,Y2B,X3B,Y3B,X4B,Y4B,s1,c1,s2,c2,s3,c3,L_A,G_A,X0_A,Y6_A,L_B,G_B,X0_B,Y5_B,H1,H2,H3,time_hours
4,2.2222222222222223,0.2632159016179921,0.1458226875689355,0.1371482888687815,0.0940878246193048,0.0799703818856626,0.0638238223363506,0.0613699367895048,0.0610047709728483,0.0649943324899208,0.0565477846657371,0.2463669415275208,0.1451745228450294,0.1144628093604729,0.0893274313429547,0.0731826604918527,0.0472689761771351,0.0724233667556789,0.0610502430855302,0.391990288404821,0.0,0.2583041900481445,0.0,-0.3981872590560212,0.0,8.0,50.0,0.6,0.05,7.5,50.0,0.6,0.05,0.1175970865214462,0.0516608380096288,-0.0716737066300838,2.2222222222222223
14,7.777777777777778,0.2570637382558802,0.1375167236233812,0.1383691538805887,0.0867660426638502,0.0774552390405575,0.0633914350793721,0.0650574588586053,0.059957955542398,0.0564929485008518,0.0573443763621066,0.2435895655962729,0.1239396875138917,0.1115692451301294,0.0723474649281841,0.072009935115104,0.0659132961464486,0.0600203992243473,0.0470899453176336,-0.4229059349424294,0.0,-0.81718355010166,0.0,-0.3981872590560212,0.0,8.400305493134933,50.0,0.6,0.05,7.5,50.0,0.6,0.05,-0.1268717804827288,-0.163436710020332,-0.0716737066300838,7.777777777777778
24,13.333333333333332,0.2445774016190874,0.126195918013807,0.1191401805100219,0.0833557849935759,0.0745965616813519,0.052809592438125,0.0486134379109213,0.0527771749868802,0.0468695478895907,0.0521339874569324,0.2254876063435696,0.1263062397294344,0.1051547970369929,0.0743690916187339,0.0686644721763988,0.0612347570931786,0.0630744873424948,0.0511176691064127,-0.9222320302785104,0.0,0.7955785024730946,0.0,-0.7553770893913289,0.0,8.400305493134933,57.94427601939151,0.6,0.05,7.5,50.0,0.6,0.05,-0.2766696090835531,0.1591157004946189,-0.1359678760904392,13.333333333333332
34,18.88888888888889,0.2522141673121468,0.1330645516762072,0.1277008761339208,0.0855814311080624,0.07384271702058,0.0619995520039149,0.0606070190073598,0.0476377952066838,0.0420300019432729,0.0410400191009824,0.2350342441004149,0.1287226997542323,0.1057642480699156,0.0730432813667658,0.0689811617175707,0.0565813544961782,0.0563683258981738,0.0634518314450551,-0.9222320302785104,0.0,0.7955785024730946,0.0,-0.7553770893913289,0.0,8.400305493134933,57.94427601939151,0.6551371380490387,0.05,7.5,50.0,0.6,0.05,-0.2766696090835531,0.1591157004946189,-0.1359678760904392,18.88888888888889
44,24.444444444444443,0.2564921639750866,0.1088829642964157,0.1089869999605211,0.0707086376230134,0.0574978882710918,0.0505014391147199,0.0407211392735253,0.0430120720451803,0.0397819577803759,0.0326011568314193,0.2303492909403417,0.1282951840489556,0.1189785057317974,0.0765942722776087,0.0678338579427652,0.0750949504602883,0.048665732187204,0.0510415849728252,-0.6560996212890956,0.0,0.7955785024730946,0.0,-0.3867614533225803,0.0,8.400305493134933,57.94427601939151,0.6551371380490387,0.0337810784985887,7.5,50.0,0.6,0.05,-0.1968298863867287,0.1591157004946189,-0.0696170615980644,24.444444444444443
54,30.0,0.2557357164118895,0.1214443898119245,0.1167771878258396,0.0626285727239711,0.0534321955176484,0.0477854698393008,0.049794949809841,0.0296821957226165,0.0275617679044116,0.0324633604525648,0.2134483913084761,0.1251606848227246,0.0998895607990731,0.0768354469185294,0.0658374366735786,0.0576334395063003,0.0584431387448927,0.0506924828643102,-0.6560996212890956,0.0,-0.6514336734398033,0.0,-0.3867614533225803,0.0,8.400305493134933,57.94427601939151,0.6551371380490387,0.0337810784985887,6.9004988547336765,50.0,0.6,0.05,-0.1968298863867287,-0.1302867346879606,-0.0696170615980644,30.0
64,35.55555555555556,0.2521092792851973,0.1211002228242688,0.1175125606565875,0.0632355493709663,0.0614409989563016,0.0377346798209529,0.0505509149791481,0.039295087647757,0.0342781502285744,0.0277264168504725,0.2156746822110251,0.1179420297402636,0.1124485844882524,0.0786586460486298,0.0633581632238728,0.0532449793814873,0.0492471142982982,0.0533567097417653,-0.5626720304748271,0.0,-0.6514336734398033,0.0,-0.2770895585828411,0.0,8.400305493134933,57.94427601939151,0.6551371380490387,0.0337810784985887,6.9004988547336765,57.47106890792524,0.6,0.05,-0.1688016091424481,-0.1302867346879606,-0.0498761205449114,35.55555555555556
74,41.11111111111111,0.2508255775469886,0.1143639713632158,0.1146191672505942,0.0707702771235125,0.0512488745750564,0.0450731890313568,0.0428361337298949,0.0357998717730841,0.0389345110501792,0.0336781322569257,0.180529383444928,0.1069371213076651,0.0859792109908069,0.0633740930552591,0.0601788036654925,0.0503638575178151,0.0507840485124774,0.058025754647907,-0.9456375256542447,0.0,-0.8326504192858863,0.0,-0.2540663885148469,0.0,8.400305493134933,57.94427601939151,0.6551371380490387,0.0337810784985887,6.9004988547336765,57.47106890792524,0.501053060913115,0.05,-0.2836912576962734,-0.1665300838571772,-0.0457319499326724,41.11111111111111
84,46.66666666666666,0.2517540936551798,0.1102855370860656,0.1070159709643858,0.054600473604163,0.0624229674839266,0.0486486465016427,0.0435311438463598,0.026582025721049,0.0343180892422381,0.0379145876866773,0.2361923494945118,0.169047514716912,0.1606511198854878,0.1302017767659787,0.133954907093296,0.1277697435877541,0.1204170921009085,0.1205268053634633,-0.7528828555408751,0.0,-0.8326504192858863,0.0,0.574892995946807,0.0,8.400305493134933,57.94427601939151,0.6551371380490387,0.0337810784985887,6.9004988547336765,57.47106890792524,0.501053060913115,0.1231842627574149,-0.2258648566622625,-0.1665300838571772,0.1034807392704252,46.66666666666666
94,52.22222222222222,0.2785841169880561,0.1266430085290809,0.1230640528788385,0.0643818050721119,0.072413209669165,0.0523525481502699,0.0439139881157701,0.0392523713124107,0.0452785655631323,0.0272687961356503,0.246587933326378,0.1734724456760084,0.1639267283661142,0.1352823238524294,0.1247094458700762,0.1237775239844171,0.1314785626444088,0.1210994521946761,0.9101874999426052,0.0,-0.359647181985573,0.0,0.574892995946807,0.0,8.950622172006547,57.94427601939151,0.6551371380490387,0.0337810784985887,6.9004988547336765,57.47106890792524,0.501053060913115,0.1231842627574149,0.2730562499827815,-0.0719294363971146,0.1034807392704252,52.22222222222222
104,57.77777777777777,0.2864727528892257,0.1596091501293787,0.1351042459569897,0.0819044119326767,0.0721503009185439,0.0486462142542362,0.0452348091870067,0.0408092086141454,0.0394852034335612,0.0391584681919754,0.2452309479623307,0.177403121975457,0.1663273913396822,0.1260961075982699,0.1275770412939565,0.125283863395624,0.1271897733114813,0.1268830063149439,0.9101874999426052,0.0,0.4712970777950346,0.0,0.4114899933019158,0.0,8.950622172006547,49.358699056874414,0.6551371380490387,0.0337810784985887,6.9004988547336765,57.47106890792524,0.501053060913115,0.1231842627574149,0.2730562499827815,0.0942594155590069,0.0740681987943448,57.77777777777777
114,63.33333333333333,0.2540282536114503,0.1319802415067169,0.1201016715023492,0.0694057982939144,0.0655452946115636,0.051479558255053,0.0493929090026944,0.0342137185636323,0.0337129186853084,0.0327044345031229,0.2552603145657012,0.1682379709103764,0.16752060003205,0.1374462157492292,0.1433613100418314,0.1318042168953741,0.1283289943763199,0.1241303389187928,0.9101874999426052,0.0,0.4712970777950346,0.0,0.4114899933019158,0.0,8.950622172006547,49.358699056874414,0.5606064853638627,0.0337810784985887,6.9004988547336765,57.47106890792524,0.501053060913115,0.1231842627574149,0.2730562499827815,0.0942594155590069,0.0740681987943448,63.33333333333333
124,68.88888888888889,0.2472691189581349,0.1298899300126991,0.1325435684251137,0.0811839876006312,0.0822056183388938,0.0484228909137833,0.0456931648701806,0.0452758828671253,0.0527121503911821,0.05031050844504,0.2421038400633575,0.1718076144910104,0.1601259328508312,0.1340034590526656,0.1358638335148597,0.126908689580172,0.1294615575128731,0.1280341169770999,-0.4145424508812536,0.0,-0.7172041330601148,0.0,-0.5207554481135676,0.0,8.950622172006547,49.358699056874414,0.5606064853638627,0.041763841815116,6.9004988547336765,57.47106890792524,0.501053060913115,0.1231842627574149,-0.124362735264376,-0.1434408266120229,-0.0937359806604421,68.88888888888889
134,74.44444444444444,0.2423334020963352,0.1302830788991069,0.1255535659281421,0.082170130958545,0.068592480162669,0.0512863919918199,0.0564236507391295,0.0497974564960151,0.0487226045387077,0.0425249041277891,0.2437817299774126,0.1666357194834695,0.1552002627037386,0.1307101693282055,0.1372992812189075,0.1246831268774271,0.1282644684421491,0.1284367521865919,-0.4145424508812536,0.0,-0.650974348611403,0.0,-0.8507021304943688,0.0,8.950622172006547,49.358699056874414,0.5606064853638627,0.041763841815116,6.764608762962374,57.47106890792524,0.501053060913115,0.1231842627574149,-0.124362735264376,-0.1301948697222806,-0.1531263834889863,74.44444444444444
144,80.0,0.2549570322502961,0.1383618210269181,0.1237651089285926,0.0786277193657935,0.0756201063189004,0.0483444476625773,0.0526951478339343,0.0478123847791242,0.0479376930888577,0.0464899695537051,0.2459883539670913,0.1807201305659804,0.167244755722173,0.1396483959286276,0.1306013683633745,0.1263692872928264,0.1256563988131687,0.1298308873650157,0.8341300690165542,0.0,-0.650974348611403,0.0,-0.8507021304943688,0.0,8.950622172006547,49.358699056874414,0.5606064853638627,0.041763841815116,6.764608762962374,48.901526117652935,0.501053060913115,0.1231842627574149,0.2502390207049662,-0.1301948697222806,-0.1531263834889863,80.0
154,85.55555555555556,0.2529419102475051,0.1345795160208741,0.1233379513423055,0.088111206296622,0.0614819175713851,0.0582177344483382,0.0489691118142739,0.0556944089549268,0.0492674477256191,0.0429760305927151,0.2925100530465345,0.1945950595218689,0.1685947802274147,0.1501012186914645,0.1447240948936219,0.1310531153099009,0.1298570143545613,0.1175610556090387,0.8341300690165542,0.0,-0.6374328276328969,0.0,0.9345007822726416,0.0,8.950622172006547,49.358699056874414,0.5606064853638627,0.041763841815116,6.764608762962374,48.901526117652935,0.6009096517915906,0.1231842627574149,0.2502390207049662,-0.1274865655265794,0.1682101408090754,85.55555555555556
164,91.1111111111111,0.2438763861493553,0.1372053457345961,0.1256616806018529,0.0810888198817297,0.0747738733943903,0.0483437126692997,0.052886704761072,0.0509044508950342,0.0437950643606379,0.0409272801481979,0.246132125286121,0.1517248409119119,0.1395876595631987,0.1062516818809604,0.1069275181860171,0.0925792044424805,0.0900769678242657,0.0921381768936978,0.8341300690165542,0.0,-0.6374328276328969,0.0,0.5703431605832021,0.0,8.950622172006547,49.358699056874414,0.5606064853638627,0.041763841815116,6.764608762962374,48.901526117652935,0.6009096517915906,0.0830246028111738,0.2502390207049662,-0.1274865655265794,0.1026617689049763,91.1111111111111
174,96.66666666666666,0.2580282777833582,0.1438410023635939,0.1341168655675097,0.0815333013181995,0.0652167507401191,0.0567777417990026,0.063795181621998,0.0528442757016589,0.0411959264161187,0.0361445756921695,0.2467651331176085,0.1498582728330731,0.1337681610380303,0.1035741958925144,0.0887991375405321,0.0916724547933555,0.0807788064155267,0.0831359684307805,0.3513158968819491,0.0,-0.3256279463420617,0.0,0.5703431605832021,0.0,9.585600906990056,49.358699056874414,0.5606064853638627,0.041763841815116,6.764608762962374,48.901526117652935,0.6009096517915906,0.0830246028111738,0.1053947690645847,-0.0651255892684123,0.1026617689049763,96.66666666666666
184,102.2222222222222,0.2532367646671393,0.1225336814122484,0.1253859469977531,0.0712077750956514,0.0727948467383288,0.0516567979681282,0.0626041181046528,0.0480686034685899,0.0408106224291905,0.0394121849803767,0.2436253792982662,0.1547243318419174,0.1421890964648679,0.1078449526590752,0.0971607318169184,0.0960825183358852,0.0874367265811827,0.0809912151775657,-0.4929212891005571,0.0,-0.7537090309858842,0.0,-0.2824945082276276,0.0,9.585600906990056,55.85323838427506,0.5606064853638627,0.041763841815116,6.764608762962374,48.901526117652935,0.6009096517915906,0.0830246028111738,-0.1478763867301671,-0.1507418061971768,-0.0508490114809729,102.2222222222222
194,107.77777777777776,0.2586585039600948,0.1289974442503938,0.1238107740546269,0.0798368637070112,0.0792538095936271,0.0621961558467209,0.0569722586653498,0.0375529504366686,0.0482929719717362,0.0459597620211298,0.2413841972260213,0.1586702126905565,0.130215557153022,0.10729246796876,0.0936824224756267,0.0899931317258124,0.0947333711425267,0.0892558331082841,-0.4929212891005571,0.0,0.6249472638978745,0.0,0.6272222145016759,0.0,9.585600906990056,55.85323838427506,0.6244358458882325,0.041763841815116,6.764608762962374,48.901526117652935,0.6009096517915906,0.0830246028111738,-0.1478763867301671,0.1249894527795749,0.1128999986103016,107.77777777777776
204,113.33333333333331,0.3392635053596377,0.2320266090581811,0.2325567752551985,0.1835494939740206,0.1761984374979225,0.1666819729658454,0.1648258949185809,0.1499906862501639,0.1541781457664026,0.1486047500455688,0.2500686808687703,0.1579045348988011,0.1433964374556305,0.1022859174456809,0.1042643291341639,0.0914695814038054,0.0901099750267413,0.0856255981972997,0.7835904027239415,0.0,0.6249472638978745,0.0,-0.5068198465060151,0.0,9.585600906990056,55.85323838427506,0.6244358458882325,0.1483440221522827,6.764608762962374,48.901526117652935,0.6009096517915906,0.0830246028111738,0.2350771208171824,0.1249894527795749,-0.0912275723710827,113.33333333333331
214,118.88888888888889,0.3443746211976728,0.2383149221515231,0.2284320986217011,0.1761818048324429,0.1726556852043274,0.1660213675874104,0.1521967454598418,0.1598181623693706,0.1483901771424258,0.1535729888113582,0.2582066687413508,0.1595238250981219,0.147962466185111,0.1057484148205909,0.105201909158051,0.0817878193248205,0.080275438363712,0.0854677380434733,0.7835904027239415,0.0,-0.94427640568699,0.0,-0.6673300344223805,0.0,9.585600906990056,55.85323838427506,0.6244358458882325,0.1483440221522827,6.645926094706796,48.901526117652935,0.6009096517915906,0.0830246028111738,0.2350771208171824,-0.188855281137398,-0.1201194061960284,118.88888888888889
224,124.44444444444444,0.3480861686178865,0.2397165782345942,0.2303575310937965,0.1865414055187706,0.1765299487934153,0.159976983699621,0.1581484001045568,0.1563530438165097,0.1477032831986932,0.1456707713648141,0.2594555737399018,0.1687343804958005,0.1433723598088248,0.1123703980602837,0.097555043092658,0.0953092854255486,0.0855377542689057,0.082179322598646,0.929562902612182,0.0,-0.94427640568699,0.0,-0.6673300344223805,0.0,9.585600906990056,55.85323838427506,0.6244358458882325,0.1483440221522827,6.645926094706796,43.20424067715689,0.6009096517915906,0.0830246028111738,0.2788688707836546,-0.188855281137398,-0.1201194061960284,124.44444444444444
234,130.0,0.3402251964823041,0.2399620427404375,0.2385012835499623,0.1779088039815582,0.1788608890257994,0.1623574698974417,0.1583804032045893,0.1446981320203787,0.1553183884222186,0.1497206687776591,0.2647953944239339,0.171168988635279,0.1420525434902945,0.1006422559389204,0.0994137244000651,0.0920095892076903,0.0876634839434569,0.0770886867016746,0.929562902612182,0.0,-0.9375192739352912,0.0,0.3899352928534124,0.0,9.585600906990056,55.85323838427506,0.6244358458882325,0.1483440221522827,6.645926094706796,43.20424067715689,0.6225079208546062,0.0830246028111738,0.2788688707836546,-0.1875038547870582,0.0701883527136142,130.0
244,135.55555555555554,0.3310038199176922,0.2223443515829316,0.2162890812292748,0.1767789715270053,0.1726248098938353,0.1548179260842444,0.15641391698611,0.1510752640561845,0.1543185938691464,0.1539575583538574,0.193221049145002,0.1052185528039958,0.0639386127535939,0.0386034637651698,0.0255527806619711,0.0131744508855609,0.0124229779266238,0.0086103781046688,-0.96022615354539,0.0,0.5065167396705559,0.0,-0.8141953860563202,0.0,9.585600906990056,55.85323838427506,0.6244358458882325,0.1483440221522827,6.645926094706796,43.20424067715689,0.6225079208546062,0.0065913011942075,-0.288067846063617,0.1013033479341111,-0.1465551694901376,135.55555555555554
254,141.11111111111111,0.2849878285667373,0.2035103760101038,0.1825987294021293,0.1627364968220095,0.1666373077278697,0.1483909147813338,0.1476665690806232,0.1487479512218829,0.1578423768366783,0.151437276192202,0.2036593595952432,0.0991350727137875,0.079136993650836,0.032399170318132,0.0244842704556089,0.0170500181476198,0.0122919564625604,0.0041111817664536,-0.850583500831078,0.0,0.2853225309540041,0.0,-0.8196538750719052,0.0,6.514176892075508,55.85323838427506,0.6244358458882325,0.1483440221522827,6.645926094706796,43.20424067715689,0.6225079208546062,0.0065913011942075,-0.2551750502493234,0.0570645061908008,-0.1475376975129429,141.11111111111111
264,146.66666666666666,0.2935018821848001,0.2069942378174858,0.1886622437074279,0.1615536465487089,0.156187806251365,0.1475182522720104,0.152816062680387,0.149141361819359,0.1525995101230262,0.1514236722045104,0.2071592952608777,0.0939350649063,0.0645080926337978,0.031669203276789,0.0183512747178816,0.0205646814679261,0.0133914780187049,0.0188042104171561,-0.850583500831078,0.0,0.2853225309540041,0.0,0.6456861056997572,0.0,6.514176892075508,50.297776405427406,0.6244358458882325,0.1483440221522827,6.645926094706796,43.20424067715689,0.6225079208546062,0.0065913011942075,-0.2551750502493234,0.0570645061908008,0.1162234990259562,146.66666666666666
274,152.2222222222222,0.2829877913231476,0.2036864414527744,0.1862001753463033,0.1632605856764839,0.1656461996612138,0.1436297008555782,0.1521591942626502,0.1409795975292209,0.1549605346650515,0.1586385551761098,0.2110788319254929,0.0965494994530365,0.0776265554470011,0.0356948778249877,0.0240724277034496,0.0181809315234149,0.0101784376812936,0.0044771424496476,0.3112774669462586,0.0,0.2853225309540041,0.0,0.6456861056997572,0.0,6.514176892075508,50.297776405427406,0.5932412050650578,0.1483440221522827,6.645926094706796,43.20424067715689,0.6225079208546062,0.0065913011942075,0.0933832400838775,0.0570645061908008,0.1162234990259562,152.2222222222222
284,157.77777777777777,0.2831597203585317,0.2040947424887489,0.1820513313799668,0.1535787020712599,0.1507459417795074,0.1419430672078086,0.1423432917045247,0.1430606376966987,0.1400009268176046,0.1445115079088189,0.2098748475683112,0.105394451421423,0.0709103361968716,0.0442855588789231,0.0272933364953929,0.0174320247981894,0.0236164901416163,0.0054994797774172,0.3112774669462586,0.0,-0.6692934659520485,0.0,-0.4341378046781106,0.0,6.514176892075508,50.297776405427406,0.5932412050650578,0.1375751659789278,6.645926094706796,43.20424067715689,0.6225079208546062,0.0065913011942075,0.0933832400838775,-0.1338586931904097,-0.0781448048420599,157.77777777777777
294,163.33333333333331,0.2830931409647044,0.1895750908967404,0.1807976368046821,0.1533727558964502,0.1508100540171004,0.1395016591308089,0.1442516928389091,0.1337707269891618,0.1296284428860787,0.1386590485168597,0.2450386884464719,0.117592321377443,0.0962393899353162,0.0490831520034926,0.0293373706502707,0.0237518428865659,0.019265102172908,0.012095748567311,0.5867225361799108,0.0,-0.6692934659520485,0.0,-0.4341378046781106,0.0,6.514176892075508,50.297776405427406,0.5932412050650578,0.1375751659789278,7.887678763473032,43.20424067715689,0.6225079208546062,0.0065913011942075,0.1760167608539732,-0.1338586931904097,-0.0781448048420599,163.33333333333331
304,168.88888888888889,0.2863745888998172,0.2021984027552562,0.1802292687731022,0.1554699310194468,0.1393903939276201,0.1420712769519696,0.1383766196913821,0.1366337957943785,0.1402114574468876,0.1355057991632657,0.2295303772860681,0.1115282147499793,0.0839969774084499,0.0400900333370141,0.0330858638418804,0.020432206115574,0.0163361874339204,0.0152582825809652,0.5867225361799108,0.0,0.8399565232970754,0.0,-0.4341378046781106,0.0,6.514176892075508,50.297776405427406,0.5932412050650578,0.1375751659789278,7.887678763473032,50.28235293199028,0.6225079208546062,0.0065913011942075,0.1760167608539732,0.167991304659415,-0.0781448048420599,168.88888888888889
314,174.44444444444443,0.2783786237462389,0.2040958861227838,0.1832297464908303,0.1575452716696225,0.1385169020174368,0.1388935880369405,0.1384702835113267,0.1424233543370972,0.1517701864378576,0.1285168113975825,0.2239493551541422,0.1000219954000573,0.0829531543207819,0.0438501327177355,0.0308970971189388,0.0198678549023113,0.022610329744829,0.0165848616515736,0.5867225361799108,0.0,0.26491777358146,0.0,-0.5938555922849266,0.0,6.514176892075508,50.297776405427406,0.5932412050650578,0.1375751659789278,7.887678763473032,50.28235293199028,0.5993746870787008,0.0065913011942075,0.1760167608539732,0.052983554716292,-0.1068940066112867,174.44444444444443
324,180.0,0.2804586992128816,0.2031738328818629,0.1865877067187682,0.149272048268758,0.148136430463757,0.1416488088582721,0.1487410706500784,0.139295780856674,0.1356810773782197,0.1422630725732618,0.2400715230256539,0.1312880058690385,0.1022918427429185,0.0600900548258599,0.0683279168216559,0.039611893039624,0.0438173800546024,0.0440776473122503,0.5774022414671264,0.0,0.26491777358146,0.0,-0.3532994380300936,0.0,6.514176892075508,50.297776405427406,0.5932412050650578,0.1375751659789278,7.887678763473032,50.28235293199028,0.5993746870787008,0.0371272383040996,0.1732206724401379,0.052983554716292,-0.0635938988454168,180.0
334,185.55555555555557,0.2798568484710385,0.1937291929726328,0.1786558513695911,0.153503886232086,0.1523486554247808,0.1468381954416125,0.1467424482734443,0.1458464412004085,0.1366811011851674,0.1379226019122769,0.2428306037431943,0.1223766140942608,0.1124558371430407,0.0693558592013402,0.0587645294755689,0.0443041017893152,0.0449170696271472,0.0475949243015473,0.5774022414671264,0.0,0.9300616913650158,0.0,-0.4254850763501618,0.0,6.437740881736019,50.297776405427406,0.5932412050650578,0.1375751659789278,7.887678763473032,50.28235293199028,0.5993746870787008,0.0371272383040996,0.1732206724401379,0.1860123382730031,-0.0765873137430291,185.55555555555557
344,191.11111111111111,0.2801555151999894,0.203459136698024,0.1922941675240061,0.1618448571916108,0.157301652385957,0.1418088287331045,0.1366475394822414,0.1375214680828263,0.1454792572202251,0.1339729190116529,0.2373741782439738,0.1283453706674945,0.1116390198711727,0.074133832933575,0.0576537678660707,0.0410112281472309,0.0532263399381325,0.034008481037768,0.8641079175512217,0.0,0.9300616913650158,0.0,-0.5773264007423569,0.0,6.437740881736019,43.84804287970621,0.5932412050650578,0.1375751659789278,7.887678763473032,50.28235293199028,0.5993746870787008,0.0371272383040996,0.2592323752653665,0.1860123382730031,-0.1039187521336242,191.11111111111111
354,196.66666666666663,0.2975335670407867,0.2060260080423883,0.1881757592425754,0.1639317251555996,0.1501633473533452,0.1456749825514241,0.1487836387291925,0.134488310669799,0.1402615960114979,0.1377958610229791,0.2383957864136089,0.1247387141908777,0.1136688818179371,0.0684287363209076,0.0586968381987391,0.0444599797332783,0.0477933510102707,0.0463291106863551,0.4305406670006675,0.0,-0.6751077918251946,0.0,-0.8987134315019331,0.0,6.437740881736019,43.84804287970621,0.6384064241763678,0.1375751659789278,7.887678763473032,50.28235293199028,0.5993746870787008,0.0371272383040996,0.1291622001002002,-0.1350215583650389,-0.1617684176703479,196.66666666666663
364,202.2222222222222,0.2354687444888556,0.1162077386980495,0.0915128277925048,0.0556266021570952,0.0503598055084332,0.0362512562864412,0.0340665813449406,0.0324428484435217,0.0311695411614011,0.0462295457243788,0.2464433135588146,0.1291220756344126,0.1060566072332506,0.0707285336820402,0.072140105840692,0.0479427891557424,0.0447799314824944,0.0409170379752755,0.4305406670006675,0.0,0.2913268607878757,0.0,-0.8987134315019331,0.0,6.437740881736019,43.84804287970621,0.6384064241763678,0.0300910085980492,7.887678763473032,50.28235293199028,0.5993746870787008,0.0371272383040996,0.1291622001002002,0.0582653721575751,-0.1617684176703479,202.2222222222222
374,207.77777777777777,0.2155824027823222,0.1215914396387745,0.0922696028939835,0.0645464706427447,0.052396695001275,0.0485924216741915,0.0318367251203104,0.0366030623675152,0.0393494265481567,0.0315413600743338,0.2264932060607805,0.1227221259953029,0.1040641054192032,0.0631430056991062,0.0549706589674991,0.0487258394265642,0.0364718135105652,0.035072906326104,0.4305406670006675,0.0,0.8045769199463354,0.0,-0.5178777968723094,0.0,6.437740881736019,43.84804287970621,0.6384064241763678,0.0300910085980492,7.10860893180662,50.28235293199028,0.5993746870787008,0.0371272383040996,0.1291622001002002,0.160915383989267,-0.0932180034370157,207.77777777777777
384,213.3333333333333,0.2283912865375065,0.120550263096885,0.0906801109076924,0.064283731861935,0.0459600398359734,0.0325911597806135,0.0300693470019409,0.0271586450589531,0.0238975792332807,0.0269380894293523,0.2370053649063286,0.1436583005279273,0.1157064006811376,0.0705461341488969,0.0667051756264188,0.0509420696174807,0.0417405786534008,0.0394613935394963,0.3011523864687505,0.0,-0.7216626533958439,0.0,0.4843222887195135,0.0,6.437740881736019,43.84804287970621,0.6384064241763678,0.0300910085980492,7.10860893180662,40.07468484104152,0.5993746870787008,0.0371272383040996,0.0903457159406251,-0.1443325306791688,0.0871780119695124,213.3333333333333
394,218.88888888888889,0.2339868341763053,0.1225261265562757,0.0881008673379016,0.0615464310406966,0.0516789549966327,0.0382339234977269,0.0272273982897777,0.0299626225606561,0.0331966144264025,0.0306258440843137,0.2682500282680711,0.1463762869484415,0.1170047038172872,0.0746070170825164,0.0705583078988651,0.044327209891411,0.0382796593747154,0.0422517223600255,0.3011523864687505,0.0,-0.7216626533958439,0.0,0.4843222887195135,0.0,6.437740881736019,43.84804287970621,0.6384064241763678,0.0300910085980492,7.10860893180662,40.07468484104152,0.6660095459603491,0.0371272383040996,0.0903457159406251,-0.1443325306791688,0.0871780119695124,218.88888888888889
404,224.44444444444443,0.2194740799811847,0.1124168175115164,0.0953863838703521,0.0668305493522885,0.0510915855962926,0.0447795761555781,0.0428374258571745,0.0311285325672348,0.0301161771588489,0.0353893916611809,0.2475706385514231,0.1270686576628827,0.1006998822060309,0.0607613093805642,0.0549045364567063,0.0295999608712959,0.0308035949686038,0.0308514756967861,-0.3080428763408374,0.0,0.883373863808487,0.0,-0.8561154585447669,0.0,6.437740881736019,43.84804287970621,0.6384064241763678,0.0300910085980492,7.10860893180662,40.07468484104152,0.6660095459603491,0.0231691621592159,-0.0924128629022512,0.1766747727616974,-0.154100782538058,224.44444444444443
414,230.0,0.2447311813671817,0.1207051049859568,0.1085106788389968,0.0688454188213394,0.0534950260182636,0.040033347902546,0.0386806318128943,0.0313891980607568,0.0365122652125715,0.0322399150367582,0.2442952514356769,0.1281109937427592,0.1054585971811869,0.0576637326822511,0.0535981414720989,0.0387082477232084,0.0345544012610385,0.0230887820655698,-0.768829948234208,0.0,0.883373863808487,0.0,-0.8561154585447669,0.0,7.256317774604113,43.84804287970621,0.6384064241763678,0.0300910085980492,7.10860893180662,40.07468484104152,0.6660095459603491,0.0231691621592159,-0.2306489844702623,0.1766747727616974,-0.154100782538058,230.0
424,235.55555555555557,0.2177599896506133,0.1076485360606465,0.1048192237576888,0.0556378743265049,0.0475411385279697,0.0267283440107137,0.0403927723524389,0.0308693861586479,0.0307322107891938,0.0224835719851767,0.2398142633579645,0.1347261950378579,0.1095392277436135,0.0516547968156973,0.0531002185609489,0.0343392768240246,0.0295741597914086,0.0373398759906523,-0.768829948234208,0.0,0.5163228698769626,0.0,-0.3992766743938841,0.0,7.256317774604113,57.606643079616575,0.6384064241763678,0.0300910085980492,7.10860893180662,40.07468484104152,0.6660095459603491,0.0231691621592159,-0.2306489844702623,0.1032645739753925,-0.0718698013908991,235.55555555555557
434,241.1111111111111,0.2187793842857016,0.1072862039454477,0.0909662259091249,0.0580387039317338,0.0386994610311559,0.0296952887059171,0.032564863601844,0.0308976964516427,0.0277848759995361,0.0354965624539054,0.2628288239730072,0.1338423915780936,0.1030132451458186,0.0658214096166857,0.052811646786468,0.0310327587656426,0.0250015520583783,0.0311039409357845,0.5932942111284123,0.0,-0.2913031784866507,0.0,-0.679510278787679,0.0,7.256317774604113,57.606643079616575,0.6019581619736846,0.0300910085980492,7.10860893180662,40.07468484104152,0.6660095459603491,0.0231691621592159,0.1779882633385237,-0.0582606356973301,-0.1223118501817822,241.1111111111111
444,246.66666666666663,0.2877795614998624,0.1766548881614709,0.1707102972899707,0.148311172501195,0.1429123998296561,0.1318265634060847,0.1256214104140117,0.1265126665456714,0.1275046305872518,0.1289847856241224,0.2566152940562105,0.147474595160203,0.1075159791483741,0.0666230900324032,0.046452497130945,0.0393683881199972,0.0336325582150809,0.037203739911251,0.5932942111284123,0.0,-0.2913031784866507,0.0,-0.679510278787679,0.0,7.256317774604113,57.606643079616575,0.6019581619736846,0.1270725369548803,7.10860893180662,40.07468484104152,0.6660095459603491,0.0231691621592159,0.1779882633385237,-0.0582606356973301,-0.1223118501817822,246.66666666666663
454,252.2222222222222,0.2882158222144043,0.1918303368777359,0.1771603489079393,0.1470357671159045,0.1414508013155585,0.1457265036019775,0.1314975133664858,0.1300885330216838,0.1362348926330166,0.119334060445047,0.2770529382808358,0.1418464154098015,0.1160366091538411,0.0687448374786064,0.0626993493509904,0.0423713226167317,0.0407999000486666,0.0220510079580205,0.3590825870857404,0.0,-0.2913031784866507,0.0,0.8512587785043213,0.0,7.256317774604113,57.606643079616575,0.6019581619736846,0.1270725369548803,7.919151500827579,40.07468484104152,0.6660095459603491,0.0231691621592159,0.1077247761257221,-0.0582606356973301,0.1532265801307778,252.2222222222222
464,257.77777777777777,0.286148795289898,0.1856664551995614,0.1820187687962302,0.1420883990789953,0.147839484874149,0.1283863402445319,0.1262330133883395,0.1399462599731604,0.114619532582314,0.1282346801028007,0.2441887164977678,0.106019018493986,0.1006864579752788,0.0528407781925039,0.0411873522224216,0.0354838222652105,0.0368362780002824,0.0285435890576441,-0.3312953469185658,0.0,0.9061260134940788,0.0,-0.9450801065835456,0.0,7.256317774604113,57.606643079616575,0.6019581619736846,0.1270725369548803,7.919151500827579,54.83541894723714,0.6660095459603491,0.0231691621592159,-0.0993886040755697,0.1812252026988157,-0.1701144191850382,257.77777777777777
474,263.3333333333333,0.2873594980186452,0.1848286857108011,0.17889436128837,0.1478154548486772,0.1412732554283525,0.1416645658771086,0.1290530235932535,0.1238946868435489,0.130482871351941,0.1253795898042112,0.1909909175600505,0.0938060732471195,0.0890795315729593,0.0417001783334785,0.037454873740815,0.0302717515749489,0.0295277791344144,0.0233056821564468,-0.3312953469185658,0.0,0.2726351927953611,0.0,-0.9450801065835456,0.0,7.256317774604113,57.606643079616575,0.6019581619736846,0.1270725369548803,7.919151500827579,54.83541894723714,0.5182991210126091,0.0231691621592159,-0.0993886040755697,0.0545270385590722,-0.1701144191850382,263.3333333333333
484,268.88888888888886,0.2909294551971081,0.1849582938469326,0.1734843665222272,0.1486023968109403,0.1444272829935386,0.1323885486086855,0.1331756250970781,0.1178848812164818,0.1293969081610898,0.1228102740119468,0.241876620747775,0.1435995392937236,0.131259191559005,0.0985813940714069,0.1021930517163452,0.0936883204363082,0.0924734665815393,0.0806962367968032,0.5958694650413912,0.0,0.8406215869551903,0.0,-0.983225573927852,0.0,7.256317774604113,57.606643079616575,0.6019581619736846,0.1270725369548803,7.919151500827579,54.83541894723714,0.5182991210126091,0.0811715732064733,0.1787608395124173,0.168124317391038,-0.1769806033070133,268.88888888888886
494,274.44444444444446,0.2934904883953226,0.1902159761711807,0.1897210904046617,0.1482033640843921,0.1513720625315259,0.130358743036597,0.1367819280843681,0.1276874742851281,0.1302311051628312,0.1231749278118024,0.239051691264165,0.1367088277572328,0.1360329345706912,0.1050394014736149,0.0989958207217848,0.0886311229669096,0.0901826475696393,0.0756513078460358,0.5958694650413912,0.0,0.2785318150764415,0.0,-0.983225573927852,0.0,8.02487115616112,57.606643079616575,0.6019581619736846,0.1270725369548803,7.919151500827579,54.83541894723714,0.5182991210126091,0.0811715732064733,0.1787608395124173,0.0557063630152883,-0.1769806033070133,274.44444444444446
504,280.0,0.2988428634560426,0.189329190377841,0.1897661228026909,0.154696453542647,0.1483999882276955,0.1323907820494806,0.1387228886466791,0.1300450303149249,0.1360919429029832,0.1300491724255494,0.2338024497252114,0.1426341702668748,0.135751477419848,0.0971972298008189,0.1056458810117254,0.0886243269456747,0.0881921805075581,0.0834980823064202,0.6515730984552558,0.0,0.2785318150764415,0.0,0.2884821377157662,0.0,8.02487115616112,57.42678753385761,0.6019581619736846,0.1270725369548803,7.919151500827579,54.83541894723714,0.5182991210126091,0.0811715732064733,0.1954719295365767,0.0557063630152883,0.0519267847888379,280.0
514,285.55555555555554,0.2889627265136637,0.1943384072624376,0.1803029083301691,0.1487390038119779,0.1475519209662961,0.1403017382063675,0.1410419186191678,0.1285199973659242,0.1311462337817213,0.1328284812198249,0.247473294229961,0.1404595913847118,0.129620058991293,0.1057457462715383,0.104305609624764,0.087122443517409,0.0942140531829026,0.0713464812020443,0.6515730984552558,0.0,0.5365051167139232,0.0,0.2884821377157662,0.0,8.02487115616112,57.42678753385761,0.5722528118028315,0.1270725369548803,7.919151500827579,54.83541894723714,0.5182991210126091,0.0811715732064733,0.1954719295365767,0.1073010233427846,0.0519267847888379,285.55555555555554
524,291.1111111111111,0.2586182225052033,0.1505258137843256,0.1542582340200062,0.1124572742463874,0.1093308755194918,0.093182004813151,0.092732639819628,0.0931077280142097,0.0967205725610485,0.0827407686535269,0.2370620291252676,0.1443817158817428,0.1287406296452707,0.1001021287519545,0.0931591396170861,0.0948903255649537,0.0923229540905917,0.085078864783377,-0.3625972300938934,0.0,0.5365051167139232,0.0,-0.3734554370518162,0.0,8.02487115616112,57.42678753385761,0.5722528118028315,0.0897276100810819,7.919151500827579,54.83541894723714,0.5182991210126091,0.0811715732064733,-0.108779169028168,0.1073010233427846,-0.0672219786693269,291.1111111111111
534,296.66666666666663,0.2524190946870184,0.156812933519542,0.1586468692866948,0.1117281480683748,0.1096842714792777,0.0955855649932195,0.0920105649239704,0.0917479243888996,0.0946835053233899,0.1061524498788837,0.2017634596707889,0.1216817327289896,0.1212741270791064,0.0969356915147689,0.0850831475590536,0.0845883919137177,0.0849526035806017,0.0878142369799084,-0.3625972300938934,0.0,0.6668505533328541,0.0,-0.3734554370518162,0.0,8.02487115616112,57.42678753385761,0.5722528118028315,0.0897276100810819,6.177754927036511,54.83541894723714,0.5182991210126091,0.0811715732064733,-0.108779169028168,0.1333701106665708,-0.0672219786693269,296.66666666666663
544,302.22222222222223,0.2427133051634591,0.1542859801107541,0.1478206182328175,0.1205757355076502,0.1181452677650809,0.0869335797614335,0.0961398014821832,0.0902689781978469,0.0933858789740808,0.0876692666725605,0.2114836732309011,0.1516719197052553,0.1180847034763225,0.1051553972203625,0.0923347495755745,0.0795116349873314,0.0850926423953823,0.0832399058670408,-0.3034061723832887,0.0,0.6668505533328541,0.0,0.4115986540312132,0.0,8.02487115616112,57.42678753385761,0.5722528118028315,0.0897276100810819,6.177754927036511,47.752636022214574,0.5182991210126091,0.0811715732064733,-0.0910218517149866,0.1333701106665708,0.0740877577256183,302.22222222222223
554,307.77777777777777,0.2613094105679406,0.1527834686158819,0.1421133190108326,0.1214082300819322,0.1146944329574291,0.1112811434324247,0.1038321995554221,0.0995221127533896,0.097859331087553,0.0861611136458614,0.2301141085540381,0.1466472734989833,0.1265646221005791,0.0973521167372886,0.095498473219781,0.08724131608267,0.0724897792191213,0.0897724449786463,0.2929409197124976,0.0,-0.6347963609271962,0.0,0.9097699219187492,0.0,8.02487115616112,57.42678753385761,0.5722528118028315,0.0897276100810819,6.177754927036511,47.752636022214574,0.5646072692516413,0.0811715732064733,0.0878822759137492,-0.1269592721854392,0.1637585859453748,307.77777777777777
564,313.3333333333333,0.2623326654491977,0.1599944743408968,0.1447981126657551,0.118941280256649,0.105023795759024,0.0990393169564853,0.0916915559055042,0.0978140547502608,0.0879532805459382,0.0914776076871461,0.1942734084126003,0.0881143262084106,0.0761813710129388,0.0516158021194483,0.0432503034646791,0.0341267075907984,0.0277507875766795,0.0189226832737433,0.2929409197124976,0.0,0.7375714855279186,0.0,0.9097699219187492,0.0,8.02487115616112,57.42678753385761,0.5722528118028315,0.0897276100810819,6.177754927036511,47.752636022214574,0.5646072692516413,0.0225299593605677,0.0878822759137492,0.1475142971055837,0.1637585859453748,313.3333333333333
574,318.88888888888886,0.2848581052279479,0.1699205101032543,0.1706650983493296,0.1207395963935907,0.1151554644159853,0.1021038016010453,0.1021617052563488,0.0904971597309724,0.1021454048064344,0.0929565609272196,0.195393365539814,0.0884009436366819,0.07119671255225,0.0372692472659311,0.0401434023150824,0.0384087969553946,0.010998094459473,0.0279320009753158,0.760920485417365,0.0,0.4223264144175302,0.0,0.9097699219187492,0.0,9.01228193222104,57.42678753385761,0.5722528118028315,0.0897276100810819,6.177754927036511,47.752636022214574,0.5646072692516413,0.0225299593605677,0.2282761456252094,0.084465282883506,0.1637585859453748,318.88888888888886
584,324.4444444444444,0.2970812231926048,0.1811617402011457,0.1801958023045639,0.1241492569430356,0.1264599560974138,0.1072527644152705,0.1016579603607262,0.0948388925219112,0.0940357278800604,0.0979770855555085,0.1851343481727892,0.0918589033022591,0.0725985168950721,0.0432585752692364,0.0374179926088247,0.0335079324530343,0.0298087076730158,0.0207578663991864,0.760920485417365,0.0,0.4223264144175302,0.0,0.9720049135468802,0.0,9.01228193222104,47.58892343100625,0.5722528118028315,0.0897276100810819,6.177754927036511,47.752636022214574,0.5646072692516413,0.0225299593605677,0.2282761456252094,0.084465282883506,0.1749608844384384,324.4444444444444
594,330.0,0.3287890311175905,0.2017288030883466,0.188321917043738,0.1271664594053456,0.1243260349768642,0.1102755242215938,0.0986377235252376,0.102899811137303,0.0916240928476936,0.0885689801551712,0.1855649405020055,0.0923663909998988,0.0755377804566283,0.0365723910244116,0.035537213319334,0.0256291193848644,0.0262472782271592,0.0226928498707638,-0.7710015560841001,0.0,0.4223264144175302,0.0,0.9720049135468802,0.0,9.01228193222104,47.58892343100625,0.6957495768822443,0.0897276100810819,6.177754927036511,47.752636022214574,0.5646072692516413,0.0225299593605677,-0.23130046682523,0.084465282883506,0.1749608844384384,330.0
604,335.55555555555554,0.340165854419335,0.19980594934889,0.1920234953774078,0.1355856736632293,0.1229862589864805,0.1155673878965267,0.1005424761031916,0.099770585879635,0.084899901613274,0.0844897387524175,0.1916776854334256,0.0894982343553989,0.0803390600486846,0.0437423669223017,0.0383582250992286,0.0408994093538217,0.0245645399928401,0.0334999161277098,0.3942340549957899,0.0,-0.4876028028891883,0.0,-0.7670934145457411,0.0,9.01228193222104,47.58892343100625,0.6957495768822443,0.0884987539515915,6.177754927036511,47.752636022214574,0.5646072692516413,0.0225299593605677,0.1182702164987369,-0.0975205605778376,-0.1380768146182334,335.55555555555554
614,341.1111111111111,0.3390160267445496,0.1978666138477973,0.1902965567826211,0.1447458503770891,0.1278509515884709,0.1082483323591916,0.1045928504414489,0.0814490850113285,0.1024768881253191,0.0952612509238435,0.2151526800807957,0.0994164671530326,0.0985700523722515,0.056634098576137,0.0473022709968972,0.0372206454082053,0.0299384429254566,0.0289553811551665,0.3178982337947226,0.0,-0.3994951422801064,0.0,0.292917531810717,0.0,9.01228193222104,47.58892343100625,0.6957495768822443,0.0884987539515915,7.815168761489554,47.752636022214574,0.5646072692516413,0.0225299593605677,0.0953694701384167,-0.0798990284560212,0.052725155725929,341.1111111111111
624,346.66666666666663,0.3290901735401418,0.1934258830382158,0.1932756982246186,0.1299416075377897,0.1229745258843666,0.1072771101673303,0.1009753910908439,0.0907818416798256,0.0936397794715289,0.085962734128436,0.2073478725963339,0.099191133964347,0.0795086994397713,0.0441528571966322,0.0440004793722218,0.0340398129562301,0.0246366665133914,0.0288959732277227,-0.2576756261532805,0.0,-0.3994951422801064,0.0,0.292917531810717,0.0,9.01228193222104,47.58892343100625,0.6957495768822443,0.0884987539515915,7.815168761489554,52.75993161576665,0.5646072692516413,0.0225299593605677,-0.0773026878459841,-0.0798990284560212,0.052725155725929,346.66666666666663
634,352.22222222222223,0.3292442792942703,0.2078484720642259,0.1895852463062098,0.1283448599115108,0.1304780437304484,0.1028996326995358,0.096613308350811,0.0935719462782048,0.0968364621628035,0.0882584562557735,0.2428560495213475,0.115756571290297,0.0913384373698358,0.0519901583305992,0.0495367006030617,0.0313624774294274,0.0367894680845435,0.0215338934781436,-0.8712659954577131,0.0,-0.4954984676906286,0.0,0.292917531810717,0.0,9.01228193222104,47.58892343100625,0.6957495768822443,0.0884987539515915,7.815168761489554,52.75993161576665,0.6352900487625577,0.0225299593605677,-0.2613797986373139,-0.0990996935381257,0.052725155725929,352.22222222222223
644,357.77777777777777,0.3307590672109041,0.1970310775854323,0.1849229414102928,0.1332440825455951,0.1197575771256348,0.1131256586050826,0.1034701045959015,0.092861015777073,0.0974763809602657,0.0924418453471279,0.2374728452429892,0.1113522187943589,0.0917072851641181,0.0553049518178013,0.0487154148317851,0.0334680435636309,0.0337881287128594,0.0341635686989341,-0.8712659954577131,0.0,-0.4954984676906286,0.0,0.755718665433818,0.0,9.01228193222104,47.58892343100625,0.6957495768822443,0.0884987539515915,7.815168761489554,52.75993161576665,0.6352900487625577,0.0226182028752553,-0.2613797986373139,-0.0990996935381257,0.1360293597780872,357.77777777777777
654,363.3333333333333,0.3036173654698229,0.1975712827689032,0.1758530766982765,0.1196781340731526,0.1253274483114987,0.0969387668377455,0.1015617486899862,0.0846714630077188,0.0851869471524791,0.0861403985344024,0.2384500353169551,0.1203359098244097,0.1028853663131699,0.0528729852910771,0.0480333104471076,0.0398098293383975,0.0264606693938789,0.0278735091160198,0.628149423588322,0.0,0.884213613542453,0.0,0.755718665433818,0.0,7.8090030950022,47.58892343100625,0.6957495768822443,0.0884987539515915,7.815168761489554,52.75993161576665,0.6352900487625577,0.0226182028752553,0.1884448270764966,0.1768427227084906,0.1360293597780872,363.3333333333333
664,368.88888888888886,0.3154246541490357,0.1905428222656312,0.1688130499706502,0.1302733455124765,0.1124920845059435,0.1031343381611021,0.0948814875467238,0.0867174146258135,0.0951520682904636,0.0875137952489031,0.2378053456566007,0.115795869917974,0.1003138420187339,0.0494060068334566,0.0367277062907206,0.0288024256129799,0.0363953567754426,0.0285388542095566,-0.8423606603469943,0.0,0.5325779232495274,0.0,0.547521813868728,0.0,7.8090030950022,44.79127923659047,0.6957495768822443,0.0884987539515915,7.815168761489554,52.75993161576665,0.6352900487625577,0.0226182028752553,-0.2527081981040983,0.1065155846499054,0.098553926496371,368.88888888888886
674,374.4444444444444,0.2684440006985974,0.1699769459847346,0.1491575765526287,0.1131541332165556,0.1125564617791579,0.1013644358182871,0.0948801472145486,0.094991176740762,0.0920639823457997,0.0867223873758304,0.2415877816017974,0.10906378462684,0.0944494929532499,0.0539639821023709,0.0429625339293667,0.0294764779066917,0.0277239498533982,0.0284745903627771,-0.5569248158810168,0.0,0.5325779232495274,0.0,-0.8664851646384348,0.0,7.8090030950022,44.79127923659047,0.5804996596207963,0.0884987539515915,7.815168761489554,52.75993161576665,0.6352900487625577,0.0226182028752553,-0.167077444764305,0.1065155846499054,-0.1559673296349182,374.4444444444444
684,380.0,0.2238698610395903,0.1168098195195539,0.087052401030461,0.043804344512298,0.0428388414402124,0.0254862247354699,0.026793967274113,0.0173845316021664,0.0174117620857797,0.0240810973946882,0.2212317314152613,0.1131951998122768,0.0917897179044537,0.052679891402858,0.0354569419336675,0.0238133243971169,0.0345680145024271,0.0351363096445588,-0.845026452213688,0.0,0.8441689242340141,0.0,-0.8664851646384348,0.0,7.8090030950022,44.79127923659047,0.5804996596207963,0.0145056140897618,7.815168761489554,52.75993161576665,0.6352900487625577,0.0226182028752553,-0.2535079356641064,0.1688337848468028,-0.1559673296349182,380.0
694,385.55555555555554,0.2358090246815503,0.1124597277643602,0.1067320625096728,0.0551767377044907,0.0381863541414171,0.0290219390325437,0.0166775516354694,0.018949006838898,0.0192977856365524,0.0195945375941336,0.262596984257204,0.1265780405810922,0.1102339011384632,0.0555771153691406,0.0496155696962733,0.0276547968891755,0.0390076711126548,0.0257986294996744,0.3237493602668447,0.0,0.852725276498589,0.0,0.9162196186842508,0.0,7.8090030950022,44.79127923659047,0.5804996596207963,0.0145056140897618,8.903484153146465,52.75993161576665,0.6352900487625577,0.0226182028752553,0.0971248080800534,0.1705450552997178,0.1649195313631651,385.55555555555554
704,391.1111111111111,0.2412065889284394,0.1171381146619474,0.087521879389132,0.0465944373802692,0.0568436602246818,0.0271967686985785,0.0174004186944676,0.0277867248629214,0.0176060641393142,0.0144970471276307,0.2782677467644066,0.1339729226580273,0.1211261998479461,0.0745884210612847,0.0537430077714869,0.0435551678483739,0.0362232572723836,0.0248876802186173,0.5765216658557604,0.0,0.852725276498589,0.0,0.9162196186842508,0.0,7.8090030950022,44.79127923659047,0.5804996596207963,0.0145056140897618,8.903484153146465,44.300080747117605,0.6352900487625577,0.0226182028752553,0.1729564997567281,0.1705450552997178,0.1649195313631651,391.1111111111111
714,396.6666666666666,0.2101645637224859,0.1048679920531656,0.0842731564706024,0.0537318954578464,0.0381544271780477,0.0364489910521768,0.0286836033625854,0.0210425923699481,0.0165873292442238,0.0194035831100526,0.2760813644092206,0.1437683573768458,0.1231567987088461,0.0725096008009479,0.052643356815551,0.043055714319434,0.0344812052265934,0.0249935850976616,-0.5544524562139636,0.0,0.8928023172317331,0.0,0.4254395764664298,0.0,7.8090030950022,44.79127923659047,0.5804996596207963,0.0145056140897618,8.903484153146465,44.300080747117605,0.6343530325222569,0.0226182028752553,-0.166335736864189,0.1785604634463466,0.0765791237639573,396.6666666666666
724,402.2222222222222,0.2216236219690448,0.1081360637861898,0.0896447242390678,0.0523488878335396,0.0430220980256429,0.0194147159000213,0.0217585877979205,0.0143664874917518,0.013547727468579,0.0227678961250467,0.2751546799478284,0.1577173420201409,0.1406036952099532,0.0800782179461671,0.0827616935386049,0.0593867317517966,0.0543910246374352,0.0497739585410337,-0.5544524562139636,0.0,0.8928023172317331,0.0,-0.933992901699052,0.0,7.8090030950022,44.79127923659047,0.5804996596207963,0.0145056140897618,8.903484153146465,44.300080747117605,0.6343530325222569,0.0450630122218605,-0.166335736864189,0.1785604634463466,-0.1681187223058293,402.2222222222222
734,407.77777777777777,0.2443169877139252,0.1202366355953863,0.1125289229535408,0.0610824586650505,0.0486616512533215,0.0356611501450739,0.0283175583567491,0.0192751720363786,0.0235380504033551,0.0148232936021412,0.2817448407434543,0.1599207006128473,0.1269264730398967,0.0852924317423939,0.081244902462654,0.0550884021076687,0.0678099268698774,0.0451663739948937,-0.6598298973772536,0.0,-0.5158061593114158,0.0,-0.933992901699052,0.0,9.197046483678411,44.79127923659047,0.5804996596207963,0.0145056140897618,8.903484153146465,44.300080747117605,0.6343530325222569,0.0450630122218605,-0.197948969213176,-0.1031612318622831,-0.1681187223058293,407.77777777777777
744,413.3333333333333,0.2260392186354745,0.1044818934778308,0.1028904450257267,0.0529505898620462,0.0505669986489666,0.0265618859672242,0.0280780728451108,0.0252238648059081,0.0188348835132574,0.0215509770057081,0.2823259954552639,0.155731680169039,0.1444006964916853,0.0970225979069679,0.0793097290082041,0.0718060684956661,0.0553031892364948,0.0494288671566206,-0.6598298973772536,0.0,-0.5158061593114158,0.0,-0.8677098877887824,0.0,9.197046483678411,53.24429476676907,0.5804996596207963,0.0145056140897618,8.903484153146465,44.300080747117605,0.6343530325222569,0.0450630122218605,-0.197948969213176,-0.1031612318622831,-0.1561877798019808,413.3333333333333
754,418.88888888888886,0.2131830831720693,0.1046054995445133,0.0938446196608855,0.0445611502768207,0.0489469671187766,0.0262369718788339,0.0311715238752433,0.0134072100000047,0.0113373321506753,0.0245045026586109,0.2824336104885913,0.1634800580803382,0.1384080103880164,0.0923534043217782,0.0848056456787256,0.0536841880558183,0.05781294017961,0.0460263868503404,-0.6598298973772536,0.0,0.3118656636366601,0.0,-0.8677098877887824,0.0,9.197046483678411,53.24429476676907,0.5263231631616612,0.0145056140897618,8.903484153146465,44.300080747117605,0.6343530325222569,0.0450630122218605,-0.197948969213176,0.062373132727332,-0.1561877798019808,418.88888888888886
764,424.4444444444444,0.2882502606972196,0.1865635473211973,0.1948396504395912,0.1588973856287431,0.1547986472826116,0.1276777432378162,0.1424063654250608,0.1291214320378269,0.1256656789163392,0.1300627229371287,0.2864155626012603,0.1591007959146164,0.1429353072505631,0.0895608801642151,0.0794227117097379,0.057897503063633,0.0590008651271667,0.0503163279879909,-0.324198160019661,0.0,-0.6170703571850976,0.0,-0.3163555867261093,0.0,9.197046483678411,53.24429476676907,0.5263231631616612,0.1267611481311829,8.903484153146465,44.300080747117605,0.6343530325222569,0.0450630122218605,-0.0972594480058983,-0.1234140714370195,-0.0569440056106996,424.4444444444444
774,430.0,0.2791011609766984,0.1905441154771187,0.1843453429476696,0.1540813614839624,0.1460197769087947,0.1374938718576386,0.1381319643500921,0.1308553627584038,0.1215605927990915,0.1246290314795796,0.2803075971772923,0.1542937176424696,0.1419972672718375,0.0812175278191429,0.0864214922529381,0.0590669486477134,0.058383197358921,0.0489996351135011,-0.7624623316323916,0.0,-0.6170703571850976,0.0,-0.3163555867261093,0.0,9.197046483678411,53.24429476676907,0.5263231631616612,0.1267611481311829,8.834844513434938,44.300080747117605,0.6343530325222569,0.0450630122218605,-0.2287386994897174,-0.1234140714370195,-0.0569440056106996,430.0
784,435.55555555555554,0.2788317156269344,0.196945105894467,0.1928777493919978,0.1440031472588635,0.1559873588110942,0.1447242988187609,0.1290594748877194,0.1263687978907149,0.1215338517921257,0.1283515021998885,0.259572517218787,0.1208495014787008,0.1253188377450081,0.0745214369146827,0.0633069910965259,0.0606689001468512,0.0583605792947371,0.0497143477219014,-0.5643442554179927,0.0,-0.3813579789415872,0.0,-0.3352797737306563,0.0,9.197046483678411,53.24429476676907,0.5263231631616612,0.1267611481311829,8.834844513434938,58.07833576391853,0.6343530325222569,0.0450630122218605,-0.1693032766253978,-0.0762715957883174,-0.0603503592715181,435.55555555555554
794,441.1111111111111,0.2912218655323725,0.1860843248335343,0.1844961660726415,0.1641047119636798,0.1564925041994498,0.1371747033733141,0.1313912622163181,0.1278861191249161,0.1312920669703957,0.1205770389292306,0.2588516987329157,0.1265958361341403,0.1279487816390244,0.0794829505710375,0.0752381738219105,0.0518140997312177,0.0560283490473971,0.0467765104478869,-0.5643442554179927,0.0,-0.4992149358613243,0.0,-0.8956913057602964,0.0,9.197046483678411,53.24429476676907,0.5263231631616612,0.1267611481311829,8.834844513434938,58.07833576391853,0.6139438295718554,0.0450630122218605,-0.1693032766253978,-0.0998429871722648,-0.1612244350368533,441.1111111111111
804,446.6666666666666,0.2866755378640053,0.1940472371897397,0.194864894133792,0.1509636287369838,0.1513602847339679,0.1352986244076903,0.1466756139831732,0.12771058004192,0.1370332015823287,0.1242517242590817,0.2268604051963071,0.1025064602936832,0.1068143954433555,0.05654338058529,0.0419502684034193,0.0329426768443936,0.0334412628998203,0.0250860253776311,-0.8809625062290072,0.0,-0.4992149358613243,0.0,-0.8956913057602964,0.0,9.197046483678411,53.24429476676907,0.5263231631616612,0.1267611481311829,8.834844513434938,58.07833576391853,0.6139438295718554,0.021818993064139,-0.2642887518687021,-0.0998429871722648,-0.1612244350368533,446.6666666666666
814,452.2222222222222,0.2487264706172898,0.175924689829038,0.1618631183701522,0.1333935408464238,0.1377213957111641,0.1297871966502864,0.1253416223569909,0.126139023241902,0.1275725184895363,0.1215846109502191,0.2425288456446228,0.1089901730254927,0.1040418256136869,0.0588381575026902,0.0556499155152548,0.0305118967621728,0.0361934134609177,0.0203822586119355,-0.3847035138980901,0.0,-0.6590372711280751,0.0,0.5242764206552245,0.0,7.015883183898664,53.24429476676907,0.5263231631616612,0.1267611481311829,8.834844513434938,58.07833576391853,0.6139438295718554,0.021818993064139,-0.115411054169427,-0.131807454225615,0.0943697557179404,452.2222222222222
824,457.77777777777777,0.2489063086797801,0.181399698021299,0.1640158226374934,0.1386315348237999,0.1427576754155671,0.1338078548005012,0.1189999329370075,0.131653927356464,0.125560829382927,0.1247412107618642,0.2393996691833647,0.1121768178397882,0.0983010896936197,0.0534076237795515,0.0594089137230525,0.0324954696127058,0.037111580058205,0.0206903536909129,-0.3476151857516338,0.0,-0.8554343716421838,0.0,0.5242764206552245,0.0,7.015883183898664,58.55811369489049,0.5263231631616612,0.1267611481311829,8.834844513434938,58.07833576391853,0.6139438295718554,0.021818993064139,-0.1042845557254901,-0.1710868743284367,0.0943697557179404,457.77777777777777
834,463.3333333333333,0.2741425358287442,0.1895082085316225,0.1717936879372596,0.1412631961868896,0.1420705672706454,0.1334710672642456,0.1323322896717328,0.1240497244874364,0.1328906156494689,0.1312978218783033,0.2401279902295378,0.1078547768200078,0.0950478507744876,0.0574460594710192,0.0501773933390058,0.0313172329969861,0.0438554209717736,0.0176956511360672,-0.3476151857516338,0.0,0.6692616484170921,0.0,0.7882265592142468,0.0,7.015883183898664,58.55811369489049,0.6104652975334527,0.1267611481311829,8.834844513434938,58.07833576391853,0.6139438295718554,0.021818993064139,-0.1042845557254901,0.1338523296834184,0.1418807806585644,463.3333333333333
844,468.88888888888886,0.1963131689002849,0.0918746133174177,0.0863423202308167,0.047125946201071,0.0381643508168389,0.021372192159997,0.0322244586821508,0.0317253649430436,0.0270615340078235,0.0252545608943446,0.2395628223694746,0.1052476789067669,0.0998767365933749,0.0574563186018913,0.0501736247465939,0.0313825308409684,0.0318909104248733,0.0259077225380425,-0.9901521441681156,0.0,0.2822142096226229,0.0,0.7882265592142468,0.0,7.015883183898664,58.55811369489049,0.6104652975334527,0.0270828747673367,8.834844513434938,58.07833576391853,0.6139438295718554,0.021818993064139,-0.2970456432504346,0.0564428419245245,0.1418807806585644,468.88888888888886
854,474.4444444444444,0.2006601247998895,0.086803547949322,0.0814778198841355,0.0538080592286647,0.0397595285953336,0.0299661458026198,0.026669493037077,0.0347956241083503,0.0352062902652536,0.032972374739051,0.2305779599499305,0.1091907955006399,0.0934257970756046,0.0417334736012044,0.0532136405725989,0.0303251508900306,0.0318103545745929,0.0198967650503885,-0.6167235236655554,0.0,0.2822142096226229,0.0,-0.3972986351874257,0.0,7.015883183898664,58.55811369489049,0.6104652975334527,0.0270828747673367,8.65217068258941,58.07833576391853,0.6139438295718554,0.021818993064139,-0.1850170570996666,0.0564428419245245,-0.0715137543337366,474.4444444444444
864,480.0,0.2056756940550873,0.0987551142806501,0.0845713682984539,0.0439585664810977,0.0574753032997347,0.0346433953687505,0.0324398558907189,0.0320236211479483,0.0242460410986044,0.0282953604649195,0.2413063945901561,0.1226618436199555,0.1024937782053802,0.0633123713644966,0.0469391858560824,0.0281652531347059,0.0338767522872827,0.0260947169116173,0.5386790519556357,0.0,-0.8309434148312219,0.0,0.8905547386435758,0.0,7.015883183898664,58.55811369489049,0.6104652975334527,0.0270828747673367,8.65217068258941,52.83143410444961,0.6139438295718554,0.021818993064139,0.1616037155866907,-0.1661886829662444,0.1602998529558436,480.0
874,485.55555555555554,0.2170620664458124,0.096552826933023,0.0875074480387143,0.0541041717201215,0.0453388269175891,0.0386610331937527,0.0347294446601652,0.0252878942788352,0.0330027565567175,0.0209654849658111,0.2476105544992554,0.1194825010076886,0.1080539943558615,0.0577129402993681,0.0530237455925242,0.0373791914708955,0.0341353834745951,0.0154572174005886,0.5386790519556357,0.0,0.9456290528307624,0.0,0.8905547386435758,0.0,7.015883183898664,58.55811369489049,0.6104652975334527,0.0270828747673367,8.65217068258941,52.83143410444961,0.6139388548947615,0.021818993064139,0.1616037155866907,0.1891258105661524,0.1602998529558436,485.55555555555554
884,491.1111111111111,0.2090980823758465,0.0971024187720519,0.0817833751549979,0.0520328990958035,0.0511410019766068,0.0310399925986382,0.0265320924476227,0.0285459702023429,0.0265939312160327,0.0296448687442955,0.2590517441647483,0.1443189055689651,0.1335368867338748,0.0887464584915649,0.0860873068751646,0.0638188117024669,0.0572441566673146,0.0445008146516143,-0.2556226757325989,0.0,0.9456290528307624,0.0,-0.4693089529734112,0.0,7.015883183898664,58.55811369489049,0.6104652975334527,0.0270828747673367,8.65217068258941,52.83143410444961,0.6139388548947615,0.056443175419488,-0.0766868027197796,0.1891258105661524,-0.084475611535214,491.1111111111111
894,496.6666666666666,0.2235913977845365,0.1107589152678142,0.0895199317811872,0.0539911360715236,0.0452129675175406,0.0364518197412754,0.0314782369089992,0.0259842764858273,0.0252602880268612,0.0347408449935105,0.2690493794621639,0.145705740214106,0.1310068862383391,0.0856488700761707,0.0911221163773643,0.0682151959444802,0.067724828106078,0.0607569521972488,0.4429832669752485,0.0,0.8068497209289907,0.0,0.9918985801521956,0.0,7.715056902902815,58.55811369489049,0.6104652975334527,0.0270828747673367,8.65217068258941,52.83143410444961,0.6139388548947615,0.056443175419488,0.1328949800925745,0.1613699441857981,0.1785417444273951,496.6666666666666
904,502.2222222222222,0.2450657966576505,0.1287063878331631,0.1019559740698308,0.066933990650579,0.054482036854728,0.0398271810227905,0.040211857295132,0.0321680571045627,0.0272412142567775,0.0351118322995645,0.2677555619598142,0.1399206750013459,0.1302553745339538,0.0881905644429153,0.0892482007302826,0.0678992718215138,0.0667129342177273,0.0610970876155884,0.341732665806918,0.0,0.8068497209289907,0.0,-0.7262343048021364,0.0,7.715056902902815,44.789784253636896,0.6104652975334527,0.0270828747673367,8.65217068258941,52.83143410444961,0.6139388548947615,0.056443175419488,0.1025197997420754,0.1613699441857981,-0.1307221748643845,502.2222222222222
914,507.77777777777777,0.1916902021140673,0.1108314959510059,0.0889323527214804,0.0520117020272137,0.0453587254516714,0.0348546374334564,0.0320375286295828,0.0364257161928795,0.0285999180817554,0.0263899192078647,0.2617454254460344,0.1506621545110689,0.1419918323535118,0.0900080492465771,0.0843019243848285,0.0704652123238954,0.0624296085603271,0.0570312702149644,0.341732665806918,0.0,0.7997796768565082,0.0,0.6451799129216003,0.0,7.715056902902815,44.789784253636896,0.5076114573382479,0.0270828747673367,8.65217068258941,52.83143410444961,0.6139388548947615,0.056443175419488,0.1025197997420754,0.1599559353713016,0.116132384325888,507.77777777777777
924,513.3333333333333,0.2749802649395506,0.1946267846907891,0.1857925347608648,0.1578731836199474,0.1486270901288165,0.1433800049741112,0.1470944233989848,0.1341131995828589,0.1390488178392119,0.1330091713016106,0.2765175234572851,0.1498801673681223,0.1351354006586895,0.0831583537969506,0.0847528167585413,0.0730342900092135,0.0613244742736803,0.0486340832924347,0.994695814532358,0.0,0.7997796768565082,0.0,0.6451799129216003,0.0,7.715056902902815,44.789784253636896,0.5076114573382479,0.1314328212163906,8.65217068258941,52.83143410444961,0.6139388548947615,0.056443175419488,0.2984087443597074,0.1599559353713016,0.116132384325888,513.3333333333333
934,518.8888888888889,0.2653224050268211,0.2010986204623141,0.1749738816064073,0.1563484324834576,0.1574284610710558,0.1432264312706755,0.1409568445984398,0.1384825225353713,0.1235052527107267,0.129516355570395,0.2586626008314494,0.139137642137307,0.125368516261215,0.0794090099530908,0.0699537958949754,0.0641406800160803,0.0653398768700732,0.0637628375657235,0.994695814532358,0.0,0.5753174087803886,0.0,0.6147929156495648,0.0,7.715056902902815,44.789784253636896,0.5076114573382479,0.1314328212163906,7.403190650442289,52.83143410444961,0.6139388548947615,0.056443175419488,0.2984087443597074,0.1150634817560777,0.1106627248169216,518.8888888888889
944,524.4444444444445,0.2739890561712002,0.1995388248744246,0.1857326257492476,0.1473229995499068,0.1522555395718818,0.1328816977367295,0.1411585449126326,0.1376664090893808,0.1342051047957948,0.1302766824659577,0.2503633857034198,0.1347516782804076,0.1164609592473875,0.0897013264784615,0.0761547423500814,0.0604428649662647,0.059628435799558,0.0672144192365335,0.4989684734352915,0.0,0.5753174087803886,0.0,-0.370652564568227,0.0,7.715056902902815,44.789784253636896,0.5076114573382479,0.1314328212163906,7.403190650442289,50.95270398427471,0.6139388548947615,0.056443175419488,0.1496905420305874,0.1150634817560777,-0.0667174616222808,524.4444444444445
954,530.0,0.2669606478807474,0.194500149878643,0.1753564327448868,0.1521991141078134,0.1495188035533186,0.1407094942081078,0.1381018880730657,0.1389572926785233,0.1291465084391602,0.1392159406654172,0.2186212417670159,0.1287392840212994,0.1093320965131499,0.072512801837929,0.0732819881848569,0.0606788358739765,0.0712087575591102,0.0508024172850557,-0.9536558639876472,0.0,0.4618424296763244,0.0,-0.370652564568227,0.0,7.715056902902815,44.789784253636896,0.5076114573382479,0.1314328212163906,7.403190650442289,50.95270398427471,0.564432661956045,0.056443175419488,-0.2860967591962942,0.0923684859352649,-0.0667174616222808,530.0
964,535.5555555555555,0.2589150041263103,0.1913970227452819,0.1798613125395481,0.1602200539785807,0.1493785343451083,0.1418129956858498,0.1343257888632978,0.1351969216909002,0.13337680662909,0.1352462054781332,0.2589871646489884,0.1718363890197547,0.1644508952470834,0.1322813597123613,0.1337829451328839,0.1223945837118171,0.1085742220394326,0.1078076474679279,-0.9040221589815792,0.0,0.4618424296763244,0.0,-0.5224958210038051,0.0,7.715056902902815,44.789784253636896,0.5076114573382479,0.1314328212163906,7.403190650442289,50.95270398427471,0.564432661956045,0.1126987379782391,-0.2712066476944737,0.0923684859352649,-0.0940492477806849,535.5555555555555
974,541.1111111111111,0.2627060276304134,0.1818188522160856,0.1708331943543831,0.1410855497449555,0.1443145682979868,0.1377966523246943,0.1345758952227703,0.1329599931358486,0.1383421483106579,0.1346894322321439,0.2671680263946172,0.1722265422165436,0.1601968515108707,0.1317709649247279,0.1309481283064707,0.11328526457739,0.114881197930783,0.1178732333456473,0.2669132769490623,0.0,0.2794974412516943,0.0,-0.5224958210038051,0.0,6.480629986565633,44.789784253636896,0.5076114573382479,0.1314328212163906,7.403190650442289,50.95270398427471,0.564432661956045,0.1126987379782391,0.0800739830847186,0.0558994882503388,-0.0940492477806849,541.1111111111111
984,546.6666666666666,0.2521768188599476,0.1778370176412321,0.1708301192881054,0.147618182509488,0.1452982392574885,0.1401991939560845,0.1372577989668237,0.1280471936015919,0.1296584003574342,0.1287340753230315,0.2677376592766802,0.1792970044791841,0.1599004510727773,0.1422098727033883,0.1269506508030641,0.1158573644130463,0.1148010427905324,0.1147456782548897,0.2669132769490623,0.0,-0.4330157604625427,0.0,-0.3671741731660778,0.0,6.480629986565633,47.44370545130408,0.5076114573382479,0.1314328212163906,7.403190650442289,50.95270398427471,0.564432661956045,0.1126987379782391,0.0800739830847186,-0.0866031520925085,-0.066091351169894,546.6666666666666
994,552.2222222222222,0.2527573830608343,0.1863853824077367,0.169988566437343,0.1499806507347278,0.1499615138581088,0.1376523293682418,0.1374193219783409,0.1326999588480617,0.1351606041423032,0.1286162355357767,0.2673308529655598,0.1799905770914089,0.1670395210156969,0.1261108609549087,0.1276935450451933,0.1144887508978576,0.1280485546813924,0.1106429296257989,0.9271172374546552,0.0,-0.4330157604625427,0.0,0.4687685218254018,0.0,6.480629986565633,47.44370545130408,0.5060700588768223,0.1314328212163906,7.403190650442289,50.95270398427471,0.564432661956045,0.1126987379782391,0.2781351712363965,-0.0866031520925085,0.0843783339285723,552.2222222222222
1004,557.7777777777777,0.169017853283501,0.092705230558596,0.0726148696883533,0.0414024320504829,0.028550446412568,0.0322596098919737,0.0206704201057803,0.0163991022717904,0.020491175878509,0.0205744474649093,0.2750724474980996,0.1795959707175857,0.1665554757691827,0.1417205928491289,0.1263963003462047,0.1206523067866927,0.1158715137081473,0.1251486800638959,0.9271172374546552,0.0,0.4866140303592478,0.0,0.6746927334641714,0.0,6.480629986565633,47.44370545130408,0.5060700588768223,0.0184338153307514,7.403190650442289,50.95270398427471,0.564432661956045,0.1126987379782391,0.2781351712363965,0.0973228060718495,0.1214446920235508,557.7777777777777
1014,563.3333333333333,0.1807798415259665,0.0826121278189827,0.0679396623199609,0.0457795078682901,0.031288340729118,0.0195406095202889,0.0329407388670537,0.0237334603373798,0.0100301289242639,0.0200214117558975,0.2992480290434863,0.1940076798974823,0.18322352104966,0.1373543017010273,0.1314883108078151,0.1282038872126072,0.124037531818619,0.114573537265469,0.9271172374546552,0.0,-0.3321415419032342,0.0,0.868239498165397,0.0,6.480629986565633,47.44370545130408,0.5060700588768223,0.0184338153307514,8.901444706192104,50.95270398427471,0.564432661956045,0.1126987379782391,0.2781351712363965,-0.0664283083806468,0.1562831096697714,563.3333333333333
1024,568.8888888888889,0.1799686173153331,0.0850301965154209,0.0568032990051859,0.0292937730211284,0.0386402838459519,0.0265051362019173,0.0306038606463159,0.0281386097509633,0.0242943341851873,0.0187608268674811,0.2955010949057136,0.1862697634902094,0.1772836375354121,0.1448330963165109,0.1426024400822985,0.1191454582675788,0.1174673289850576,0.1052400872896874,0.9144718756231336,0.0,-0.3321415419032342,0.0,0.868239498165397,0.0,6.480629986565633,47.44370545130408,0.5060700588768223,0.0184338153307514,8.901444706192104,53.15521460077029,0.564432661956045,0.1126987379782391,0.2743415626869401,-0.0664283083806468,0.1562831096697714,568.8888888888889
1034,574.4444444444445,0.1844188517122865,0.0922200519637311,0.0678485782550088,0.0368768069097339,0.033436374643431,0.0249361334645811,0.0169424971346588,0.0240310376332712,0.0180089541236339,0.0254984639028229,0.3059166531482468,0.18800892520766,0.1851650871201922,0.1415979002731057,0.1459577858956882,0.1317155612456538,0.124806465441615,0.1122342433159831,0.9144718756231336,0.0,-0.7819016814617158,0.0,-0.5714109841322055,0.0,6.480629986565633,47.44370545130408,0.5060700588768223,0.0184338153307514,8.901444706192104,53.15521460077029,0.5856440492778963,0.1126987379782391,0.2743415626869401,-0.1563803362923431,-0.1028539771437969,574.4444444444445
1044,580.0,0.1602131401180359,0.0772718957231536,0.0613791720118382,0.0355334057197646,0.0293277537370481,0.0304054831816118,0.0156706439188652,0.0229929971458704,0.0173086361465165,0.0181442293218123,0.2614793734585031,0.15558940051437,0.1491345516734334,0.1034190686467765,0.1008946577406143,0.0886492455314871,0.0941722775543307,0.0763122979294251,-0.7599282068137999,0.0,-0.3532082867304882,0.0,-0.5714109841322055,0.0,6.480629986565633,47.44370545130408,0.5060700588768223,0.0184338153307514,8.901444706192104,53.15521460077029,0.5856440492778963,0.078561016186572,-0.2279784620441399,-0.0706416573460976,-0.1028539771437969,580.0
1054,585.5555555555555,0.2051905739285603,0.1124762133546534,0.1021853808596732,0.0663489907407651,0.0431948389245837,0.0377553373571256,0.0354806894145622,0.022518713801706,0.0229171964971896,0.0257584053210007,0.2642847366442518,0.1610140235305849,0.1522616717419067,0.1033650218781303,0.0967146372128708,0.090095019151678,0.0900966103925147,0.0890193564286811,-0.7599282068137999,0.0,0.9895266786231808,0.0,-0.3719943972667904,0.0,9.192989467407278,47.44370545130408,0.5060700588768223,0.0184338153307514,8.901444706192104,53.15521460077029,0.5856440492778963,0.078561016186572,-0.2279784620441399,0.1979053357246361,-0.0669589915080222,585.5555555555555
1064,591.1111111111111,0.2191786460037218,0.1139370791244371,0.1035366592576213,0.0593121344500781,0.0494507990867996,0.0389698009521712,0.0362260328593151,0.0257185456878019,0.016221624943363,0.0245016574502705,0.2859406372043403,0.1593481568180125,0.1466342227748149,0.1104905670173897,0.1022959523018811,0.0867919086575687,0.0897649374842532,0.0806350957920405,0.9116629579108224,0.0,0.9895266786231808,0.0,0.643120285365315,0.0,9.192989467407278,46.88421333992052,0.5060700588768223,0.0184338153307514,8.901444706192104,53.15521460077029,0.5856440492778963,0.078561016186572,0.2734988873732467,0.1979053357246361,0.1157616513657567,591.1111111111111
1074,596.6666666666666,0.2656185463832376,0.1363771366694731,0.1223404325031874,0.0695100624099256,0.0518082296739707,0.0333854975858277,0.0357255609001162,0.0185137976584109,0.0205375677018906,0.0152802993190392,0.2848829272488911,0.1658410751184031,0.1513494169177554,0.108528245395636,0.1085817129457164,0.0901729453247524,0.0890629488700289,0.0831804239858209,0.8290611706475963,0.0,0.8405201733587814,0.0,0.643120285365315,0.0,9.192989467407278,46.88421333992052,0.6180581964579429,0.0184338153307514,8.901444706192104,53.15521460077029,0.5856440492778963,0.078561016186572,0.2487183511942788,0.1681040346717562,0.1157616513657567,596.6666666666666
1084,602.2222222222222,0.3211747811387504,0.2068012751364895,0.1891887252711557,0.14242090493523,0.1387827939443659,0.114436348154083,0.1156388307355695,0.1077764423050264,0.1069655229493346,0.1019306699285001,0.2806483437301938,0.1624063015196711,0.1490720864697154,0.1189260580511922,0.102540918356358,0.1004514324072043,0.0840451860556917,0.0880709342019776,0.8290611706475963,0.0,-0.8586401777457517,0.0,0.5404146885165775,0.0,9.192989467407278,46.88421333992052,0.6180581964579429,0.1025526560009315,8.901444706192104,53.15521460077029,0.5856440492778963,0.078561016186572,0.2487183511942788,-0.1717280355491503,0.0972746439329839,602.2222222222222
1094,607.7777777777777,0.3254452546315018,0.2067635477133991,0.1949042063100045,0.1472861540858762,0.1339454865589021,0.1280640867865397,0.1168489528956978,0.1034216971173339,0.1009869613339475,0.1009455314272855,0.2477034332543128,0.1443150877502015,0.135010079735754,0.094825634385995,0.101733673258383,0.0765925657736535,0.0806005690844703,0.0849785751549741,0.8290611706475963,0.0,-0.8586401777457517,0.0,0.5404146885165775,0.0,9.192989467407278,46.88421333992052,0.6180581964579429,0.1025526560009315,7.066241331070536,53.15521460077029,0.5856440492778963,0.078561016186572,0.2487183511942788,-0.1717280355491503,0.0972746439329839,607.7777777777777
1104,613.3333333333333,0.3047619395177956,0.1937127936613112,0.1853465300231081,0.1477984420056864,0.1341152121713131,0.1135633759744102,0.1135462259161933,0.102356931670498,0.1055431270108781,0.1037631000723446,0.2332598369527533,0.1502674887093308,0.1338281396782534,0.1058212305808624,0.0970533015935107,0.0860887997473274,0.0829673454455717,0.0827340707430562,-0.840176925711589,0.0,0.6055639552457802,0.0,0.5404146885165775,0.0,9.192989467407278,46.88421333992052,0.6180581964579429,0.1025526560009315,7.066241331070536,50.3819697299198,0.5856440492778963,0.078561016186572,-0.2520530777134767,0.121112791049156,0.0972746439329839,613.3333333333333
1114,618.8888888888888,0.3106500551083821,0.2075817153290279,0.1908398361127513,0.1410211625431337,0.1346411132346995,0.1185934162299233,0.1089126211194286,0.1040617360574523,0.1164356193890858,0.1019749296692349,0.2487224139194331,0.1530500285315798,0.1281660604938249,0.1057666003267437,0.100007322674552,0.0839054426595726,0.0782943449160373,0.0849547955366866,-0.8386774622387954,0.0,0.6055639552457802,0.0,-0.642131079203737,0.0,9.192989467407278,46.88421333992052,0.6180581964579429,0.1025526560009315,7.066241331070536,50.3819697299198,0.6530494766557045,0.078561016186572,-0.2516032386716386,0.121112791049156,-0.1155835942566726,618.8888888888888
1124,624.4444444444445,0.3141635569311934,0.211312586606993,0.1993743436957787,0.150083723516115,0.1432546105855917,0.1176085031498955,0.1161148560311431,0.1056234205179118,0.1189043818699474,0.1009578542994582,0.3099860499523189,0.2139827677549913,0.1905988639345282,0.1570327575747684,0.1550381212498217,0.1467925293918785,0.1418508481862751,0.1361355623014373,0.8051454687763532,0.0,0.9018804528449206,0.0,-0.7324791122639098,0.0,9.192989467407278,46.88421333992052,0.6180581964579429,0.1025526560009315,7.066241331070536,50.3819697299198,0.6530494766557045,0.1363768970985825,0.2415436406329059,0.1803760905689841,-0.1318462402075037,624.4444444444445
1134,630.0,0.26082698179538,0.1678255730204681,0.1543429882616137,0.1257397279485198,0.116860638979318,0.1090703330799777,0.1072937077257275,0.10327625504966,0.103452592400048,0.1055018082631851,0.304185198248353,0.209590952884357,0.1808836147488453,0.1691515739599234,0.1503783352347116,0.1450492839135403,0.1381009280208557,0.1358289063955864,-0.9373203836911652,0.0,0.9018804528449206,0.0,-0.7324791122639098,0.0,6.88339928984581,46.88421333992052,0.6180581964579429,0.1025526560009315,7.066241331070536,50.3819697299198,0.6530494766557045,0.1363768970985825,-0.2811961151073495,0.1803760905689841,-0.1318462402075037,630.0
1144,635.5555555555555,0.2547263627761107,0.1595146556972621,0.1399114747844996,0.1186351380042858,0.1229193211814923,0.1042505543269035,0.1033184293736537,0.1031413469868192,0.1022787809476052,0.0944866771071002,0.2958041035534822,0.2014750223730514,0.1945796962583179,0.1531359443166397,0.1501778387043141,0.1403621605400441,0.1423891465331405,0.1398566580946226,-0.3781347026087374,0.0,-0.9124377870211596,0.0,0.6972232226698413,0.0,6.88339928984581,58.66838784614857,0.6180581964579429,0.1025526560009315,7.066241331070536,50.3819697299198,0.6530494766557045,0.1363768970985825,-0.1134404107826212,-0.1824875574042319,0.1255001800805714,635.5555555555555
1154,641.1111111111111,0.2347325955972772,0.1475495802255117,0.1359956345167194,0.1138371498110364,0.1024449460855852,0.1106892688125774,0.1171207285197053,0.1121526444113484,0.1062700070420967,0.1017893650716543,0.2989411821885315,0.2092814818467753,0.1933911698719715,0.1512973806810491,0.1583378712102815,0.1423286472526537,0.1456125962194128,0.1432963936225584,-0.2905123935722583,0.0,-0.9124377870211596,0.0,0.6972232226698413,0.0,6.88339928984581,58.66838784614857,0.5010357731630865,0.1025526560009315,7.066241331070536,50.3819697299198,0.6530494766557045,0.1363768970985825,-0.0871537180716774,-0.1824875574042319,0.1255001800805714,641.1111111111111
1164,646.6666666666666,0.2385020430005879,0.1665927151824392,0.1483439693825796,0.1221561251482951,0.1256090220578169,0.1255827757654629,0.1271148426389737,0.1179121573376909,0.1208038298044234,0.1135536106467842,0.317127687703076,0.2106797175231653,0.1967887670212126,0.1566854996460709,0.1488526796420425,0.1467111407912693,0.1496952578157226,0.1397046040100564,0.9760078074639544,0.0,-0.8042412506745706,0.0,0.2532894965416165,0.0,6.88339928984581,58.66838784614857,0.5010357731630865,0.112946625539663,7.066241331070536,50.3819697299198,0.6530494766557045,0.1363768970985825,0.2928023422391863,-0.1608482501349141,0.0455921093774909,646.6666666666666
1174,652.2222222222222,0.2345209753107253,0.1646613571023557,0.1546781483933189,0.1262282683193462,0.1263098590538441,0.1114829011931685,0.1195677376813466,0.1180439877873474,0.102785306066999,0.1133214647395517,0.3400485893362174,0.2184367708191673,0.212664050790554,0.1668400497023435,0.1562397056844935,0.1461756909535363,0.1385261546609074,0.1473302906995247,0.7604470979910338,0.0,-0.4271608626321947,0.0,0.2532894965416165,0.0,6.88339928984581,58.66838784614857,0.5010357731630865,0.112946625539663,8.431580490951735,50.3819697299198,0.6530494766557045,0.1363768970985825,0.2281341293973101,-0.0854321725264389,0.0455921093774909,652.2222222222222
1184,657.7777777777777,0.2177279823565707,0.1561508889632788,0.1429013096653868,0.1237284660761321,0.1182646039375576,0.1209415016243832,0.1129913055621447,0.1189209104176767,0.1142707776181864,0.1206278465314698,0.3413040521075889,0.2355201350621824,0.2140033644409779,0.1824424721090394,0.169931367455369,0.1507871914574748,0.1425147583614013,0.1455971768490175,-0.8426027561335308,0.0,-0.5592677484867172,0.0,-0.9357384287016725,0.0,6.88339928984581,58.66838784614857,0.5010357731630865,0.112946625539663,8.431580490951735,42.73528103085163,0.6530494766557045,0.1363768970985825,-0.2527808268400592,-0.1118535496973434,-0.168432917166301,657.7777777777777
1194,663.3333333333333,0.2240844460681464,0.1567376354679808,0.1497700931860209,0.12786799284984,0.1246247471671791,0.1163078150714199,0.1129296858539277,0.1268243660105587,0.1188760223054236,0.1162307629994217,0.3048205146443414,0.2157278839524926,0.2065605035122828,0.1685385349866074,0.1682698039750439,0.1432145551700536,0.145669927053879,0.1366412962579032,-0.8426027561335308,0.0,-0.5592677484867172,0.0,-0.9357384287016725,0.0,6.88339928984581,58.66838784614857,0.5010357731630865,0.112946625539663,8.431580490951735,42.73528103085163,0.583780730182637,0.1363768970985825,-0.2527808268400592,-0.1118535496973434,-0.168432917166301,663.3333333333333
1204,668.8888888888888,0.2269708860448345,0.1544966782582572,0.1645085217743115,0.1293571334289375,0.1212501563694211,0.1178827207130365,0.1115119442082761,0.1128806084716042,0.1096887685240384,0.1203629496440614,0.3022733234172434,0.2075128461919413,0.1964693710969173,0.1616300921075809,0.1354892611932458,0.1381137236180286,0.1319909185222584,0.1177942944740104,-0.4277268830875891,0.0,-0.9257479934532378,0.0,0.3995319213969993,0.0,6.88339928984581,58.66838784614857,0.5010357731630865,0.112946625539663,8.431580490951735,42.73528103085163,0.583780730182637,0.1222884416992568,-0.1283180649262767,-0.1851495986906475,0.0719157458514598,668.8888888888888
1214,674.4444444444445,0.2233567044739146,0.1607844456006834,0.1381757688275479,0.1175005980396558,0.1284128970753718,0.1159527328041611,0.1103110060491036,0.1065679999001564,0.1108612599249361,0.1105912388869171,0.3036062100093877,0.2063210185250918,0.1920299031723444,0.1576906066395856,0.1477575486582338,0.1265224868170477,0.124450867404138,0.1331443412670904,-0.4277268830875891,0.0,-0.9257479934532378,0.0,-0.3547257221280537,0.0,6.4456678069907545,58.66838784614857,0.5010357731630865,0.112946625539663,8.431580490951735,42.73528103085163,0.583780730182637,0.1222884416992568,-0.1283180649262767,-0.1851495986906475,-0.0638506299830496,674.4444444444445
1224,680.0,0.2218704726135378,0.1597491405027594,0.1411121788697681,0.1194087892490686,0.1258856495942569,0.1132144132919859,0.122557596666675,0.1139991266630602,0.1071173210480512,0.1143986816756307,0.3018331132192279,0.1977792657888386,0.19340270357146,0.1548591964720579,0.1475984139815045,0.1379602736800932,0.1369818400225743,0.1269833011928721,-0.5594769346758159,0.0,-0.9257479934532378,0.0,0.8206553213142719,0.0,6.4456678069907545,52.569238957325815,0.5010357731630865,0.112946625539663,8.431580490951735,42.73528103085163,0.583780730182637,0.1222884416992568,-0.1678430804027447,-0.1851495986906475,0.1477179578365689,680.0
1234,685.5555555555555,0.270494916125509,0.1807724573017431,0.1593869509993629,0.1281735740594591,0.1282268360560089,0.1196032572835929,0.1126969909720626,0.1087316394365087,0.1153232881741124,0.1177134935782479,0.2943886719214597,0.2049516624895316,0.1928798944280211,0.1530812875666281,0.1520155308441984,0.1283198290227882,0.1346440854727848,0.1302565515733365,-0.5594769346758159,0.0,0.2678595683233958,0.0,0.8206553213142719,0.0,6.4456678069907545,52.569238957325815,0.6586047316196068,0.112946625539663,8.431580490951735,42.73528103085163,0.583780730182637,0.1222884416992568,-0.1678430804027447,0.0535719136646791,0.1477179578365689,685.5555555555555
1244,691.1111111111111,0.2505305900322557,0.1477161738549322,0.1310979659079011,0.0974281500764329,0.0932435359962434,0.0931461548653649,0.0871806152415341,0.0728635812489731,0.0841673626026572,0.0806261119045069,0.2942184994598143,0.2087504573349811,0.1981701118718726,0.1519550473457517,0.1442135247421674,0.1271260538471113,0.1337689006854781,0.1259576467033084,-0.5594769346758159,0.0,-0.2955510254637822,0.0,0.3460754908415246,0.0,6.4456678069907545,52.569238957325815,0.6586047316196068,0.0769505374233312,8.431580490951735,42.73528103085163,0.583780730182637,0.1222884416992568,-0.1678430804027447,-0.0591102050927564,0.0622935883514744,691.1111111111111
1254,696.6666666666666,0.2519702332301416,0.1533053232544543,0.1376494147990795,0.1031592363172306,0.0913885794143505,0.0813408176885353,0.0786297925314941,0.0748948334702702,0.0733098830162871,0.0725619784294239,0.3127998509121,0.2109644769842797,0.1892509244153687,0.16112709156455,0.1412369635488336,0.1414847534693499,0.1182845973722555,0.1225134501226067,0.8099544787244817,0.0,0.8137861457063442,0.0,-0.5829099630946778,0.0,6.4456678069907545,52.569238957325815,0.6586047316196068,0.0769505374233312,8.17754826165326,42.73528103085163,0.583780730182637,0.1222884416992568,0.2429863436173445,0.1627572291412688,-0.104923793357042,696.6666666666666
1264,702.2222222222222,0.254035484606033,0.1462129417591534,0.1392730178408642,0.1029405296481119,0.0940692946007712,0.0865581979145205,0.0798486000252117,0.0761237661033741,0.0721922175070013,0.0774776014777648,0.2968712679839418,0.2059723779668284,0.1979406513351997,0.1545837921402946,0.1461343402336327,0.1254562850209537,0.1277182916352086,0.1295351674085136,0.8099544787244817,0.0,0.8137861457063442,0.0,-0.5829099630946778,0.0,6.4456678069907545,52.569238957325815,0.6586047316196068,0.0769505374233312,8.17754826165326,44.52846965394288,0.583780730182637,0.1222884416992568,0.2429863436173445,0.1627572291412688,-0.104923793357042,702.2222222222222
1274,707.7777777777777,0.2640682048282991,0.1477684289961211,0.1363989723693189,0.0999022748526999,0.0921791246224828,0.0882059211880568,0.0872602423323515,0.0838064376111435,0.0794366896202664,0.0784087288687364,0.2928347866108312,0.2036272155776205,0.183532776905939,0.1571615287633252,0.1489511473273718,0.1377209315729551,0.1314609033433081,0.1231500678243687,0.762043786620467,0.0,0.3685368303056542,0.0,0.4119795967497132,0.0,6.4456678069907545,52.569238957325815,0.6586047316196068,0.0769505374233312,8.17754826165326,44.52846965394288,0.5397042295985346,0.1222884416992568,0.22861313598614,0.0737073660611308,0.0741563274149483,707.7777777777777
1284,713.3333333333333,0.2444846507640931,0.1321937517629803,0.1383319622792337,0.1002855899372836,0.0859396762582358,0.0801844605200809,0.0848937249569445,0.079343187635137,0.0771993096087106,0.0776239062767344,0.2458673355498735,0.1520315839100796,0.1268478828816556,0.0965222441601587,0.0841987949867826,0.0606501968884864,0.0620208399996839,0.0560487016401912,0.762043786620467,0.0,0.3685368303056542,0.0,0.4119795967497132,0.0,6.4456678069907545,52.569238957325815,0.6586047316196068,0.0769505374233312,8.17754826165326,44.52846965394288,0.5397042295985346,0.0544690425825527,0.22861313598614,0.0737073660611308,0.0741563274149483,713.3333333333333
1294,718.8888888888888,0.2754243605676236,0.1637076143223176,0.1424972498758688,0.1014492062159106,0.0825040363223194,0.0832125008187296,0.0800688691587543,0.0757985415306975,0.0682066075662456,0.0778739725089807,0.2440656574002723,0.1516382703520182,0.1263328246298263,0.0859211854272004,0.0824006360072068,0.0670340926051757,0.0626970876864498,0.0568321119222267,0.8706668376669356,0.0,0.4962962593970977,0.0,0.8254318305475761,0.0,6.97409928821487,52.569238957325815,0.6586047316196068,0.0769505374233312,8.17754826165326,44.52846965394288,0.5397042295985346,0.0544690425825527,0.2612000513000806,0.0992592518794195,0.1485777294985636,718.8888888888888
1304,724.4444444444445,0.2826927293116575,0.1658376979702597,0.1436905256056096,0.1043196427274905,0.0965891644128564,0.0792233372594901,0.083612747174779,0.089756517403456,0.0822963446917055,0.0854390339816274,0.2482075690830656,0.1426964469475383,0.1321646142226686,0.085950548003598,0.0876654888179852,0.0637269451133328,0.0581866278687647,0.0662530430332567,0.8706668376669356,0.0,-0.8188874988736966,0.0,0.8254318305475761,0.0,6.97409928821487,46.92122878224957,0.6586047316196068,0.0769505374233312,8.17754826165326,44.52846965394288,0.5397042295985346,0.0544690425825527,0.2612000513000806,-0.1637774997747393,0.1485777294985636,724.4444444444445
1314,730.0,0.2919335104194545,0.1702119148259956,0.1555882046846014,0.1064040367803409,0.1070979890572668,0.0903850647543401,0.0842222713659961,0.0844275752110161,0.0848226222217048,0.0764208575052858,0.2518936042797939,0.1545008354102151,0.1273235347733471,0.0957778649266082,0.0779567360457751,0.0649342393853913,0.05734644328757,0.0493947811234146,0.8706668376669356,0.0,-0.8188874988736966,0.0,0.7593302234821502,0.0,6.97409928821487,46.92122878224957,0.6896248122821629,0.0769505374233312,8.17754826165326,44.52846965394288,0.5397042295985346,0.0544690425825527,0.2612000513000806,-0.1637774997747393,0.136679440226787,730.0
1324,735.5555555555555,0.2848406536773559,0.1731809385410391,0.1592232802518091,0.1135235589170627,0.1100515775558428,0.0998121416221374,0.0853102531007615,0.0975254141489694,0.092325500770448,0.0846048965072386,0.2308112599531166,0.1456861487525202,0.1228545850170144,0.0835321267338222,0.0778641336238831,0.0587684899339647,0.0657880447212485,0.0564442556272481,-0.9923632453249636,0.0,-0.8315683582309363,0.0,0.8502011456521642,0.0,6.97409928821487,46.92122878224957,0.6896248122821629,0.0859999076416681,8.17754826165326,44.52846965394288,0.5397042295985346,0.0544690425825527,-0.297708973597489,-0.1663136716461872,0.1530362062173895,735.5555555555555
1334,741.1111111111111,0.2764669708595024,0.1793031223598099,0.1544730946388835,0.1220616235789067,0.1100477057775219,0.1000026714427016,0.1039454787988322,0.0899433221486818,0.0888100479666886,0.0825060904071417,0.2136329801984083,0.1306498944561399,0.1021168251846256,0.0774725034946609,0.0756247806510467,0.0570739102868862,0.0645644305331919,0.0639305563269643,-0.9923632453249636,0.0,-0.650458316816809,0.0,0.8502011456521642,0.0,6.97409928821487,46.92122878224957,0.6896248122821629,0.0859999076416681,7.020204202262519,44.52846965394288,0.5397042295985346,0.0544690425825527,-0.297708973597489,-0.1300916633633618,0.1530362062173895,741.1111111111111
1344,746.6666666666666,0.2872989059490676,0.1689248825694264,0.1469485266597209,0.1162263602186399,0.1091806633829933,0.0908446802225789,0.0896641171169389,0.0915346959158287,0.0906187701357666,0.0864183313048699,0.2140961023509408,0.1240119374326956,0.1085574060555452,0.0789719861648497,0.0783171490671196,0.0548915112460229,0.0601270446758568,0.063575259665526,-0.7907515610094131,0.0,-0.650458316816809,0.0,-0.6966136794527743,0.0,6.97409928821487,46.92122878224957,0.6896248122821629,0.0859999076416681,7.020204202262519,45.43049239617571,0.5397042295985346,0.0544690425825527,-0.2372254683028239,-0.1300916633633618,-0.1253904623014993,746.6666666666666
1354,752.2222222222222,0.2766150326804543,0.1718701797929358,0.1461924929837205,0.1138618573485478,0.1125364635272439,0.0994160222946524,0.0993355499737116,0.0833446839937463,0.0835248715952882,0.0843553908109917,0.2632369742231224,0.1484618252725396,0.1204888693221849,0.0944129545012301,0.0798315111274985,0.0695736143745638,0.0669045274237613,0.0717618396731858,-0.7907515610094131,0.0,0.553294325258497,0.0,-0.6966136794527743,0.0,6.97409928821487,46.92122878224957,0.6896248122821629,0.0859999076416681,7.020204202262519,45.43049239617571,0.6904078981415044,0.0544690425825527,-0.2372254683028239,0.1106588650516994,-0.1253904623014993,752.2222222222222
1364,757.7777777777777,0.2862529328981852,0.1567368536869965,0.1501027635684431,0.111107757501665,0.0999830071099447,0.0907956381789388,0.0922788661991906,0.0882136466925691,0.0900714284778937,0.0852148313307912,0.2754794526783136,0.1626669501856635,0.1422881187842958,0.0931022918368556,0.0855264030634361,0.0716769618700379,0.0790575859371548,0.0671412291118677,-0.4770748242943788,0.0,0.553294325258497,0.0,0.335086341163575,0.0,6.97409928821487,46.92122878224957,0.6896248122821629,0.0859999076416681,7.020204202262519,45.43049239617571,0.6904078981415044,0.0666717314470669,-0.1431224472883136,0.1106588650516994,0.0603155414094435,757.7777777777777
1374,763.3333333333333,0.3316158285484168,0.1958721709888619,0.1928620757606901,0.132251256844562,0.115669274651445,0.1169242183526345,0.0929978210064128,0.0970254765668113,0.0979003987417357,0.0829665198651723,0.267112102101006,0.1577663698775015,0.1475544098900927,0.0994360814495988,0.09790395748951,0.0767536015219552,0.0800264520992252,0.0680364364253178,-0.4770748242943788,0.0,0.4691899190724044,0.0,0.335086341163575,0.0,9.537263202817886,46.92122878224957,0.6896248122821629,0.0859999076416681,7.020204202262519,45.43049239617571,0.6904078981415044,0.0666717314470669,-0.1431224472883136,0.0938379838144808,0.0603155414094435,763.3333333333333
1384,768.8888888888888,0.3265155760355681,0.2011007621338773,0.1827190881961584,0.1274800793678493,0.1289878035523066,0.1104585553139393,0.0947786235537898,0.0867509389210193,0.094245211810836,0.086890439087052,0.270489884750643,0.1557116898175331,0.1412488606114128,0.1006308312422592,0.1017148829396879,0.0721647686499077,0.0635431192243633,0.0753692094526217,-0.5453389428813721,0.0,0.8867652662300304,0.0,0.335086341163575,0.0,9.537263202817886,50.31045338212542,0.6896248122821629,0.0859999076416681,7.020204202262519,45.43049239617571,0.6904078981415044,0.0666717314470669,-0.1636016828644116,0.1773530532460061,0.0603155414094435,768.8888888888888
1394,774.4444444444445,0.2884659123210423,0.1792659754500488,0.1747669661378794,0.1158649301031242,0.131145059932635,0.1077863488122696,0.1010804114781774,0.0881712877384871,0.0866151215250481,0.0964761817828799,0.269460076989552,0.161371492142638,0.1362936888454338,0.1049087249140905,0.0851748759666886,0.0839932776681066,0.0679554494063639,0.0694809571738374,0.6575571807017878,0.0,0.8867652662300304,0.0,0.4452578247274703,0.0,9.537263202817886,50.31045338212542,0.6042332258052447,0.0859999076416681,7.020204202262519,45.43049239617571,0.6904078981415044,0.0666717314470669,0.1972671542105363,0.1773530532460061,0.0801464084509446,774.4444444444445
1404,780.0,0.3267441029192133,0.2186206461451945,0.2119590956526993,0.1719599457197613,0.1643899560011732,0.1462074196901503,0.1419612933048266,0.1417952411045141,0.1382324267270618,0.1263627052396332,0.2827120028765973,0.1603213755846162,0.1390760593670883,0.0999206472952767,0.0991554500056722,0.0740323035184351,0.0788638736299022,0.0629381337938691,0.6575571807017878,0.0,0.5658075219296138,0.0,-0.89530825210707,0.0,9.537263202817886,50.31045338212542,0.6042332258052447,0.1344810785574001,7.020204202262519,45.43049239617571,0.6904078981415044,0.0666717314470669,0.1972671542105363,0.1131615043859227,-0.1611554853792726,780.0
1414,785.5555555555555,0.3401721671437734,0.2230193613011318,0.2173732412200697,0.1749948262538292,0.1572105591314648,0.1531553819184197,0.152166828250152,0.1430591481448431,0.13998951606286,0.1333322283573862,0.3157665841159596,0.1808191788944859,0.1533685629762072,0.1026642452009529,0.1013379474108573,0.0807074214959972,0.072098434824765,0.0738350871359378,0.9324376172248584,0.0,0.5658075219296138,0.0,-0.89530825210707,0.0,9.537263202817886,50.31045338212542,0.6042332258052447,0.1344810785574001,8.228302254645119,45.43049239617571,0.6904078981415044,0.0666717314470669,0.2797312851674575,0.1131615043859227,-0.1611554853792726,785.5555555555555
1424,791.1111111111111,0.3349469365384652,0.2217837849138782,0.2138317473550562,0.1707323061087161,0.1653217363703658,0.1503475151063704,0.1498399882602833,0.1441037036882152,0.138911867402643,0.1289524239216359,0.2996071172369981,0.1680566456056263,0.1582648134264873,0.112781392673728,0.0905662647868174,0.0759852435157973,0.0769595001145458,0.0737027737813298,0.9324376172248584,0.0,0.7384292547087649,0.0,-0.89530825210707,0.0,9.537263202817886,50.31045338212542,0.6042332258052447,0.1344810785574001,8.228302254645119,51.613057277056456,0.6904078981415044,0.0666717314470669,0.2797312851674575,0.147685850941753,-0.1611554853792726,791.1111111111111
1434,796.6666666666666,0.3338777076391571,0.2307110151071933,0.2212850503069208,0.1677970490462056,0.1648780441228597,0.151656023995775,0.1466026837358005,0.142156614685763,0.1458446538678497,0.1356055626995382,0.2607138088529001,0.1449908324281163,0.1375962027273964,0.0901569608413961,0.0828504169643225,0.080089981356986,0.0685971943558362,0.0704129672876958,-0.2844274425352387,0.0,0.7384292547087649,0.0,-0.335858902166595,0.0,9.537263202817886,50.31045338212542,0.6042332258052447,0.1344810785574001,8.228302254645119,51.613057277056456,0.5853299007672517,0.0666717314470669,-0.0853282327605716,0.147685850941753,-0.0604546023899871,796.6666666666666
1444,802.2222222222222,0.3274101064666203,0.2155894160146005,0.2109391172396441,0.1692383771723626,0.1637813497574789,0.1418274095698512,0.1486216678206598,0.136479976656063,0.1389273637863169,0.1376820686311067,0.2939406215143785,0.2039082326924357,0.1905686349039526,0.1581923433006954,0.1567853158960999,0.1378155179285352,0.1395105056193433,0.1425507126457519,-0.2844274425352387,0.0,-0.2877634667846982,0.0,0.4630365626790244,0.0,9.537263202817886,50.31045338212542,0.6042332258052447,0.1344810785574001,8.228302254645119,51.613057277056456,0.5853299007672517,0.131728178912742,-0.0853282327605716,-0.0575526933569396,0.0833465812822244,802.2222222222222
1454,807.7777777777777,0.2999113958107048,0.203649008174088,0.1837913069638976,0.1589477730952267,0.1586530066008703,0.1370888533146373,0.1431380591796074,0.1498746496662687,0.1392188449300908,0.1330490310424981,0.3088132364804468,0.2129024731210981,0.1912488990319693,0.1663616753524541,0.1631483339433698,0.1362150279272251,0.1328023536690106,0.1311960392935258,0.2512598050783162,0.0,-0.6608710046769831,0.0,-0.3692577041021337,0.0,7.717267679702043,50.31045338212542,0.6042332258052447,0.1344810785574001,8.228302254645119,51.613057277056456,0.5853299007672517,0.131728178912742,0.0753779415234948,-0.1321742009353966,-0.066466386738384,807.7777777777777
1464,813.3333333333333,0.2928580352458638,0.19533155800479,0.1914886111387958,0.1539106171177006,0.151982292532693,0.1423852952942271,0.1436325851176898,0.1276146314131143,0.1318257951755919,0.1312650036811171,0.2972143925983175,0.2087425437252413,0.1949792450721091,0.1590597012028883,0.1628834919630769,0.1391903227139981,0.1395098920771733,0.1373457251762381,0.2512598050783162,0.0,-0.9241151843250032,0.0,-0.6214104077011237,0.0,7.717267679702043,58.45519152336935,0.6042332258052447,0.1344810785574001,8.228302254645119,51.613057277056456,0.5853299007672517,0.131728178912742,0.0753779415234948,-0.1848230368650006,-0.1118538733862022,813.3333333333333
1474,818.8888888888888,0.2624715587410691,0.1779490594523367,0.1752229809699719,0.1498256336340975,0.1480545800329741,0.145893797453424,0.1427096066852129,0.1332414781542115,0.1386175191983903,0.1326009408603753,0.3150768351027543,0.2058816594667957,0.1979122087024112,0.1716719094395089,0.1585550140162408,0.1497782211232209,0.1386003864273797,0.1325944989099022,0.8135779322315636,0.0,-0.9241151843250032,0.0,-0.3137476206757932,0.0,7.717267679702043,58.45519152336935,0.5137430704243723,0.1344810785574001,8.228302254645119,51.613057277056456,0.5853299007672517,0.131728178912742,0.244073379669469,-0.1848230368650006,-0.0564745717216427,818.8888888888888
1484,824.4444444444443,0.2134561609162937,0.1195999256783836,0.1171975475027199,0.0942684346565565,0.0792587901112343,0.0693454330297372,0.0847682394048491,0.0676949415427189,0.0658218185735136,0.0641091743412402,0.2885656259874541,0.1980960369926263,0.1954175473826273,0.16688880595278,0.1542112753054124,0.1497209443900216,0.1322663961735808,0.134870972513229,-0.573789089820471,0.0,-0.4826125701583276,0.0,-0.3137476206757932,0.0,7.717267679702043,58.45519152336935,0.5137430704243723,0.0644995292851744,8.228302254645119,51.613057277056456,0.5853299007672517,0.131728178912742,-0.1721367269461413,-0.0965225140316655,-0.0564745717216427,824.4444444444443
1494,830.0,0.213628166157143,0.1258890891173457,0.1069911478096789,0.0860827726834639,0.0859828179209005,0.0741769084919915,0.0790736571683833,0.0681203077386584,0.0779364759943518,0.0623992979560738,0.2842883970421516,0.2070783811590369,0.1866119547280499,0.1536997185436435,0.1477855060805948,0.1365679595156362,0.1349263976801247,0.1318610934835537,-0.573789089820471,0.0,0.3837608435678216,0.0,0.7528186873702174,0.0,7.717267679702043,58.45519152336935,0.5137430704243723,0.0644995292851744,7.558544459633577,51.613057277056456,0.5853299007672517,0.131728178912742,-0.1721367269461413,0.0767521687135643,0.1355073637266391,830.0
1504,835.5555555555555,0.2148460895188944,0.1293875648162916,0.1148813598671923,0.0783804318000807,0.083802871226731,0.0777836699391502,0.062999971491805,0.0687454108501346,0.0661196132018027,0.0618246422936477,0.2719144739011798,0.1874908283971825,0.1846974638292739,0.145931628906049,0.1488237255775251,0.1395878116891482,0.1360381969808148,0.1436730513484565,-0.2735783237215643,0.0,-0.7490824533057336,0.0,-0.3100573189443563,0.0,7.717267679702043,58.45519152336935,0.5137430704243723,0.0644995292851744,7.558544459633577,59.018763911637,0.5853299007672517,0.131728178912742,-0.0820734971164692,-0.1498164906611467,-0.0558103174099841,835.5555555555555
1514,841.1111111111111,0.2042650751443918,0.111800323762471,0.1111489522613092,0.0875120292531851,0.0824491042405116,0.0714687926135503,0.0722757572703873,0.0682901433770291,0.060657365901848,0.0654671227895729,0.2753042751582207,0.188011123781063,0.1665813858816093,0.1489178920037976,0.1503142560111404,0.1342027365111632,0.1414083212173627,0.134329503430307,-0.2735783237215643,0.0,-0.7490824533057336,0.0,-0.3100573189443563,0.0,7.717267679702043,58.45519152336935,0.5137430704243723,0.0644995292851744,7.558544459633577,59.018763911637,0.5501998493329516,0.131728178912742,-0.0820734971164692,-0.1498164906611467,-0.0558103174099841,841.1111111111111
1524,846.6666666666666,0.2180524393241186,0.1206252290230208,0.1221334279494081,0.0821217628124535,0.0774420884861221,0.0667124935816458,0.0798479803079579,0.0734892287370906,0.0570463059871557,0.0519904648917877,0.2687758129369087,0.1810105021418042,0.1637976630914857,0.1378525241363847,0.142702203412371,0.1251978537855408,0.1257856891665854,0.1183828296460264,0.5183124453178319,0.0,0.633047347311301,0.0,0.964086184331704,0.0,7.717267679702043,58.45519152336935,0.5137430704243723,0.0644995292851744,7.558544459633577,59.018763911637,0.5501998493329516,0.1209058720893163,0.1554937335953495,0.1266094694622602,0.1735355131797067,846.6666666666666
1534,852.2222222222222,0.2352256327268654,0.1272128844143825,0.1159467122865129,0.0871375994164267,0.0839742250783502,0.0741123982692054,0.0736249748554186,0.0691614378972064,0.0639121041211588,0.0601387699556705,0.271659770151315,0.1696726430533058,0.1715326375726506,0.1416129868623274,0.1292481550980932,0.1202539951172069,0.1238463602762355,0.1221086750511155,0.2716729181002118,0.0,0.633047347311301,0.0,-0.9440062917379626,0.0,8.5647078399955,58.45519152336935,0.5137430704243723,0.0644995292851744,7.558544459633577,59.018763911637,0.5501998493329516,0.1209058720893163,0.0815018754300635,0.1266094694622602,-0.1699211325128332,852.2222222222222
1544,857.7777777777777,0.2404852156034862,0.1297949607026332,0.1238677833264497,0.0895082260703828,0.0879365847574003,0.072263330353897,0.0752275008006442,0.0588547284252919,0.0698845998700309,0.058748194962059,0.2658658625046528,0.1777229537874394,0.161975041802845,0.1391058216721142,0.1355305514270613,0.1274723648910903,0.122276019398436,0.1187295392064071,0.2716729181002118,0.0,-0.3560440048825692,0.0,-0.9440062917379626,0.0,8.5647078399955,54.34171808562246,0.5137430704243723,0.0644995292851744,7.558544459633577,59.018763911637,0.5501998493329516,0.1209058720893163,0.0815018754300635,-0.0712088009765138,-0.1699211325128332,857.7777777777777
1554,863.3333333333333,0.2725695086633751,0.1597177890126316,0.1514838768667549,0.0987801484297436,0.0922876463538256,0.0630790988793726,0.0722104156408316,0.0653061717217794,0.0677986287662832,0.067510204640155,0.2715061178499406,0.1838169432842433,0.1697399405211251,0.137864385815083,0.1259533302112246,0.1240124550392034,0.1253917448887744,0.1272815062605382,0.5559146447573753,0.0,0.6843542468157756,0.0,0.7837070237259531,0.0,8.5647078399955,54.34171808562246,0.6259244365680406,0.0644995292851744,7.558544459633577,59.018763911637,0.5501998493329516,0.1209058720893163,0.1667743934272125,0.1368708493631551,0.1410672642706715,863.3333333333333
1564,868.8888888888888,0.3269753190118942,0.2254509925681957,0.2173134574330706,0.1716883949353087,0.1784289251847818,0.1431707812681904,0.1496000207849799,0.1572427982214241,0.1533574262706269,0.147050027946653,0.2518370442561773,0.1823437213471252,0.1696399784740851,0.135655175953273,0.13239066833471,0.1172734949605913,0.132820872676344,0.1273030780851789,0.5559146447573753,0.0,0.3373140688424695,0.0,0.3099033377847606,0.0,8.5647078399955,54.34171808562246,0.6259244365680406,0.145734106269237,7.558544459633577,59.018763911637,0.5501998493329516,0.1209058720893163,0.1667743934272125,0.0674628137684939,0.0557826008012569,868.8888888888888
1574,874.4444444444443,0.3145335155825429,0.2158106521295308,0.2090612749366603,0.1709247578814986,0.173748961648402,0.1542280503617737,0.1566922572826869,0.1433028887421944,0.1431188492876122,0.1489277691509477,0.2453363334351043,0.1820947336316989,0.1482330837266269,0.1278644995942008,0.1340507851690006,0.1337997341680491,0.1291753083163894,0.1255691547187625,-0.9233971507069192,0.0,0.3373140688424695,0.0,0.3099033377847606,0.0,8.5647078399955,54.34171808562246,0.6259244365680406,0.145734106269237,6.998044377633975,59.018763911637,0.5501998493329516,0.1209058720893163,-0.2770191452120757,0.0674628137684939,0.0557826008012569,874.4444444444443
1584,880.0,0.3158585256463627,0.2125346927063271,0.2129017143602507,0.1861000269463887,0.1632365680214272,0.1494947177878791,0.1524638267513168,0.148597444229805,0.151256186545466,0.1398812636732246,0.2615627376691213,0.1803562334241183,0.1640011395110683,0.1412587933228217,0.1364938041949663,0.1273286600451643,0.121307791600957,0.1244958801714766,-0.9233971507069192,0.0,0.3780959345730236,0.0,-0.9910837927555094,0.0,8.5647078399955,54.34171808562246,0.6259244365680406,0.145734106269237,6.998044377633975,47.96551119358741,0.5501998493329516,0.1209058720893163,-0.2770191452120757,0.0756191869146047,-0.1783950826959917,880.0
1594,885.5555555555555,0.3251913316270209,0.2206877236121528,0.2237856073494122,0.1728213858609215,0.1760926741688599,0.1508269493166986,0.1517990281319292,0.1520492711478761,0.1558461876360942,0.1488867773069227,0.2630589645417335,0.1749567168757637,0.1674731208503863,0.1422491008323399,0.1325872617846904,0.1319302555157552,0.1228738015634275,0.1146062726384915,0.3256915126828428,0.0,0.9872768927092792,0.0,-0.9910837927555094,0.0,8.5647078399955,54.34171808562246,0.6259244365680406,0.145734106269237,6.998044377633975,47.96551119358741,0.5405823504427032,0.1209058720893163,0.0977074538048528,0.1974553785418558,-0.1783950826959917,885.5555555555555
1604,891.1111111111111,0.3319819956842539,0.2215043050302042,0.2179816850878164,0.1802696259925692,0.1821188146699476,0.1607842009919466,0.1556382395214545,0.1356069420527087,0.1382729384374084,0.1459046739062602,0.185293844252376,0.0893301645933899,0.0715009364850714,0.028259474417269,0.0262175188474466,0.0186011228860955,0.0163837226852943,0.0043460333149526,0.6728604847944607,0.0,-0.7836721097599221,0.0,-0.9910837927555094,0.0,8.5647078399955,54.34171808562246,0.6259244365680406,0.145734106269237,6.998044377633975,47.96551119358741,0.5405823504427032,0.0076056082908405,0.2018581454383382,-0.1567344219519844,-0.1783950826959917,891.1111111111111
1614,896.6666666666666,0.3135184210387259,0.2032935862418203,0.1958661347643607,0.1589509545048033,0.1618815012905014,0.1412788339019904,0.1482989808885487,0.1487128328738841,0.1511726819791555,0.1547404302399325,0.1855794933561212,0.0921196526195087,0.0696662752653676,0.0331642244967354,0.0345987525428644,0.0114949709108863,0.009500404347958,0.0087549951309896,0.6728604847944607,0.0,-0.7836721097599221,0.0,-0.4344289284780323,0.0,7.081306223921086,54.34171808562246,0.6259244365680406,0.145734106269237,6.998044377633975,47.96551119358741,0.5405823504427032,0.0076056082908405,0.2018581454383382,-0.1567344219519844,-0.0781972071260458,896.6666666666666
1624,902.2222222222222,0.3084403178141456,0.2027809848581516,0.1874685914579464,0.165530251519541,0.1572025725043468,0.1489146317070642,0.1519881603047809,0.1428399901359506,0.1440279627704724,0.145105153384835,0.1900146012304533,0.0908240142521181,0.0753945534064871,0.0366537364756,0.0253148299213506,0.0168166403386728,0.0120598585195459,0.0199171012975159,0.6728604847944607,0.0,-0.7852973681980553,0.0,-0.4344289284780323,0.0,7.081306223921086,58.30928794247816,0.6259244365680406,0.145734106269237,6.998044377633975,47.96551119358741,0.5405823504427032,0.0076056082908405,0.2018581454383382,-0.157059473639611,-0.0781972071260458,902.2222222222222
1634,907.7777777777776,0.3139933500551083,0.2114260009995898,0.1920143587875273,0.1715579465348136,0.1580943405263058,0.1434430912855311,0.1547294512248773,0.1487284251368947,0.1514276921334591,0.1477707196308047,0.1771423464327362,0.0793377541129989,0.0605211960160745,0.0234138577396814,0.0326484686862726,0.0180798908695992,0.0217695814932655,0.0073914198507564,-0.3455323141688208,0.0,-0.7852973681980553,0.0,0.5386166937684019,0.0,7.081306223921086,58.30928794247816,0.6680337634316779,0.145734106269237,6.998044377633975,47.96551119358741,0.5405823504427032,0.0076056082908405,-0.1036596942506462,-0.157059473639611,0.0969510048783123,907.7777777777776
1644,913.3333333333331,0.2253573155836305,0.0921162101390554,0.0805159312065147,0.0400292672396445,0.0376946361841768,0.0281873607194728,0.015260353555271,0.0095952220495837,0.0158167847230095,0.0177387957238756,0.1866437084334975,0.0911389053083217,0.0671046207640503,0.0402792249096384,0.0213693979993776,0.0122730991383398,0.0150427747743182,0.0104704325420804,0.6413957519364187,0.0,-0.5018491910962053,0.0,0.7031153055616847,0.0,7.081306223921086,58.30928794247816,0.6680337634316779,0.0168608612238868,6.998044377633975,47.96551119358741,0.5405823504427032,0.0076056082908405,0.1924187255809256,-0.100369838219241,0.1265607550011032,913.3333333333331
1654,918.8888888888888,0.232467861111624,0.0929352073686136,0.0852377844659178,0.0482752756871248,0.040274184813901,0.0302722559016657,0.0204190722057498,0.0109222818937261,0.024867273559042,0.0234746470492439,0.2065622753451512,0.0882079469287806,0.0718132810887051,0.0431816514942285,0.0245392187126628,0.0233075109939739,0.0083069613908528,0.010931702650159,0.4103078864946385,0.0,-0.3661456472900536,0.0,0.7031153055616847,0.0,7.081306223921086,58.30928794247816,0.6680337634316779,0.0168608612238868,7.811337075950596,47.96551119358741,0.5405823504427032,0.0076056082908405,0.1230923659483915,-0.0732291294580107,0.1265607550011032,918.8888888888888
1664,924.4444444444443,0.2231378452538506,0.1014944912507397,0.0850984784305618,0.0276388897611795,0.0368575540991709,0.0213065655271192,0.0294771549360013,0.012821337741121,0.0192859037340701,0.0112736137283465,0.2016580728555521,0.0969282031580118,0.0764362396659472,0.0453098567761944,0.0333597428911078,0.025364895126979,0.0213072254879311,0.0046134105906585,0.5161739258950432,0.0,-0.3661456472900536,0.0,-0.5731964032564868,0.0,7.081306223921086,58.30928794247816,0.6680337634316779,0.0168608612238868,7.811337075950596,49.583929897792494,0.5405823504427032,0.0076056082908405,0.1548521777685129,-0.0732291294580107,-0.1031753525861676,924.4444444444443
1674,930.0,0.2253111494786973,0.0978412248148614,0.0802717848462266,0.048042422758146,0.047284718491928,0.0293647123343231,0.016640623563062,0.0168771437789127,0.0107971475881619,0.0126988942158887,0.2415316819457959,0.1064386562407994,0.0840815708258162,0.0396913754007455,0.0327698527961793,0.0182334351196938,0.0148908460803159,0.0137021228514399,0.5161739258950432,0.0,-0.430258076461752,0.0,0.9642263425558072,0.0,7.081306223921086,58.30928794247816,0.6680337634316779,0.0168608612238868,7.811337075950596,49.583929897792494,0.6189369740976557,0.0076056082908405,0.1548521777685129,-0.0860516152923504,0.1735607416600453,930.0
1684,935.5555555555557,0.2302956403455967,0.0928893051623138,0.0781087144431045,0.044072016004475,0.0367016728313936,0.0233425326180963,0.0287400049552902,0.0138385536630808,0.0241478398406959,0.0159649226958028,0.295077623309177,0.183566265862772,0.1785252258010332,0.1268646698159736,0.11940636793358,0.1007381819527555,0.1065099241626125,0.0963272851287735,0.7971269376399946,0.0,-0.430258076461752,0.0,0.3635028858038978,0.0,7.081306223921086,58.30928794247816,0.6680337634316779,0.0168608612238868,7.811337075950596,49.583929897792494,0.6189369740976557,0.0988912509913594,0.2391380812919983,-0.0860516152923504,0.0654305194447016,935.5555555555557
1694,941.1111111111112,0.227591529255784,0.1060205156822501,0.0805845872561097,0.0453097589786675,0.0394978383566692,0.0199367406586224,0.0266934406836594,0.0196581264888728,0.0265757496620595,0.0132529508648951,0.2960947291322803,0.1801346384611085,0.1744340713377372,0.1255053586223677,0.1148002309010305,0.1105631816641111,0.1088370979902975,0.0999040420573372,0.4450219596310125,0.0,0.290975973523753,0.0,0.3635028858038978,0.0,7.38131037084439,58.30928794247816,0.6680337634316779,0.0168608612238868,7.811337075950596,49.583929897792494,0.6189369740976557,0.0988912509913594,0.1335065878893037,0.0581951947047506,0.0654305194447016,941.1111111111112
1704,946.6666666666666,0.228923171912487,0.0944111141213131,0.0922240280425135,0.0378843983948859,0.0407279141082989,0.0199850951438653,0.0290254047380704,0.0210782649659388,0.0225328694089126,0.0133428109083644,0.2873488408774824,0.1786358939575131,0.1643882055971133,0.1197012279761606,0.1306170531675633,0.1038563598351164,0.1137025684619803,0.1015777080683636,0.5405907803587178,0.0,0.290975973523753,0.0,0.4325091679343092,0.0,7.38131037084439,59.22701689472914,0.6680337634316779,0.0168608612238868,7.811337075950596,49.583929897792494,0.6189369740976557,0.0988912509913594,0.1621772341076153,0.0581951947047506,0.0778516502281756,946.6666666666666
1714,952.2222222222222,0.2121664882486386,0.0920758742852207,0.081394419032654,0.038177051607721,0.0355946956953151,0.0370406685818324,0.0234472664790081,0.0065631504186642,0.0224057344698559,0.0137317525234324,0.2816380761731927,0.1870280300819667,0.1638400829162491,0.1272295081913351,0.1259500312597882,0.1108371094227583,0.1072794431178793,0.0990970445459712,0.5405907803587178,0.0,-0.5394025591597845,0.0,0.2625748416092778,0.0,7.38131037084439,59.22701689472914,0.5931680070122249,0.0168608612238868,7.811337075950596,49.583929897792494,0.6189369740976557,0.0988912509913594,0.1621772341076153,-0.1078805118319569,0.04726347148967,952.2222222222222
1724,957.7777777777776,0.2448031154279518,0.1564688640424864,0.1437780963080505,0.1169524827292656,0.1080747912499925,0.1081820561150416,0.1043900556537453,0.0937624185626774,0.0996265560220352,0.0978202679428159,0.2746402136111668,0.1790256929854058,0.16155745808487,0.1227628074662522,0.1130900947970135,0.1127892940057039,0.1042578312182909,0.0900906541585408,-0.4812124615027133,0.0,-0.5394025591597845,0.0,0.6913676615170815,0.0,7.38131037084439,59.22701689472914,0.5931680070122249,0.094215128229736,7.811337075950596,49.583929897792494,0.6189369740976557,0.0988912509913594,-0.144363738450814,-0.1078805118319569,0.1244461790730746,957.7777777777776
1734,963.3333333333331,0.2523769258685327,0.1609144717467898,0.1464497527349246,0.1148548288786706,0.1116138422485835,0.1023700882847169,0.1051826048420417,0.1023011790442787,0.0955715091157548,0.0961354373160614,0.2808176821021243,0.1772421827250143,0.1649785815432997,0.1201739986279161,0.1186615155857386,0.1021498982472412,0.0983353402390952,0.0994913376294711,-0.4812124615027133,0.0,0.4203075458551492,0.0,0.6913676615170815,0.0,7.38131037084439,59.22701689472914,0.5931680070122249,0.094215128229736,7.90567855169914,49.583929897792494,0.6189369740976557,0.0988912509913594,-0.144363738450814,0.0840615091710298,0.1244461790730746,963.3333333333331
1744,968.8888888888888,0.2599823281240336,0.1666546392265933,0.1506365169834908,0.1156161943094163,0.1094591379364985,0.097619931221999,0.1086387668646367,0.0942212627081577,0.0992475213985131,0.0924616944817263,0.2955152585715602,0.207696983967334,0.1805563580248829,0.1316423798304455,0.1293277585967247,0.1220832632190064,0.1009736980732477,0.1026449598159499,0.822006085012131,0.0,0.3308470271844471,0.0,-0.4536048541823031,0.0,7.38131037084439,59.22701689472914,0.5931680070122249,0.094215128229736,7.90567855169914,43.67778793019382,0.6189369740976557,0.0988912509913594,0.2466018255036393,0.0661694054368894,-0.0816488737528145,968.8888888888888
1754,974.4444444444443,0.2638314311479702,0.1579869977751041,0.1429181625944338,0.1144280960693196,0.1122972127459466,0.1040856944264576,0.1048934422274284,0.0993246221134977,0.1000556386691523,0.0980025960641243,0.2700366680225461,0.1761135571778607,0.1526415676285706,0.1285673531843668,0.1234487601696635,0.1083045653001507,0.1028881795564106,0.0947593245131804,0.822006085012131,0.0,0.3308470271844471,0.0,-0.4536048541823031,0.0,7.38131037084439,59.22701689472914,0.5931680070122249,0.094215128229736,7.90567855169914,43.67778793019382,0.5123730836312749,0.0988912509913594,0.2466018255036393,0.0661694054368894,-0.0816488737528145,974.4444444444443
1764,980.0,0.2564887103542967,0.1499419946685065,0.1422726638928047,0.1215939245533189,0.1131201342234169,0.1012402544973996,0.0969321582358048,0.0955331665181454,0.0968725211199575,0.0913417149428765,0.2355314515570085,0.1404914149348773,0.1344489589372822,0.0960813733724307,0.092926028846981,0.0669853040031239,0.0636339223088644,0.0676688405776851,0.4554433099878182,0.0,0.3308470271844471,0.0,-0.5566431388685937,0.0,7.38131037084439,59.22701689472914,0.5931680070122249,0.094215128229736,7.90567855169914,43.67778793019382,0.5123730836312749,0.0617275235246962,0.1366329929963454,0.0661694054368894,-0.1001957649963468,980.0
1774,985.5555555555557,0.2947736992222917,0.1742022617477591,0.1627227562698572,0.1146393417771522,0.1238499158773496,0.1182317563718083,0.1145082110707046,0.1019105835609917,0.1059876906361636,0.0899413433104593,0.2278533149469837,0.1512435633418194,0.1168063263274497,0.0893989555155757,0.0880025488267214,0.0736909373191741,0.069577459435805,0.061932433206442,0.4554433099878182,0.0,0.5457767161799187,0.0,-0.6483354263639474,0.0,8.844896283003099,59.22701689472914,0.5931680070122249,0.094215128229736,7.90567855169914,43.67778793019382,0.5123730836312749,0.0617275235246962,0.1366329929963454,0.1091553432359837,-0.1167003767455105,985.5555555555557
1784,991.1111111111112,0.269881555113124,0.168863537354425,0.1490568596053105,0.1204827661640444,0.1265122430676581,0.097633285491621,0.1029044671316234,0.0840723958966697,0.089038228113319,0.1025553154380991,0.2254480183237031,0.1377776861188283,0.1325709766444662,0.0892369949396448,0.0857323460123714,0.0654909196313503,0.0725322076853042,0.0696416292392675,-0.958739932497266,0.0,0.5457767161799187,0.0,-0.6483354263639474,0.0,8.844896283003099,56.30443576583544,0.5931680070122249,0.094215128229736,7.90567855169914,43.67778793019382,0.5123730836312749,0.0617275235246962,-0.2876219797491798,0.1091553432359837,-0.1167003767455105,991.1111111111112
1794,996.6666666666666,0.2887353843084742,0.1873747155796997,0.1608176441700919,0.1195149328609823,0.1287865953365332,0.1013087538954902,0.1051985499173438,0.0975075933101416,0.1004625484294934,0.0946679923358822,0.2256006524972142,0.1408057582152866,0.1208531643684037,0.0929475904179875,0.0814563177220751,0.0685844738038195,0.072069083581101,0.0539116794414483,-0.958739932497266,0.0,0.6800772362002445,0.0,-0.3215677265304079,0.0,8.844896283003099,56.30443576583544,0.645997849800413,0.094215128229736,7.90567855169914,43.67778793019382,0.5123730836312749,0.0617275235246962,-0.2876219797491798,0.1360154472400489,-0.0578821907754734,996.6666666666666
1804,1002.2222222222222,0.2621688786283424,0.1169031262217983,0.1135919312172228,0.0592551520773597,0.0588989296222268,0.0384089288371278,0.0283429969384827,0.0297466589846175,0.0247611651593448,0.0211891409464261,0.2283049835425093,0.1386598897398751,0.1241337924737701,0.0873608120576155,0.0850694692967446,0.0742057365280202,0.074712783726588,0.0614818364355064,0.3265067339255649,0.0,0.7386142817959525,0.0,-0.3215677265304079,0.0,8.844896283003099,56.30443576583544,0.645997849800413,0.0169807428787834,7.90567855169914,43.67778793019382,0.5123730836312749,0.0617275235246962,0.0979520201776694,0.1477228563591905,-0.0578821907754734,1002.2222222222222
1814,1007.7777777777776,0.2641535353945914,0.1173638327794222,0.1051208840055823,0.0548480104961574,0.0565456429038715,0.0316104485182138,0.0382163625799418,0.0345354219625436,0.0213890089172928,0.0223673050704276,0.2408565965935949,0.1535338055224515,0.1451544790506702,0.0887284974053517,0.0866143481189845,0.0797205489556061,0.0690998136281298,0.0702798146070082,0.3265067339255649,0.0,0.7386142817959525,0.0,-0.6571353720697067,0.0,8.844896283003099,56.30443576583544,0.645997849800413,0.0169807428787834,8.740064584593137,43.67778793019382,0.5123730836312749,0.0617275235246962,0.0979520201776694,0.1477228563591905,-0.1182843669725472,1007.7777777777776
1824,1013.3333333333331,0.2523107559633896,0.1110740280533204,0.1147205239651282,0.044477357544638,0.0495212151484724,0.038185131786021,0.0209223399015789,0.0184079531003074,0.0202420860940481,0.0174152107126992,0.229236390363856,0.130643480652369,0.1327525958087846,0.078517241462258,0.0845577354174813,0.0647163397198013,0.0660653105377488,0.0830336916585688,0.4706068303963921,0.0,0.3676085438142569,0.0,0.64303477384203,0.0,8.844896283003099,56.30443576583544,0.645997849800413,0.0169807428787834,8.740064584593137,56.04073155994568,0.5123730836312749,0.0617275235246962,0.1411820491189176,0.0735217087628513,0.1157462592915654,1013.3333333333331
1834,1018.8888888888888,0.2556782288436562,0.1210095693407954,0.1099988301296008,0.0691844292608394,0.0456516776041293,0.028302648007943,0.0269044518369114,0.0168527039765439,0.0185254478113634,0.0134241136904552,0.2900553723867659,0.1555963573886291,0.1452823215462025,0.0986106385081388,0.0932043333551883,0.0715804313318869,0.0742483495399116,0.0530498438855777,0.4520932462433308,0.0,0.8898040189943215,0.0,0.64303477384203,0.0,8.844896283003099,56.30443576583544,0.645997849800413,0.0169807428787834,8.740064584593137,56.04073155994568,0.6755382733299067,0.0617275235246962,0.1356279738729992,0.1779608037988643,0.1157462592915654,1018.8888888888888
1844,1024.4444444444443,0.2526976545875344,0.1079474392000834,0.1008674413369009,0.0516957390087519,0.0474777751925762,0.0280102239843315,0.0346228541689275,0.0197726878013962,0.0196967438704858,0.021342296518716,0.2958312904493642,0.1735495003846108,0.1653919121529064,0.1026533222552942,0.1108367377099682,0.0825304538244269,0.0870639464243882,0.081675465788621,-0.3408223747413939,0.0,-0.4520280064379697,0.0,0.2622729265201063,0.0,8.844896283003099,56.30443576583544,0.645997849800413,0.0169807428787834,8.740064584593137,56.04073155994568,0.6755382733299067,0.0784956229462765,-0.1022467124224181,-0.0904056012875939,0.0472091267736191,1024.4444444444443
1854,1030.0,0.2645103050716704,0.1229194241488811,0.114428727131044,0.0512110386167677,0.0533067560260697,0.0367091761078865,0.0331761426895567,0.0254273444125801,0.0137075507803318,0.0160058807095187,0.2978699176128718,0.1627281350449088,0.1665393671372808,0.1100566432749639,0.1109616004932599,0.0956982232161055,0.0940686449787441,0.0858411855891166,-0.3408223747413939,0.0,-0.9168253930217202,0.0,-0.5816375612906285,0.0,9.330033392322344,56.30443576583544,0.645997849800413,0.0169807428787834,8.740064584593137,56.04073155994568,0.6755382733299067,0.0784956229462765,-0.1022467124224181,-0.183365078604344,-0.1046947610323131,1030.0
1864,1035.5555555555554,0.3086391848217882,0.1722072247431627,0.1302154800616692,0.0802838155464951,0.0624858287713795,0.0389133735678729,0.0358169049949643,0.019384294233458,0.0175447238137757,0.0200219687142301,0.3058197699858553,0.1705092129480469,0.1666540626940207,0.1120649487508472,0.1055936231001591,0.0861640920365978,0.0920354597503687,0.074614638591652,0.8270676873717855,0.0,0.4176394116577726,0.0,0.7342750534790898,0.0,9.330033392322344,40.93304475907775,0.645997849800413,0.0169807428787834,8.740064584593137,56.04073155994568,0.6755382733299067,0.0784956229462765,0.2481203062115356,0.0835278823315545,0.1321695096262361,1035.5555555555554
1874,1041.111111111111,0.2343642439936613,0.1286257822127697,0.1206106131231009,0.065201353567177,0.0567439030245977,0.0405679779352629,0.034858778929233,0.0290900734788164,0.0143700330337299,0.0236336504757128,0.2959720556539899,0.1641565827856694,0.1589401119508608,0.1155185318345687,0.1061773521666253,0.0916344943842675,0.0911703686336987,0.0895231867488043,0.7652776457821647,0.0,0.4176394116577726,0.0,0.7342750534790898,0.0,9.330033392322344,40.93304475907775,0.5060577667863204,0.0169807428787834,8.740064584593137,56.04073155994568,0.6755382733299067,0.0784956229462765,0.2295832937346494,0.0835278823315545,0.1321695096262361,1041.111111111111
1884,1046.6666666666663,0.2368180461354282,0.1121853183987182,0.0956901978913211,0.0532146247175828,0.0482471912307456,0.0217735215200916,0.02259314266455,0.008093365985426,0.0182602899852968,0.0043689495736118,0.3013763909378564,0.1794512713579857,0.1616545848476122,0.1154564174952613,0.1101005526489786,0.0905992216107414,0.0911080075495694,0.0852386313567563,0.7652776457821647,0.0,0.909613809579236,0.0,-0.3423199062198002,0.0,9.330033392322344,40.93304475907775,0.5060577667863204,0.003032336003422,8.740064584593137,56.04073155994568,0.6755382733299067,0.0784956229462765,0.2295832937346494,0.1819227619158472,-0.061617583119564,1046.6666666666663
1894,1052.2222222222222,0.2251532854947093,0.1244949722325608,0.1142537148558406,0.0551130655445607,0.0430488815294251,0.0120590931191309,0.0199479136322027,0.0088576041165359,0.0093904268522796,0.0029642532067904,0.261681495112983,0.1496519524376266,0.1353972173159706,0.1076070490930216,0.0976067631960092,0.0825330657446871,0.0824738108807216,0.0751584004868012,0.7652776457821647,0.0,-0.7549504582873175,0.0,-0.3423199062198002,0.0,9.330033392322344,40.93304475907775,0.5060577667863204,0.003032336003422,6.7583060338573695,56.04073155994568,0.6755382733299067,0.0784956229462765,0.2295832937346494,-0.1509900916574635,-0.061617583119564,1052.2222222222222
1904,1057.7777777777778,0.2288731675238366,0.1200901478474393,0.0973611383724722,0.0621411005514088,0.0447631385127881,0.0227679340771217,0.0181054283128669,0.0014671498891697,0.0042738332470563,0.0128851895073321,0.2837530439356692,0.1653274953032043,0.1528843663953224,0.0997609872850751,0.103675170707362,0.0906775083391736,0.0851560568009183,0.0796963158731725,0.5082061339773951,0.0,-0.7549504582873175,0.0,-0.8168632888598445,0.0,9.330033392322344,40.93304475907775,0.5060577667863204,0.003032336003422,6.7583060338573695,44.97139546417966,0.6755382733299067,0.0784956229462765,0.1524618401932185,-0.1509900916574635,-0.147035391994772,1057.7777777777778
1914,1063.3333333333333,0.2176577298528744,0.117112088277417,0.0986339494190955,0.056959701002367,0.0397907085518354,0.01597938287917,0.0272739452571171,0.0103684365367152,0.0148633091161611,0.0049938711178921,0.2222455721935446,0.1491281244959604,0.1324420542580068,0.1003502370194595,0.0979442311422621,0.0825829908510344,0.0919498683759454,0.0824292301626858,-0.5917654571459874,0.0,-0.6421981428411069,0.0,-0.3112301024199654,0.0,9.330033392322344,40.93304475907775,0.5060577667863204,0.003032336003422,6.7583060338573695,44.97139546417966,0.5375006668711932,0.0784956229462765,-0.1775296371437962,-0.1284396285682214,-0.0560214184355937,1063.3333333333333
1924,1068.888888888889,0.2122195480423123,0.1092626661370665,0.0958607123734209,0.055174142838203,0.0418123764814828,0.0264275557437968,0.0150140446725783,-0.0004406634046905,0.0101264280143557,0.0075441022098929,0.236959355946785,0.1486768142047328,0.1282930769010196,0.1111355956439938,0.0996705517365738,0.0871120038960496,0.0829151121675146,0.0885887649487134,-0.5917654571459874,0.0,-0.6421981428411069,0.0,-0.3112301024199654,0.0,9.330033392322344,40.93304475907775,0.5060577667863204,0.003032336003422,6.7583060338573695,44.97139546417966,0.5375006668711932,0.0850583727578093,-0.1775296371437962,-0.1284396285682214,-0.0560214184355937,1068.888888888889
1934,1074.4444444444443,0.1803435880797914,0.0822292609214749,0.0548445882123223,0.0264853578708417,0.0251509078068207,0.0148173847540703,0.0065812383539862,0.0051033480913384,0.0052062650526801,0.005970500632852,0.23398643346304,0.1510146615206656,0.1321300326259314,0.1105714437092855,0.0967475939455474,0.0905076569861253,0.0812588866885747,0.0879969615512073,0.4677428732305644,0.0,-0.7035036442101417,0.0,0.580318438151873,0.0,6.524754691305746,40.93304475907775,0.5060577667863204,0.003032336003422,6.7583060338573695,44.97139546417966,0.5375006668711932,0.0850583727578093,0.1403228619691693,-0.1407007288420283,0.1044573188673371,1074.4444444444443
1944,1080.0,0.1498581360721688,0.0660079276475559,0.0494320854192334,0.0216760987309967,0.0240714460790323,0.0014086593615296,0.008947380072098,-0.0009731719948062,0.004773312066018,0.0077257046050113,0.2245136759163153,0.1551787076061012,0.127911707353048,0.101719493648753,0.1015816330107395,0.0958754802991443,0.0857739854422973,0.0815809950411003,-0.3928278898404549,0.0,-0.7035036442101417,0.0,0.580318438151873,0.0,6.524754691305746,51.80775735669704,0.5060577667863204,0.003032336003422,6.7583060338573695,44.97139546417966,0.5375006668711932,0.0850583727578093,-0.1178483669521364,-0.1407007288420283,0.1044573188673371,1080.0
1954,1085.5555555555554,0.172757172522634,0.0705097953807947,0.0547706366245925,0.0186117372963703,0.0197079159030604,0.0101302597579203,0.0040415518879224,0.0045721051864141,-0.0026267101444019,0.0029654304996944,0.2270970515928673,0.144137620718202,0.1386590021983379,0.1163019316592505,0.108758606846787,0.0930609989020639,0.0910448507231531,0.0884885715971397,0.7714030695083934,0.0,-0.6029805047511634,0.0,0.9163375369212584,0.0,6.524754691305746,51.80775735669704,0.5332022306094434,0.003032336003422,6.7583060338573695,44.97139546417966,0.5375006668711932,0.0850583727578093,0.231420920852518,-0.1205961009502326,0.1649407566458265,1085.5555555555554
1964,1091.111111111111,0.2358352348173927,0.1609143098730565,0.1393067760614205,0.1193996781526772,0.1153762859585101,0.1082178947872717,0.1134034961662544,0.1002447306750111,0.1044598823129319,0.1069832104118782,0.2359062769882591,0.1552655536655907,0.1307768461027074,0.1069926483184661,0.1079552132383585,0.0904051005803981,0.0871951287182943,0.0840313483118426,0.7714030695083934,0.0,-0.6029805047511634,0.0,-0.8440860543904941,0.0,6.524754691305746,51.80775735669704,0.5332022306094434,0.1016810562850964,6.7583060338573695,44.97139546417966,0.5375006668711932,0.0850583727578093,0.231420920852518,-0.1205961009502326,-0.1519354897902889,1091.111111111111
1974,1096.6666666666663,0.2358818692307684,0.1574812674503224,0.1453319553431556,0.1258887794019334,0.1116947332024713,0.1028118472277485,0.0972023069878407,0.0992477771491671,0.1077358440399531,0.0955765496929413,0.2303051253251945,0.1478679726487679,0.140917477877307,0.1044458907495303,0.102014383974428,0.0864726309914534,0.0830367736501873,0.0981103802939898,0.6570685924203689,0.0,0.259284492930726,0.0,-0.8440860543904941,0.0,6.524754691305746,51.80775735669704,0.5332022306094434,0.1016810562850964,6.0632260633316735,44.97139546417966,0.5375006668711932,0.0850583727578093,0.1971205777261106,0.0518568985861452,-0.1519354897902889,1096.6666666666663
1984,1102.2222222222222,0.2329367502125734,0.1519821255950644,0.1437744951531107,0.1239322001570767,0.1097024455171932,0.0988007666899114,0.1119127150174801,0.0995935980666437,0.1066185204002929,0.1034887061226622,0.2208360120910912,0.1450948385331193,0.1294521873113799,0.0991704007348578,0.096300708093075,0.0932204525418508,0.0887418929055865,0.084692667697762,0.261056984527325,0.0,0.3412789617239836,0.0,0.9791759040202118,0.0,6.524754691305746,51.80775735669704,0.5332022306094434,0.1016810562850964,6.0632260633316735,46.2114039410639,0.5375006668711932,0.0850583727578093,0.0783170953581975,0.0682557923447967,0.1762516627236381,1102.2222222222222
1994,1107.7777777777778,0.2332115552806989,0.1664369482264245,0.1436324321108251,0.1149614815353535,0.1148235976203826,0.1066340861540479,0.100890554559866,0.1111690866925969,0.1038327807237624,0.1131162331281846,0.2671726220727246,0.1667861937717168,0.1433244070953423,0.1167045435733447,0.0979518607315175,0.0947638137505623,0.083477003867813,0.0887839630765273,0.261056984527325,0.0,0.5114713805800786,0.0,0.9791759040202118,0.0,6.524754691305746,51.80775735669704,0.5332022306094434,0.1016810562850964,6.0632260633316735,46.2114039410639,0.6876682573729227,0.0850583727578093,0.0783170953581975,0.1022942761160157,0.1762516627236381,1107.7777777777778
2004,1113.3333333333333,0.235442775582733,0.150212924393933,0.1329137703315103,0.1185449991426621,0.1055241012243871,0.1087489883038434,0.1061058636502016,0.122607392882984,0.1036777616563681,0.1021026871656872,0.2522073882085306,0.156461110542949,0.1289628488432189,0.1089768763582933,0.102272526304738,0.0829320998655815,0.0851279143114822,0.0810981596907989,-0.770561348169382,0.0,-0.8285339097980928,0.0,-0.4891651748745282,0.0,6.524754691305746,51.80775735669704,0.5332022306094434,0.1016810562850964,6.0632260633316735,46.2114039410639,0.6876682573729227,0.0807594569815867,-0.2311684044508146,-0.1657067819596185,-0.088049731477415,1113.3333333333333
2014,1118.888888888889,0.2630315838920934,0.1736995611788945,0.1690294010226143,0.120046774760926,0.1135804990884519,0.1146901700556427,0.1120475819943467,0.1081060815796762,0.113142628088981,0.1088139700537903,0.2600449369915952,0.1593272869883707,0.1348215064935701,0.1024284276684723,0.1023950423989281,0.0921788354778163,0.0867637736544404,0.0755010556540428,-0.770561348169382,0.0,0.7032030559285496,0.0,-0.4891651748745282,0.0,8.997079688789603,51.80775735669704,0.5332022306094434,0.1016810562850964,6.0632260633316735,46.2114039410639,0.6876682573729227,0.0807594569815867,-0.2311684044508146,0.1406406111857099,-0.088049731477415,1118.888888888889
2024,1124.4444444444443,0.2782809773882542,0.1719420908402523,0.1635846616300086,0.1369957220515328,0.1304720997892289,0.1125182161882132,0.1173243714481287,0.0966649198322817,0.1017858557812129,0.1039922749566177,0.2710053409432713,0.1491123270638798,0.1328254047686382,0.099914924588416,0.104630356983061,0.0847855399624709,0.0835481712931747,0.0890592504156098,0.8211392500299868,0.0,0.7032030559285496,0.0,-0.588988427630955,0.0,8.997079688789603,53.16052163223452,0.5332022306094434,0.1016810562850964,6.0632260633316735,46.2114039410639,0.6876682573729227,0.0807594569815867,0.246341775008996,0.1406406111857099,-0.1060179169735719,1124.4444444444443
2034,1130.0,0.2936234651472196,0.1839574671308792,0.1782856263573615,0.1275589005846114,0.1316569941609522,0.1143978269586898,0.117231771418201,0.1103870490332448,0.1072393084066382,0.101668514081729,0.2636196530459664,0.1545463933136156,0.1353874583354488,0.1024483965637265,0.0982603677200533,0.078531216252897,0.0785423312901533,0.0829429439468285,-0.8087013255980249,0.0,-0.6024181746056447,0.0,0.4902908783309603,0.0,8.997079688789603,53.16052163223452,0.6221501571227053,0.1016810562850964,6.0632260633316735,46.2114039410639,0.6876682573729227,0.0807594569815867,-0.2426103976794074,-0.1204836349211289,0.0882523580995728,1130.0
2044,1135.5555555555554,0.2625590715470724,0.1323698440407172,0.1284658107635789,0.0573995941938081,0.0573431159303207,0.0504696792786489,0.0439499725952918,0.0296682643454789,0.0351247292900786,0.027855146338318,0.2546108651979085,0.1564876145006753,0.1388400305997784,0.1115620777796741,0.0908268401528759,0.0826984178758457,0.0849136474144082,0.0816311842074728,-0.3323186811834611,0.0,0.4105371751356559,0.0,0.4902908783309603,0.0,8.997079688789603,53.16052163223452,0.6221501571227053,0.0286879020127346,6.0632260633316735,46.2114039410639,0.6876682573729227,0.0807594569815867,-0.0996956043550383,0.0821074350271311,0.0882523580995728,1135.5555555555554
2054,1141.111111111111,0.2509183644729721,0.1213846219479219,0.1197981577468154,0.0593912500528609,0.0526099931321323,0.0366206151581508,0.0440374856088007,0.0242325820053628,0.0276018568707708,0.0384075869565949,0.3001939254963447,0.183885130480783,0.1648667979296999,0.1130270568848767,0.1047909304043114,0.0886699216615265,0.0857741872248344,0.0882081729047343,-0.3323186811834611,0.0,-0.3037383516347395,0.0,-0.5607802024762127,0.0,8.997079688789603,53.16052163223452,0.6221501571227053,0.0286879020127346,7.723184244773418,46.2114039410639,0.6876682573729227,0.0807594569815867,-0.0996956043550383,-0.0607476703269479,-0.1009404364457182,1141.111111111111
2064,1146.6666666666663,0.2563493798660172,0.1284283579423865,0.1198464638090802,0.0684262142184971,0.0664688592469047,0.0435768492988127,0.0397821162955068,0.0392496188624497,0.0329762175788585,0.0202374124360331,0.3114282443441925,0.1973650078612537,0.1664328800253202,0.1158543117539913,0.1212347821361408,0.0977477796587063,0.0867107716884928,0.0788869980983522,-0.3323186811834611,0.0,-0.3037383516347395,0.0,-0.5607802024762127,0.0,8.997079688789603,53.16052163223452,0.6221501571227053,0.0286879020127346,7.723184244773418,40.79372836918,0.6876682573729227,0.0807594569815867,-0.0996956043550383,-0.0607476703269479,-0.1009404364457182,1146.6666666666663
2074,1152.2222222222222,0.2499374508425798,0.120109424607956,0.1216786128897425,0.0645722716481131,0.0680131969522328,0.044863493604329,0.0493713202429499,0.0314391253742787,0.0333793104900764,0.0275252970907082,0.2956529683583075,0.1875243589684274,0.1651179354790482,0.1199997657836288,0.1115738850112914,0.0897921996621949,0.0882143717485761,0.0838587411559726,-0.544410703774579,0.0,-0.6467986956314364,0.0,0.2530697896155657,0.0,8.997079688789603,53.16052163223452,0.6221501571227053,0.0286879020127346,7.723184244773418,40.79372836918,0.6603328810183746,0.0807594569815867,-0.1633232111323737,-0.1293597391262873,0.0455525621308018,1152.2222222222222
2084,1157.7777777777776,0.2668876283138865,0.1327710526079884,0.1201261246522122,0.0710410298817203,0.0705459377839764,0.0437683270224942,0.0443971273233884,0.0357974023779887,0.0346658382214838,0.0366437271487469,0.3361577432632622,0.2369149451198395,0.2234827807929368,0.1762880826199543,0.1676546152822911,0.150972427261961,0.1512964842049049,0.1501314263425098,-0.2924990731001843,0.0,-0.6467986956314364,0.0,-0.691176102402777,0.0,8.997079688789603,53.16052163223452,0.6221501571227053,0.0286879020127346,7.723184244773418,40.79372836918,0.6603328810183746,0.1440106375539264,-0.0877497219300553,-0.1293597391262873,-0.1244116984324998,1157.7777777777776
2094,1163.3333333333333,0.2616127438749267,0.1210717719423533,0.1193314507531489,0.0695711235587339,0.0646705908408734,0.0468427611429144,0.0457388733389838,0.0331576801241394,0.0390664881654962,0.0436601027325083,0.3371869198912763,0.2347402729062216,0.2242416505252963,0.1775804202214537,0.1784868805859116,0.1572273979987965,0.156726540134449,0.1492421131378578,-0.2924990731001843,0.0,-0.6467986956314364,0.0,-0.8059669266434745,0.0,9.132829028293903,53.16052163223452,0.6221501571227053,0.0286879020127346,7.723184244773418,40.79372836918,0.6603328810183746,0.1440106375539264,-0.0877497219300553,-0.1293597391262873,-0.1450740467958254,1163.3333333333333
2104,1168.888888888889,0.2854856482701598,0.1660333624105506,0.1379783572495361,0.0826323999021738,0.0806847851910901,0.0470316439967435,0.0474295227164218,0.0402158114729896,0.0386683586410933,0.0255320830044112,0.3286287414240825,0.2368432168378452,0.2212589589487018,0.1803499910592166,0.1653102596200701,0.1616945529988467,0.1559591850909472,0.1538964163917424,-0.4518294033398465,0.0,0.7883922936760163,0.0,0.6548549194424796,0.0,9.132829028293903,41.014192919321225,0.6221501571227053,0.0286879020127346,7.723184244773418,40.79372836918,0.6603328810183746,0.1440106375539264,-0.1355488210019539,0.1576784587352032,0.1178738854996463,1168.888888888889
2114,1174.4444444444443,0.2574376410451268,0.1504127404329638,0.1309146466643751,0.0773542285924939,0.0719948967999103,0.0505869348078429,0.0492067980766815,0.0398820766117432,0.0216840477467386,0.0288960070122616,0.345806811456381,0.2452562030183347,0.2245141153913852,0.1762645614585248,0.1697907367357048,0.1534981567648767,0.1481968463726494,0.1592788701175448,0.4916526202747144,0.0,0.7599667398715954,0.0,0.3100290156758461,0.0,9.132829028293903,41.014192919321225,0.5677320166760437,0.0286879020127346,7.723184244773418,40.79372836918,0.6603328810183746,0.1440106375539264,0.1474957860824143,0.151993347974319,0.0558052228216523,1174.4444444444443
2124,1180.0,0.2740059988955424,0.1676626729627587,0.1409178266779606,0.0916722831983964,0.0880979508436795,0.0615937539827242,0.0629496869632214,0.0565822700491137,0.0433664112532686,0.0508026249030118,0.3344068261907007,0.2365251292563413,0.2121574082394588,0.1821114896325188,0.1780439355948659,0.1576997174949808,0.1557279053236029,0.1497822972874971,0.3889276227356582,0.0,0.7599667398715954,0.0,0.3100290156758461,0.0,9.132829028293903,41.014192919321225,0.5677320166760437,0.0477004796793423,7.723184244773418,40.79372836918,0.6603328810183746,0.1440106375539264,0.1166782868206974,0.151993347974319,0.0558052228216523,1180.0
2134,1185.5555555555554,0.267617087122411,0.1568311305105578,0.1396767508619806,0.0876380968655253,0.087332449403652,0.056699657549837,0.0598706638430219,0.0595064462894924,0.0555356571277935,0.0564063932064941,0.3144983838383615,0.2152481594258868,0.199765764745599,0.164291309484509,0.1576014750654926,0.1516346708098872,0.1434295654737737,0.1466480035251839,-0.7085637400103927,0.0,-0.441312224093434,0.0,-0.6436065732666267,0.0,9.132829028293903,41.014192919321225,0.5677320166760437,0.0477004796793423,6.33815097516861,40.79372836918,0.6603328810183746,0.1440106375539264,-0.2125691220031177,-0.0882624448186868,-0.1158491831879928,1185.5555555555554
2144,1191.111111111111,0.2690520043120967,0.1595305718783631,0.1518438216378891,0.1006135093581979,0.0925823192814499,0.0651465848086077,0.065829360995087,0.0524041671697237,0.0556961011083036,0.0426788153589715,0.3093643429952107,0.2096586922112076,0.1907886482840562,0.1580221601520006,0.1520714252392216,0.1516405230492695,0.1484093054685578,0.1507193877270994,0.5719565132246944,0.0,-0.3507231058999274,0.0,-0.6436065732666267,0.0,9.132829028293903,41.014192919321225,0.5677320166760437,0.0477004796793423,6.33815097516861,52.53223638656242,0.6603328810183746,0.1440106375539264,0.1715869539674083,-0.0701446211799854,-0.1158491831879928,1191.111111111111
2154,1196.6666666666663,0.258600313663137,0.1691016606004726,0.1352111891581689,0.0897533027341544,0.0813673862819878,0.0780672918820562,0.0702797142952369,0.0547353682420906,0.0583379048580705,0.0418061619941531,0.298669164269475,0.2041732870199736,0.1843047746030144,0.1639098695260957,0.1622369965103328,0.1475018794234764,0.1472114039750725,0.140652743052297,-0.8354118421390698,0.0,-0.3507231058999274,0.0,-0.4265417457497197,0.0,9.132829028293903,41.014192919321225,0.5677320166760437,0.0477004796793423,6.33815097516861,52.53223638656242,0.6594916350732667,0.1440106375539264,-0.2506235526417209,-0.0701446211799854,-0.0767775142349495,1196.6666666666663
2164,1202.2222222222222,0.2611424174141789,0.1548084807113997,0.1389159464220839,0.0935900898828118,0.0787507619966934,0.0644942952823441,0.0532845961502262,0.0568532263229053,0.0498091867379121,0.051281864148252,0.2240453508653002,0.1127737471525658,0.1006714554423237,0.0755704960167711,0.056760564369285,0.0569101049415672,0.0421105694736063,0.0466005763625718,-0.8354118421390698,0.0,0.324284012136563,0.0,-0.2844975839843275,0.0,9.132829028293903,41.014192919321225,0.5677320166760437,0.0477004796793423,6.33815097516861,52.53223638656242,0.6594916350732667,0.0470582208003365,-0.2506235526417209,0.0648568024273126,-0.0512095651171789,1202.2222222222222
2174,1207.7777777777776,0.2634865867606381,0.1613437111670895,0.1444075613450391,0.0933087493090569,0.0850175572532219,0.0640476936684898,0.0637152697586144,0.0548178612574692,0.0483986224082219,0.0518486404680052,0.2311699057142751,0.1187179269315982,0.0939359384733089,0.0699464874123698,0.0613481241183921,0.0424273442198036,0.0589881111594961,0.043148113606931,-0.491471768588132,0.0,0.324284012136563,0.0,-0.7522181408636065,0.0,9.16098955173995,41.014192919321225,0.5677320166760437,0.0477004796793423,6.33815097516861,52.53223638656242,0.6594916350732667,0.0470582208003365,-0.1474415305764396,0.0648568024273126,-0.1353992653554491,1207.7777777777776
2184,1213.3333333333333,0.2489947796590275,0.1259145313063027,0.1169801209250869,0.0788114290086818,0.0818323223138589,0.0509935018633833,0.0692624111565745,0.0484240077843779,0.0435564558991904,0.0475053104879048,0.2358185962975598,0.1236067546539655,0.1017567755618266,0.0642541706411489,0.0676452429642597,0.0535305386361137,0.0424311643371663,0.0569045886268649,-0.4696904882455263,0.0,-0.963045153158892,0.0,0.93158961374786,0.0,9.16098955173995,55.9425382569226,0.5677320166760437,0.0477004796793423,6.33815097516861,52.53223638656242,0.6594916350732667,0.0470582208003365,-0.1409071464736578,-0.1926090306317784,0.1676861304746147,1213.3333333333333
2194,1218.888888888889,0.2328356142044105,0.1217081397622354,0.1187421916121095,0.0788934600741955,0.0729238544389512,0.0595952384369441,0.0546127827357967,0.0427188861110378,0.044035058651648,0.0498540892642845,0.2227401119497582,0.1213444425620517,0.0980447110303007,0.0704186098321557,0.0624945536487006,0.0514256796650216,0.0590727304566781,0.0472381718105352,-0.621696589829595,0.0,-0.963045153158892,0.0,0.93158961374786,0.0,9.16098955173995,55.9425382569226,0.525827588294865,0.0477004796793423,6.33815097516861,52.53223638656242,0.6594916350732667,0.0470582208003365,-0.1865089769488784,-0.1926090306317784,0.1676861304746147,1218.888888888889
2204,1224.4444444444443,0.2693844649085554,0.1747116924655851,0.1787259937510325,0.1369513697622188,0.1338095258224933,0.1269599050149348,0.1242890424343397,0.1224079400387617,0.1269141618718953,0.1218701682060853,0.2284947020553977,0.1168916617150748,0.0955121602652906,0.064696086536128,0.0661024998030539,0.0548288584931768,0.0445721726909197,0.0401970270368192,-0.621696589829595,0.0,-0.7836521633371258,0.0,0.93158961374786,0.0,9.16098955173995,55.9425382569226,0.525827588294865,0.1150288735107232,6.33815097516861,52.53223638656242,0.6594916350732667,0.0470582208003365,-0.1865089769488784,-0.1567304326674251,0.1676861304746147,1224.4444444444443
2214,1230.0,0.259214330023112,0.1765266447436032,0.1718159100578803,0.1380063916122876,0.1369683915796952,0.1142177009640933,0.1214221815262678,0.1222326050538007,0.1206724067754532,0.1187289818060378,0.2674270686580295,0.1475696762942759,0.1303356412350247,0.0905113041074229,0.0829770645476303,0.0543233437100696,0.0607959860790748,0.0479494950154884,-0.621696589829595,0.0,-0.7836521633371258,0.0,0.5230534982662437,0.0,9.16098955173995,55.9425382569226,0.525827588294865,0.1150288735107232,8.647862159705754,52.53223638656242,0.6594916350732667,0.0470582208003365,-0.1865089769488784,-0.1567304326674251,0.0941496296879238,1230.0
2224,1235.5555555555554,0.2676908743402284,0.1797682140754968,0.1719460890422749,0.13794897194562,0.1369347658034316,0.1215806083707784,0.1334221127030619,0.116161529362842,0.1211963601440746,0.1153570001174374,0.2903707788669096,0.1665804279937186,0.1481614918949206,0.0910431342218863,0.0800809152056549,0.0588866406849839,0.0664023928518868,0.0435484975355806,-0.5842054903192536,0.0,-0.7836521633371258,0.0,-0.4774063190202303,0.0,9.16098955173995,55.9425382569226,0.525827588294865,0.1150288735107232,8.647862159705754,43.94565139663493,0.6594916350732667,0.0470582208003365,-0.175261647095776,-0.1567304326674251,-0.0859331374236414,1235.5555555555554
2234,1241.111111111111,0.2704308028652767,0.1804817520644799,0.1674462296644283,0.1422639526749008,0.1441486566124234,0.1222116994874177,0.1168698940734543,0.1210942504664944,0.1216826673204237,0.1232724846555659,0.2588132640663631,0.1508571331539023,0.134744088794329,0.0915924106509656,0.0854985660482778,0.0643810881246104,0.0588978099097381,0.0461950761449575,-0.5842054903192536,0.0,-0.5093936030081893,0.0,-0.5084565974234072,0.0,9.16098955173995,55.9425382569226,0.525827588294865,0.1150288735107232,8.647862159705754,43.94565139663493,0.6147282358997046,0.0470582208003365,-0.175261647095776,-0.1018787206016378,-0.0915221875362133,1241.111111111111
2244,1246.6666666666663,0.2819090591443415,0.1782584299665103,0.1786792679765353,0.1347534469380376,0.135701120911328,0.1205097838830027,0.1262374080679285,0.1193956881187152,0.1166791893272941,0.1144870506492052,0.3014545694894973,0.1926575000273635,0.1741921913640197,0.1309016528738702,0.125665285352955,0.115422897491689,0.1058474482675018,0.101971659618267,-0.4000597639016974,0.0,-0.6289990019820837,0.0,-0.5277172060569761,0.0,9.16098955173995,55.9425382569226,0.525827588294865,0.1150288735107232,8.647862159705754,43.94565139663493,0.6147282358997046,0.0958124949033154,-0.1200179291705092,-0.1257998003964167,-0.0949890970902557,1246.6666666666663
2254,1252.2222222222222,0.2683523609389875,0.1801075828894626,0.1756039278919416,0.1445335899677895,0.1305647079591877,0.1200411820130226,0.119283098922192,0.1218537361081929,0.1148417130374665,0.1176116037640446,0.3021431255142575,0.1891722055271678,0.1754606212770021,0.1421017280312265,0.1370170838378457,0.1136115818908169,0.1029328240685666,0.1040762552209301,-0.4000597639016974,0.0,-0.6687162707348282,0.0,0.3766576353909442,0.0,8.34986962397632,55.9425382569226,0.525827588294865,0.1150288735107232,8.647862159705754,43.94565139663493,0.6147282358997046,0.0958124949033154,-0.1200179291705092,-0.1337432541469656,0.0677983743703699,1252.2222222222222
2264,1257.7777777777776,0.2879118800464282,0.2030550764057881,0.1889188303028421,0.1547593411674205,0.1462082171408299,0.1239705098978939,0.1169635275381928,0.1138756414016332,0.1157844687400327,0.1100552772232908,0.3112258716249943,0.2046187838032414,0.1827415355223708,0.1412457974976101,0.1250739173369558,0.1122115126361588,0.1009852103651853,0.1032980550145615,0.4217385448458081,0.0,-0.889636577660961,0.0,0.3766576353909442,0.0,8.34986962397632,41.92491355256087,0.525827588294865,0.1150288735107232,8.647862159705754,43.94565139663493,0.6147282358997046,0.0958124949033154,0.1265215634537424,-0.1779273155321922,0.0677983743703699,1257.7777777777776
2274,1263.3333333333333,0.3347974405310064,0.2231220762116551,0.1999644642628713,0.1587997535712007,0.1434673400112597,0.1300511664900522,0.1313982038302766,0.1080183584518271,0.1195367271566594,0.117982533330635,0.3064043928040695,0.1967525971044929,0.1817546736687615,0.1420145538622683,0.1354053470163986,0.1156827952698711,0.1071766604437663,0.098840881862965,0.4217385448458081,0.0,-0.889636577660961,0.0,0.6315083697953683,0.0,8.34986962397632,41.92491355256087,0.6322382922029898,0.1150288735107232,8.647862159705754,43.94565139663493,0.6147282358997046,0.0958124949033154,0.1265215634537424,-0.1779273155321922,0.1136715065631663,1263.3333333333333
2284,1268.888888888889,0.3008712119235872,0.2012987367433446,0.1786877212261402,0.1377019987198806,0.134486173124188,0.1059153656795448,0.1110188843867151,0.1046672441349577,0.0897572731347925,0.0925932790720828,0.3038756988929812,0.196313646029231,0.174151632358181,0.1457703663483683,0.1247639638784981,0.1108899050913382,0.0988674230349328,0.1060416789084499,0.403322671526759,0.0,-0.3251784375713832,0.0,0.6315083697953683,0.0,8.34986962397632,41.92491355256087,0.6322382922029898,0.0947932087019278,8.647862159705754,43.94565139663493,0.6147282358997046,0.0958124949033154,0.1209968014580277,-0.0650356875142766,0.1136715065631663,1268.888888888889
2294,1274.4444444444443,0.3208922907181822,0.2075259829227516,0.1808167276705377,0.1333531809262095,0.1287494771358223,0.1083312336247144,0.113992067740103,0.0955091055947904,0.0993090411866667,0.0892577073370211,0.3149026438320459,0.1970167105002926,0.1718828478187317,0.1449300541647296,0.1302412886552462,0.1069807713058088,0.10702524467309,0.097604350846824,0.6557273494521542,0.0,-0.3251784375713832,0.0,-0.8901330219826329,0.0,8.34986962397632,41.92491355256087,0.6322382922029898,0.0947932087019278,8.471656467006042,43.94565139663493,0.6147282358997046,0.0958124949033154,0.1967182048356462,-0.0650356875142766,-0.1602239439568739,1274.4444444444443
2304,1280.0,0.3188886734673329,0.2021599872469827,0.1771825595551167,0.1521692082772157,0.1290016262698894,0.113184507356531,0.1099268568328733,0.0965235983027606,0.0967091412818282,0.0989551811229412,0.2993452343385437,0.1802928827403164,0.1587496052710217,0.1109250169528865,0.1238994196811859,0.1087524468394689,0.1041868055908662,0.1006466679586121,0.6557273494521542,0.0,0.5875980514431952,0.0,0.9545391927271428,0.0,8.34986962397632,41.92491355256087,0.6322382922029898,0.0947932087019278,8.471656467006042,56.070253982606566,0.6147282358997046,0.0958124949033154,0.1967182048356462,0.117519610288639,0.1718170546908857,1280.0
2314,1285.5555555555554,0.29469331671356,0.1973970611216541,0.1816943925270634,0.1408563146872458,0.1251577787686394,0.109773782287144,0.1085700759889264,0.1013745856987885,0.0975060569466194,0.0902065986696781,0.2597545780555642,0.158352328630104,0.1453336386691574,0.1203659063734412,0.1109455173365612,0.1065198010446297,0.1098562588572851,0.0985312299511598,-0.8382365459065282,0.0,0.5875980514431952,0.0,0.9545391927271428,0.0,8.34986962397632,41.92491355256087,0.6322382922029898,0.0947932087019278,8.471656467006042,56.070253982606566,0.5654336415865311,0.0958124949033154,-0.2514709637719584,0.117519610288639,0.1718170546908857,1285.5555555555554
2324,1291.111111111111,0.3151700346341783,0.1972059047438328,0.1895612975531337,0.1380425357597729,0.1275278496651684,0.1117181434904318,0.1149241175699767,0.0991679081923197,0.0873385166616428,0.0984841729142667,0.2766045503306241,0.1731083145192153,0.1683137682938225,0.1325161496043175,0.1325742217910558,0.1105991187622499,0.1166806320768169,0.1084386114519143,0.6269318327288742,0.0,-0.9975770647890232,0.0,0.4050161964611825,0.0,8.34986962397632,41.92491355256087,0.6322382922029898,0.0947932087019278,8.471656467006042,56.070253982606566,0.5654336415865311,0.108307099938983,0.1880795498186622,-0.1995154129578046,0.0729029153630128,1291.111111111111
2334,1296.6666666666663,0.3323889675982944,0.2167463837256021,0.1930855606158548,0.1507546094710094,0.1398266199174376,0.1228914365824305,0.1167889241128592,0.1020117622852958,0.0954929649199544,0.1068164190055799,0.2815957642034571,0.1805751087690857,0.1774983887768423,0.1344098355613705,0.1357798456262466,0.1200305045901022,0.1285785077383657,0.1134026162432278,0.6269318327288742,0.0,-0.9975770647890232,0.0,0.4050161964611825,0.0,9.17527484023154,41.92491355256087,0.6322382922029898,0.0947932087019278,8.471656467006042,56.070253982606566,0.5654336415865311,0.108307099938983,0.1880795498186622,-0.1995154129578046,0.0729029153630128,1296.6666666666663
2344,1302.2222222222222,0.3137259560844181,0.1806050682675785,0.1650606244311857,0.1263005745029091,0.12154899390911,0.1139951217830909,0.1113609188763593,0.0997261233614094,0.0934003541146836,0.102054602180017,0.277951144962139,0.1816678483436791,0.1686123194323275,0.1435544337726852,0.1195384755231222,0.1115967787945201,0.1141261382495954,0.1133089968621884,0.8845558988410928,0.0,0.6631623125741479,0.0,0.9397136631426672,0.0,9.17527484023154,57.85895516381579,0.6322382922029898,0.0947932087019278,8.471656467006042,56.070253982606566,0.5654336415865311,0.108307099938983,0.2653667696523278,0.1326324625148296,0.16914845936568,1302.2222222222222
2354,1307.7777777777776,0.2751647671283801,0.1626415515765447,0.1649147118862646,0.1311005373382342,0.1216731539791192,0.1027049117495177,0.1065388808248209,0.1000704065522753,0.0978964619202729,0.098774174514387,0.2925674637941565,0.1763665916070501,0.1761275972256849,0.1329156419868957,0.1314922457654938,0.1092224882196331,0.1191512074146633,0.1084485929640042,0.8845558988410928,0.0,-0.4449780338522128,0.0,0.9397136631426672,0.0,9.17527484023154,57.85895516381579,0.5323024653893998,0.0947932087019278,8.471656467006042,56.070253982606566,0.5654336415865311,0.108307099938983,0.2653667696523278,-0.0889956067704425,0.16914845936568,1307.7777777777776
2364,1313.3333333333333,0.2101111865592562,0.0944206006422202,0.0800757950230564,0.0361792736341954,0.0293351818165547,0.0146367344459595,0.0186907265543189,0.0157206802880234,0.0112264224973969,0.0021448429308976,0.2787069383954131,0.1761907855566883,0.1689230964363408,0.1320013877821088,0.1278940240707137,0.1137910573420721,0.1175220602880488,0.1096928895623005,0.8315907336041273,0.0,-0.4449780338522128,0.0,-0.6201622300833654,0.0,9.17527484023154,57.85895516381579,0.5323024653893998,0.0040053525129426,8.471656467006042,56.070253982606566,0.5654336415865311,0.108307099938983,0.2494772200812381,-0.0889956067704425,-0.1116292014150057,1313.3333333333333
2374,1318.888888888889,0.2119665753193735,0.0903466549817386,0.0884722326315733,0.0363126576730584,0.0320102794818056,0.0235822526588821,0.0092246620968253,0.0143595285913707,0.0118490720325461,0.0033248232688061,0.2757933775888159,0.1721839340847503,0.1667990440163049,0.13215541477387,0.1370211925213332,0.1201551337475422,0.1108478009281932,0.1074708983783672,0.8315907336041273,0.0,-0.5897433399338121,0.0,-0.6201622300833654,0.0,9.17527484023154,57.85895516381579,0.5323024653893998,0.0040053525129426,7.952422330266685,56.070253982606566,0.5654336415865311,0.108307099938983,0.2494772200812381,-0.1179486679867624,-0.1116292014150057,1318.888888888889
2384,1324.4444444444443,0.2017846065990356,0.0901146174725883,0.0871664023447311,0.0300400626778236,0.0446636410886654,0.0152985297599773,0.0095223621272656,0.0113900109661311,0.0202112602960597,0.0069094370798665,0.2723449999156768,0.1883450943429495,0.1614948891161179,0.1392218610670829,0.1343187634668883,0.1169628555847873,0.1192856781032484,0.111566817733839,-0.493384061803497,0.0,0.9579717625677768,0.0,0.935893633354792,0.0,9.17527484023154,57.85895516381579,0.5323024653893998,0.0040053525129426,7.952422330266685,44.29352545487527,0.5654336415865311,0.108307099938983,-0.1480152185410491,0.1915943525135554,0.1684608540038625,1324.4444444444443
2394,1330.0,0.1966579299124895,0.0995230481507749,0.0787685409957233,0.0373681924761877,0.0431253962351693,0.0109460828615652,0.0223608305553483,0.0091378151791241,0.0116923654260395,0.0149246102337054,0.297454162734236,0.1991830237386875,0.1725630816822658,0.1444672585866491,0.130334694080774,0.1188938810790105,0.1077918100826467,0.1095118983799041,-0.493384061803497,0.0,-0.7605355142857467,0.0,-0.8517111479387006,0.0,9.17527484023154,57.85895516381579,0.5323024653893998,0.0040053525129426,7.952422330266685,44.29352545487527,0.6127419448534138,0.108307099938983,-0.1480152185410491,-0.1521071028571493,-0.1533080066289661,1330.0
2404,1335.5555555555554,0.2131486495194108,0.0874291175651734,0.0732413265352877,0.034831696112996,0.0297349049543469,0.0121595590526054,0.0108649737230614,0.0094353928902302,0.010621344435628,0.0127584483711766,0.3106744149634186,0.2269595169507164,0.2066459729068902,0.1798721715083011,0.1638643439358279,0.1505149119070659,0.1489762328049721,0.1433872430995129,0.3862461399939259,0.0,0.3630999871412103,0.0,-0.7667311592326427,0.0,9.17527484023154,57.85895516381579,0.5323024653893998,0.0040053525129426,7.952422330266685,44.29352545487527,0.6127419448534138,0.1417206794710261,0.1158738419981777,0.072619997428242,-0.1380116086618756,1335.5555555555554
2414,1341.111111111111,0.1772406411926521,0.0759196776838273,0.0624809096962981,0.0155793736524737,0.0270390865927617,0.0085891300549624,0.015594760614376,0.0049654912644224,0.0178044355334319,0.0067602318062236,0.3142056236956804,0.2178796730516811,0.2092635256232581,0.1697806953284021,0.1715274023089617,0.1515028510844119,0.1524576440598071,0.1409115882788444,-0.345380790488846,0.0,0.3630999871412103,0.0,-0.7667311592326427,0.0,7.613822797608217,57.85895516381579,0.5323024653893998,0.0040053525129426,7.952422330266685,44.29352545487527,0.6127419448534138,0.1417206794710261,-0.1036142371466538,0.072619997428242,-0.1380116086618756,1341.111111111111
2424,1346.6666666666663,0.1963728489577577,0.075127849668379,0.0666791504241136,0.0386494442828838,0.0299470443596609,0.0088170158361619,0.005854360976826,0.0073917192533138,0.0006145344229293,0.013215042210481,0.3111876719226836,0.2120571653853821,0.2048718954089863,0.1740636799664189,0.1624668230232584,0.1524762610219736,0.1473130554830716,0.1488873459031355,-0.345380790488846,0.0,0.3630999871412103,0.0,-0.7667311592326427,0.0,7.613822797608217,45.055491007686136,0.5323024653893998,0.0040053525129426,7.952422330266685,44.29352545487527,0.6127419448534138,0.1417206794710261,-0.1036142371466538,0.072619997428242,-0.1380116086618756,1346.6666666666663
2434,1352.2222222222222,0.2270768336643817,0.1056212499623408,0.0826353299707998,0.0419466779064051,0.0252779448522057,0.0231882154401666,0.0167263349106853,0.0048303168719132,0.0003097616490996,0.0083663670336258,0.3211829137164382,0.2268545169546671,0.2084736855700112,0.1732858079527518,0.1659763293551376,0.1610561189280759,0.1540558821398311,0.1422935284596958,0.8980059089041136,0.0,0.2633533934461739,0.0,-0.4049626503814458,0.0,7.613822797608217,45.055491007686136,0.5913020099923738,0.0040053525129426,7.952422330266685,44.29352545487527,0.6127419448534138,0.1417206794710261,0.269401772671234,0.0526706786892347,-0.0728932770686602,1352.2222222222222
2444,1357.7777777777776,0.288691066220722,0.1882211469147899,0.1691829807456367,0.1291000791799544,0.1284870137698554,0.1119213353354448,0.1171354141793465,0.1012742992668379,0.0958453763183873,0.0940510742710254,0.3310133898893072,0.2360239206695152,0.2036785825199432,0.168577255055372,0.1820020401638973,0.1424310063335686,0.1462457284330906,0.144787994548884,0.8980059089041136,0.0,-0.8078862558583951,0.0,-0.4049626503814458,0.0,7.613822797608217,45.055491007686136,0.5913020099923738,0.09858658699061,7.952422330266685,44.29352545487527,0.6127419448534138,0.1417206794710261,0.269401772671234,-0.161577251171679,-0.0728932770686602,1357.7777777777776
2454,1363.3333333333333,0.2765976836317054,0.1844652448559829,0.1730104739717147,0.1331300345246349,0.1227125274962172,0.1044884881619934,0.1100181175644014,0.0977698200303019,0.1019072135168579,0.1037382428313589,0.2945405572323695,0.2138806728349007,0.1890188628505436,0.1714192374478048,0.1570129956542894,0.1483855477497863,0.1405150760474007,0.1458726255099339,0.4066590255386721,0.0,0.5106816445298484,0.0,-0.6391861828220735,0.0,7.613822797608217,45.055491007686136,0.5913020099923738,0.09858658699061,6.303296903563976,44.29352545487527,0.6127419448534138,0.1417206794710261,0.1219977076616016,0.1021363289059696,-0.1150535129079732,1363.3333333333333
2464,1368.888888888889,0.2796194200995373,0.1851333040221977,0.169651473285797,0.1255408430292056,0.1176605423061271,0.1016590204578174,0.1039309967037737,0.102575324150896,0.0940559337344307,0.0910027404045515,0.2872038514187908,0.2005735253307157,0.1901632783562753,0.1460989672788727,0.1540729053941437,0.1377929501007796,0.1450208855982519,0.1480322777610419,0.4066590255386721,0.0,-0.8710487399600123,0.0,-0.3179561281503383,0.0,7.613822797608217,45.055491007686136,0.5913020099923738,0.09858658699061,6.303296903563976,47.611695270010856,0.6127419448534138,0.1417206794710261,0.1219977076616016,-0.1742097479920024,-0.0572321030670608,1368.888888888889
2474,1374.4444444444443,0.2792908920922908,0.1688377581313024,0.1485778672690231,0.125516932571727,0.1162529115131858,0.1100413611514813,0.1134207517073482,0.1089180105564238,0.1016165813185646,0.0934630786754414,0.2467517522762268,0.1906089085438679,0.1804164557821686,0.1523897248456703,0.1543711303469576,0.138940520075369,0.1498231954078561,0.1451533733072029,-0.8644027752017899,0.0,-0.8710487399600123,0.0,-0.3179561281503383,0.0,7.613822797608217,45.055491007686136,0.5913020099923738,0.09858658699061,6.303296903563976,47.611695270010856,0.5267442377677045,0.1417206794710261,-0.2593208325605369,-0.1742097479920024,-0.0572321030670608,1374.4444444444443
2484,1380.0,0.2814704099837524,0.1823124264640776,0.1620642346694015,0.1286537407158876,0.1285500694542166,0.1165634836041779,0.105362104330803,0.1031791988864433,0.1051489564807794,0.1010995837495332,0.2453496107470393,0.159112824293646,0.141159212697241,0.1157102428503979,0.1204589603612237,0.1085895593413814,0.1041495955433026,0.0985284878469625,0.970932636663134,0.0,-0.9373841601273396,0.0,0.5337527385499279,0.0,7.613822797608217,45.055491007686136,0.5913020099923738,0.09858658699061,6.303296903563976,47.611695270010856,0.5267442377677045,0.099366933242138,0.2912797909989402,-0.1874768320254679,0.096075492938987,1380.0
2494,1385.5555555555554,0.3105617947825667,0.1895261872533649,0.1883807716380865,0.1312938457792064,0.1329928017570075,0.1166055568882596,0.1083140721332681,0.1050274914272618,0.1124091515546666,0.0932287440713718,0.2359829549879809,0.1576707168326495,0.1338668737882005,0.1197279300570571,0.1055407851504313,0.1049690156713067,0.1077323584562141,0.1004010542949362,0.970932636663134,0.0,0.3855711725059705,0.0,0.4599145152745719,0.0,9.05776810324219,45.055491007686136,0.5913020099923738,0.09858658699061,6.303296903563976,47.611695270010856,0.5267442377677045,0.099366933242138,0.2912797909989402,0.0771142345011941,0.0827846127494229,1385.5555555555554
2504,1391.111111111111,0.310698261044545,0.1967137979900914,0.1840380709070851,0.142256951771325,0.1346526980521092,0.1204885026903987,0.1076689557055892,0.1030637004415827,0.1019382182485797,0.0959670516391303,0.239805963801426,0.1646330613665869,0.1391650679246916,0.1084096586146251,0.1073529372527374,0.1034515942084203,0.1033723224582428,0.1099933258162897,0.970932636663134,0.0,-0.8724412246331681,0.0,0.913317014249802,0.0,9.05776810324219,47.53707562817565,0.5913020099923738,0.09858658699061,6.303296903563976,47.611695270010856,0.5267442377677045,0.099366933242138,0.2912797909989402,-0.1744882449266336,0.1643970625649643,1391.111111111111
2514,1396.6666666666663,0.277417283441803,0.1861893476299825,0.1731239819936559,0.1293027778670024,0.1248656850165905,0.1131120991184556,0.1094574002548793,0.1078628113810175,0.1081663586963405,0.1036323977775855,0.2268022895717357,0.1477008260950824,0.1353265909127168,0.1062526095928893,0.1078634859918685,0.1010307633604241,0.1014559909395998,0.096351693497336,-0.5513851144027093,0.0,-0.8724412246331681,0.0,0.6694380484680977,0.0,9.05776810324219,47.53707562817565,0.5743447905548836,0.09858658699061,6.303296903563976,47.611695270010856,0.5267442377677045,0.099366933242138,-0.1654155343208128,-0.1744882449266336,0.1204988487242575,1396.6666666666663
2524,1402.2222222222222,0.2885713567251725,0.1735204555097938,0.1595989004796862,0.1168578515287535,0.1221254474735909,0.0959490320977187,0.0958152562556137,0.0767622781689676,0.0949698045308901,0.0796927961414698,0.2353249966224011,0.1530178671516344,0.1452497680878342,0.1221341663799989,0.1087425660634925,0.1085026302771644,0.1004906651824562,0.0922754627461373,0.74317503187204,0.0,0.7883673184640733,0.0,0.6694380484680977,0.0,9.05776810324219,47.53707562817565,0.5743447905548836,0.0809282488421151,6.303296903563976,47.611695270010856,0.5267442377677045,0.099366933242138,0.222952509561612,0.1576734636928146,0.1204988487242575,1402.2222222222222
2534,1407.7777777777776,0.2715461617280884,0.1729094328636994,0.1504059278752367,0.1210251621505322,0.1035810030063645,0.1032927437107948,0.0942712741170393,0.0931237317426451,0.0891588988709137,0.0910582480314095,0.2389796588711177,0.15597877223832,0.1430016650721005,0.1173459340809516,0.1062442551067215,0.1020284392275855,0.1073481652328117,0.100820124586314,-0.9888599624114476,0.0,0.7332049624196849,0.0,0.6694380484680977,0.0,9.05776810324219,47.53707562817565,0.5743447905548836,0.0809282488421151,6.64517333891428,47.611695270010856,0.5267442377677045,0.099366933242138,-0.2966579887234343,0.146640992483937,0.1204988487242575,1407.7777777777776
2544,1413.3333333333333,0.2648428679837211,0.1726162159256208,0.1541513061184766,0.1182568441773162,0.1101424937789768,0.084935211299954,0.1022144031012533,0.0848215404619808,0.0939261185477063,0.0844705525067974,0.2391172682006111,0.1604843028365566,0.136754140392053,0.1220096622250161,0.1064516811969605,0.1051331106421172,0.0996582477711056,0.1025893327997155,-0.9888599624114476,0.0,0.7332049624196849,0.0,0.6610074759197484,0.0,9.05776810324219,47.53707562817565,0.5743447905548836,0.0809282488421151,6.64517333891428,44.94819183233542,0.5267442377677045,0.099366933242138,-0.2966579887234343,0.146640992483937,0.1189813456655547,1413.3333333333333
2554,1418.888888888889,0.265665391230239,0.1654802501810725,0.1655080715647865,0.113290807178801,0.119118717229945,0.0892871076305869,0.0923429396798563,0.0878366713749706,0.0839878559989584,0.0911170485431156,0.2396353395907131,0.1732776466580992,0.1369465651936801,0.1195538157467475,0.1125305022112233,0.0998662118564268,0.1038340341389274,0.0946693492385372,-0.9258292047761016,0.0,0.656409419699242,0.0,0.6610074759197484,0.0,9.05776810324219,47.53707562817565,0.5743447905548836,0.0809282488421151,6.64517333891428,44.94819183233542,0.5659704566564828,0.099366933242138,-0.2777487614328304,0.1312818839398484,0.1189813456655547,1418.888888888889
2564,1424.4444444444443,0.2779120224071887,0.1820564853459273,0.1645830598222481,0.1216115737322462,0.1205886256911533,0.0972683820302064,0.0873122760478226,0.0810859318953775,0.0813208335771534,0.0774644864339549,0.2268402980892992,0.1365123179504113,0.1220559303533826,0.0962462961653041,0.0832562695768033,0.08191024606022,0.0783875708498374,0.0684565052684064,-0.5139039065648535,0.0,0.7341464785485666,0.0,0.7585031562654437,0.0,9.05776810324219,47.53707562817565,0.5743447905548836,0.0809282488421151,6.64517333891428,44.94819183233542,0.5659704566564828,0.0686138547207326,-0.154171171969456,0.1468292957097133,0.1365305681277798,1424.4444444444443
2574,1430.0,0.2328139839023538,0.1503612251615586,0.1216362686240969,0.1008613597436426,0.0893557736679429,0.0882138732128278,0.0832875725146826,0.0892038440634345,0.0772718751770101,0.0801915431117015,0.2278857227300378,0.1425944194613278,0.1238919483385078,0.0910253871131001,0.0831634373018294,0.0746338599720772,0.0694185923954527,0.0787548776244682,-0.4055388312343302,0.0,0.7341464785485666,0.0,0.7585031562654437,0.0,6.660900672968236,47.53707562817565,0.5743447905548836,0.0809282488421151,6.64517333891428,44.94819183233542,0.5659704566564828,0.0686138547207326,-0.121661649370299,0.1468292957097133,0.1365305681277798,1430.0
2584,1435.5555555555554,0.2287486474212021,0.1403531243756209,0.1310274826591985,0.1020313487677754,0.1011333598241087,0.0801676425174837,0.1018488814464766,0.0809353948819525,0.0781185222687347,0.075260366607616,0.2309350804886671,0.1321251898799284,0.1233075387447867,0.0961047378756589,0.0807839413186934,0.0792069941702255,0.0672316102441778,0.0730686702519492,-0.3997185060305274,0.0,0.7341464785485666,0.0,0.9780849873682096,0.0,6.660900672968236,55.05464272734011,0.5743447905548836,0.0809282488421151,6.64517333891428,44.94819183233542,0.5659704566564828,0.0686138547207326,-0.1199155518091582,0.1468292957097133,0.1760552977262777,1435.5555555555554
2594,1441.111111111111,0.2419688811064617,0.1520415765338117,0.129870159385033,0.1068094403877842,0.1013399119662483,0.0838231204168335,0.0875730921105723,0.0966611261737471,0.0847811435679495,0.0816389291687349,0.2281135911215258,0.1435260041225891,0.1229651191764962,0.080323372562397,0.0706908928953426,0.0805770763878674,0.0724666021586775,0.0711193165393555,-0.4562907456038665,0.0,0.7958009438464115,0.0,-0.8250436563611636,0.0,6.660900672968236,55.05464272734011,0.6158109148858508,0.0809282488421151,6.64517333891428,44.94819183233542,0.5659704566564828,0.0686138547207326,-0.1368872236811599,0.1591601887692823,-0.1485078581450094,1441.111111111111
2604,1446.6666666666663,0.2118906957922511,0.1138651492624067,0.0895103869732547,0.0668013005774317,0.0607684148527297,0.0549643734780888,0.0342684285174636,0.0482687489075734,0.0456328224976729,0.052805875259098,0.2285206610577144,0.1426315525151972,0.1099968194143453,0.0987378840335408,0.0824686482253369,0.0747665009484327,0.0783092649703068,0.0749859584626465,-0.4562907456038665,0.0,0.9416414682026196,0.0,-0.8250436563611636,0.0,6.660900672968236,55.05464272734011,0.6158109148858508,0.0449540809335751,6.64517333891428,44.94819183233542,0.5659704566564828,0.0686138547207326,-0.1368872236811599,0.1883282936405239,-0.1485078581450094,1446.6666666666663
2614,1452.2222222222222,0.214642655091934,0.0976004274886919,0.1001956943545701,0.0657272334133133,0.05722040876524,0.0532812648331509,0.054435128335158,0.0489741918239857,0.0528062927333772,0.0527029293609867,0.2156221198912559,0.1427871949094584,0.1216406852637415,0.089304202925763,0.0834671864325714,0.0818262098336214,0.0798437809345216,0.0755600636219374,-0.4562907456038665,0.0,0.9416414682026196,0.0,-0.8250436563611636,0.0,6.660900672968236,55.05464272734011,0.6158109148858508,0.0449540809335751,6.232639717053009,44.94819183233542,0.5659704566564828,0.0686138547207326,-0.1368872236811599,0.1883282936405239,-0.1485078581450094,1452.2222222222222
2624,1457.7777777777776,0.2213067944425235,0.1166025165189626,0.1005556365207134,0.0692308868891897,0.0682620863295563,0.049991618126459,0.0503921930059222,0.0441830933176402,0.0423860917968061,0.0521884724879623,0.2074087871198751,0.1291927734782811,0.1129422824192483,0.0859904627258617,0.0798798242836153,0.0719300682558776,0.0794723199001793,0.0734439821107055,0.509158587103808,0.0,0.6034413676915124,0.0,-0.8282763522506337,0.0,6.660900672968236,55.05464272734011,0.6158109148858508,0.0449540809335751,6.232639717053009,55.26361902802962,0.5659704566564828,0.0686138547207326,0.1527475761311424,0.1206882735383024,-0.149089743405114,1457.7777777777776
2634,1463.3333333333333,0.2267446336260432,0.1140910418120043,0.0981083341659681,0.0720218668803118,0.0688889316642916,0.0428533728884677,0.0461239171721865,0.0503052745556073,0.0421181104419811,0.0468261542689917,0.2050544551575762,0.1258672346069619,0.1071951442716405,0.0860023148237164,0.0731725064304903,0.0786353892201376,0.0771224087020244,0.0700891354613543,0.509158587103808,0.0,0.6034413676915124,0.0,0.7910007724241087,0.0,6.660900672968236,55.05464272734011,0.6158109148858508,0.0449540809335751,6.232639717053009,55.26361902802962,0.5262157976582641,0.0686138547207326,0.1527475761311424,0.1206882735383024,0.1423801390363395,1463.3333333333333
2644,1468.888888888889,0.2149978635212963,0.1101656302969156,0.1001139347492386,0.0641227957082525,0.0514186724247196,0.0527166155707717,0.0594749605407701,0.049859183573252,0.0566452242965489,0.0402101820298764,0.1548658325280044,0.0784018235229297,0.0673006468634301,0.0354888750823344,0.0354212916022152,0.0263871906893536,0.0216753427409967,0.0150254710321285,-0.4880570360779454,0.0,0.285284004022193,0.0,0.7910007724241087,0.0,6.660900672968236,55.05464272734011,0.6158109148858508,0.0449540809335751,6.232639717053009,55.26361902802962,0.5262157976582641,0.0199809963524517,-0.1464171108233836,0.0570568008044386,0.1423801390363395,1468.888888888889
2654,1474.4444444444443,0.2146336293552561,0.1052361470663167,0.0951273323844981,0.0639044312443137,0.0546110962375461,0.0529597164538033,0.0476605860302121,0.0509081355295422,0.0484345057259976,0.0593006760682012,0.1616175958532555,0.0783997304062477,0.0656404176002991,0.035232456402831,0.0253204513137304,0.0253090540012248,0.0274435639038327,0.0175746155184327,-0.4880570360779454,0.0,0.9482545608520788,0.0,-0.6239670410625495,0.0,6.818189586583285,55.05464272734011,0.6158109148858508,0.0449540809335751,6.232639717053009,55.26361902802962,0.5262157976582641,0.0199809963524517,-0.1464171108233836,0.1896509121704158,-0.1123140673912589,1474.4444444444443
2664,1480.0,0.24126807670298,0.1457833557601627,0.1182390685808653,0.0727141411047885,0.0695325594877409,0.0559214152501385,0.058633358594142,0.0463741738565023,0.0530069590662619,0.0454229396397707,0.175068221521069,0.0800856856267232,0.0577928635084589,0.0362873020835318,0.0225130995063712,0.0196278827504508,0.0194902672743132,0.0184795839317205,0.321745135401316,0.0,0.5955588980511687,0.0,-0.6239670410625495,0.0,6.818189586583285,41.62524622231981,0.6158109148858508,0.0449540809335751,6.232639717053009,55.26361902802962,0.5262157976582641,0.0199809963524517,0.0965235406203948,0.1191117796102337,-0.1123140673912589,1480.0
2674,1485.5555555555554,0.2676116690802929,0.1503000507760706,0.124808936727643,0.0823682734362071,0.0661923835734995,0.0593891242983885,0.0522800552371095,0.0385463175828093,0.0447586160240487,0.0400683590616299,0.1679790813181542,0.0762133191090809,0.066441093161743,0.0375800696437216,0.030252845447137,0.0282360273627566,0.0305436595582199,0.0156825188176269,0.321745135401316,0.0,0.369742219712885,0.0,0.5454455098596793,0.0,6.818189586583285,41.62524622231981,0.6812784730800514,0.0449540809335751,6.232639717053009,55.26361902802962,0.5262157976582641,0.0199809963524517,0.0965235406203948,0.073948443942577,0.0981801917747422,1485.5555555555554
2684,1491.111111111111,0.2706717700900727,0.156037247767025,0.1133849450338463,0.0761674355455081,0.0657501315114091,0.0509033688625824,0.0432899812201497,0.052159872653302,0.0377410939289116,0.0447864376999099,0.1739822691819625,0.0872436266062385,0.0560082783107381,0.0268076528262124,0.0311400917661634,0.0305293976917486,0.0266571140226445,0.0181642320837502,0.321745135401316,0.0,0.369742219712885,0.0,0.5454455098596793,0.0,6.818189586583285,41.62524622231981,0.6812784730800514,0.0403866449510085,6.232639717053009,55.26361902802962,0.5262157976582641,0.0199809963524517,0.0965235406203948,0.073948443942577,0.0981801917747422,1491.111111111111
2694,1496.6666666666663,0.2586981954578395,0.1474361888817675,0.1082338154403866,0.0850830879487342,0.0712172365657536,0.0555635522253929,0.0494102421039985,0.0469564477613393,0.0476046678841476,0.038508919631618,0.1739713807860744,0.0789694129526637,0.067574811109444,0.0454527848781556,0.0342956520536964,0.017873886386375,0.0192136192848809,0.0177736566448769,-0.6888003341686566,0.0,0.5081562774437731,0.0,-0.6277453570727703,0.0,6.818189586583285,41.62524622231981,0.6812784730800514,0.0403866449510085,6.9192317376205805,55.26361902802962,0.5262157976582641,0.0199809963524517,-0.2066401002505969,0.1016312554887546,-0.1129941642730986,1496.6666666666663
2704,1502.2222222222222,0.2521188486996613,0.1350892916413179,0.1163233624116012,0.080814482063196,0.0648856245345771,0.0505499894706469,0.0370351371976887,0.052186842618693,0.0503517020417094,0.0513648834660673,0.1717212647825294,0.0908602189139258,0.0707099777313387,0.0306244136129172,0.0300227640159056,0.0273650722162972,0.0277889469628344,0.0257392805984288,-0.6888003341686566,0.0,-0.5440758232529691,0.0,-0.6019641161791491,0.0,6.818189586583285,41.62524622231981,0.6812784730800514,0.0403866449510085,6.9192317376205805,56.65588620004135,0.5262157976582641,0.0199809963524517,-0.2066401002505969,-0.1088151646505938,-0.1083535409122468,1502.2222222222222
2714,1507.7777777777776,0.2590622810476258,0.1367634321878619,0.1110520119545316,0.0812315240139355,0.0596802150078323,0.0548751426929236,0.0584768591725116,0.049229984010286,0.0416431592915007,0.0418698673412492,0.2053517443932717,0.094195754734413,0.0776730559373331,0.0453364602981322,0.0417331138680313,0.0256794553855949,0.0196095588163657,0.0244398515094662,-0.6888003341686566,0.0,-0.5440758232529691,0.0,0.9391974465668996,0.0,6.818189586583285,41.62524622231981,0.6812784730800514,0.0403866449510085,6.9192317376205805,56.65588620004135,0.6239846919423603,0.0199809963524517,-0.2066401002505969,-0.1088151646505938,0.1690555403820419,1507.7777777777776
2724,1513.3333333333333,0.2686650098741755,0.1555686815563515,0.1199093594979495,0.0764042756095149,0.0679269936810591,0.0478672926962401,0.049847848464579,0.037305513877822,0.0326165076567891,0.0422732680056152,0.2186410065634768,0.1031330949713656,0.0879511950001478,0.0545397720387979,0.045561328652208,0.0396822562842068,0.0351204007743669,0.0225121228526908,0.8454177616232815,0.0,-0.5440758232529691,0.0,-0.8296207449251127,0.0,6.818189586583285,41.62524622231981,0.6812784730800514,0.0403866449510085,6.9192317376205805,56.65588620004135,0.6239846919423603,0.0280715079811078,0.2536253284869844,-0.1088151646505938,-0.1493317340865202,1513.3333333333333
2734,1518.888888888889,0.28405994402852,0.157493652997329,0.1341956942290851,0.0820789014248157,0.0741409844367512,0.055242745124808,0.041096350889342,0.0342280697574155,0.0487720104433788,0.0391978230613285,0.2157583848501,0.0908848059131497,0.0832703546691151,0.0469134932927641,0.0484799966000956,0.0449336726804128,0.0377379229372263,0.0401648949490358,-0.8226781042433318,0.0,-0.6916060339301681,0.0,-0.3245894645468222,0.0,7.791402919605084,41.62524622231981,0.6812784730800514,0.0403866449510085,6.9192317376205805,56.65588620004135,0.6239846919423603,0.0280715079811078,-0.2468034312729995,-0.1383212067860336,-0.0584261036184279,1518.888888888889
2744,1524.4444444444443,0.254846657700738,0.1207662982400915,0.1056637147629361,0.0691206713514323,0.0658304282099608,0.0435458464839994,0.0483808123729373,0.0449646101076954,0.0492404671387574,0.0482344076255242,0.2079250878938845,0.101241514848979,0.0940473049508175,0.0358478193554254,0.0361004183803058,0.0306743454180936,0.0281740612446275,0.0295197792561667,-0.8226781042433318,0.0,-0.6916060339301681,0.0,-0.3245894645468222,0.0,7.791402919605084,57.678449294442935,0.6812784730800514,0.0403866449510085,6.9192317376205805,56.65588620004135,0.6239846919423603,0.0280715079811078,-0.2468034312729995,-0.1383212067860336,-0.0584261036184279,1524.4444444444443
2754,1530.0,0.2248146738606789,0.1230079620617905,0.1047902708967879,0.0725462111590031,0.06741692952976,0.0519803635382531,0.0463376106301949,0.0375401067241361,0.0426790910701835,0.0450459625937641,0.2195464891938394,0.1066145029918288,0.0913011790399549,0.0594518275068573,0.0482895742888366,0.0352124089502584,0.0286120498417752,0.0309222801527187,0.8073758957137369,0.0,0.7693218783213374,0.0,0.642186708893495,0.0,7.791402919605084,57.678449294442935,0.5750748034038927,0.0403866449510085,6.9192317376205805,56.65588620004135,0.6239846919423603,0.0280715079811078,0.242212768714121,0.1538643756642674,0.1155936076008291,1530.0
2764,1535.5555555555554,0.2599447705425779,0.1750544923412018,0.1690602573269582,0.1216569745898212,0.1227217566770036,0.1107200182522595,0.1159092913985154,0.1041577070563531,0.115366529584521,0.1048112111128469,0.2061711886702657,0.084942093724369,0.0814154247729386,0.0515721220954102,0.046603681790357,0.0316427439940059,0.0356043746821955,0.027833931952176,-0.2626230377268602,0.0,-0.4233066811008948,0.0,0.9132131845543384,0.0,7.791402919605084,57.678449294442935,0.5750748034038927,0.10663223297948,6.9192317376205805,56.65588620004135,0.6239846919423603,0.0280715079811078,-0.078786911318058,-0.0846613362201789,0.1643783732197809,1535.5555555555554
2774,1541.111111111111,0.2645789125784384,0.1635840252118828,0.1587304335547406,0.1242333213123039,0.1210568663642694,0.1098228365871061,0.1102634475998872,0.1059428725867038,0.1039186954264594,0.1151516011079051,0.1892297034649352,0.111225604401442,0.0794981478001312,0.0542221761384355,0.0460368922957131,0.0359385098850776,0.0315427433525899,0.0230591701805517,-0.2626230377268602,0.0,0.9722001796108533,0.0,0.9132131845543384,0.0,7.791402919605084,57.678449294442935,0.5750748034038927,0.10663223297948,6.290423126509404,56.65588620004135,0.6239846919423603,0.0280715079811078,-0.078786911318058,0.1944400359221706,0.1643783732197809,1541.111111111111
2784,1546.6666666666663,0.2680902852226489,0.1655157611186991,0.1634984878334456,0.1333593120512145,0.1264550150946412,0.1213384399898779,0.1076259905566671,0.0993200658047733,0.1137981939925149,0.1127400694788985,0.2100031851991635,0.100012953355935,0.087918932303907,0.053150446989993,0.0401745206584994,0.0294668912627194,0.0251243286642905,0.0329402254069479,0.6529622781356537,0.0,-0.4116869064528805,0.0,-0.8284710190631799,0.0,7.791402919605084,57.678449294442935,0.5750748034038927,0.10663223297948,6.290423126509404,54.54649553477088,0.6239846919423603,0.0280715079811078,0.1958886834406961,-0.0823373812905761,-0.1491247834313723,1546.6666666666663
2794,1552.2222222222222,0.2715459929121138,0.1720360513530242,0.159047888758138,0.1256428980102654,0.1300957229360487,0.1173544799106194,0.1111046292935395,0.1129677698695741,0.1083806288522109,0.1113480848222557,0.2245231090274431,0.0953891952240004,0.0924009502849661,0.0405069563620877,0.0468363001484203,0.0347691839558022,0.0261854653308915,0.0272511014372758,0.6529622781356537,0.0,-0.4116869064528805,0.0,0.5442190171990727,0.0,7.791402919605084,57.678449294442935,0.5750748034038927,0.10663223297948,6.290423126509404,54.54649553477088,0.6552947048130493,0.0280715079811078,0.1958886834406961,-0.0823373812905761,0.097959423095833,1552.2222222222222
2804,1557.7777777777776,0.2727488476650145,0.1722146168228737,0.1502339321049882,0.1305077509914364,0.1218442587155455,0.1157902510302595,0.1035780863026407,0.1015114103279812,0.108986767855069,0.106386455514754,0.2775400627878528,0.1900309662640966,0.1769628248534446,0.1399942791643838,0.1398790040367297,0.1302087527006622,0.1286318307261789,0.1264591332437698,0.7081927855158079,0.0,0.9091734324438074,0.0,0.5442190171990727,0.0,7.791402919605084,57.678449294442935,0.5750748034038927,0.10663223297948,6.290423126509404,54.54649553477088,0.6552947048130493,0.1238650172553198,0.2124578356547423,0.1818346864887615,0.097959423095833,1557.7777777777776
2814,1563.3333333333333,0.2850454869070332,0.1819585892009612,0.1646264063706669,0.1363019975703744,0.1297897461898153,0.1198206629378733,0.102246943928829,0.1121802883247403,0.102515570292029,0.1064461517307803,0.2806714800506143,0.1867818229388464,0.1683393974725144,0.1374744961048641,0.1274544208939665,0.1209976067428424,0.1321805305249521,0.1184358801364808,0.7081927855158079,0.0,0.9091734324438074,0.0,-0.4526716888834918,0.0,8.557443169392675,57.678449294442935,0.5750748034038927,0.10663223297948,6.290423126509404,54.54649553477088,0.6552947048130493,0.1238650172553198,0.2124578356547423,0.1818346864887615,-0.0814809039990285,1563.3333333333333
2824,1568.888888888889,0.2973343760445151,0.1930195622405017,0.1815688488847452,0.1439679603299546,0.1286224779297857,0.1198895408406332,0.1216147609754062,0.1192801589228122,0.1078110405005198,0.1132375813323115,0.2831395581877833,0.1815939937081873,0.1768936489889682,0.1447298571742293,0.1424262027277001,0.1323218680777046,0.1210845603103374,0.1210685795193017,0.7081927855158079,0.0,0.8373545399693806,0.0,-0.4526716888834918,0.0,8.557443169392675,47.41465589652505,0.5750748034038927,0.10663223297948,6.290423126509404,54.54649553477088,0.6552947048130493,0.1238650172553198,0.2124578356547423,0.1674709079938761,-0.0814809039990285,1568.888888888889
2834,1574.4444444444443,0.2764622996238315,0.1836271040603111,0.1754630956988558,0.1338956179095426,0.1321324437963995,0.1146189434420902,0.1201435925533817,0.1074260473953749,0.1073722730171944,0.1043962379546949,0.2847547593140552,0.1976278719012581,0.1653553916977176,0.1455989635367627,0.1413930755669039,0.1312410730454531,0.1289491176854268,0.1305621925305789,0.9712808383402208,0.0,-0.9672549255510552,0.0,0.8630361559345195,0.0,8.557443169392675,47.41465589652505,0.5128424000332207,0.10663223297948,6.290423126509404,54.54649553477088,0.6552947048130493,0.1238650172553198,0.2913842515020662,-0.193450985110211,0.1553465080682135,1574.4444444444443
2844,1580.0,0.2628801678952593,0.1545978182997151,0.1408213268339113,0.1105514152854154,0.1083277925395217,0.0898515745459029,0.0876667472737258,0.0756519356764422,0.0812311248285637,0.0856188225621573,0.2880139151642149,0.1927548103849792,0.16730610968205,0.1387107151062487,0.1436732020715637,0.1287682390337053,0.1297914913485722,0.1270385006635846,0.9712808383402208,0.0,-0.9672549255510552,0.0,-0.4987096303827241,0.0,8.557443169392675,47.41465589652505,0.5128424000332207,0.0778164351090442,6.290423126509404,54.54649553477088,0.6552947048130493,0.1238650172553198,0.2913842515020662,-0.193450985110211,-0.0897677334688903,1580.0
2854,1585.5555555555554,0.2514639838009366,0.1601863024101675,0.1502023908566814,0.1040457496243034,0.1047103952726044,0.0892977437730443,0.0785446921449442,0.0864984556344857,0.0805338902797989,0.075490710855322,0.3180405572279671,0.2087328931770926,0.1958644096808619,0.1530405433924525,0.152737013935026,0.1275801590270368,0.1235223451455415,0.1235354353913515,0.5341134018450094,0.0,-0.396498986183097,0.0,-0.759451513182818,0.0,8.557443169392675,47.41465589652505,0.5128424000332207,0.0778164351090442,8.272379719146606,54.54649553477088,0.6552947048130493,0.1238650172553198,0.1602340205535028,-0.0792997972366194,-0.1367012723729072,1585.5555555555554
2864,1591.111111111111,0.2628151632678649,0.1611977775239524,0.1494535817315166,0.1131818096823583,0.1002838229503172,0.0834764902511202,0.0933981115865535,0.0799941461806061,0.0768646036299042,0.0844944128050891,0.3273173786602198,0.2287281668918243,0.2014651808587065,0.1542995428238412,0.1538748920699872,0.1343122972154935,0.1345830366463631,0.1341970637995688,0.4719512675408037,0.0,-0.396498986183097,0.0,-0.759451513182818,0.0,8.557443169392675,47.41465589652505,0.5128424000332207,0.0778164351090442,8.272379719146606,43.81676406979354,0.6552947048130493,0.1238650172553198,0.1415853802622411,-0.0792997972366194,-0.1367012723729072,1591.111111111111
2874,1596.6666666666663,0.2554690554155736,0.1656702698804912,0.1453001085734572,0.1129218295094405,0.1020374666786666,0.0991480365879842,0.0840193497405765,0.0853944427826328,0.0797784864332869,0.0764922714389924,0.294199304839994,0.1957067645433187,0.1853827491284792,0.1541288914025793,0.1476748785175628,0.1316156357747345,0.1292272158549192,0.1296920535717007,0.4719512675408037,0.0,-0.4491587249901055,0.0,-0.6805658151708197,0.0,8.557443169392675,47.41465589652505,0.5128424000332207,0.0778164351090442,8.272379719146606,43.81676406979354,0.5532474453225887,0.1238650172553198,0.1415853802622411,-0.0898317449980211,-0.1225018467307475,1596.6666666666663
2884,1602.2222222222222,0.2493564498785598,0.1524145743525373,0.1495315325294335,0.1018734766208351,0.1057925495406162,0.0882535503573856,0.0850542378708591,0.0838893696007505,0.0829674620078556,0.0756448190115224,0.2663572655975366,0.1663055374053611,0.1582631602195514,0.1171810365024398,0.1091387471510734,0.0974325340024676,0.0945099350934078,0.0849607516112062,-0.2842958228312819,0.0,-0.4491587249901055,0.0,0.3281605794908917,0.0,8.557443169392675,47.41465589652505,0.5128424000332207,0.0778164351090442,8.272379719146606,43.81676406979354,0.5532474453225887,0.0804180063569058,-0.0852887468493845,-0.0898317449980211,0.0590689043083605,1602.2222222222222
2894,1607.7777777777776,0.2452288169590774,0.1494291077760734,0.1498058122048799,0.1047189889877223,0.108233175736482,0.0794983054321913,0.0909284820187865,0.0773954716421522,0.0863113847553123,0.0799231222213816,0.265651153054779,0.1698448527117733,0.1406768369325923,0.1187559712723925,0.1113778358345145,0.1005679178251921,0.0864393090998096,0.0864473756375345,-0.2842958228312819,0.0,-0.3842384274972682,0.0,0.3281605794908917,0.0,8.794661001273342,47.41465589652505,0.5128424000332207,0.0778164351090442,8.272379719146606,43.81676406979354,0.5532474453225887,0.0804180063569058,-0.0852887468493845,-0.0768476854994536,0.0590689043083605,1607.7777777777776
2904,1613.3333333333333,0.2603799523342729,0.1481670634295229,0.1449502624226737,0.1001585530807453,0.1012854101271254,0.0865207720793334,0.0796489615054396,0.0826102424143141,0.0902229402968331,0.0758280219316792,0.2810790309865988,0.1728277288503853,0.156005656978498,0.1157121671448555,0.1042091864486152,0.0991943196086614,0.0937363527147761,0.0960224524881787,0.996501005618468,0.0,-0.3842384274972682,0.0,0.903635165537486,0.0,8.794661001273342,57.93173461518359,0.5128424000332207,0.0778164351090442,8.272379719146606,43.81676406979354,0.5532474453225887,0.0804180063569058,0.2989503016855404,-0.0768476854994536,0.1626543297967475,1613.3333333333333
2914,1618.8888888888887,0.2462523990608884,0.1483001829175974,0.1427677104692582,0.1082161407017098,0.0972496404788989,0.0883770780937807,0.0935606758480754,0.082542689909102,0.0755574736103119,0.082406471595214,0.2748373193917947,0.1727044466837125,0.1571707248853628,0.1199178029915182,0.098563840738964,0.0976877122208709,0.0872128911585783,0.0795458821892,0.996501005618468,0.0,-0.4926124515111267,0.0,0.9211259603113938,0.0,8.794661001273342,57.93173461518359,0.5251483035068338,0.0778164351090442,8.272379719146606,43.81676406979354,0.5532474453225887,0.0804180063569058,0.2989503016855404,-0.0985224903022253,0.1658026728560508,1618.8888888888887
2924,1624.4444444444443,0.2028743704061602,0.1011775082032332,0.0933998419919111,0.0549118651650629,0.055130494756849,0.0345885429136251,0.0334907939605756,0.0295071465404479,0.0333858933644862,0.0342742175974663,0.2615656596460814,0.1675506154486404,0.1483758349298019,0.1089012548419482,0.1047411087483216,0.0980199514748918,0.0833893819419866,0.0795774105372667,-0.4874249884060185,0.0,-0.585887373979751,0.0,-0.5101420941106088,0.0,8.794661001273342,57.93173461518359,0.5251483035068338,0.0276405319299744,8.272379719146606,43.81676406979354,0.5532474453225887,0.0804180063569058,-0.1462274965218055,-0.1171774747959502,-0.0918255769399095,1624.4444444444443
2934,1630.0,0.2108669759689026,0.1041458093811949,0.0881300643792903,0.0538621913883792,0.0529906311200256,0.0343279223429921,0.0332409917077888,0.0341777348704511,0.0270065052551222,0.0286676154060908,0.2585886598564609,0.1676259672498593,0.1531685558810031,0.1060398382387282,0.1002430451402955,0.0904443556612027,0.0881807159348001,0.0846267489564609,-0.4874249884060185,0.0,-0.585887373979751,0.0,0.6741400583693653,0.0,8.794661001273342,57.93173461518359,0.5251483035068338,0.0276405319299744,8.39861091416443,43.81676406979354,0.5532474453225887,0.0804180063569058,-0.1462274965218055,-0.1171774747959502,0.1213452105064857,1630.0
2944,1635.5555555555554,0.1997793247078937,0.0962136821461144,0.0902604508283092,0.0562688928538793,0.0497209929167555,0.0382601081078091,0.0359478311674097,0.0251004121840802,0.0369270362750786,0.0314003214352507,0.2561608513563262,0.1613507966310746,0.1464315046116727,0.1067391458806501,0.0957166570740596,0.083917881565111,0.0887504417867325,0.0878642269109729,-0.4874249884060185,0.0,0.2705488349789534,0.0,0.6741400583693653,0.0,8.794661001273342,57.93173461518359,0.5251483035068338,0.0276405319299744,8.39861091416443,52.8904324604695,0.5532474453225887,0.0804180063569058,-0.1462274965218055,0.0541097669957906,0.1213452105064857,1635.5555555555554
2954,1641.111111111111,0.2055341455900457,0.0999333089349932,0.0960812188527227,0.0566985369197867,0.0527706316460793,0.037483440567325,0.0322117085882649,0.035000323721418,0.0195921160609947,0.0313160670079525,0.2861943579485088,0.1671775884523929,0.1572181689039301,0.1117853826858572,0.1038627479647419,0.0905084286075663,0.0958758595582603,0.0822024739389645,-0.644011167212243,0.0,0.2705488349789534,0.0,-0.8016112249350499,0.0,8.794661001273342,57.93173461518359,0.5251483035068338,0.0276405319299744,8.39861091416443,52.8904324604695,0.6441945583619955,0.0804180063569058,-0.1932033501636729,0.0541097669957906,-0.1442900204883089,1641.111111111111
2964,1646.6666666666663,0.2049817522698712,0.101345835716491,0.0950109594481679,0.0545662152226662,0.0455226017508642,0.0407257312527023,0.0301808980707169,0.039037097326161,0.0255779937072605,0.0356176525207087,0.3325116022110524,0.2244569576871187,0.2133944275975365,0.1734980373325198,0.16984894840198,0.1578489720526421,0.1624734032491866,0.1525302415224178,-0.4502511855625439,0.0,0.7564106023125153,0.0,-0.8016112249350499,0.0,8.794661001273342,57.93173461518359,0.5251483035068338,0.0276405319299744,8.39861091416443,52.8904324604695,0.6441945583619955,0.149515674754697,-0.1350753556687631,0.151282120462503,-0.1442900204883089,1646.6666666666663
2974,1652.2222222222222,0.229086858867386,0.1000555071529932,0.1034865587414799,0.0518075523692815,0.060783110807208,0.0469410309557073,0.0346993021835547,0.0296419663161197,0.0317091317449993,0.0299611956927225,0.3348146141526157,0.2328039010377357,0.2169931354719213,0.1745326676518006,0.1679229242509943,0.1605752412799072,0.1415330735028187,0.1559943252824601,0.3655630830350236,0.0,-0.5091080358612529,0.0,-0.3842221735313866,0.0,9.405375867810818,57.93173461518359,0.5251483035068338,0.0276405319299744,8.39861091416443,52.8904324604695,0.6441945583619955,0.149515674754697,0.109668924910507,-0.1018216071722505,-0.0691599912356495,1652.2222222222222
2984,1657.7777777777776,0.2146940792160379,0.1049946963239796,0.0997024085597289,0.0594594922237867,0.0562805430205979,0.0455235878135183,0.0484796106375698,0.0263453377259168,0.0333680532142621,0.0348946368582231,0.3104317237328928,0.2251148174331073,0.2178092791577863,0.1684395012057604,0.1694974319431167,0.1599736278791537,0.1548483163466873,0.1393315457570827,-0.9945911385173096,0.0,-0.8080529010041323,0.0,-0.3842221735313866,0.0,9.405375867810818,56.860501336831724,0.5251483035068338,0.0276405319299744,8.39861091416443,52.8904324604695,0.6441945583619955,0.149515674754697,-0.2983773415551929,-0.1616105802008264,-0.0691599912356495,1657.7777777777776
2994,1663.3333333333333,0.2669734228725306,0.1212218242157335,0.1295975486760391,0.0610832027998775,0.0661545281598149,0.0370542380218293,0.0413554450133069,0.0315089250663251,0.0306012726056782,0.033325841251108,0.3320209353855173,0.2256989645409748,0.2155785001375564,0.180477980190622,0.1663796485820563,0.1558824414549412,0.162476316447912,0.1514523021913377,-0.9945911385173096,0.0,-0.8080529010041323,0.0,-0.3842221735313866,0.0,9.405375867810818,56.860501336831724,0.6554231618106363,0.0276405319299744,8.39861091416443,52.8904324604695,0.6441945583619955,0.149515674754697,-0.2983773415551929,-0.1616105802008264,-0.0691599912356495,1663.3333333333333
3004,1668.8888888888887,0.312536689877993,0.1541033823831731,0.1584293411605113,0.0966633479106469,0.0952431369985019,0.0730618302383395,0.072996643440518,0.0581050719165463,0.0627999132998615,0.0681929955727053,0.3453763881422049,0.2400854119236941,0.2162589812215,0.1776668078288595,0.17675747044495,0.1652958264068522,0.1604716860543321,0.1630773090912512,0.7777505678113854,0.0,-0.7741208424170278,0.0,0.6679946749588416,0.0,9.405375867810818,56.860501336831724,0.6554231618106363,0.0592528822809655,8.39861091416443,52.8904324604695,0.6441945583619955,0.149515674754697,0.2333251703434156,-0.1548241684834055,0.1202390414925914,1668.8888888888887
3014,1674.4444444444443,0.2860608703528858,0.1653355726646228,0.1512380172410398,0.1013445355719554,0.0905031820898911,0.0666399454288071,0.0796959092306566,0.0628520718397254,0.0666513446245854,0.053289489532594,0.3142772408709891,0.2275053738116766,0.2106305216986707,0.1738858440407592,0.1665359256174162,0.1562439714165978,0.1533969193688837,0.1482944041283562,-0.6199149284621718,0.0,-0.3346114345765033,0.0,0.6480358377813742,0.0,9.405375867810818,56.860501336831724,0.6554231618106363,0.0592528822809655,7.923687331829445,52.8904324604695,0.6441945583619955,0.149515674754697,-0.1859744785386515,-0.0669222869153006,0.1166464508006473,1674.4444444444443
3024,1680.0,0.2800616152896411,0.1559683244892107,0.1403821491045908,0.0915741299991915,0.092034509655446,0.0750227085305563,0.0700944129739953,0.0554326424268794,0.0699920846809569,0.0558427117633194,0.3193216799034973,0.2370247373524588,0.2259760218723701,0.1774694203716285,0.1703047602875318,0.15935869094196,0.1621443239793734,0.1491997507708483,-0.6199149284621718,0.0,0.7809728910793649,0.0,0.4827058936509461,0.0,9.405375867810818,56.860501336831724,0.6554231618106363,0.0592528822809655,7.923687331829445,43.68891284893158,0.6441945583619955,0.149515674754697,-0.1859744785386515,0.156194578215873,0.0868870608571703,1680.0
3034,1685.5555555555554,0.2834378263060744,0.162193530935731,0.1466569291356718,0.1015533374900157,0.0908722578362771,0.0635472662939849,0.0738728225983514,0.0576133846816759,0.0616401964540418,0.0557356431326142,0.3534380285231792,0.2356228544555478,0.2322835730962392,0.182558192982431,0.1686793515391013,0.1588380153297394,0.1630495155578414,0.1547581750947928,0.9745772437526858,0.0,0.7809728910793649,0.0,0.4827058936509461,0.0,9.405375867810818,56.860501336831724,0.6554231618106363,0.0592528822809655,7.923687331829445,43.68891284893158,0.6518988930561611,0.149515674754697,0.2923731731258057,0.156194578215873,0.0868870608571703,1685.5555555555554
3044,1691.111111111111,0.2939627399304068,0.1653951924548105,0.1588930289011084,0.1009357844375524,0.0927865846682969,0.0720981174930787,0.0736450235710669,0.059467999896445,0.065776975183527,0.0580412152463707,0.3248351295818176,0.2056250825329117,0.1890665406793777,0.1556350415905852,0.1481175574226127,0.1279743252281228,0.1225574929037437,0.1209891156897317,0.8158705467688926,0.0,0.82351032535421,0.0,0.3485549703998934,0.0,9.405375867810818,56.860501336831724,0.6554231618106363,0.0592528822809655,7.923687331829445,43.68891284893158,0.6518988930561611,0.1136535996777583,0.2447611640306677,0.164702065070842,0.0627398946719808,1691.111111111111
3054,1696.6666666666663,0.2848774812725304,0.1490903053550333,0.1392418665639616,0.0931356965724474,0.0871045244719678,0.0745438457947995,0.0696258481785496,0.0579471739007492,0.0583296004415906,0.0598396231100877,0.3237284751927838,0.2105149115295426,0.1983627742693454,0.1489762687709465,0.1435605998660314,0.116968232034672,0.1233216497017408,0.116750307997505,0.8158705467688926,0.0,0.82351032535421,0.0,-0.6458765896266977,0.0,8.708144683631101,56.860501336831724,0.6554231618106363,0.0592528822809655,7.923687331829445,43.68891284893158,0.6518988930561611,0.1136535996777583,0.2447611640306677,0.164702065070842,-0.1162577861328055,1696.6666666666663
3064,1702.2222222222222,0.290789214350386,0.164529799721408,0.1492871206869903,0.0976932356639222,0.102704556687814,0.0735000686714375,0.0723105723452397,0.0706925769084216,0.0588327505485356,0.0618092772599038,0.3157772837151412,0.2084397169030298,0.187323718916092,0.1399583214106852,0.1341525971250479,0.1320808262920049,0.1246226650395173,0.119962534352346,0.3120111847382231,0.0,0.7973266131288349,0.0,0.7630679928068214,0.0,8.708144683631101,48.89598048853558,0.6554231618106363,0.0592528822809655,7.923687331829445,43.68891284893158,0.6518988930561611,0.1136535996777583,0.0936033554214669,0.159465322625767,0.1373522387052278,1702.2222222222222
3074,1707.7777777777776,0.271473687821067,0.1546168498429269,0.1471020422407816,0.0940786298152431,0.0926118201947184,0.0728188636233168,0.0627918436301101,0.0732539207409057,0.0637145098993861,0.0533925303584204,0.3205238306799747,0.2249966376296684,0.1860790667020664,0.1559633646711992,0.1443489105646136,0.1296030165514818,0.1217226182562489,0.123741349444323,0.7984775537251578,0.0,0.7973266131288349,0.0,0.7630679928068214,0.0,8.708144683631101,48.89598048853558,0.5756360657581642,0.0592528822809655,7.923687331829445,43.68891284893158,0.6518988930561611,0.1136535996777583,0.2395432661175473,0.159465322625767,0.1373522387052278,1707.7777777777776
3084,1713.3333333333333,0.2579182657442456,0.1542510419751757,0.1383132090904199,0.0986761425708461,0.0917346560271871,0.0749759580386635,0.0781013397286074,0.0705981159096216,0.0741066913043436,0.0698425138076645,0.3091436114302039,0.2013097699339718,0.1857181711881918,0.1533835904707979,0.1397995271481479,0.1308515170626838,0.1191852912533689,0.1170265537678242,-0.6554970267616299,0.0,0.7973266131288349,0.0,-0.34349430344227,0.0,8.708144683631101,48.89598048853558,0.5756360657581642,0.0629656398554912,7.923687331829445,43.68891284893158,0.6518988930561611,0.1136535996777583,-0.1966491080284889,0.159465322625767,-0.0618289746196085,1713.3333333333333
3094,1718.8888888888887,0.2632742861124903,0.158414891646359,0.1386045096184893,0.0946418468978304,0.0933680934044155,0.0830385452191785,0.0670148767235322,0.0770451248138285,0.059442750008925,0.0560786642126498,0.2751003155804398,0.1867572003314389,0.1684339728517021,0.1450027021872391,0.1321630522905899,0.1249036576726411,0.1157890596051886,0.1154444229535718,-0.4565279879848825,0.0,0.3006336789283375,0.0,0.976312601601686,0.0,8.708144683631101,48.89598048853558,0.5756360657581642,0.0629656398554912,6.10001770533374,43.68891284893158,0.6518988930561611,0.1136535996777583,-0.1369583963954647,0.0601267357856675,0.1757362682883034,1718.8888888888887
3104,1724.4444444444443,0.2547329474503912,0.1516046569217072,0.1327234367255689,0.104196233507646,0.0860014189362013,0.0750652121571684,0.0660713253162807,0.0606665081920822,0.0722366972750362,0.0643930425196297,0.2653855484896121,0.1809160090288791,0.1578226640924193,0.1276137821055148,0.1246519060416324,0.1113207760623614,0.1268312440115048,0.1221094991115279,-0.4565279879848825,0.0,0.3006336789283375,0.0,-0.7670901815172712,0.0,8.708144683631101,48.89598048853558,0.5756360657581642,0.0629656398554912,6.10001770533374,56.88640232822986,0.6518988930561611,0.1136535996777583,-0.1369583963954647,0.0601267357856675,-0.1380762326731088,1724.4444444444443
3114,1730.0,0.2696709341733249,0.1557161569477306,0.1362795771342862,0.1044011862167315,0.0804604019170508,0.0715517900384311,0.0823593829253383,0.0655587113786079,0.0650059508673363,0.0677986255777204,0.251777687588488,0.1612716109928625,0.1543423909485715,0.1263127562460183,0.1329520054207678,0.116992692153609,0.1116037212016042,0.1165902449794865,-0.6326763648235234,0.0,-0.2945811906693411,0.0,-0.7670901815172712,0.0,8.708144683631101,48.89598048853558,0.5756360657581642,0.0629656398554912,6.10001770533374,56.88640232822986,0.6084739755109543,0.1136535996777583,-0.189802909447057,-0.0589162381338682,-0.1380762326731088,1730.0
3124,1735.5555555555554,0.2536941642886339,0.141164308696932,0.1365261873299157,0.0989312837045509,0.0915173910732693,0.0675969037098206,0.074099132896252,0.0728579645769764,0.0674674652880976,0.0583975799740741,0.2069250568214385,0.1170544702715453,0.0982004334311518,0.0769706829053394,0.0719284909869114,0.0722960018785565,0.05665177192628,0.0615403303704135,-0.6326763648235234,0.0,0.62460824463002,0.0,0.9114128031663052,0.0,8.708144683631101,48.89598048853558,0.5756360657581642,0.0629656398554912,6.10001770533374,56.88640232822986,0.6084739755109543,0.0581277958502597,-0.189802909447057,0.124921648926004,0.1640543045699349,1735.5555555555554
3134,1741.111111111111,0.2552728478221037,0.137907579149081,0.1358050313546912,0.0896754641718964,0.086402159793423,0.0753439999898872,0.0674329269495297,0.0742364117525643,0.062699892097112,0.0671548380409796,0.2107329616035954,0.1141567031287261,0.0997393839435294,0.0711442553405137,0.0743341811693987,0.0543522584085335,0.0648802129412812,0.0593355192570513,-0.73979049712385,0.0,0.5970110281182487,0.0,0.330494663152307,0.0,8.153692058451325,48.89598048853558,0.5756360657581642,0.0629656398554912,6.10001770533374,56.88640232822986,0.6084739755109543,0.0581277958502597,-0.221937149137155,0.1194022056236497,0.0594890393674152,1741.111111111111
3144,1746.6666666666663,0.2410954387909885,0.1499981712194732,0.1259410134441001,0.0807261716102378,0.0821842477442998,0.0763605745765126,0.0695154792163711,0.065443353578449,0.0693504991199703,0.0622016106820273,0.2112291455701737,0.1071202904661015,0.0949585078475071,0.0671370121502849,0.0541049384544568,0.061679352454567,0.0571948206070208,0.0616972303245434,-0.73979049712385,0.0,0.5970110281182487,0.0,0.330494663152307,0.0,8.153692058451325,54.43280437039324,0.5756360657581642,0.0629656398554912,6.10001770533374,56.88640232822986,0.6084739755109543,0.0581277958502597,-0.221937149137155,0.1194022056236497,0.0594890393674152,1746.6666666666663
3154,1752.2222222222222,0.2434349573722319,0.1274200543993413,0.1268085547391647,0.0783004951582038,0.0777868422736143,0.0758286782958079,0.0743531422008508,0.0707671734791781,0.0566947061944835,0.0634716239756853,0.2145636392975854,0.1179518128370155,0.1115898437850912,0.070655853115846,0.0610261139780355,0.0669713791491988,0.0613843020223216,0.0589811650615113,-0.3254345456221088,0.0,-0.9680811499462066,0.0,-0.9494027309116132,0.0,8.153692058451325,54.43280437039324,0.5762921738796791,0.0629656398554912,6.10001770533374,56.88640232822986,0.6084739755109543,0.0581277958502597,-0.0976303636866326,-0.1936162299892413,-0.1708924915640903,1752.2222222222222
3164,1757.7777777777776,0.2856355357627393,0.1827399811713222,0.1829945527915289,0.1472053404183029,0.1421298605582083,0.1367184737748597,0.1279012580775547,0.1234610387231474,0.1369726644081816,0.1117451471844842,0.2095091523845373,0.1141134688923118,0.0994532892775539,0.0631440015177911,0.0676561914299919,0.0638648733265002,0.0605303071607287,0.0623823923422431,-0.3254345456221088,0.0,-0.8231653617391039,0.0,-0.9494027309116132,0.0,8.153692058451325,54.43280437039324,0.5762921738796791,0.1245961010117987,6.10001770533374,56.88640232822986,0.6084739755109543,0.0581277958502597,-0.0976303636866326,-0.1646330723478208,-0.1708924915640903,1757.7777777777776
3174,1763.3333333333333,0.2949625988473222,0.1958002100498183,0.1827109737038373,0.1456973436879278,0.1375894926857318,0.122244467828518,0.1358572507934525,0.1258931288150521,0.1270064254101443,0.1164097140149881,0.2781185775672152,0.1492781998291044,0.1263406952089345,0.0896090652095624,0.0813534505245118,0.0714895775573934,0.063779040291022,0.0579599550421826,0.864928129615955,0.0,-0.8231653617391039,0.0,0.7194134397244648,0.0,8.153692058451325,54.43280437039324,0.5762921738796791,0.1245961010117987,8.758390038916161,56.88640232822986,0.6084739755109543,0.0581277958502597,0.2594784388847865,-0.1646330723478208,0.1294944191504036,1763.3333333333333
3184,1768.8888888888887,0.2859904729498799,0.2006413455297412,0.1885435876011957,0.1502523525763021,0.1504701939693402,0.126174817963808,0.1311327604762477,0.115694422230738,0.1219320565201038,0.1244768962302549,0.2749472169596053,0.1493185782703765,0.1439938149205571,0.0896476097259643,0.0912223327141574,0.0725721018663729,0.0668253796280595,0.0686852882047245,0.6220927892422515,0.0,-0.3590942051573337,0.0,0.7194134397244648,0.0,8.153692058451325,54.43280437039324,0.5762921738796791,0.1245961010117987,8.758390038916161,47.74864594621289,0.6084739755109543,0.0581277958502597,0.1866278367726754,-0.0718188410314667,0.1294944191504036,1768.8888888888887
3194,1774.4444444444443,0.2946390697671241,0.1922929957025354,0.1850079370843392,0.1458802309830553,0.1482462803416945,0.1251674033253725,0.1357688109038955,0.1222408441660524,0.1221899405790943,0.1237274116088856,0.2520492729300402,0.1460094181867801,0.1331702613515475,0.0885900296345513,0.0848606495538884,0.0870405021446135,0.0637349644026678,0.0516587710560356,0.6220927892422515,0.0,-0.3590942051573337,0.0,-0.6515419080852098,0.0,8.153692058451325,54.43280437039324,0.5762921738796791,0.1245961010117987,8.758390038916161,47.74864594621289,0.5275632308699862,0.0581277958502597,0.1866278367726754,-0.0718188410314667,-0.1172775434553377,1774.4444444444443
3204,1780.0,0.2814209671690247,0.1974227269918835,0.181109959197403,0.1434026307412833,0.1461485210135296,0.1317494725966322,0.1370148617506148,0.1250843008533848,0.1269460505256746,0.1294190971554299,0.2824875263416764,0.1858768259653239,0.1869618360528138,0.1411640059336597,0.1406960562176972,0.1217394849391992,0.1199564374133935,0.1273933507185221,0.6220927892422515,0.0,0.7899436472847926,0.0,-0.6515419080852098,0.0,8.153692058451325,54.43280437039324,0.5762921738796791,0.1245961010117987,8.758390038916161,47.74864594621289,0.5275632308699862,0.1140559943985273,0.1866278367726754,0.1579887294569585,-0.1172775434553377,1780.0
3214,1785.5555555555554,0.3102323560246693,0.1967438642101822,0.2070778364293289,0.1574763817284038,0.1585936835659753,0.1388617346845528,0.1293879891920049,0.1362963452777418,0.1343847432474995,0.1366083894081315,0.2821223352323064,0.1992841040806698,0.1775607828237094,0.1425615762680296,0.1457762324607128,0.1324098424226805,0.1182783483657397,0.1150003338834495,0.6472336494806573,0.0,0.7899436472847926,0.0,0.4297966507884886,0.0,9.57743634799554,54.43280437039324,0.5762921738796791,0.1245961010117987,8.758390038916161,47.74864594621289,0.5275632308699862,0.1140559943985273,0.1941700948441971,0.1579887294569585,0.0773633971419279,1785.5555555555554
3224,1791.111111111111,0.3315810501388515,0.241622768009878,0.2153024847605706,0.1654723689532515,0.1539352868468532,0.142439537949554,0.1444555169953036,0.1313951953656157,0.1339132219209117,0.1270720408004979,0.2794717558291673,0.1922345214950992,0.182805877886068,0.1413684587772935,0.1487979933012987,0.127254353176529,0.1250570805638604,0.1143851046628069,0.6472336494806573,0.0,0.7899436472847926,0.0,-0.2951442403568281,0.0,9.57743634799554,42.95976297524129,0.5762921738796791,0.1245961010117987,8.758390038916161,47.74864594621289,0.5275632308699862,0.1140559943985273,0.1941700948441971,0.1579887294569585,-0.053125963264229,1791.111111111111
3234,1796.6666666666663,0.3547813583440206,0.2360663279149254,0.2228919324482298,0.1634550801853992,0.1641776432543585,0.1517699523532666,0.1396204221617547,0.1390867774939238,0.1353640545144152,0.1329045610159351,0.2692490509638684,0.1820832425518447,0.1793425423978245,0.1415975056722322,0.1289272557540647,0.1207099917946772,0.1240838891670971,0.1147616028795954,-0.4627475279830613,0.0,-0.4851778478171839,0.0,-0.2951442403568281,0.0,9.57743634799554,42.95976297524129,0.642535135212293,0.1245961010117987,8.758390038916161,47.74864594621289,0.5275632308699862,0.1140559943985273,-0.1388242583949183,-0.0970355695634367,-0.053125963264229,1796.6666666666663
3244,1802.2222222222224,0.3477763067287011,0.2318543509197473,0.2163757907051349,0.1724547379198711,0.1647287434081615,0.14011633076055,0.1353070102992568,0.1459842726432541,0.1304814989961408,0.1374249747139586,0.2656009300365402,0.1876475554784488,0.171410127474951,0.1438520192063885,0.1356619370529874,0.1223735364020501,0.1134728959214726,0.1146931240192435,-0.4627475279830613,0.0,-0.9736804683538216,0.0,-0.2951442403568281,0.0,9.57743634799554,42.95976297524129,0.642535135212293,0.123798510045006,8.758390038916161,47.74864594621289,0.5275632308699862,0.1140559943985273,-0.1388242583949183,-0.1947360936707643,-0.053125963264229,1802.2222222222224
3254,1807.7777777777776,0.3487024435795338,0.2391467736376062,0.2238814247313314,0.17205020070639,0.1664736380280247,0.14191719785457,0.143467778599623,0.1222097497735123,0.1230002573270272,0.1197889990590458,0.2740584086898917,0.185344646309353,0.1747250750024124,0.1439157638138354,0.1374830287120715,0.1259550616935756,0.1211692567043819,0.1141054960726117,0.7109952726454015,0.0,-0.9736804683538216,0.0,0.8807981946298946,0.0,9.57743634799554,42.95976297524129,0.642535135212293,0.123798510045006,8.761715834989083,47.74864594621289,0.5275632308699862,0.1140559943985273,0.2132985817936204,-0.1947360936707643,0.158543675033381,1807.7777777777776
3264,1813.3333333333333,0.3609692274876871,0.2333912696770957,0.2310052885987784,0.1744195481039726,0.1629242898575541,0.1416844161500075,0.1406661928660756,0.1310591634717952,0.1330438594520582,0.1172959032886799,0.2896184167962422,0.2043360421133164,0.1885576721035112,0.1454134201120142,0.1400190161809615,0.1219015612556669,0.1295021447824197,0.1186283433617722,0.7109952726454015,0.0,-0.9736804683538216,0.0,-0.3839434804590143,0.0,9.57743634799554,42.95976297524129,0.642535135212293,0.123798510045006,8.761715834989083,42.46762828555149,0.5275632308699862,0.1140559943985273,0.2132985817936204,-0.1947360936707643,-0.0691098264826225,1813.3333333333333
3274,1818.8888888888887,0.3590420448993227,0.2369975631575193,0.2199295215700882,0.1789616602355191,0.1651235552017278,0.1460782020312367,0.1439533102758497,0.1413083798432287,0.1295571385632341,0.1298436758027319,0.2824280240052595,0.1955463934294449,0.1758444565790099,0.1450241345243247,0.1380672320799453,0.1275817096773979,0.132697222509414,0.1175105716941857,0.7109952726454015,0.0,-0.4548231876223583,0.0,-0.3839434804590143,0.0,9.57743634799554,42.95976297524129,0.642535135212293,0.123798510045006,8.761715834989083,42.46762828555149,0.5183619826303218,0.1140559943985273,0.2132985817936204,-0.0909646375244716,-0.0691098264826225,1818.8888888888887
3284,1824.4444444444443,0.3547706362797533,0.2456038614493692,0.2252903049185374,0.1800308300559288,0.1620161441591094,0.1427865061377056,0.1468172163436273,0.1295098778821761,0.1342061457134398,0.1265322162975004,0.307424170187467,0.2277245331859985,0.2145411850358963,0.1802759611651075,0.1776817214758794,0.1585958647337878,0.1541192984325738,0.1597483391230048,0.858100862500761,0.0,0.5228698634182692,0.0,0.9798335514676004,0.0,9.57743634799554,42.95976297524129,0.642535135212293,0.123798510045006,8.761715834989083,42.46762828555149,0.5183619826303218,0.14818073727698,0.2574302587502283,0.1045739726836538,0.176370039264168,1824.4444444444443
3294,1830.0,0.3068507758569743,0.2158168794970481,0.1766262956423015,0.148914833325078,0.1362187180821708,0.1332449137905586,0.1264676738899812,0.122783228388001,0.1273709818812684,0.1168731505240493,0.2994001549624599,0.2294139128076823,0.2109523970246156,0.1838518313505526,0.1695999680105802,0.1580700267229478,0.1510164403368177,0.1517470542515744,0.3130870689203038,0.0,0.5228698634182692,0.0,0.7817104539883443,0.0,6.773620752325083,42.95976297524129,0.642535135212293,0.123798510045006,8.761715834989083,42.46762828555149,0.5183619826303218,0.14818073727698,0.0939261206760911,0.1045739726836538,0.1407078817179019,1830.0
3304,1835.5555555555557,0.313193225527404,0.2059308355217251,0.1791630097693816,0.147012181820197,0.1351679079054541,0.1283356445437798,0.1274267160678282,0.1249199227467055,0.1341027956905278,0.124059203956326,0.3089552794392773,0.2289125239351722,0.2130788810061574,0.1678962630676242,0.1755231345935228,0.1574208726067245,0.1500184433438798,0.1499621202190717,0.9124711147947842,0.0,-0.8143019337201901,0.0,0.7817104539883443,0.0,6.773620752325083,43.536151182737925,0.642535135212293,0.123798510045006,8.761715834989083,42.46762828555149,0.5183619826303218,0.14818073727698,0.2737413344384352,-0.162860386744038,0.1407078817179019,1835.5555555555557
3314,1841.111111111111,0.2986438787246507,0.1991551867806644,0.178258498162394,0.1495641828850769,0.1449998060442557,0.1341189185141763,0.1182986462198558,0.1277590193856915,0.1334160520785483,0.1151745317008075,0.2987041227712816,0.227330029175514,0.2186944934494406,0.1736126954270506,0.1745419025081897,0.1618061271855085,0.1599445115173435,0.1454387357477291,0.9124711147947842,0.0,-0.8143019337201901,0.0,0.6217238490132639,0.0,6.773620752325083,43.536151182737925,0.6149905867658038,0.123798510045006,8.761715834989083,42.46762828555149,0.5183619826303218,0.14818073727698,0.2737413344384352,-0.162860386744038,0.1119102928223875,1841.111111111111
3324,1846.6666666666663,0.2561181768302018,0.1532190897411475,0.1259703533784291,0.094539471748473,0.0855660496017746,0.0654561744860159,0.073304077627668,0.0779025085060761,0.0605211193380378,0.0676960105374736,0.3104151809865192,0.2270369385474081,0.2112379782104033,0.1828398623947556,0.1740862397282166,0.1574569026255705,0.1545423963609656,0.1540721562613402,0.7974557386259836,0.0,0.6380738250578433,0.0,0.6217238490132639,0.0,6.773620752325083,43.536151182737925,0.6149905867658038,0.0669409554434452,8.761715834989083,42.46762828555149,0.5183619826303218,0.14818073727698,0.239236721587795,0.1276147650115686,0.1119102928223875,1846.6666666666663
3334,1852.2222222222224,0.2453692565257322,0.1409706015365188,0.1294146793525542,0.0972917115841459,0.0930018744847136,0.0717565551550176,0.068514504361857,0.0675797235233041,0.0733261032991499,0.0572265813302882,0.2889328365713204,0.2126835141952899,0.2015624894895501,0.1710354170191219,0.1654689461170994,0.1633743302055144,0.1546716321487318,0.1493961347714501,-0.7008493659282865,0.0,-0.4798800761469438,0.0,-0.337510804376544,0.0,6.773620752325083,43.536151182737925,0.6149905867658038,0.0669409554434452,8.2511765739835,42.46762828555149,0.5183619826303218,0.14818073727698,-0.2102548097784859,-0.0959760152293887,-0.0607519447877779,1852.2222222222224
3344,1857.7777777777776,0.2381179491910219,0.1487972599811678,0.1342083330327661,0.088058395942883,0.0729424161120972,0.0724862574278571,0.0724818262563383,0.0734773494285028,0.0691218121281251,0.0693905800847053,0.283387754353331,0.2137621723077017,0.1998565006607921,0.1747446243411574,0.1648433836926273,0.1555724430218974,0.156030737034607,0.1481355098539582,-0.967110461513378,0.0,-0.4798800761469438,0.0,0.471573726862656,0.0,6.773620752325083,43.536151182737925,0.6149905867658038,0.0669409554434452,8.2511765739835,43.81114496316227,0.5183619826303218,0.14818073727698,-0.2901331384540133,-0.0959760152293887,0.084883270835278,1857.7777777777776
3354,1863.3333333333333,0.2436125508517254,0.1504293503657154,0.1219038570766919,0.090757970451328,0.0883790762564089,0.0842805577188456,0.0728281390897674,0.0694843670025318,0.0701837150524838,0.0694692881638588,0.3392656937237723,0.2427477414190736,0.2173389275492475,0.1876971103627596,0.1756775074234396,0.1605879354943929,0.1738794450271916,0.155884183475261,-0.967110461513378,0.0,-0.3809840281211569,0.0,0.471573726862656,0.0,6.773620752325083,43.536151182737925,0.6149905867658038,0.0669409554434452,8.2511765739835,43.81114496316227,0.6828855523119839,0.14818073727698,-0.2901331384540133,-0.0761968056242314,0.084883270835278,1863.3333333333333
3364,1868.8888888888887,0.2418874727741355,0.1479046543870567,0.1268863474883144,0.0905419170135145,0.0952619214757334,0.085731939003375,0.077354073890054,0.0710849470602538,0.0628034758291712,0.0636334125341077,0.2799645554158594,0.1516371700607499,0.1311731384316601,0.0789393916043016,0.0692478579834143,0.0421533822566563,0.0420279714993155,0.03485101796812,-0.5241312568521155,0.0,-0.3809840281211569,0.0,0.6162863435992961,0.0,6.773620752325083,43.536151182737925,0.6149905867658038,0.0669409554434452,8.2511765739835,43.81114496316227,0.6828855523119839,0.0325792269461583,-0.1572393770556346,-0.0761968056242314,0.1109315418478733,1868.8888888888887
3374,1874.4444444444443,0.2915965944766511,0.1803584283145368,0.1554534912947082,0.1128254106400854,0.1115294099127169,0.0827404115738843,0.077616493516331,0.0675714928994575,0.0728313797343239,0.061494707895292,0.2754526032397077,0.1471181190184955,0.127258987246607,0.0771215554378673,0.0674701921948162,0.044769380504543,0.0483158818220755,0.0420125126321941,-0.5241312568521155,0.0,0.63825610165677,0.0,0.6162863435992961,0.0,8.861155168597247,43.536151182737925,0.6149905867658038,0.0669409554434452,8.2511765739835,43.81114496316227,0.6828855523119839,0.0325792269461583,-0.1572393770556346,0.127651220331354,0.1109315418478733,1874.4444444444443
3384,1880.0,0.3015490681198213,0.1904219420964541,0.1706690407519032,0.1139817460020678,0.1060857938528074,0.0899461615853565,0.0834800038088141,0.0787773968466064,0.0756225250453602,0.068530416216248,0.2912278411087883,0.1584976850792333,0.1265233336796305,0.0838640201276345,0.0702857199959852,0.0460767868115802,0.0471819080618349,0.0392684977409613,0.9348170317402272,0.0,0.63825610165677,0.0,-0.7713710475549012,0.0,8.861155168597247,41.352070505481215,0.6149905867658038,0.0669409554434452,8.2511765739835,43.81114496316227,0.6828855523119839,0.0325792269461583,0.2804451095220682,0.127651220331354,-0.1388467885598822,1880.0
3394,1885.5555555555557,0.2923512919797843,0.1801607739749287,0.1643227083535246,0.1140233596321292,0.1063143515614744,0.0902135650632601,0.0888137063729506,0.0685143623101444,0.0759086883944114,0.0696818941313717,0.2946865308554103,0.1557158496799899,0.1338538852806087,0.0835351320662162,0.0742106146095464,0.0447690027112416,0.0402057106258108,0.0367334370117949,0.9348170317402272,0.0,-0.4348420796688216,0.0,-0.7713710475549012,0.0,8.861155168597247,41.352070505481215,0.594680517551433,0.0669409554434452,8.2511765739835,43.81114496316227,0.6828855523119839,0.0325792269461583,0.2804451095220682,-0.0869684159337643,-0.1388467885598822,1885.5555555555557
3404,1891.111111111111,0.2609056056096767,0.1309079692139325,0.1026945176744004,0.0576333338263792,0.0572750280460366,0.0283908639439817,0.0312491713892123,0.0093286034120449,0.0091311845694385,0.0017975884058231,0.2911848135850198,0.1555602661274985,0.1226155401451873,0.0775100746912487,0.0733258074639982,0.0485775265747453,0.0469224576739022,0.0416832524596744,0.6053335061714659,0.0,-0.4348420796688216,0.0,0.3368393532731592,0.0,8.861155168597247,41.352070505481215,0.594680517551433,0.0048837489967789,8.2511765739835,43.81114496316227,0.6828855523119839,0.0325792269461583,0.1816000518514397,-0.0869684159337643,0.0606310835891686,1891.111111111111
3414,1896.6666666666663,0.2471782474297182,0.1257323929079751,0.1063383779521758,0.0544477463650702,0.049099012840013,0.0276374624406479,0.0251199769568889,0.015117646874525,0.0083229178522968,0.0013340661805473,0.2469796686879061,0.1218009221688118,0.1083153619979216,0.0612146361833932,0.0578910907107169,0.0343222651415485,0.0445281079388242,0.0397503651431154,-0.4109822855116542,0.0,0.5505817864766632,0.0,0.3368393532731592,0.0,8.861155168597247,41.352070505481215,0.594680517551433,0.0048837489967789,6.941432119191309,43.81114496316227,0.6828855523119839,0.0325792269461583,-0.1232946856534962,0.1101163572953326,0.0606310835891686,1896.6666666666663
3424,1902.2222222222224,0.254244575262719,0.132326390875642,0.1087679143261534,0.0597426935989099,0.0526204284511651,0.0151809665450907,0.0239913632122699,0.0146341066542309,0.0111276854885794,0.0162348223193401,0.2488393819979532,0.1294485012969201,0.1061523032876986,0.0617225388648692,0.0571887701706652,0.0488701634850749,0.0369251730922777,0.0405122961318225,0.5198504033284498,0.0,0.8398595135025347,0.0,0.8268305864097293,0.0,8.861155168597247,41.352070505481215,0.594680517551433,0.0048837489967789,6.941432119191309,46.24461348350058,0.6828855523119839,0.0325792269461583,0.1559551209985349,0.1679719027005069,0.1488295055537512,1902.2222222222224
3434,1907.7777777777776,0.2526224794215068,0.1241862969877024,0.1148176587328737,0.0543014846245126,0.0391215453078614,0.0165513659118203,0.0248803213887118,0.007245076340395,0.0125940653759513,0.0029683207068343,0.2529926221270805,0.1253714463620094,0.1075456928724916,0.0628151951422537,0.0564660486009051,0.0421538610609948,0.0457081467325383,0.040757260792309,0.5522390122275209,0.0,0.8398595135025347,0.0,0.9742504018167828,0.0,8.861155168597247,41.352070505481215,0.594680517551433,0.0048837489967789,6.941432119191309,46.24461348350058,0.6439496878277151,0.0325792269461583,0.1656717036682562,0.1679719027005069,0.1753650723270209,1907.7777777777776
3444,1913.3333333333333,0.2562817957536912,0.1332047263546223,0.1069278953509089,0.0461127117518469,0.0429694737315374,0.0330075799742109,0.0175011145936478,0.0180399610376146,0.0138636961295591,0.0092745147999462,0.2611987870206705,0.1572503863142005,0.1356004105889271,0.095703700795198,0.0849902170854252,0.0778837766362229,0.0786549101583491,0.0725052191248255,0.5522390122275209,0.0,0.5318951537944496,0.0,0.8137066940143403,0.0,8.861155168597247,41.352070505481215,0.594680517551433,0.0048837489967789,6.941432119191309,46.24461348350058,0.6439496878277151,0.0682526224728599,0.1656717036682562,0.1063790307588899,0.1464672049225812,1913.3333333333333
3454,1918.8888888888887,0.2053563331867411,0.1020635779135281,0.0774042577186826,0.0404374238002213,0.0245777103901124,0.012005899619551,0.0108060113873569,0.0136295407300224,0.0119330755918446,0.0158984737892909,0.2676174615768515,0.150771354254815,0.1333006530865423,0.0841726406130437,0.0920608532507721,0.0813894555762689,0.0675791135315502,0.0649594237613476,0.7030380030814636,0.0,0.9881311292459009,0.0,0.8137066940143403,0.0,6.581677959657334,41.352070505481215,0.594680517551433,0.0048837489967789,6.941432119191309,46.24461348350058,0.6439496878277151,0.0682526224728599,0.210911400924439,0.1976262258491801,0.1464672049225812,1918.8888888888887
3464,1924.4444444444443,0.1787634410584704,0.079171818125655,0.0585226065377375,0.0289206145106824,0.0214038411837839,0.0070901814266334,0.0053132308897582,0.0044999923914737,0.0123363554022999,0.0120420278769933,0.2692698628111485,0.1540258235710382,0.1310539474107491,0.0802029380764251,0.0920047956823603,0.0804125764615271,0.0662452359323776,0.0593166764068245,0.7030380030814636,0.0,-0.7958963002177789,0.0,0.9029968724245572,0.0,6.581677959657334,59.90723318857994,0.594680517551433,0.0048837489967789,6.941432119191309,46.24461348350058,0.6439496878277151,0.0682526224728599,0.210911400924439,-0.1591792600435558,0.1625394370364202,1924.4444444444443
3474,1930.0,0.2031324178346745,0.0717809401017611,0.0460924091406366,0.0250488654228013,0.0307473842942738,0.0158195975418213,0.0052856923795014,0.0039482115704689,0.0115984576954631,0.0036798341329533,0.2471397962122803,0.1548176406361309,0.1434406715835841,0.08313668378344,0.0900949619298683,0.0803356633674425,0.0790112709737513,0.0715035963806762,-0.6757373273912748,0.0,-0.9903339003476166,0.0,0.9029968724245572,0.0,6.581677959657334,59.90723318857994,0.6777398613416665,0.0048837489967789,6.941432119191309,46.24461348350058,0.6439496878277151,0.0682526224728599,-0.2027211982173824,-0.1980667800695233,0.1625394370364202,1930.0
3484,1935.5555555555557,0.3070562560466203,0.1896557335095688,0.1925028357047345,0.1524983093442543,0.1490588963326357,0.1455430839158921,0.1477888886461356,0.1428349271643915,0.1450204604687534,0.1339349389213819,0.2782507582798686,0.1574183903775344,0.1325742775394088,0.0947629246320667,0.0804525222036439,0.0772118735008237,0.0776068066423693,0.0690076783587729,0.9154286616280966,0.0,-0.5077559532635436,0.0,-0.8350277556961431,0.0,6.581677959657334,59.90723318857994,0.6777398613416665,0.1374485902460104,6.941432119191309,46.24461348350058,0.6439496878277151,0.0682526224728599,0.2746285984884289,-0.1015511906527087,-0.1503049960253057,1935.5555555555557
3494,1941.111111111111,0.296625613570081,0.1943594595609982,0.181648152543837,0.1492174849954803,0.1497203421568881,0.1377765689717335,0.13737160606865,0.1339721232076315,0.1377505750163172,0.1275103610976727,0.2483034588491524,0.1515073563381471,0.1308486750952003,0.0905069153263745,0.0813434278144377,0.0777893807884101,0.0755100791628529,0.0681573736869829,-0.9899300573283568,0.0,-0.5077559532635436,0.0,0.6786168942096799,0.0,6.581677959657334,59.90723318857994,0.6777398613416665,0.1374485902460104,6.739726590220917,46.24461348350058,0.6439496878277151,0.0682526224728599,-0.296979017198507,-0.1015511906527087,0.1221510409577423,1941.111111111111
3504,1946.6666666666663,0.2909016157682115,0.1991683994252412,0.1833064614804092,0.1524481399441309,0.1476724891939254,0.1416537151523537,0.1420811190563634,0.1341132601515342,0.1366880670694891,0.1396527909438806,0.2585147985832494,0.1446519464340263,0.1289503471635905,0.1047792811391888,0.0814177163835575,0.0683711235571978,0.0742759206235294,0.0670697271611056,0.4314369022080244,0.0,0.903637048189732,0.0,0.6786168942096799,0.0,6.581677959657334,59.90723318857994,0.6777398613416665,0.1374485902460104,6.739726590220917,47.88220509449936,0.6439496878277151,0.0682526224728599,0.1294310706624073,0.1807274096379464,0.1221510409577423,1946.6666666666663
3514,1952.2222222222224,0.2995516470010848,0.205699560532901,0.1863382664175882,0.1521189909693288,0.1587760874480028,0.1443323958405392,0.1457404460114483,0.1405623209152534,0.1333581137003052,0.1468415654920661,0.2274294211591075,0.1345263311569525,0.1169729754189778,0.0846486999657043,0.0771892739240362,0.0756746025497958,0.0767408382291351,0.0687825126560129,0.4314369022080244,0.0,0.5683573543518381,0.0,0.9567380618905734,0.0,6.581677959657334,59.90723318857994,0.6777398613416665,0.1374485902460104,6.739726590220917,47.88220509449936,0.5454359001826706,0.0682526224728599,0.1294310706624073,0.1136714708703676,0.1722128511403032,1952.2222222222224
3524,1957.7777777777776,0.3011034989049718,0.2031697240110919,0.1797140868237122,0.1516669616103682,0.1456857861967263,0.1429808763764982,0.1385842490685492,0.1390091764722012,0.143972889807536,0.135585320636747,0.1961456507999528,0.0898414143721133,0.0733338877367445,0.0345149799441625,0.0372610388145851,0.0286063017862252,0.0217121354301659,0.0203804542903353,0.6021595438105726,0.0,0.7569336594486644,0.0,-0.5091421701551339,0.0,6.581677959657334,59.90723318857994,0.6777398613416665,0.1374485902460104,6.739726590220917,47.88220509449936,0.5454359001826706,0.0187359573266498,0.1806478631431717,0.1513867318897329,-0.091645590627924,1957.7777777777776
3534,1963.3333333333333,0.2948291247433417,0.1903735131504872,0.1889458728029885,0.1548941390993946,0.1529232403364896,0.1398128219776198,0.1382148818479289,0.1361047943345714,0.1329065704839637,0.1400219726451563,0.198628032812267,0.0965795595620151,0.0890214772578136,0.0404316229015752,0.0398576010260082,0.0222762115363035,0.0247337177492315,0.0213571354216122,0.6021595438105726,0.0,0.7569336594486644,0.0,-0.5091421701551339,0.0,6.505676558930355,59.90723318857994,0.6777398613416665,0.1374485902460104,6.739726590220917,47.88220509449936,0.5454359001826706,0.0187359573266498,0.1806478631431717,0.1513867318897329,-0.091645590627924,1963.3333333333333
3544,1968.8888888888887,0.3020778450177685,0.2184728882807397,0.1965754689398908,0.1609474087151132,0.1546128636570662,0.1490107623897954,0.1425097636520338,0.1410535839331765,0.1271977761777874,0.1389085798929285,0.1980779233221478,0.0940440469833964,0.0681052107109614,0.0412727745270044,0.0370109132893048,0.0224821902789111,0.0203562494615171,0.0129571565419489,0.6021595438105726,0.0,0.7569336594486644,0.0,0.3623690246104334,0.0,6.505676558930355,50.06672895972814,0.6777398613416665,0.1374485902460104,6.739726590220917,47.88220509449936,0.5454359001826706,0.0187359573266498,0.1806478631431717,0.1513867318897329,0.065226424429878,1968.8888888888887
3554,1974.4444444444443,0.268307248698675,0.1894305286080322,0.1778830337128099,0.1534990303304105,0.1530217728021855,0.1402382942699521,0.130971855675502,0.1396492911490891,0.1366032544888294,0.1439329667567132,0.1996481820358732,0.0995560211102932,0.065445726137289,0.0421557696081506,0.03970160294334,0.0247006088193363,0.0292275045911657,0.0263347524161436,0.8437013834293993,0.0,-0.9177267905003678,0.0,-0.6545077430676323,0.0,6.505676558930355,50.06672895972814,0.524626731213278,0.1374485902460104,6.739726590220917,47.88220509449936,0.5454359001826706,0.0187359573266498,0.2531104150288197,-0.1835453581000735,-0.1178113937521738,1974.4444444444443
3564,1980.0,0.1886406243572695,0.0945036089854904,0.0743587817943817,0.046003295164015,0.0380616321228307,0.039267686713959,0.0250090681540531,0.0177319106433929,0.0294309825851722,0.0181796052759803,0.1949390012364294,0.0912434160857884,0.0735441443871694,0.0402704420794935,0.0284539963421894,0.0247839234975557,0.0195907729212388,0.0189984840609407,0.7706391512895227,0.0,-0.9177267905003678,0.0,-0.6545077430676323,0.0,6.505676558930355,50.06672895972814,0.524626731213278,0.026445655705219,6.739726590220917,47.88220509449936,0.5454359001826706,0.0187359573266498,0.2311917453868567,-0.1835453581000735,-0.1178113937521738,1980.0
3574,1985.5555555555557,0.1837174640120836,0.0914372673708245,0.0763283916816014,0.0553793777337885,0.0477202844006874,0.0307344774773167,0.0332888333384219,0.0257039515384792,0.032081629321912,0.0337317355055043,0.2191089393630544,0.1130242636388187,0.094586022335912,0.0570248836819074,0.0390191437744132,0.0289422640085621,0.0310362121339378,0.0324751306623849,0.33537562707257,0.0,-0.4754639080624345,0.0,-0.9783949204612192,0.0,6.505676558930355,50.06672895972814,0.524626731213278,0.026445655705219,8.581427041372862,47.88220509449936,0.5454359001826706,0.0187359573266498,0.100612688121771,-0.0950927816124869,-0.1761110856830194,1985.5555555555557
3584,1991.111111111111,0.1847384173574318,0.0959366591923295,0.079174759454891,0.0522403111869956,0.0394048936879614,0.0341922822076015,0.0270914461406888,0.0304065606296997,0.0298539334768531,0.0245331118103894,0.2273088399912819,0.1048051950150915,0.0942281369583882,0.0585588332938173,0.0529959854175292,0.0433730248191227,0.0310138295591865,0.0313323011130714,0.8087622819779777,0.0,-0.4754639080624345,0.0,-0.9783949204612192,0.0,6.505676558930355,50.06672895972814,0.524626731213278,0.026445655705219,8.581427041372862,49.68485537267863,0.5454359001826706,0.0187359573266498,0.2426286845933933,-0.0950927816124869,-0.1761110856830194,1991.111111111111
3594,1996.6666666666663,0.1861424663259853,0.0915185261794403,0.0785138569411921,0.0504944649048309,0.0385476113635883,0.0269161318823389,0.0328252714202219,0.0239341421623913,0.0304991750111274,0.0321205172154187,0.223611126668432,0.109900841188016,0.0908001410333812,0.0564681415351235,0.0556114798860424,0.0252222203385864,0.0330938025778749,0.0268020809977011,0.2628652397227969,0.0,0.8915451679417221,0.0,0.4170071455098331,0.0,6.505676558930355,50.06672895972814,0.524626731213278,0.026445655705219,8.581427041372862,49.68485537267863,0.5367407042040498,0.0187359573266498,0.078859571916839,0.1783090335883444,0.0750612861917699,1996.6666666666663
3604,2002.2222222222224,0.182747402765195,0.0910887040015125,0.0746395228566757,0.048923483681408,0.0364787493950933,0.0357363658858315,0.0281935695602968,0.0286414867166744,0.0241084568795373,0.0240136657430251,0.268882612214026,0.1799269744290555,0.1558958929941014,0.1276918255855972,0.1309959574978445,0.1016449781306364,0.1059255266707173,0.1170858587000708,0.2628652397227969,0.0,-0.4059248726197543,0.0,-0.8379203032799459,0.0,6.505676558930355,50.06672895972814,0.524626731213278,0.026445655705219,8.581427041372862,49.68485537267863,0.5367407042040498,0.1004796839725968,0.078859571916839,-0.0811849745239508,-0.1508256545903902,2002.2222222222224
3614,2007.7777777777776,0.1989661887214907,0.1008933397007484,0.0791631753967983,0.0499719929648828,0.0415244530575406,0.0334247298395685,0.0417428170227772,0.0307090092896574,0.0307406022655075,0.0381182669681262,0.2714482669987627,0.1804582405423166,0.1716891935926973,0.1272186987360848,0.1216547033329116,0.1034810538302428,0.1042862521671173,0.1024600156558582,0.2628652397227969,0.0,-0.7899335996508929,0.0,0.6002657024696273,0.0,7.2507676086234225,50.06672895972814,0.524626731213278,0.026445655705219,8.581427041372862,49.68485537267863,0.5367407042040498,0.1004796839725968,0.078859571916839,-0.1579867199301786,0.1080478264445329,2007.7777777777776
3624,2013.3333333333333,0.193322008164398,0.0994781134801137,0.09127330813186,0.0464959342064703,0.044952794807775,0.0302709836678477,0.0329046906991244,0.0216102379108473,0.0305025452784798,0.0291551555760294,0.2697273221116613,0.1670067064007585,0.1578803855985961,0.1400114011043758,0.1284602634913673,0.1183999762379162,0.1189245662871319,0.1032051016553988,0.6271598923874568,0.0,-0.8457774504933335,0.0,0.6002657024696273,0.0,7.2507676086234225,50.53874400100114,0.524626731213278,0.026445655705219,8.581427041372862,49.68485537267863,0.5367407042040498,0.1004796839725968,0.188147967716237,-0.1691554900986667,0.1080478264445329,2013.3333333333333
3634,2018.8888888888887,0.1994111723503086,0.1000423657635774,0.0800366299201156,0.0476419350938005,0.0440713660485906,0.0364286635363131,0.0354544248703427,0.030358201217311,0.0259373101507033,0.0216691891227193,0.2626383104702972,0.1820511010177626,0.1635805237272969,0.1273205694991117,0.1245465572169353,0.1098060702932849,0.1114291600994962,0.107598564161855,-0.5528311306728328,0.0,0.957071648966924,0.0,-0.8882268518515439,0.0,7.2507676086234225,50.53874400100114,0.5565905735724689,0.026445655705219,8.581427041372862,49.68485537267863,0.5367407042040498,0.1004796839725968,-0.1658493392018498,0.1914143297933848,-0.1598808333332779,2018.8888888888887
3644,2024.4444444444443,0.231004481328657,0.1498729747260422,0.1333543880260605,0.0991867248577991,0.0924336112888343,0.0930357289541592,0.0849534903613299,0.0767535046397408,0.0852467208602607,0.0720843888125086,0.2611308250278338,0.1656667382225478,0.1590446406579372,0.1201055566617342,0.1259624291897735,0.1108645597192691,0.1100558786937452,0.1012638655198372,-0.5528311306728328,0.0,0.957071648966924,0.0,0.5414781037363263,0.0,7.2507676086234225,50.53874400100114,0.5565905735724689,0.0774241781266415,8.581427041372862,49.68485537267863,0.5367407042040498,0.1004796839725968,-0.1658493392018498,0.1914143297933848,0.0974660586725387,2024.4444444444443
3654,2030.0,0.2344577016321089,0.1430612242831831,0.1275960960412233,0.0975002312624847,0.0974151249041634,0.0894229583131243,0.0773815906494713,0.0764080990097685,0.0807672835921049,0.0883264959668552,0.2627039458425613,0.1703883732019147,0.1590030417434399,0.1259646877722184,0.1179894123123751,0.1056894957020833,0.1001462625777888,0.1099134008957526,-0.406216343151928,0.0,0.2855277762306661,0.0,0.5414781037363263,0.0,7.2507676086234225,50.53874400100114,0.5565905735724689,0.0774241781266415,7.885600772247455,49.68485537267863,0.5367407042040498,0.1004796839725968,-0.1218649029455783,0.0571055552461332,0.0974660586725387,2030.0
3664,2035.5555555555557,0.2367177466960276,0.1390091547712369,0.1295853420143667,0.1099183315216472,0.107668392143425,0.0844078485349062,0.0850349224735406,0.0782467088645697,0.0767978234296683,0.0813172726330575,0.2494110830318249,0.1621429084535054,0.147802649807537,0.1258337327406,0.1226009914154822,0.1046577460380408,0.1018827601240133,0.1027274578161399,-0.406216343151928,0.0,0.2855277762306661,0.0,0.5414781037363263,0.0,7.2507676086234225,50.53874400100114,0.5565905735724689,0.0774241781266415,7.885600772247455,50.72416159082536,0.5367407042040498,0.1004796839725968,-0.1218649029455783,0.0571055552461332,0.0974660586725387,2035.5555555555557
3674,2041.111111111111,0.2325726443222083,0.1507769634278785,0.1272061579184475,0.0912090603201207,0.099642548909236,0.0834915354191159,0.083026044277216,0.0783368440223023,0.0783517295469033,0.0787868696122963,0.2648901746155337,0.1684241479116831,0.1682107461361164,0.1249689689463232,0.1183394811774013,0.1152391066278186,0.1085708157928627,0.1050131560467593,-0.283413270279534,0.0,-0.8831874261745034,0.0,0.6878445835661464,0.0,7.2507676086234225,50.53874400100114,0.5565905735724689,0.0774241781266415,7.885600772247455,50.72416159082536,0.5791208214589801,0.1004796839725968,-0.0850239810838602,-0.1766374852349007,0.1238120250419063,2041.111111111111
3684,2046.6666666666663,0.2438201376699657,0.1422714149148113,0.125802793806417,0.1024102477229525,0.091405082433134,0.0885752890942992,0.0782306183151702,0.0789874450486453,0.0773398418148001,0.0817195453006057,0.2914294654320269,0.1946549869186148,0.1779896047886422,0.1471994693467211,0.1385381307345644,0.1231389901751864,0.1305031029660588,0.1167273394505664,0.2529061761761424,0.0,-0.8831874261745034,0.0,0.6878445835661464,0.0,7.2507676086234225,50.53874400100114,0.5565905735724689,0.0774241781266415,7.885600772247455,50.72416159082536,0.5791208214589801,0.1186220698155793,0.0758718528528427,-0.1766374852349007,0.1238120250419063,2046.6666666666663
3694,2052.222222222222,0.269380128492286,0.1734009675292575,0.1443623203640505,0.1099141367582223,0.1013414427535531,0.0843579689172979,0.0881405058577503,0.0795087753180853,0.072127140377878,0.0808029986167443,0.2787690670402436,0.18749477912553,0.1803828032867487,0.139863542023759,0.1373789319049332,0.136534006280248,0.1326279997077838,0.1198730626034122,-0.4340989587618679,0.0,-0.8299289775806853,0.0,-0.5021449671351861,0.0,9.19499983726619,50.53874400100114,0.5565905735724689,0.0774241781266415,7.885600772247455,50.72416159082536,0.5791208214589801,0.1186220698155793,-0.1302296876285603,-0.165985795516137,-0.0903860940843334,2052.222222222222
3704,2057.777777777778,0.2777498282717528,0.1822092005468372,0.1617578598652788,0.1176413114529831,0.1162800806775443,0.0901202314664351,0.0960434563008729,0.0807956979046061,0.0889978664931588,0.0829240905509204,0.2728352219199967,0.1859731412280547,0.1688092440458432,0.1293566207523539,0.1388258368452943,0.1233774668134919,0.1207615999063686,0.1175033400600146,-0.7380436603876935,0.0,-0.8299289775806853,0.0,-0.5021449671351861,0.0,9.19499983726619,43.587425273764126,0.5565905735724689,0.0774241781266415,7.885600772247455,50.72416159082536,0.5791208214589801,0.1186220698155793,-0.221413098116308,-0.165985795516137,-0.0903860940843334,2057.777777777778
3714,2063.333333333333,0.259878306852063,0.1785549427959815,0.1501636072475209,0.1149446189111911,0.0956107993701413,0.0834523182618908,0.0891095930401219,0.0827159812450463,0.0812834271533789,0.0732823690317293,0.2846704262203204,0.1830228256835773,0.1690617553114961,0.1358566269283359,0.1358420806806751,0.128683566584754,0.1193425047229364,0.1229128878227673,-0.7380436603876935,0.0,-0.6563343983062064,0.0,-0.3956856398390664,0.0,9.19499983726619,43.587425273764126,0.5272617449636061,0.0774241781266415,7.885600772247455,50.72416159082536,0.5791208214589801,0.1186220698155793,-0.221413098116308,-0.1312668796612413,-0.0712234151710319,2063.333333333333
3724,2068.8888888888887,0.2453417444329819,0.1329741512400483,0.1108234319447387,0.0546604288264673,0.0547756674701486,0.0311032673890358,0.0359118806147902,0.0229784679717259,0.0168610004135051,0.0324390332461275,0.2856031211557854,0.1942615885877311,0.1810409547327561,0.1459584704287673,0.1349262127596137,0.1282301079825744,0.1247499832683223,0.1145813834472598,0.8058626743369018,0.0,-0.8888252521278885,0.0,-0.3956856398390664,0.0,9.19499983726619,43.587425273764126,0.5272617449636061,0.0169787461173064,7.885600772247455,50.72416159082536,0.5791208214589801,0.1186220698155793,0.2417588023010705,-0.1777650504255777,-0.0712234151710319,2068.8888888888887
3734,2074.4444444444443,0.2494965639596329,0.1317854427593661,0.1178586287879072,0.0650486616293499,0.0536088839686263,0.0350033384044429,0.0269645733409122,0.0245348523700783,0.0305963654678249,0.0188321824753284,0.3038890240595469,0.210466901012324,0.1905758333479718,0.1501943443178132,0.1405748767938992,0.1360033236786799,0.1260534684281588,0.1146780675117212,0.6662932165256904,0.0,-0.8888252521278885,0.0,-0.298467618308754,0.0,9.19499983726619,43.587425273764126,0.5272617449636061,0.0169787461173064,8.938790191344951,50.72416159082536,0.5791208214589801,0.1186220698155793,0.1998879649577071,-0.1777650504255777,-0.0537241712955757,2074.4444444444443
3744,2080.0,0.2312933037911344,0.1229405855958547,0.1127912533857105,0.0590620081361225,0.0597214382691234,0.0295238430151044,0.0264312437553593,0.0248886382063052,0.022814561508694,0.0252783006559171,0.2886523186827148,0.1767993366075825,0.1827618210667999,0.1505926605114391,0.1370957755736914,0.1276716847285455,0.125723133150444,0.1226015572643828,0.4405862604607091,0.0,-0.8888252521278885,0.0,-0.391561334058278,0.0,9.19499983726619,43.587425273764126,0.5272617449636061,0.0169787461173064,8.938790191344951,58.83182605711836,0.5791208214589801,0.1186220698155793,0.1321758781382127,-0.1777650504255777,-0.07048104013049,2080.0
3754,2085.555555555556,0.2267090270580596,0.1046493268054264,0.0908853101780255,0.0582842303978792,0.0529688928442749,0.0331896394469187,0.0368900188896136,0.0227075302053819,0.0355740488816632,0.0252321566921403,0.2759603794216798,0.1892503321796793,0.1705017763114042,0.144469704560528,0.1407909962371439,0.1265012703417602,0.1276820312225629,0.1185385368718931,-0.5988692803082248,0.0,0.3555303291410816,0.0,-0.391561334058278,0.0,9.19499983726619,43.587425273764126,0.5272617449636061,0.0169787461173064,8.938790191344951,58.83182605711836,0.5461334364602205,0.1186220698155793,-0.1796607840924674,0.0711060658282163,-0.07048104013049,2085.555555555556
3764,2091.111111111111,0.219041901201002,0.1105406373327108,0.1024933318545456,0.0628046241618587,0.0579177205093157,0.0232716584007681,0.0320379395032989,0.0309144273805468,0.0170073376878375,0.0259770750485425,0.2804997018028893,0.2072349292343115,0.2010028021098579,0.1639584939705707,0.1682183575806647,0.1541486550655307,0.1497502138022495,0.1513066876057108,-0.5988692803082248,0.0,0.3555303291410816,0.0,-0.7323786061950422,0.0,9.19499983726619,43.587425273764126,0.5272617449636061,0.0169787461173064,8.938790191344951,58.83182605711836,0.5461334364602205,0.1454861360373257,-0.1796607840924674,0.0711060658282163,-0.1318281491151076,2091.111111111111
3774,2096.6666666666665,0.2021032195659218,0.1016051142778145,0.0755423345422774,0.0445626073679833,0.0396871649326501,0.0275803705597955,0.0153667785266394,0.0150547879360971,0.0136077858230309,0.0120942955074131,0.3025375384681521,0.2087622873661828,0.2014886767902146,0.1695414932696943,0.1617716254749419,0.1529074472155165,0.148698394647314,0.1510041768469662,0.456824703003239,0.0,0.4167128908347282,0.0,0.7422001312561984,0.0,7.065016534794893,43.587425273764126,0.5272617449636061,0.0169787461173064,8.938790191344951,58.83182605711836,0.5461334364602205,0.1454861360373257,0.1370474109009717,0.0833425781669456,0.1335960236261157,2096.6666666666665
3784,2102.222222222222,0.1871655139454928,0.0928886452783069,0.0665404955343287,0.0484044244686029,0.0223694335712171,0.0301607438871476,0.0237743876835961,0.0173421409231837,0.0244232150470789,0.0202165642834317,0.289545502779968,0.1998697835526094,0.2061121755548579,0.1711667936520047,0.1537598002127876,0.1452533522331511,0.1540433741575211,0.1432097257322939,-0.2913755948015892,0.0,-0.2540197897852679,0.0,0.7422001312561984,0.0,7.065016534794893,50.12952032376262,0.5272617449636061,0.0169787461173064,8.938790191344951,58.83182605711836,0.5461334364602205,0.1454861360373257,-0.0874126784404767,-0.0508039579570535,0.1335960236261157,2102.222222222222
3794,2107.777777777778,0.2030842009718961,0.0966055089414685,0.0873654342442326,0.032062614779368,0.038274156625534,0.0239925284814987,0.0219019001051163,0.0233250811658244,0.0204095966915218,0.0079370357532513,0.2849521811106659,0.1998541453715831,0.2053828167316824,0.1553204499633848,0.1588495177317869,0.1526191794393687,0.160606375641527,0.1570542408238809,-0.9180400433609044,0.0,-0.8637957766835517,0.0,-0.982362092763048,0.0,7.065016534794893,50.12952032376262,0.599477008843903,0.0169787461173064,8.938790191344951,58.83182605711836,0.5461334364602205,0.1454861360373257,-0.2754120130082713,-0.1727591553367103,-0.1768251766973486,2107.777777777778
3804,2113.333333333333,0.2882527841485069,0.2001525220191045,0.1797127579434149,0.1593852926605133,0.1595192249496588,0.1477521019397943,0.1436834210691526,0.1387109132290922,0.1332666769658995,0.1383050951076248,0.2870154578821293,0.2151335372338003,0.1951908715437765,0.1578350999473548,0.1682251758833634,0.147518698981465,0.1570883179487271,0.1592828350215714,-0.9180400433609044,0.0,-0.2612484279623753,0.0,-0.982362092763048,0.0,7.065016534794893,50.12952032376262,0.599477008843903,0.137243385410826,8.938790191344951,58.83182605711836,0.5461334364602205,0.1454861360373257,-0.2754120130082713,-0.052249685592475,-0.1768251766973486,2113.333333333333
3814,2118.8888888888887,0.2984799906084979,0.209913968055501,0.1934294176590709,0.1581831418239839,0.1523648862850993,0.1378985074506046,0.1405630556975512,0.1354858770252402,0.1305232889472864,0.1429652606394143,0.2592894502889039,0.1873869072095033,0.1785018785300388,0.149817839160475,0.1546834678693349,0.1375720056276126,0.1505830256510411,0.1426537261445966,0.6146036183707693,0.0,-0.2612484279623753,0.0,-0.9451487153201192,0.0,7.065016534794893,50.12952032376262,0.599477008843903,0.137243385410826,6.12158657968433,58.83182605711836,0.5461334364602205,0.1454861360373257,0.1843810855112307,-0.052249685592475,-0.1701267687576214,2118.8888888888887
3824,2124.4444444444443,0.2924247862116544,0.2080955769688751,0.1949367674920986,0.1609305599413841,0.1561423610652106,0.1460821770852207,0.1413371990905788,0.1461991966251056,0.1360116503511345,0.1362011185908464,0.2828023401798956,0.2032543813405547,0.1831851835343177,0.1528311683071995,0.1569732573852681,0.1512860509110034,0.1503686635448046,0.140578066911945,0.6146036183707693,0.0,-0.6872037130812167,0.0,-0.8250412356684182,0.0,7.065016534794893,50.12952032376262,0.599477008843903,0.137243385410826,6.12158657968433,46.30701628868763,0.5461334364602205,0.1454861360373257,0.1843810855112307,-0.1374407426162433,-0.1485074224203152,2124.4444444444443
3834,2130.0,0.2868866586411434,0.200810910966119,0.1795136808926965,0.1569418789065217,0.1465814613964634,0.1499815868291441,0.1507902976758782,0.1362745457542008,0.1443821121077632,0.1369672033769499,0.2866344439927559,0.2098845859381156,0.1897003331103696,0.1665472987726707,0.1494111963162826,0.1482054323819308,0.149540513011157,0.1503795261954759,0.2983815870808195,0.0,0.8718881319584524,0.0,-0.8250412356684182,0.0,7.065016534794893,50.12952032376262,0.599477008843903,0.137243385410826,6.12158657968433,46.30701628868763,0.6199949396931455,0.1454861360373257,0.0895144761242458,0.1743776263916905,-0.1485074224203152,2130.0
3844,2135.555555555556,0.2883136296487152,0.2105409272783327,0.1862821272760194,0.1574766472821423,0.1579186603002286,0.1525475563105986,0.1462625087249137,0.1403794301409805,0.1288775743992831,0.1426485589844549,0.2038900942212157,0.1000475941581608,0.070704716390568,0.0392568061689695,0.0273182382103048,0.0179833802957106,0.0100406986647187,0.0115745018155828,0.9698240978117622,0.0,0.8718881319584524,0.0,-0.7437312436460588,0.0,7.065016534794893,50.12952032376262,0.599477008843903,0.137243385410826,6.12158657968433,46.30701628868763,0.6199949396931455,0.0099597327754918,0.2909472293435286,0.1743776263916905,-0.1338716238562906,2135.555555555556
3854,2141.111111111111,0.2997801410252632,0.2074829738860324,0.1866087742775072,0.1656511897483153,0.1511372794786731,0.1437510365247644,0.1475511123235706,0.1307463553007431,0.1425404813002279,0.1468275322480258,0.2090144576153714,0.0934439980406031,0.06856967760767,0.0355176638879638,0.0212843667608879,0.006425326515946,0.0179884075877178,-0.0004841939771254,0.9698240978117622,0.0,-0.8858965681802208,0.0,-0.5831477133431722,0.0,7.1569618444992695,50.12952032376262,0.599477008843903,0.137243385410826,6.12158657968433,46.30701628868763,0.6199949396931455,0.0099597327754918,0.2909472293435286,-0.1771793136360441,-0.1049665884017709,2141.111111111111
3864,2146.6666666666665,0.3026268545023953,0.2075831257708817,0.1863365464105992,0.1606806263531192,0.1581542508111301,0.1446928479141417,0.1442010306543903,0.1395403589597479,0.1426547991005222,0.1363814206643687,0.1921357767682235,0.0881262698773244,0.066040085952656,0.0391670600944484,0.0244276048682126,0.0194961842248273,0.0077394022259839,0.0069638207121907,0.6250630961051744,0.0,-0.8858965681802208,0.0,-0.5831477133431722,0.0,7.1569618444992695,49.30126908195081,0.599477008843903,0.137243385410826,6.12158657968433,46.30701628868763,0.6199949396931455,0.0099597327754918,0.1875189288315523,-0.1771793136360441,-0.1049665884017709,2146.6666666666665
3874,2152.222222222222,0.3302251309268316,0.2129428622413729,0.1972787496161952,0.1619594055706027,0.1552373062451617,0.1615644180104424,0.1454100738802228,0.1470751944188497,0.1332441850287399,0.1369216969748263,0.1976378723732786,0.0960661195406174,0.0611495419245479,0.0226952105301039,0.0291137965398162,0.0125512660242747,0.0054746423311409,0.0166332916503379,0.6556146797230267,0.0,0.8947588784052531,0.0,-0.4793006326400252,0.0,7.1569618444992695,49.30126908195081,0.6761714053738455,0.137243385410826,6.12158657968433,46.30701628868763,0.6199949396931455,0.0099597327754918,0.196684403916908,0.1789517756810506,-0.0862741138752045,2152.222222222222
3884,2157.777777777778,0.2985311369890405,0.1988986999590008,0.1820098099495337,0.1490869142833119,0.1337461573421291,0.1224999777534507,0.1259010321593812,0.1147219229490172,0.1236770582649896,0.1029162012060403,0.1996981113329867,0.0942062520881203,0.0635405219092879,0.0351214523170092,0.0237800553020192,0.0171300445242377,0.0246548423673944,0.0104937145890136,0.6556146797230267,0.0,0.8780786590342815,0.0,-0.4793006326400252,0.0,7.1569618444992695,49.30126908195081,0.6761714053738455,0.1141439282486681,6.12158657968433,46.30701628868763,0.6199949396931455,0.0099597327754918,0.196684403916908,0.1756157318068563,-0.0862741138752045,2157.777777777778
3894,2163.333333333333,0.3059266976066282,0.1859485245690847,0.1798913753138388,0.1443005157831011,0.1322026660523961,0.1350051805222312,0.1192970434636471,0.1138777863444698,0.1161690353483184,0.1042488087765359,0.2596714509411198,0.1203309864248593,0.100367233048558,0.0533699501325621,0.0516831137289462,0.027547353187922,0.015870383211551,0.0142233918752575,0.5431884884765686,0.0,0.9111593592110578,0.0,-0.5740219496773181,0.0,7.1569618444992695,49.30126908195081,0.6761714053738455,0.1141439282486681,8.486941408685224,46.30701628868763,0.6199949396931455,0.0099597327754918,0.1629565465429706,0.1822318718422115,-0.1033239509419172,2163.333333333333
3904,2168.8888888888887,0.3121406502129907,0.1967696487622067,0.1770888597232267,0.1397781130390486,0.1328388015807558,0.1179449198190925,0.1210900151622886,0.1112059399984262,0.1099670099709785,0.1181397000129836,0.239103332165996,0.1007833487317542,0.0968051499657967,0.0468523224700792,0.038816712531934,0.0216357901592329,0.0221755313653388,0.0177983409809151,0.5431884884765686,0.0,0.9111593592110578,0.0,-0.5740219496773181,0.0,7.1569618444992695,49.30126908195081,0.6761714053738455,0.1141439282486681,8.486941408685224,55.22139545058625,0.6199949396931455,0.0099597327754918,0.1629565465429706,0.1822318718422115,-0.1033239509419172,2168.8888888888887
3914,2174.4444444444443,0.3032352118065045,0.192664033105411,0.1843864234867722,0.1393676107958889,0.1348191795946155,0.1253367904482835,0.1272122167187883,0.109897990205824,0.1161101613539708,0.1142075967319383,0.2304553305303776,0.1110339398452087,0.0922480168995075,0.0396608215758623,0.0293396553487128,0.0166497239115808,0.0134670088492772,0.0083521572180435,-0.4276403066481875,0.0,0.5393464102130475,0.0,-0.5740219496773181,0.0,7.1569618444992695,49.30126908195081,0.6761714053738455,0.1141439282486681,8.486941408685224,55.22139545058625,0.6415441552099566,0.0099597327754918,-0.1282920919944562,0.1078692820426095,-0.1033239509419172,2174.4444444444443
3924,2180.0,0.2904718361449419,0.1945669835290976,0.1783189928124192,0.1410230548549173,0.1352384772242586,0.1257863903557286,0.1211558922787969,0.1173683756191414,0.113472015348346,0.1149782729669717,0.3103131916415205,0.201493615747615,0.1889129531907657,0.1628974934431936,0.1565604764109835,0.1365127320548251,0.1234915500119051,0.1225675305812655,-0.4276403066481875,0.0,0.5393464102130475,0.0,0.5005833415419239,0.0,7.1569618444992695,49.30126908195081,0.6761714053738455,0.1141439282486681,8.486941408685224,55.22139545058625,0.6415441552099566,0.127454001396967,-0.1282920919944562,0.1078692820426095,0.0901050014775463,2180.0
3934,2185.555555555556,0.3181850128019807,0.2097976633222937,0.1936261863800501,0.1471922241531116,0.1506078827259195,0.1252459226365253,0.1336785764164965,0.1189750655140885,0.1149963189920492,0.1168701714963809,0.3065635532204879,0.1988273320562989,0.1956706281964147,0.146613438962684,0.1520658939326815,0.1409707943007569,0.1308388344031955,0.1252793989480123,-0.9483973060562632,0.0,0.5443207074186057,0.0,0.5005833415419239,0.0,8.580725410357404,49.30126908195081,0.6761714053738455,0.1141439282486681,8.486941408685224,55.22139545058625,0.6415441552099566,0.127454001396967,-0.2845191918168789,0.1088641414837211,0.0901050014775463,2185.555555555556
3944,2191.111111111111,0.32058704277969,0.1840760814954482,0.1836284920631296,0.1463294348922911,0.1341058136141915,0.1308178950084709,0.1238876500369553,0.1165825546941863,0.1168039308755268,0.1189886048386832,0.3067056308339845,0.2073799424057129,0.1951420453174229,0.1447333073135761,0.1456786863058067,0.1370909755863699,0.1297349442778318,0.1307230550954798,-0.9483973060562632,0.0,0.5443207074186057,0.0,-0.7036746625249121,0.0,8.580725410357404,54.71366118627202,0.6761714053738455,0.1141439282486681,8.486941408685224,55.22139545058625,0.6415441552099566,0.127454001396967,-0.2845191918168789,0.1088641414837211,-0.1266614392544841,2191.111111111111
3954,2196.6666666666665,0.2683448004247179,0.1781452382017073,0.1749299534486257,0.1356212298112744,0.1454127151427674,0.1147235738005358,0.1224611017265395,0.1105243441709285,0.1218067460416521,0.1180061638699569,0.3232271042806374,0.2026034922837169,0.195191637120933,0.1454145619169404,0.1523633443472282,0.1309308313220894,0.1356247972354043,0.1267105806114389,-0.3895744745773837,0.0,0.5443207074186057,0.0,-0.6055925084475338,0.0,8.580725410357404,54.71366118627202,0.5603289005504428,0.1141439282486681,8.486941408685224,55.22139545058625,0.6415441552099566,0.127454001396967,-0.1168723423732151,0.1088641414837211,-0.109006651520556,2196.6666666666665
3964,2202.222222222222,0.2261883957748661,0.1093453154308587,0.0980294159757464,0.0456922137318958,0.0591078768574431,0.0386012591133497,0.0352047450363761,0.025922291155504,0.0205257016701957,0.0200492094381143,0.3184354463718543,0.2081721937046618,0.188047946005758,0.1495334910239731,0.147446279989081,0.1411701527857783,0.1347458789636993,0.1357043918867924,0.4812910631157428,0.0,0.5354012232074776,0.0,0.4687967096577496,0.0,8.580725410357404,54.71366118627202,0.5603289005504428,0.0251461084348112,8.486941408685224,55.22139545058625,0.6415441552099566,0.127454001396967,0.1443873189347228,0.1070802446414955,0.0843834077383949,2202.222222222222
3974,2207.777777777778,0.2328518923048921,0.0995869992840509,0.0961414313135128,0.0560702232317803,0.0517171475368847,0.0307166874765003,0.0381632240154418,0.034646957563051,0.0321710170215742,0.0276832466590882,0.3222882983849192,0.2111045805186234,0.1966537790881296,0.1551238005182562,0.1536609167432647,0.1388992650233298,0.1331770728341025,0.1280518633446657,0.4812910631157428,0.0,-0.3451956033033289,0.0,-0.3627783361211922,0.0,8.580725410357404,54.71366118627202,0.5603289005504428,0.0251461084348112,8.269574937467365,55.22139545058625,0.6415441552099566,0.127454001396967,0.1443873189347228,-0.0690391206606657,-0.0653001005018145,2207.777777777778
3984,2213.333333333333,0.2245857302351381,0.109405538172095,0.1012180835171734,0.0667140883318447,0.0553663471617196,0.0470663830365719,0.0300802019363963,0.01965499372719,0.025680154315801,0.0229644838440008,0.3372996068490433,0.2322377935941355,0.2041409703652822,0.1663292659328119,0.156238209649755,0.1367967369910096,0.1343219117812481,0.1307467573370668,0.7531784108075928,0.0,-0.3451956033033289,0.0,0.8129999533161699,0.0,8.580725410357404,54.71366118627202,0.5603289005504428,0.0251461084348112,8.269574937467365,43.316745915373225,0.6415441552099566,0.127454001396967,0.2259535232422778,-0.0690391206606657,0.1463399915969105,2213.333333333333
3994,2218.8888888888887,0.2265079535409435,0.1157224857697997,0.1103804772173664,0.0555752857179648,0.0516769678596686,0.0320674845263566,0.0293929120430554,0.0337100951638736,0.0266103133951056,0.0342887767528806,0.3456949749382557,0.2285806391816645,0.2109724135246141,0.1712596006452585,0.1527934362889575,0.1416059585790534,0.131517730870747,0.1273513502008301,0.2566140565126358,0.0,-0.886700125673503,0.0,0.8129999533161699,0.0,8.580725410357404,54.71366118627202,0.5603289005504428,0.0251461084348112,8.269574937467365,43.316745915373225,0.6838911703039938,0.127454001396967,0.0769842169537907,-0.1773400251347006,0.1463399915969105,2218.8888888888887
4004,2224.4444444444443,0.2310012258795721,0.1075879551769856,0.1016389252468091,0.0480669612981163,0.0491738182730841,0.0357551140376231,0.0306411124018916,0.0354894019620457,0.0256409282231744,0.0280064649218838,0.3231943854281262,0.1984196996936465,0.1712764946059359,0.1370569688284507,0.1282216006068816,0.1072720777113957,0.0998898537511016,0.0901813386820441,0.2566140565126358,0.0,-0.886700125673503,0.0,-0.8895849143921821,0.0,8.580725410357404,54.71366118627202,0.5603289005504428,0.0251461084348112,8.269574937467365,43.316745915373225,0.6838911703039938,0.0894964256034182,0.0769842169537907,-0.1773400251347006,-0.1601252845905927,2224.4444444444443
4014,2230.0,0.2120993716516269,0.100941501078368,0.0926575287593328,0.0523397061233361,0.0409034745852319,0.0427195838857999,0.0336305914897005,0.0233617357302079,0.0282008268541279,0.022765329113442,0.3310630287195059,0.2029900093977258,0.1753482373463247,0.1372556494450355,0.1246649053915583,0.1031074038179869,0.1017904277426027,0.0919258291922494,0.9588656809465028,0.0,0.950498945152817,0.0,-0.9913774769700384,0.0,7.45418916118984,54.71366118627202,0.5603289005504428,0.0251461084348112,8.269574937467365,43.316745915373225,0.6838911703039938,0.0894964256034182,0.2876597042839508,0.1900997890305634,-0.1784479458546069,2230.0
4024,2235.555555555556,0.2030899745656734,0.0955826702287746,0.0841501193334927,0.0423458336955806,0.0447961607050531,0.0301850553191094,0.0281519500532354,0.0254126902506662,0.021538861043671,0.0247453805731224,0.3273218602692792,0.2088402522278549,0.1846646582744498,0.135744959439482,0.1216762835553711,0.108225675126291,0.1028330158872159,0.0903489252116514,0.9588656809465028,0.0,0.950498945152817,0.0,-0.9913774769700384,0.0,7.45418916118984,58.73286313304702,0.5603289005504428,0.0251461084348112,8.269574937467365,43.316745915373225,0.6838911703039938,0.0894964256034182,0.2876597042839508,0.1900997890305634,-0.1784479458546069,2235.555555555556
4034,2241.111111111111,0.2006142039145695,0.093810844900426,0.0896930780607166,0.0489358732564203,0.0360258270123992,0.028054992726318,0.0280556037779531,0.0269820142106756,0.025992501364404,0.0287585947700923,0.3201085414316585,0.203635350244736,0.1841440899690988,0.1290642677622597,0.123477208955221,0.0968972071172613,0.0983687589036082,0.0953168681114565,0.466311520153124,0.0,0.7033996233957668,0.0,-0.9913774769700384,0.0,7.45418916118984,58.73286313304702,0.531026054387569,0.0251461084348112,8.269574937467365,43.316745915373225,0.6838911703039938,0.0894964256034182,0.1398934560459372,0.1406799246791533,-0.1784479458546069,2241.111111111111
4044,2246.6666666666665,0.2313614975767413,0.1373857477348595,0.1224424204882063,0.099066695771563,0.0987324673339235,0.0765880090121963,0.0794854895386927,0.0789610261044456,0.0838541063788792,0.0898222042919861,0.3262015366452945,0.210020558378235,0.1817928877498162,0.1347018686436894,0.127258060968948,0.1054258139491544,0.0976174464023177,0.0884978999057829,0.466311520153124,0.0,0.264825373449231,0.0,0.8133532062687447,0.0,7.45418916118984,58.73286313304702,0.531026054387569,0.0771699506542869,8.269574937467365,43.316745915373225,0.6838911703039938,0.0894964256034182,0.1398934560459372,0.0529650746898462,0.146403577128374,2246.6666666666665
4054,2252.222222222222,0.2221769690298421,0.1347388443294232,0.1211305027975676,0.0840635597563705,0.0959297068195945,0.0874480973945728,0.0906921145075285,0.0794898815548046,0.0759368916705415,0.0724879057989746,0.2880014472886538,0.1781776850192139,0.1526602877083276,0.1215370588595095,0.103709575711032,0.103614898985504,0.0972546646753016,0.0898454881877277,0.466311520153124,0.0,0.264825373449231,0.0,0.5133488745712436,0.0,7.45418916118984,58.73286313304702,0.531026054387569,0.0771699506542869,6.274662219648708,43.316745915373225,0.6838911703039938,0.0894964256034182,0.1398934560459372,0.0529650746898462,0.0924027974228238,2252.222222222222
4064,2257.777777777778,0.2264819275536843,0.1398475543324226,0.1295925427573984,0.0998563468527549,0.1043377401123989,0.0878879829702903,0.0754114892175503,0.0793571367574814,0.0838887948307123,0.0759386990102961,0.2662235801954714,0.1484296182875905,0.1383131152864132,0.1044646590028182,0.1042713999630247,0.0985201984740742,0.0923777607955184,0.0808113407975839,0.5587339279190033,0.0,0.781194601087878,0.0,0.5133488745712436,0.0,7.45418916118984,58.73286313304702,0.531026054387569,0.0771699506542869,6.274662219648708,59.30855418169148,0.6838911703039938,0.0894964256034182,0.1676201783757009,0.1562389202175756,0.0924027974228238,2257.777777777778
4074,2263.333333333333,0.2357141040478134,0.1364279519744903,0.124700421107079,0.0905963389851918,0.0914778264048743,0.0907919391077316,0.0858976370712567,0.0788951337968571,0.0791934267156926,0.0806146064287649,0.2455220319563293,0.1475642990674258,0.1418278385270353,0.1063831055930969,0.0985735232606518,0.0946134173569783,0.1012171456435077,0.0881369696009805,0.5587339279190033,0.0,0.781194601087878,0.0,-0.2856927475513716,0.0,7.45418916118984,58.73286313304702,0.531026054387569,0.0771699506542869,6.274662219648708,59.30855418169148,0.6150752123623258,0.0894964256034182,0.1676201783757009,0.1562389202175756,-0.0514246945592468,2263.333333333333
4084,2268.8888888888887,0.2201963639676471,0.1283596405154947,0.1346133817536871,0.0931029190878548,0.0924997643272961,0.0800570617872364,0.0854291064597523,0.0820393520274532,0.0762641541309952,0.077509618043452,0.2561232919746383,0.164765178418273,0.1586920448860935,0.1311546353368834,0.1289590344560802,0.1296117377964063,0.1259351072301531,0.1244424360189916,-0.3756976326338743,0.0,-0.4744142300246137,0.0,-0.4764701496362982,0.0,7.45418916118984,58.73286313304702,0.531026054387569,0.0771699506542869,6.274662219648708,59.30855418169148,0.6150752123623258,0.1205499896700081,-0.1127092897901622,-0.0948828460049227,-0.0857646269345336,2268.8888888888887
4094,2274.4444444444443,0.2206526358640923,0.1367603257104678,0.1119220995283946,0.1023570445672601,0.093562431108022,0.0829841196332803,0.0834505971681102,0.0791227339360172,0.0755312326077846,0.0758335772432375,0.2614428756555021,0.1618989093454793,0.1521346324008358,0.1388322256202297,0.1247310091083744,0.1269735788018182,0.1147820880300983,0.1151584039075117,-0.3756976326338743,0.0,-0.5050977712935167,0.0,-0.4764701496362982,0.0,7.30215173967265,58.73286313304702,0.531026054387569,0.0771699506542869,6.274662219648708,59.30855418169148,0.6150752123623258,0.1205499896700081,-0.1127092897901622,-0.1010195542587033,-0.0857646269345336,2274.4444444444443
4104,2280.0,0.2210745838922844,0.1317520271482999,0.127729364274047,0.0938367470480549,0.0900252210890458,0.083566288780969,0.0840970272699976,0.0803402087226741,0.0847167037280364,0.0691785119167748,0.2555566402303187,0.1644803246805118,0.1550940892735265,0.1323665869983661,0.1339001308017935,0.1220103636156174,0.1218341917405665,0.1229045989852148,-0.9577618163548144,0.0,-0.5050977712935167,0.0,0.8454908157312868,0.0,7.30215173967265,56.03593253337077,0.531026054387569,0.0771699506542869,6.274662219648708,59.30855418169148,0.6150752123623258,0.1205499896700081,-0.2873285449064442,-0.1010195542587033,0.1521883468316316,2280.0
4114,2285.555555555555,0.2449235799824194,0.1493268164730885,0.1338290436494842,0.0996381212663314,0.0939058638715001,0.0786173833863354,0.0804698114545263,0.0792017584369346,0.079183946254642,0.0791606035392969,0.258359133763646,0.1717706924047239,0.1669626493236673,0.139984090442675,0.1271192137440458,0.1230455446446926,0.1133543498732331,0.1271757387023118,-0.9577618163548144,0.0,0.4134815318925128,0.0,-0.8914677466604343,0.0,7.30215173967265,56.03593253337077,0.6405683931178195,0.0771699506542869,6.274662219648708,59.30855418169148,0.6150752123623258,0.1205499896700081,-0.2873285449064442,0.0826963063785025,-0.1604641943988781,2285.555555555555
4124,2291.111111111111,0.2638735465294872,0.1622408671989931,0.1559172721985503,0.1143207558235201,0.1151925440952198,0.1102781662092936,0.0987057865019372,0.0971917155595702,0.0962041235633801,0.1005850741057877,0.2656325585553606,0.16807539576394,0.1597734465364292,0.1293319072640159,0.1324613364746011,0.1243899849228265,0.1184219015192196,0.1222475060037699,-0.5910786309850535,0.0,0.907457764758326,0.0,-0.9464090726843084,0.0,7.30215173967265,56.03593253337077,0.6405683931178195,0.0965522204689027,6.274662219648708,59.30855418169148,0.6150752123623258,0.1205499896700081,-0.177323589295516,0.1814915529516652,-0.1703536330831755,2291.111111111111
4134,2296.6666666666665,0.2690341759899244,0.1709030627926979,0.1405542051768518,0.1191711538006618,0.1095164581089146,0.1066600534136597,0.1036043037848629,0.093062711172243,0.1055376811576665,0.1024426109319199,0.2899869881562451,0.1882634442256984,0.1876470576715467,0.1383774841799238,0.1425058187637664,0.1307949123336587,0.1268065545992563,0.1239051933012367,-0.6259433521504808,0.0,0.907457764758326,0.0,-0.9464090726843084,0.0,7.30215173967265,56.03593253337077,0.6405683931178195,0.0965522204689027,8.851688444721095,59.30855418169148,0.6150752123623258,0.1205499896700081,-0.1877830056451442,0.1814915529516652,-0.1703536330831755,2296.6666666666665
4144,2302.222222222222,0.2802961421455762,0.1702980694755058,0.1567928576875472,0.1178110094127401,0.1154736014714986,0.1039332428906333,0.0944685574062655,0.0939623470714351,0.0899848482024375,0.1059525512076266,0.317115060633982,0.2111737149845532,0.1968336469126765,0.1533936268500939,0.1483648089933796,0.1266634062745993,0.1347322296652967,0.1260578842565156,0.2782535671875744,0.0,-0.7334349238052926,0.0,-0.8409623241808255,0.0,7.30215173967265,56.03593253337077,0.6405683931178195,0.0965522204689027,8.851688444721095,48.66982676190486,0.6150752123623258,0.1205499896700081,0.0834760701562723,-0.1466869847610585,-0.1513732183525485,2302.222222222222
4154,2307.777777777778,0.2728146260825161,0.1581528355006423,0.1568623441298401,0.1178149741662352,0.1144671394880199,0.1028717495324283,0.0925758823929707,0.0954742816844317,0.1046301138526407,0.0978915418116992,0.3027335121572196,0.2054546504841813,0.1949908198882557,0.1507660966162867,0.1504725223959863,0.1316473465264889,0.1246924031060517,0.1258699901473347,-0.2862509885857947,0.0,-0.8215479407903958,0.0,-0.8409623241808255,0.0,7.30215173967265,56.03593253337077,0.6405683931178195,0.0965522204689027,8.851688444721095,48.66982676190486,0.5830176867184254,0.1205499896700081,-0.0858752965757384,-0.1643095881580791,-0.1513732183525485,2307.777777777778
4164,2313.333333333333,0.2792304890017317,0.1613873449301373,0.1530578739622699,0.1123703538797624,0.1165760305851258,0.1060378633373212,0.1093298090533318,0.1005794558443864,0.0986109978490189,0.0945707324438457,0.2956397271462531,0.1888569880726701,0.173017738292285,0.1383381057690075,0.1302617233376643,0.1160438994564468,0.1161371934203451,0.1049650778054356,-0.2862509885857947,0.0,-0.8215479407903958,0.0,0.8500051599490235,0.0,7.30215173967265,56.03593253337077,0.6405683931178195,0.0965522204689027,8.851688444721095,48.66982676190486,0.5830176867184254,0.1038181693177525,-0.0858752965757384,-0.1643095881580791,0.1530009287908242,2313.333333333333
4174,2318.8888888888887,0.3083604978637898,0.184697525463768,0.1745617715958017,0.1250142848841137,0.1221438727114731,0.1058236432360783,0.116215010776696,0.11107952044705,0.1028005827754425,0.0920777091297924,0.2985684404265393,0.1921711443647548,0.1800763469590406,0.1389922525111431,0.137849504433,0.1089217419151928,0.1094104282063269,0.1061421078392891,0.7060409502888371,0.0,-0.8215479407903958,0.0,-0.746472703621583,0.0,9.072176979657726,56.03593253337077,0.6405683931178195,0.0965522204689027,8.851688444721095,48.66982676190486,0.5830176867184254,0.1038181693177525,0.2118122850866511,-0.1643095881580791,-0.1343650866518849,2318.8888888888887
4184,2324.4444444444443,0.3205285893282747,0.2010283120265985,0.1844109599260271,0.1348085647107984,0.1342341929462125,0.1078597956942943,0.111502912073754,0.1042583575828422,0.1032582761090128,0.1016264922549953,0.2919016196733984,0.190474420362403,0.1898952348638048,0.1396252472069947,0.1379343423709635,0.1088551427680198,0.1168535352594698,0.1094702592460367,0.7060409502888371,0.0,-0.5890441275417047,0.0,-0.746472703621583,0.0,9.072176979657726,46.70152040067589,0.6405683931178195,0.0965522204689027,8.851688444721095,48.66982676190486,0.5830176867184254,0.1038181693177525,0.2118122850866511,-0.1178088255083409,-0.1343650866518849,2324.4444444444443
4194,2330.0,0.3245138131994076,0.1994649227703804,0.1889755575073249,0.1395038993799875,0.1296333986623596,0.1132294264310809,0.1102562004827873,0.1019648959849806,0.1052089962121021,0.0944950701695555,0.306142223149179,0.1913159985937429,0.1797489360284268,0.1418670330163338,0.1308441079920673,0.104352456170002,0.1156920399604398,0.1044573201980739,0.6317952755072614,0.0,0.5248929447230984,0.0,0.5149520296576927,0.0,9.072176979657726,46.70152040067589,0.6339314109391478,0.0965522204689027,8.851688444721095,48.66982676190486,0.5830176867184254,0.1038181693177525,0.1895385826521784,0.1049785889446197,0.0926913653383846,2330.0
4204,2335.555555555555,0.2633469960574934,0.1436946863728921,0.1257927225284847,0.0708425404682058,0.0705676519055074,0.0489257301190958,0.0398337201440987,0.0427284312914708,0.0318599168708206,0.0349173109392824,0.2823848257288653,0.1852566275327357,0.1765808647193545,0.1356804774572939,0.1427129706664753,0.117818823907074,0.1128488701494777,0.102780617515714,-0.4689271969917895,0.0,0.7895974028193116,0.0,0.5149520296576927,0.0,9.072176979657726,46.70152040067589,0.6339314109391478,0.0313556111796159,8.851688444721095,48.66982676190486,0.5830176867184254,0.1038181693177525,-0.1406781590975368,0.1579194805638623,0.0926913653383846,2335.555555555555
4214,2341.111111111111,0.2732314449590332,0.1496409847170056,0.1309376903344787,0.0849910421791308,0.0668897773316614,0.0469789178994105,0.0463744848014277,0.0360604370980774,0.0369422356994997,0.0381929888649848,0.2683180414572075,0.1741472913092523,0.1564509166899146,0.1301461779416283,0.1177523067180216,0.1107897069494248,0.1120468205761212,0.1008752547093879,-0.4689271969917895,0.0,0.5730329021267901,0.0,-0.5547316965857358,0.0,9.072176979657726,46.70152040067589,0.6339314109391478,0.0313556111796159,7.65509992095865,48.66982676190486,0.5830176867184254,0.1038181693177525,-0.1406781590975368,0.114606580425358,-0.0998517053854324,2341.111111111111
4224,2346.6666666666665,0.2748546361054191,0.145728536897202,0.1388425416500862,0.0728152421780762,0.0708339495292998,0.0487028275312102,0.0436801969203205,0.0378323973747128,0.0434076450482142,0.0413833847884825,0.2774832739360039,0.173057402074209,0.1610615374707372,0.117869287760165,0.1232715984911559,0.108456034745862,0.114790533946485,0.1013742081762362,0.3078388444634054,0.0,0.5730329021267901,0.0,-0.5547316965857358,0.0,9.072176979657726,46.70152040067589,0.6339314109391478,0.0313556111796159,7.65509992095865,55.38343403736266,0.5830176867184254,0.1038181693177525,0.0923516533390216,0.114606580425358,-0.0998517053854324,2346.6666666666665
4234,2352.222222222222,0.2798464826556015,0.1565260897298986,0.1400495228650992,0.0765739921879008,0.0680543017141801,0.0468331509392945,0.0486446214071055,0.0441575219113042,0.026949796814489,0.0411010553240494,0.2458040930726245,0.1594606733054246,0.1569345464631839,0.1272244857129013,0.1270310569203413,0.1091181658326979,0.1082400442227941,0.1091844323278337,-0.7318676100892498,0.0,0.8121209200659099,0.0,0.7463960215036749,0.0,9.072176979657726,46.70152040067589,0.6339314109391478,0.0313556111796159,7.65509992095865,55.38343403736266,0.513062990230034,0.1038181693177525,-0.2195602830267749,0.1624241840131819,0.1343512838706614,2352.222222222222
4244,2357.777777777778,0.2705892535515162,0.1423795888331266,0.135090610672405,0.0802642570108227,0.0708327276218565,0.0523893792292273,0.0473595802854052,0.030142593174213,0.0318077225969585,0.0374050513296006,0.2507835327101952,0.1694293871338161,0.1558890626812679,0.1304678483990821,0.1241889890841876,0.111112005852827,0.1133118800942733,0.1145207789832621,0.4478113521681591,0.0,0.8121209200659099,0.0,0.7463960215036749,0.0,9.072176979657726,46.70152040067589,0.6339314109391478,0.0313556111796159,7.65509992095865,55.38343403736266,0.513062990230034,0.1091763098166407,0.1343434056504477,0.1624241840131819,0.1343512838706614,2357.777777777778
4254,2363.333333333333,0.2172942015317266,0.118133459589358,0.0878654917256301,0.0593815233303939,0.05091221394946,0.0448764676691808,0.0399600716402746,0.0371113539410824,0.0395467912401583,0.0416117172498571,0.2491150332688014,0.165006597008412,0.1577573089100595,0.1314249716685706,0.1295371937872913,0.1201168149662225,0.1124707179564306,0.1030508428483236,0.4478113521681591,0.0,0.7528976348374957,0.0,-0.3173088681259624,0.0,6.449383926241611,46.70152040067589,0.6339314109391478,0.0313556111796159,7.65509992095865,55.38343403736266,0.513062990230034,0.1091763098166407,0.1343434056504477,0.1505795269674991,-0.0571155962626732,2363.333333333333
4264,2368.8888888888887,0.2034490149567175,0.1033001120670747,0.0862941354959573,0.0535001519482601,0.0497235328041649,0.0354310499730201,0.0449867678625302,0.0262461087470315,0.0322375496857827,0.0231640130712256,0.2555326615738416,0.1664305342520393,0.1597180973686175,0.1321125258124422,0.1201399268794224,0.1123265749582389,0.1113269275081113,0.1119340347024326,0.4901251350086923,0.0,0.7528976348374957,0.0,-0.3173088681259624,0.0,6.449383926241611,59.16700057990582,0.6339314109391478,0.0313556111796159,7.65509992095865,55.38343403736266,0.513062990230034,0.1091763098166407,0.1470375405026077,0.1505795269674991,-0.0571155962626732,2368.8888888888887
4274,2374.4444444444443,0.1803635160190683,0.1002140019444268,0.0771582499314039,0.051345423671209,0.0383589760025138,0.034443096489431,0.0386471324743888,0.0297918899088318,0.0290318825026339,0.0325809019183143,0.2395624118414139,0.1662211697469222,0.156256407163015,0.1180246572885297,0.1272595365016294,0.1170119678091629,0.1162421530166154,0.1063914936863233,-0.8331742135062555,0.0,0.7528976348374957,0.0,-0.3173088681259624,0.0,6.449383926241611,59.16700057990582,0.5937339600996857,0.0313556111796159,7.65509992095865,55.38343403736266,0.513062990230034,0.1091763098166407,-0.2499522640518766,0.1505795269674991,-0.0571155962626732,2374.4444444444443
4284,2380.0,0.211374832668567,0.1127096128783852,0.1060380353874078,0.0771539994742608,0.0763212178316295,0.0637132583591066,0.0586982102596108,0.058118084073383,0.0670959065443683,0.0567695445818023,0.2343820192951724,0.1631881510770976,0.151334069707585,0.1216745930239868,0.1274713933275847,0.0997807673372906,0.1172865894332725,0.1168848431854808,-0.8331742135062555,0.0,0.4390197690169837,0.0,-0.9226460734453692,0.0,6.449383926241611,59.16700057990582,0.5937339600996857,0.0613606284422068,7.65509992095865,55.38343403736266,0.513062990230034,0.1091763098166407,-0.2499522640518766,0.0878039538033967,-0.1660762932201664,2380.0
4294,2385.555555555555,0.2253458528496587,0.1136494717607878,0.1041834261375921,0.0784859940156145,0.0725893728939191,0.0660714300820505,0.067146793612806,0.0638064441092516,0.0566721627587846,0.0584304374093129,0.2514697752975579,0.167487314783835,0.1622889603765573,0.1398027643386862,0.1355718167140535,0.1045661600163049,0.1224436970238039,0.1076368021335831,0.5027380545065423,0.0,0.4940604815272865,0.0,-0.9226460734453692,0.0,6.449383926241611,59.16700057990582,0.5937339600996857,0.0613606284422068,8.161333952603156,55.38343403736266,0.513062990230034,0.1091763098166407,0.1508214163519626,0.0988120963054573,-0.1660762932201664,2385.555555555555
4304,2391.111111111111,0.2237856646474988,0.1230723946903355,0.115272431103247,0.0768540219913924,0.0769825410175223,0.0674310218421304,0.0640506581365721,0.0683675226659059,0.0653442706305556,0.0614982081818948,0.2617694396835561,0.1720508090736735,0.1631567979066392,0.127235588149077,0.1310892166762753,0.117578734843574,0.121715905607789,0.1092717582191234,0.422286084453948,0.0,0.7365505223376956,0.0,-0.8480798593012043,0.0,6.449383926241611,59.16700057990582,0.5937339600996857,0.0613606284422068,8.161333952603156,50.46597739932183,0.513062990230034,0.1091763098166407,0.1266858253361844,0.1473101044675391,-0.1526543746742167,2391.111111111111
4314,2396.6666666666665,0.2159506708958292,0.1109309632357748,0.0985006248863074,0.0831080297114111,0.0690574968627378,0.072170137311374,0.067902089198166,0.066720700405703,0.0668888152059854,0.0558497051832654,0.3032495247642315,0.2028260713500264,0.180748805036837,0.1394155336779782,0.1370057770461454,0.1278439455126202,0.1126356915214321,0.102039354696632,0.422286084453948,0.0,0.7365505223376956,0.0,-0.8480798593012043,0.0,6.449383926241611,59.16700057990582,0.5937339600996857,0.0613606284422068,8.161333952603156,50.46597739932183,0.6461697710646527,0.1091763098166407,0.1266858253361844,0.1473101044675391,-0.1526543746742167,2396.6666666666665
4324,2402.222222222222,0.2111896382245394,0.1189548535519734,0.09991219701722,0.0772694900161468,0.0713374165186336,0.0619784297231069,0.0652400617093051,0.0651560504209624,0.0641782862042409,0.0557797459813213,0.2458668892235563,0.1082595378029533,0.0864211959656942,0.0480650701839665,0.0480151704275291,0.0193905192173907,0.0222413764567019,0.0118786353290864,-0.5676469679536277,0.0,-0.6528187375043611,0.0,0.9847111013738556,0.0,6.449383926241611,59.16700057990582,0.5937339600996857,0.0613606284422068,8.161333952603156,50.46597739932183,0.6461697710646527,0.0127136842100565,-0.1702940903860882,-0.1305637475008722,0.1772479982472939,2402.222222222222
4334,2407.777777777778,0.2528379502715459,0.1275780280970729,0.1318719114629799,0.0906752643741788,0.0882521169889378,0.0656093788013653,0.0742779858815443,0.0750959521390253,0.0657804931211998,0.0638054606869113,0.2502475597543402,0.1170864229497431,0.0932342546781229,0.0477957611906644,0.0446685107477138,0.0165083184221799,0.0298276386253058,0.0160710186955102,0.3475769526100721,0.0,-0.6528187375043611,0.0,0.9847111013738556,0.0,8.200933986121193,59.16700057990582,0.5937339600996857,0.0613606284422068,8.161333952603156,50.46597739932183,0.6461697710646527,0.0127136842100565,0.1042730857830216,-0.1305637475008722,0.1772479982472939,2407.777777777778
4344,2413.333333333333,0.2586352363454884,0.1341656638225602,0.1245181385756303,0.0943868953970411,0.0892375874199993,0.062940808327382,0.0671697996700692,0.066132160344843,0.0721750485703535,0.0652855830144718,0.2350519302151995,0.1162261581446725,0.0983347857538066,0.0488840784956483,0.0365498287099751,0.0259590156710915,0.0184443417739956,0.0152564288986878,-0.7386615836342364,0.0,-0.6110297062044205,0.0,0.9682268800948785,0.0,8.200933986121193,51.16217385699176,0.5937339600996857,0.0613606284422068,8.161333952603156,50.46597739932183,0.6461697710646527,0.0127136842100565,-0.2215984750902709,-0.1222059412408841,0.1742808384170781,2413.333333333333
4354,2418.8888888888887,0.2976771486231714,0.1624974118895168,0.15337191528176,0.0930134495780684,0.1022528774885692,0.0757666163840184,0.0649231542882593,0.0586621610390763,0.0622405996004373,0.0547688181201704,0.2487136970638765,0.1117184427183465,0.0970347855380396,0.0597158552887612,0.038911072131922,0.0182025080576018,0.0186784595980813,0.0164641579349917,0.6400388812797152,0.0,-0.6110297062044205,0.0,0.9682268800948785,0.0,8.200933986121193,51.16217385699176,0.686422778341764,0.0613606284422068,8.161333952603156,50.46597739932183,0.6461697710646527,0.0127136842100565,0.1920116643839145,-0.1222059412408841,0.1742808384170781,2418.8888888888887
4364,2424.4444444444443,0.263722775108394,0.1169728914499133,0.0959402601403988,0.0456369476595274,0.0433411793811708,0.0128553802571597,0.0098684972688324,0.0092345414577258,0.0086058033808456,-0.0007837402554586,0.250679382613113,0.096461479071498,0.0907150832757804,0.050601636944448,0.0368629642495658,0.0288910450684327,0.0277397249594884,0.0157986539252089,0.433609134565122,0.0,-0.6386087140448041,0.0,0.3028492376286004,0.0,8.200933986121193,51.16217385699176,0.686422778341764,0.0059408367132947,8.161333952603156,50.46597739932183,0.6461697710646527,0.0127136842100565,0.1300827403695366,-0.1277217428089608,0.054512862773148,2424.4444444444443
4374,2430.0,0.2611196775643283,0.1117646759906541,0.1039478456253021,0.0475732718370905,0.0357534168249571,0.0230702203818987,0.0135984540690211,0.0105509396929602,0.0032222995038173,0.0104692114710048,0.2277581874390828,0.1015256474155557,0.0838358394576038,0.0404412530315285,0.0336307621065572,0.0150878489136384,0.0069436804265184,0.0164814511657362,0.433609134565122,0.0,-0.6386087140448041,0.0,0.7470282186028762,0.0,8.200933986121193,51.16217385699176,0.686422778341764,0.0059408367132947,7.358458929169223,50.46597739932183,0.6461697710646527,0.0127136842100565,0.1300827403695366,-0.1277217428089608,0.1344650793485177,2430.0
4384,2435.555555555555,0.2465131496259132,0.1092465584580685,0.0886886868189348,0.0529652106547813,0.0381447281857297,0.0120269203978572,0.0189925955944045,0.0080078189530951,0.0100886680764377,0.0122696768404034,0.2225993776879251,0.0951571637922562,0.079703561648176,0.043104749442092,0.0325997078268989,0.0150554665506761,0.0184181730589171,0.0200041053467972,-0.8646408671724348,0.0,-0.7323472071429546,0.0,0.926950239817468,0.0,8.200933986121193,51.16217385699176,0.686422778341764,0.0059408367132947,7.358458929169223,52.62145824320065,0.6461697710646527,0.0127136842100565,-0.2593922601517304,-0.1464694414285909,0.1668510431671442,2435.555555555555
4394,2441.111111111111,0.2418071504364757,0.1023548078856909,0.0918071580337094,0.0428298456574636,0.0406659522057673,0.024900416479882,0.0244966106358614,0.010179052147123,0.0076804387136757,-0.0031811606097428,0.1981010072821608,0.0920332531761935,0.0829102012189048,0.0329626441900326,0.0352952409856969,0.0217240586977343,0.0182456502440805,0.0205952712344778,-0.8646408671724348,0.0,-0.8135608152178377,0.0,0.926950239817468,0.0,8.200933986121193,51.16217385699176,0.686422778341764,0.0059408367132947,7.358458929169223,52.62145824320065,0.6101493902536503,0.0127136842100565,-0.2593922601517304,-0.1627121630435675,0.1668510431671442,2441.111111111111
4404,2446.6666666666665,0.265667205988161,0.1141336293228324,0.092304332430965,0.0494836104284816,0.0421297285880693,0.0166209529482264,0.0163444645871549,0.0097082271599622,0.0211471035412794,0.0026012332904333,0.2174427886440834,0.0937525665526207,0.0883493230474275,0.0401415715031194,0.0284480773179849,0.0298025568734429,0.01606520202408,0.0139668310629904,0.6514552935491301,0.0,-0.8135608152178377,0.0,-0.4787957494901196,0.0,8.200933986121193,51.16217385699176,0.686422778341764,0.0059408367132947,7.358458929169223,52.62145824320065,0.6101493902536503,0.011124164672611,0.195436588064739,-0.1627121630435675,-0.0861832349082215,2446.6666666666665
4414,2452.222222222222,0.2534458713754316,0.1260513700034929,0.1000928563876946,0.0569546477013054,0.037388435955029,0.0233221366046359,0.0167342603577646,0.0088419450123231,0.0108872654104039,0.0092544881874649,0.2238809438467119,0.0942963933187505,0.0795598704085298,0.0373355458478797,0.0275535638241337,0.0181956214903636,0.0250668887725945,0.01677389436558,0.6514552935491301,0.0,-0.8135608152178377,0.0,0.4535843248908203,0.0,8.298330858194065,51.16217385699176,0.686422778341764,0.0059408367132947,7.358458929169223,52.62145824320065,0.6101493902536503,0.011124164672611,0.195436588064739,-0.1627121630435675,0.0816451784803476,2452.222222222222
4424,2457.777777777778,0.2668003711213609,0.139716693543118,0.1047639555428563,0.0502197614266337,0.0412194894600207,0.033272459792374,0.022550983097059,0.0099866482118173,0.0115502433879473,0.014964768811529,0.2095165347863905,0.0996122452172452,0.0843950473913266,0.0406725098678697,0.0305307415188874,0.0266978866683246,0.0187674550450269,0.0184915677502548,0.3110360638820835,0.0,0.9629425197830318,0.0,-0.9283920157422574,0.0,8.298330858194065,44.44393770454528,0.686422778341764,0.0059408367132947,7.358458929169223,52.62145824320065,0.6101493902536503,0.011124164672611,0.093310819164625,0.1925885039566063,-0.1671105628336063,2457.777777777778
4434,2463.333333333333,0.2039757696971058,0.1089561140711513,0.0876714611022206,0.0413422596029892,0.0252208845995749,0.0204218015915717,0.0184723335207197,0.0036307169573729,0.0045869800624161,0.0013178847158595,0.2223834961550841,0.0996147362524207,0.0799897422802694,0.0428181276917,0.0280423073264566,0.009037749164082,0.0218960660161032,0.0116070000814156,0.3110360638820835,0.0,0.9629425197830318,0.0,0.9105011751020472,0.0,8.298330858194065,44.44393770454528,0.5391098358673696,0.0059408367132947,7.358458929169223,52.62145824320065,0.6101493902536503,0.011124164672611,0.093310819164625,0.1925885039566063,0.1638902115183684,2463.333333333333
4444,2468.8888888888887,0.284189381228808,0.2030234588573428,0.1981053528944269,0.1633965130451773,0.1570592780719617,0.1446018876897209,0.1343318960596346,0.1352816175570887,0.1385148814199123,0.1290065856901474,0.2109931799929353,0.097737818715802,0.0805030233067055,0.033598697269205,0.0297889285779883,0.0144718720340593,0.0239005429789534,0.0256976483119066,-0.7418280049643471,0.0,0.6578638911804765,0.0,-0.5497955238725236,0.0,8.298330858194065,44.44393770454528,0.5391098358673696,0.131803632712148,7.358458929169223,52.62145824320065,0.6101493902536503,0.011124164672611,-0.2225484014893041,0.1315727782360953,-0.0989631942970542,2468.8888888888887
4454,2474.4444444444443,0.2704849833138245,0.2016451196986728,0.1882939072050445,0.1593328367483479,0.1584852185945202,0.1452376743228838,0.1448609339788978,0.1421934752481093,0.135701709028026,0.1290694489708135,0.1910817411203729,0.079857904395181,0.0615864208247313,0.0340576030255307,0.0283205934197389,0.0206885195845238,0.0001757260043497,0.005562921538078,-0.7418280049643471,0.0,0.6578638911804765,0.0,-0.5497955238725236,0.0,8.298330858194065,44.44393770454528,0.5391098358673696,0.131803632712148,6.593526323219059,52.62145824320065,0.6101493902536503,0.011124164672611,-0.2225484014893041,0.1315727782360953,-0.0989631942970542,2474.4444444444443
4464,2480.0,0.2756407059195581,0.2044347799482406,0.1856278276410034,0.1618400843254772,0.1553170930755787,0.1446017030752105,0.1401097146469579,0.1383456049035205,0.1404933518519461,0.1305186072224886,0.2018313332391445,0.082433509866924,0.0691621920351447,0.0344787971209368,0.0333870396296259,0.0204256900438385,0.0161137275753112,0.0023265175139304,-0.868225285133174,0.0,0.9885161103328892,0.0,-0.8244946656489333,0.0,8.298330858194065,44.44393770454528,0.5391098358673696,0.131803632712148,6.593526323219059,49.08581504012943,0.6101493902536503,0.011124164672611,-0.2604675855399522,0.1977032220665778,-0.1484090398168079,2480.0
4474,2485.555555555555,0.2774548443138191,0.2122699081386085,0.1826760301562555,0.1579741878628371,0.1519283056257914,0.1531445617809256,0.1444214187493899,0.1359670170954829,0.1410460380753329,0.1296680609333351,0.2042836301877499,0.0937987479791357,0.0686841013224361,0.0363816295473659,0.031851233643883,0.0214266926842861,0.0204529216394253,0.0091980242260933,-0.868225285133174,0.0,0.9885161103328892,0.0,0.5840498705413952,0.0,8.298330858194065,44.44393770454528,0.5391098358673696,0.131803632712148,6.593526323219059,49.08581504012943,0.6500573764478406,0.011124164672611,-0.2604675855399522,0.1977032220665778,0.1051289766974511,2485.555555555555
4484,2491.111111111111,0.287389933444247,0.208077437513752,0.1979187548575396,0.1592247628317835,0.1540961623591554,0.1428454929718378,0.1405159219786556,0.1413879549955537,0.1326717466222629,0.1322069159200079,0.282459548899539,0.1780173356564385,0.1599091735228097,0.1380567082077979,0.1212205955355024,0.1118545803681898,0.1091037718748256,0.1123197019884347,0.5734283129289417,0.0,0.9885161103328892,0.0,0.5840498705413952,0.0,8.298330858194065,44.44393770454528,0.5391098358673696,0.131803632712148,6.593526323219059,49.08581504012943,0.6500573764478406,0.1060973079036891,0.1720284938786825,0.1977032220665778,0.1051289766974511,2491.111111111111
4494,2496.6666666666665,0.2761949908539651,0.2044736003992158,0.186753258643575,0.1595745005513184,0.1619442455068312,0.1413534545948904,0.1465211044187951,0.1302103097831963,0.1395236886527233,0.1360230309281205,0.265754950811481,0.174977098592959,0.1528398204050617,0.1242805278823958,0.1154163800809218,0.1091046839383687,0.1181073621941209,0.107574567241458,-0.9008420747003698,0.0,-0.3618290355686301,0.0,0.9464014229493384,0.0,8.171068818948156,44.44393770454528,0.5391098358673696,0.131803632712148,6.593526323219059,49.08581504012943,0.6500573764478406,0.1060973079036891,-0.2702526224101109,-0.072365807113726,0.1703522561308809,2496.6666666666665
4504,2502.222222222222,0.270740696896659,0.1801659018345512,0.1737839750180289,0.163470227177542,0.1600684125872101,0.1515051217050838,0.1329225137868747,0.1415467415778962,0.1383889921113947,0.138963818330005,0.2748100040353438,0.1762440560550977,0.155361530254013,0.1249006374333103,0.1201905159607714,0.104521564378262,0.1168470788285586,0.1050929050311172,-0.9008420747003698,0.0,-0.4682312728803442,0.0,0.7048698868335498,0.0,8.171068818948156,56.14091493852781,0.5391098358673696,0.131803632712148,6.593526323219059,49.08581504012943,0.6500573764478406,0.1060973079036891,-0.2702526224101109,-0.0936462545760688,0.1268765796300389,2502.222222222222
4514,2507.777777777778,0.3057190450531001,0.2016532416201659,0.1912594169768695,0.1561075258159901,0.1560229360369992,0.1513121722161198,0.1278000074817073,0.1343502985296054,0.1279957080995667,0.1234680550532802,0.2857751616623441,0.1820458351373605,0.1567035071456458,0.1343570315514784,0.1223576293483609,0.1125764116697472,0.1129212640697455,0.1043734582404135,0.8086560892165336,0.0,0.7970182384706189,0.0,0.7048698868335498,0.0,8.171068818948156,56.14091493852781,0.593163234840799,0.131803632712148,6.593526323219059,49.08581504012943,0.6500573764478406,0.1060973079036891,0.24259682676496,0.1594036476941238,0.1268765796300389,2507.777777777778
4524,2513.333333333333,0.2703389409560189,0.1656969203184559,0.1628388071152358,0.1199616508432725,0.116405746536619,0.1000984354141716,0.0933548573112348,0.0967474964483349,0.1011158613422856,0.0955000733008682,0.2799031939242348,0.1792864766906426,0.1674911868224005,0.1310495543002286,0.1208853198758079,0.1186268845909523,0.1180488430844692,0.1080696237968779,0.3315960753898481,0.0,0.7970182384706189,0.0,0.82736129581952,0.0,8.171068818948156,56.14091493852781,0.593163234840799,0.0930578150609146,6.593526323219059,49.08581504012943,0.6500573764478406,0.1060973079036891,0.0994788226169544,0.1594036476941238,0.1489250332475136,2513.333333333333
4534,2518.8888888888887,0.2691412870627119,0.1676792942745714,0.1516704748407307,0.1094005588857234,0.1201090415879554,0.1101906210493282,0.10184122147736,0.0916797281574541,0.0978049270025963,0.0985418803078407,0.317156211615324,0.1976118656300369,0.1874100671036992,0.1358813347361132,0.1379242608953219,0.1158547759892581,0.114614029915423,0.1082755077918555,0.3315960753898481,0.0,-0.5617238226041221,0.0,0.2554280662086535,0.0,8.171068818948156,56.14091493852781,0.593163234840799,0.0930578150609146,8.456749922156808,49.08581504012943,0.6500573764478406,0.1060973079036891,0.0994788226169544,-0.1123447645208244,0.0459770519175576,2518.8888888888887
4544,2524.4444444444443,0.2778585640456429,0.1725838311563333,0.1540495117735734,0.1198903462104302,0.1253339717254252,0.1054131286988884,0.0919891876095165,0.0994860410698869,0.095377410356268,0.0908923737799692,0.3182441698373128,0.1853467728800532,0.1795803443109176,0.1416581880178533,0.1243546229281551,0.1244032188136085,0.1131771086268869,0.1171925426561118,0.3315960753898481,0.0,-0.5617238226041221,0.0,0.4400682229825345,0.0,8.171068818948156,56.14091493852781,0.593163234840799,0.0930578150609146,8.456749922156808,53.56183272025926,0.6500573764478406,0.1060973079036891,0.0994788226169544,-0.1123447645208244,0.0792122801368562,2524.4444444444443
4554,2530.0,0.278121800078182,0.1574929519993061,0.161587463837401,0.1099567007769884,0.1162577185630934,0.093628288513156,0.0941814537860966,0.089425092459623,0.0919906284503049,0.0897191343092164,0.3140830709080963,0.198779086644932,0.1791668159199686,0.1375603128297207,0.1334032474772152,0.1163444431376555,0.1078039461546654,0.1105992675170222,0.9794784353445978,0.0,-0.9310777735930688,0.0,0.4400682229825345,0.0,8.171068818948156,56.14091493852781,0.593163234840799,0.0930578150609146,8.456749922156808,53.56183272025926,0.6283656733414756,0.1060973079036891,0.2938435306033793,-0.1862155547186137,0.0792122801368562,2530.0
4564,2535.555555555555,0.2673974407181408,0.1668505234408379,0.1642391218379729,0.115336833890931,0.1209847306053489,0.0965842228207326,0.1021428623206205,0.101237497886669,0.1011082670712384,0.0903732888669502,0.2758889749903728,0.1436447532226654,0.1416033113742626,0.1015183403226256,0.0826812861488808,0.0725028289732871,0.073027987004072,0.0647099023590279,0.9794784353445978,0.0,0.7274870616659803,0.0,-0.605260471340764,0.0,8.171068818948156,56.14091493852781,0.593163234840799,0.0930578150609146,8.456749922156808,53.56183272025926,0.6283656733414756,0.0609193085605674,0.2938435306033793,0.145497412333196,-0.1089468848413375,2535.555555555555
4574,2541.111111111111,0.2636687724633093,0.1686345348247282,0.1523661498756453,0.1185201543619811,0.1136252048414558,0.0998789817000739,0.1054322298664225,0.0898900056716291,0.0835450902001209,0.0931784183297636,0.2691362606586734,0.151191431084678,0.141229114864015,0.0910482879779433,0.090126648864035,0.0740362122125289,0.0671108848805007,0.0674288726596891,-0.2928675841363292,0.0,0.6994141669090235,0.0,-0.605260471340764,0.0,8.18663506589876,56.14091493852781,0.593163234840799,0.0930578150609146,8.456749922156808,53.56183272025926,0.6283656733414756,0.0609193085605674,-0.0878602752408987,0.1398828333818047,-0.1089468848413375,2541.111111111111
4584,2546.6666666666665,0.2814373400749708,0.182493595840809,0.1606397808474532,0.1149848933688741,0.1273412913350376,0.0998171581501811,0.111991094975937,0.1011201479727052,0.0899660569984927,0.095098643512021,0.2618159125093913,0.1462152746259233,0.13071722348814,0.0984808540433196,0.0880312706329815,0.077677168004428,0.0754212542457852,0.0624850328217105,-0.7895180173467435,0.0,0.6994141669090235,0.0,-0.4833410295642835,0.0,8.18663506589876,47.92165327952674,0.593163234840799,0.0930578150609146,8.456749922156808,53.56183272025926,0.6283656733414756,0.0609193085605674,-0.236855405204023,0.1398828333818047,-0.087001385321571,2546.6666666666665
4594,2552.222222222222,0.3015130195213916,0.1812332573338602,0.1641757369919853,0.1175795712697554,0.1244084710172613,0.1050639258113362,0.1012251093017982,0.1018340178551999,0.0912268065712361,0.0843530655154852,0.2630139582337715,0.1426956399647172,0.1319578018259825,0.0883312333224781,0.0908210474555588,0.0807255846957862,0.0697125798813423,0.0731426024142374,-0.7895180173467435,0.0,0.4835803990319477,0.0,-0.4833410295642835,0.0,8.18663506589876,47.92165327952674,0.6488584510594297,0.0930578150609146,8.456749922156808,53.56183272025926,0.6283656733414756,0.0609193085605674,-0.236855405204023,0.0967160798063895,-0.087001385321571,2552.222222222222
4604,2557.777777777778,0.2716518444411366,0.156949565300284,0.1379981763458837,0.0967892918058489,0.0882498303270574,0.0626777132525231,0.0715161297662453,0.0584281170401083,0.0581762355736263,0.0559516078413703,0.2615684474949859,0.1419154647224262,0.1417113754502768,0.0791080545654225,0.095907671669507,0.0740297228908069,0.0735594703527565,0.0665363422455067,-0.7895180173467435,0.0,0.4835803990319477,0.0,0.3943285335839424,0.0,8.18663506589876,47.92165327952674,0.6488584510594297,0.0570645234171375,8.456749922156808,53.56183272025926,0.6283656733414756,0.0609193085605674,-0.236855405204023,0.0967160798063895,0.0709791360451096,2557.777777777778
4614,2563.333333333333,0.286409234065987,0.1567165225933542,0.1444919325213529,0.1016778104142109,0.0938576111367225,0.0701394270621168,0.0684779059920592,0.0575158269971987,0.0584364816025101,0.0592000592427051,0.2526979935767515,0.1328130737801845,0.1218008245007733,0.0920946374971453,0.0793517769986486,0.0735736459339735,0.0703116490309973,0.0649189220712467,0.6348706660851768,0.0,-0.3334187986590942,0.0,0.2602233596696896,0.0,8.18663506589876,47.92165327952674,0.6488584510594297,0.0570645234171375,7.399863462958335,53.56183272025926,0.6283656733414756,0.0609193085605674,0.190461199825553,-0.0666837597318188,0.0468402047405441,2563.333333333333
4624,2568.8888888888887,0.280422714345189,0.1527161774988662,0.1295923551576089,0.082874198326999,0.0745902186927694,0.0762142094769434,0.0618147399584643,0.0637087600816914,0.062257687407323,0.0612478156289652,0.2514901285107095,0.1379627502961238,0.1306299181853213,0.0885379454936825,0.0842283871518922,0.0589982388155318,0.0705251187970167,0.0637121201764474,0.970994292345958,0.0,0.5293871475837543,0.0,0.2602233596696896,0.0,8.18663506589876,47.92165327952674,0.6488584510594297,0.0570645234171375,7.399863462958335,55.10914179995703,0.6283656733414756,0.0609193085605674,0.2912982877037873,0.1058774295167508,0.0468402047405441,2568.8888888888887
4634,2574.4444444444443,0.2836591663905761,0.1571552741532098,0.1489948428293366,0.0942660091244076,0.0995327967651936,0.0665580702290309,0.0667239450766396,0.0656292910976454,0.0703056631463804,0.0547301715227174,0.2428746868287691,0.1377057766604668,0.1176687057775515,0.0817936828387546,0.083936463263541,0.0606697529571251,0.0604943451972932,0.0673264068979833,0.7202518948901837,0.0,0.5293871475837543,0.0,0.3298281038978273,0.0,8.18663506589876,47.92165327952674,0.6488584510594297,0.0570645234171375,7.399863462958335,55.10914179995703,0.6007311596945369,0.0609193085605674,0.2160755684670551,0.1058774295167508,0.0593690587016089,2574.4444444444443
4644,2580.0,0.2892456406329079,0.1568904248080184,0.1457381725310634,0.0931059065874831,0.1037427097397667,0.0691092757271249,0.0710998178029132,0.0654558234013086,0.0543610235410344,0.0577881283775887,0.2353639940944729,0.1337075314302471,0.1062726259859617,0.0722051426324113,0.0747963602728049,0.0552519763384339,0.0588175361380236,0.0480132026696416,0.8558436570887906,0.0,0.3321164552145494,0.0,0.3298281038978273,0.0,8.18663506589876,47.92165327952674,0.6488584510594297,0.0570645234171375,7.399863462958335,55.10914179995703,0.6007311596945369,0.0507048856022945,0.2567530971266372,0.0664232910429099,0.0593690587016089,2580.0
4654,2585.555555555555,0.3066583811350442,0.1743963208750967,0.1404855080810962,0.1015219993442637,0.1041446920986553,0.0679787571437659,0.0744531817736572,0.0676599819716833,0.0652865449375835,0.0601710164657735,0.2345085853703793,0.1266782218259704,0.1060095087335966,0.0706933756280272,0.0710450726390718,0.0551179076152837,0.0537504613749969,0.0513632036910767,0.8558436570887906,0.0,-0.278529999248175,0.0,-0.6301419894982141,0.0,9.045820604382154,47.92165327952674,0.6488584510594297,0.0570645234171375,7.399863462958335,55.10914179995703,0.6007311596945369,0.0507048856022945,0.2567530971266372,-0.055705999849635,-0.1134255581096785,2585.555555555555
4664,2591.111111111111,0.2955956640946576,0.1711164340983108,0.159060895191272,0.0986999861171247,0.1025163590791514,0.0699231865737564,0.0733701015552501,0.0570348222499591,0.0712822905093438,0.0542586990471545,0.2353774757046473,0.1201309253468135,0.1104620452416719,0.0790089843038739,0.0697609300116633,0.049155206219817,0.0591184032277791,0.0562777214086845,0.291337477790355,0.0,-0.3084808353977828,0.0,-0.6301419894982141,0.0,9.045820604382154,47.619251882658055,0.6488584510594297,0.0570645234171375,7.399863462958335,55.10914179995703,0.6007311596945369,0.0507048856022945,0.0874012433371065,-0.0616961670795565,-0.1134255581096785,2591.111111111111
4674,2596.6666666666665,0.3054619821679558,0.1745539844871278,0.1606370095351152,0.1082185382440932,0.0948601626439984,0.0766745556868739,0.0766118053171844,0.075115809919981,0.0614380618639759,0.0542618694395934,0.2231953358600371,0.1193626652345341,0.1254408280252442,0.0658020120976638,0.0711291429600382,0.0570262933878313,0.054325467960998,0.0575374248377698,-0.2566326595466098,0.0,-0.3084808353977828,0.0,-0.6150211857232435,0.0,9.045820604382154,47.619251882658055,0.6689458201348977,0.0570645234171375,7.399863462958335,55.10914179995703,0.6007311596945369,0.0507048856022945,-0.0769897978639829,-0.0616961670795565,-0.1107038134301838,2596.6666666666665
4684,2602.222222222222,0.338315876798121,0.2147158734391661,0.2104812320223078,0.1537635744972234,0.162166407287334,0.1355280091908871,0.1316569070962182,0.1228485532602451,0.1135853966863002,0.1242379474817015,0.2279146122076467,0.1237422474738578,0.1160267930217184,0.0753844493545151,0.0708698728679323,0.0621071432016188,0.0571827009858646,0.0534216841544825,-0.2566326595466098,0.0,-0.7116647398419834,0.0,-0.2826771164408168,0.0,9.045820604382154,47.619251882658055,0.6689458201348977,0.1177860604048068,7.399863462958335,55.10914179995703,0.6007311596945369,0.0507048856022945,-0.0769897978639829,-0.1423329479683966,-0.050881880959347,2602.222222222222
4694,2607.777777777778,0.3563498705001846,0.222710805083039,0.2116313211237743,0.1604911989268539,0.1535376785271931,0.1310069030876273,0.1336230045795556,0.1312045969865123,0.1224645856900457,0.1227198724988664,0.2446758096172305,0.131140063512754,0.1097236016350036,0.074185778631056,0.0713557621815932,0.0569932254279862,0.0548187699382336,0.0523574517080245,0.587780043256946,0.0,-0.8907685517676839,0.0,0.9044001821989676,0.0,9.045820604382154,47.619251882658055,0.6689458201348977,0.1177860604048068,7.341866471312744,55.10914179995703,0.6007311596945369,0.0507048856022945,0.1763340129770838,-0.1781537103535367,0.1627920327958141,2607.777777777778
4704,2613.333333333333,0.3478597675804774,0.2264307619827743,0.2120183728430767,0.1588370711697459,0.1558478326959832,0.1248758130790709,0.1277978623401777,0.1274231471791535,0.1188963346918878,0.1217782951247793,0.2384159916614561,0.1255374113631725,0.1177425664955561,0.0721500756303611,0.0775112391398053,0.0490447247495212,0.0562135736949704,0.0519947117091047,0.587780043256946,0.0,-0.9987265194162812,0.0,0.9044001821989676,0.0,9.045820604382154,47.619251882658055,0.6689458201348977,0.1177860604048068,7.341866471312744,54.25781879459656,0.6007311596945369,0.0507048856022945,0.1763340129770838,-0.1997453038832562,0.1627920327958141,2613.333333333333
4714,2618.8888888888887,0.3322779057999409,0.2200487600645195,0.2035675027632007,0.1570400612631744,0.1403865572397268,0.1257078054366771,0.1347876576309225,0.1153622518392829,0.1317031636624795,0.1257213557163902,0.1863256997179974,0.1104945036897788,0.094576208354185,0.0703118912571321,0.0663656550614324,0.0568681491078614,0.056815900601426,0.0485047492023926,-0.9790896851538587,0.0,-0.9987265194162812,0.0,0.4217916177321668,0.0,9.045820604382154,47.619251882658055,0.6689458201348977,0.1177860604048068,7.341866471312744,54.25781879459656,0.5068779400501676,0.0507048856022945,-0.2937269055461576,-0.1997453038832562,0.07592249119179,2618.8888888888887
4724,2624.4444444444443,0.3367510889606337,0.2189665180428575,0.2074908130957047,0.1665678227301311,0.148953361991138,0.1342794414343773,0.1345175369765928,0.1319383908188076,0.120277922703103,0.1246781604979778,0.1976879220781232,0.1212939292660674,0.0993345813173805,0.0756637019597354,0.0808951458528754,0.0628729490637863,0.060344650058171,0.0686328987320166,-0.5108061497114118,0.0,-0.6172717550143966,0.0,0.4316293040941237,0.0,9.045820604382154,47.619251882658055,0.6689458201348977,0.1177860604048068,7.341866471312744,54.25781879459656,0.5068779400501676,0.0584697605822755,-0.1532418449134235,-0.1234543510028793,0.0776932747369422,2624.4444444444443
4734,2630.0,0.3391079940451054,0.2306147187282064,0.2180158864755818,0.1577790706417589,0.149358618488675,0.1309861088419144,0.1307097306942845,0.1255012304745029,0.1223947049901911,0.1196894196100712,0.202233530512383,0.1177247830445029,0.1085415632156056,0.0773031134408074,0.0798345263560147,0.0672677923425971,0.0571617861626545,0.0578229495919952,-0.3010549671126361,0.0,-0.6172717550143966,0.0,0.4578139500836165,0.0,9.153067795827436,47.619251882658055,0.6689458201348977,0.1177860604048068,7.341866471312744,54.25781879459656,0.5068779400501676,0.0584697605822755,-0.0903164901337908,-0.1234543510028793,0.0824065110150509,2630.0
4744,2635.555555555555,0.3440737744554372,0.2074117962576709,0.2015904938724966,0.151744516059316,0.1468820377468982,0.1334795902294878,0.1299908194985465,0.1174423799557645,0.1240760285747503,0.113732013759404,0.2113500815464164,0.1151150914205956,0.1081625448200531,0.0818640680517025,0.0762063952056632,0.0640030816378073,0.0774666810645457,0.059266085852269,-0.3010549671126361,0.0,0.8279802622366813,0.0,0.4578139500836165,0.0,9.153067795827436,51.59078715036719,0.6689458201348977,0.1177860604048068,7.341866471312744,54.25781879459656,0.5068779400501676,0.0584697605822755,-0.0903164901337908,0.1655960524473362,0.0824065110150509,2635.555555555555
4754,2641.111111111111,0.307589233089789,0.2094013649160144,0.1954467027938675,0.1494973225473623,0.1528470820851825,0.1318872843954891,0.1274719747081188,0.1294082660357552,0.1271151408098864,0.1201096740425353,0.2116529404843753,0.1121124405507325,0.1013548660656562,0.0779926141114199,0.0745322487284978,0.0689357724016785,0.063730320087639,0.056043943266166,-0.8143359709542418,0.0,-0.9710625097034185,0.0,-0.4606924591662317,0.0,9.153067795827436,51.59078715036719,0.6115651652446795,0.1177860604048068,7.341866471312744,54.25781879459656,0.5068779400501676,0.0584697605822755,-0.2443007912862725,-0.1942125019406836,-0.0829246426499217,2641.111111111111
4764,2646.6666666666665,0.2961287260276633,0.1872639240280456,0.1817686456732876,0.1376894333684337,0.1287569183085418,0.120912167449147,0.1097535977708701,0.0992700921412554,0.1030155330035689,0.1098255529940043,0.20279175514748,0.1251388156711307,0.1047375045215129,0.0830575827546259,0.08315442155968,0.0690748336829024,0.0664512974556371,0.056020537054813,-0.8648441736090061,0.0,-0.9177300816844108,0.0,0.3448748865325537,0.0,9.153067795827436,51.59078715036719,0.6115651652446795,0.0997108328330321,7.341866471312744,54.25781879459656,0.5068779400501676,0.0584697605822755,-0.2594532520827018,-0.1835460163368821,0.0620774795758596,2646.6666666666665
4774,2652.222222222222,0.2961668396867092,0.1797330508585665,0.1798451443258407,0.1393345580975064,0.1235899011447077,0.1061453768505149,0.1057620084308292,0.0985482016225322,0.0927797605419255,0.0988804048642986,0.2139736191446741,0.1203165852921172,0.1077628273068993,0.0764819072822719,0.0791808755987879,0.0662586194278423,0.0658763403257506,0.0596963409917556,-0.8749391943249424,0.0,-0.5162213936106119,0.0,-0.6840478946634875,0.0,9.153067795827436,51.59078715036719,0.6115651652446795,0.0997108328330321,8.033014895922769,54.25781879459656,0.5068779400501676,0.0584697605822755,-0.2624817582974827,-0.1032442787221223,-0.1231286210394277,2652.222222222222
4784,2657.777777777778,0.3191199843631225,0.2009420450049518,0.1840862683593024,0.1355115612950727,0.1294985920080419,0.1111706287611932,0.1186929601135697,0.1102763844646367,0.1016589851732974,0.1041282968459245,0.2246120015680693,0.1321929162324049,0.1053804073908101,0.0855423279132387,0.0817308703199834,0.064772683166944,0.0623732080706902,0.0559934537739674,0.871598517020401,0.0,-0.5162213936106119,0.0,-0.4486823519536208,0.0,9.153067795827436,51.59078715036719,0.6115651652446795,0.0997108328330321,8.033014895922769,51.67196502094249,0.5068779400501676,0.0584697605822755,0.2614795551061203,-0.1032442787221223,-0.0807628233516517,2657.777777777778
4794,2663.333333333333,0.3105403494215057,0.1988532374247544,0.1812903583153965,0.1357116024300188,0.1302976644473541,0.1148390562405414,0.1067312884761635,0.0960419597021643,0.1147641062543473,0.0985117102504893,0.2543109690149353,0.1377864859510202,0.1375568463267164,0.0878662863421601,0.0790851586358194,0.0749765214319861,0.0675587335530277,0.0683879495919433,0.871598517020401,0.0,-0.5162213936106119,0.0,0.4168335617331177,0.0,9.153067795827436,51.59078715036719,0.6115651652446795,0.0997108328330321,8.033014895922769,51.67196502094249,0.5841258621019859,0.0584697605822755,0.2614795551061203,-0.1032442787221223,0.0750300411119611,2663.333333333333
4804,2668.8888888888887,0.3072702568527866,0.1867712744284249,0.1784822034795197,0.1367588234125372,0.1302849842475987,0.1187223104630743,0.118127116657445,0.1039470818736744,0.1052509266593468,0.096761833101647,0.2139631414609177,0.1209789826739526,0.096063742669598,0.0582919739327783,0.0551162905702483,0.0332306409749241,0.0338227823961544,0.039929868497231,-0.325730697165599,0.0,0.4550368716185771,0.0,0.4168335617331177,0.0,9.153067795827436,51.59078715036719,0.6115651652446795,0.0997108328330321,8.033014895922769,51.67196502094249,0.5841258621019859,0.0275225532280194,-0.0977192091496797,0.0910073743237154,0.0750300411119611,2668.8888888888887
4814,2674.4444444444443,0.2777468420908506,0.166879428189972,0.164026674818774,0.1178373568505782,0.1217129563423981,0.1053020527077316,0.1084787326937248,0.1022870416989506,0.1031910684314026,0.0988040732899591,0.2242783683440104,0.1153386878226073,0.0876676234051542,0.0611629355761312,0.0418555882719675,0.0389834656427683,0.0365364175075671,0.0306469118765594,-0.325730697165599,0.0,0.4550368716185771,0.0,0.7363619809499228,0.0,7.336454512434773,51.59078715036719,0.6115651652446795,0.0997108328330321,8.033014895922769,51.67196502094249,0.5841258621019859,0.0275225532280194,-0.0977192091496797,0.0910073743237154,0.1325451565709861,2674.4444444444443
4824,2680.0,0.2782900645538795,0.1832514522812659,0.1673025092034543,0.1299653585028607,0.1232446730973736,0.1184946966871206,0.1208626825663126,0.1028404971148559,0.1056181550432224,0.0972373556971156,0.2228151938536477,0.1202691912712886,0.0942263092206959,0.0563535239635444,0.0516879156250125,0.0341558313143423,0.036060102076141,0.0292200550376056,0.5041294974709255,0.0,0.3962508651151553,0.0,0.7996105266807851,0.0,7.336454512434773,45.8584435406906,0.6115651652446795,0.0997108328330321,8.033014895922769,51.67196502094249,0.5841258621019859,0.0275225532280194,0.1512388492412776,0.079250173023031,0.1439298948025413,2680.0
4834,2685.555555555555,0.2768765157380197,0.1750248681823411,0.1643363320857202,0.1282288128347555,0.122284956124504,0.1048004873961673,0.1061799045975082,0.1074937437719192,0.1050243414753492,0.1046513888564793,0.2348146839611564,0.1226445694477065,0.1028707141234928,0.0647295980357174,0.0501388990641482,0.0348993096912601,0.0331486154828581,0.0396243515981216,0.7912657355596416,0.0,0.6123254493149447,0.0,0.7996105266807851,0.0,7.336454512434773,45.8584435406906,0.5861489849280462,0.0997108328330321,8.033014895922769,51.67196502094249,0.5841258621019859,0.0275225532280194,0.2373797206678924,0.1224650898629889,0.1439298948025413,2685.555555555555
4844,2691.111111111111,0.2910914031635172,0.2211386796480923,0.2029713177931862,0.1773065851801668,0.1649266473575084,0.1547172164745266,0.1577050887515143,0.1502303702258689,0.1554930234474831,0.1532554755354657,0.2149285357710759,0.1051927876813726,0.0974459454464517,0.0612505962764472,0.0493633009482907,0.031539286517145,0.0356033669342067,0.0238411742595002,-0.8122166907064982,0.0,0.6123254493149447,0.0,-0.9180989056192784,0.0,7.336454512434773,45.8584435406906,0.5861489849280462,0.1498588133219723,8.033014895922769,51.67196502094249,0.5841258621019859,0.0275225532280194,-0.2436650072119494,0.1224650898629889,-0.1652578030114701,2691.111111111111
4854,2696.6666666666665,0.3041250361680607,0.2250110475328079,0.2072209165880831,0.1728760046245887,0.1641050195031434,0.1497771500831084,0.1510264016747671,0.1496559602383713,0.1482213705444365,0.1485070913620004,0.2164976847728207,0.0966196929575264,0.093209710969031,0.0506228146162267,0.0407800636726713,0.0326055226493053,0.0354700851144899,0.0290766145969837,0.6362129993837624,0.0,-0.4753267110188848,0.0,-0.9180989056192784,0.0,7.336454512434773,45.8584435406906,0.5861489849280462,0.1498588133219723,7.057655825636014,51.67196502094249,0.5841258621019859,0.0275225532280194,0.1908638998151287,-0.0950653422037769,-0.1652578030114701,2696.6666666666665
4864,2702.222222222222,0.2896794156728502,0.216170417870143,0.1949670098810926,0.1671064031084523,0.1610104021263365,0.159783691024466,0.1527622222780826,0.1476370705209874,0.1468333085346931,0.1539413589223232,0.2046243016101381,0.1016552775210585,0.0940353122880132,0.0437017790006416,0.0453534873634384,0.0368459610538741,0.0356029671708748,0.0234062496265678,-0.910545249272363,0.0,0.7754591386751231,0.0,-0.599942068643189,0.0,7.336454512434773,45.8584435406906,0.5861489849280462,0.1498588133219723,7.057655825636014,48.94758563638537,0.5841258621019859,0.0275225532280194,-0.2731635747817089,0.1550918277350246,-0.107989572355774,2702.222222222222
4874,2707.777777777778,0.2952590786560136,0.2197207650716401,0.1990945260107539,0.1735461081826449,0.1667281826190775,0.1682049034094286,0.1600921997987478,0.1537747242413709,0.1483341024493591,0.1534950658764141,0.1944267859251044,0.1005131034957842,0.0844748232249403,0.0565547804739935,0.0388397177416871,0.0338251088875905,0.027323790517179,0.0247249119152028,-0.910545249272363,0.0,0.7754591386751231,0.0,-0.7494051999123893,0.0,7.336454512434773,45.8584435406906,0.5861489849280462,0.1498588133219723,7.057655825636014,48.94758563638537,0.5743255127652905,0.0275225532280194,-0.2731635747817089,0.1550918277350246,-0.13489293598423,2707.777777777778
4884,2713.333333333333,0.290107769631495,0.220024300617849,0.2028704565795969,0.1794973315093212,0.1708256121485152,0.1646397696190306,0.160514246004867,0.1471016266935032,0.1562403691220489,0.16163470574468,0.2411520464029858,0.1614216418558283,0.1424312436468552,0.1062054695228741,0.1018530010543353,0.0997592118205863,0.0867571415951949,0.0863387771250944,-0.7568647100098257,0.0,0.9659493824176664,0.0,-0.7494051999123893,0.0,7.336454512434773,45.8584435406906,0.5861489849280462,0.1498588133219723,7.057655825636014,48.94758563638537,0.5743255127652905,0.0872141609287306,-0.2270594130029476,0.1931898764835332,-0.13489293598423,2713.333333333333
4894,2718.8888888888887,0.3287090773903115,0.2264130071973132,0.2191700876721623,0.1818249376943813,0.1848519609697254,0.1665012450477997,0.1589417952084747,0.1539412160840816,0.1475855605527493,0.1537229392317947,0.2457328898510444,0.1460620247340781,0.1342097764288479,0.1180763515787684,0.1003557167139406,0.1011031866766394,0.0964843993382648,0.0842935700568565,-0.7568647100098257,0.0,0.9659493824176664,0.0,-0.5666299771086987,0.0,9.4332754543226,45.8584435406906,0.5861489849280462,0.1498588133219723,7.057655825636014,48.94758563638537,0.5743255127652905,0.0872141609287306,-0.2270594130029476,0.1931898764835332,-0.1019933958795657,2718.8888888888887
4904,2724.4444444444443,0.3133032672071659,0.2215720661638882,0.2126743733426568,0.1709934952402945,0.173290298409956,0.1701217139754965,0.164012870736165,0.1546340453068925,0.1528405814041108,0.1473253153201131,0.2389140618344936,0.1554388846357426,0.1456969896076154,0.1143596526800271,0.0928388524509568,0.0901008750157203,0.0966873693268844,0.0871106564930592,-0.4174164220115331,0.0,-0.4056382757356256,0.0,-0.5666299771086987,0.0,9.4332754543226,57.78145787437038,0.5861489849280462,0.1498588133219723,7.057655825636014,48.94758563638537,0.5743255127652905,0.0872141609287306,-0.1252249266034599,-0.0811276551471251,-0.1019933958795657,2724.4444444444443
4914,2730.0,0.3126068738791184,0.2113326500450552,0.2105728828157304,0.1741378447178438,0.1746198991698449,0.1597106086457589,0.1514422267377261,0.1530750778962394,0.1585286059331513,0.1512903819011992,0.2395678534586281,0.1553774631679383,0.1293563087507878,0.1224729481728571,0.1084396681900646,0.0936651901191521,0.0937381006170965,0.0929251666889577,-0.5306200462663007,0.0,-0.4056382757356256,0.0,-0.3611275609214138,0.0,9.4332754543226,57.78145787437038,0.5754277491409066,0.1498588133219723,7.057655825636014,48.94758563638537,0.5743255127652905,0.0872141609287306,-0.1591860138798901,-0.0811276551471251,-0.0650029609658544,2730.0
4924,2735.555555555555,0.2434899533813841,0.123868064904123,0.1248526528299108,0.0746041091079015,0.072958424769576,0.0515956559207762,0.0450322788741145,0.0411001491530773,0.0554903827895506,0.0405577407194909,0.2462457153962582,0.1515202473788151,0.1404191778598235,0.1131112845120524,0.0978057765737178,0.0946345177647905,0.1003137062645146,0.0899250163244922,-0.5306200462663007,0.0,-0.561835338227655,0.0,-0.3611275609214138,0.0,9.4332754543226,57.78145787437038,0.5754277491409066,0.0400351713062899,7.057655825636014,48.94758563638537,0.5743255127652905,0.0872141609287306,-0.1591860138798901,-0.112367067645531,-0.0650029609658544,2735.555555555555
4934,2741.111111111111,0.2476804737494854,0.1180915870329289,0.1208337902644748,0.073751533964126,0.0711856491365178,0.0568151524156668,0.0502902666385536,0.0503717974900062,0.0399093999079994,0.0406920900683245,0.2703337200450166,0.1711358790961892,0.1538059839557504,0.1211054902086161,0.1147794749208416,0.1084754439185127,0.0911113629335009,0.0851000066150775,-0.2556294817440542,0.0,-0.561835338227655,0.0,0.7726628924656317,0.0,9.4332754543226,57.78145787437038,0.5754277491409066,0.0400351713062899,8.653195813054198,48.94758563638537,0.5743255127652905,0.0872141609287306,-0.0766888445232162,-0.112367067645531,0.1390793206438137,2741.111111111111
4944,2746.6666666666665,0.2465867754894511,0.1254212468981297,0.1244271319458756,0.0719706198867314,0.0735077554328247,0.036352964282291,0.0507819761923776,0.0325146680549062,0.0480093723972355,0.0486701278476564,0.2781566992566259,0.1730961742076802,0.1636489550707569,0.1196319675984355,0.1098306290946221,0.1082629072085034,0.0924607215286705,0.0863419301228025,-0.2556294817440542,0.0,-0.5922281538517377,0.0,0.7726628924656317,0.0,9.4332754543226,57.78145787437038,0.5754277491409066,0.0400351713062899,8.653195813054198,49.87666677828318,0.5743255127652905,0.0872141609287306,-0.0766888445232162,-0.1184456307703475,0.1390793206438137,2746.6666666666665
4954,2752.222222222222,0.2473936336586637,0.122699371986181,0.1106251751963451,0.0801139702866065,0.0720196964515086,0.0467775311612109,0.0627125468682227,0.0514758236633539,0.0398718115576738,0.0371823000197694,0.2907901533950623,0.1729859202365617,0.170627470000178,0.1283987862551836,0.1249602304297481,0.0986388592573082,0.0947739346930682,0.0856923796485438,-0.2556294817440542,0.0,0.5138167176302953,0.0,0.4884849451979317,0.0,9.4332754543226,57.78145787437038,0.5754277491409066,0.0400351713062899,8.653195813054198,49.87666677828318,0.6371082294236313,0.0872141609287306,-0.0766888445232162,0.102763343526059,0.0879272901356277,2752.222222222222
4964,2757.777777777778,0.2607019828410351,0.1310451586591561,0.1191487364384121,0.0740214539469813,0.072272805813709,0.0535325912372184,0.0570058113961075,0.0522032074918753,0.0413704695192804,0.0374614911929017,0.26377810918575,0.1164388428035952,0.1065130153988524,0.047465858076905,0.0496795245009041,0.0252181519731079,0.0308887845154443,0.0105495913108089,0.8319608680427991,0.0,0.2744320079769066,0.0,0.4884849451979317,0.0,9.4332754543226,57.78145787437038,0.5754277491409066,0.0400351713062899,8.653195813054198,49.87666677828318,0.6371082294236313,0.0109937134244479,0.2495882604128397,0.0548864015953813,0.0879272901356277,2757.777777777778
4974,2763.333333333333,0.2456319384049391,0.1294307949626183,0.1296833792810295,0.0680098007604856,0.0723806165874027,0.0559305972658057,0.0542875685964289,0.0483052977184187,0.0485287468187959,0.0408074349555622,0.255356520348554,0.1186473247949284,0.1030307708893701,0.0429034929217491,0.0444549763186668,0.0202403248377772,0.0240628342362632,0.0102436630909098,0.8319608680427991,0.0,0.2744320079769066,0.0,-0.5924746363916362,0.0,9.172984630035996,57.78145787437038,0.5754277491409066,0.0400351713062899,8.653195813054198,49.87666677828318,0.6371082294236313,0.0109937134244479,0.2495882604128397,0.0548864015953813,-0.1066454345504945,2763.333333333333
4984,2768.8888888888887,0.2603360392507955,0.140878319816097,0.1257744486341481,0.0760323073475626,0.0762751612215156,0.0534550416686757,0.0498790359224915,0.0421886422455227,0.042538289194858,0.040088919832003,0.2453830492444478,0.1094760730944382,0.0998051195678469,0.0471497711679464,0.040817452017437,0.0282859548063402,0.0242817230577333,0.0125422810742383,-0.8401804520166,0.0,0.4445446332343529,0.0,-0.5924746363916362,0.0,9.172984630035996,46.25930325233851,0.5754277491409066,0.0400351713062899,8.653195813054198,49.87666677828318,0.6371082294236313,0.0109937134244479,-0.2520541356049799,0.0889089266468705,-0.1066454345504945,2768.8888888888887
4994,2774.4444444444443,0.2614197046765665,0.1488902828658167,0.1234325322059638,0.0814836238220974,0.0750186366551739,0.0581451555939156,0.0610943488474244,0.0481070080711059,0.0445220362738503,0.0431630402126442,0.2465344993740182,0.1206594388637163,0.0987567283430822,0.0426535387855229,0.0465590195205438,0.0261789260154102,0.0205981139798632,0.0170082669140625,-0.8401804520166,0.0,0.5653691884732499,0.0,0.3501302753565239,0.0,9.172984630035996,46.25930325233851,0.5989053914574938,0.0400351713062899,8.653195813054198,49.87666677828318,0.6371082294236313,0.0109937134244479,-0.2520541356049799,0.1130738376946499,0.0630234495641743,2774.4444444444443
