"method","variant","system","output","input","value","local_gradient_std","sample_count","allowed_by_graph","controls","runtime_seconds","basis_terms","operating_input","basis_coefficients","raw_value","source_row_index","u","x1","x2","kernel","ridge_alpha","epochs","hidden","layers","batch_size","learning_rate","window","fd_relative_step","depth","rollout_horizon","ridge","solve_method","ss_max_steps","ss_steps_done","ss_residual_mean","ss_residual_max","pinv_rcond"
"dml_basis","graph_control","low_dim","x1","u","1.7997160790537756","0.7992457906558496","26.0","True","[]","0.0298101999796926","linear,square,cube,tanh,signed_log1p","0.019191939882436095","{""linear"": -2.333693979057823, ""square"": 0.02223929797650931, ""cube"": 0.2729610385103063, ""tanh"": 5.49767968940215, ""signed_log1p"": -1.38956671402262}","","","","","","","","","","","","","","","","","","","","","","",""
"dml_basis","graph_control","low_dim","x2","u","0.0","0.0","26.0","False","[]","0.0298101999796926","","","","","","","","","","","","","","","","","","","","","","","","","",""
"dml_basis","graph_zero","low_dim","x1","u","1.7997160790537756","0.7992457906558496","26.0","True","[]","0.035670300014317","linear,square,cube,tanh,signed_log1p","0.019191939882436095","{""linear"": -2.333693979057823, ""square"": 0.02223929797650931, ""cube"": 0.2729610385103063, ""tanh"": 5.49767968940215, ""signed_log1p"": -1.38956671402262}","1.7997160790537756","","","","","","","","","","","","","","","","","","","","","",""
"dml_basis","graph_zero","low_dim","x2","u","0.0","0.4713168530950706","26.0","False","[]","0.035670300014317","linear,square,cube,tanh,signed_log1p","0.019191939882436095","{""linear"": 0.05963420088861582, ""square"": -0.0341241686633782, ""cube"": -0.23160006745043624, ""tanh"": -5.329919960349547, ""signed_log1p"": 6.1011028002888406}","0.7163269051200505","","","","","","","","","","","","","","","","","","","","","",""
"dml_basis","pure","low_dim","x1","u","1.7997160790537756","0.7992457906558496","26.0","","[]","0.0228983999695628","linear,square,cube,tanh,signed_log1p","0.019191939882436095","{""linear"": -2.333693979057823, ""square"": 0.02223929797650931, ""cube"": 0.2729610385103063, ""tanh"": 5.49767968940215, ""signed_log1p"": -1.38956671402262}","","","","","","","","","","","","","","","","","","","","","","",""
"dml_basis","pure","low_dim","x2","u","0.7163269051200505","0.4713168530950706","26.0","","[]","0.0228983999695628","linear,square,cube,tanh,signed_log1p","0.019191939882436095","{""linear"": 0.05963420088861582, ""square"": -0.0341241686633782, ""cube"": -0.23160006745043624, ""tanh"": -5.329919960349547, ""signed_log1p"": 6.1011028002888406}","","","","","","","","","","","","","","","","","","","","","","",""
"","","","","","","","","","","","","","","","3.0","0.0","1.6094637470293598","2.188433274403022","","","","","","","","","","","","","","","","","",""
"","","","","","","","","","","","","","","","7.0","0.5003818664186679","2.5017658885750884","2.2200554667997823","","","","","","","","","","","","","","","","","",""
"","","","","","","","","","","","","","","","11.0","0.0","1.6294602497945847","2.206236521990606","","","","","","","","","","","","","","","","","",""
"","","","","","","","","","","","","","","","15.0","1.588855203878302","2.802371421283562","2.168983278785245","","","","","","","","","","","","","","","","","",""
"","","","","","","","","","","","","","","","19.0","0.0","1.6169956874373466","2.17128239641392","","","","","","","","","","","","","","","","","",""
"","","","","","","","","","","","","","","","23.0","1.102742760980774","2.820400045700697","2.178938225834216","","","","","","","","","","","","","","","","","",""
"","","","","","","","","","","","","","","","27.0","0.0","1.6310216773758266","2.202442620643412","","","","","","","","","","","","","","","","","",""
"","","","","","","","","","","","","","","","31.0","-1.0991712400376326","0.4877979982039877","2.146989424395212","","","","","","","","","","","","","","","","","",""
"","","","","","","","","","","","","","","","35.0","0.0","1.643080152336614","2.10965266512686","","","","","","","","","","","","","","","","","",""
"","","","","","","","","","","","","","","","39.0","-0.7993348603550983","0.576386100778399","2.258193302178217","","","","","","","","","","","","","","","","","",""
"","","","","","","","","","","","","","","","43.0","0.0","1.6363242075825366","2.1778995233441028","","","","","","","","","","","","","","","","","",""
"","","","","","","","","","","","","","","","47.0","1.4942137815850476","2.8855620323879663","2.221151293840489","","","","","","","","","","","","","","","","","",""
"","","","","","","","","","","","","","","","51.0","0.0","1.692983250040798","2.2843986621623573","","","","","","","","","","","","","","","","","",""
"","","","","","","","","","","","","","","","55.0","-1.978938781737701","0.4556104519815789","2.2152145637569527","","","","","","","","","","","","","","","","","",""
"","","","","","","","","","","","","","","","59.0","0.0","1.6290364521102731","2.186173994043572","","","","","","","","","","","","","","","","","",""
"","","","","","","","","","","","","","","","63.0","1.2849136735310651","2.728116884786166","2.209186071914373","","","","","","","","","","","","","","","","","",""
"","","","","","","","","","","","","","","","67.0","0.0","1.686739890665691","2.2318720075117167","","","","","","","","","","","","","","","","","",""
"","","","","","","","","","","","","","","","71.0","1.188277715008185","2.8243541189347297","2.1555624190109386","","","","","","","","","","","","","","","","","",""
"","","","","","","","","","","","","","","","75.0","0.0","1.6441306797427797","2.176941492972454","","","","","","","","","","","","","","","","","",""
"","","","","","","","","","","","","","","","79.0","-0.1282601886251169","1.4213481986776773","2.152635910588307","","","","","","","","","","","","","","","","","",""
"","","","","","","","","","","","","","","","83.0","0.0","1.557878449239937","2.2150787263418628","","","","","","","","","","","","","","","","","",""
"","","","","","","","","","","","","","","","87.0","-0.7878702927227459","0.5322995578832517","2.1441528051148704","","","","","","","","","","","","","","","","","",""
"","","","","","","","","","","","","","","","91.0","0.0","1.6402909703208102","2.175158502175819","","","","","","","","","","","","","","","","","",""
"","","","","","","","","","","","","","","","95.0","-0.8862975515969067","0.4816514011374243","2.2312666246844617","","","","","","","","","","","","","","","","","",""
"","","","","","","","","","","","","","","","99.0","0.0","1.6189964177536658","2.2568887535645854","","","","","","","","","","","","","","","","","",""
"","","","","","","","","","","","","","","","103.0","-0.9805216493835016","0.4794573785716273","2.131297668975425","","","","","","","","","","","","","","","","","",""
"dml_basis","graph_control","low_dim","x1","u","1.8276515619591385","0.8121440573728527","26.0","True","[]","0.0254218999762088","linear,square,cube,tanh,signed_log1p","0.019191939882436095","{""linear"": -2.2704401380222183, ""square"": 0.019263165764643653, ""cube"": 0.2526297685932213, ""tanh"": 5.130105891532296, ""signed_log1p"": -1.0509332760646846}","","","","","","","","","","","","","","","","","","","","","","",""
"dml_basis","graph_control","low_dim","x2","u","0.0","0.0","26.0","False","[]","0.0254218999762088","","","","","","","","","","","","","","","","","","","","","","","","","",""
"dml_basis","graph_zero","low_dim","x1","u","1.8276515619591385","0.8121440573728527","26.0","True","[]","0.0386871000519022","linear,square,cube,tanh,signed_log1p","0.019191939882436095","{""linear"": -2.2704401380222183, ""square"": 0.019263165764643653, ""cube"": 0.2526297685932213, ""tanh"": 5.130105891532296, ""signed_log1p"": -1.0509332760646846}","1.8276515619591385","","","","","","","","","","","","","","","","","","","","","",""
"dml_basis","graph_zero","low_dim","x2","u","0.0","0.4470349397720659","26.0","False","[]","0.0386871000519022","linear,square,cube,tanh,signed_log1p","0.019191939882436095","{""linear"": 0.11913100744649577, ""square"": -0.034389341585569236, ""cube"": -0.2277390201949762, ""tanh"": -5.107318669251448, ""signed_log1p"": 5.764385571206878}","0.6679604600239708","","","","","","","","","","","","","","","","","","","","","",""
"dml_basis","pure","low_dim","x1","u","1.8276515619591385","0.8121440573728527","26.0","","[]","0.0254642000654712","linear,square,cube,tanh,signed_log1p","0.019191939882436095","{""linear"": -2.2704401380222183, ""square"": 0.019263165764643653, ""cube"": 0.2526297685932213, ""tanh"": 5.130105891532296, ""signed_log1p"": -1.0509332760646846}","","","","","","","","","","","","","","","","","","","","","","",""
"dml_basis","pure","low_dim","x2","u","0.6679604600239708","0.4470349397720659","26.0","","[]","0.0254642000654712","linear,square,cube,tanh,signed_log1p","0.019191939882436095","{""linear"": 0.11913100744649577, ""square"": -0.034389341585569236, ""cube"": -0.2277390201949762, ""tanh"": -5.107318669251448, ""signed_log1p"": 5.764385571206878}","","","","","","","","","","","","","","","","","","","","","","",""
"","","","","","","","","","","","","","","","3.0","0.0","1.6","2.18","","","","","","","","","","","","","","","","","",""
"","","","","","","","","","","","","","","","7.0","0.5003818664186679","2.5","2.22","","","","","","","","","","","","","","","","","",""
"","","","","","","","","","","","","","","","11.0","0.0","1.62","2.2","","","","","","","","","","","","","","","","","",""
"","","","","","","","","","","","","","","","15.0","1.588855203878302","2.8000000000000003","2.16","","","","","","","","","","","","","","","","","",""
"","","","","","","","","","","","","","","","19.0","0.0","1.62","2.18","","","","","","","","","","","","","","","","","",""
"","","","","","","","","","","","","","","","23.0","1.102742760980774","2.82","2.18","","","","","","","","","","","","","","","","","",""
"","","","","","","","","","","","","","","","27.0","0.0","1.64","2.2","","","","","","","","","","","","","","","","","",""
"","","","","","","","","","","","","","","","31.0","-1.0991712400376326","0.48","2.14","","","","","","","","","","","","","","","","","",""
"","","","","","","","","","","","","","","","35.0","0.0","1.64","2.1","","","","","","","","","","","","","","","","","",""
"","","","","","","","","","","","","","","","39.0","-0.7993348603550983","0.58","2.26","","","","","","","","","","","","","","","","","",""
"","","","","","","","","","","","","","","","43.0","0.0","1.64","2.18","","","","","","","","","","","","","","","","","",""
"","","","","","","","","","","","","","","","47.0","1.4942137815850476","2.88","2.22","","","","","","","","","","","","","","","","","",""
"","","","","","","","","","","","","","","","51.0","0.0","1.7","2.28","","","","","","","","","","","","","","","","","",""
"","","","","","","","","","","","","","","","55.0","-1.978938781737701","0.46","2.22","","","","","","","","","","","","","","","","","",""
"","","","","","","","","","","","","","","","59.0","0.0","1.62","2.18","","","","","","","","","","","","","","","","","",""
"","","","","","","","","","","","","","","","63.0","1.2849136735310651","2.72","2.2","","","","","","","","","","","","","","","","","",""
"","","","","","","","","","","","","","","","67.0","0.0","1.68","2.24","","","","","","","","","","","","","","","","","",""
"","","","","","","","","","","","","","","","71.0","1.188277715008185","2.82","2.16","","","","","","","","","","","","","","","","","",""
"","","","","","","","","","","","","","","","75.0","0.0","1.64","2.18","","","","","","","","","","","","","","","","","",""
"","","","","","","","","","","","","","","","79.0","-0.1282601886251169","1.42","2.16","","","","","","","","","","","","","","","","","",""
"","","","","","","","","","","","","","","","83.0","0.0","1.56","2.22","","","","","","","","","","","","","","","","","",""
"","","","","","","","","","","","","","","","87.0","-0.7878702927227459","0.54","2.14","","","","","","","","","","","","","","","","","",""
"","","","","","","","","","","","","","","","91.0","0.0","1.64","2.18","","","","","","","","","","","","","","","","","",""
"","","","","","","","","","","","","","","","95.0","-0.8862975515969067","0.48","2.24","","","","","","","","","","","","","","","","","",""
"","","","","","","","","","","","","","","","99.0","0.0","1.62","2.26","","","","","","","","","","","","","","","","","",""
"","","","","","","","","","","","","","","","103.0","-0.9805216493835016","0.48","2.14","","","","","","","","","","","","","","","","","",""
"dml_basis","graph_control","low_dim","x1","u","4.395899041080742","2.2345047869342523","26.0","True","[]","0.028880099998787","linear,square,cube,tanh,signed_log1p","0.019191939882436095","{""linear"": -7.0981405729083225, ""square"": 0.04029554023719689, ""cube"": 0.2898484308197822, ""tanh"": -2.8441617428326547, ""signed_log1p"": 14.610409010185554}","","","","","","","","","","","","","","","","","","","","","","",""
"dml_basis","graph_control","low_dim","x2","u","0.0","0.0","26.0","False","[]","0.028880099998787","","","","","","","","","","","","","","","","","","","","","","","","","",""
"dml_basis","graph_zero","low_dim","x1","u","4.395899041080742","2.2345047869342523","26.0","True","[]","0.0404694000026211","linear,square,cube,tanh,signed_log1p","0.019191939882436095","{""linear"": -7.0981405729083225, ""square"": 0.04029554023719689, ""cube"": 0.2898484308197822, ""tanh"": -2.8441617428326547, ""signed_log1p"": 14.610409010185554}","4.395899041080742","","","","","","","","","","","","","","","","","","","","","",""
"dml_basis","graph_zero","low_dim","x2","u","0.0","0.654472968651544","26.0","False","[]","0.0404694000026211","linear,square,cube,tanh,signed_log1p","0.019191939882436095","{""linear"": -3.417032776183708, ""square"": 0.06540584776065858, ""cube"": 0.27875619415650654, ""tanh"": 0.8966832627180443, ""signed_log1p"": 3.5887532497914885}","1.0033139147827592","","","","","","","","","","","","","","","","","","","","","",""
"dml_basis","pure","low_dim","x1","u","4.395899041080742","2.2345047869342523","26.0","","[]","0.0343556998996064","linear,square,cube,tanh,signed_log1p","0.019191939882436095","{""linear"": -7.0981405729083225, ""square"": 0.04029554023719689, ""cube"": 0.2898484308197822, ""tanh"": -2.8441617428326547, ""signed_log1p"": 14.610409010185554}","","","","","","","","","","","","","","","","","","","","","","",""
"dml_basis","pure","low_dim","x2","u","1.0033139147827592","0.654472968651544","26.0","","[]","0.0343556998996064","linear,square,cube,tanh,signed_log1p","0.019191939882436095","{""linear"": -3.417032776183708, ""square"": 0.06540584776065858, ""cube"": 0.27875619415650654, ""tanh"": 0.8966832627180443, ""signed_log1p"": 3.5887532497914885}","","","","","","","","","","","","","","","","","","","","","","",""
"","","","","","","","","","","","","","","","3.0","0.0","1.5866858052845214","2.0904868646059733","","","","","","","","","","","","","","","","","",""
"","","","","","","","","","","","","","","","7.0","0.5003818664186679","2.4871331785630963","2.151997999703804","","","","","","","","","","","","","","","","","",""
"","","","","","","","","","","","","","","","11.0","0.0","1.5210954500162637","2.1191062480717267","","","","","","","","","","","","","","","","","",""
"","","","","","","","","","","","","","","","15.0","1.588855203878302","2.6015874234385588","2.102264296382346","","","","","","","","","","","","","","","","","",""
"","","","","","","","","","","","","","","","19.0","0.0","1.3369024943784584","2.0560487718976","","","","","","","","","","","","","","","","","",""
"","","","","","","","","","","","","","","","23.0","1.102742760980774","2.4730852043744536","2.0119324728604093","","","","","","","","","","","","","","","","","",""
"","","","","","","","","","","","","","","","27.0","0.0","1.3551646991580526","2.054815413110572","","","","","","","","","","","","","","","","","",""
"","","","","","","","","","","","","","","","31.0","-1.0991712400376326","0.238117127706427","2.080079672677779","","","","","","","","","","","","","","","","","",""
"","","","","","","","","","","","","","","","35.0","0.0","1.3480635624266506","2.0460332196051496","","","","","","","","","","","","","","","","","",""
"","","","","","","","","","","","","","","","39.0","-0.7993348603550983","0.3484324470032882","2.0044072855768147","","","","","","","","","","","","","","","","","",""
"","","","","","","","","","","","","","","","43.0","0.0","1.384181962402656","2.002378251547833","","","","","","","","","","","","","","","","","",""
"","","","","","","","","","","","","","","","47.0","1.4942137815850476","2.655311518929409","2.0585918894778152","","","","","","","","","","","","","","","","","",""
"","","","","","","","","","","","","","","","51.0","0.0","1.3638633758968404","1.9992388507220271","","","","","","","","","","","","","","","","","",""
"","","","","","","","","","","","","","","","55.0","-1.978938781737701","0.0870713413061426","2.052469799928344","","","","","","","","","","","","","","","","","",""
"","","","","","","","","","","","","","","","59.0","0.0","1.2487027573496925","1.9953076853295035","","","","","","","","","","","","","","","","","",""
"","","","","","","","","","","","","","","","63.0","1.2849136735310651","2.4665265051951426","1.9352359686941152","","","","","","","","","","","","","","","","","",""
"","","","","","","","","","","","","","","","67.0","0.0","1.161543017829707","1.9577920476393","","","","","","","","","","","","","","","","","",""
"","","","","","","","","","","","","","","","71.0","1.188277715008185","2.410588594434398","1.9610755070951065","","","","","","","","","","","","","","","","","",""
"","","","","","","","","","","","","","","","75.0","0.0","1.2993740476037736","1.9018601684564755","","","","","","","","","","","","","","","","","",""
"","","","","","","","","","","","","","","","79.0","-0.1282601886251169","0.8984157926220155","1.85142267779966","","","","","","","","","","","","","","","","","",""
"","","","","","","","","","","","","","","","83.0","0.0","1.22191311925889","1.7898595518102125","","","","","","","","","","","","","","","","","",""
"","","","","","","","","","","","","","","","87.0","-0.7878702927227459","0.0840938586015448","1.8282857955873155","","","","","","","","","","","","","","","","","",""
"","","","","","","","","","","","","","","","91.0","0.0","1.124730109761959","1.7593032380654572","","","","","","","","","","","","","","","","","",""
"","","","","","","","","","","","","","","","95.0","-0.8862975515969067","0.1036295239117754","1.7607996780736646","","","","","","","","","","","","","","","","","",""
"","","","","","","","","","","","","","","","99.0","0.0","1.2307318055917251","1.8341302305894391","","","","","","","","","","","","","","","","","",""
"","","","","","","","","","","","","","","","103.0","-0.9805216493835016","0.1375555676318726","1.969258226621304","","","","","","","","","","","","","","","","","",""
"dml_basis","graph_control","low_dim","x1","u","1.701874492438304","0.7768247198161048","26.0","True","[]","0.0276980999624356","linear,square,cube,tanh,signed_log1p","0.019191939882436095","{""linear"": -2.7489151959423177, ""square"": 0.029629106214997702, ""cube"": 0.38111502769601246, ""tanh"": 7.476996703019187, ""signed_log1p"": -3.0830679436186355}","","","","","","","","","","","","","","","","","","","","","","",""
"dml_basis","graph_control","low_dim","x2","u","0.0","0.0","26.0","False","[]","0.0276980999624356","","","","","","","","","","","","","","","","","","","","","","","","","",""
"dml_basis","graph_zero","low_dim","x1","u","1.701874492438304","0.7768247198161048","26.0","True","[]","0.035903799929656","linear,square,cube,tanh,signed_log1p","0.019191939882436095","{""linear"": -2.7489151959423177, ""square"": 0.029629106214997702, ""cube"": 0.38111502769601246, ""tanh"": 7.476996703019187, ""signed_log1p"": -3.0830679436186355}","1.701874492438304","","","","","","","","","","","","","","","","","","","","","",""
"dml_basis","graph_zero","low_dim","x2","u","0.0","0.4323426256295268","26.0","False","[]","0.035903799929656","linear,square,cube,tanh,signed_log1p","0.019191939882436095","{""linear"": -0.09881148430488507, ""square"": -0.03111631566809429, ""cube"": -0.1890524797383022, ""tanh"": -4.549043449661135, ""signed_log1p"": 5.425101784551412}","0.6753611002832338","","","","","","","","","","","","","","","","","","","","","",""
"dml_basis","pure","low_dim","x1","u","1.701874492438304","0.7768247198161048","26.0","","[]","0.0277013999875634","linear,square,cube,tanh,signed_log1p","0.019191939882436095","{""linear"": -2.7489151959423177, ""square"": 0.029629106214997702, ""cube"": 0.38111502769601246, ""tanh"": 7.476996703019187, ""signed_log1p"": -3.0830679436186355}","","","","","","","","","","","","","","","","","","","","","","",""
"dml_basis","pure","low_dim","x2","u","0.6753611002832338","0.4323426256295268","26.0","","[]","0.0277013999875634","linear,square,cube,tanh,signed_log1p","0.019191939882436095","{""linear"": -0.09881148430488507, ""square"": -0.03111631566809429, ""cube"": -0.1890524797383022, ""tanh"": -4.549043449661135, ""signed_log1p"": 5.425101784551412}","","","","","","","","","","","","","","","","","","","","","","",""
"","","","","","","","","","","","","","","","3.0","0.0","1.6423327690471845","2.199511659249488","","","","","","","","","","","","","","","","","",""
"","","","","","","","","","","","","","","","7.0","0.5003818664186679","2.525105297441681","2.22654813360216","","","","","","","","","","","","","","","","","",""
"","","","","","","","","","","","","","","","11.0","0.0","1.6411870726913245","2.2096587319143617","","","","","","","","","","","","","","","","","",""
"","","","","","","","","","","","","","","","15.0","1.588855203878302","2.831671886022695","2.17930939423292","","","","","","","","","","","","","","","","","",""
"","","","","","","","","","","","","","","","19.0","0.0","1.6730128708430314","2.1934317060303203","","","","","","","","","","","","","","","","","",""
"","","","","","","","","","","","","","","","23.0","1.102742760980774","2.877087556448803","2.201983364066063","","","","","","","","","","","","","","","","","",""
"","","","","","","","","","","","","","","","27.0","0.0","1.682110915806718","2.223608151535239","","","","","","","","","","","","","","","","","",""
"","","","","","","","","","","","","","","","31.0","-1.0991712400376326","0.489808467331488","2.1475852245627296","","","","","","","","","","","","","","","","","",""
"","","","","","","","","","","","","","","","35.0","0.0","1.6547287863110405","2.1137575342716857","","","","","","","","","","","","","","","","","",""
"","","","","","","","","","","","","","","","39.0","-0.7993348603550983","0.5590073969547804","2.252246086184738","","","","","","","","","","","","","","","","","",""
"","","","","","","","","","","","","","","","43.0","0.0","1.6173066558665117","2.1707082973436296","","","","","","","","","","","","","","","","","",""
"","","","","","","","","","","","","","","","47.0","1.4942137815850476","2.8496450416870767","2.208000398903624","","","","","","","","","","","","","","","","","",""
"","","","","","","","","","","","","","","","51.0","0.0","1.6552560383759174","2.269433222390612","","","","","","","","","","","","","","","","","",""
"","","","","","","","","","","","","","","","55.0","-1.978938781737701","0.4087069218695996","2.1949371277903675","","","","","","","","","","","","","","","","","",""
"","","","","","","","","","","","","","","","59.0","0.0","1.620920242516187","2.1815734671082967","","","","","","","","","","","","","","","","","",""
"","","","","","","","","","","","","","","","63.0","1.2849136735310651","2.725655236150682","2.2077260565078864","","","","","","","","","","","","","","","","","",""
"","","","","","","","","","","","","","","","67.0","0.0","1.6859162313557168","2.2315299886402364","","","","","","","","","","","","","","","","","",""
"","","","","","","","","","","","","","","","71.0","1.188277715008185","2.797292656377361","2.142129846199816","","","","","","","","","","","","","","","","","",""
"","","","","","","","","","","","","","","","75.0","0.0","1.60791474773187","2.1607942919272167","","","","","","","","","","","","","","","","","",""
"","","","","","","","","","","","","","","","79.0","-0.1282601886251169","1.4110669311299575","2.1470123736772337","","","","","","","","","","","","","","","","","",""
"","","","","","","","","","","","","","","","83.0","0.0","1.5329939805248889","2.203258770697638","","","","","","","","","","","","","","","","","",""
"","","","","","","","","","","","","","","","87.0","-0.7878702927227459","0.4907841978766903","2.125217591918975","","","","","","","","","","","","","","","","","",""
"","","","","","","","","","","","","","","","91.0","0.0","1.6106818815774948","2.161786998145946","","","","","","","","","","","","","","","","","",""
"","","","","","","","","","","","","","","","95.0","-0.8862975515969067","0.4367989510461633","2.2118428995967148","","","","","","","","","","","","","","","","","",""
"","","","","","","","","","","","","","","","99.0","0.0","1.5663011693247009","2.234460621633892","","","","","","","","","","","","","","","","","",""
"","","","","","","","","","","","","","","","103.0","-0.9805216493835016","0.4157158976118681","2.1063148391165885","","","","","","","","","","","","","","","","","",""
"dml_basis","graph_control","low_dim","x1","u","1.6376439050754494","0.7429697244598499","26.0","True","[]","0.0281951000215485","linear,square,cube,tanh,signed_log1p","0.019191939882436095","{""linear"": -2.6074455742003932, ""square"": 0.027543774838869217, ""cube"": 0.377263044277117, ""tanh"": 7.604957817231007, ""signed_log1p"": -3.4229989328541324}","","","","","","","","","","","","","","","","","","","","","","",""
"dml_basis","graph_control","low_dim","x2","u","0.0","0.0","26.0","False","[]","0.0281951000215485","","","","","","","","","","","","","","","","","","","","","","","","","",""
"dml_basis","graph_zero","low_dim","x1","u","1.6376439050754494","0.7429697244598499","26.0","True","[]","0.0388301000930368","linear,square,cube,tanh,signed_log1p","0.019191939882436095","{""linear"": -2.6074455742003932, ""square"": 0.027543774838869217, ""cube"": 0.377263044277117, ""tanh"": 7.604957817231007, ""signed_log1p"": -3.4229989328541324}","1.6376439050754494","","","","","","","","","","","","","","","","","","","","","",""
"dml_basis","graph_zero","low_dim","x2","u","0.0","0.4811577715375277","26.0","False","[]","0.0388301000930368","linear,square,cube,tanh,signed_log1p","0.019191939882436095","{""linear"": -0.026535256813290165, ""square"": -0.03615649780911643, ""cube"": -0.22252126015824555, ""tanh"": -5.21113927770351, ""signed_log1p"": 6.093328203824694}","0.7411982170048832","","","","","","","","","","","","","","","","","","","","","",""
"dml_basis","pure","low_dim","x1","u","1.6376439050754494","0.7429697244598499","26.0","","[]","0.0277533000335097","linear,square,cube,tanh,signed_log1p","0.019191939882436095","{""linear"": -2.6074455742003932, ""square"": 0.027543774838869217, ""cube"": 0.377263044277117, ""tanh"": 7.604957817231007, ""signed_log1p"": -3.4229989328541324}","","","","","","","","","","","","","","","","","","","","","","",""
"dml_basis","pure","low_dim","x2","u","0.7411982170048832","0.4811577715375277","26.0","","[]","0.0277533000335097","linear,square,cube,tanh,signed_log1p","0.019191939882436095","{""linear"": -0.026535256813290165, ""square"": -0.03615649780911643, ""cube"": -0.22252126015824555, ""tanh"": -5.21113927770351, ""signed_log1p"": 6.093328203824694}","","","","","","","","","","","","","","","","","","","","","","",""
"","","","","","","","","","","","","","","","3.0","0.0","1.64","2.2","","","","","","","","","","","","","","","","","",""
"","","","","","","","","","","","","","","","7.0","0.5003818664186679","2.52","2.22","","","","","","","","","","","","","","","","","",""
"","","","","","","","","","","","","","","","11.0","0.0","1.64","2.2","","","","","","","","","","","","","","","","","",""
"","","","","","","","","","","","","","","","15.0","1.588855203878302","2.84","2.18","","","","","","","","","","","","","","","","","",""
"","","","","","","","","","","","","","","","19.0","0.0","1.68","2.2","","","","","","","","","","","","","","","","","",""
"","","","","","","","","","","","","","","","23.0","1.102742760980774","2.88","2.2","","","","","","","","","","","","","","","","","",""
"","","","","","","","","","","","","","","","27.0","0.0","1.68","2.22","","","","","","","","","","","","","","","","","",""
"","","","","","","","","","","","","","","","31.0","-1.0991712400376326","0.48","2.14","","","","","","","","","","","","","","","","","",""
"","","","","","","","","","","","","","","","35.0","0.0","1.66","2.12","","","","","","","","","","","","","","","","","",""
"","","","","","","","","","","","","","","","39.0","-0.7993348603550983","0.56","2.26","","","","","","","","","","","","","","","","","",""
"","","","","","","","","","","","","","","","43.0","0.0","1.62","2.18","","","","","","","","","","","","","","","","","",""
"","","","","","","","","","","","","","","","47.0","1.4942137815850476","2.84","2.2","","","","","","","","","","","","","","","","","",""
"","","","","","","","","","","","","","","","51.0","0.0","1.66","2.26","","","","","","","","","","","","","","","","","",""
"","","","","","","","","","","","","","","","55.0","-1.978938781737701","0.4","2.2","","","","","","","","","","","","","","","","","",""
"","","","","","","","","","","","","","","","59.0","0.0","1.62","2.18","","","","","","","","","","","","","","","","","",""
"","","","","","","","","","","","","","","","63.0","1.2849136735310651","2.72","2.2","","","","","","","","","","","","","","","","","",""
"","","","","","","","","","","","","","","","67.0","0.0","1.68","2.24","","","","","","","","","","","","","","","","","",""
"","","","","","","","","","","","","","","","71.0","1.188277715008185","2.8000000000000003","2.14","","","","","","","","","","","","","","","","","",""
"","","","","","","","","","","","","","","","75.0","0.0","1.6","2.16","","","","","","","","","","","","","","","","","",""
"","","","","","","","","","","","","","","","79.0","-0.1282601886251169","1.42","2.14","","","","","","","","","","","","","","","","","",""
"","","","","","","","","","","","","","","","83.0","0.0","1.54","2.2","","","","","","","","","","","","","","","","","",""
"","","","","","","","","","","","","","","","87.0","-0.7878702927227459","0.5","2.12","","","","","","","","","","","","","","","","","",""
"","","","","","","","","","","","","","","","91.0","0.0","1.62","2.16","","","","","","","","","","","","","","","","","",""
"","","","","","","","","","","","","","","","95.0","-0.8862975515969067","0.44","2.22","","","","","","","","","","","","","","","","","",""
"","","","","","","","","","","","","","","","99.0","0.0","1.56","2.24","","","","","","","","","","","","","","","","","",""
"","","","","","","","","","","","","","","","103.0","-0.9805216493835016","0.42","2.1","","","","","","","","","","","","","","","","","",""
"dml_basis","graph_control","low_dim","x1","u","4.29805745446529","2.189123162204776","26.0","True","[]","0.0296188000356778","linear,square,cube,tanh,signed_log1p","0.019191939882436095","{""linear"": -7.513361789792821, ""square"": 0.047685348475685424, ""cube"": 0.39800242000549, ""tanh"": -0.8648447292155916, ""signed_log1p"": 12.916907780589534}","","","","","","","","","","","","","","","","","","","","","","",""
"dml_basis","graph_control","low_dim","x2","u","0.0","0.0","26.0","False","[]","0.0296188000356778","","","","","","","","","","","","","","","","","","","","","","","","","",""
"dml_basis","graph_zero","low_dim","x1","u","4.29805745446529","2.189123162204776","26.0","True","[]","0.0384122999384999","linear,square,cube,tanh,signed_log1p","0.019191939882436095","{""linear"": -7.513361789792821, ""square"": 0.047685348475685424, ""cube"": 0.39800242000549, ""tanh"": -0.8648447292155916, ""signed_log1p"": 12.916907780589534}","4.29805745446529","","","","","","","","","","","","","","","","","","","","","",""
"dml_basis","graph_zero","low_dim","x2","u","0.0","0.6491996031056908","26.0","False","[]","0.0384122999384999","linear,square,cube,tanh,signed_log1p","0.019191939882436095","{""linear"": -3.5754784613772106, ""square"": 0.06841370075594258, ""cube"": 0.32130378186864067, ""tanh"": 1.677559773406456, ""signed_log1p"": 2.9127522340540617}","0.9623481099459424","","","","","","","","","","","","","","","","","","","","","",""
"dml_basis","pure","low_dim","x1","u","4.29805745446529","2.189123162204776","26.0","","[]","0.0222276999847963","linear,square,cube,tanh,signed_log1p","0.019191939882436095","{""linear"": -7.513361789792821, ""square"": 0.047685348475685424, ""cube"": 0.39800242000549, ""tanh"": -0.8648447292155916, ""signed_log1p"": 12.916907780589534}","","","","","","","","","","","","","","","","","","","","","","",""
"dml_basis","pure","low_dim","x2","u","0.9623481099459424","0.6491996031056908","26.0","","[]","0.0222276999847963","linear,square,cube,tanh,signed_log1p","0.019191939882436095","{""linear"": -3.5754784613772106, ""square"": 0.06841370075594258, ""cube"": 0.32130378186864067, ""tanh"": 1.677559773406456, ""signed_log1p"": 2.9127522340540617}","","","","","","","","","","","","","","","","","","","","","","",""
"","","","","","","","","","","","","","","","3.0","0.0","1.619554827302346","2.101565249452439","","","","","","","","","","","","","","","","","",""
"","","","","","","","","","","","","","","","7.0","0.5003818664186679","2.5104725874296894","2.158490666506182","","","","","","","","","","","","","","","","","",""
"","","","","","","","","","","","","","","","11.0","0.0","1.5328222729130034","2.1225284579954824","","","","","","","","","","","","","","","","","",""
"","","","","","","","","","","","","","","","15.0","1.588855203878302","2.630887888177692","2.1125904118300216","","","","","","","","","","","","","","","","","",""
"","","","","","","","","","","","","","","","19.0","0.0","1.3929196777841433","2.0781980815140004","","","","","","","","","","","","","","","","","",""
"","","","","","","","","","","","","","","","23.0","1.102742760980774","2.52977271512256","2.034977611092257","","","","","","","","","","","","","","","","","",""
"","","","","","","","","","","","","","","","27.0","0.0","1.4062539375889438","2.0759809440024","","","","","","","","","","","","","","","","","",""
"","","","","","","","","","","","","","","","31.0","-1.0991712400376326","0.2401275968339273","2.0806754728452965","","","","","","","","","","","","","","","","","",""
"","","","","","","","","","","","","","","","35.0","0.0","1.359712196401077","2.0501380887499754","","","","","","","","","","","","","","","","","",""
"","","","","","","","","","","","","","","","39.0","-0.7993348603550983","0.3310537431796696","1.998460069583336","","","","","","","","","","","","","","","","","",""
"","","","","","","","","","","","","","","","43.0","0.0","1.3651644106866307","1.99518702554736","","","","","","","","","","","","","","","","","",""
"","","","","","","","","","","","","","","","47.0","1.4942137815850476","2.61939452822852","2.04544099454095","","","","","","","","","","","","","","","","","",""
"","","","","","","","","","","","","","","","51.0","0.0","1.3261361642319598","1.984273410950281","","","","","","","","","","","","","","","","","",""
"","","","","","","","","","","","","","","","55.0","-1.978938781737701","0.0401678111941633","2.0321923639617587","","","","","","","","","","","","","","","","","",""
"","","","","","","","","","","","","","","","59.0","0.0","1.2405865477556062","1.9907071583942284","","","","","","","","","","","","","","","","","",""
"","","","","","","","","","","","","","","","63.0","1.2849136735310651","2.4640648565596583","1.9337759532876289","","","","","","","","","","","","","","","","","",""
"","","","","","","","","","","","","","","","67.0","0.0","1.1607193585197328","1.95745002876782","","","","","","","","","","","","","","","","","",""
"","","","","","","","","","","","","","","","71.0","1.188277715008185","2.383527131877029","1.947642934283984","","","","","","","","","","","","","","","","","",""
"","","","","","","","","","","","","","","","75.0","0.0","1.263158115592864","1.8857129674112376","","","","","","","","","","","","","","","","","",""
"","","","","","","","","","","","","","","","79.0","-0.1282601886251169","0.888134525074296","1.845799140888586","","","","","","","","","","","","","","","","","",""
"","","","","","","","","","","","","","","","83.0","0.0","1.197028650543842","1.7780395961659876","","","","","","","","","","","","","","","","","",""
"","","","","","","","","","","","","","","","87.0","-0.7878702927227459","0.0425784985949835","1.80935058239142","","","","","","","","","","","","","","","","","",""
"","","","","","","","","","","","","","","","91.0","0.0","1.0951210210186435","1.7459317340355844","","","","","","","","","","","","","","","","","",""
"","","","","","","","","","","","","","","","95.0","-0.8862975515969067","0.0587770738205143","1.7413759529859176","","","","","","","","","","","","","","","","","",""
"","","","","","","","","","","","","","","","99.0","0.0","1.1780365571627602","1.811702098658745","","","","","","","","","","","","","","","","","",""
"","","","","","","","","","","","","","","","103.0","-0.9805216493835016","0.0738140866721134","1.9442753967624675","","","","","","","","","","","","","","","","","",""
"dml_basis","graph_control","low_dim","x1","u","1.244705214933754","0.561636842822488","26.0","True","[]","0.0274710999801754","linear,square,cube,tanh,signed_log1p","0.019191939882436095","{""linear"": -1.3996057338836896, ""square"": 0.011863213965257191, ""cube"": 0.2868518450094263, ""tanh"": 7.774575191526933, ""signed_log1p"": -5.2265932577405225}","","","","","","","","","","","","","","","","","","","","","","",""
"dml_basis","graph_control","low_dim","x2","u","0.0","0.0","26.0","False","[]","0.0274710999801754","","","","","","","","","","","","","","","","","","","","","","","","","",""
"dml_basis","graph_zero","low_dim","x1","u","1.244705214933754","0.561636842822488","26.0","True","[]","0.0410329999867826","linear,square,cube,tanh,signed_log1p","0.019191939882436095","{""linear"": -1.3996057338836896, ""square"": 0.011863213965257191, ""cube"": 0.2868518450094263, ""tanh"": 7.774575191526933, ""signed_log1p"": -5.2265932577405225}","1.244705214933754","","","","","","","","","","","","","","","","","","","","","",""
"dml_basis","graph_zero","low_dim","x2","u","0.0","0.371225924190387","26.0","False","[]","0.0410329999867826","linear,square,cube,tanh,signed_log1p","0.019191939882436095","{""linear"": 0.4392942546509845, ""square"": -0.03898081630151661, ""cube"": -0.22972150170219913, ""tanh"": -4.499342970708602, ""signed_log1p"": 4.650927230265374}","0.5032057821478935","","","","","","","","","","","","","","","","","","","","","",""
"dml_basis","pure","low_dim","x1","u","1.244705214933754","0.561636842822488","26.0","","[]","0.0283420999767258","linear,square,cube,tanh,signed_log1p","0.019191939882436095","{""linear"": -1.3996057338836896, ""square"": 0.011863213965257191, ""cube"": 0.2868518450094263, ""tanh"": 7.774575191526933, ""signed_log1p"": -5.2265932577405225}","","","","","","","","","","","","","","","","","","","","","","",""
"dml_basis","pure","low_dim","x2","u","0.5032057821478935","0.371225924190387","26.0","","[]","0.0283420999767258","linear,square,cube,tanh,signed_log1p","0.019191939882436095","{""linear"": 0.4392942546509845, ""square"": -0.03898081630151661, ""cube"": -0.22972150170219913, ""tanh"": -4.499342970708602, ""signed_log1p"": 4.650927230265374}","","","","","","","","","","","","","","","","","","","","","","",""
"","","","","","","","","","","","","","","","3.0","0.0","1.627772773688431","2.1946875854966104","","","","","","","","","","","","","","","","","",""
"","","","","","","","","","","","","","","","7.0","0.5003818664186679","2.468010255742976","2.2050622254236645","","","","","","","","","","","","","","","","","",""
"","","","","","","","","","","","","","","","11.0","0.0","1.6047175368107889","2.197537345144952","","","","","","","","","","","","","","","","","",""
"","","","","","","","","","","","","","","","15.0","1.588855203878302","2.7753471791643274","2.157466481564143","","","","","","","","","","","","","","","","","",""
"","","","","","","","","","","","","","","","19.0","0.0","1.6742335507684556","2.193931152345705","","","","","","","","","","","","","","","","","",""
"","","","","","","","","","","","","","","","23.0","1.102742760980774","2.873910180406672","2.2000035072475","","","","","","","","","","","","","","","","","",""
"","","","","","","","","","","","","","","","27.0","0.0","1.6823883401967274","2.22464745636036","","","","","","","","","","","","","","","","","",""
"","","","","","","","","","","","","","","","31.0","-1.0991712400376326","0.4866228363465609","2.144241856750022","","","","","","","","","","","","","","","","","",""
"","","","","","","","","","","","","","","","35.0","0.0","1.6458603949169903","2.1104194573877604","","","","","","","","","","","","","","","","","",""
"","","","","","","","","","","","","","","","39.0","-0.7993348603550983","0.5841989016974747","2.26003220870364","","","","","","","","","","","","","","","","","",""
"","","","","","","","","","","","","","","","43.0","0.0","1.651031455299901","2.1815995018222827","","","","","","","","","","","","","","","","","",""
"","","","","","","","","","","","","","","","47.0","1.4942137815850476","2.837225759467629","2.202697210692064","","","","","","","","","","","","","","","","","",""
"","","","","","","","","","","","","","","","51.0","0.0","1.6844034798492835","2.283763880704013","","","","","","","","","","","","","","","","","",""
"","","","","","","","","","","","","","","","55.0","-1.978938781737701","0.4703314947286885","2.2193793406826514","","","","","","","","","","","","","","","","","",""
"","","","","","","","","","","","","","","","59.0","0.0","1.6846686334651693","2.206547808842416","","","","","","","","","","","","","","","","","",""
"","","","","","","","","","","","","","","","63.0","1.2849136735310651","2.791250449966136","2.2331058499008254","","","","","","","","","","","","","","","","","",""
"","","","","","","","","","","","","","","","67.0","0.0","1.7436970067852966","2.2553152218070167","","","","","","","","","","","","","","","","","",""
"","","","","","","","","","","","","","","","71.0","1.188277715008185","2.858136931594124","2.166412745947784","","","","","","","","","","","","","","","","","",""
"","","","","","","","","","","","","","","","75.0","0.0","1.6392549174121758","2.173859325612641","","","","","","","","","","","","","","","","","",""
"","","","","","","","","","","","","","","","79.0","-0.1282601886251169","1.4714877867696494","2.171401613126667","","","","","","","","","","","","","","","","","",""
"","","","","","","","","","","","","","","","83.0","0.0","1.5957389713975096","2.227941331055371","","","","","","","","","","","","","","","","","",""
"","","","","","","","","","","","","","","","87.0","-0.7878702927227459","0.5320434420429578","2.1432570978035344","","","","","","","","","","","","","","","","","",""
"","","","","","","","","","","","","","","","91.0","0.0","1.6743873651550223","2.1867576365628105","","","","","","","","","","","","","","","","","",""
"","","","","","","","","","","","","","","","95.0","-0.8862975515969067","0.4911044257625394","2.2333730255642466","","","","","","","","","","","","","","","","","",""
"","","","","","","","","","","","","","","","99.0","0.0","1.6074238838506258","2.2525403727566826","","","","","","","","","","","","","","","","","",""
"","","","","","","","","","","","","","","","103.0","-0.9805216493835016","0.4762371186365712","2.130522629175632","","","","","","","","","","","","","","","","","",""
"dml_basis","graph_control","low_dim","x1","u","1.1677743610538744","0.5283119189591774","26.0","True","[]","0.0267851001117378","linear,square,cube,tanh,signed_log1p","0.019191939882436095","{""linear"": -1.2051752149163417, ""square"": 0.012865834132366333, ""cube"": 0.2777788039296347, ""tanh"": 7.903356566850505, ""signed_log1p"": -5.634396193876007}","","","","","","","","","","","","","","","","","","","","","","",""
"dml_basis","graph_control","low_dim","x2","u","0.0","0.0","26.0","False","[]","0.0267851001117378","","","","","","","","","","","","","","","","","","","","","","","","","",""
"dml_basis","graph_zero","low_dim","x1","u","1.1677743610538744","0.5283119189591774","26.0","True","[]","0.0375847000395879","linear,square,cube,tanh,signed_log1p","0.019191939882436095","{""linear"": -1.2051752149163417, ""square"": 0.012865834132366333, ""cube"": 0.2777788039296347, ""tanh"": 7.903356566850505, ""signed_log1p"": -5.634396193876007}","1.1677743610538744","","","","","","","","","","","","","","","","","","","","","",""
"dml_basis","graph_zero","low_dim","x2","u","0.0","0.341036958287109","26.0","False","[]","0.0375847000395879","linear,square,cube,tanh,signed_log1p","0.019191939882436095","{""linear"": 0.5316536361800155, ""square"": -0.03868076866313203, ""cube"": -0.2264907051338757, ""tanh"": -4.269101917447316, ""signed_log1p"": 4.259047032616119}","0.4412356400606096","","","","","","","","","","","","","","","","","","","","","",""
"dml_basis","pure","low_dim","x1","u","1.1677743610538744","0.5283119189591774","26.0","","[]","0.0329313999973237","linear,square,cube,tanh,signed_log1p","0.019191939882436095","{""linear"": -1.2051752149163417, ""square"": 0.012865834132366333, ""cube"": 0.2777788039296347, ""tanh"": 7.903356566850505, ""signed_log1p"": -5.634396193876007}","","","","","","","","","","","","","","","","","","","","","","",""
"dml_basis","pure","low_dim","x2","u","0.4412356400606096","0.341036958287109","26.0","","[]","0.0329313999973237","linear,square,cube,tanh,signed_log1p","0.019191939882436095","{""linear"": 0.5316536361800155, ""square"": -0.03868076866313203, ""cube"": -0.2264907051338757, ""tanh"": -4.269101917447316, ""signed_log1p"": 4.259047032616119}","","","","","","","","","","","","","","","","","","","","","","",""
"","","","","","","","","","","","","","","","3.0","0.0","1.62","2.2","","","","","","","","","","","","","","","","","",""
"","","","","","","","","","","","","","","","7.0","0.5003818664186679","2.46","2.2","","","","","","","","","","","","","","","","","",""
"","","","","","","","","","","","","","","","11.0","0.0","1.6","2.2","","","","","","","","","","","","","","","","","",""
"","","","","","","","","","","","","","","","15.0","1.588855203878302","2.78","2.16","","","","","","","","","","","","","","","","","",""
"","","","","","","","","","","","","","","","19.0","0.0","1.68","2.2","","","","","","","","","","","","","","","","","",""
"","","","","","","","","","","","","","","","23.0","1.102742760980774","2.88","2.2","","","","","","","","","","","","","","","","","",""
"","","","","","","","","","","","","","","","27.0","0.0","1.68","2.22","","","","","","","","","","","","","","","","","",""
"","","","","","","","","","","","","","","","31.0","-1.0991712400376326","0.48","2.14","","","","","","","","","","","","","","","","","",""
"","","","","","","","","","","","","","","","35.0","0.0","1.64","2.12","","","","","","","","","","","","","","","","","",""
"","","","","","","","","","","","","","","","39.0","-0.7993348603550983","0.58","2.26","","","","","","","","","","","","","","","","","",""
"","","","","","","","","","","","","","","","43.0","0.0","1.66","2.18","","","","","","","","","","","","","","","","","",""
"","","","","","","","","","","","","","","","47.0","1.4942137815850476","2.84","2.2","","","","","","","","","","","","","","","","","",""
"","","","","","","","","","","","","","","","51.0","0.0","1.68","2.28","","","","","","","","","","","","","","","","","",""
"","","","","","","","","","","","","","","","55.0","-1.978938781737701","0.48","2.22","","","","","","","","","","","","","","","","","",""
"","","","","","","","","","","","","","","","59.0","0.0","1.68","2.2","","","","","","","","","","","","","","","","","",""
"","","","","","","","","","","","","","","","63.0","1.2849136735310651","2.8000000000000003","2.24","","","","","","","","","","","","","","","","","",""
"","","","","","","","","","","","","","","","67.0","0.0","1.74","2.26","","","","","","","","","","","","","","","","","",""
"","","","","","","","","","","","","","","","71.0","1.188277715008185","2.86","2.16","","","","","","","","","","","","","","","","","",""
"","","","","","","","","","","","","","","","75.0","0.0","1.64","2.18","","","","","","","","","","","","","","","","","",""
"","","","","","","","","","","","","","","","79.0","-0.1282601886251169","1.48","2.18","","","","","","","","","","","","","","","","","",""
"","","","","","","","","","","","","","","","83.0","0.0","1.6","2.22","","","","","","","","","","","","","","","","","",""
"","","","","","","","","","","","","","","","87.0","-0.7878702927227459","0.54","2.14","","","","","","","","","","","","","","","","","",""
"","","","","","","","","","","","","","","","91.0","0.0","1.68","2.18","","","","","","","","","","","","","","","","","",""
"","","","","","","","","","","","","","","","95.0","-0.8862975515969067","0.5","2.24","","","","","","","","","","","","","","","","","",""
"","","","","","","","","","","","","","","","99.0","0.0","1.6","2.26","","","","","","","","","","","","","","","","","",""
"","","","","","","","","","","","","","","","103.0","-0.9805216493835016","0.48","2.14","","","","","","","","","","","","","","","","","",""
"dml_basis","graph_control","low_dim","x1","u","3.840888176960756","1.9290979441491245","26","True","[]","9.87292530000559","linear,square,cube,tanh,signed_log1p","0.019191939882436095","{""linear"": -6.164052327734188, ""square"": 0.029919456225944746, ""cube"": 0.3037392373189012, ""tanh"": -0.5672662407078413, ""signed_log1p"": 10.773382466467655}","","","","","","","","","","","","","","","","","","","","","","",""
"dml_basis","graph_control","low_dim","x2","u","-0.01603455457608849","0.2249506049377449","26","True","[""x1""]","9.87292530000559","linear,square,cube,tanh,signed_log1p","0.019191939882436095","{""linear"": -0.37755919258571485, ""square"": 0.02343492369877427, ""cube"": -0.10623251473711412, ""tanh"": -4.628494939152887, ""signed_log1p"": 5.08325347664296}","","","","","","","","","","","","","","","","","","","","","","",""
"dml_basis","graph_zero","low_dim","x1","u","3.840888176960756","1.9290979441491245","26","True","[]","0.03132710000500083","linear,square,cube,tanh,signed_log1p","0.019191939882436095","{""linear"": -6.164052327734188, ""square"": 0.029919456225944746, ""cube"": 0.3037392373189012, ""tanh"": -0.5672662407078413, ""signed_log1p"": 10.773382466467655}","3.840888176960756","","","","","","","","","","","","","","","","","","","","","",""
"dml_basis","graph_zero","low_dim","x2","u","0.7901927918106009","0.5440217640903754","26","True","[]","0.03132710000500083","linear,square,cube,tanh,signed_log1p","0.019191939882436095","{""linear"": -3.037372722421339, ""square"": 0.06054920012252023, ""cube"": 0.2806347599047436, ""tanh"": 1.7272602523589895, ""signed_log1p"": 2.1385776797680203}","0.7901927918106009","","","","","","","","","","","","","","","","","","","","","",""
"dml_basis","pure","low_dim","x1","u","3.840888176960756","1.9290979441491245","26.0","","[]","0.0242404999444261","linear,square,cube,tanh,signed_log1p","0.019191939882436095","{""linear"": -6.164052327734188, ""square"": 0.029919456225944746, ""cube"": 0.3037392373189012, ""tanh"": -0.5672662407078413, ""signed_log1p"": 10.773382466467655}","","","","","","","","","","","","","","","","","","","","","","",""
"dml_basis","pure","low_dim","x2","u","0.7901927918106009","0.5440217640903754","26.0","","[]","0.0242404999444261","linear,square,cube,tanh,signed_log1p","0.019191939882436095","{""linear"": -3.037372722421339, ""square"": 0.06054920012252023, ""cube"": 0.2806347599047436, ""tanh"": 1.7272602523589895, ""signed_log1p"": 2.1385776797680203}","","","","","","","","","","","","","","","","","","","","","","",""
"","","","","","","","","","","","","","","","3.0","0.0","1.604994831943593","2.0967411756995618","","","","","","","","","","","","","","","","","",""
"","","","","","","","","","","","","","","","7.0","0.5003818664186679","2.453377545730983","2.137004758327686","","","","","","","","","","","","","","","","","",""
"","","","","","","","","","","","","","","","11.0","0.0","1.496352737032468","2.110407071226073","","","","","","","","","","","","","","","","","",""
"","","","","","","","","","","","","","","","15.0","1.588855203878302","2.574563181319324","2.0907474991612447","","","","","","","","","","","","","","","","","",""
"","","","","","","","","","","","","","","","19.0","0.0","1.3941403577095677","2.078697527829385","","","","","","","","","","","","","","","","","",""
"","","","","","","","","","","","","","","","23.0","1.102742760980774","2.526595339080429","2.032997754273694","","","","","","","","","","","","","","","","","",""
"","","","","","","","","","","","","","","","27.0","0.0","1.4065313619789532","2.07702024882752","","","","","","","","","","","","","","","","","",""
"","","","","","","","","","","","","","","","31.0","-1.0991712400376326","0.2369419658490002","2.077332105032589","","","","","","","","","","","","","","","","","",""
"","","","","","","","","","","","","","","","35.0","0.0","1.350843805007027","2.04680001186605","","","","","","","","","","","","","","","","","",""
"","","","","","","","","","","","","","","","39.0","-0.7993348603550983","0.3562452479223639","2.0062461921022376","","","","","","","","","","","","","","","","","",""
"","","","","","","","","","","","","","","","43.0","0.0","1.3988892101200203","2.006078230026013","","","","","","","","","","","","","","","","","",""
"","","","","","","","","","","","","","","","47.0","1.4942137815850476","2.606975246009072","2.04013780632939","","","","","","","","","","","","","","","","","",""
"","","","","","","","","","","","","","","","51.0","0.0","1.355283605705326","1.9986040692636824","","","","","","","","","","","","","","","","","",""
"","","","","","","","","","","","","","","","55.0","-1.978938781737701","0.1017923840532522","2.0566345768540426","","","","","","","","","","","","","","","","","",""
"","","","","","","","","","","","","","","","59.0","0.0","1.3043349387045886","2.0156815001283475","","","","","","","","","","","","","","","","","",""
"","","","","","","","","","","","","","","","63.0","1.2849136735310651","2.5296600703751126","1.959155746680568","","","","","","","","","","","","","","","","","",""
"","","","","","","","","","","","","","","","67.0","0.0","1.218500133949313","1.9812352619346","","","","","","","","","","","","","","","","","",""
"","","","","","","","","","","","","","","","71.0","1.188277715008185","2.4443714070937923","1.9719258340319512","","","","","","","","","","","","","","","","","",""
"","","","","","","","","","","","","","","","75.0","0.0","1.2944982852731697","1.8987780010966624","","","","","","","","","","","","","","","","","",""
"","","","","","","","","","","","","","","","79.0","-0.1282601886251169","0.9485553807139876","1.87018838033802","","","","","","","","","","","","","","","","","",""
"","","","","","","","","","","","","","","","83.0","0.0","1.2597736414164629","1.8027221565237208","","","","","","","","","","","","","","","","","",""
"","","","","","","","","","","","","","","","87.0","-0.7878702927227459","0.083837742761251","1.82739008827598","","","","","","","","","","","","","","","","","",""
"","","","","","","","","","","","","","","","91.0","0.0","1.1588265045961712","1.7709023724524489","","","","","","","","","","","","","","","","","",""
"","","","","","","","","","","","","","","","95.0","-0.8862975515969067","0.1130825485368905","1.7629060789534494","","","","","","","","","","","","","","","","","",""
"","","","","","","","","","","","","","","","99.0","0.0","1.2191592716886852","1.8297818497815364","","","","","","","","","","","","","","","","","",""
"","","","","","","","","","","","","","","","103.0","-0.9805216493835016","0.1343353076968165","1.9684831868215111","","","","","","","","","","","","","","","","","",""
"dml_basis","graph_control","low_dim","x1","u","1.49363410121203","0.6688585926082034","26.0","True","[]","0.0274343000492081","linear,square,cube,tanh,signed_log1p","0.019191939882436095","{""linear"": -2.085705356316784, ""square"": 0.027155632529764967, ""cube"": 0.33012851268009724, ""tanh"": 7.507203500741072, ""signed_log1p"": -4.001863998274999}","","","","","","","","","","","","","","","","","","","","","","",""
"dml_basis","graph_control","low_dim","x2","u","0.0","0.0","26.0","False","[]","0.0274343000492081","","","","","","","","","","","","","","","","","","","","","","","","","",""
"dml_basis","graph_zero","low_dim","x1","u","1.49363410121203","0.6688585926082034","26.0","True","[]","0.0377592999720945","linear,square,cube,tanh,signed_log1p","0.019191939882436095","{""linear"": -2.085705356316784, ""square"": 0.027155632529764967, ""cube"": 0.33012851268009724, ""tanh"": 7.507203500741072, ""signed_log1p"": -4.001863998274999}","1.49363410121203","","","","","","","","","","","","","","","","","","","","","",""
"dml_basis","graph_zero","low_dim","x2","u","0.0","0.3913301631859975","26.0","False","[]","0.0377592999720945","linear,square,cube,tanh,signed_log1p","0.019191939882436095","{""linear"": 0.18205307392175515, ""square"": -0.03221760134994969, ""cube"": -0.2069725772945108, ""tanh"": -4.445351445720688, ""signed_log1p"": 4.93127345375638}","0.5752881316222416","","","","","","","","","","","","","","","","","","","","","",""
"dml_basis","pure","low_dim","x1","u","1.49363410121203","0.6688585926082034","26.0","","[]","0.0241820000810548","linear,square,cube,tanh,signed_log1p","0.019191939882436095","{""linear"": -2.085705356316784, ""square"": 0.027155632529764967, ""cube"": 0.33012851268009724, ""tanh"": 7.507203500741072, ""signed_log1p"": -4.001863998274999}","","","","","","","","","","","","","","","","","","","","","","",""
"dml_basis","pure","low_dim","x2","u","0.5752881316222416","0.3913301631859975","26.0","","[]","0.0241820000810548","linear,square,cube,tanh,signed_log1p","0.019191939882436095","{""linear"": 0.18205307392175515, ""square"": -0.03221760134994969, ""cube"": -0.2069725772945108, ""tanh"": -4.445351445720688, ""signed_log1p"": 4.93127345375638}","","","","","","","","","","","","","","","","","","","","","","",""
"","","","","","","","","","","","","","","","3.0","0.0","1.6421213246444035","2.199515847831928","","","","","","","","","","","","","","","","","",""
"","","","","","","","","","","","","","","","7.0","0.5003818664186679","2.482992711350084","2.21013695791548","","","","","","","","","","","","","","","","","",""
"","","","","","","","","","","","","","","","11.0","0.0","1.6328070273097262","2.207796508395289","","","","","","","","","","","","","","","","","",""
"","","","","","","","","","","","","","","","15.0","1.588855203878302","2.8291019001999214","2.178339057020697","","","","","","","","","","","","","","","","","",""
"","","","","","","","","","","","","","","","19.0","0.0","1.6332113914256396","2.1801451484665897","","","","","","","","","","","","","","","","","",""
"","","","","","","","","","","","","","","","23.0","1.102742760980774","2.8849954995377143","2.2039422649179503","","","","","","","","","","","","","","","","","",""
"","","","","","","","","","","","","","","","27.0","0.0","1.6507429556094957","2.210009189013113","","","","","","","","","","","","","","","","","",""
"","","","","","","","","","","","","","","","31.0","-1.0991712400376326","0.4947116109900696","2.14946069486736","","","","","","","","","","","","","","","","","",""
"","","","","","","","","","","","","","","","35.0","0.0","1.668568945832974","2.117752414255844","","","","","","","","","","","","","","","","","",""
"","","","","","","","","","","","","","","","39.0","-0.7993348603550983","0.539469835921346","2.24555440258952","","","","","","","","","","","","","","","","","",""
"","","","","","","","","","","","","","","","43.0","0.0","1.6502232117502462","2.181424854971948","","","","","","","","","","","","","","","","","",""
"","","","","","","","","","","","","","","","47.0","1.4942137815850476","2.8491198857096074","2.2060280724925274","","","","","","","","","","","","","","","","","",""
"","","","","","","","","","","","","","","","51.0","0.0","1.6981646512604267","2.286738741040807","","","","","","","","","","","","","","","","","",""
"","","","","","","","","","","","","","","","55.0","-1.978938781737701","0.4674647077607113","2.21824551110418","","","","","","","","","","","","","","","","","",""
"","","","","","","","","","","","","","","","59.0","0.0","1.6410808476933176","2.1923230630754764","","","","","","","","","","","","","","","","","",""
"","","","","","","","","","","","","","","","63.0","1.2849136735310651","2.790987393819607","2.233032444750171","","","","","","","","","","","","","","","","","",""
"","","","","","","","","","","","","","","","67.0","0.0","1.7088312741999474","2.240361064546215","","","","","","","","","","","","","","","","","",""
"","","","","","","","","","","","","","","","71.0","1.188277715008185","2.8525987580679057","2.1652166198532434","","","","","","","","","","","","","","","","","",""
"","","","","","","","","","","","","","","","75.0","0.0","1.6673676287573411","2.1843817952227336","","","","","","","","","","","","","","","","","",""
"","","","","","","","","","","","","","","","79.0","-0.1282601886251169","1.4312317763054514","2.1577638979212046","","","","","","","","","","","","","","","","","",""
"","","","","","","","","","","","","","","","83.0","0.0","1.5983261640573048","2.22856517226126","","","","","","","","","","","","","","","","","",""
"","","","","","","","","","","","","","","","87.0","-0.7878702927227459","0.5136992408786853","2.134048667916983","","","","","","","","","","","","","","","","","",""
"","","","","","","","","","","","","","","","91.0","0.0","1.665987983269002","2.184873771800009","","","","","","","","","","","","","","","","","",""
"","","","","","","","","","","","","","","","95.0","-0.8862975515969067","0.4962518320716401","2.235430402892236","","","","","","","","","","","","","","","","","",""
"","","","","","","","","","","","","","","","99.0","0.0","1.5864660145001943","2.245212145877862","","","","","","","","","","","","","","","","","",""
"","","","","","","","","","","","","","","","103.0","-0.9805216493835016","0.481048081144284","2.1316212406802104","","","","","","","","","","","","","","","","","",""
"dml_basis","graph_control","low_dim","x1","u","1.4000517442677447","0.6301759288642748","26.0","True","[]","0.0299159999703988","linear,square,cube,tanh,signed_log1p","0.019191939882436095","{""linear"": -1.9992908297413043, ""square"": 0.027364006811779945, ""cube"": 0.34408093747927604, ""tanh"": 7.986417902761001, ""signed_log1p"": -4.673570839394281}","","","","","","","","","","","","","","","","","","","","","","",""
"dml_basis","graph_control","low_dim","x2","u","0.0","0.0","26.0","False","[]","0.0299159999703988","","","","","","","","","","","","","","","","","","","","","","","","","",""
"dml_basis","graph_zero","low_dim","x1","u","1.4000517442677447","0.6301759288642748","26.0","True","[]","0.0394616000121459","linear,square,cube,tanh,signed_log1p","0.019191939882436095","{""linear"": -1.9992908297413043, ""square"": 0.027364006811779945, ""cube"": 0.34408093747927604, ""tanh"": 7.986417902761001, ""signed_log1p"": -4.673570839394281}","1.4000517442677447","","","","","","","","","","","","","","","","","","","","","",""
"dml_basis","graph_zero","low_dim","x2","u","0.0","0.4137457202931635","26.0","False","[]","0.0394616000121459","linear,square,cube,tanh,signed_log1p","0.019191939882436095","{""linear"": 0.13369766921842857, ""square"": -0.03252738902686982, ""cube"": -0.21145268667025624, ""tanh"": -4.638291066234178, ""signed_log1p"": 5.218024192474621}","0.6153983791541648","","","","","","","","","","","","","","","","","","","","","",""
"dml_basis","pure","low_dim","x1","u","1.4000517442677447","0.6301759288642748","26.0","","[]","0.0284593000542372","linear,square,cube,tanh,signed_log1p","0.019191939882436095","{""linear"": -1.9992908297413043, ""square"": 0.027364006811779945, ""cube"": 0.34408093747927604, ""tanh"": 7.986417902761001, ""signed_log1p"": -4.673570839394281}","","","","","","","","","","","","","","","","","","","","","","",""
"dml_basis","pure","low_dim","x2","u","0.6153983791541648","0.4137457202931635","26.0","","[]","0.0284593000542372","linear,square,cube,tanh,signed_log1p","0.019191939882436095","{""linear"": 0.13369766921842857, ""square"": -0.03252738902686982, ""cube"": -0.21145268667025624, ""tanh"": -4.638291066234178, ""signed_log1p"": 5.218024192474621}","","","","","","","","","","","","","","","","","","","","","","",""
"","","","","","","","","","","","","","","","3.0","0.0","1.64","2.2","","","","","","","","","","","","","","","","","",""
"","","","","","","","","","","","","","","","7.0","0.5003818664186679","2.48","2.22","","","","","","","","","","","","","","","","","",""
"","","","","","","","","","","","","","","","11.0","0.0","1.64","2.2","","","","","","","","","","","","","","","","","",""
"","","","","","","","","","","","","","","","15.0","1.588855203878302","2.82","2.18","","","","","","","","","","","","","","","","","",""
"","","","","","","","","","","","","","","","19.0","0.0","1.64","2.18","","","","","","","","","","","","","","","","","",""
"","","","","","","","","","","","","","","","23.0","1.102742760980774","2.88","2.2","","","","","","","","","","","","","","","","","",""
"","","","","","","","","","","","","","","","27.0","0.0","1.66","2.22","","","","","","","","","","","","","","","","","",""
"","","","","","","","","","","","","","","","31.0","-1.0991712400376326","0.5","2.14","","","","","","","","","","","","","","","","","",""
"","","","","","","","","","","","","","","","35.0","0.0","1.66","2.12","","","","","","","","","","","","","","","","","",""
"","","","","","","","","","","","","","","","39.0","-0.7993348603550983","0.54","2.24","","","","","","","","","","","","","","","","","",""
"","","","","","","","","","","","","","","","43.0","0.0","1.66","2.18","","","","","","","","","","","","","","","","","",""
"","","","","","","","","","","","","","","","47.0","1.4942137815850476","2.84","2.2","","","","","","","","","","","","","","","","","",""
"","","","","","","","","","","","","","","","51.0","0.0","1.7","2.28","","","","","","","","","","","","","","","","","",""
"","","","","","","","","","","","","","","","55.0","-1.978938781737701","0.46","2.22","","","","","","","","","","","","","","","","","",""
"","","","","","","","","","","","","","","","59.0","0.0","1.64","2.2","","","","","","","","","","","","","","","","","",""
"","","","","","","","","","","","","","","","63.0","1.2849136735310651","2.8000000000000003","2.24","","","","","","","","","","","","","","","","","",""
"","","","","","","","","","","","","","","","67.0","0.0","1.7","2.24","","","","","","","","","","","","","","","","","",""
"","","","","","","","","","","","","","","","71.0","1.188277715008185","2.86","2.16","","","","","","","","","","","","","","","","","",""
"","","","","","","","","","","","","","","","75.0","0.0","1.66","2.18","","","","","","","","","","","","","","","","","",""
"","","","","","","","","","","","","","","","79.0","-0.1282601886251169","1.44","2.16","","","","","","","","","","","","","","","","","",""
"","","","","","","","","","","","","","","","83.0","0.0","1.6","2.22","","","","","","","","","","","","","","","","","",""
"","","","","","","","","","","","","","","","87.0","-0.7878702927227459","0.52","2.14","","","","","","","","","","","","","","","","","",""
"","","","","","","","","","","","","","","","91.0","0.0","1.66","2.18","","","","","","","","","","","","","","","","","",""
"","","","","","","","","","","","","","","","95.0","-0.8862975515969067","0.5","2.24","","","","","","","","","","","","","","","","","",""
"","","","","","","","","","","","","","","","99.0","0.0","1.58","2.24","","","","","","","","","","","","","","","","","",""
"","","","","","","","","","","","","","","","103.0","-0.9805216493835016","0.48","2.14","","","","","","","","","","","","","","","","","",""
"dml_basis","graph_control","low_dim","x1","u","4.089817063239014","2.0685512597686464","26.0","True","[]","0.0257891999790444","linear,square,cube,tanh,signed_log1p","0.019191939882436095","{""linear"": -6.850151950167281, ""square"": 0.045211874790452494, ""cube"": 0.3470159049895738, ""tanh"": -0.8346379314937229, ""signed_log1p"": 11.998111725933182}","","","","","","","","","","","","","","","","","","","","","","",""
"dml_basis","graph_control","low_dim","x2","u","0.0","0.0","26.0","False","[]","0.0257891999790444","","","","","","","","","","","","","","","","","","","","","","","","","",""
"dml_basis","graph_zero","low_dim","x1","u","4.089817063239014","2.0685512597686464","26.0","True","[]","0.0372169000329449","linear,square,cube,tanh,signed_log1p","0.019191939882436095","{""linear"": -6.850151950167281, ""square"": 0.045211874790452494, ""cube"": 0.3470159049895738, ""tanh"": -0.8346379314937229, ""signed_log1p"": 11.998111725933182}","4.089817063239014","","","","","","","","","","","","","","","","","","","","","",""
"dml_basis","graph_zero","low_dim","x2","u","0.0","0.590575469072477","26.0","False","[]","0.0372169000329449","linear,square,cube,tanh,signed_log1p","0.019191939882436095","{""linear"": -3.2946139031505712, ""square"": 0.06731241507408717, ""cube"": 0.3033836843124326, ""tanh"": 1.7812517773469174, ""signed_log1p"": 2.418923903259014}","0.862275141284949","","","","","","","","","","","","","","","","","","","","","",""
"dml_basis","pure","low_dim","x1","u","4.089817063239014","2.0685512597686464","26.0","","[]","0.0250502000562846","linear,square,cube,tanh,signed_log1p","0.019191939882436095","{""linear"": -6.850151950167281, ""square"": 0.045211874790452494, ""cube"": 0.3470159049895738, ""tanh"": -0.8346379314937229, ""signed_log1p"": 11.998111725933182}","","","","","","","","","","","","","","","","","","","","","","",""
"dml_basis","pure","low_dim","x2","u","0.862275141284949","0.590575469072477","26.0","","[]","0.0250502000562846","linear,square,cube,tanh,signed_log1p","0.019191939882436095","{""linear"": -3.2946139031505712, ""square"": 0.06731241507408717, ""cube"": 0.3033836843124326, ""tanh"": 1.7812517773469174, ""signed_log1p"": 2.418923903259014}","","","","","","","","","","","","","","","","","","","","","","",""
"","","","","","","","","","","","","","","","3.0","0.0","1.6193433828995651","2.101569438034879","","","","","","","","","","","","","","","","","",""
"","","","","","","","","","","","","","","","7.0","0.5003818664186679","2.468360001338092","2.1420794908195018","","","","","","","","","","","","","","","","","",""
"","","","","","","","","","","","","","","","11.0","0.0","1.5244422275314051","2.12066623447641","","","","","","","","","","","","","","","","","",""
"","","","","","","","","","","","","","","","15.0","1.588855203878302","2.628317902354918","2.1116200746177984","","","","","","","","","","","","","","","","","",""
"","","","","","","","","","","","","","","","19.0","0.0","1.3531181983667515","2.06491152395027","","","","","","","","","","","","","","","","","",""
"","","","","","","","","","","","","","","","23.0","1.102742760980774","2.5376806582114706","2.0369365119441443","","","","","","","","","","","","","","","","","",""
"","","","","","","","","","","","","","","","27.0","0.0","1.3748859773917212","2.0623819814802733","","","","","","","","","","","","","","","","","",""
"","","","","","","","","","","","","","","","31.0","-1.0991712400376326","0.245030740492509","2.0825509431499265","","","","","","","","","","","","","","","","","",""
"","","","","","","","","","","","","","","","35.0","0.0","1.3735523559230105","2.054132968734134","","","","","","","","","","","","","","","","","",""
"","","","","","","","","","","","","","","","39.0","-0.7993348603550983","0.3115161821462352","1.9917683859881168","","","","","","","","","","","","","","","","","",""
"","","","","","","","","","","","","","","","43.0","0.0","1.3980809665703655","2.005903583175678","","","","","","","","","","","","","","","","","",""
"","","","","","","","","","","","","","","","47.0","1.4942137815850476","2.61886937225105","2.043468668129853","","","","","","","","","","","","","","","","","",""
"","","","","","","","","","","","","","","","51.0","0.0","1.369044777116469","2.001578929600477","","","","","","","","","","","","","","","","","",""
"","","","","","","","","","","","","","","","55.0","-1.978938781737701","0.0989255970852749","2.055500747275571","","","","","","","","","","","","","","","","","",""
"","","","","","","","","","","","","","","","59.0","0.0","1.260747152932737","2.001456754361408","","","","","","","","","","","","","","","","","",""
"","","","","","","","","","","","","","","","63.0","1.2849136735310651","2.5293970142285835","1.9590823415299128","","","","","","","","","","","","","","","","","",""
"","","","","","","","","","","","","","","","67.0","0.0","1.1836344013639637","1.9662811046737985","","","","","","","","","","","","","","","","","",""
"","","","","","","","","","","","","","","","71.0","1.188277715008185","2.438833233567574","1.9707297079374115","","","","","","","","","","","","","","","","","",""
"","","","","","","","","","","","","","","","75.0","0.0","1.322610996618335","1.909300470706755","","","","","","","","","","","","","","","","","",""
"","","","","","","","","","","","","","","","79.0","-0.1282601886251169","0.9082993702497896","1.856550665132557","","","","","","","","","","","","","","","","","",""
"","","","","","","","","","","","","","","","83.0","0.0","1.262360834076258","1.8033459977296096","","","","","","","","","","","","","","","","","",""
"","","","","","","","","","","","","","","","87.0","-0.7878702927227459","0.0654935415969785","1.818181658389428","","","","","","","","","","","","","","","","","",""
"","","","","","","","","","","","","","","","91.0","0.0","1.150427122710151","1.7690185076896472","","","","","","","","","","","","","","","","","",""
"","","","","","","","","","","","","","","","95.0","-0.8862975515969067","0.1182299548459912","1.764963456281439","","","","","","","","","","","","","","","","","",""
"","","","","","","","","","","","","","","","99.0","0.0","1.1982014023382537","1.822453622902716","","","","","","","","","","","","","","","","","",""
"","","","","","","","","","","","","","","","103.0","-0.9805216493835016","0.1391462702045293","1.9695817983260893","","","","","","","","","","","","","","","","","",""
"dml_basis","graph_control","low_dim","x1","u","1.7885352632739862","0.8090366857200604","26.0","True","[]","0.0155019999947398","linear,square,cube,tanh,signed_log1p","0.019191939882436095","{""linear"": -2.7224635369434522, ""square"": 0.02732939925324135, ""cube"": 0.3502393529999419, ""tanh"": 6.749067276027599, ""signed_log1p"": -2.2799519566929467}","","","","","","","","","","","","","","","","","","","","","","",""
"dml_basis","graph_control","low_dim","x2","u","0.0","0.0","26.0","False","[]","0.0155019999947398","","","","","","","","","","","","","","","","","","","","","","","","","",""
"dml_basis","graph_zero","low_dim","x1","u","1.7885352632739862","0.8090366857200604","26.0","True","[]","0.0246067999396473","linear,square,cube,tanh,signed_log1p","0.019191939882436095","{""linear"": -2.7224635369434522, ""square"": 0.02732939925324135, ""cube"": 0.3502393529999419, ""tanh"": 6.749067276027599, ""signed_log1p"": -2.2799519566929467}","1.7885352632739862","","","","","","","","","","","","","","","","","","","","","",""
"dml_basis","graph_zero","low_dim","x2","u","0.0","0.4529457631789663","26.0","False","[]","0.0246067999396473","linear,square,cube,tanh,signed_log1p","0.019191939882436095","{""linear"": -0.082596647358393, ""square"": -0.03215485384618362, ""cube"": -0.20136365513666293, ""tanh"": -4.824514420111957, ""signed_log1p"": 5.721243436419342}","0.7067180824836097","","","","","","","","","","","","","","","","","","","","","",""
"dml_basis","pure","low_dim","x1","u","1.7885352632739862","0.8090366857200604","26.0","","[]","0.0149089000187814","linear,square,cube,tanh,signed_log1p","0.019191939882436095","{""linear"": -2.7224635369434522, ""square"": 0.02732939925324135, ""cube"": 0.3502393529999419, ""tanh"": 6.749067276027599, ""signed_log1p"": -2.2799519566929467}","","","","","","","","","","","","","","","","","","","","","","",""
"dml_basis","pure","low_dim","x2","u","0.7067180824836097","0.4529457631789663","26.0","","[]","0.0149089000187814","linear,square,cube,tanh,signed_log1p","0.019191939882436095","{""linear"": -0.082596647358393, ""square"": -0.03215485384618362, ""cube"": -0.20136365513666293, ""tanh"": -4.824514420111957, ""signed_log1p"": 5.721243436419342}","","","","","","","","","","","","","","","","","","","","","","",""
"","","","","","","","","","","","","","","","3.0","0.0","1.6428672729603864","2.1996204746950307","","","","","","","","","","","","","","","","","",""
"","","","","","","","","","","","","","","","7.0","0.5003818664186679","2.5267240239409734","2.226877968262388","","","","","","","","","","","","","","","","","",""
"","","","","","","","","","","","","","","","11.0","0.0","1.6441507473089467","2.210282933741151","","","","","","","","","","","","","","","","","",""
"","","","","","","","","","","","","","","","15.0","1.588855203878302","2.8362988620079603","2.1803247604117826","","","","","","","","","","","","","","","","","",""
"","","","","","","","","","","","","","","","19.0","0.0","1.6796963892126302","2.194966830962329","","","","","","","","","","","","","","","","","",""
"","","","","","","","","","","","","","","","23.0","1.102742760980774","2.8863131589685693","2.204209070094405","","","","","","","","","","","","","","","","","",""
"","","","","","","","","","","","","","","","27.0","0.0","1.6944777555707766","2.2267513197551843","","","","","","","","","","","","","","","","","",""
"","","","","","","","","","","","","","","","31.0","-1.0991712400376326","0.5060553522618385","2.151947127953376","","","","","","","","","","","","","","","","","",""
"","","","","","","","","","","","","","","","35.0","0.0","1.6757659077707732","2.119738117700402","","","","","","","","","","","","","","","","","",""
"","","","","","","","","","","","","","","","39.0","-0.7993348603550983","0.5859548337091283","2.2603760850856283","","","","","","","","","","","","","","","","","",""
"","","","","","","","","","","","","","","","43.0","0.0","1.6515408711811064","2.181691660148405","","","","","","","","","","","","","","","","","",""
"","","","","","","","","","","","","","","","47.0","1.4942137815850476","2.8928546856708888","2.2227702032345986","","","","","","","","","","","","","","","","","",""
"","","","","","","","","","","","","","","","51.0","0.0","1.7095083925321954","2.289225174126824","","","","","","","","","","","","","","","","","",""
"","","","","","","","","","","","","","","","55.0","-1.978938781737701","0.4203357563398244","2.199217609179908","","","","","","","","","","","","","","","","","",""
"","","","","","","","","","","","","","","","59.0","0.0","1.6209911770353351","2.181603038452016","","","","","","","","","","","","","","","","","",""
"","","","","","","","","","","","","","","","63.0","1.2849136735310651","2.725655668842885","2.207726260799014","","","","","","","","","","","","","","","","","",""
"","","","","","","","","","","","","","","","67.0","0.0","1.6859162339950882","2.2315299900515644","","","","","","","","","","","","","","","","","",""
"","","","","","","","","","","","","","","","71.0","1.188277715008185","2.7972926563934606","2.1421298462095666","","","","","","","","","","","","","","","","","",""
"","","","","","","","","","","","","","","","75.0","0.0","1.6079147477319684","2.160794291927284","","","","","","","","","","","","","","","","","",""
"","","","","","","","","","","","","","","","79.0","-0.1282601886251169","1.4110669311299584","2.147012373677234","","","","","","","","","","","","","","","","","",""
"","","","","","","","","","","","","","","","83.0","0.0","1.5329939805248889","2.203258770697638","","","","","","","","","","","","","","","","","",""
"","","","","","","","","","","","","","","","87.0","-0.7878702927227459","0.4907841978766903","2.125217591918975","","","","","","","","","","","","","","","","","",""
"","","","","","","","","","","","","","","","91.0","0.0","1.6106818815774948","2.161786998145946","","","","","","","","","","","","","","","","","",""
"","","","","","","","","","","","","","","","95.0","-0.8862975515969067","0.4367989510461633","2.2118428995967148","","","","","","","","","","","","","","","","","",""
"","","","","","","","","","","","","","","","99.0","0.0","1.5663011693247009","2.234460621633892","","","","","","","","","","","","","","","","","",""
"","","","","","","","","","","","","","","","103.0","-0.9805216493835016","0.4157158976118681","2.1063148391165885","","","","","","","","","","","","","","","","","",""
"dml_basis","graph_control","low_dim","x1","u","1.7371311877541973","0.7793320788398519","26.0","True","[]","0.0155068999156355","linear,square,cube,tanh,signed_log1p","0.019191939882436095","{""linear"": -2.5797234530349793, ""square"": 0.0266631415945994, ""cube"": 0.34196974537133695, ""tanh"": 6.775545940544329, ""signed_log1p"": -2.504763645393238}","","","","","","","","","","","","","","","","","","","","","","",""
"dml_basis","graph_control","low_dim","x2","u","0.0","0.0","26.0","False","[]","0.0155068999156355","","","","","","","","","","","","","","","","","","","","","","","","","",""
"dml_basis","graph_zero","low_dim","x1","u","1.7371311877541973","0.7793320788398519","26.0","True","[]","0.0269747000420466","linear,square,cube,tanh,signed_log1p","0.019191939882436095","{""linear"": -2.5797234530349793, ""square"": 0.0266631415945994, ""cube"": 0.34196974537133695, ""tanh"": 6.775545940544329, ""signed_log1p"": -2.504763645393238}","1.7371311877541973","","","","","","","","","","","","","","","","","","","","","",""
"dml_basis","graph_zero","low_dim","x2","u","0.0","0.4662237146345606","26.0","False","[]","0.0269747000420466","linear,square,cube,tanh,signed_log1p","0.019191939882436095","{""linear"": -0.12491374236377634, ""square"": -0.03218401420711436, ""cube"": -0.20253239745335394, ""tanh"": -4.941850128010065, ""signed_log1p"": 5.90850463093769}","0.7308410406906001","","","","","","","","","","","","","","","","","","","","","",""
"dml_basis","pure","low_dim","x1","u","1.7371311877541973","0.7793320788398519","26.0","","[]","0.0139892000006511","linear,square,cube,tanh,signed_log1p","0.019191939882436095","{""linear"": -2.5797234530349793, ""square"": 0.0266631415945994, ""cube"": 0.34196974537133695, ""tanh"": 6.775545940544329, ""signed_log1p"": -2.504763645393238}","","","","","","","","","","","","","","","","","","","","","","",""
"dml_basis","pure","low_dim","x2","u","0.7308410406906001","0.4662237146345606","26.0","","[]","0.0139892000006511","linear,square,cube,tanh,signed_log1p","0.019191939882436095","{""linear"": -0.12491374236377634, ""square"": -0.03218401420711436, ""cube"": -0.20253239745335394, ""tanh"": -4.941850128010065, ""signed_log1p"": 5.90850463093769}","","","","","","","","","","","","","","","","","","","","","","",""
"","","","","","","","","","","","","","","","3.0","0.0","1.64","2.2","","","","","","","","","","","","","","","","","",""
"","","","","","","","","","","","","","","","7.0","0.5003818664186679","2.52","2.22","","","","","","","","","","","","","","","","","",""
"","","","","","","","","","","","","","","","11.0","0.0","1.64","2.22","","","","","","","","","","","","","","","","","",""
"","","","","","","","","","","","","","","","15.0","1.588855203878302","2.84","2.18","","","","","","","","","","","","","","","","","",""
"","","","","","","","","","","","","","","","19.0","0.0","1.68","2.2","","","","","","","","","","","","","","","","","",""
"","","","","","","","","","","","","","","","23.0","1.102742760980774","2.88","2.2","","","","","","","","","","","","","","","","","",""
"","","","","","","","","","","","","","","","27.0","0.0","1.7","2.22","","","","","","","","","","","","","","","","","",""
"","","","","","","","","","","","","","","","31.0","-1.0991712400376326","0.5","2.16","","","","","","","","","","","","","","","","","",""
"","","","","","","","","","","","","","","","35.0","0.0","1.68","2.12","","","","","","","","","","","","","","","","","",""
"","","","","","","","","","","","","","","","39.0","-0.7993348603550983","0.58","2.26","","","","","","","","","","","","","","","","","",""
"","","","","","","","","","","","","","","","43.0","0.0","1.66","2.18","","","","","","","","","","","","","","","","","",""
"","","","","","","","","","","","","","","","47.0","1.4942137815850476","2.9","2.22","","","","","","","","","","","","","","","","","",""
"","","","","","","","","","","","","","","","51.0","0.0","1.7","2.28","","","","","","","","","","","","","","","","","",""
"","","","","","","","","","","","","","","","55.0","-1.978938781737701","0.42","2.2","","","","","","","","","","","","","","","","","",""
"","","","","","","","","","","","","","","","59.0","0.0","1.62","2.18","","","","","","","","","","","","","","","","","",""
"","","","","","","","","","","","","","","","63.0","1.2849136735310651","2.72","2.2","","","","","","","","","","","","","","","","","",""
"","","","","","","","","","","","","","","","67.0","0.0","1.68","2.24","","","","","","","","","","","","","","","","","",""
"","","","","","","","","","","","","","","","71.0","1.188277715008185","2.8000000000000003","2.14","","","","","","","","","","","","","","","","","",""
"","","","","","","","","","","","","","","","75.0","0.0","1.6","2.16","","","","","","","","","","","","","","","","","",""
"","","","","","","","","","","","","","","","79.0","-0.1282601886251169","1.42","2.14","","","","","","","","","","","","","","","","","",""
"","","","","","","","","","","","","","","","83.0","0.0","1.54","2.2","","","","","","","","","","","","","","","","","",""
"","","","","","","","","","","","","","","","87.0","-0.7878702927227459","0.5","2.12","","","","","","","","","","","","","","","","","",""
"","","","","","","","","","","","","","","","91.0","0.0","1.62","2.16","","","","","","","","","","","","","","","","","",""
"","","","","","","","","","","","","","","","95.0","-0.8862975515969067","0.44","2.22","","","","","","","","","","","","","","","","","",""
"","","","","","","","","","","","","","","","99.0","0.0","1.56","2.24","","","","","","","","","","","","","","","","","",""
"","","","","","","","","","","","","","","","103.0","-0.9805216493835016","0.42","2.1","","","","","","","","","","","","","","","","","",""
"dml_basis","graph_control","low_dim","x1","u","4.384718225301","2.232815200059472","26.0","True","[]","0.0164764000801369","linear,square,cube,tanh,signed_log1p","0.019191939882436095","{""linear"": -7.486910130793953, ""square"": 0.04538564151392879, ""cube"": 0.36712674530941825, ""tanh"": -1.5927741562071747, ""signed_log1p"": 13.720023767515247}","","","","","","","","","","","","","","","","","","","","","","",""
"dml_basis","graph_control","low_dim","x2","u","0.0","0.0","26.0","False","[]","0.0164764000801369","","","","","","","","","","","","","","","","","","","","","","","","","",""
"dml_basis","graph_zero","low_dim","x1","u","4.384718225301","2.232815200059472","26.0","True","[]","0.0226280000060796","linear,square,cube,tanh,signed_log1p","0.019191939882436095","{""linear"": -7.486910130793953, ""square"": 0.04538564151392879, ""cube"": 0.36712674530941825, ""tanh"": -1.5927741562071747, ""signed_log1p"": 13.720023767515247}","4.384718225301","","","","","","","","","","","","","","","","","","","","","",""
"dml_basis","graph_zero","low_dim","x2","u","0.0","0.6596901948175568","26.0","False","[]","0.0226280000060796","linear,square,cube,tanh,signed_log1p","0.019191939882436095","{""linear"": -3.5592636244307165, ""square"": 0.06737516257785335, ""cube"": 0.3089926064702807, ""tanh"": 1.4020888029556553, ""signed_log1p"": 3.2088938859219636}","0.9937050921463144","","","","","","","","","","","","","","","","","","","","","",""
"dml_basis","pure","low_dim","x1","u","4.384718225301","2.232815200059472","26.0","","[]","0.0146870999597013","linear,square,cube,tanh,signed_log1p","0.019191939882436095","{""linear"": -7.486910130793953, ""square"": 0.04538564151392879, ""cube"": 0.36712674530941825, ""tanh"": -1.5927741562071747, ""signed_log1p"": 13.720023767515247}","","","","","","","","","","","","","","","","","","","","","","",""
"dml_basis","pure","low_dim","x2","u","0.9937050921463144","0.6596901948175568","26.0","","[]","0.0146870999597013","linear,square,cube,tanh,signed_log1p","0.019191939882436095","{""linear"": -3.5592636244307165, ""square"": 0.06737516257785335, ""cube"": 0.3089926064702807, ""tanh"": 1.4020888029556553, ""signed_log1p"": 3.2088938859219636}","","","","","","","","","","","","","","","","","","","","","","",""
"","","","","","","","","","","","","","","","3.0","0.0","1.620089331215548","2.101674064897982","","","","","","","","","","","","","","","","","",""
"","","","","","","","","","","","","","","","7.0","0.5003818664186679","2.5120913139289813","2.1588205011664097","","","","","","","","","","","","","","","","","",""
"","","","","","","","","","","","","","","","11.0","0.0","1.5357859475306257","2.123152659822272","","","","","","","","","","","","","","","","","",""
"","","","","","","","","","","","","","","","15.0","1.588855203878302","2.635514864162957","2.113605778008884","","","","","","","","","","","","","","","","","",""
"","","","","","","","","","","","","","","","19.0","0.0","1.399603196153742","2.079733206446009","","","","","","","","","","","","","","","","","",""
"","","","","","","","","","","","","","","","23.0","1.102742760980774","2.5389983176423256","2.037203317120599","","","","","","","","","","","","","","","","","",""
"","","","","","","","","","","","","","","","27.0","0.0","1.4186207773530026","2.0791241122223445","","","","","","","","","","","","","","","","","",""
"","","","","","","","","","","","","","","","31.0","-1.0991712400376326","0.2563744817642778","2.085037376235943","","","","","","","","","","","","","","","","","",""
"","","","","","","","","","","","","","","","35.0","0.0","1.3807493178608097","2.056118672178692","","","","","","","","","","","","","","","","","",""
"","","","","","","","","","","","","","","","39.0","-0.7993348603550983","0.3580011799340175","2.006590068484226","","","","","","","","","","","","","","","","","",""
"","","","","","","","","","","","","","","","43.0","0.0","1.3993986260012257","2.006170388352136","","","","","","","","","","","","","","","","","",""
"","","","","","","","","","","","","","","","47.0","1.4942137815850476","2.6626041722123315","2.0602107988719247","","","","","","","","","","","","","","","","","",""
"","","","","","","","","","","","","","","","51.0","0.0","1.3803885183882378","2.004065362686493","","","","","","","","","","","","","","","","","",""
"","","","","","","","","","","","","","","","55.0","-1.978938781737701","0.0517966456643881","2.036472845351299","","","","","","","","","","","","","","","","","",""
"","","","","","","","","","","","","","","","59.0","0.0","1.2406574822747545","1.990736729737948","","","","","","","","","","","","","","","","","",""
"","","","","","","","","","","","","","","","63.0","1.2849136735310651","2.4640652892518613","1.933776157578756","","","","","","","","","","","","","","","","","",""
"","","","","","","","","","","","","","","","67.0","0.0","1.1607193611591042","1.957450030179148","","","","","","","","","","","","","","","","","",""
"","","","","","","","","","","","","","","","71.0","1.188277715008185","2.383527131893129","1.9476429342937345","","","","","","","","","","","","","","","","","",""
"","","","","","","","","","","","","","","","75.0","0.0","1.263158115592962","1.885712967411305","","","","","","","","","","","","","","","","","",""
"","","","","","","","","","","","","","","","79.0","-0.1282601886251169","0.8881345250742967","1.845799140888587","","","","","","","","","","","","","","","","","",""
"","","","","","","","","","","","","","","","83.0","0.0","1.197028650543842","1.7780395961659876","","","","","","","","","","","","","","","","","",""
"","","","","","","","","","","","","","","","87.0","-0.7878702927227459","0.0425784985949835","1.80935058239142","","","","","","","","","","","","","","","","","",""
"","","","","","","","","","","","","","","","91.0","0.0","1.0951210210186435","1.7459317340355844","","","","","","","","","","","","","","","","","",""
"","","","","","","","","","","","","","","","95.0","-0.8862975515969067","0.0587770738205143","1.7413759529859176","","","","","","","","","","","","","","","","","",""
"","","","","","","","","","","","","","","","99.0","0.0","1.1780365571627602","1.811702098658745","","","","","","","","","","","","","","","","","",""
"","","","","","","","","","","","","","","","103.0","-0.9805216493835016","0.0738140866721134","1.9442753967624675","","","","","","","","","","","","","","","","","",""
"dml_linear","graph_control","low_dim","x1","u","0.905623279116104","","26.0","True","[]","0.0232744000386446","","","","","","","","","","","","","","","","","","","","","","","","","",""
"dml_linear","graph_control","low_dim","x2","u","0.0","0.0","26.0","False","[]","0.0232744000386446","","","","","","","","","","","","","","","","","","","","","","","","","",""
"dml_linear","graph_zero","low_dim","x1","u","0.905623279116104","","26.0","True","[]","0.0458445999538525","","","","0.905623279116104","","","","","","","","","","","","","","","","","","","","","",""
"dml_linear","graph_zero","low_dim","x2","u","0.0","","26.0","False","[]","0.0458445999538525","","","","0.00017405847991","","","","","","","","","","","","","","","","","","","","","",""
"dml_linear","pure","low_dim","x1","u","0.905623279116104","","26.0","","[]","0.0300858999835327","","","","","","","","","","","","","","","","","","","","","","","","","",""
"dml_linear","pure","low_dim","x2","u","0.00017405847991","","26.0","","[]","0.0300858999835327","","","","","","","","","","","","","","","","","","","","","","","","","",""
"","","","","","","","","","","","","","","","3.0","0.0","1.6094637470293598","2.188433274403022","","","","","","","","","","","","","","","","","",""
"","","","","","","","","","","","","","","","7.0","0.5003818664186679","2.5017658885750884","2.2200554667997823","","","","","","","","","","","","","","","","","",""
"","","","","","","","","","","","","","","","11.0","0.0","1.6294602497945847","2.206236521990606","","","","","","","","","","","","","","","","","",""
"","","","","","","","","","","","","","","","15.0","1.588855203878302","2.802371421283562","2.168983278785245","","","","","","","","","","","","","","","","","",""
"","","","","","","","","","","","","","","","19.0","0.0","1.6169956874373466","2.17128239641392","","","","","","","","","","","","","","","","","",""
"","","","","","","","","","","","","","","","23.0","1.102742760980774","2.820400045700697","2.178938225834216","","","","","","","","","","","","","","","","","",""
"","","","","","","","","","","","","","","","27.0","0.0","1.6310216773758266","2.202442620643412","","","","","","","","","","","","","","","","","",""
"","","","","","","","","","","","","","","","31.0","-1.0991712400376326","0.4877979982039877","2.146989424395212","","","","","","","","","","","","","","","","","",""
"","","","","","","","","","","","","","","","35.0","0.0","1.643080152336614","2.10965266512686","","","","","","","","","","","","","","","","","",""
"","","","","","","","","","","","","","","","39.0","-0.7993348603550983","0.576386100778399","2.258193302178217","","","","","","","","","","","","","","","","","",""
"","","","","","","","","","","","","","","","43.0","0.0","1.6363242075825366","2.1778995233441028","","","","","","","","","","","","","","","","","",""
"","","","","","","","","","","","","","","","47.0","1.4942137815850476","2.8855620323879663","2.221151293840489","","","","","","","","","","","","","","","","","",""
"","","","","","","","","","","","","","","","51.0","0.0","1.692983250040798","2.2843986621623573","","","","","","","","","","","","","","","","","",""
"","","","","","","","","","","","","","","","55.0","-1.978938781737701","0.4556104519815789","2.2152145637569527","","","","","","","","","","","","","","","","","",""
"","","","","","","","","","","","","","","","59.0","0.0","1.6290364521102731","2.186173994043572","","","","","","","","","","","","","","","","","",""
"","","","","","","","","","","","","","","","63.0","1.2849136735310651","2.728116884786166","2.209186071914373","","","","","","","","","","","","","","","","","",""
"","","","","","","","","","","","","","","","67.0","0.0","1.686739890665691","2.2318720075117167","","","","","","","","","","","","","","","","","",""
"","","","","","","","","","","","","","","","71.0","1.188277715008185","2.8243541189347297","2.1555624190109386","","","","","","","","","","","","","","","","","",""
"","","","","","","","","","","","","","","","75.0","0.0","1.6441306797427797","2.176941492972454","","","","","","","","","","","","","","","","","",""
"","","","","","","","","","","","","","","","79.0","-0.1282601886251169","1.4213481986776773","2.152635910588307","","","","","","","","","","","","","","","","","",""
"","","","","","","","","","","","","","","","83.0","0.0","1.557878449239937","2.2150787263418628","","","","","","","","","","","","","","","","","",""
"","","","","","","","","","","","","","","","87.0","-0.7878702927227459","0.5322995578832517","2.1441528051148704","","","","","","","","","","","","","","","","","",""
"","","","","","","","","","","","","","","","91.0","0.0","1.6402909703208102","2.175158502175819","","","","","","","","","","","","","","","","","",""
"","","","","","","","","","","","","","","","95.0","-0.8862975515969067","0.4816514011374243","2.2312666246844617","","","","","","","","","","","","","","","","","",""
"","","","","","","","","","","","","","","","99.0","0.0","1.6189964177536658","2.2568887535645854","","","","","","","","","","","","","","","","","",""
"","","","","","","","","","","","","","","","103.0","-0.9805216493835016","0.4794573785716273","2.131297668975425","","","","","","","","","","","","","","","","","",""
"dml_linear","graph_control","low_dim","x1","u","0.903538277992253","","26.0","True","[]","0.0264422000618651","","","","","","","","","","","","","","","","","","","","","","","","","",""
"dml_linear","graph_control","low_dim","x2","u","0.0","0.0","26.0","False","[]","0.0264422000618651","","","","","","","","","","","","","","","","","","","","","","","","","",""
"dml_linear","graph_zero","low_dim","x1","u","0.903538277992253","","26.0","True","[]","0.0489396998891606","","","","0.903538277992253","","","","","","","","","","","","","","","","","","","","","",""
"dml_linear","graph_zero","low_dim","x2","u","0.0","","26.0","False","[]","0.0489396998891606","","","","-0.0020431235592112","","","","","","","","","","","","","","","","","","","","","",""
"dml_linear","pure","low_dim","x1","u","0.903538277992253","","26.0","","[]","0.0278926999308168","","","","","","","","","","","","","","","","","","","","","","","","","",""
"dml_linear","pure","low_dim","x2","u","-0.0020431235592112","","26.0","","[]","0.0278926999308168","","","","","","","","","","","","","","","","","","","","","","","","","",""
"","","","","","","","","","","","","","","","3.0","0.0","1.6","2.18","","","","","","","","","","","","","","","","","",""
"","","","","","","","","","","","","","","","7.0","0.5003818664186679","2.5","2.22","","","","","","","","","","","","","","","","","",""
"","","","","","","","","","","","","","","","11.0","0.0","1.62","2.2","","","","","","","","","","","","","","","","","",""
"","","","","","","","","","","","","","","","15.0","1.588855203878302","2.8000000000000003","2.16","","","","","","","","","","","","","","","","","",""
"","","","","","","","","","","","","","","","19.0","0.0","1.62","2.18","","","","","","","","","","","","","","","","","",""
"","","","","","","","","","","","","","","","23.0","1.102742760980774","2.82","2.18","","","","","","","","","","","","","","","","","",""
"","","","","","","","","","","","","","","","27.0","0.0","1.64","2.2","","","","","","","","","","","","","","","","","",""
"","","","","","","","","","","","","","","","31.0","-1.0991712400376326","0.48","2.14","","","","","","","","","","","","","","","","","",""
"","","","","","","","","","","","","","","","35.0","0.0","1.64","2.1","","","","","","","","","","","","","","","","","",""
"","","","","","","","","","","","","","","","39.0","-0.7993348603550983","0.58","2.26","","","","","","","","","","","","","","","","","",""
"","","","","","","","","","","","","","","","43.0","0.0","1.64","2.18","","","","","","","","","","","","","","","","","",""
"","","","","","","","","","","","","","","","47.0","1.4942137815850476","2.88","2.22","","","","","","","","","","","","","","","","","",""
"","","","","","","","","","","","","","","","51.0","0.0","1.7","2.28","","","","","","","","","","","","","","","","","",""
"","","","","","","","","","","","","","","","55.0","-1.978938781737701","0.46","2.22","","","","","","","","","","","","","","","","","",""
"","","","","","","","","","","","","","","","59.0","0.0","1.62","2.18","","","","","","","","","","","","","","","","","",""
"","","","","","","","","","","","","","","","63.0","1.2849136735310651","2.72","2.2","","","","","","","","","","","","","","","","","",""
"","","","","","","","","","","","","","","","67.0","0.0","1.68","2.24","","","","","","","","","","","","","","","","","",""
"","","","","","","","","","","","","","","","71.0","1.188277715008185","2.82","2.16","","","","","","","","","","","","","","","","","",""
"","","","","","","","","","","","","","","","75.0","0.0","1.64","2.18","","","","","","","","","","","","","","","","","",""
"","","","","","","","","","","","","","","","79.0","-0.1282601886251169","1.42","2.16","","","","","","","","","","","","","","","","","",""
"","","","","","","","","","","","","","","","83.0","0.0","1.56","2.22","","","","","","","","","","","","","","","","","",""
"","","","","","","","","","","","","","","","87.0","-0.7878702927227459","0.54","2.14","","","","","","","","","","","","","","","","","",""
"","","","","","","","","","","","","","","","91.0","0.0","1.64","2.18","","","","","","","","","","","","","","","","","",""
"","","","","","","","","","","","","","","","95.0","-0.8862975515969067","0.48","2.24","","","","","","","","","","","","","","","","","",""
"","","","","","","","","","","","","","","","99.0","0.0","1.62","2.26","","","","","","","","","","","","","","","","","",""
"","","","","","","","","","","","","","","","103.0","-0.9805216493835016","0.48","2.14","","","","","","","","","","","","","","","","","",""
"dml_linear","graph_control","low_dim","x1","u","0.9371852056968356","","26.0","True","[]","0.0268664999166503","","","","","","","","","","","","","","","","","","","","","","","","","",""
"dml_linear","graph_control","low_dim","x2","u","0.0","0.0","26.0","False","[]","0.0268664999166503","","","","","","","","","","","","","","","","","","","","","","","","","",""
"dml_linear","graph_zero","low_dim","x1","u","0.9371852056968356","","26.0","True","[]","0.0480774999596178","","","","0.9371852056968356","","","","","","","","","","","","","","","","","","","","","",""
"dml_linear","graph_zero","low_dim","x2","u","0.0","","26.0","False","[]","0.0480774999596178","","","","0.0242705580736308","","","","","","","","","","","","","","","","","","","","","",""
"dml_linear","pure","low_dim","x1","u","0.9371852056968356","","26.0","","[]","0.0306598000461235","","","","","","","","","","","","","","","","","","","","","","","","","",""
"dml_linear","pure","low_dim","x2","u","0.0242705580736308","","26.0","","[]","0.0306598000461235","","","","","","","","","","","","","","","","","","","","","","","","","",""
"","","","","","","","","","","","","","","","3.0","0.0","1.5866858052845214","2.0904868646059733","","","","","","","","","","","","","","","","","",""
"","","","","","","","","","","","","","","","7.0","0.5003818664186679","2.4871331785630963","2.151997999703804","","","","","","","","","","","","","","","","","",""
"","","","","","","","","","","","","","","","11.0","0.0","1.5210954500162637","2.1191062480717267","","","","","","","","","","","","","","","","","",""
"","","","","","","","","","","","","","","","15.0","1.588855203878302","2.6015874234385588","2.102264296382346","","","","","","","","","","","","","","","","","",""
"","","","","","","","","","","","","","","","19.0","0.0","1.3369024943784584","2.0560487718976","","","","","","","","","","","","","","","","","",""
"","","","","","","","","","","","","","","","23.0","1.102742760980774","2.4730852043744536","2.0119324728604093","","","","","","","","","","","","","","","","","",""
"","","","","","","","","","","","","","","","27.0","0.0","1.3551646991580526","2.054815413110572","","","","","","","","","","","","","","","","","",""
"","","","","","","","","","","","","","","","31.0","-1.0991712400376326","0.238117127706427","2.080079672677779","","","","","","","","","","","","","","","","","",""
"","","","","","","","","","","","","","","","35.0","0.0","1.3480635624266506","2.0460332196051496","","","","","","","","","","","","","","","","","",""
"","","","","","","","","","","","","","","","39.0","-0.7993348603550983","0.3484324470032882","2.0044072855768147","","","","","","","","","","","","","","","","","",""
"","","","","","","","","","","","","","","","43.0","0.0","1.384181962402656","2.002378251547833","","","","","","","","","","","","","","","","","",""
"","","","","","","","","","","","","","","","47.0","1.4942137815850476","2.655311518929409","2.0585918894778152","","","","","","","","","","","","","","","","","",""
"","","","","","","","","","","","","","","","51.0","0.0","1.3638633758968404","1.9992388507220271","","","","","","","","","","","","","","","","","",""
"","","","","","","","","","","","","","","","55.0","-1.978938781737701","0.0870713413061426","2.052469799928344","","","","","","","","","","","","","","","","","",""
"","","","","","","","","","","","","","","","59.0","0.0","1.2487027573496925","1.9953076853295035","","","","","","","","","","","","","","","","","",""
"","","","","","","","","","","","","","","","63.0","1.2849136735310651","2.4665265051951426","1.9352359686941152","","","","","","","","","","","","","","","","","",""
"","","","","","","","","","","","","","","","67.0","0.0","1.161543017829707","1.9577920476393","","","","","","","","","","","","","","","","","",""
"","","","","","","","","","","","","","","","71.0","1.188277715008185","2.410588594434398","1.9610755070951065","","","","","","","","","","","","","","","","","",""
"","","","","","","","","","","","","","","","75.0","0.0","1.2993740476037736","1.9018601684564755","","","","","","","","","","","","","","","","","",""
"","","","","","","","","","","","","","","","79.0","-0.1282601886251169","0.8984157926220155","1.85142267779966","","","","","","","","","","","","","","","","","",""
"","","","","","","","","","","","","","","","83.0","0.0","1.22191311925889","1.7898595518102125","","","","","","","","","","","","","","","","","",""
"","","","","","","","","","","","","","","","87.0","-0.7878702927227459","0.0840938586015448","1.8282857955873155","","","","","","","","","","","","","","","","","",""
"","","","","","","","","","","","","","","","91.0","0.0","1.124730109761959","1.7593032380654572","","","","","","","","","","","","","","","","","",""
"","","","","","","","","","","","","","","","95.0","-0.8862975515969067","0.1036295239117754","1.7607996780736646","","","","","","","","","","","","","","","","","",""
"","","","","","","","","","","","","","","","99.0","0.0","1.2307318055917251","1.8341302305894391","","","","","","","","","","","","","","","","","",""
"","","","","","","","","","","","","","","","103.0","-0.9805216493835016","0.1375555676318726","1.969258226621304","","","","","","","","","","","","","","","","","",""
"dml_linear","graph_control","low_dim","x1","u","0.9215117043252922","","26.0","True","[]","0.0286734000546857","","","","","","","","","","","","","","","","","","","","","","","","","",""
"dml_linear","graph_control","low_dim","x2","u","0.0","0.0","26.0","False","[]","0.0286734000546857","","","","","","","","","","","","","","","","","","","","","","","","","",""
"dml_linear","graph_zero","low_dim","x1","u","0.9215117043252922","","26.0","True","[]","0.0487018999410793","","","","0.9215117043252922","","","","","","","","","","","","","","","","","","","","","",""
"dml_linear","graph_zero","low_dim","x2","u","0.0","","26.0","False","[]","0.0487018999410793","","","","0.0065617837694465","","","","","","","","","","","","","","","","","","","","","",""
"dml_linear","pure","low_dim","x1","u","0.9215117043252922","","26.0","","[]","0.0320928000146523","","","","","","","","","","","","","","","","","","","","","","","","","",""
"dml_linear","pure","low_dim","x2","u","0.0065617837694465","","26.0","","[]","0.0320928000146523","","","","","","","","","","","","","","","","","","","","","","","","","",""
"","","","","","","","","","","","","","","","3.0","0.0","1.6423327690471845","2.199511659249488","","","","","","","","","","","","","","","","","",""
"","","","","","","","","","","","","","","","7.0","0.5003818664186679","2.525105297441681","2.22654813360216","","","","","","","","","","","","","","","","","",""
"","","","","","","","","","","","","","","","11.0","0.0","1.6411870726913245","2.2096587319143617","","","","","","","","","","","","","","","","","",""
"","","","","","","","","","","","","","","","15.0","1.588855203878302","2.831671886022695","2.17930939423292","","","","","","","","","","","","","","","","","",""
"","","","","","","","","","","","","","","","19.0","0.0","1.6730128708430314","2.1934317060303203","","","","","","","","","","","","","","","","","",""
"","","","","","","","","","","","","","","","23.0","1.102742760980774","2.877087556448803","2.201983364066063","","","","","","","","","","","","","","","","","",""
"","","","","","","","","","","","","","","","27.0","0.0","1.682110915806718","2.223608151535239","","","","","","","","","","","","","","","","","",""
"","","","","","","","","","","","","","","","31.0","-1.0991712400376326","0.489808467331488","2.1475852245627296","","","","","","","","","","","","","","","","","",""
"","","","","","","","","","","","","","","","35.0","0.0","1.6547287863110405","2.1137575342716857","","","","","","","","","","","","","","","","","",""
"","","","","","","","","","","","","","","","39.0","-0.7993348603550983","0.5590073969547804","2.252246086184738","","","","","","","","","","","","","","","","","",""
"","","","","","","","","","","","","","","","43.0","0.0","1.6173066558665117","2.1707082973436296","","","","","","","","","","","","","","","","","",""
"","","","","","","","","","","","","","","","47.0","1.4942137815850476","2.8496450416870767","2.208000398903624","","","","","","","","","","","","","","","","","",""
"","","","","","","","","","","","","","","","51.0","0.0","1.6552560383759174","2.269433222390612","","","","","","","","","","","","","","","","","",""
"","","","","","","","","","","","","","","","55.0","-1.978938781737701","0.4087069218695996","2.1949371277903675","","","","","","","","","","","","","","","","","",""
"","","","","","","","","","","","","","","","59.0","0.0","1.620920242516187","2.1815734671082967","","","","","","","","","","","","","","","","","",""
"","","","","","","","","","","","","","","","63.0","1.2849136735310651","2.725655236150682","2.2077260565078864","","","","","","","","","","","","","","","","","",""
"","","","","","","","","","","","","","","","67.0","0.0","1.6859162313557168","2.2315299886402364","","","","","","","","","","","","","","","","","",""
"","","","","","","","","","","","","","","","71.0","1.188277715008185","2.797292656377361","2.142129846199816","","","","","","","","","","","","","","","","","",""
"","","","","","","","","","","","","","","","75.0","0.0","1.60791474773187","2.1607942919272167","","","","","","","","","","","","","","","","","",""
"","","","","","","","","","","","","","","","79.0","-0.1282601886251169","1.4110669311299575","2.1470123736772337","","","","","","","","","","","","","","","","","",""
"","","","","","","","","","","","","","","","83.0","0.0","1.5329939805248889","2.203258770697638","","","","","","","","","","","","","","","","","",""
"","","","","","","","","","","","","","","","87.0","-0.7878702927227459","0.4907841978766903","2.125217591918975","","","","","","","","","","","","","","","","","",""
"","","","","","","","","","","","","","","","91.0","0.0","1.6106818815774948","2.161786998145946","","","","","","","","","","","","","","","","","",""
"","","","","","","","","","","","","","","","95.0","-0.8862975515969067","0.4367989510461633","2.2118428995967148","","","","","","","","","","","","","","","","","",""
"","","","","","","","","","","","","","","","99.0","0.0","1.5663011693247009","2.234460621633892","","","","","","","","","","","","","","","","","",""
"","","","","","","","","","","","","","","","103.0","-0.9805216493835016","0.4157158976118681","2.1063148391165885","","","","","","","","","","","","","","","","","",""
"dml_linear","graph_control","low_dim","x1","u","0.921912924194496","","26.0","True","[]","0.0249965999973937","","","","","","","","","","","","","","","","","","","","","","","","","",""
"dml_linear","graph_control","low_dim","x2","u","0.0","0.0","26.0","False","[]","0.0249965999973937","","","","","","","","","","","","","","","","","","","","","","","","","",""
"dml_linear","graph_zero","low_dim","x1","u","0.921912924194496","","26.0","True","[]","0.0485468000406399","","","","0.921912924194496","","","","","","","","","","","","","","","","","","","","","",""
"dml_linear","graph_zero","low_dim","x2","u","0.0","","26.0","False","[]","0.0485468000406399","","","","0.0047127442768909","","","","","","","","","","","","","","","","","","","","","",""
"dml_linear","pure","low_dim","x1","u","0.921912924194496","","26.0","","[]","0.0311960000544786","","","","","","","","","","","","","","","","","","","","","","","","","",""
"dml_linear","pure","low_dim","x2","u","0.0047127442768909","","26.0","","[]","0.0311960000544786","","","","","","","","","","","","","","","","","","","","","","","","","",""
"","","","","","","","","","","","","","","","3.0","0.0","1.64","2.2","","","","","","","","","","","","","","","","","",""
"","","","","","","","","","","","","","","","7.0","0.5003818664186679","2.52","2.22","","","","","","","","","","","","","","","","","",""
"","","","","","","","","","","","","","","","11.0","0.0","1.64","2.2","","","","","","","","","","","","","","","","","",""
"","","","","","","","","","","","","","","","15.0","1.588855203878302","2.84","2.18","","","","","","","","","","","","","","","","","",""
"","","","","","","","","","","","","","","","19.0","0.0","1.68","2.2","","","","","","","","","","","","","","","","","",""
"","","","","","","","","","","","","","","","23.0","1.102742760980774","2.88","2.2","","","","","","","","","","","","","","","","","",""
"","","","","","","","","","","","","","","","27.0","0.0","1.68","2.22","","","","","","","","","","","","","","","","","",""
"","","","","","","","","","","","","","","","31.0","-1.0991712400376326","0.48","2.14","","","","","","","","","","","","","","","","","",""
"","","","","","","","","","","","","","","","35.0","0.0","1.66","2.12","","","","","","","","","","","","","","","","","",""
"","","","","","","","","","","","","","","","39.0","-0.7993348603550983","0.56","2.26","","","","","","","","","","","","","","","","","",""
"","","","","","","","","","","","","","","","43.0","0.0","1.62","2.18","","","","","","","","","","","","","","","","","",""
"","","","","","","","","","","","","","","","47.0","1.4942137815850476","2.84","2.2","","","","","","","","","","","","","","","","","",""
"","","","","","","","","","","","","","","","51.0","0.0","1.66","2.26","","","","","","","","","","","","","","","","","",""
"","","","","","","","","","","","","","","","55.0","-1.978938781737701","0.4","2.2","","","","","","","","","","","","","","","","","",""
"","","","","","","","","","","","","","","","59.0","0.0","1.62","2.18","","","","","","","","","","","","","","","","","",""
"","","","","","","","","","","","","","","","63.0","1.2849136735310651","2.72","2.2","","","","","","","","","","","","","","","","","",""
"","","","","","","","","","","","","","","","67.0","0.0","1.68","2.24","","","","","","","","","","","","","","","","","",""
"","","","","","","","","","","","","","","","71.0","1.188277715008185","2.8000000000000003","2.14","","","","","","","","","","","","","","","","","",""
"","","","","","","","","","","","","","","","75.0","0.0","1.6","2.16","","","","","","","","","","","","","","","","","",""
"","","","","","","","","","","","","","","","79.0","-0.1282601886251169","1.42","2.14","","","","","","","","","","","","","","","","","",""
"","","","","","","","","","","","","","","","83.0","0.0","1.54","2.2","","","","","","","","","","","","","","","","","",""
"","","","","","","","","","","","","","","","87.0","-0.7878702927227459","0.5","2.12","","","","","","","","","","","","","","","","","",""
"","","","","","","","","","","","","","","","91.0","0.0","1.62","2.16","","","","","","","","","","","","","","","","","",""
"","","","","","","","","","","","","","","","95.0","-0.8862975515969067","0.44","2.22","","","","","","","","","","","","","","","","","",""
"","","","","","","","","","","","","","","","99.0","0.0","1.56","2.24","","","","","","","","","","","","","","","","","",""
"","","","","","","","","","","","","","","","103.0","-0.9805216493835016","0.42","2.1","","","","","","","","","","","","","","","","","",""
"dml_linear","graph_control","low_dim","x1","u","0.953073630906024","","26.0","True","[]","0.0268351000268012","","","","","","","","","","","","","","","","","","","","","","","","","",""
"dml_linear","graph_control","low_dim","x2","u","0.0","0.0","26.0","False","[]","0.0268351000268012","","","","","","","","","","","","","","","","","","","","","","","","","",""
"dml_linear","graph_zero","low_dim","x1","u","0.953073630906024","","26.0","True","[]","0.0497314999811351","","","","0.953073630906024","","","","","","","","","","","","","","","","","","","","","",""
"dml_linear","graph_zero","low_dim","x2","u","0.0","","26.0","False","[]","0.0497314999811351","","","","0.0306582833631674","","","","","","","","","","","","","","","","","","","","","",""
"dml_linear","pure","low_dim","x1","u","0.953073630906024","","26.0","","[]","0.0278212999692186","","","","","","","","","","","","","","","","","","","","","","","","","",""
"dml_linear","pure","low_dim","x2","u","0.0306582833631674","","26.0","","[]","0.0278212999692186","","","","","","","","","","","","","","","","","","","","","","","","","",""
"","","","","","","","","","","","","","","","3.0","0.0","1.619554827302346","2.101565249452439","","","","","","","","","","","","","","","","","",""
"","","","","","","","","","","","","","","","7.0","0.5003818664186679","2.5104725874296894","2.158490666506182","","","","","","","","","","","","","","","","","",""
"","","","","","","","","","","","","","","","11.0","0.0","1.5328222729130034","2.1225284579954824","","","","","","","","","","","","","","","","","",""
"","","","","","","","","","","","","","","","15.0","1.588855203878302","2.630887888177692","2.1125904118300216","","","","","","","","","","","","","","","","","",""
"","","","","","","","","","","","","","","","19.0","0.0","1.3929196777841433","2.0781980815140004","","","","","","","","","","","","","","","","","",""
"","","","","","","","","","","","","","","","23.0","1.102742760980774","2.52977271512256","2.034977611092257","","","","","","","","","","","","","","","","","",""
"","","","","","","","","","","","","","","","27.0","0.0","1.4062539375889438","2.0759809440024","","","","","","","","","","","","","","","","","",""
"","","","","","","","","","","","","","","","31.0","-1.0991712400376326","0.2401275968339273","2.0806754728452965","","","","","","","","","","","","","","","","","",""
"","","","","","","","","","","","","","","","35.0","0.0","1.359712196401077","2.0501380887499754","","","","","","","","","","","","","","","","","",""
"","","","","","","","","","","","","","","","39.0","-0.7993348603550983","0.3310537431796696","1.998460069583336","","","","","","","","","","","","","","","","","",""
"","","","","","","","","","","","","","","","43.0","0.0","1.3651644106866307","1.99518702554736","","","","","","","","","","","","","","","","","",""
"","","","","","","","","","","","","","","","47.0","1.4942137815850476","2.61939452822852","2.04544099454095","","","","","","","","","","","","","","","","","",""
"","","","","","","","","","","","","","","","51.0","0.0","1.3261361642319598","1.984273410950281","","","","","","","","","","","","","","","","","",""
"","","","","","","","","","","","","","","","55.0","-1.978938781737701","0.0401678111941633","2.0321923639617587","","","","","","","","","","","","","","","","","",""
"","","","","","","","","","","","","","","","59.0","0.0","1.2405865477556062","1.9907071583942284","","","","","","","","","","","","","","","","","",""
"","","","","","","","","","","","","","","","63.0","1.2849136735310651","2.4640648565596583","1.9337759532876289","","","","","","","","","","","","","","","","","",""
"","","","","","","","","","","","","","","","67.0","0.0","1.1607193585197328","1.95745002876782","","","","","","","","","","","","","","","","","",""
"","","","","","","","","","","","","","","","71.0","1.188277715008185","2.383527131877029","1.947642934283984","","","","","","","","","","","","","","","","","",""
"","","","","","","","","","","","","","","","75.0","0.0","1.263158115592864","1.8857129674112376","","","","","","","","","","","","","","","","","",""
"","","","","","","","","","","","","","","","79.0","-0.1282601886251169","0.888134525074296","1.845799140888586","","","","","","","","","","","","","","","","","",""
"","","","","","","","","","","","","","","","83.0","0.0","1.197028650543842","1.7780395961659876","","","","","","","","","","","","","","","","","",""
"","","","","","","","","","","","","","","","87.0","-0.7878702927227459","0.0425784985949835","1.80935058239142","","","","","","","","","","","","","","","","","",""
"","","","","","","","","","","","","","","","91.0","0.0","1.0951210210186435","1.7459317340355844","","","","","","","","","","","","","","","","","",""
"","","","","","","","","","","","","","","","95.0","-0.8862975515969067","0.0587770738205143","1.7413759529859176","","","","","","","","","","","","","","","","","",""
"","","","","","","","","","","","","","","","99.0","0.0","1.1780365571627602","1.811702098658745","","","","","","","","","","","","","","","","","",""
"","","","","","","","","","","","","","","","103.0","-0.9805216493835016","0.0738140866721134","1.9442753967624675","","","","","","","","","","","","","","","","","",""
"dml_linear","graph_control","low_dim","x1","u","0.9053389998408335","","26.0","True","[]","0.0250825999537482","","","","","","","","","","","","","","","","","","","","","","","","","",""
"dml_linear","graph_control","low_dim","x2","u","0.0","0.0","26.0","False","[]","0.0250825999537482","","","","","","","","","","","","","","","","","","","","","","","","","",""
"dml_linear","graph_zero","low_dim","x1","u","0.9053389998408335","","26.0","True","[]","0.0492131999926641","","","","0.9053389998408335","","","","","","","","","","","","","","","","","","","","","",""
"dml_linear","graph_zero","low_dim","x2","u","0.0","","26.0","False","[]","0.0492131999926641","","","","0.0002479602341911","","","","","","","","","","","","","","","","","","","","","",""
"dml_linear","pure","low_dim","x1","u","0.9053389998408335","","26.0","","[]","0.0382697000168263","","","","","","","","","","","","","","","","","","","","","","","","","",""
"dml_linear","pure","low_dim","x2","u","0.0002479602341911","","26.0","","[]","0.0382697000168263","","","","","","","","","","","","","","","","","","","","","","","","","",""
"","","","","","","","","","","","","","","","3.0","0.0","1.627772773688431","2.1946875854966104","","","","","","","","","","","","","","","","","",""
"","","","","","","","","","","","","","","","7.0","0.5003818664186679","2.468010255742976","2.2050622254236645","","","","","","","","","","","","","","","","","",""
"","","","","","","","","","","","","","","","11.0","0.0","1.6047175368107889","2.197537345144952","","","","","","","","","","","","","","","","","",""
"","","","","","","","","","","","","","","","15.0","1.588855203878302","2.7753471791643274","2.157466481564143","","","","","","","","","","","","","","","","","",""
"","","","","","","","","","","","","","","","19.0","0.0","1.6742335507684556","2.193931152345705","","","","","","","","","","","","","","","","","",""
"","","","","","","","","","","","","","","","23.0","1.102742760980774","2.873910180406672","2.2000035072475","","","","","","","","","","","","","","","","","",""
"","","","","","","","","","","","","","","","27.0","0.0","1.6823883401967274","2.22464745636036","","","","","","","","","","","","","","","","","",""
"","","","","","","","","","","","","","","","31.0","-1.0991712400376326","0.4866228363465609","2.144241856750022","","","","","","","","","","","","","","","","","",""
"","","","","","","","","","","","","","","","35.0","0.0","1.6458603949169903","2.1104194573877604","","","","","","","","","","","","","","","","","",""
"","","","","","","","","","","","","","","","39.0","-0.7993348603550983","0.5841989016974747","2.26003220870364","","","","","","","","","","","","","","","","","",""
"","","","","","","","","","","","","","","","43.0","0.0","1.651031455299901","2.1815995018222827","","","","","","","","","","","","","","","","","",""
"","","","","","","","","","","","","","","","47.0","1.4942137815850476","2.837225759467629","2.202697210692064","","","","","","","","","","","","","","","","","",""
"","","","","","","","","","","","","","","","51.0","0.0","1.6844034798492835","2.283763880704013","","","","","","","","","","","","","","","","","",""
"","","","","","","","","","","","","","","","55.0","-1.978938781737701","0.4703314947286885","2.2193793406826514","","","","","","","","","","","","","","","","","",""
"","","","","","","","","","","","","","","","59.0","0.0","1.6846686334651693","2.206547808842416","","","","","","","","","","","","","","","","","",""
"","","","","","","","","","","","","","","","63.0","1.2849136735310651","2.791250449966136","2.2331058499008254","","","","","","","","","","","","","","","","","",""
"","","","","","","","","","","","","","","","67.0","0.0","1.7436970067852966","2.2553152218070167","","","","","","","","","","","","","","","","","",""
"","","","","","","","","","","","","","","","71.0","1.188277715008185","2.858136931594124","2.166412745947784","","","","","","","","","","","","","","","","","",""
"","","","","","","","","","","","","","","","75.0","0.0","1.6392549174121758","2.173859325612641","","","","","","","","","","","","","","","","","",""
"","","","","","","","","","","","","","","","79.0","-0.1282601886251169","1.4714877867696494","2.171401613126667","","","","","","","","","","","","","","","","","",""
"","","","","","","","","","","","","","","","83.0","0.0","1.5957389713975096","2.227941331055371","","","","","","","","","","","","","","","","","",""
"","","","","","","","","","","","","","","","87.0","-0.7878702927227459","0.5320434420429578","2.1432570978035344","","","","","","","","","","","","","","","","","",""
"","","","","","","","","","","","","","","","91.0","0.0","1.6743873651550223","2.1867576365628105","","","","","","","","","","","","","","","","","",""
"","","","","","","","","","","","","","","","95.0","-0.8862975515969067","0.4911044257625394","2.2333730255642466","","","","","","","","","","","","","","","","","",""
"","","","","","","","","","","","","","","","99.0","0.0","1.6074238838506258","2.2525403727566826","","","","","","","","","","","","","","","","","",""
"","","","","","","","","","","","","","","","103.0","-0.9805216493835016","0.4762371186365712","2.130522629175632","","","","","","","","","","","","","","","","","",""
"dml_linear","graph_control","low_dim","x1","u","0.9053230820145578","","26.0","True","[]","0.0240023999940603","","","","","","","","","","","","","","","","","","","","","","","","","",""
"dml_linear","graph_control","low_dim","x2","u","0.0","0.0","26.0","False","[]","0.0240023999940603","","","","","","","","","","","","","","","","","","","","","","","","","",""
"dml_linear","graph_zero","low_dim","x1","u","0.9053230820145578","","26.0","True","[]","0.0523905999725684","","","","0.9053230820145578","","","","","","","","","","","","","","","","","","","","","",""
"dml_linear","graph_zero","low_dim","x2","u","0.0","","26.0","False","[]","0.0523905999725684","","","","-0.0004405711932625","","","","","","","","","","","","","","","","","","","","","",""
"dml_linear","pure","low_dim","x1","u","0.9053230820145578","","26.0","","[]","0.0307848999509587","","","","","","","","","","","","","","","","","","","","","","","","","",""
"dml_linear","pure","low_dim","x2","u","-0.0004405711932625","","26.0","","[]","0.0307848999509587","","","","","","","","","","","","","","","","","","","","","","","","","",""
"","","","","","","","","","","","","","","","3.0","0.0","1.62","2.2","","","","","","","","","","","","","","","","","",""
"","","","","","","","","","","","","","","","7.0","0.5003818664186679","2.46","2.2","","","","","","","","","","","","","","","","","",""
"","","","","","","","","","","","","","","","11.0","0.0","1.6","2.2","","","","","","","","","","","","","","","","","",""
"","","","","","","","","","","","","","","","15.0","1.588855203878302","2.78","2.16","","","","","","","","","","","","","","","","","",""
"","","","","","","","","","","","","","","","19.0","0.0","1.68","2.2","","","","","","","","","","","","","","","","","",""
"","","","","","","","","","","","","","","","23.0","1.102742760980774","2.88","2.2","","","","","","","","","","","","","","","","","",""
"","","","","","","","","","","","","","","","27.0","0.0","1.68","2.22","","","","","","","","","","","","","","","","","",""
"","","","","","","","","","","","","","","","31.0","-1.0991712400376326","0.48","2.14","","","","","","","","","","","","","","","","","",""
"","","","","","","","","","","","","","","","35.0","0.0","1.64","2.12","","","","","","","","","","","","","","","","","",""
"","","","","","","","","","","","","","","","39.0","-0.7993348603550983","0.58","2.26","","","","","","","","","","","","","","","","","",""
"","","","","","","","","","","","","","","","43.0","0.0","1.66","2.18","","","","","","","","","","","","","","","","","",""
"","","","","","","","","","","","","","","","47.0","1.4942137815850476","2.84","2.2","","","","","","","","","","","","","","","","","",""
"","","","","","","","","","","","","","","","51.0","0.0","1.68","2.28","","","","","","","","","","","","","","","","","",""
"","","","","","","","","","","","","","","","55.0","-1.978938781737701","0.48","2.22","","","","","","","","","","","","","","","","","",""
"","","","","","","","","","","","","","","","59.0","0.0","1.68","2.2","","","","","","","","","","","","","","","","","",""
"","","","","","","","","","","","","","","","63.0","1.2849136735310651","2.8000000000000003","2.24","","","","","","","","","","","","","","","","","",""
"","","","","","","","","","","","","","","","67.0","0.0","1.74","2.26","","","","","","","","","","","","","","","","","",""
"","","","","","","","","","","","","","","","71.0","1.188277715008185","2.86","2.16","","","","","","","","","","","","","","","","","",""
"","","","","","","","","","","","","","","","75.0","0.0","1.64","2.18","","","","","","","","","","","","","","","","","",""
"","","","","","","","","","","","","","","","79.0","-0.1282601886251169","1.48","2.18","","","","","","","","","","","","","","","","","",""
"","","","","","","","","","","","","","","","83.0","0.0","1.6","2.22","","","","","","","","","","","","","","","","","",""
"","","","","","","","","","","","","","","","87.0","-0.7878702927227459","0.54","2.14","","","","","","","","","","","","","","","","","",""
"","","","","","","","","","","","","","","","91.0","0.0","1.68","2.18","","","","","","","","","","","","","","","","","",""
"","","","","","","","","","","","","","","","95.0","-0.8862975515969067","0.5","2.24","","","","","","","","","","","","","","","","","",""
"","","","","","","","","","","","","","","","99.0","0.0","1.6","2.26","","","","","","","","","","","","","","","","","",""
"","","","","","","","","","","","","","","","103.0","-0.9805216493835016","0.48","2.14","","","","","","","","","","","","","","","","","",""
"dml_linear","graph_control","low_dim","x1","u","0.9369009264215653","","26","True","[]","0.3866600999899674","","","","","","","","","","","","","","","","","","","","","","","","","",""
"dml_linear","graph_control","low_dim","x2","u","-0.1932381163475901","","26","True","[""x1""]","0.3866600999899674","","","","","","","","","","","","","","","","","","","","","","","","","",""
"dml_linear","graph_zero","low_dim","x1","u","0.9369009264215653","","26","True","[]","0.04836800001794472","","","","0.9369009264215653","","","","","","","","","","","","","","","","","","","","","",""
"dml_linear","graph_zero","low_dim","x2","u","0.024344459827912054","","26","True","[]","0.04836800001794472","","","","0.024344459827912054","","","","","","","","","","","","","","","","","","","","","",""
"dml_linear","pure","low_dim","x1","u","0.9369009264215652","","26.0","","[]","0.0253440000815317","","","","","","","","","","","","","","","","","","","","","","","","","",""
"dml_linear","pure","low_dim","x2","u","0.024344459827912","","26.0","","[]","0.0253440000815317","","","","","","","","","","","","","","","","","","","","","","","","","",""
"","","","","","","","","","","","","","","","3.0","0.0","1.604994831943593","2.0967411756995618","","","","","","","","","","","","","","","","","",""
"","","","","","","","","","","","","","","","7.0","0.5003818664186679","2.453377545730983","2.137004758327686","","","","","","","","","","","","","","","","","",""
"","","","","","","","","","","","","","","","11.0","0.0","1.496352737032468","2.110407071226073","","","","","","","","","","","","","","","","","",""
"","","","","","","","","","","","","","","","15.0","1.588855203878302","2.574563181319324","2.0907474991612447","","","","","","","","","","","","","","","","","",""
"","","","","","","","","","","","","","","","19.0","0.0","1.3941403577095677","2.078697527829385","","","","","","","","","","","","","","","","","",""
"","","","","","","","","","","","","","","","23.0","1.102742760980774","2.526595339080429","2.032997754273694","","","","","","","","","","","","","","","","","",""
"","","","","","","","","","","","","","","","27.0","0.0","1.4065313619789532","2.07702024882752","","","","","","","","","","","","","","","","","",""
"","","","","","","","","","","","","","","","31.0","-1.0991712400376326","0.2369419658490002","2.077332105032589","","","","","","","","","","","","","","","","","",""
"","","","","","","","","","","","","","","","35.0","0.0","1.350843805007027","2.04680001186605","","","","","","","","","","","","","","","","","",""
"","","","","","","","","","","","","","","","39.0","-0.7993348603550983","0.3562452479223639","2.0062461921022376","","","","","","","","","","","","","","","","","",""
"","","","","","","","","","","","","","","","43.0","0.0","1.3988892101200203","2.006078230026013","","","","","","","","","","","","","","","","","",""
"","","","","","","","","","","","","","","","47.0","1.4942137815850476","2.606975246009072","2.04013780632939","","","","","","","","","","","","","","","","","",""
"","","","","","","","","","","","","","","","51.0","0.0","1.355283605705326","1.9986040692636824","","","","","","","","","","","","","","","","","",""
"","","","","","","","","","","","","","","","55.0","-1.978938781737701","0.1017923840532522","2.0566345768540426","","","","","","","","","","","","","","","","","",""
"","","","","","","","","","","","","","","","59.0","0.0","1.3043349387045886","2.0156815001283475","","","","","","","","","","","","","","","","","",""
"","","","","","","","","","","","","","","","63.0","1.2849136735310651","2.5296600703751126","1.959155746680568","","","","","","","","","","","","","","","","","",""
"","","","","","","","","","","","","","","","67.0","0.0","1.218500133949313","1.9812352619346","","","","","","","","","","","","","","","","","",""
"","","","","","","","","","","","","","","","71.0","1.188277715008185","2.4443714070937923","1.9719258340319512","","","","","","","","","","","","","","","","","",""
"","","","","","","","","","","","","","","","75.0","0.0","1.2944982852731697","1.8987780010966624","","","","","","","","","","","","","","","","","",""
"","","","","","","","","","","","","","","","79.0","-0.1282601886251169","0.9485553807139876","1.87018838033802","","","","","","","","","","","","","","","","","",""
"","","","","","","","","","","","","","","","83.0","0.0","1.2597736414164629","1.8027221565237208","","","","","","","","","","","","","","","","","",""
"","","","","","","","","","","","","","","","87.0","-0.7878702927227459","0.083837742761251","1.82739008827598","","","","","","","","","","","","","","","","","",""
"","","","","","","","","","","","","","","","91.0","0.0","1.1588265045961712","1.7709023724524489","","","","","","","","","","","","","","","","","",""
"","","","","","","","","","","","","","","","95.0","-0.8862975515969067","0.1130825485368905","1.7629060789534494","","","","","","","","","","","","","","","","","",""
"","","","","","","","","","","","","","","","99.0","0.0","1.2191592716886852","1.8297818497815364","","","","","","","","","","","","","","","","","",""
"","","","","","","","","","","","","","","","103.0","-0.9805216493835016","0.1343353076968165","1.9684831868215111","","","","","","","","","","","","","","","","","",""
"dml_linear","graph_control","low_dim","x1","u","0.9145372375844556","","26.0","True","[]","0.024124399991706","","","","","","","","","","","","","","","","","","","","","","","","","",""
"dml_linear","graph_control","low_dim","x2","u","0.0","0.0","26.0","False","[]","0.024124399991706","","","","","","","","","","","","","","","","","","","","","","","","","",""
"dml_linear","graph_zero","low_dim","x1","u","0.9145372375844556","","26.0","True","[]","0.0483647000510245","","","","0.9145372375844556","","","","","","","","","","","","","","","","","","","","","",""
"dml_linear","graph_zero","low_dim","x2","u","0.0","","26.0","False","[]","0.0483647000510245","","","","0.0035903780241948","","","","","","","","","","","","","","","","","","","","","",""
"dml_linear","pure","low_dim","x1","u","0.9145372375844556","","26.0","","[]","0.0254398999968543","","","","","","","","","","","","","","","","","","","","","","","","","",""
"dml_linear","pure","low_dim","x2","u","0.0035903780241948","","26.0","","[]","0.0254398999968543","","","","","","","","","","","","","","","","","","","","","","","","","",""
"","","","","","","","","","","","","","","","3.0","0.0","1.6421213246444035","2.199515847831928","","","","","","","","","","","","","","","","","",""
"","","","","","","","","","","","","","","","7.0","0.5003818664186679","2.482992711350084","2.21013695791548","","","","","","","","","","","","","","","","","",""
"","","","","","","","","","","","","","","","11.0","0.0","1.6328070273097262","2.207796508395289","","","","","","","","","","","","","","","","","",""
"","","","","","","","","","","","","","","","15.0","1.588855203878302","2.8291019001999214","2.178339057020697","","","","","","","","","","","","","","","","","",""
"","","","","","","","","","","","","","","","19.0","0.0","1.6332113914256396","2.1801451484665897","","","","","","","","","","","","","","","","","",""
"","","","","","","","","","","","","","","","23.0","1.102742760980774","2.8849954995377143","2.2039422649179503","","","","","","","","","","","","","","","","","",""
"","","","","","","","","","","","","","","","27.0","0.0","1.6507429556094957","2.210009189013113","","","","","","","","","","","","","","","","","",""
"","","","","","","","","","","","","","","","31.0","-1.0991712400376326","0.4947116109900696","2.14946069486736","","","","","","","","","","","","","","","","","",""
"","","","","","","","","","","","","","","","35.0","0.0","1.668568945832974","2.117752414255844","","","","","","","","","","","","","","","","","",""
"","","","","","","","","","","","","","","","39.0","-0.7993348603550983","0.539469835921346","2.24555440258952","","","","","","","","","","","","","","","","","",""
"","","","","","","","","","","","","","","","43.0","0.0","1.6502232117502462","2.181424854971948","","","","","","","","","","","","","","","","","",""
"","","","","","","","","","","","","","","","47.0","1.4942137815850476","2.8491198857096074","2.2060280724925274","","","","","","","","","","","","","","","","","",""
"","","","","","","","","","","","","","","","51.0","0.0","1.6981646512604267","2.286738741040807","","","","","","","","","","","","","","","","","",""
"","","","","","","","","","","","","","","","55.0","-1.978938781737701","0.4674647077607113","2.21824551110418","","","","","","","","","","","","","","","","","",""
"","","","","","","","","","","","","","","","59.0","0.0","1.6410808476933176","2.1923230630754764","","","","","","","","","","","","","","","","","",""
"","","","","","","","","","","","","","","","63.0","1.2849136735310651","2.790987393819607","2.233032444750171","","","","","","","","","","","","","","","","","",""
"","","","","","","","","","","","","","","","67.0","0.0","1.7088312741999474","2.240361064546215","","","","","","","","","","","","","","","","","",""
"","","","","","","","","","","","","","","","71.0","1.188277715008185","2.8525987580679057","2.1652166198532434","","","","","","","","","","","","","","","","","",""
"","","","","","","","","","","","","","","","75.0","0.0","1.6673676287573411","2.1843817952227336","","","","","","","","","","","","","","","","","",""
"","","","","","","","","","","","","","","","79.0","-0.1282601886251169","1.4312317763054514","2.1577638979212046","","","","","","","","","","","","","","","","","",""
"","","","","","","","","","","","","","","","83.0","0.0","1.5983261640573048","2.22856517226126","","","","","","","","","","","","","","","","","",""
"","","","","","","","","","","","","","","","87.0","-0.7878702927227459","0.5136992408786853","2.134048667916983","","","","","","","","","","","","","","","","","",""
"","","","","","","","","","","","","","","","91.0","0.0","1.665987983269002","2.184873771800009","","","","","","","","","","","","","","","","","",""
"","","","","","","","","","","","","","","","95.0","-0.8862975515969067","0.4962518320716401","2.235430402892236","","","","","","","","","","","","","","","","","",""
"","","","","","","","","","","","","","","","99.0","0.0","1.5864660145001943","2.245212145877862","","","","","","","","","","","","","","","","","",""
"","","","","","","","","","","","","","","","103.0","-0.9805216493835016","0.481048081144284","2.1316212406802104","","","","","","","","","","","","","","","","","",""
"dml_linear","graph_control","low_dim","x1","u","0.91369853690358","","26.0","True","[]","0.0249160999665036","","","","","","","","","","","","","","","","","","","","","","","","","",""
"dml_linear","graph_control","low_dim","x2","u","0.0","0.0","26.0","False","[]","0.0249160999665036","","","","","","","","","","","","","","","","","","","","","","","","","",""
"dml_linear","graph_zero","low_dim","x1","u","0.91369853690358","","26.0","True","[]","0.0509866999927908","","","","0.91369853690358","","","","","","","","","","","","","","","","","","","","","",""
"dml_linear","graph_zero","low_dim","x2","u","0.0","","26.0","False","[]","0.0509866999927908","","","","0.0030882747429087","","","","","","","","","","","","","","","","","","","","","",""
"dml_linear","pure","low_dim","x1","u","0.91369853690358","","26.0","","[]","0.0314846999244764","","","","","","","","","","","","","","","","","","","","","","","","","",""
"dml_linear","pure","low_dim","x2","u","0.0030882747429087","","26.0","","[]","0.0314846999244764","","","","","","","","","","","","","","","","","","","","","","","","","",""
"","","","","","","","","","","","","","","","3.0","0.0","1.64","2.2","","","","","","","","","","","","","","","","","",""
"","","","","","","","","","","","","","","","7.0","0.5003818664186679","2.48","2.22","","","","","","","","","","","","","","","","","",""
"","","","","","","","","","","","","","","","11.0","0.0","1.64","2.2","","","","","","","","","","","","","","","","","",""
"","","","","","","","","","","","","","","","15.0","1.588855203878302","2.82","2.18","","","","","","","","","","","","","","","","","",""
"","","","","","","","","","","","","","","","19.0","0.0","1.64","2.18","","","","","","","","","","","","","","","","","",""
"","","","","","","","","","","","","","","","23.0","1.102742760980774","2.88","2.2","","","","","","","","","","","","","","","","","",""
"","","","","","","","","","","","","","","","27.0","0.0","1.66","2.22","","","","","","","","","","","","","","","","","",""
"","","","","","","","","","","","","","","","31.0","-1.0991712400376326","0.5","2.14","","","","","","","","","","","","","","","","","",""
"","","","","","","","","","","","","","","","35.0","0.0","1.66","2.12","","","","","","","","","","","","","","","","","",""
"","","","","","","","","","","","","","","","39.0","-0.7993348603550983","0.54","2.24","","","","","","","","","","","","","","","","","",""
"","","","","","","","","","","","","","","","43.0","0.0","1.66","2.18","","","","","","","","","","","","","","","","","",""
"","","","","","","","","","","","","","","","47.0","1.4942137815850476","2.84","2.2","","","","","","","","","","","","","","","","","",""
"","","","","","","","","","","","","","","","51.0","0.0","1.7","2.28","","","","","","","","","","","","","","","","","",""
"","","","","","","","","","","","","","","","55.0","-1.978938781737701","0.46","2.22","","","","","","","","","","","","","","","","","",""
"","","","","","","","","","","","","","","","59.0","0.0","1.64","2.2","","","","","","","","","","","","","","","","","",""
"","","","","","","","","","","","","","","","63.0","1.2849136735310651","2.8000000000000003","2.24","","","","","","","","","","","","","","","","","",""
"","","","","","","","","","","","","","","","67.0","0.0","1.7","2.24","","","","","","","","","","","","","","","","","",""
"","","","","","","","","","","","","","","","71.0","1.188277715008185","2.86","2.16","","","","","","","","","","","","","","","","","",""
"","","","","","","","","","","","","","","","75.0","0.0","1.66","2.18","","","","","","","","","","","","","","","","","",""
"","","","","","","","","","","","","","","","79.0","-0.1282601886251169","1.44","2.16","","","","","","","","","","","","","","","","","",""
"","","","","","","","","","","","","","","","83.0","0.0","1.6","2.22","","","","","","","","","","","","","","","","","",""
"","","","","","","","","","","","","","","","87.0","-0.7878702927227459","0.52","2.14","","","","","","","","","","","","","","","","","",""
"","","","","","","","","","","","","","","","91.0","0.0","1.66","2.18","","","","","","","","","","","","","","","","","",""
"","","","","","","","","","","","","","","","95.0","-0.8862975515969067","0.5","2.24","","","","","","","","","","","","","","","","","",""
"","","","","","","","","","","","","","","","99.0","0.0","1.58","2.24","","","","","","","","","","","","","","","","","",""
"","","","","","","","","","","","","","","","103.0","-0.9805216493835016","0.48","2.14","","","","","","","","","","","","","","","","","",""
"dml_linear","graph_control","low_dim","x1","u","0.946099164165187","","26.0","True","[]","0.0283978999359533","","","","","","","","","","","","","","","","","","","","","","","","","",""
"dml_linear","graph_control","low_dim","x2","u","0.0","0.0","26.0","False","[]","0.0283978999359533","","","","","","","","","","","","","","","","","","","","","","","","","",""
"dml_linear","graph_zero","low_dim","x1","u","0.946099164165187","","26.0","True","[]","0.0477298999903723","","","","0.946099164165187","","","","","","","","","","","","","","","","","","","","","",""
"dml_linear","graph_zero","low_dim","x2","u","0.0","","26.0","False","[]","0.0477298999903723","","","","0.0276868776179158","","","","","","","","","","","","","","","","","","","","","",""
"dml_linear","pure","low_dim","x1","u","0.946099164165187","","26.0","","[]","0.0253443999681621","","","","","","","","","","","","","","","","","","","","","","","","","",""
"dml_linear","pure","low_dim","x2","u","0.0276868776179158","","26.0","","[]","0.0253443999681621","","","","","","","","","","","","","","","","","","","","","","","","","",""
"","","","","","","","","","","","","","","","3.0","0.0","1.6193433828995651","2.101569438034879","","","","","","","","","","","","","","","","","",""
"","","","","","","","","","","","","","","","7.0","0.5003818664186679","2.468360001338092","2.1420794908195018","","","","","","","","","","","","","","","","","",""
"","","","","","","","","","","","","","","","11.0","0.0","1.5244422275314051","2.12066623447641","","","","","","","","","","","","","","","","","",""
"","","","","","","","","","","","","","","","15.0","1.588855203878302","2.628317902354918","2.1116200746177984","","","","","","","","","","","","","","","","","",""
"","","","","","","","","","","","","","","","19.0","0.0","1.3531181983667515","2.06491152395027","","","","","","","","","","","","","","","","","",""
"","","","","","","","","","","","","","","","23.0","1.102742760980774","2.5376806582114706","2.0369365119441443","","","","","","","","","","","","","","","","","",""
"","","","","","","","","","","","","","","","27.0","0.0","1.3748859773917212","2.0623819814802733","","","","","","","","","","","","","","","","","",""
"","","","","","","","","","","","","","","","31.0","-1.0991712400376326","0.245030740492509","2.0825509431499265","","","","","","","","","","","","","","","","","",""
"","","","","","","","","","","","","","","","35.0","0.0","1.3735523559230105","2.054132968734134","","","","","","","","","","","","","","","","","",""
"","","","","","","","","","","","","","","","39.0","-0.7993348603550983","0.3115161821462352","1.9917683859881168","","","","","","","","","","","","","","","","","",""
"","","","","","","","","","","","","","","","43.0","0.0","1.3980809665703655","2.005903583175678","","","","","","","","","","","","","","","","","",""
"","","","","","","","","","","","","","","","47.0","1.4942137815850476","2.61886937225105","2.043468668129853","","","","","","","","","","","","","","","","","",""
"","","","","","","","","","","","","","","","51.0","0.0","1.369044777116469","2.001578929600477","","","","","","","","","","","","","","","","","",""
"","","","","","","","","","","","","","","","55.0","-1.978938781737701","0.0989255970852749","2.055500747275571","","","","","","","","","","","","","","","","","",""
"","","","","","","","","","","","","","","","59.0","0.0","1.260747152932737","2.001456754361408","","","","","","","","","","","","","","","","","",""
"","","","","","","","","","","","","","","","63.0","1.2849136735310651","2.5293970142285835","1.9590823415299128","","","","","","","","","","","","","","","","","",""
"","","","","","","","","","","","","","","","67.0","0.0","1.1836344013639637","1.9662811046737985","","","","","","","","","","","","","","","","","",""
"","","","","","","","","","","","","","","","71.0","1.188277715008185","2.438833233567574","1.9707297079374115","","","","","","","","","","","","","","","","","",""
"","","","","","","","","","","","","","","","75.0","0.0","1.322610996618335","1.909300470706755","","","","","","","","","","","","","","","","","",""
"","","","","","","","","","","","","","","","79.0","-0.1282601886251169","0.9082993702497896","1.856550665132557","","","","","","","","","","","","","","","","","",""
"","","","","","","","","","","","","","","","83.0","0.0","1.262360834076258","1.8033459977296096","","","","","","","","","","","","","","","","","",""
"","","","","","","","","","","","","","","","87.0","-0.7878702927227459","0.0654935415969785","1.818181658389428","","","","","","","","","","","","","","","","","",""
"","","","","","","","","","","","","","","","91.0","0.0","1.150427122710151","1.7690185076896472","","","","","","","","","","","","","","","","","",""
"","","","","","","","","","","","","","","","95.0","-0.8862975515969067","0.1182299548459912","1.764963456281439","","","","","","","","","","","","","","","","","",""
"","","","","","","","","","","","","","","","99.0","0.0","1.1982014023382537","1.822453622902716","","","","","","","","","","","","","","","","","",""
"","","","","","","","","","","","","","","","103.0","-0.9805216493835016","0.1391462702045293","1.9695817983260893","","","","","","","","","","","","","","","","","",""
"dml_linear","graph_control","low_dim","x1","u","0.9224170248913828","","26.0","True","[]","0.0149061999982222","","","","","","","","","","","","","","","","","","","","","","","","","",""
"dml_linear","graph_control","low_dim","x2","u","0.0","0.0","26.0","False","[]","0.0149061999982222","","","","","","","","","","","","","","","","","","","","","","","","","",""
"dml_linear","graph_zero","low_dim","x1","u","0.9224170248913828","","26.0","True","[]","0.028785900096409","","","","0.9224170248913828","","","","","","","","","","","","","","","","","","","","","",""
"dml_linear","graph_zero","low_dim","x2","u","0.0","","26.0","False","[]","0.028785900096409","","","","0.0068518700585282","","","","","","","","","","","","","","","","","","","","","",""
"dml_linear","pure","low_dim","x1","u","0.9224170248913828","","26.0","","[]","0.0130351999541744","","","","","","","","","","","","","","","","","","","","","","","","","",""
"dml_linear","pure","low_dim","x2","u","0.0068518700585282","","26.0","","[]","0.0130351999541744","","","","","","","","","","","","","","","","","","","","","","","","","",""
"","","","","","","","","","","","","","","","3.0","0.0","1.6428672729603864","2.1996204746950307","","","","","","","","","","","","","","","","","",""
"","","","","","","","","","","","","","","","7.0","0.5003818664186679","2.5267240239409734","2.226877968262388","","","","","","","","","","","","","","","","","",""
"","","","","","","","","","","","","","","","11.0","0.0","1.6441507473089467","2.210282933741151","","","","","","","","","","","","","","","","","",""
"","","","","","","","","","","","","","","","15.0","1.588855203878302","2.8362988620079603","2.1803247604117826","","","","","","","","","","","","","","","","","",""
"","","","","","","","","","","","","","","","19.0","0.0","1.6796963892126302","2.194966830962329","","","","","","","","","","","","","","","","","",""
"","","","","","","","","","","","","","","","23.0","1.102742760980774","2.8863131589685693","2.204209070094405","","","","","","","","","","","","","","","","","",""
"","","","","","","","","","","","","","","","27.0","0.0","1.6944777555707766","2.2267513197551843","","","","","","","","","","","","","","","","","",""
"","","","","","","","","","","","","","","","31.0","-1.0991712400376326","0.5060553522618385","2.151947127953376","","","","","","","","","","","","","","","","","",""
"","","","","","","","","","","","","","","","35.0","0.0","1.6757659077707732","2.119738117700402","","","","","","","","","","","","","","","","","",""
"","","","","","","","","","","","","","","","39.0","-0.7993348603550983","0.5859548337091283","2.2603760850856283","","","","","","","","","","","","","","","","","",""
"","","","","","","","","","","","","","","","43.0","0.0","1.6515408711811064","2.181691660148405","","","","","","","","","","","","","","","","","",""
"","","","","","","","","","","","","","","","47.0","1.4942137815850476","2.8928546856708888","2.2227702032345986","","","","","","","","","","","","","","","","","",""
"","","","","","","","","","","","","","","","51.0","0.0","1.7095083925321954","2.289225174126824","","","","","","","","","","","","","","","","","",""
"","","","","","","","","","","","","","","","55.0","-1.978938781737701","0.4203357563398244","2.199217609179908","","","","","","","","","","","","","","","","","",""
"","","","","","","","","","","","","","","","59.0","0.0","1.6209911770353351","2.181603038452016","","","","","","","","","","","","","","","","","",""
"","","","","","","","","","","","","","","","63.0","1.2849136735310651","2.725655668842885","2.207726260799014","","","","","","","","","","","","","","","","","",""
"","","","","","","","","","","","","","","","67.0","0.0","1.6859162339950882","2.2315299900515644","","","","","","","","","","","","","","","","","",""
"","","","","","","","","","","","","","","","71.0","1.188277715008185","2.7972926563934606","2.1421298462095666","","","","","","","","","","","","","","","","","",""
"","","","","","","","","","","","","","","","75.0","0.0","1.6079147477319684","2.160794291927284","","","","","","","","","","","","","","","","","",""
"","","","","","","","","","","","","","","","79.0","-0.1282601886251169","1.4110669311299584","2.147012373677234","","","","","","","","","","","","","","","","","",""
"","","","","","","","","","","","","","","","83.0","0.0","1.5329939805248889","2.203258770697638","","","","","","","","","","","","","","","","","",""
"","","","","","","","","","","","","","","","87.0","-0.7878702927227459","0.4907841978766903","2.125217591918975","","","","","","","","","","","","","","","","","",""
"","","","","","","","","","","","","","","","91.0","0.0","1.6106818815774948","2.161786998145946","","","","","","","","","","","","","","","","","",""
"","","","","","","","","","","","","","","","95.0","-0.8862975515969067","0.4367989510461633","2.2118428995967148","","","","","","","","","","","","","","","","","",""
"","","","","","","","","","","","","","","","99.0","0.0","1.5663011693247009","2.234460621633892","","","","","","","","","","","","","","","","","",""
"","","","","","","","","","","","","","","","103.0","-0.9805216493835016","0.4157158976118681","2.1063148391165885","","","","","","","","","","","","","","","","","",""
"dml_linear","graph_control","low_dim","x1","u","0.9223432315301724","","26.0","True","[]","0.0141585000092163","","","","","","","","","","","","","","","","","","","","","","","","","",""
"dml_linear","graph_control","low_dim","x2","u","0.0","0.0","26.0","False","[]","0.0141585000092163","","","","","","","","","","","","","","","","","","","","","","","","","",""
"dml_linear","graph_zero","low_dim","x1","u","0.9223432315301724","","26.0","True","[]","0.0317992999916896","","","","0.9223432315301724","","","","","","","","","","","","","","","","","","","","","",""
"dml_linear","graph_zero","low_dim","x2","u","0.0","","26.0","False","[]","0.0317992999916896","","","","0.0050780642648109","","","","","","","","","","","","","","","","","","","","","",""
"dml_linear","pure","low_dim","x1","u","0.9223432315301724","","26.0","","[]","0.0137890999903902","","","","","","","","","","","","","","","","","","","","","","","","","",""
"dml_linear","pure","low_dim","x2","u","0.0050780642648109","","26.0","","[]","0.0137890999903902","","","","","","","","","","","","","","","","","","","","","","","","","",""
"","","","","","","","","","","","","","","","3.0","0.0","1.64","2.2","","","","","","","","","","","","","","","","","",""
"","","","","","","","","","","","","","","","7.0","0.5003818664186679","2.52","2.22","","","","","","","","","","","","","","","","","",""
"","","","","","","","","","","","","","","","11.0","0.0","1.64","2.22","","","","","","","","","","","","","","","","","",""
"","","","","","","","","","","","","","","","15.0","1.588855203878302","2.84","2.18","","","","","","","","","","","","","","","","","",""
"","","","","","","","","","","","","","","","19.0","0.0","1.68","2.2","","","","","","","","","","","","","","","","","",""
"","","","","","","","","","","","","","","","23.0","1.102742760980774","2.88","2.2","","","","","","","","","","","","","","","","","",""
"","","","","","","","","","","","","","","","27.0","0.0","1.7","2.22","","","","","","","","","","","","","","","","","",""
"","","","","","","","","","","","","","","","31.0","-1.0991712400376326","0.5","2.16","","","","","","","","","","","","","","","","","",""
"","","","","","","","","","","","","","","","35.0","0.0","1.68","2.12","","","","","","","","","","","","","","","","","",""
"","","","","","","","","","","","","","","","39.0","-0.7993348603550983","0.58","2.26","","","","","","","","","","","","","","","","","",""
"","","","","","","","","","","","","","","","43.0","0.0","1.66","2.18","","","","","","","","","","","","","","","","","",""
"","","","","","","","","","","","","","","","47.0","1.4942137815850476","2.9","2.22","","","","","","","","","","","","","","","","","",""
"","","","","","","","","","","","","","","","51.0","0.0","1.7","2.28","","","","","","","","","","","","","","","","","",""
"","","","","","","","","","","","","","","","55.0","-1.978938781737701","0.42","2.2","","","","","","","","","","","","","","","","","",""
"","","","","","","","","","","","","","","","59.0","0.0","1.62","2.18","","","","","","","","","","","","","","","","","",""
"","","","","","","","","","","","","","","","63.0","1.2849136735310651","2.72","2.2","","","","","","","","","","","","","","","","","",""
"","","","","","","","","","","","","","","","67.0","0.0","1.68","2.24","","","","","","","","","","","","","","","","","",""
"","","","","","","","","","","","","","","","71.0","1.188277715008185","2.8000000000000003","2.14","","","","","","","","","","","","","","","","","",""
"","","","","","","","","","","","","","","","75.0","0.0","1.6","2.16","","","","","","","","","","","","","","","","","",""
"","","","","","","","","","","","","","","","79.0","-0.1282601886251169","1.42","2.14","","","","","","","","","","","","","","","","","",""
"","","","","","","","","","","","","","","","83.0","0.0","1.54","2.2","","","","","","","","","","","","","","","","","",""
"","","","","","","","","","","","","","","","87.0","-0.7878702927227459","0.5","2.12","","","","","","","","","","","","","","","","","",""
"","","","","","","","","","","","","","","","91.0","0.0","1.62","2.16","","","","","","","","","","","","","","","","","",""
"","","","","","","","","","","","","","","","95.0","-0.8862975515969067","0.44","2.22","","","","","","","","","","","","","","","","","",""
"","","","","","","","","","","","","","","","99.0","0.0","1.56","2.24","","","","","","","","","","","","","","","","","",""
"","","","","","","","","","","","","","","","103.0","-0.9805216493835016","0.42","2.1","","","","","","","","","","","","","","","","","",""
"dml_linear","graph_control","low_dim","x1","u","0.9539789514721144","","26.0","True","[]","0.0160284999292343","","","","","","","","","","","","","","","","","","","","","","","","","",""
"dml_linear","graph_control","low_dim","x2","u","0.0","0.0","26.0","False","[]","0.0160284999292343","","","","","","","","","","","","","","","","","","","","","","","","","",""
"dml_linear","graph_zero","low_dim","x1","u","0.9539789514721144","","26.0","True","[]","0.0314150999765843","","","","0.9539789514721144","","","","","","","","","","","","","","","","","","","","","",""
"dml_linear","graph_zero","low_dim","x2","u","0.0","","26.0","False","[]","0.0314150999765843","","","","0.0309483696522491","","","","","","","","","","","","","","","","","","","","","",""
"dml_linear","pure","low_dim","x1","u","0.9539789514721144","","26.0","","[]","0.0118854000465944","","","","","","","","","","","","","","","","","","","","","","","","","",""
"dml_linear","pure","low_dim","x2","u","0.0309483696522491","","26.0","","[]","0.0118854000465944","","","","","","","","","","","","","","","","","","","","","","","","","",""
"","","","","","","","","","","","","","","","3.0","0.0","1.620089331215548","2.101674064897982","","","","","","","","","","","","","","","","","",""
"","","","","","","","","","","","","","","","7.0","0.5003818664186679","2.5120913139289813","2.1588205011664097","","","","","","","","","","","","","","","","","",""
"","","","","","","","","","","","","","","","11.0","0.0","1.5357859475306257","2.123152659822272","","","","","","","","","","","","","","","","","",""
"","","","","","","","","","","","","","","","15.0","1.588855203878302","2.635514864162957","2.113605778008884","","","","","","","","","","","","","","","","","",""
"","","","","","","","","","","","","","","","19.0","0.0","1.399603196153742","2.079733206446009","","","","","","","","","","","","","","","","","",""
"","","","","","","","","","","","","","","","23.0","1.102742760980774","2.5389983176423256","2.037203317120599","","","","","","","","","","","","","","","","","",""
"","","","","","","","","","","","","","","","27.0","0.0","1.4186207773530026","2.0791241122223445","","","","","","","","","","","","","","","","","",""
"","","","","","","","","","","","","","","","31.0","-1.0991712400376326","0.2563744817642778","2.085037376235943","","","","","","","","","","","","","","","","","",""
"","","","","","","","","","","","","","","","35.0","0.0","1.3807493178608097","2.056118672178692","","","","","","","","","","","","","","","","","",""
"","","","","","","","","","","","","","","","39.0","-0.7993348603550983","0.3580011799340175","2.006590068484226","","","","","","","","","","","","","","","","","",""
"","","","","","","","","","","","","","","","43.0","0.0","1.3993986260012257","2.006170388352136","","","","","","","","","","","","","","","","","",""
"","","","","","","","","","","","","","","","47.0","1.4942137815850476","2.6626041722123315","2.0602107988719247","","","","","","","","","","","","","","","","","",""
"","","","","","","","","","","","","","","","51.0","0.0","1.3803885183882378","2.004065362686493","","","","","","","","","","","","","","","","","",""
"","","","","","","","","","","","","","","","55.0","-1.978938781737701","0.0517966456643881","2.036472845351299","","","","","","","","","","","","","","","","","",""
"","","","","","","","","","","","","","","","59.0","0.0","1.2406574822747545","1.990736729737948","","","","","","","","","","","","","","","","","",""
"","","","","","","","","","","","","","","","63.0","1.2849136735310651","2.4640652892518613","1.933776157578756","","","","","","","","","","","","","","","","","",""
"","","","","","","","","","","","","","","","67.0","0.0","1.1607193611591042","1.957450030179148","","","","","","","","","","","","","","","","","",""
"","","","","","","","","","","","","","","","71.0","1.188277715008185","2.383527131893129","1.9476429342937345","","","","","","","","","","","","","","","","","",""
"","","","","","","","","","","","","","","","75.0","0.0","1.263158115592962","1.885712967411305","","","","","","","","","","","","","","","","","",""
"","","","","","","","","","","","","","","","79.0","-0.1282601886251169","0.8881345250742967","1.845799140888587","","","","","","","","","","","","","","","","","",""
"","","","","","","","","","","","","","","","83.0","0.0","1.197028650543842","1.7780395961659876","","","","","","","","","","","","","","","","","",""
"","","","","","","","","","","","","","","","87.0","-0.7878702927227459","0.0425784985949835","1.80935058239142","","","","","","","","","","","","","","","","","",""
"","","","","","","","","","","","","","","","91.0","0.0","1.0951210210186435","1.7459317340355844","","","","","","","","","","","","","","","","","",""
"","","","","","","","","","","","","","","","95.0","-0.8862975515969067","0.0587770738205143","1.7413759529859176","","","","","","","","","","","","","","","","","",""
"","","","","","","","","","","","","","","","99.0","0.0","1.1780365571627602","1.811702098658745","","","","","","","","","","","","","","","","","",""
"","","","","","","","","","","","","","","","103.0","-0.9805216493835016","0.0738140866721134","1.9442753967624675","","","","","","","","","","","","","","","","","",""
"gp_matern","matern","low_dim","x1","u","1.774005325330293","0.7918007021198904","26.0","","","0.4462591999908909","","","","","","","","","0.656**2 * Matern(length_scale=1.49, nu=1.5) + DotProduct(sigma_0=1e-05) + WhiteKernel(noise_level=0.00223)","","","","","","","","","","","","","","","","",""
"gp_matern","matern","low_dim","x2","u","4.427709659860337e-06","1.3637323442894594e-10","26.0","","","0.4462591999908909","","","","","","","","","0.0316**2 * Matern(length_scale=0.0019, nu=1.5) + DotProduct(sigma_0=3.81e-05) + WhiteKernel(noise_level=1)","","","","","","","","","","","","","","","","",""
"","","","","","","","","","","","","","","","3.0","0.0","1.6094637470293598","2.188433274403022","","","","","","","","","","","","","","","","","",""
"","","","","","","","","","","","","","","","7.0","0.5003818664186679","2.5017658885750884","2.2200554667997823","","","","","","","","","","","","","","","","","",""
"","","","","","","","","","","","","","","","11.0","0.0","1.6294602497945847","2.206236521990606","","","","","","","","","","","","","","","","","",""
"","","","","","","","","","","","","","","","15.0","1.588855203878302","2.802371421283562","2.168983278785245","","","","","","","","","","","","","","","","","",""
"","","","","","","","","","","","","","","","19.0","0.0","1.6169956874373466","2.17128239641392","","","","","","","","","","","","","","","","","",""
"","","","","","","","","","","","","","","","23.0","1.102742760980774","2.820400045700697","2.178938225834216","","","","","","","","","","","","","","","","","",""
"","","","","","","","","","","","","","","","27.0","0.0","1.6310216773758266","2.202442620643412","","","","","","","","","","","","","","","","","",""
"","","","","","","","","","","","","","","","31.0","-1.0991712400376326","0.4877979982039877","2.146989424395212","","","","","","","","","","","","","","","","","",""
"","","","","","","","","","","","","","","","35.0","0.0","1.643080152336614","2.10965266512686","","","","","","","","","","","","","","","","","",""
"","","","","","","","","","","","","","","","39.0","-0.7993348603550983","0.576386100778399","2.258193302178217","","","","","","","","","","","","","","","","","",""
"","","","","","","","","","","","","","","","43.0","0.0","1.6363242075825366","2.1778995233441028","","","","","","","","","","","","","","","","","",""
"","","","","","","","","","","","","","","","47.0","1.4942137815850476","2.8855620323879663","2.221151293840489","","","","","","","","","","","","","","","","","",""
"","","","","","","","","","","","","","","","51.0","0.0","1.692983250040798","2.2843986621623573","","","","","","","","","","","","","","","","","",""
"","","","","","","","","","","","","","","","55.0","-1.978938781737701","0.4556104519815789","2.2152145637569527","","","","","","","","","","","","","","","","","",""
"","","","","","","","","","","","","","","","59.0","0.0","1.6290364521102731","2.186173994043572","","","","","","","","","","","","","","","","","",""
"","","","","","","","","","","","","","","","63.0","1.2849136735310651","2.728116884786166","2.209186071914373","","","","","","","","","","","","","","","","","",""
"","","","","","","","","","","","","","","","67.0","0.0","1.686739890665691","2.2318720075117167","","","","","","","","","","","","","","","","","",""
"","","","","","","","","","","","","","","","71.0","1.188277715008185","2.8243541189347297","2.1555624190109386","","","","","","","","","","","","","","","","","",""
"","","","","","","","","","","","","","","","75.0","0.0","1.6441306797427797","2.176941492972454","","","","","","","","","","","","","","","","","",""
"","","","","","","","","","","","","","","","79.0","-0.1282601886251169","1.4213481986776773","2.152635910588307","","","","","","","","","","","","","","","","","",""
"","","","","","","","","","","","","","","","83.0","0.0","1.557878449239937","2.2150787263418628","","","","","","","","","","","","","","","","","",""
"","","","","","","","","","","","","","","","87.0","-0.7878702927227459","0.5322995578832517","2.1441528051148704","","","","","","","","","","","","","","","","","",""
"","","","","","","","","","","","","","","","91.0","0.0","1.6402909703208102","2.175158502175819","","","","","","","","","","","","","","","","","",""
"","","","","","","","","","","","","","","","95.0","-0.8862975515969067","0.4816514011374243","2.2312666246844617","","","","","","","","","","","","","","","","","",""
"","","","","","","","","","","","","","","","99.0","0.0","1.6189964177536658","2.2568887535645854","","","","","","","","","","","","","","","","","",""
"","","","","","","","","","","","","","","","103.0","-0.9805216493835016","0.4794573785716273","2.131297668975425","","","","","","","","","","","","","","","","","",""
"gp_matern","matern","low_dim","x1","u","1.7715044026670834","0.7867424018433814","26.0","","","0.4602872000541538","","","","","","","","","0.657**2 * Matern(length_scale=1.49, nu=1.5) + DotProduct(sigma_0=1e-05) + WhiteKernel(noise_level=0.00231)","","","","","","","","","","","","","","","","",""
"gp_matern","matern","low_dim","x2","u","-5.1662906888530703e-05","6.912924656403094e-11","26.0","","","0.4602872000541538","","","","","","","","","0.0316**2 * Matern(length_scale=0.00183, nu=1.5) + DotProduct(sigma_0=3.81e-05) + WhiteKernel(noise_level=1)","","","","","","","","","","","","","","","","",""
"","","","","","","","","","","","","","","","3.0","0.0","1.6","2.18","","","","","","","","","","","","","","","","","",""
"","","","","","","","","","","","","","","","7.0","0.5003818664186679","2.5","2.22","","","","","","","","","","","","","","","","","",""
"","","","","","","","","","","","","","","","11.0","0.0","1.62","2.2","","","","","","","","","","","","","","","","","",""
"","","","","","","","","","","","","","","","15.0","1.588855203878302","2.8000000000000003","2.16","","","","","","","","","","","","","","","","","",""
"","","","","","","","","","","","","","","","19.0","0.0","1.62","2.18","","","","","","","","","","","","","","","","","",""
"","","","","","","","","","","","","","","","23.0","1.102742760980774","2.82","2.18","","","","","","","","","","","","","","","","","",""
"","","","","","","","","","","","","","","","27.0","0.0","1.64","2.2","","","","","","","","","","","","","","","","","",""
"","","","","","","","","","","","","","","","31.0","-1.0991712400376326","0.48","2.14","","","","","","","","","","","","","","","","","",""
"","","","","","","","","","","","","","","","35.0","0.0","1.64","2.1","","","","","","","","","","","","","","","","","",""
"","","","","","","","","","","","","","","","39.0","-0.7993348603550983","0.58","2.26","","","","","","","","","","","","","","","","","",""
"","","","","","","","","","","","","","","","43.0","0.0","1.64","2.18","","","","","","","","","","","","","","","","","",""
"","","","","","","","","","","","","","","","47.0","1.4942137815850476","2.88","2.22","","","","","","","","","","","","","","","","","",""
"","","","","","","","","","","","","","","","51.0","0.0","1.7","2.28","","","","","","","","","","","","","","","","","",""
"","","","","","","","","","","","","","","","55.0","-1.978938781737701","0.46","2.22","","","","","","","","","","","","","","","","","",""
"","","","","","","","","","","","","","","","59.0","0.0","1.62","2.18","","","","","","","","","","","","","","","","","",""
"","","","","","","","","","","","","","","","63.0","1.2849136735310651","2.72","2.2","","","","","","","","","","","","","","","","","",""
"","","","","","","","","","","","","","","","67.0","0.0","1.68","2.24","","","","","","","","","","","","","","","","","",""
"","","","","","","","","","","","","","","","71.0","1.188277715008185","2.82","2.16","","","","","","","","","","","","","","","","","",""
"","","","","","","","","","","","","","","","75.0","0.0","1.64","2.18","","","","","","","","","","","","","","","","","",""
"","","","","","","","","","","","","","","","79.0","-0.1282601886251169","1.42","2.16","","","","","","","","","","","","","","","","","",""
"","","","","","","","","","","","","","","","83.0","0.0","1.56","2.22","","","","","","","","","","","","","","","","","",""
"","","","","","","","","","","","","","","","87.0","-0.7878702927227459","0.54","2.14","","","","","","","","","","","","","","","","","",""
"","","","","","","","","","","","","","","","91.0","0.0","1.64","2.18","","","","","","","","","","","","","","","","","",""
"","","","","","","","","","","","","","","","95.0","-0.8862975515969067","0.48","2.24","","","","","","","","","","","","","","","","","",""
"","","","","","","","","","","","","","","","99.0","0.0","1.62","2.26","","","","","","","","","","","","","","","","","",""
"","","","","","","","","","","","","","","","103.0","-0.9805216493835016","0.48","2.14","","","","","","","","","","","","","","","","","",""
"gp_matern","matern","low_dim","x1","u","2.63115026129862","1.169694170021597","26.0","","","0.3875508999917656","","","","","","","","","0.655**2 * Matern(length_scale=1.02, nu=1.5) + DotProduct(sigma_0=1e-05) + WhiteKernel(noise_level=0.0225)","","","","","","","","","","","","","","","","",""
"gp_matern","matern","low_dim","x2","u","0.0011902581585777","0.0005361016055261","26.0","","","0.3875508999917656","","","","","","","","","0.0316**2 * Matern(length_scale=0.171, nu=1.5) + DotProduct(sigma_0=0.111) + WhiteKernel(noise_level=0.999)","","","","","","","","","","","","","","","","",""
"","","","","","","","","","","","","","","","3.0","0.0","1.5866858052845214","2.0904868646059733","","","","","","","","","","","","","","","","","",""
"","","","","","","","","","","","","","","","7.0","0.5003818664186679","2.4871331785630963","2.151997999703804","","","","","","","","","","","","","","","","","",""
"","","","","","","","","","","","","","","","11.0","0.0","1.5210954500162637","2.1191062480717267","","","","","","","","","","","","","","","","","",""
"","","","","","","","","","","","","","","","15.0","1.588855203878302","2.6015874234385588","2.102264296382346","","","","","","","","","","","","","","","","","",""
"","","","","","","","","","","","","","","","19.0","0.0","1.3369024943784584","2.0560487718976","","","","","","","","","","","","","","","","","",""
"","","","","","","","","","","","","","","","23.0","1.102742760980774","2.4730852043744536","2.0119324728604093","","","","","","","","","","","","","","","","","",""
"","","","","","","","","","","","","","","","27.0","0.0","1.3551646991580526","2.054815413110572","","","","","","","","","","","","","","","","","",""
"","","","","","","","","","","","","","","","31.0","-1.0991712400376326","0.238117127706427","2.080079672677779","","","","","","","","","","","","","","","","","",""
"","","","","","","","","","","","","","","","35.0","0.0","1.3480635624266506","2.0460332196051496","","","","","","","","","","","","","","","","","",""
"","","","","","","","","","","","","","","","39.0","-0.7993348603550983","0.3484324470032882","2.0044072855768147","","","","","","","","","","","","","","","","","",""
"","","","","","","","","","","","","","","","43.0","0.0","1.384181962402656","2.002378251547833","","","","","","","","","","","","","","","","","",""
"","","","","","","","","","","","","","","","47.0","1.4942137815850476","2.655311518929409","2.0585918894778152","","","","","","","","","","","","","","","","","",""
"","","","","","","","","","","","","","","","51.0","0.0","1.3638633758968404","1.9992388507220271","","","","","","","","","","","","","","","","","",""
"","","","","","","","","","","","","","","","55.0","-1.978938781737701","0.0870713413061426","2.052469799928344","","","","","","","","","","","","","","","","","",""
"","","","","","","","","","","","","","","","59.0","0.0","1.2487027573496925","1.9953076853295035","","","","","","","","","","","","","","","","","",""
"","","","","","","","","","","","","","","","63.0","1.2849136735310651","2.4665265051951426","1.9352359686941152","","","","","","","","","","","","","","","","","",""
"","","","","","","","","","","","","","","","67.0","0.0","1.161543017829707","1.9577920476393","","","","","","","","","","","","","","","","","",""
"","","","","","","","","","","","","","","","71.0","1.188277715008185","2.410588594434398","1.9610755070951065","","","","","","","","","","","","","","","","","",""
"","","","","","","","","","","","","","","","75.0","0.0","1.2993740476037736","1.9018601684564755","","","","","","","","","","","","","","","","","",""
"","","","","","","","","","","","","","","","79.0","-0.1282601886251169","0.8984157926220155","1.85142267779966","","","","","","","","","","","","","","","","","",""
"","","","","","","","","","","","","","","","83.0","0.0","1.22191311925889","1.7898595518102125","","","","","","","","","","","","","","","","","",""
"","","","","","","","","","","","","","","","87.0","-0.7878702927227459","0.0840938586015448","1.8282857955873155","","","","","","","","","","","","","","","","","",""
"","","","","","","","","","","","","","","","91.0","0.0","1.124730109761959","1.7593032380654572","","","","","","","","","","","","","","","","","",""
"","","","","","","","","","","","","","","","95.0","-0.8862975515969067","0.1036295239117754","1.7607996780736646","","","","","","","","","","","","","","","","","",""
"","","","","","","","","","","","","","","","99.0","0.0","1.2307318055917251","1.8341302305894391","","","","","","","","","","","","","","","","","",""
"","","","","","","","","","","","","","","","103.0","-0.9805216493835016","0.1375555676318726","1.969258226621304","","","","","","","","","","","","","","","","","",""
"gp_matern","matern","low_dim","x1","u","1.8137689649533608","0.8403753572093875","26.0","","","0.462664799997583","","","","","","","","","0.634**2 * Matern(length_scale=1.3, nu=1.5) + DotProduct(sigma_0=1e-05) + WhiteKernel(noise_level=0.00309)","","","","","","","","","","","","","","","","",""
"gp_matern","matern","low_dim","x2","u","0.0001662216312572","1.2165470704134768e-10","26.0","","","0.462664799997583","","","","","","","","","0.0316**2 * Matern(length_scale=0.00187, nu=1.5) + DotProduct(sigma_0=3.81e-05) + WhiteKernel(noise_level=1)","","","","","","","","","","","","","","","","",""
"","","","","","","","","","","","","","","","3.0","0.0","1.6423327690471845","2.199511659249488","","","","","","","","","","","","","","","","","",""
"","","","","","","","","","","","","","","","7.0","0.5003818664186679","2.525105297441681","2.22654813360216","","","","","","","","","","","","","","","","","",""
"","","","","","","","","","","","","","","","11.0","0.0","1.6411870726913245","2.2096587319143617","","","","","","","","","","","","","","","","","",""
"","","","","","","","","","","","","","","","15.0","1.588855203878302","2.831671886022695","2.17930939423292","","","","","","","","","","","","","","","","","",""
"","","","","","","","","","","","","","","","19.0","0.0","1.6730128708430314","2.1934317060303203","","","","","","","","","","","","","","","","","",""
"","","","","","","","","","","","","","","","23.0","1.102742760980774","2.877087556448803","2.201983364066063","","","","","","","","","","","","","","","","","",""
"","","","","","","","","","","","","","","","27.0","0.0","1.682110915806718","2.223608151535239","","","","","","","","","","","","","","","","","",""
"","","","","","","","","","","","","","","","31.0","-1.0991712400376326","0.489808467331488","2.1475852245627296","","","","","","","","","","","","","","","","","",""
"","","","","","","","","","","","","","","","35.0","0.0","1.6547287863110405","2.1137575342716857","","","","","","","","","","","","","","","","","",""
"","","","","","","","","","","","","","","","39.0","-0.7993348603550983","0.5590073969547804","2.252246086184738","","","","","","","","","","","","","","","","","",""
"","","","","","","","","","","","","","","","43.0","0.0","1.6173066558665117","2.1707082973436296","","","","","","","","","","","","","","","","","",""
"","","","","","","","","","","","","","","","47.0","1.4942137815850476","2.8496450416870767","2.208000398903624","","","","","","","","","","","","","","","","","",""
"","","","","","","","","","","","","","","","51.0","0.0","1.6552560383759174","2.269433222390612","","","","","","","","","","","","","","","","","",""
"","","","","","","","","","","","","","","","55.0","-1.978938781737701","0.4087069218695996","2.1949371277903675","","","","","","","","","","","","","","","","","",""
"","","","","","","","","","","","","","","","59.0","0.0","1.620920242516187","2.1815734671082967","","","","","","","","","","","","","","","","","",""
"","","","","","","","","","","","","","","","63.0","1.2849136735310651","2.725655236150682","2.2077260565078864","","","","","","","","","","","","","","","","","",""
"","","","","","","","","","","","","","","","67.0","0.0","1.6859162313557168","2.2315299886402364","","","","","","","","","","","","","","","","","",""
"","","","","","","","","","","","","","","","71.0","1.188277715008185","2.797292656377361","2.142129846199816","","","","","","","","","","","","","","","","","",""
"","","","","","","","","","","","","","","","75.0","0.0","1.60791474773187","2.1607942919272167","","","","","","","","","","","","","","","","","",""
"","","","","","","","","","","","","","","","79.0","-0.1282601886251169","1.4110669311299575","2.1470123736772337","","","","","","","","","","","","","","","","","",""
"","","","","","","","","","","","","","","","83.0","0.0","1.5329939805248889","2.203258770697638","","","","","","","","","","","","","","","","","",""
"","","","","","","","","","","","","","","","87.0","-0.7878702927227459","0.4907841978766903","2.125217591918975","","","","","","","","","","","","","","","","","",""
"","","","","","","","","","","","","","","","91.0","0.0","1.6106818815774948","2.161786998145946","","","","","","","","","","","","","","","","","",""
"","","","","","","","","","","","","","","","95.0","-0.8862975515969067","0.4367989510461633","2.2118428995967148","","","","","","","","","","","","","","","","","",""
"","","","","","","","","","","","","","","","99.0","0.0","1.5663011693247009","2.234460621633892","","","","","","","","","","","","","","","","","",""
"","","","","","","","","","","","","","","","103.0","-0.9805216493835016","0.4157158976118681","2.1063148391165885","","","","","","","","","","","","","","","","","",""
"gp_matern","matern","low_dim","x1","u","1.769894222147653","0.8164056207754492","26.0","","","0.4869337000418454","","","","","","","","","0.629**2 * Matern(length_scale=1.29, nu=1.5) + DotProduct(sigma_0=1e-05) + WhiteKernel(noise_level=0.00296)","","","","","","","","","","","","","","","","",""
"gp_matern","matern","low_dim","x2","u","0.0001193825333318","8.562773161122028e-11","26.0","","","0.4869337000418454","","","","","","","","","0.0316**2 * Matern(length_scale=0.00182, nu=1.5) + DotProduct(sigma_0=3.81e-05) + WhiteKernel(noise_level=1)","","","","","","","","","","","","","","","","",""
"","","","","","","","","","","","","","","","3.0","0.0","1.64","2.2","","","","","","","","","","","","","","","","","",""
"","","","","","","","","","","","","","","","7.0","0.5003818664186679","2.52","2.22","","","","","","","","","","","","","","","","","",""
"","","","","","","","","","","","","","","","11.0","0.0","1.64","2.2","","","","","","","","","","","","","","","","","",""
"","","","","","","","","","","","","","","","15.0","1.588855203878302","2.84","2.18","","","","","","","","","","","","","","","","","",""
"","","","","","","","","","","","","","","","19.0","0.0","1.68","2.2","","","","","","","","","","","","","","","","","",""
"","","","","","","","","","","","","","","","23.0","1.102742760980774","2.88","2.2","","","","","","","","","","","","","","","","","",""
"","","","","","","","","","","","","","","","27.0","0.0","1.68","2.22","","","","","","","","","","","","","","","","","",""
"","","","","","","","","","","","","","","","31.0","-1.0991712400376326","0.48","2.14","","","","","","","","","","","","","","","","","",""
"","","","","","","","","","","","","","","","35.0","0.0","1.66","2.12","","","","","","","","","","","","","","","","","",""
"","","","","","","","","","","","","","","","39.0","-0.7993348603550983","0.56","2.26","","","","","","","","","","","","","","","","","",""
"","","","","","","","","","","","","","","","43.0","0.0","1.62","2.18","","","","","","","","","","","","","","","","","",""
"","","","","","","","","","","","","","","","47.0","1.4942137815850476","2.84","2.2","","","","","","","","","","","","","","","","","",""
"","","","","","","","","","","","","","","","51.0","0.0","1.66","2.26","","","","","","","","","","","","","","","","","",""
"","","","","","","","","","","","","","","","55.0","-1.978938781737701","0.4","2.2","","","","","","","","","","","","","","","","","",""
"","","","","","","","","","","","","","","","59.0","0.0","1.62","2.18","","","","","","","","","","","","","","","","","",""
"","","","","","","","","","","","","","","","63.0","1.2849136735310651","2.72","2.2","","","","","","","","","","","","","","","","","",""
"","","","","","","","","","","","","","","","67.0","0.0","1.68","2.24","","","","","","","","","","","","","","","","","",""
"","","","","","","","","","","","","","","","71.0","1.188277715008185","2.8000000000000003","2.14","","","","","","","","","","","","","","","","","",""
"","","","","","","","","","","","","","","","75.0","0.0","1.6","2.16","","","","","","","","","","","","","","","","","",""
"","","","","","","","","","","","","","","","79.0","-0.1282601886251169","1.42","2.14","","","","","","","","","","","","","","","","","",""
"","","","","","","","","","","","","","","","83.0","0.0","1.54","2.2","","","","","","","","","","","","","","","","","",""
"","","","","","","","","","","","","","","","87.0","-0.7878702927227459","0.5","2.12","","","","","","","","","","","","","","","","","",""
"","","","","","","","","","","","","","","","91.0","0.0","1.62","2.16","","","","","","","","","","","","","","","","","",""
"","","","","","","","","","","","","","","","95.0","-0.8862975515969067","0.44","2.22","","","","","","","","","","","","","","","","","",""
"","","","","","","","","","","","","","","","99.0","0.0","1.56","2.24","","","","","","","","","","","","","","","","","",""
"","","","","","","","","","","","","","","","103.0","-0.9805216493835016","0.42","2.1","","","","","","","","","","","","","","","","","",""
"gp_matern","matern","low_dim","x1","u","2.6135561068686903","1.169023576271775","26.0","","","0.3872666999232024","","","","","","","","","0.65**2 * Matern(length_scale=1, nu=1.5) + DotProduct(sigma_0=3.81e-05) + WhiteKernel(noise_level=0.0282)","","","","","","","","","","","","","","","","",""
"gp_matern","matern","low_dim","x2","u","0.0013240927561368","0.0005506058322832","26.0","","","0.3872666999232024","","","","","","","","","0.0316**2 * Matern(length_scale=0.185, nu=1.5) + DotProduct(sigma_0=0.00207) + WhiteKernel(noise_level=0.999)","","","","","","","","","","","","","","","","",""
"","","","","","","","","","","","","","","","3.0","0.0","1.619554827302346","2.101565249452439","","","","","","","","","","","","","","","","","",""
"","","","","","","","","","","","","","","","7.0","0.5003818664186679","2.5104725874296894","2.158490666506182","","","","","","","","","","","","","","","","","",""
"","","","","","","","","","","","","","","","11.0","0.0","1.5328222729130034","2.1225284579954824","","","","","","","","","","","","","","","","","",""
"","","","","","","","","","","","","","","","15.0","1.588855203878302","2.630887888177692","2.1125904118300216","","","","","","","","","","","","","","","","","",""
"","","","","","","","","","","","","","","","19.0","0.0","1.3929196777841433","2.0781980815140004","","","","","","","","","","","","","","","","","",""
"","","","","","","","","","","","","","","","23.0","1.102742760980774","2.52977271512256","2.034977611092257","","","","","","","","","","","","","","","","","",""
"","","","","","","","","","","","","","","","27.0","0.0","1.4062539375889438","2.0759809440024","","","","","","","","","","","","","","","","","",""
"","","","","","","","","","","","","","","","31.0","-1.0991712400376326","0.2401275968339273","2.0806754728452965","","","","","","","","","","","","","","","","","",""
"","","","","","","","","","","","","","","","35.0","0.0","1.359712196401077","2.0501380887499754","","","","","","","","","","","","","","","","","",""
"","","","","","","","","","","","","","","","39.0","-0.7993348603550983","0.3310537431796696","1.998460069583336","","","","","","","","","","","","","","","","","",""
"","","","","","","","","","","","","","","","43.0","0.0","1.3651644106866307","1.99518702554736","","","","","","","","","","","","","","","","","",""
"","","","","","","","","","","","","","","","47.0","1.4942137815850476","2.61939452822852","2.04544099454095","","","","","","","","","","","","","","","","","",""
"","","","","","","","","","","","","","","","51.0","0.0","1.3261361642319598","1.984273410950281","","","","","","","","","","","","","","","","","",""
"","","","","","","","","","","","","","","","55.0","-1.978938781737701","0.0401678111941633","2.0321923639617587","","","","","","","","","","","","","","","","","",""
"","","","","","","","","","","","","","","","59.0","0.0","1.2405865477556062","1.9907071583942284","","","","","","","","","","","","","","","","","",""
"","","","","","","","","","","","","","","","63.0","1.2849136735310651","2.4640648565596583","1.9337759532876289","","","","","","","","","","","","","","","","","",""
"","","","","","","","","","","","","","","","67.0","0.0","1.1607193585197328","1.95745002876782","","","","","","","","","","","","","","","","","",""
"","","","","","","","","","","","","","","","71.0","1.188277715008185","2.383527131877029","1.947642934283984","","","","","","","","","","","","","","","","","",""
"","","","","","","","","","","","","","","","75.0","0.0","1.263158115592864","1.8857129674112376","","","","","","","","","","","","","","","","","",""
"","","","","","","","","","","","","","","","79.0","-0.1282601886251169","0.888134525074296","1.845799140888586","","","","","","","","","","","","","","","","","",""
"","","","","","","","","","","","","","","","83.0","0.0","1.197028650543842","1.7780395961659876","","","","","","","","","","","","","","","","","",""
"","","","","","","","","","","","","","","","87.0","-0.7878702927227459","0.0425784985949835","1.80935058239142","","","","","","","","","","","","","","","","","",""
"","","","","","","","","","","","","","","","91.0","0.0","1.0951210210186435","1.7459317340355844","","","","","","","","","","","","","","","","","",""
"","","","","","","","","","","","","","","","95.0","-0.8862975515969067","0.0587770738205143","1.7413759529859176","","","","","","","","","","","","","","","","","",""
"","","","","","","","","","","","","","","","99.0","0.0","1.1780365571627602","1.811702098658745","","","","","","","","","","","","","","","","","",""
"","","","","","","","","","","","","","","","103.0","-0.9805216493835016","0.0738140866721134","1.9442753967624675","","","","","","","","","","","","","","","","","",""
"gp_matern","matern","low_dim","x1","u","1.6050882802469617","0.7373500244117839","26.0","","","0.3852247000904754","","","","","","","","","0.687**2 * Matern(length_scale=1.69, nu=1.5) + DotProduct(sigma_0=1e-05) + WhiteKernel(noise_level=0.00247)","","","","","","","","","","","","","","","","",""
"gp_matern","matern","low_dim","x2","u","6.311247542593662e-06","6.413393519129051e-11","26.0","","","0.3852247000904754","","","","","","","","","0.0316**2 * Matern(length_scale=0.00183, nu=1.5) + DotProduct(sigma_0=3.81e-05) + WhiteKernel(noise_level=1)","","","","","","","","","","","","","","","","",""
"","","","","","","","","","","","","","","","3.0","0.0","1.627772773688431","2.1946875854966104","","","","","","","","","","","","","","","","","",""
"","","","","","","","","","","","","","","","7.0","0.5003818664186679","2.468010255742976","2.2050622254236645","","","","","","","","","","","","","","","","","",""
"","","","","","","","","","","","","","","","11.0","0.0","1.6047175368107889","2.197537345144952","","","","","","","","","","","","","","","","","",""
"","","","","","","","","","","","","","","","15.0","1.588855203878302","2.7753471791643274","2.157466481564143","","","","","","","","","","","","","","","","","",""
"","","","","","","","","","","","","","","","19.0","0.0","1.6742335507684556","2.193931152345705","","","","","","","","","","","","","","","","","",""
"","","","","","","","","","","","","","","","23.0","1.102742760980774","2.873910180406672","2.2000035072475","","","","","","","","","","","","","","","","","",""
"","","","","","","","","","","","","","","","27.0","0.0","1.6823883401967274","2.22464745636036","","","","","","","","","","","","","","","","","",""
"","","","","","","","","","","","","","","","31.0","-1.0991712400376326","0.4866228363465609","2.144241856750022","","","","","","","","","","","","","","","","","",""
"","","","","","","","","","","","","","","","35.0","0.0","1.6458603949169903","2.1104194573877604","","","","","","","","","","","","","","","","","",""
"","","","","","","","","","","","","","","","39.0","-0.7993348603550983","0.5841989016974747","2.26003220870364","","","","","","","","","","","","","","","","","",""
"","","","","","","","","","","","","","","","43.0","0.0","1.651031455299901","2.1815995018222827","","","","","","","","","","","","","","","","","",""
"","","","","","","","","","","","","","","","47.0","1.4942137815850476","2.837225759467629","2.202697210692064","","","","","","","","","","","","","","","","","",""
"","","","","","","","","","","","","","","","51.0","0.0","1.6844034798492835","2.283763880704013","","","","","","","","","","","","","","","","","",""
"","","","","","","","","","","","","","","","55.0","-1.978938781737701","0.4703314947286885","2.2193793406826514","","","","","","","","","","","","","","","","","",""
"","","","","","","","","","","","","","","","59.0","0.0","1.6846686334651693","2.206547808842416","","","","","","","","","","","","","","","","","",""
"","","","","","","","","","","","","","","","63.0","1.2849136735310651","2.791250449966136","2.2331058499008254","","","","","","","","","","","","","","","","","",""
"","","","","","","","","","","","","","","","67.0","0.0","1.7436970067852966","2.2553152218070167","","","","","","","","","","","","","","","","","",""
"","","","","","","","","","","","","","","","71.0","1.188277715008185","2.858136931594124","2.166412745947784","","","","","","","","","","","","","","","","","",""
"","","","","","","","","","","","","","","","75.0","0.0","1.6392549174121758","2.173859325612641","","","","","","","","","","","","","","","","","",""
"","","","","","","","","","","","","","","","79.0","-0.1282601886251169","1.4714877867696494","2.171401613126667","","","","","","","","","","","","","","","","","",""
"","","","","","","","","","","","","","","","83.0","0.0","1.5957389713975096","2.227941331055371","","","","","","","","","","","","","","","","","",""
"","","","","","","","","","","","","","","","87.0","-0.7878702927227459","0.5320434420429578","2.1432570978035344","","","","","","","","","","","","","","","","","",""
"","","","","","","","","","","","","","","","91.0","0.0","1.6743873651550223","2.1867576365628105","","","","","","","","","","","","","","","","","",""
"","","","","","","","","","","","","","","","95.0","-0.8862975515969067","0.4911044257625394","2.2333730255642466","","","","","","","","","","","","","","","","","",""
"","","","","","","","","","","","","","","","99.0","0.0","1.6074238838506258","2.2525403727566826","","","","","","","","","","","","","","","","","",""
"","","","","","","","","","","","","","","","103.0","-0.9805216493835016","0.4762371186365712","2.130522629175632","","","","","","","","","","","","","","","","","",""
"gp_matern","matern","low_dim","x1","u","1.559936286718857","0.7132187746943228","26.0","","","0.3983014000114053","","","","","","","","","0.689**2 * Matern(length_scale=1.7, nu=1.5) + DotProduct(sigma_0=1e-05) + WhiteKernel(noise_level=0.00243)","","","","","","","","","","","","","","","","",""
"gp_matern","matern","low_dim","x2","u","-1.1112659599548066e-05","1.4362110822033636e-15","26.0","","","0.3983014000114053","","","","","","","","","0.0316**2 * Matern(length_scale=0.001, nu=1.5) + DotProduct(sigma_0=1.35e-05) + WhiteKernel(noise_level=1)","","","","","","","","","","","","","","","","",""
"","","","","","","","","","","","","","","","3.0","0.0","1.62","2.2","","","","","","","","","","","","","","","","","",""
"","","","","","","","","","","","","","","","7.0","0.5003818664186679","2.46","2.2","","","","","","","","","","","","","","","","","",""
"","","","","","","","","","","","","","","","11.0","0.0","1.6","2.2","","","","","","","","","","","","","","","","","",""
"","","","","","","","","","","","","","","","15.0","1.588855203878302","2.78","2.16","","","","","","","","","","","","","","","","","",""
"","","","","","","","","","","","","","","","19.0","0.0","1.68","2.2","","","","","","","","","","","","","","","","","",""
"","","","","","","","","","","","","","","","23.0","1.102742760980774","2.88","2.2","","","","","","","","","","","","","","","","","",""
"","","","","","","","","","","","","","","","27.0","0.0","1.68","2.22","","","","","","","","","","","","","","","","","",""
"","","","","","","","","","","","","","","","31.0","-1.0991712400376326","0.48","2.14","","","","","","","","","","","","","","","","","",""
"","","","","","","","","","","","","","","","35.0","0.0","1.64","2.12","","","","","","","","","","","","","","","","","",""
"","","","","","","","","","","","","","","","39.0","-0.7993348603550983","0.58","2.26","","","","","","","","","","","","","","","","","",""
"","","","","","","","","","","","","","","","43.0","0.0","1.66","2.18","","","","","","","","","","","","","","","","","",""
"","","","","","","","","","","","","","","","47.0","1.4942137815850476","2.84","2.2","","","","","","","","","","","","","","","","","",""
"","","","","","","","","","","","","","","","51.0","0.0","1.68","2.28","","","","","","","","","","","","","","","","","",""
"","","","","","","","","","","","","","","","55.0","-1.978938781737701","0.48","2.22","","","","","","","","","","","","","","","","","",""
"","","","","","","","","","","","","","","","59.0","0.0","1.68","2.2","","","","","","","","","","","","","","","","","",""
"","","","","","","","","","","","","","","","63.0","1.2849136735310651","2.8000000000000003","2.24","","","","","","","","","","","","","","","","","",""
"","","","","","","","","","","","","","","","67.0","0.0","1.74","2.26","","","","","","","","","","","","","","","","","",""
"","","","","","","","","","","","","","","","71.0","1.188277715008185","2.86","2.16","","","","","","","","","","","","","","","","","",""
"","","","","","","","","","","","","","","","75.0","0.0","1.64","2.18","","","","","","","","","","","","","","","","","",""
"","","","","","","","","","","","","","","","79.0","-0.1282601886251169","1.48","2.18","","","","","","","","","","","","","","","","","",""
"","","","","","","","","","","","","","","","83.0","0.0","1.6","2.22","","","","","","","","","","","","","","","","","",""
"","","","","","","","","","","","","","","","87.0","-0.7878702927227459","0.54","2.14","","","","","","","","","","","","","","","","","",""
"","","","","","","","","","","","","","","","91.0","0.0","1.68","2.18","","","","","","","","","","","","","","","","","",""
"","","","","","","","","","","","","","","","95.0","-0.8862975515969067","0.5","2.24","","","","","","","","","","","","","","","","","",""
"","","","","","","","","","","","","","","","99.0","0.0","1.6","2.26","","","","","","","","","","","","","","","","","",""
"","","","","","","","","","","","","","","","103.0","-0.9805216493835016","0.48","2.14","","","","","","","","","","","","","","","","","",""
"gp_matern","matern","low_dim","x1","u","2.481195944160928","1.1162678317423498","26.0","","","0.4509424000279978","","","","","","","","","0.66**2 * Matern(length_scale=1.13, nu=1.5) + DotProduct(sigma_0=1e-05) + WhiteKernel(noise_level=0.0198)","","","","","","","","","","","","","","","","",""
"gp_matern","matern","low_dim","x2","u","0.0010911203318228","0.0004873124147728","26.0","","","0.4509424000279978","","","","","","","","","0.0316**2 * Matern(length_scale=0.193, nu=1.5) + DotProduct(sigma_0=0.00233) + WhiteKernel(noise_level=0.999)","","","","","","","","","","","","","","","","",""
"","","","","","","","","","","","","","","","3.0","0.0","1.604994831943593","2.0967411756995618","","","","","","","","","","","","","","","","","",""
"","","","","","","","","","","","","","","","7.0","0.5003818664186679","2.453377545730983","2.137004758327686","","","","","","","","","","","","","","","","","",""
"","","","","","","","","","","","","","","","11.0","0.0","1.496352737032468","2.110407071226073","","","","","","","","","","","","","","","","","",""
"","","","","","","","","","","","","","","","15.0","1.588855203878302","2.574563181319324","2.0907474991612447","","","","","","","","","","","","","","","","","",""
"","","","","","","","","","","","","","","","19.0","0.0","1.3941403577095677","2.078697527829385","","","","","","","","","","","","","","","","","",""
"","","","","","","","","","","","","","","","23.0","1.102742760980774","2.526595339080429","2.032997754273694","","","","","","","","","","","","","","","","","",""
"","","","","","","","","","","","","","","","27.0","0.0","1.4065313619789532","2.07702024882752","","","","","","","","","","","","","","","","","",""
"","","","","","","","","","","","","","","","31.0","-1.0991712400376326","0.2369419658490002","2.077332105032589","","","","","","","","","","","","","","","","","",""
"","","","","","","","","","","","","","","","35.0","0.0","1.350843805007027","2.04680001186605","","","","","","","","","","","","","","","","","",""
"","","","","","","","","","","","","","","","39.0","-0.7993348603550983","0.3562452479223639","2.0062461921022376","","","","","","","","","","","","","","","","","",""
"","","","","","","","","","","","","","","","43.0","0.0","1.3988892101200203","2.006078230026013","","","","","","","","","","","","","","","","","",""
"","","","","","","","","","","","","","","","47.0","1.4942137815850476","2.606975246009072","2.04013780632939","","","","","","","","","","","","","","","","","",""
"","","","","","","","","","","","","","","","51.0","0.0","1.355283605705326","1.9986040692636824","","","","","","","","","","","","","","","","","",""
"","","","","","","","","","","","","","","","55.0","-1.978938781737701","0.1017923840532522","2.0566345768540426","","","","","","","","","","","","","","","","","",""
"","","","","","","","","","","","","","","","59.0","0.0","1.3043349387045886","2.0156815001283475","","","","","","","","","","","","","","","","","",""
"","","","","","","","","","","","","","","","63.0","1.2849136735310651","2.5296600703751126","1.959155746680568","","","","","","","","","","","","","","","","","",""
"","","","","","","","","","","","","","","","67.0","0.0","1.218500133949313","1.9812352619346","","","","","","","","","","","","","","","","","",""
"","","","","","","","","","","","","","","","71.0","1.188277715008185","2.4443714070937923","1.9719258340319512","","","","","","","","","","","","","","","","","",""
"","","","","","","","","","","","","","","","75.0","0.0","1.2944982852731697","1.8987780010966624","","","","","","","","","","","","","","","","","",""
"","","","","","","","","","","","","","","","79.0","-0.1282601886251169","0.9485553807139876","1.87018838033802","","","","","","","","","","","","","","","","","",""
"","","","","","","","","","","","","","","","83.0","0.0","1.2597736414164629","1.8027221565237208","","","","","","","","","","","","","","","","","",""
"","","","","","","","","","","","","","","","87.0","-0.7878702927227459","0.083837742761251","1.82739008827598","","","","","","","","","","","","","","","","","",""
"","","","","","","","","","","","","","","","91.0","0.0","1.1588265045961712","1.7709023724524489","","","","","","","","","","","","","","","","","",""
"","","","","","","","","","","","","","","","95.0","-0.8862975515969067","0.1130825485368905","1.7629060789534494","","","","","","","","","","","","","","","","","",""
"","","","","","","","","","","","","","","","99.0","0.0","1.2191592716886852","1.8297818497815364","","","","","","","","","","","","","","","","","",""
"","","","","","","","","","","","","","","","103.0","-0.9805216493835016","0.1343353076968165","1.9684831868215111","","","","","","","","","","","","","","","","","",""
"gp_matern","matern","low_dim","x1","u","1.7561098325726316","0.8215772482656952","26.0","","","0.4018280999734998","","","","","","","","","0.683**2 * Matern(length_scale=1.66, nu=1.5) + DotProduct(sigma_0=3.81e-05) + WhiteKernel(noise_level=0.00158)","","","","","","","","","","","","","","","","",""
"gp_matern","matern","low_dim","x2","u","9.090061470190182e-05","4.1504515751032615e-11","26.0","","","0.4018280999734998","","","","","","","","","0.0316**2 * Matern(length_scale=0.00178, nu=1.5) + DotProduct(sigma_0=3.81e-05) + WhiteKernel(noise_level=1)","","","","","","","","","","","","","","","","",""
"","","","","","","","","","","","","","","","3.0","0.0","1.6421213246444035","2.199515847831928","","","","","","","","","","","","","","","","","",""
"","","","","","","","","","","","","","","","7.0","0.5003818664186679","2.482992711350084","2.21013695791548","","","","","","","","","","","","","","","","","",""
"","","","","","","","","","","","","","","","11.0","0.0","1.6328070273097262","2.207796508395289","","","","","","","","","","","","","","","","","",""
"","","","","","","","","","","","","","","","15.0","1.588855203878302","2.8291019001999214","2.178339057020697","","","","","","","","","","","","","","","","","",""
"","","","","","","","","","","","","","","","19.0","0.0","1.6332113914256396","2.1801451484665897","","","","","","","","","","","","","","","","","",""
"","","","","","","","","","","","","","","","23.0","1.102742760980774","2.8849954995377143","2.2039422649179503","","","","","","","","","","","","","","","","","",""
"","","","","","","","","","","","","","","","27.0","0.0","1.6507429556094957","2.210009189013113","","","","","","","","","","","","","","","","","",""
"","","","","","","","","","","","","","","","31.0","-1.0991712400376326","0.4947116109900696","2.14946069486736","","","","","","","","","","","","","","","","","",""
"","","","","","","","","","","","","","","","35.0","0.0","1.668568945832974","2.117752414255844","","","","","","","","","","","","","","","","","",""
"","","","","","","","","","","","","","","","39.0","-0.7993348603550983","0.539469835921346","2.24555440258952","","","","","","","","","","","","","","","","","",""
"","","","","","","","","","","","","","","","43.0","0.0","1.6502232117502462","2.181424854971948","","","","","","","","","","","","","","","","","",""
"","","","","","","","","","","","","","","","47.0","1.4942137815850476","2.8491198857096074","2.2060280724925274","","","","","","","","","","","","","","","","","",""
"","","","","","","","","","","","","","","","51.0","0.0","1.6981646512604267","2.286738741040807","","","","","","","","","","","","","","","","","",""
"","","","","","","","","","","","","","","","55.0","-1.978938781737701","0.4674647077607113","2.21824551110418","","","","","","","","","","","","","","","","","",""
"","","","","","","","","","","","","","","","59.0","0.0","1.6410808476933176","2.1923230630754764","","","","","","","","","","","","","","","","","",""
"","","","","","","","","","","","","","","","63.0","1.2849136735310651","2.790987393819607","2.233032444750171","","","","","","","","","","","","","","","","","",""
"","","","","","","","","","","","","","","","67.0","0.0","1.7088312741999474","2.240361064546215","","","","","","","","","","","","","","","","","",""
"","","","","","","","","","","","","","","","71.0","1.188277715008185","2.8525987580679057","2.1652166198532434","","","","","","","","","","","","","","","","","",""
"","","","","","","","","","","","","","","","75.0","0.0","1.6673676287573411","2.1843817952227336","","","","","","","","","","","","","","","","","",""
"","","","","","","","","","","","","","","","79.0","-0.1282601886251169","1.4312317763054514","2.1577638979212046","","","","","","","","","","","","","","","","","",""
"","","","","","","","","","","","","","","","83.0","0.0","1.5983261640573048","2.22856517226126","","","","","","","","","","","","","","","","","",""
"","","","","","","","","","","","","","","","87.0","-0.7878702927227459","0.5136992408786853","2.134048667916983","","","","","","","","","","","","","","","","","",""
"","","","","","","","","","","","","","","","91.0","0.0","1.665987983269002","2.184873771800009","","","","","","","","","","","","","","","","","",""
"","","","","","","","","","","","","","","","95.0","-0.8862975515969067","0.4962518320716401","2.235430402892236","","","","","","","","","","","","","","","","","",""
"","","","","","","","","","","","","","","","99.0","0.0","1.5864660145001943","2.245212145877862","","","","","","","","","","","","","","","","","",""
"","","","","","","","","","","","","","","","103.0","-0.9805216493835016","0.481048081144284","2.1316212406802104","","","","","","","","","","","","","","","","","",""
"gp_matern","matern","low_dim","x1","u","1.7157130671770753","0.8004976926516819","26.0","","","0.4132447000592947","","","","","","","","","0.685**2 * Matern(length_scale=1.7, nu=1.5) + DotProduct(sigma_0=1e-05) + WhiteKernel(noise_level=0.00146)","","","","","","","","","","","","","","","","",""
"gp_matern","matern","low_dim","x2","u","7.817796137692549e-05","1.0164130683063695e-10","26.0","","","0.4132447000592947","","","","","","","","","0.0316**2 * Matern(length_scale=0.00188, nu=1.5) + DotProduct(sigma_0=3.81e-05) + WhiteKernel(noise_level=1)","","","","","","","","","","","","","","","","",""
"","","","","","","","","","","","","","","","3.0","0.0","1.64","2.2","","","","","","","","","","","","","","","","","",""
"","","","","","","","","","","","","","","","7.0","0.5003818664186679","2.48","2.22","","","","","","","","","","","","","","","","","",""
"","","","","","","","","","","","","","","","11.0","0.0","1.64","2.2","","","","","","","","","","","","","","","","","",""
"","","","","","","","","","","","","","","","15.0","1.588855203878302","2.82","2.18","","","","","","","","","","","","","","","","","",""
"","","","","","","","","","","","","","","","19.0","0.0","1.64","2.18","","","","","","","","","","","","","","","","","",""
"","","","","","","","","","","","","","","","23.0","1.102742760980774","2.88","2.2","","","","","","","","","","","","","","","","","",""
"","","","","","","","","","","","","","","","27.0","0.0","1.66","2.22","","","","","","","","","","","","","","","","","",""
"","","","","","","","","","","","","","","","31.0","-1.0991712400376326","0.5","2.14","","","","","","","","","","","","","","","","","",""
"","","","","","","","","","","","","","","","35.0","0.0","1.66","2.12","","","","","","","","","","","","","","","","","",""
"","","","","","","","","","","","","","","","39.0","-0.7993348603550983","0.54","2.24","","","","","","","","","","","","","","","","","",""
"","","","","","","","","","","","","","","","43.0","0.0","1.66","2.18","","","","","","","","","","","","","","","","","",""
"","","","","","","","","","","","","","","","47.0","1.4942137815850476","2.84","2.2","","","","","","","","","","","","","","","","","",""
"","","","","","","","","","","","","","","","51.0","0.0","1.7","2.28","","","","","","","","","","","","","","","","","",""
"","","","","","","","","","","","","","","","55.0","-1.978938781737701","0.46","2.22","","","","","","","","","","","","","","","","","",""
"","","","","","","","","","","","","","","","59.0","0.0","1.64","2.2","","","","","","","","","","","","","","","","","",""
"","","","","","","","","","","","","","","","63.0","1.2849136735310651","2.8000000000000003","2.24","","","","","","","","","","","","","","","","","",""
"","","","","","","","","","","","","","","","67.0","0.0","1.7","2.24","","","","","","","","","","","","","","","","","",""
"","","","","","","","","","","","","","","","71.0","1.188277715008185","2.86","2.16","","","","","","","","","","","","","","","","","",""
"","","","","","","","","","","","","","","","75.0","0.0","1.66","2.18","","","","","","","","","","","","","","","","","",""
"","","","","","","","","","","","","","","","79.0","-0.1282601886251169","1.44","2.16","","","","","","","","","","","","","","","","","",""
"","","","","","","","","","","","","","","","83.0","0.0","1.6","2.22","","","","","","","","","","","","","","","","","",""
"","","","","","","","","","","","","","","","87.0","-0.7878702927227459","0.52","2.14","","","","","","","","","","","","","","","","","",""
"","","","","","","","","","","","","","","","91.0","0.0","1.66","2.18","","","","","","","","","","","","","","","","","",""
"","","","","","","","","","","","","","","","95.0","-0.8862975515969067","0.5","2.24","","","","","","","","","","","","","","","","","",""
"","","","","","","","","","","","","","","","99.0","0.0","1.58","2.24","","","","","","","","","","","","","","","","","",""
"","","","","","","","","","","","","","","","103.0","-0.9805216493835016","0.48","2.14","","","","","","","","","","","","","","","","","",""
"gp_matern","matern","low_dim","x1","u","2.5951620536264945","1.1838849526233508","26.0","","","0.3657525000162422","","","","","","","","","0.662**2 * Matern(length_scale=1.09, nu=1.5) + DotProduct(sigma_0=3.81e-05) + WhiteKernel(noise_level=0.0216)","","","","","","","","","","","","","","","","",""
"gp_matern","matern","low_dim","x2","u","0.0012097211078184","0.0003441783271447","26.0","","","0.3657525000162422","","","","","","","","","0.0316**2 * Matern(length_scale=0.527, nu=1.5) + DotProduct(sigma_0=0.00776) + WhiteKernel(noise_level=0.999)","","","","","","","","","","","","","","","","",""
"","","","","","","","","","","","","","","","3.0","0.0","1.6193433828995651","2.101569438034879","","","","","","","","","","","","","","","","","",""
"","","","","","","","","","","","","","","","7.0","0.5003818664186679","2.468360001338092","2.1420794908195018","","","","","","","","","","","","","","","","","",""
"","","","","","","","","","","","","","","","11.0","0.0","1.5244422275314051","2.12066623447641","","","","","","","","","","","","","","","","","",""
"","","","","","","","","","","","","","","","15.0","1.588855203878302","2.628317902354918","2.1116200746177984","","","","","","","","","","","","","","","","","",""
"","","","","","","","","","","","","","","","19.0","0.0","1.3531181983667515","2.06491152395027","","","","","","","","","","","","","","","","","",""
"","","","","","","","","","","","","","","","23.0","1.102742760980774","2.5376806582114706","2.0369365119441443","","","","","","","","","","","","","","","","","",""
"","","","","","","","","","","","","","","","27.0","0.0","1.3748859773917212","2.0623819814802733","","","","","","","","","","","","","","","","","",""
"","","","","","","","","","","","","","","","31.0","-1.0991712400376326","0.245030740492509","2.0825509431499265","","","","","","","","","","","","","","","","","",""
"","","","","","","","","","","","","","","","35.0","0.0","1.3735523559230105","2.054132968734134","","","","","","","","","","","","","","","","","",""
"","","","","","","","","","","","","","","","39.0","-0.7993348603550983","0.3115161821462352","1.9917683859881168","","","","","","","","","","","","","","","","","",""
"","","","","","","","","","","","","","","","43.0","0.0","1.3980809665703655","2.005903583175678","","","","","","","","","","","","","","","","","",""
"","","","","","","","","","","","","","","","47.0","1.4942137815850476","2.61886937225105","2.043468668129853","","","","","","","","","","","","","","","","","",""
"","","","","","","","","","","","","","","","51.0","0.0","1.369044777116469","2.001578929600477","","","","","","","","","","","","","","","","","",""
"","","","","","","","","","","","","","","","55.0","-1.978938781737701","0.0989255970852749","2.055500747275571","","","","","","","","","","","","","","","","","",""
"","","","","","","","","","","","","","","","59.0","0.0","1.260747152932737","2.001456754361408","","","","","","","","","","","","","","","","","",""
"","","","","","","","","","","","","","","","63.0","1.2849136735310651","2.5293970142285835","1.9590823415299128","","","","","","","","","","","","","","","","","",""
"","","","","","","","","","","","","","","","67.0","0.0","1.1836344013639637","1.9662811046737985","","","","","","","","","","","","","","","","","",""
"","","","","","","","","","","","","","","","71.0","1.188277715008185","2.438833233567574","1.9707297079374115","","","","","","","","","","","","","","","","","",""
"","","","","","","","","","","","","","","","75.0","0.0","1.322610996618335","1.909300470706755","","","","","","","","","","","","","","","","","",""
"","","","","","","","","","","","","","","","79.0","-0.1282601886251169","0.9082993702497896","1.856550665132557","","","","","","","","","","","","","","","","","",""
"","","","","","","","","","","","","","","","83.0","0.0","1.262360834076258","1.8033459977296096","","","","","","","","","","","","","","","","","",""
"","","","","","","","","","","","","","","","87.0","-0.7878702927227459","0.0654935415969785","1.818181658389428","","","","","","","","","","","","","","","","","",""
"","","","","","","","","","","","","","","","91.0","0.0","1.150427122710151","1.7690185076896472","","","","","","","","","","","","","","","","","",""
"","","","","","","","","","","","","","","","95.0","-0.8862975515969067","0.1182299548459912","1.764963456281439","","","","","","","","","","","","","","","","","",""
"","","","","","","","","","","","","","","","99.0","0.0","1.1982014023382537","1.822453622902716","","","","","","","","","","","","","","","","","",""
"","","","","","","","","","","","","","","","103.0","-0.9805216493835016","0.1391462702045293","1.9695817983260893","","","","","","","","","","","","","","","","","",""
"gp_matern","matern","low_dim","x1","u","1.844221986140316","0.841043792457653","26.0","","","0.2196991000091657","","","","","","","","","0.629**2 * Matern(length_scale=1.29, nu=1.5) + DotProduct(sigma_0=1e-05) + WhiteKernel(noise_level=0.00459)","","","","","","","","","","","","","","","","",""
"gp_matern","matern","low_dim","x2","u","0.0001735665461277","1.2633064052188148e-10","26.0","","","0.2196991000091657","","","","","","","","","0.0316**2 * Matern(length_scale=0.00186, nu=1.5) + DotProduct(sigma_0=3.81e-05) + WhiteKernel(noise_level=1)","","","","","","","","","","","","","","","","",""
"","","","","","","","","","","","","","","","3.0","0.0","1.6428672729603864","2.1996204746950307","","","","","","","","","","","","","","","","","",""
"","","","","","","","","","","","","","","","7.0","0.5003818664186679","2.5267240239409734","2.226877968262388","","","","","","","","","","","","","","","","","",""
"","","","","","","","","","","","","","","","11.0","0.0","1.6441507473089467","2.210282933741151","","","","","","","","","","","","","","","","","",""
"","","","","","","","","","","","","","","","15.0","1.588855203878302","2.8362988620079603","2.1803247604117826","","","","","","","","","","","","","","","","","",""
"","","","","","","","","","","","","","","","19.0","0.0","1.6796963892126302","2.194966830962329","","","","","","","","","","","","","","","","","",""
"","","","","","","","","","","","","","","","23.0","1.102742760980774","2.8863131589685693","2.204209070094405","","","","","","","","","","","","","","","","","",""
"","","","","","","","","","","","","","","","27.0","0.0","1.6944777555707766","2.2267513197551843","","","","","","","","","","","","","","","","","",""
"","","","","","","","","","","","","","","","31.0","-1.0991712400376326","0.5060553522618385","2.151947127953376","","","","","","","","","","","","","","","","","",""
"","","","","","","","","","","","","","","","35.0","0.0","1.6757659077707732","2.119738117700402","","","","","","","","","","","","","","","","","",""
"","","","","","","","","","","","","","","","39.0","-0.7993348603550983","0.5859548337091283","2.2603760850856283","","","","","","","","","","","","","","","","","",""
"","","","","","","","","","","","","","","","43.0","0.0","1.6515408711811064","2.181691660148405","","","","","","","","","","","","","","","","","",""
"","","","","","","","","","","","","","","","47.0","1.4942137815850476","2.8928546856708888","2.2227702032345986","","","","","","","","","","","","","","","","","",""
"","","","","","","","","","","","","","","","51.0","0.0","1.7095083925321954","2.289225174126824","","","","","","","","","","","","","","","","","",""
"","","","","","","","","","","","","","","","55.0","-1.978938781737701","0.4203357563398244","2.199217609179908","","","","","","","","","","","","","","","","","",""
"","","","","","","","","","","","","","","","59.0","0.0","1.6209911770353351","2.181603038452016","","","","","","","","","","","","","","","","","",""
"","","","","","","","","","","","","","","","63.0","1.2849136735310651","2.725655668842885","2.207726260799014","","","","","","","","","","","","","","","","","",""
"","","","","","","","","","","","","","","","67.0","0.0","1.6859162339950882","2.2315299900515644","","","","","","","","","","","","","","","","","",""
"","","","","","","","","","","","","","","","71.0","1.188277715008185","2.7972926563934606","2.1421298462095666","","","","","","","","","","","","","","","","","",""
"","","","","","","","","","","","","","","","75.0","0.0","1.6079147477319684","2.160794291927284","","","","","","","","","","","","","","","","","",""
"","","","","","","","","","","","","","","","79.0","-0.1282601886251169","1.4110669311299584","2.147012373677234","","","","","","","","","","","","","","","","","",""
"","","","","","","","","","","","","","","","83.0","0.0","1.5329939805248889","2.203258770697638","","","","","","","","","","","","","","","","","",""
"","","","","","","","","","","","","","","","87.0","-0.7878702927227459","0.4907841978766903","2.125217591918975","","","","","","","","","","","","","","","","","",""
"","","","","","","","","","","","","","","","91.0","0.0","1.6106818815774948","2.161786998145946","","","","","","","","","","","","","","","","","",""
"","","","","","","","","","","","","","","","95.0","-0.8862975515969067","0.4367989510461633","2.2118428995967148","","","","","","","","","","","","","","","","","",""
"","","","","","","","","","","","","","","","99.0","0.0","1.5663011693247009","2.234460621633892","","","","","","","","","","","","","","","","","",""
"","","","","","","","","","","","","","","","103.0","-0.9805216493835016","0.4157158976118681","2.1063148391165885","","","","","","","","","","","","","","","","","",""
"gp_matern","matern","low_dim","x1","u","1.803704122245828","0.8156566746487174","26.0","","","0.2156825999263674","","","","","","","","","0.625**2 * Matern(length_scale=1.29, nu=1.5) + DotProduct(sigma_0=1e-05) + WhiteKernel(noise_level=0.00439)","","","","","","","","","","","","","","","","",""
"gp_matern","matern","low_dim","x2","u","0.0001286248097667","6.806274766162015e-11","26.0","","","0.2156825999263674","","","","","","","","","0.0316**2 * Matern(length_scale=0.00179, nu=1.5) + DotProduct(sigma_0=3.81e-05) + WhiteKernel(noise_level=1)","","","","","","","","","","","","","","","","",""
"","","","","","","","","","","","","","","","3.0","0.0","1.64","2.2","","","","","","","","","","","","","","","","","",""
"","","","","","","","","","","","","","","","7.0","0.5003818664186679","2.52","2.22","","","","","","","","","","","","","","","","","",""
"","","","","","","","","","","","","","","","11.0","0.0","1.64","2.22","","","","","","","","","","","","","","","","","",""
"","","","","","","","","","","","","","","","15.0","1.588855203878302","2.84","2.18","","","","","","","","","","","","","","","","","",""
"","","","","","","","","","","","","","","","19.0","0.0","1.68","2.2","","","","","","","","","","","","","","","","","",""
"","","","","","","","","","","","","","","","23.0","1.102742760980774","2.88","2.2","","","","","","","","","","","","","","","","","",""
"","","","","","","","","","","","","","","","27.0","0.0","1.7","2.22","","","","","","","","","","","","","","","","","",""
"","","","","","","","","","","","","","","","31.0","-1.0991712400376326","0.5","2.16","","","","","","","","","","","","","","","","","",""
"","","","","","","","","","","","","","","","35.0","0.0","1.68","2.12","","","","","","","","","","","","","","","","","",""
"","","","","","","","","","","","","","","","39.0","-0.7993348603550983","0.58","2.26","","","","","","","","","","","","","","","","","",""
"","","","","","","","","","","","","","","","43.0","0.0","1.66","2.18","","","","","","","","","","","","","","","","","",""
"","","","","","","","","","","","","","","","47.0","1.4942137815850476","2.9","2.22","","","","","","","","","","","","","","","","","",""
"","","","","","","","","","","","","","","","51.0","0.0","1.7","2.28","","","","","","","","","","","","","","","","","",""
"","","","","","","","","","","","","","","","55.0","-1.978938781737701","0.42","2.2","","","","","","","","","","","","","","","","","",""
"","","","","","","","","","","","","","","","59.0","0.0","1.62","2.18","","","","","","","","","","","","","","","","","",""
"","","","","","","","","","","","","","","","63.0","1.2849136735310651","2.72","2.2","","","","","","","","","","","","","","","","","",""
"","","","","","","","","","","","","","","","67.0","0.0","1.68","2.24","","","","","","","","","","","","","","","","","",""
"","","","","","","","","","","","","","","","71.0","1.188277715008185","2.8000000000000003","2.14","","","","","","","","","","","","","","","","","",""
"","","","","","","","","","","","","","","","75.0","0.0","1.6","2.16","","","","","","","","","","","","","","","","","",""
"","","","","","","","","","","","","","","","79.0","-0.1282601886251169","1.42","2.14","","","","","","","","","","","","","","","","","",""
"","","","","","","","","","","","","","","","83.0","0.0","1.54","2.2","","","","","","","","","","","","","","","","","",""
"","","","","","","","","","","","","","","","87.0","-0.7878702927227459","0.5","2.12","","","","","","","","","","","","","","","","","",""
"","","","","","","","","","","","","","","","91.0","0.0","1.62","2.16","","","","","","","","","","","","","","","","","",""
"","","","","","","","","","","","","","","","95.0","-0.8862975515969067","0.44","2.22","","","","","","","","","","","","","","","","","",""
"","","","","","","","","","","","","","","","99.0","0.0","1.56","2.24","","","","","","","","","","","","","","","","","",""
"","","","","","","","","","","","","","","","103.0","-0.9805216493835016","0.42","2.1","","","","","","","","","","","","","","","","","",""
"gp_matern","matern","low_dim","x1","u","2.596030933599379","1.1553240988400932","26.0","","","0.2665189999388531","","","","","","","","","0.644**2 * Matern(length_scale=0.99, nu=1.5) + DotProduct(sigma_0=1e-05) + WhiteKernel(noise_level=0.0307)","","","","","","","","","","","","","","","","",""
"gp_matern","matern","low_dim","x2","u","0.0013373792638589","0.0005581267764963","26.0","","","0.2665189999388531","","","","","","","","","0.0316**2 * Matern(length_scale=0.185, nu=1.5) + DotProduct(sigma_0=0.002) + WhiteKernel(noise_level=0.999)","","","","","","","","","","","","","","","","",""
"","","","","","","","","","","","","","","","3.0","0.0","1.620089331215548","2.101674064897982","","","","","","","","","","","","","","","","","",""
"","","","","","","","","","","","","","","","7.0","0.5003818664186679","2.5120913139289813","2.1588205011664097","","","","","","","","","","","","","","","","","",""
"","","","","","","","","","","","","","","","11.0","0.0","1.5357859475306257","2.123152659822272","","","","","","","","","","","","","","","","","",""
"","","","","","","","","","","","","","","","15.0","1.588855203878302","2.635514864162957","2.113605778008884","","","","","","","","","","","","","","","","","",""
"","","","","","","","","","","","","","","","19.0","0.0","1.399603196153742","2.079733206446009","","","","","","","","","","","","","","","","","",""
"","","","","","","","","","","","","","","","23.0","1.102742760980774","2.5389983176423256","2.037203317120599","","","","","","","","","","","","","","","","","",""
"","","","","","","","","","","","","","","","27.0","0.0","1.4186207773530026","2.0791241122223445","","","","","","","","","","","","","","","","","",""
"","","","","","","","","","","","","","","","31.0","-1.0991712400376326","0.2563744817642778","2.085037376235943","","","","","","","","","","","","","","","","","",""
"","","","","","","","","","","","","","","","35.0","0.0","1.3807493178608097","2.056118672178692","","","","","","","","","","","","","","","","","",""
"","","","","","","","","","","","","","","","39.0","-0.7993348603550983","0.3580011799340175","2.006590068484226","","","","","","","","","","","","","","","","","",""
"","","","","","","","","","","","","","","","43.0","0.0","1.3993986260012257","2.006170388352136","","","","","","","","","","","","","","","","","",""
"","","","","","","","","","","","","","","","47.0","1.4942137815850476","2.6626041722123315","2.0602107988719247","","","","","","","","","","","","","","","","","",""
"","","","","","","","","","","","","","","","51.0","0.0","1.3803885183882378","2.004065362686493","","","","","","","","","","","","","","","","","",""
"","","","","","","","","","","","","","","","55.0","-1.978938781737701","0.0517966456643881","2.036472845351299","","","","","","","","","","","","","","","","","",""
"","","","","","","","","","","","","","","","59.0","0.0","1.2406574822747545","1.990736729737948","","","","","","","","","","","","","","","","","",""
"","","","","","","","","","","","","","","","63.0","1.2849136735310651","2.4640652892518613","1.933776157578756","","","","","","","","","","","","","","","","","",""
"","","","","","","","","","","","","","","","67.0","0.0","1.1607193611591042","1.957450030179148","","","","","","","","","","","","","","","","","",""
"","","","","","","","","","","","","","","","71.0","1.188277715008185","2.383527131893129","1.9476429342937345","","","","","","","","","","","","","","","","","",""
"","","","","","","","","","","","","","","","75.0","0.0","1.263158115592962","1.885712967411305","","","","","","","","","","","","","","","","","",""
"","","","","","","","","","","","","","","","79.0","-0.1282601886251169","0.8881345250742967","1.845799140888587","","","","","","","","","","","","","","","","","",""
"","","","","","","","","","","","","","","","83.0","0.0","1.197028650543842","1.7780395961659876","","","","","","","","","","","","","","","","","",""
"","","","","","","","","","","","","","","","87.0","-0.7878702927227459","0.0425784985949835","1.80935058239142","","","","","","","","","","","","","","","","","",""
"","","","","","","","","","","","","","","","91.0","0.0","1.0951210210186435","1.7459317340355844","","","","","","","","","","","","","","","","","",""
"","","","","","","","","","","","","","","","95.0","-0.8862975515969067","0.0587770738205143","1.7413759529859176","","","","","","","","","","","","","","","","","",""
"","","","","","","","","","","","","","","","99.0","0.0","1.1780365571627602","1.811702098658745","","","","","","","","","","","","","","","","","",""
"","","","","","","","","","","","","","","","103.0","-0.9805216493835016","0.0738140866721134","1.9442753967624675","","","","","","","","","","","","","","","","","",""
"state_space","ridge_delta_state","low_dim","x1","u","0.9550538320827217","","108.0","","","0.0250950999325141","","","","","","","","","","","","","","","","","","","","0.001","solve","","","","",""
"state_space","ridge_delta_state","low_dim","x2","u","-0.0025970493816996","","108.0","","","0.0250950999325141","","","","","","","","","","","","","","","","","","","","0.001","solve","","","","",""
"state_space","ridge_delta_state","low_dim","x1","u","0.9540861092891224","","108.0","","","0.0221391000086441","","","","","","","","","","","","","","","","","","","","0.001","solve","","","","",""
"state_space","ridge_delta_state","low_dim","x2","u","-0.0032585469933949","","108.0","","","0.0221391000086441","","","","","","","","","","","","","","","","","","","","0.001","solve","","","","",""
"state_space","ridge_delta_state","low_dim","x1","u","1.0117788233918552","","108.0","","","0.0267044999636709","","","","","","","","","","","","","","","","","","","","0.001","solve","","","","",""
"state_space","ridge_delta_state","low_dim","x2","u","0.0503622398456029","","108.0","","","0.0267044999636709","","","","","","","","","","","","","","","","","","","","0.001","solve","","","","",""
"state_space","ridge_delta_state","low_dim","x1","u","0.9745344857394064","","108.0","","","0.0225436000619083","","","","","","","","","","","","","","","","","","","","0.001","solve","","","","",""
"state_space","ridge_delta_state","low_dim","x2","u","0.0047329518908238","","108.0","","","0.0225436000619083","","","","","","","","","","","","","","","","","","","","0.001","solve","","","","",""
"state_space","ridge_delta_state","low_dim","x1","u","0.9738854216898548","","108.0","","","0.021995999966748","","","","","","","","","","","","","","","","","","","","0.001","solve","","","","",""
"state_space","ridge_delta_state","low_dim","x2","u","0.0029369599468583","","108.0","","","0.021995999966748","","","","","","","","","","","","","","","","","","","","0.001","solve","","","","",""
"state_space","ridge_delta_state","low_dim","x1","u","1.0331883527396204","","108.0","","","0.0203566000564023","","","","","","","","","","","","","","","","","","","","0.001","solve","","","","",""
"state_space","ridge_delta_state","low_dim","x2","u","0.0595918310253166","","108.0","","","0.0203566000564023","","","","","","","","","","","","","","","","","","","","0.001","solve","","","","",""
"state_space","ridge_delta_state","low_dim","x1","u","0.9525156812164176","","108.0","","","0.0230051999678835","","","","","","","","","","","","","","","","","","","","0.001","solve","","","","",""
"state_space","ridge_delta_state","low_dim","x2","u","-0.0036341464980703","","108.0","","","0.0230051999678835","","","","","","","","","","","","","","","","","","","","0.001","solve","","","","",""
"state_space","ridge_delta_state","low_dim","x1","u","0.952132696130797","","108.0","","","0.022623399971053","","","","","","","","","","","","","","","","","","","","0.001","solve","","","","",""
"state_space","ridge_delta_state","low_dim","x2","u","-0.0037870251072644","","108.0","","","0.022623399971053","","","","","","","","","","","","","","","","","","","","0.001","solve","","","","",""
"state_space","ridge_delta_state","low_dim","x1","u","1.0059407260700488","","108.0","","","0.0209080000640824","","","","","","","","","","","","","","","","","","","","0.001","solve","","","","",""
"state_space","ridge_delta_state","low_dim","x2","u","0.0481358373343932","","108.0","","","0.0209080000640824","","","","","","","","","","","","","","","","","","","","0.001","solve","","","","",""
"state_space","ridge_delta_state","low_dim","x1","u","0.9654072082889112","","108.0","","","0.023198900045827","","","","","","","","","","","","","","","","","","","","0.001","solve","","","","",""
"state_space","ridge_delta_state","low_dim","x2","u","0.0010581563150825","","108.0","","","0.023198900045827","","","","","","","","","","","","","","","","","","","","0.001","solve","","","","",""
"state_space","ridge_delta_state","low_dim","x1","u","0.9648854335830492","","108.0","","","0.0223013999639078","","","","","","","","","","","","","","","","","","","","0.001","solve","","","","",""
"state_space","ridge_delta_state","low_dim","x2","u","0.0010226430546549","","108.0","","","0.0223013999639078","","","","","","","","","","","","","","","","","","","","0.001","solve","","","","",""
"state_space","ridge_delta_state","low_dim","x1","u","1.0201739709648072","","108.0","","","0.0202661000657826","","","","","","","","","","","","","","","","","","","","0.001","solve","","","","",""
"state_space","ridge_delta_state","low_dim","x2","u","0.0530410445111708","","108.0","","","0.0202661000657826","","","","","","","","","","","","","","","","","","","","0.001","solve","","","","",""
"state_space","ridge_delta_state","low_dim","x1","u","0.976268840490062","","108.0","","","0.0189014000352472","","","","","","","","","","","","","","","","","","","","0.001","solve","","","","",""
"state_space","ridge_delta_state","low_dim","x2","u","0.0051669634198924","","108.0","","","0.0189014000352472","","","","","","","","","","","","","","","","","","","","0.001","solve","","","","",""
"state_space","ridge_delta_state","low_dim","x1","u","0.975637317445972","","108.0","","","0.0140594000695273","","","","","","","","","","","","","","","","","","","","0.001","solve","","","","",""
"state_space","ridge_delta_state","low_dim","x2","u","0.00364833723014","","108.0","","","0.0140594000695273","","","","","","","","","","","","","","","","","","","","0.001","solve","","","","",""
"state_space","ridge_delta_state","low_dim","x1","u","1.0360283880992756","","108.0","","","0.0155387000413611","","","","","","","","","","","","","","","","","","","","0.001","solve","","","","",""
"state_space","ridge_delta_state","low_dim","x2","u","0.0609168879740872","","108.0","","","0.0155387000413611","","","","","","","","","","","","","","","","","","","","0.001","solve","","","","",""
"","","","","","","","","","","","","","","","3.0","0.0","1.6094637470293598","2.188433274403022","","","","","","","","","","","","","","","","","",""
"","","","","","","","","","","","","","","","7.0","0.5003818664186679","2.5017658885750884","2.2200554667997823","","","","","","","","","","","","","","","","","",""
"","","","","","","","","","","","","","","","11.0","0.0","1.6294602497945847","2.206236521990606","","","","","","","","","","","","","","","","","",""
"","","","","","","","","","","","","","","","15.0","1.588855203878302","2.802371421283562","2.168983278785245","","","","","","","","","","","","","","","","","",""
"","","","","","","","","","","","","","","","19.0","0.0","1.6169956874373466","2.17128239641392","","","","","","","","","","","","","","","","","",""
"","","","","","","","","","","","","","","","23.0","1.102742760980774","2.820400045700697","2.178938225834216","","","","","","","","","","","","","","","","","",""
"","","","","","","","","","","","","","","","27.0","0.0","1.6310216773758266","2.202442620643412","","","","","","","","","","","","","","","","","",""
"","","","","","","","","","","","","","","","31.0","-1.0991712400376326","0.4877979982039877","2.146989424395212","","","","","","","","","","","","","","","","","",""
"","","","","","","","","","","","","","","","35.0","0.0","1.643080152336614","2.10965266512686","","","","","","","","","","","","","","","","","",""
"","","","","","","","","","","","","","","","39.0","-0.7993348603550983","0.576386100778399","2.258193302178217","","","","","","","","","","","","","","","","","",""
"","","","","","","","","","","","","","","","43.0","0.0","1.6363242075825366","2.1778995233441028","","","","","","","","","","","","","","","","","",""
"","","","","","","","","","","","","","","","47.0","1.4942137815850476","2.8855620323879663","2.221151293840489","","","","","","","","","","","","","","","","","",""
"","","","","","","","","","","","","","","","51.0","0.0","1.692983250040798","2.2843986621623573","","","","","","","","","","","","","","","","","",""
"","","","","","","","","","","","","","","","55.0","-1.978938781737701","0.4556104519815789","2.2152145637569527","","","","","","","","","","","","","","","","","",""
"","","","","","","","","","","","","","","","59.0","0.0","1.6290364521102731","2.186173994043572","","","","","","","","","","","","","","","","","",""
"","","","","","","","","","","","","","","","63.0","1.2849136735310651","2.728116884786166","2.209186071914373","","","","","","","","","","","","","","","","","",""
"","","","","","","","","","","","","","","","67.0","0.0","1.686739890665691","2.2318720075117167","","","","","","","","","","","","","","","","","",""
"","","","","","","","","","","","","","","","71.0","1.188277715008185","2.8243541189347297","2.1555624190109386","","","","","","","","","","","","","","","","","",""
"","","","","","","","","","","","","","","","75.0","0.0","1.6441306797427797","2.176941492972454","","","","","","","","","","","","","","","","","",""
"","","","","","","","","","","","","","","","79.0","-0.1282601886251169","1.4213481986776773","2.152635910588307","","","","","","","","","","","","","","","","","",""
"","","","","","","","","","","","","","","","83.0","0.0","1.557878449239937","2.2150787263418628","","","","","","","","","","","","","","","","","",""
"","","","","","","","","","","","","","","","87.0","-0.7878702927227459","0.5322995578832517","2.1441528051148704","","","","","","","","","","","","","","","","","",""
"","","","","","","","","","","","","","","","91.0","0.0","1.6402909703208102","2.175158502175819","","","","","","","","","","","","","","","","","",""
"","","","","","","","","","","","","","","","95.0","-0.8862975515969067","0.4816514011374243","2.2312666246844617","","","","","","","","","","","","","","","","","",""
"","","","","","","","","","","","","","","","99.0","0.0","1.6189964177536658","2.2568887535645854","","","","","","","","","","","","","","","","","",""
"","","","","","","","","","","","","","","","103.0","-0.9805216493835016","0.4794573785716273","2.131297668975425","","","","","","","","","","","","","","","","","",""
"","","","","","","","","","","","","","","","3.0","0.0","1.6","2.18","","","","","","","","","","","","","","","","","",""
"","","","","","","","","","","","","","","","7.0","0.5003818664186679","2.5","2.22","","","","","","","","","","","","","","","","","",""
"","","","","","","","","","","","","","","","11.0","0.0","1.62","2.2","","","","","","","","","","","","","","","","","",""
"","","","","","","","","","","","","","","","15.0","1.588855203878302","2.8000000000000003","2.16","","","","","","","","","","","","","","","","","",""
"","","","","","","","","","","","","","","","19.0","0.0","1.62","2.18","","","","","","","","","","","","","","","","","",""
"","","","","","","","","","","","","","","","23.0","1.102742760980774","2.82","2.18","","","","","","","","","","","","","","","","","",""
"","","","","","","","","","","","","","","","27.0","0.0","1.64","2.2","","","","","","","","","","","","","","","","","",""
"","","","","","","","","","","","","","","","31.0","-1.0991712400376326","0.48","2.14","","","","","","","","","","","","","","","","","",""
"","","","","","","","","","","","","","","","35.0","0.0","1.64","2.1","","","","","","","","","","","","","","","","","",""
"","","","","","","","","","","","","","","","39.0","-0.7993348603550983","0.58","2.26","","","","","","","","","","","","","","","","","",""
"","","","","","","","","","","","","","","","43.0","0.0","1.64","2.18","","","","","","","","","","","","","","","","","",""
"","","","","","","","","","","","","","","","47.0","1.4942137815850476","2.88","2.22","","","","","","","","","","","","","","","","","",""
"","","","","","","","","","","","","","","","51.0","0.0","1.7","2.28","","","","","","","","","","","","","","","","","",""
"","","","","","","","","","","","","","","","55.0","-1.978938781737701","0.46","2.22","","","","","","","","","","","","","","","","","",""
"","","","","","","","","","","","","","","","59.0","0.0","1.62","2.18","","","","","","","","","","","","","","","","","",""
"","","","","","","","","","","","","","","","63.0","1.2849136735310651","2.72","2.2","","","","","","","","","","","","","","","","","",""
"","","","","","","","","","","","","","","","67.0","0.0","1.68","2.24","","","","","","","","","","","","","","","","","",""
"","","","","","","","","","","","","","","","71.0","1.188277715008185","2.82","2.16","","","","","","","","","","","","","","","","","",""
"","","","","","","","","","","","","","","","75.0","0.0","1.64","2.18","","","","","","","","","","","","","","","","","",""
"","","","","","","","","","","","","","","","79.0","-0.1282601886251169","1.42","2.16","","","","","","","","","","","","","","","","","",""
"","","","","","","","","","","","","","","","83.0","0.0","1.56","2.22","","","","","","","","","","","","","","","","","",""
"","","","","","","","","","","","","","","","87.0","-0.7878702927227459","0.54","2.14","","","","","","","","","","","","","","","","","",""
"","","","","","","","","","","","","","","","91.0","0.0","1.64","2.18","","","","","","","","","","","","","","","","","",""
"","","","","","","","","","","","","","","","95.0","-0.8862975515969067","0.48","2.24","","","","","","","","","","","","","","","","","",""
"","","","","","","","","","","","","","","","99.0","0.0","1.62","2.26","","","","","","","","","","","","","","","","","",""
"","","","","","","","","","","","","","","","103.0","-0.9805216493835016","0.48","2.14","","","","","","","","","","","","","","","","","",""
"","","","","","","","","","","","","","","","3.0","0.0","1.5866858052845214","2.0904868646059733","","","","","","","","","","","","","","","","","",""
"","","","","","","","","","","","","","","","7.0","0.5003818664186679","2.4871331785630963","2.151997999703804","","","","","","","","","","","","","","","","","",""
"","","","","","","","","","","","","","","","11.0","0.0","1.5210954500162637","2.1191062480717267","","","","","","","","","","","","","","","","","",""
"","","","","","","","","","","","","","","","15.0","1.588855203878302","2.6015874234385588","2.102264296382346","","","","","","","","","","","","","","","","","",""
"","","","","","","","","","","","","","","","19.0","0.0","1.3369024943784584","2.0560487718976","","","","","","","","","","","","","","","","","",""
"","","","","","","","","","","","","","","","23.0","1.102742760980774","2.4730852043744536","2.0119324728604093","","","","","","","","","","","","","","","","","",""
"","","","","","","","","","","","","","","","27.0","0.0","1.3551646991580526","2.054815413110572","","","","","","","","","","","","","","","","","",""
"","","","","","","","","","","","","","","","31.0","-1.0991712400376326","0.238117127706427","2.080079672677779","","","","","","","","","","","","","","","","","",""
"","","","","","","","","","","","","","","","35.0","0.0","1.3480635624266506","2.0460332196051496","","","","","","","","","","","","","","","","","",""
"","","","","","","","","","","","","","","","39.0","-0.7993348603550983","0.3484324470032882","2.0044072855768147","","","","","","","","","","","","","","","","","",""
"","","","","","","","","","","","","","","","43.0","0.0","1.384181962402656","2.002378251547833","","","","","","","","","","","","","","","","","",""
"","","","","","","","","","","","","","","","47.0","1.4942137815850476","2.655311518929409","2.0585918894778152","","","","","","","","","","","","","","","","","",""
"","","","","","","","","","","","","","","","51.0","0.0","1.3638633758968404","1.9992388507220271","","","","","","","","","","","","","","","","","",""
"","","","","","","","","","","","","","","","55.0","-1.978938781737701","0.0870713413061426","2.052469799928344","","","","","","","","","","","","","","","","","",""
"","","","","","","","","","","","","","","","59.0","0.0","1.2487027573496925","1.9953076853295035","","","","","","","","","","","","","","","","","",""
"","","","","","","","","","","","","","","","63.0","1.2849136735310651","2.4665265051951426","1.9352359686941152","","","","","","","","","","","","","","","","","",""
"","","","","","","","","","","","","","","","67.0","0.0","1.161543017829707","1.9577920476393","","","","","","","","","","","","","","","","","",""
"","","","","","","","","","","","","","","","71.0","1.188277715008185","2.410588594434398","1.9610755070951065","","","","","","","","","","","","","","","","","",""
"","","","","","","","","","","","","","","","75.0","0.0","1.2993740476037736","1.9018601684564755","","","","","","","","","","","","","","","","","",""
"","","","","","","","","","","","","","","","79.0","-0.1282601886251169","0.8984157926220155","1.85142267779966","","","","","","","","","","","","","","","","","",""
"","","","","","","","","","","","","","","","83.0","0.0","1.22191311925889","1.7898595518102125","","","","","","","","","","","","","","","","","",""
"","","","","","","","","","","","","","","","87.0","-0.7878702927227459","0.0840938586015448","1.8282857955873155","","","","","","","","","","","","","","","","","",""
"","","","","","","","","","","","","","","","91.0","0.0","1.124730109761959","1.7593032380654572","","","","","","","","","","","","","","","","","",""
"","","","","","","","","","","","","","","","95.0","-0.8862975515969067","0.1036295239117754","1.7607996780736646","","","","","","","","","","","","","","","","","",""
"","","","","","","","","","","","","","","","99.0","0.0","1.2307318055917251","1.8341302305894391","","","","","","","","","","","","","","","","","",""
"","","","","","","","","","","","","","","","103.0","-0.9805216493835016","0.1375555676318726","1.969258226621304","","","","","","","","","","","","","","","","","",""
"","","","","","","","","","","","","","","","3.0","0.0","1.6423327690471845","2.199511659249488","","","","","","","","","","","","","","","","","",""
"","","","","","","","","","","","","","","","7.0","0.5003818664186679","2.525105297441681","2.22654813360216","","","","","","","","","","","","","","","","","",""
"","","","","","","","","","","","","","","","11.0","0.0","1.6411870726913245","2.2096587319143617","","","","","","","","","","","","","","","","","",""
"","","","","","","","","","","","","","","","15.0","1.588855203878302","2.831671886022695","2.17930939423292","","","","","","","","","","","","","","","","","",""
"","","","","","","","","","","","","","","","19.0","0.0","1.6730128708430314","2.1934317060303203","","","","","","","","","","","","","","","","","",""
"","","","","","","","","","","","","","","","23.0","1.102742760980774","2.877087556448803","2.201983364066063","","","","","","","","","","","","","","","","","",""
"","","","","","","","","","","","","","","","27.0","0.0","1.682110915806718","2.223608151535239","","","","","","","","","","","","","","","","","",""
"","","","","","","","","","","","","","","","31.0","-1.0991712400376326","0.489808467331488","2.1475852245627296","","","","","","","","","","","","","","","","","",""
"","","","","","","","","","","","","","","","35.0","0.0","1.6547287863110405","2.1137575342716857","","","","","","","","","","","","","","","","","",""
"","","","","","","","","","","","","","","","39.0","-0.7993348603550983","0.5590073969547804","2.252246086184738","","","","","","","","","","","","","","","","","",""
"","","","","","","","","","","","","","","","43.0","0.0","1.6173066558665117","2.1707082973436296","","","","","","","","","","","","","","","","","",""
"","","","","","","","","","","","","","","","47.0","1.4942137815850476","2.8496450416870767","2.208000398903624","","","","","","","","","","","","","","","","","",""
"","","","","","","","","","","","","","","","51.0","0.0","1.6552560383759174","2.269433222390612","","","","","","","","","","","","","","","","","",""
"","","","","","","","","","","","","","","","55.0","-1.978938781737701","0.4087069218695996","2.1949371277903675","","","","","","","","","","","","","","","","","",""
"","","","","","","","","","","","","","","","59.0","0.0","1.620920242516187","2.1815734671082967","","","","","","","","","","","","","","","","","",""
"","","","","","","","","","","","","","","","63.0","1.2849136735310651","2.725655236150682","2.2077260565078864","","","","","","","","","","","","","","","","","",""
"","","","","","","","","","","","","","","","67.0","0.0","1.6859162313557168","2.2315299886402364","","","","","","","","","","","","","","","","","",""
"","","","","","","","","","","","","","","","71.0","1.188277715008185","2.797292656377361","2.142129846199816","","","","","","","","","","","","","","","","","",""
"","","","","","","","","","","","","","","","75.0","0.0","1.60791474773187","2.1607942919272167","","","","","","","","","","","","","","","","","",""
"","","","","","","","","","","","","","","","79.0","-0.1282601886251169","1.4110669311299575","2.1470123736772337","","","","","","","","","","","","","","","","","",""
"","","","","","","","","","","","","","","","83.0","0.0","1.5329939805248889","2.203258770697638","","","","","","","","","","","","","","","","","",""
"","","","","","","","","","","","","","","","87.0","-0.7878702927227459","0.4907841978766903","2.125217591918975","","","","","","","","","","","","","","","","","",""
"","","","","","","","","","","","","","","","91.0","0.0","1.6106818815774948","2.161786998145946","","","","","","","","","","","","","","","","","",""
"","","","","","","","","","","","","","","","95.0","-0.8862975515969067","0.4367989510461633","2.2118428995967148","","","","","","","","","","","","","","","","","",""
"","","","","","","","","","","","","","","","99.0","0.0","1.5663011693247009","2.234460621633892","","","","","","","","","","","","","","","","","",""
"","","","","","","","","","","","","","","","103.0","-0.9805216493835016","0.4157158976118681","2.1063148391165885","","","","","","","","","","","","","","","","","",""
"","","","","","","","","","","","","","","","3.0","0.0","1.64","2.2","","","","","","","","","","","","","","","","","",""
"","","","","","","","","","","","","","","","7.0","0.5003818664186679","2.52","2.22","","","","","","","","","","","","","","","","","",""
"","","","","","","","","","","","","","","","11.0","0.0","1.64","2.2","","","","","","","","","","","","","","","","","",""
"","","","","","","","","","","","","","","","15.0","1.588855203878302","2.84","2.18","","","","","","","","","","","","","","","","","",""
"","","","","","","","","","","","","","","","19.0","0.0","1.68","2.2","","","","","","","","","","","","","","","","","",""
"","","","","","","","","","","","","","","","23.0","1.102742760980774","2.88","2.2","","","","","","","","","","","","","","","","","",""
"","","","","","","","","","","","","","","","27.0","0.0","1.68","2.22","","","","","","","","","","","","","","","","","",""
"","","","","","","","","","","","","","","","31.0","-1.0991712400376326","0.48","2.14","","","","","","","","","","","","","","","","","",""
"","","","","","","","","","","","","","","","35.0","0.0","1.66","2.12","","","","","","","","","","","","","","","","","",""
"","","","","","","","","","","","","","","","39.0","-0.7993348603550983","0.56","2.26","","","","","","","","","","","","","","","","","",""
"","","","","","","","","","","","","","","","43.0","0.0","1.62","2.18","","","","","","","","","","","","","","","","","",""
"","","","","","","","","","","","","","","","47.0","1.4942137815850476","2.84","2.2","","","","","","","","","","","","","","","","","",""
"","","","","","","","","","","","","","","","51.0","0.0","1.66","2.26","","","","","","","","","","","","","","","","","",""
"","","","","","","","","","","","","","","","55.0","-1.978938781737701","0.4","2.2","","","","","","","","","","","","","","","","","",""
"","","","","","","","","","","","","","","","59.0","0.0","1.62","2.18","","","","","","","","","","","","","","","","","",""
"","","","","","","","","","","","","","","","63.0","1.2849136735310651","2.72","2.2","","","","","","","","","","","","","","","","","",""
"","","","","","","","","","","","","","","","67.0","0.0","1.68","2.24","","","","","","","","","","","","","","","","","",""
"","","","","","","","","","","","","","","","71.0","1.188277715008185","2.8000000000000003","2.14","","","","","","","","","","","","","","","","","",""
"","","","","","","","","","","","","","","","75.0","0.0","1.6","2.16","","","","","","","","","","","","","","","","","",""
"","","","","","","","","","","","","","","","79.0","-0.1282601886251169","1.42","2.14","","","","","","","","","","","","","","","","","",""
"","","","","","","","","","","","","","","","83.0","0.0","1.54","2.2","","","","","","","","","","","","","","","","","",""
"","","","","","","","","","","","","","","","87.0","-0.7878702927227459","0.5","2.12","","","","","","","","","","","","","","","","","",""
"","","","","","","","","","","","","","","","91.0","0.0","1.62","2.16","","","","","","","","","","","","","","","","","",""
"","","","","","","","","","","","","","","","95.0","-0.8862975515969067","0.44","2.22","","","","","","","","","","","","","","","","","",""
"","","","","","","","","","","","","","","","99.0","0.0","1.56","2.24","","","","","","","","","","","","","","","","","",""
"","","","","","","","","","","","","","","","103.0","-0.9805216493835016","0.42","2.1","","","","","","","","","","","","","","","","","",""
"","","","","","","","","","","","","","","","3.0","0.0","1.619554827302346","2.101565249452439","","","","","","","","","","","","","","","","","",""
"","","","","","","","","","","","","","","","7.0","0.5003818664186679","2.5104725874296894","2.158490666506182","","","","","","","","","","","","","","","","","",""
"","","","","","","","","","","","","","","","11.0","0.0","1.5328222729130034","2.1225284579954824","","","","","","","","","","","","","","","","","",""
"","","","","","","","","","","","","","","","15.0","1.588855203878302","2.630887888177692","2.1125904118300216","","","","","","","","","","","","","","","","","",""
"","","","","","","","","","","","","","","","19.0","0.0","1.3929196777841433","2.0781980815140004","","","","","","","","","","","","","","","","","",""
"","","","","","","","","","","","","","","","23.0","1.102742760980774","2.52977271512256","2.034977611092257","","","","","","","","","","","","","","","","","",""
"","","","","","","","","","","","","","","","27.0","0.0","1.4062539375889438","2.0759809440024","","","","","","","","","","","","","","","","","",""
"","","","","","","","","","","","","","","","31.0","-1.0991712400376326","0.2401275968339273","2.0806754728452965","","","","","","","","","","","","","","","","","",""
"","","","","","","","","","","","","","","","35.0","0.0","1.359712196401077","2.0501380887499754","","","","","","","","","","","","","","","","","",""
"","","","","","","","","","","","","","","","39.0","-0.7993348603550983","0.3310537431796696","1.998460069583336","","","","","","","","","","","","","","","","","",""
"","","","","","","","","","","","","","","","43.0","0.0","1.3651644106866307","1.99518702554736","","","","","","","","","","","","","","","","","",""
"","","","","","","","","","","","","","","","47.0","1.4942137815850476","2.61939452822852","2.04544099454095","","","","","","","","","","","","","","","","","",""
"","","","","","","","","","","","","","","","51.0","0.0","1.3261361642319598","1.984273410950281","","","","","","","","","","","","","","","","","",""
"","","","","","","","","","","","","","","","55.0","-1.978938781737701","0.0401678111941633","2.0321923639617587","","","","","","","","","","","","","","","","","",""
"","","","","","","","","","","","","","","","59.0","0.0","1.2405865477556062","1.9907071583942284","","","","","","","","","","","","","","","","","",""
"","","","","","","","","","","","","","","","63.0","1.2849136735310651","2.4640648565596583","1.9337759532876289","","","","","","","","","","","","","","","","","",""
"","","","","","","","","","","","","","","","67.0","0.0","1.1607193585197328","1.95745002876782","","","","","","","","","","","","","","","","","",""
"","","","","","","","","","","","","","","","71.0","1.188277715008185","2.383527131877029","1.947642934283984","","","","","","","","","","","","","","","","","",""
"","","","","","","","","","","","","","","","75.0","0.0","1.263158115592864","1.8857129674112376","","","","","","","","","","","","","","","","","",""
"","","","","","","","","","","","","","","","79.0","-0.1282601886251169","0.888134525074296","1.845799140888586","","","","","","","","","","","","","","","","","",""
"","","","","","","","","","","","","","","","83.0","0.0","1.197028650543842","1.7780395961659876","","","","","","","","","","","","","","","","","",""
"","","","","","","","","","","","","","","","87.0","-0.7878702927227459","0.0425784985949835","1.80935058239142","","","","","","","","","","","","","","","","","",""
"","","","","","","","","","","","","","","","91.0","0.0","1.0951210210186435","1.7459317340355844","","","","","","","","","","","","","","","","","",""
"","","","","","","","","","","","","","","","95.0","-0.8862975515969067","0.0587770738205143","1.7413759529859176","","","","","","","","","","","","","","","","","",""
"","","","","","","","","","","","","","","","99.0","0.0","1.1780365571627602","1.811702098658745","","","","","","","","","","","","","","","","","",""
"","","","","","","","","","","","","","","","103.0","-0.9805216493835016","0.0738140866721134","1.9442753967624675","","","","","","","","","","","","","","","","","",""
"","","","","","","","","","","","","","","","3.0","0.0","1.627772773688431","2.1946875854966104","","","","","","","","","","","","","","","","","",""
"","","","","","","","","","","","","","","","7.0","0.5003818664186679","2.468010255742976","2.2050622254236645","","","","","","","","","","","","","","","","","",""
"","","","","","","","","","","","","","","","11.0","0.0","1.6047175368107889","2.197537345144952","","","","","","","","","","","","","","","","","",""
"","","","","","","","","","","","","","","","15.0","1.588855203878302","2.7753471791643274","2.157466481564143","","","","","","","","","","","","","","","","","",""
"","","","","","","","","","","","","","","","19.0","0.0","1.6742335507684556","2.193931152345705","","","","","","","","","","","","","","","","","",""
"","","","","","","","","","","","","","","","23.0","1.102742760980774","2.873910180406672","2.2000035072475","","","","","","","","","","","","","","","","","",""
"","","","","","","","","","","","","","","","27.0","0.0","1.6823883401967274","2.22464745636036","","","","","","","","","","","","","","","","","",""
"","","","","","","","","","","","","","","","31.0","-1.0991712400376326","0.4866228363465609","2.144241856750022","","","","","","","","","","","","","","","","","",""
"","","","","","","","","","","","","","","","35.0","0.0","1.6458603949169903","2.1104194573877604","","","","","","","","","","","","","","","","","",""
"","","","","","","","","","","","","","","","39.0","-0.7993348603550983","0.5841989016974747","2.26003220870364","","","","","","","","","","","","","","","","","",""
"","","","","","","","","","","","","","","","43.0","0.0","1.651031455299901","2.1815995018222827","","","","","","","","","","","","","","","","","",""
"","","","","","","","","","","","","","","","47.0","1.4942137815850476","2.837225759467629","2.202697210692064","","","","","","","","","","","","","","","","","",""
"","","","","","","","","","","","","","","","51.0","0.0","1.6844034798492835","2.283763880704013","","","","","","","","","","","","","","","","","",""
"","","","","","","","","","","","","","","","55.0","-1.978938781737701","0.4703314947286885","2.2193793406826514","","","","","","","","","","","","","","","","","",""
"","","","","","","","","","","","","","","","59.0","0.0","1.6846686334651693","2.206547808842416","","","","","","","","","","","","","","","","","",""
"","","","","","","","","","","","","","","","63.0","1.2849136735310651","2.791250449966136","2.2331058499008254","","","","","","","","","","","","","","","","","",""
"","","","","","","","","","","","","","","","67.0","0.0","1.7436970067852966","2.2553152218070167","","","","","","","","","","","","","","","","","",""
"","","","","","","","","","","","","","","","71.0","1.188277715008185","2.858136931594124","2.166412745947784","","","","","","","","","","","","","","","","","",""
"","","","","","","","","","","","","","","","75.0","0.0","1.6392549174121758","2.173859325612641","","","","","","","","","","","","","","","","","",""
"","","","","","","","","","","","","","","","79.0","-0.1282601886251169","1.4714877867696494","2.171401613126667","","","","","","","","","","","","","","","","","",""
"","","","","","","","","","","","","","","","83.0","0.0","1.5957389713975096","2.227941331055371","","","","","","","","","","","","","","","","","",""
"","","","","","","","","","","","","","","","87.0","-0.7878702927227459","0.5320434420429578","2.1432570978035344","","","","","","","","","","","","","","","","","",""
"","","","","","","","","","","","","","","","91.0","0.0","1.6743873651550223","2.1867576365628105","","","","","","","","","","","","","","","","","",""
"","","","","","","","","","","","","","","","95.0","-0.8862975515969067","0.4911044257625394","2.2333730255642466","","","","","","","","","","","","","","","","","",""
"","","","","","","","","","","","","","","","99.0","0.0","1.6074238838506258","2.2525403727566826","","","","","","","","","","","","","","","","","",""
"","","","","","","","","","","","","","","","103.0","-0.9805216493835016","0.4762371186365712","2.130522629175632","","","","","","","","","","","","","","","","","",""
"","","","","","","","","","","","","","","","3.0","0.0","1.62","2.2","","","","","","","","","","","","","","","","","",""
"","","","","","","","","","","","","","","","7.0","0.5003818664186679","2.46","2.2","","","","","","","","","","","","","","","","","",""
"","","","","","","","","","","","","","","","11.0","0.0","1.6","2.2","","","","","","","","","","","","","","","","","",""
"","","","","","","","","","","","","","","","15.0","1.588855203878302","2.78","2.16","","","","","","","","","","","","","","","","","",""
"","","","","","","","","","","","","","","","19.0","0.0","1.68","2.2","","","","","","","","","","","","","","","","","",""
"","","","","","","","","","","","","","","","23.0","1.102742760980774","2.88","2.2","","","","","","","","","","","","","","","","","",""
"","","","","","","","","","","","","","","","27.0","0.0","1.68","2.22","","","","","","","","","","","","","","","","","",""
"","","","","","","","","","","","","","","","31.0","-1.0991712400376326","0.48","2.14","","","","","","","","","","","","","","","","","",""
"","","","","","","","","","","","","","","","35.0","0.0","1.64","2.12","","","","","","","","","","","","","","","","","",""
"","","","","","","","","","","","","","","","39.0","-0.7993348603550983","0.58","2.26","","","","","","","","","","","","","","","","","",""
"","","","","","","","","","","","","","","","43.0","0.0","1.66","2.18","","","","","","","","","","","","","","","","","",""
"","","","","","","","","","","","","","","","47.0","1.4942137815850476","2.84","2.2","","","","","","","","","","","","","","","","","",""
"","","","","","","","","","","","","","","","51.0","0.0","1.68","2.28","","","","","","","","","","","","","","","","","",""
"","","","","","","","","","","","","","","","55.0","-1.978938781737701","0.48","2.22","","","","","","","","","","","","","","","","","",""
"","","","","","","","","","","","","","","","59.0","0.0","1.68","2.2","","","","","","","","","","","","","","","","","",""
"","","","","","","","","","","","","","","","63.0","1.2849136735310651","2.8000000000000003","2.24","","","","","","","","","","","","","","","","","",""
"","","","","","","","","","","","","","","","67.0","0.0","1.74","2.26","","","","","","","","","","","","","","","","","",""
"","","","","","","","","","","","","","","","71.0","1.188277715008185","2.86","2.16","","","","","","","","","","","","","","","","","",""
"","","","","","","","","","","","","","","","75.0","0.0","1.64","2.18","","","","","","","","","","","","","","","","","",""
"","","","","","","","","","","","","","","","79.0","-0.1282601886251169","1.48","2.18","","","","","","","","","","","","","","","","","",""
"","","","","","","","","","","","","","","","83.0","0.0","1.6","2.22","","","","","","","","","","","","","","","","","",""
"","","","","","","","","","","","","","","","87.0","-0.7878702927227459","0.54","2.14","","","","","","","","","","","","","","","","","",""
"","","","","","","","","","","","","","","","91.0","0.0","1.68","2.18","","","","","","","","","","","","","","","","","",""
"","","","","","","","","","","","","","","","95.0","-0.8862975515969067","0.5","2.24","","","","","","","","","","","","","","","","","",""
"","","","","","","","","","","","","","","","99.0","0.0","1.6","2.26","","","","","","","","","","","","","","","","","",""
"","","","","","","","","","","","","","","","103.0","-0.9805216493835016","0.48","2.14","","","","","","","","","","","","","","","","","",""
"","","","","","","","","","","","","","","","3.0","0.0","1.604994831943593","2.0967411756995618","","","","","","","","","","","","","","","","","",""
"","","","","","","","","","","","","","","","7.0","0.5003818664186679","2.453377545730983","2.137004758327686","","","","","","","","","","","","","","","","","",""
"","","","","","","","","","","","","","","","11.0","0.0","1.496352737032468","2.110407071226073","","","","","","","","","","","","","","","","","",""
"","","","","","","","","","","","","","","","15.0","1.588855203878302","2.574563181319324","2.0907474991612447","","","","","","","","","","","","","","","","","",""
"","","","","","","","","","","","","","","","19.0","0.0","1.3941403577095677","2.078697527829385","","","","","","","","","","","","","","","","","",""
"","","","","","","","","","","","","","","","23.0","1.102742760980774","2.526595339080429","2.032997754273694","","","","","","","","","","","","","","","","","",""
"","","","","","","","","","","","","","","","27.0","0.0","1.4065313619789532","2.07702024882752","","","","","","","","","","","","","","","","","",""
"","","","","","","","","","","","","","","","31.0","-1.0991712400376326","0.2369419658490002","2.077332105032589","","","","","","","","","","","","","","","","","",""
"","","","","","","","","","","","","","","","35.0","0.0","1.350843805007027","2.04680001186605","","","","","","","","","","","","","","","","","",""
"","","","","","","","","","","","","","","","39.0","-0.7993348603550983","0.3562452479223639","2.0062461921022376","","","","","","","","","","","","","","","","","",""
"","","","","","","","","","","","","","","","43.0","0.0","1.3988892101200203","2.006078230026013","","","","","","","","","","","","","","","","","",""
"","","","","","","","","","","","","","","","47.0","1.4942137815850476","2.606975246009072","2.04013780632939","","","","","","","","","","","","","","","","","",""
"","","","","","","","","","","","","","","","51.0","0.0","1.355283605705326","1.9986040692636824","","","","","","","","","","","","","","","","","",""
"","","","","","","","","","","","","","","","55.0","-1.978938781737701","0.1017923840532522","2.0566345768540426","","","","","","","","","","","","","","","","","",""
"","","","","","","","","","","","","","","","59.0","0.0","1.3043349387045886","2.0156815001283475","","","","","","","","","","","","","","","","","",""
"","","","","","","","","","","","","","","","63.0","1.2849136735310651","2.5296600703751126","1.959155746680568","","","","","","","","","","","","","","","","","",""
"","","","","","","","","","","","","","","","67.0","0.0","1.218500133949313","1.9812352619346","","","","","","","","","","","","","","","","","",""
"","","","","","","","","","","","","","","","71.0","1.188277715008185","2.4443714070937923","1.9719258340319512","","","","","","","","","","","","","","","","","",""
"","","","","","","","","","","","","","","","75.0","0.0","1.2944982852731697","1.8987780010966624","","","","","","","","","","","","","","","","","",""
"","","","","","","","","","","","","","","","79.0","-0.1282601886251169","0.9485553807139876","1.87018838033802","","","","","","","","","","","","","","","","","",""
"","","","","","","","","","","","","","","","83.0","0.0","1.2597736414164629","1.8027221565237208","","","","","","","","","","","","","","","","","",""
"","","","","","","","","","","","","","","","87.0","-0.7878702927227459","0.083837742761251","1.82739008827598","","","","","","","","","","","","","","","","","",""
"","","","","","","","","","","","","","","","91.0","0.0","1.1588265045961712","1.7709023724524489","","","","","","","","","","","","","","","","","",""
"","","","","","","","","","","","","","","","95.0","-0.8862975515969067","0.1130825485368905","1.7629060789534494","","","","","","","","","","","","","","","","","",""
"","","","","","","","","","","","","","","","99.0","0.0","1.2191592716886852","1.8297818497815364","","","","","","","","","","","","","","","","","",""
"","","","","","","","","","","","","","","","103.0","-0.9805216493835016","0.1343353076968165","1.9684831868215111","","","","","","","","","","","","","","","","","",""
"","","","","","","","","","","","","","","","3.0","0.0","1.6421213246444035","2.199515847831928","","","","","","","","","","","","","","","","","",""
"","","","","","","","","","","","","","","","7.0","0.5003818664186679","2.482992711350084","2.21013695791548","","","","","","","","","","","","","","","","","",""
"","","","","","","","","","","","","","","","11.0","0.0","1.6328070273097262","2.207796508395289","","","","","","","","","","","","","","","","","",""
"","","","","","","","","","","","","","","","15.0","1.588855203878302","2.8291019001999214","2.178339057020697","","","","","","","","","","","","","","","","","",""
"","","","","","","","","","","","","","","","19.0","0.0","1.6332113914256396","2.1801451484665897","","","","","","","","","","","","","","","","","",""
"","","","","","","","","","","","","","","","23.0","1.102742760980774","2.8849954995377143","2.2039422649179503","","","","","","","","","","","","","","","","","",""
"","","","","","","","","","","","","","","","27.0","0.0","1.6507429556094957","2.210009189013113","","","","","","","","","","","","","","","","","",""
"","","","","","","","","","","","","","","","31.0","-1.0991712400376326","0.4947116109900696","2.14946069486736","","","","","","","","","","","","","","","","","",""
"","","","","","","","","","","","","","","","35.0","0.0","1.668568945832974","2.117752414255844","","","","","","","","","","","","","","","","","",""
"","","","","","","","","","","","","","","","39.0","-0.7993348603550983","0.539469835921346","2.24555440258952","","","","","","","","","","","","","","","","","",""
"","","","","","","","","","","","","","","","43.0","0.0","1.6502232117502462","2.181424854971948","","","","","","","","","","","","","","","","","",""
"","","","","","","","","","","","","","","","47.0","1.4942137815850476","2.8491198857096074","2.2060280724925274","","","","","","","","","","","","","","","","","",""
"","","","","","","","","","","","","","","","51.0","0.0","1.6981646512604267","2.286738741040807","","","","","","","","","","","","","","","","","",""
"","","","","","","","","","","","","","","","55.0","-1.978938781737701","0.4674647077607113","2.21824551110418","","","","","","","","","","","","","","","","","",""
"","","","","","","","","","","","","","","","59.0","0.0","1.6410808476933176","2.1923230630754764","","","","","","","","","","","","","","","","","",""
"","","","","","","","","","","","","","","","63.0","1.2849136735310651","2.790987393819607","2.233032444750171","","","","","","","","","","","","","","","","","",""
"","","","","","","","","","","","","","","","67.0","0.0","1.7088312741999474","2.240361064546215","","","","","","","","","","","","","","","","","",""
"","","","","","","","","","","","","","","","71.0","1.188277715008185","2.8525987580679057","2.1652166198532434","","","","","","","","","","","","","","","","","",""
"","","","","","","","","","","","","","","","75.0","0.0","1.6673676287573411","2.1843817952227336","","","","","","","","","","","","","","","","","",""
"","","","","","","","","","","","","","","","79.0","-0.1282601886251169","1.4312317763054514","2.1577638979212046","","","","","","","","","","","","","","","","","",""
"","","","","","","","","","","","","","","","83.0","0.0","1.5983261640573048","2.22856517226126","","","","","","","","","","","","","","","","","",""
"","","","","","","","","","","","","","","","87.0","-0.7878702927227459","0.5136992408786853","2.134048667916983","","","","","","","","","","","","","","","","","",""
"","","","","","","","","","","","","","","","91.0","0.0","1.665987983269002","2.184873771800009","","","","","","","","","","","","","","","","","",""
"","","","","","","","","","","","","","","","95.0","-0.8862975515969067","0.4962518320716401","2.235430402892236","","","","","","","","","","","","","","","","","",""
"","","","","","","","","","","","","","","","99.0","0.0","1.5864660145001943","2.245212145877862","","","","","","","","","","","","","","","","","",""
"","","","","","","","","","","","","","","","103.0","-0.9805216493835016","0.481048081144284","2.1316212406802104","","","","","","","","","","","","","","","","","",""
"","","","","","","","","","","","","","","","3.0","0.0","1.64","2.2","","","","","","","","","","","","","","","","","",""
"","","","","","","","","","","","","","","","7.0","0.5003818664186679","2.48","2.22","","","","","","","","","","","","","","","","","",""
"","","","","","","","","","","","","","","","11.0","0.0","1.64","2.2","","","","","","","","","","","","","","","","","",""
"","","","","","","","","","","","","","","","15.0","1.588855203878302","2.82","2.18","","","","","","","","","","","","","","","","","",""
"","","","","","","","","","","","","","","","19.0","0.0","1.64","2.18","","","","","","","","","","","","","","","","","",""
"","","","","","","","","","","","","","","","23.0","1.102742760980774","2.88","2.2","","","","","","","","","","","","","","","","","",""
"","","","","","","","","","","","","","","","27.0","0.0","1.66","2.22","","","","","","","","","","","","","","","","","",""
"","","","","","","","","","","","","","","","31.0","-1.0991712400376326","0.5","2.14","","","","","","","","","","","","","","","","","",""
"","","","","","","","","","","","","","","","35.0","0.0","1.66","2.12","","","","","","","","","","","","","","","","","",""
"","","","","","","","","","","","","","","","39.0","-0.7993348603550983","0.54","2.24","","","","","","","","","","","","","","","","","",""
"","","","","","","","","","","","","","","","43.0","0.0","1.66","2.18","","","","","","","","","","","","","","","","","",""
"","","","","","","","","","","","","","","","47.0","1.4942137815850476","2.84","2.2","","","","","","","","","","","","","","","","","",""
"","","","","","","","","","","","","","","","51.0","0.0","1.7","2.28","","","","","","","","","","","","","","","","","",""
"","","","","","","","","","","","","","","","55.0","-1.978938781737701","0.46","2.22","","","","","","","","","","","","","","","","","",""
"","","","","","","","","","","","","","","","59.0","0.0","1.64","2.2","","","","","","","","","","","","","","","","","",""
"","","","","","","","","","","","","","","","63.0","1.2849136735310651","2.8000000000000003","2.24","","","","","","","","","","","","","","","","","",""
"","","","","","","","","","","","","","","","67.0","0.0","1.7","2.24","","","","","","","","","","","","","","","","","",""
"","","","","","","","","","","","","","","","71.0","1.188277715008185","2.86","2.16","","","","","","","","","","","","","","","","","",""
"","","","","","","","","","","","","","","","75.0","0.0","1.66","2.18","","","","","","","","","","","","","","","","","",""
"","","","","","","","","","","","","","","","79.0","-0.1282601886251169","1.44","2.16","","","","","","","","","","","","","","","","","",""
"","","","","","","","","","","","","","","","83.0","0.0","1.6","2.22","","","","","","","","","","","","","","","","","",""
"","","","","","","","","","","","","","","","87.0","-0.7878702927227459","0.52","2.14","","","","","","","","","","","","","","","","","",""
"","","","","","","","","","","","","","","","91.0","0.0","1.66","2.18","","","","","","","","","","","","","","","","","",""
"","","","","","","","","","","","","","","","95.0","-0.8862975515969067","0.5","2.24","","","","","","","","","","","","","","","","","",""
"","","","","","","","","","","","","","","","99.0","0.0","1.58","2.24","","","","","","","","","","","","","","","","","",""
"","","","","","","","","","","","","","","","103.0","-0.9805216493835016","0.48","2.14","","","","","","","","","","","","","","","","","",""
"","","","","","","","","","","","","","","","3.0","0.0","1.6193433828995651","2.101569438034879","","","","","","","","","","","","","","","","","",""
"","","","","","","","","","","","","","","","7.0","0.5003818664186679","2.468360001338092","2.1420794908195018","","","","","","","","","","","","","","","","","",""
"","","","","","","","","","","","","","","","11.0","0.0","1.5244422275314051","2.12066623447641","","","","","","","","","","","","","","","","","",""
"","","","","","","","","","","","","","","","15.0","1.588855203878302","2.628317902354918","2.1116200746177984","","","","","","","","","","","","","","","","","",""
"","","","","","","","","","","","","","","","19.0","0.0","1.3531181983667515","2.06491152395027","","","","","","","","","","","","","","","","","",""
"","","","","","","","","","","","","","","","23.0","1.102742760980774","2.5376806582114706","2.0369365119441443","","","","","","","","","","","","","","","","","",""
"","","","","","","","","","","","","","","","27.0","0.0","1.3748859773917212","2.0623819814802733","","","","","","","","","","","","","","","","","",""
"","","","","","","","","","","","","","","","31.0","-1.0991712400376326","0.245030740492509","2.0825509431499265","","","","","","","","","","","","","","","","","",""
"","","","","","","","","","","","","","","","35.0","0.0","1.3735523559230105","2.054132968734134","","","","","","","","","","","","","","","","","",""
"","","","","","","","","","","","","","","","39.0","-0.7993348603550983","0.3115161821462352","1.9917683859881168","","","","","","","","","","","","","","","","","",""
"","","","","","","","","","","","","","","","43.0","0.0","1.3980809665703655","2.005903583175678","","","","","","","","","","","","","","","","","",""
"","","","","","","","","","","","","","","","47.0","1.4942137815850476","2.61886937225105","2.043468668129853","","","","","","","","","","","","","","","","","",""
"","","","","","","","","","","","","","","","51.0","0.0","1.369044777116469","2.001578929600477","","","","","","","","","","","","","","","","","",""
"","","","","","","","","","","","","","","","55.0","-1.978938781737701","0.0989255970852749","2.055500747275571","","","","","","","","","","","","","","","","","",""
"","","","","","","","","","","","","","","","59.0","0.0","1.260747152932737","2.001456754361408","","","","","","","","","","","","","","","","","",""
"","","","","","","","","","","","","","","","63.0","1.2849136735310651","2.5293970142285835","1.9590823415299128","","","","","","","","","","","","","","","","","",""
"","","","","","","","","","","","","","","","67.0","0.0","1.1836344013639637","1.9662811046737985","","","","","","","","","","","","","","","","","",""
"","","","","","","","","","","","","","","","71.0","1.188277715008185","2.438833233567574","1.9707297079374115","","","","","","","","","","","","","","","","","",""
"","","","","","","","","","","","","","","","75.0","0.0","1.322610996618335","1.909300470706755","","","","","","","","","","","","","","","","","",""
"","","","","","","","","","","","","","","","79.0","-0.1282601886251169","0.9082993702497896","1.856550665132557","","","","","","","","","","","","","","","","","",""
"","","","","","","","","","","","","","","","83.0","0.0","1.262360834076258","1.8033459977296096","","","","","","","","","","","","","","","","","",""
"","","","","","","","","","","","","","","","87.0","-0.7878702927227459","0.0654935415969785","1.818181658389428","","","","","","","","","","","","","","","","","",""
"","","","","","","","","","","","","","","","91.0","0.0","1.150427122710151","1.7690185076896472","","","","","","","","","","","","","","","","","",""
"","","","","","","","","","","","","","","","95.0","-0.8862975515969067","0.1182299548459912","1.764963456281439","","","","","","","","","","","","","","","","","",""
"","","","","","","","","","","","","","","","99.0","0.0","1.1982014023382537","1.822453622902716","","","","","","","","","","","","","","","","","",""
"","","","","","","","","","","","","","","","103.0","-0.9805216493835016","0.1391462702045293","1.9695817983260893","","","","","","","","","","","","","","","","","",""
"","","","","","","","","","","","","","","","3.0","0.0","1.6428672729603864","2.1996204746950307","","","","","","","","","","","","","","","","","",""
"","","","","","","","","","","","","","","","7.0","0.5003818664186679","2.5267240239409734","2.226877968262388","","","","","","","","","","","","","","","","","",""
"","","","","","","","","","","","","","","","11.0","0.0","1.6441507473089467","2.210282933741151","","","","","","","","","","","","","","","","","",""
"","","","","","","","","","","","","","","","15.0","1.588855203878302","2.8362988620079603","2.1803247604117826","","","","","","","","","","","","","","","","","",""
"","","","","","","","","","","","","","","","19.0","0.0","1.6796963892126302","2.194966830962329","","","","","","","","","","","","","","","","","",""
"","","","","","","","","","","","","","","","23.0","1.102742760980774","2.8863131589685693","2.204209070094405","","","","","","","","","","","","","","","","","",""
"","","","","","","","","","","","","","","","27.0","0.0","1.6944777555707766","2.2267513197551843","","","","","","","","","","","","","","","","","",""
"","","","","","","","","","","","","","","","31.0","-1.0991712400376326","0.5060553522618385","2.151947127953376","","","","","","","","","","","","","","","","","",""
"","","","","","","","","","","","","","","","35.0","0.0","1.6757659077707732","2.119738117700402","","","","","","","","","","","","","","","","","",""
"","","","","","","","","","","","","","","","39.0","-0.7993348603550983","0.5859548337091283","2.2603760850856283","","","","","","","","","","","","","","","","","",""
"","","","","","","","","","","","","","","","43.0","0.0","1.6515408711811064","2.181691660148405","","","","","","","","","","","","","","","","","",""
"","","","","","","","","","","","","","","","47.0","1.4942137815850476","2.8928546856708888","2.2227702032345986","","","","","","","","","","","","","","","","","",""
"","","","","","","","","","","","","","","","51.0","0.0","1.7095083925321954","2.289225174126824","","","","","","","","","","","","","","","","","",""
"","","","","","","","","","","","","","","","55.0","-1.978938781737701","0.4203357563398244","2.199217609179908","","","","","","","","","","","","","","","","","",""
"","","","","","","","","","","","","","","","59.0","0.0","1.6209911770353351","2.181603038452016","","","","","","","","","","","","","","","","","",""
"","","","","","","","","","","","","","","","63.0","1.2849136735310651","2.725655668842885","2.207726260799014","","","","","","","","","","","","","","","","","",""
"","","","","","","","","","","","","","","","67.0","0.0","1.6859162339950882","2.2315299900515644","","","","","","","","","","","","","","","","","",""
"","","","","","","","","","","","","","","","71.0","1.188277715008185","2.7972926563934606","2.1421298462095666","","","","","","","","","","","","","","","","","",""
"","","","","","","","","","","","","","","","75.0","0.0","1.6079147477319684","2.160794291927284","","","","","","","","","","","","","","","","","",""
"","","","","","","","","","","","","","","","79.0","-0.1282601886251169","1.4110669311299584","2.147012373677234","","","","","","","","","","","","","","","","","",""
"","","","","","","","","","","","","","","","83.0","0.0","1.5329939805248889","2.203258770697638","","","","","","","","","","","","","","","","","",""
"","","","","","","","","","","","","","","","87.0","-0.7878702927227459","0.4907841978766903","2.125217591918975","","","","","","","","","","","","","","","","","",""
"","","","","","","","","","","","","","","","91.0","0.0","1.6106818815774948","2.161786998145946","","","","","","","","","","","","","","","","","",""
"","","","","","","","","","","","","","","","95.0","-0.8862975515969067","0.4367989510461633","2.2118428995967148","","","","","","","","","","","","","","","","","",""
"","","","","","","","","","","","","","","","99.0","0.0","1.5663011693247009","2.234460621633892","","","","","","","","","","","","","","","","","",""
"","","","","","","","","","","","","","","","103.0","-0.9805216493835016","0.4157158976118681","2.1063148391165885","","","","","","","","","","","","","","","","","",""
"","","","","","","","","","","","","","","","3.0","0.0","1.64","2.2","","","","","","","","","","","","","","","","","",""
"","","","","","","","","","","","","","","","7.0","0.5003818664186679","2.52","2.22","","","","","","","","","","","","","","","","","",""
"","","","","","","","","","","","","","","","11.0","0.0","1.64","2.22","","","","","","","","","","","","","","","","","",""
"","","","","","","","","","","","","","","","15.0","1.588855203878302","2.84","2.18","","","","","","","","","","","","","","","","","",""
"","","","","","","","","","","","","","","","19.0","0.0","1.68","2.2","","","","","","","","","","","","","","","","","",""
"","","","","","","","","","","","","","","","23.0","1.102742760980774","2.88","2.2","","","","","","","","","","","","","","","","","",""
"","","","","","","","","","","","","","","","27.0","0.0","1.7","2.22","","","","","","","","","","","","","","","","","",""
"","","","","","","","","","","","","","","","31.0","-1.0991712400376326","0.5","2.16","","","","","","","","","","","","","","","","","",""
"","","","","","","","","","","","","","","","35.0","0.0","1.68","2.12","","","","","","","","","","","","","","","","","",""
"","","","","","","","","","","","","","","","39.0","-0.7993348603550983","0.58","2.26","","","","","","","","","","","","","","","","","",""
"","","","","","","","","","","","","","","","43.0","0.0","1.66","2.18","","","","","","","","","","","","","","","","","",""
"","","","","","","","","","","","","","","","47.0","1.4942137815850476","2.9","2.22","","","","","","","","","","","","","","","","","",""
"","","","","","","","","","","","","","","","51.0","0.0","1.7","2.28","","","","","","","","","","","","","","","","","",""
"","","","","","","","","","","","","","","","55.0","-1.978938781737701","0.42","2.2","","","","","","","","","","","","","","","","","",""
"","","","","","","","","","","","","","","","59.0","0.0","1.62","2.18","","","","","","","","","","","","","","","","","",""
"","","","","","","","","","","","","","","","63.0","1.2849136735310651","2.72","2.2","","","","","","","","","","","","","","","","","",""
"","","","","","","","","","","","","","","","67.0","0.0","1.68","2.24","","","","","","","","","","","","","","","","","",""
"","","","","","","","","","","","","","","","71.0","1.188277715008185","2.8000000000000003","2.14","","","","","","","","","","","","","","","","","",""
"","","","","","","","","","","","","","","","75.0","0.0","1.6","2.16","","","","","","","","","","","","","","","","","",""
"","","","","","","","","","","","","","","","79.0","-0.1282601886251169","1.42","2.14","","","","","","","","","","","","","","","","","",""
"","","","","","","","","","","","","","","","83.0","0.0","1.54","2.2","","","","","","","","","","","","","","","","","",""
"","","","","","","","","","","","","","","","87.0","-0.7878702927227459","0.5","2.12","","","","","","","","","","","","","","","","","",""
"","","","","","","","","","","","","","","","91.0","0.0","1.62","2.16","","","","","","","","","","","","","","","","","",""
"","","","","","","","","","","","","","","","95.0","-0.8862975515969067","0.44","2.22","","","","","","","","","","","","","","","","","",""
"","","","","","","","","","","","","","","","99.0","0.0","1.56","2.24","","","","","","","","","","","","","","","","","",""
"","","","","","","","","","","","","","","","103.0","-0.9805216493835016","0.42","2.1","","","","","","","","","","","","","","","","","",""
"","","","","","","","","","","","","","","","3.0","0.0","1.620089331215548","2.101674064897982","","","","","","","","","","","","","","","","","",""
"","","","","","","","","","","","","","","","7.0","0.5003818664186679","2.5120913139289813","2.1588205011664097","","","","","","","","","","","","","","","","","",""
"","","","","","","","","","","","","","","","11.0","0.0","1.5357859475306257","2.123152659822272","","","","","","","","","","","","","","","","","",""
"","","","","","","","","","","","","","","","15.0","1.588855203878302","2.635514864162957","2.113605778008884","","","","","","","","","","","","","","","","","",""
"","","","","","","","","","","","","","","","19.0","0.0","1.399603196153742","2.079733206446009","","","","","","","","","","","","","","","","","",""
"","","","","","","","","","","","","","","","23.0","1.102742760980774","2.5389983176423256","2.037203317120599","","","","","","","","","","","","","","","","","",""
"","","","","","","","","","","","","","","","27.0","0.0","1.4186207773530026","2.0791241122223445","","","","","","","","","","","","","","","","","",""
"","","","","","","","","","","","","","","","31.0","-1.0991712400376326","0.2563744817642778","2.085037376235943","","","","","","","","","","","","","","","","","",""
"","","","","","","","","","","","","","","","35.0","0.0","1.3807493178608097","2.056118672178692","","","","","","","","","","","","","","","","","",""
"","","","","","","","","","","","","","","","39.0","-0.7993348603550983","0.3580011799340175","2.006590068484226","","","","","","","","","","","","","","","","","",""
"","","","","","","","","","","","","","","","43.0","0.0","1.3993986260012257","2.006170388352136","","","","","","","","","","","","","","","","","",""
"","","","","","","","","","","","","","","","47.0","1.4942137815850476","2.6626041722123315","2.0602107988719247","","","","","","","","","","","","","","","","","",""
"","","","","","","","","","","","","","","","51.0","0.0","1.3803885183882378","2.004065362686493","","","","","","","","","","","","","","","","","",""
"","","","","","","","","","","","","","","","55.0","-1.978938781737701","0.0517966456643881","2.036472845351299","","","","","","","","","","","","","","","","","",""
"","","","","","","","","","","","","","","","59.0","0.0","1.2406574822747545","1.990736729737948","","","","","","","","","","","","","","","","","",""
"","","","","","","","","","","","","","","","63.0","1.2849136735310651","2.4640652892518613","1.933776157578756","","","","","","","","","","","","","","","","","",""
"","","","","","","","","","","","","","","","67.0","0.0","1.1607193611591042","1.957450030179148","","","","","","","","","","","","","","","","","",""
"","","","","","","","","","","","","","","","71.0","1.188277715008185","2.383527131893129","1.9476429342937345","","","","","","","","","","","","","","","","","",""
"","","","","","","","","","","","","","","","75.0","0.0","1.263158115592962","1.885712967411305","","","","","","","","","","","","","","","","","",""
"","","","","","","","","","","","","","","","79.0","-0.1282601886251169","0.8881345250742967","1.845799140888587","","","","","","","","","","","","","","","","","",""
"","","","","","","","","","","","","","","","83.0","0.0","1.197028650543842","1.7780395961659876","","","","","","","","","","","","","","","","","",""
"","","","","","","","","","","","","","","","87.0","-0.7878702927227459","0.0425784985949835","1.80935058239142","","","","","","","","","","","","","","","","","",""
"","","","","","","","","","","","","","","","91.0","0.0","1.0951210210186435","1.7459317340355844","","","","","","","","","","","","","","","","","",""
"","","","","","","","","","","","","","","","95.0","-0.8862975515969067","0.0587770738205143","1.7413759529859176","","","","","","","","","","","","","","","","","",""
"","","","","","","","","","","","","","","","99.0","0.0","1.1780365571627602","1.811702098658745","","","","","","","","","","","","","","","","","",""
"","","","","","","","","","","","","","","","103.0","-0.9805216493835016","0.0738140866721134","1.9442753967624675","","","","","","","","","","","","","","","","","",""
"neural_ode","steady_state_jacobian","low_dim","x1","u","1.2119708379300742","0.7767064146808552","26.0","","","6.027082200045697","","","","","","","","","","","160.0","96.0","","108.0","0.001","","","3.0","","","","250.0","179.0","2.112454467351199e-06","7.988885045051575e-06","1e-06"
"neural_ode","steady_state_jacobian","low_dim","x2","u","0.0007128027612522","0.0087949701050705","26.0","","","6.027082200045697","","","","","","","","","","","160.0","96.0","","108.0","0.001","","","3.0","","","","250.0","179.0","2.112454467351199e-06","7.988885045051575e-06","1e-06"
"","","","","","","","","","","","","","","","3.0","0.0","1.6094637470293598","2.188433274403022","","","","","","","","","","","","","","","","","",""
"","","","","","","","","","","","","","","","7.0","0.5003818664186679","2.5017658885750884","2.2200554667997823","","","","","","","","","","","","","","","","","",""
"","","","","","","","","","","","","","","","11.0","0.0","1.6294602497945847","2.206236521990606","","","","","","","","","","","","","","","","","",""
"","","","","","","","","","","","","","","","15.0","1.588855203878302","2.802371421283562","2.168983278785245","","","","","","","","","","","","","","","","","",""
"","","","","","","","","","","","","","","","19.0","0.0","1.6169956874373466","2.17128239641392","","","","","","","","","","","","","","","","","",""
"","","","","","","","","","","","","","","","23.0","1.102742760980774","2.820400045700697","2.178938225834216","","","","","","","","","","","","","","","","","",""
"","","","","","","","","","","","","","","","27.0","0.0","1.6310216773758266","2.202442620643412","","","","","","","","","","","","","","","","","",""
"","","","","","","","","","","","","","","","31.0","-1.0991712400376326","0.4877979982039877","2.146989424395212","","","","","","","","","","","","","","","","","",""
"","","","","","","","","","","","","","","","35.0","0.0","1.643080152336614","2.10965266512686","","","","","","","","","","","","","","","","","",""
"","","","","","","","","","","","","","","","39.0","-0.7993348603550983","0.576386100778399","2.258193302178217","","","","","","","","","","","","","","","","","",""
"","","","","","","","","","","","","","","","43.0","0.0","1.6363242075825366","2.1778995233441028","","","","","","","","","","","","","","","","","",""
"","","","","","","","","","","","","","","","47.0","1.4942137815850476","2.8855620323879663","2.221151293840489","","","","","","","","","","","","","","","","","",""
"","","","","","","","","","","","","","","","51.0","0.0","1.692983250040798","2.2843986621623573","","","","","","","","","","","","","","","","","",""
"","","","","","","","","","","","","","","","55.0","-1.978938781737701","0.4556104519815789","2.2152145637569527","","","","","","","","","","","","","","","","","",""
"","","","","","","","","","","","","","","","59.0","0.0","1.6290364521102731","2.186173994043572","","","","","","","","","","","","","","","","","",""
"","","","","","","","","","","","","","","","63.0","1.2849136735310651","2.728116884786166","2.209186071914373","","","","","","","","","","","","","","","","","",""
"","","","","","","","","","","","","","","","67.0","0.0","1.686739890665691","2.2318720075117167","","","","","","","","","","","","","","","","","",""
"","","","","","","","","","","","","","","","71.0","1.188277715008185","2.8243541189347297","2.1555624190109386","","","","","","","","","","","","","","","","","",""
"","","","","","","","","","","","","","","","75.0","0.0","1.6441306797427797","2.176941492972454","","","","","","","","","","","","","","","","","",""
"","","","","","","","","","","","","","","","79.0","-0.1282601886251169","1.4213481986776773","2.152635910588307","","","","","","","","","","","","","","","","","",""
"","","","","","","","","","","","","","","","83.0","0.0","1.557878449239937","2.2150787263418628","","","","","","","","","","","","","","","","","",""
"","","","","","","","","","","","","","","","87.0","-0.7878702927227459","0.5322995578832517","2.1441528051148704","","","","","","","","","","","","","","","","","",""
"","","","","","","","","","","","","","","","91.0","0.0","1.6402909703208102","2.175158502175819","","","","","","","","","","","","","","","","","",""
"","","","","","","","","","","","","","","","95.0","-0.8862975515969067","0.4816514011374243","2.2312666246844617","","","","","","","","","","","","","","","","","",""
"","","","","","","","","","","","","","","","99.0","0.0","1.6189964177536658","2.2568887535645854","","","","","","","","","","","","","","","","","",""
"","","","","","","","","","","","","","","","103.0","-0.9805216493835016","0.4794573785716273","2.131297668975425","","","","","","","","","","","","","","","","","",""
"neural_ode","steady_state_jacobian","low_dim","x1","u","1.2251663457315702","0.7817469529148087","26.0","","","8.433011000044644","","","","","","","","","","","160.0","96.0","","108.0","0.001","","","3.0","","","","250.0","172.0","3.2176478725887137e-06","1.3627111911773682e-05","1e-06"
"neural_ode","steady_state_jacobian","low_dim","x2","u","0.0169394598387253","0.0099077717464416","26.0","","","8.433011000044644","","","","","","","","","","","160.0","96.0","","108.0","0.001","","","3.0","","","","250.0","172.0","3.2176478725887137e-06","1.3627111911773682e-05","1e-06"
"","","","","","","","","","","","","","","","3.0","0.0","1.6","2.18","","","","","","","","","","","","","","","","","",""
"","","","","","","","","","","","","","","","7.0","0.5003818664186679","2.5","2.22","","","","","","","","","","","","","","","","","",""
"","","","","","","","","","","","","","","","11.0","0.0","1.62","2.2","","","","","","","","","","","","","","","","","",""
"","","","","","","","","","","","","","","","15.0","1.588855203878302","2.8000000000000003","2.16","","","","","","","","","","","","","","","","","",""
"","","","","","","","","","","","","","","","19.0","0.0","1.62","2.18","","","","","","","","","","","","","","","","","",""
"","","","","","","","","","","","","","","","23.0","1.102742760980774","2.82","2.18","","","","","","","","","","","","","","","","","",""
"","","","","","","","","","","","","","","","27.0","0.0","1.64","2.2","","","","","","","","","","","","","","","","","",""
"","","","","","","","","","","","","","","","31.0","-1.0991712400376326","0.48","2.14","","","","","","","","","","","","","","","","","",""
"","","","","","","","","","","","","","","","35.0","0.0","1.64","2.1","","","","","","","","","","","","","","","","","",""
"","","","","","","","","","","","","","","","39.0","-0.7993348603550983","0.58","2.26","","","","","","","","","","","","","","","","","",""
"","","","","","","","","","","","","","","","43.0","0.0","1.64","2.18","","","","","","","","","","","","","","","","","",""
"","","","","","","","","","","","","","","","47.0","1.4942137815850476","2.88","2.22","","","","","","","","","","","","","","","","","",""
"","","","","","","","","","","","","","","","51.0","0.0","1.7","2.28","","","","","","","","","","","","","","","","","",""
"","","","","","","","","","","","","","","","55.0","-1.978938781737701","0.46","2.22","","","","","","","","","","","","","","","","","",""
"","","","","","","","","","","","","","","","59.0","0.0","1.62","2.18","","","","","","","","","","","","","","","","","",""
"","","","","","","","","","","","","","","","63.0","1.2849136735310651","2.72","2.2","","","","","","","","","","","","","","","","","",""
"","","","","","","","","","","","","","","","67.0","0.0","1.68","2.24","","","","","","","","","","","","","","","","","",""
"","","","","","","","","","","","","","","","71.0","1.188277715008185","2.82","2.16","","","","","","","","","","","","","","","","","",""
"","","","","","","","","","","","","","","","75.0","0.0","1.64","2.18","","","","","","","","","","","","","","","","","",""
"","","","","","","","","","","","","","","","79.0","-0.1282601886251169","1.42","2.16","","","","","","","","","","","","","","","","","",""
"","","","","","","","","","","","","","","","83.0","0.0","1.56","2.22","","","","","","","","","","","","","","","","","",""
"","","","","","","","","","","","","","","","87.0","-0.7878702927227459","0.54","2.14","","","","","","","","","","","","","","","","","",""
"","","","","","","","","","","","","","","","91.0","0.0","1.64","2.18","","","","","","","","","","","","","","","","","",""
"","","","","","","","","","","","","","","","95.0","-0.8862975515969067","0.48","2.24","","","","","","","","","","","","","","","","","",""
"","","","","","","","","","","","","","","","99.0","0.0","1.62","2.26","","","","","","","","","","","","","","","","","",""
"","","","","","","","","","","","","","","","103.0","-0.9805216493835016","0.48","2.14","","","","","","","","","","","","","","","","","",""
"neural_ode","steady_state_jacobian","low_dim","x1","u","1.044836168965468","1.0676014504865812","26.0","","","10.811797100002876","","","","","","","","","","","160.0","96.0","","108.0","0.001","","","3.0","","","","250.0","250.0","0.0040917191654443","0.0433879867196083","1e-06"
"neural_ode","steady_state_jacobian","low_dim","x2","u","-0.0342044467822863","0.218320176509665","26.0","","","10.811797100002876","","","","","","","","","","","160.0","96.0","","108.0","0.001","","","3.0","","","","250.0","250.0","0.0040917191654443","0.0433879867196083","1e-06"
"","","","","","","","","","","","","","","","3.0","0.0","1.5866858052845214","2.0904868646059733","","","","","","","","","","","","","","","","","",""
"","","","","","","","","","","","","","","","7.0","0.5003818664186679","2.4871331785630963","2.151997999703804","","","","","","","","","","","","","","","","","",""
"","","","","","","","","","","","","","","","11.0","0.0","1.5210954500162637","2.1191062480717267","","","","","","","","","","","","","","","","","",""
"","","","","","","","","","","","","","","","15.0","1.588855203878302","2.6015874234385588","2.102264296382346","","","","","","","","","","","","","","","","","",""
"","","","","","","","","","","","","","","","19.0","0.0","1.3369024943784584","2.0560487718976","","","","","","","","","","","","","","","","","",""
"","","","","","","","","","","","","","","","23.0","1.102742760980774","2.4730852043744536","2.0119324728604093","","","","","","","","","","","","","","","","","",""
"","","","","","","","","","","","","","","","27.0","0.0","1.3551646991580526","2.054815413110572","","","","","","","","","","","","","","","","","",""
"","","","","","","","","","","","","","","","31.0","-1.0991712400376326","0.238117127706427","2.080079672677779","","","","","","","","","","","","","","","","","",""
"","","","","","","","","","","","","","","","35.0","0.0","1.3480635624266506","2.0460332196051496","","","","","","","","","","","","","","","","","",""
"","","","","","","","","","","","","","","","39.0","-0.7993348603550983","0.3484324470032882","2.0044072855768147","","","","","","","","","","","","","","","","","",""
"","","","","","","","","","","","","","","","43.0","0.0","1.384181962402656","2.002378251547833","","","","","","","","","","","","","","","","","",""
"","","","","","","","","","","","","","","","47.0","1.4942137815850476","2.655311518929409","2.0585918894778152","","","","","","","","","","","","","","","","","",""
"","","","","","","","","","","","","","","","51.0","0.0","1.3638633758968404","1.9992388507220271","","","","","","","","","","","","","","","","","",""
"","","","","","","","","","","","","","","","55.0","-1.978938781737701","0.0870713413061426","2.052469799928344","","","","","","","","","","","","","","","","","",""
"","","","","","","","","","","","","","","","59.0","0.0","1.2487027573496925","1.9953076853295035","","","","","","","","","","","","","","","","","",""
"","","","","","","","","","","","","","","","63.0","1.2849136735310651","2.4665265051951426","1.9352359686941152","","","","","","","","","","","","","","","","","",""
"","","","","","","","","","","","","","","","67.0","0.0","1.161543017829707","1.9577920476393","","","","","","","","","","","","","","","","","",""
"","","","","","","","","","","","","","","","71.0","1.188277715008185","2.410588594434398","1.9610755070951065","","","","","","","","","","","","","","","","","",""
"","","","","","","","","","","","","","","","75.0","0.0","1.2993740476037736","1.9018601684564755","","","","","","","","","","","","","","","","","",""
"","","","","","","","","","","","","","","","79.0","-0.1282601886251169","0.8984157926220155","1.85142267779966","","","","","","","","","","","","","","","","","",""
"","","","","","","","","","","","","","","","83.0","0.0","1.22191311925889","1.7898595518102125","","","","","","","","","","","","","","","","","",""
"","","","","","","","","","","","","","","","87.0","-0.7878702927227459","0.0840938586015448","1.8282857955873155","","","","","","","","","","","","","","","","","",""
"","","","","","","","","","","","","","","","91.0","0.0","1.124730109761959","1.7593032380654572","","","","","","","","","","","","","","","","","",""
"","","","","","","","","","","","","","","","95.0","-0.8862975515969067","0.1036295239117754","1.7607996780736646","","","","","","","","","","","","","","","","","",""
"","","","","","","","","","","","","","","","99.0","0.0","1.2307318055917251","1.8341302305894391","","","","","","","","","","","","","","","","","",""
"","","","","","","","","","","","","","","","103.0","-0.9805216493835016","0.1375555676318726","1.969258226621304","","","","","","","","","","","","","","","","","",""
"neural_ode","steady_state_jacobian","low_dim","x1","u","1.3620768301188946","0.8910684954832174","26.0","","","6.716049399925396","","","","","","","","","","","160.0","96.0","","108.0","0.001","","","3.0","","","","250.0","177.0","2.52528116106987e-06","9.320676326751707e-06","1e-06"
"neural_ode","steady_state_jacobian","low_dim","x2","u","0.0320038218230295","0.0336721685326055","26.0","","","6.716049399925396","","","","","","","","","","","160.0","96.0","","108.0","0.001","","","3.0","","","","250.0","177.0","2.52528116106987e-06","9.320676326751707e-06","1e-06"
"","","","","","","","","","","","","","","","3.0","0.0","1.6423327690471845","2.199511659249488","","","","","","","","","","","","","","","","","",""
"","","","","","","","","","","","","","","","7.0","0.5003818664186679","2.525105297441681","2.22654813360216","","","","","","","","","","","","","","","","","",""
"","","","","","","","","","","","","","","","11.0","0.0","1.6411870726913245","2.2096587319143617","","","","","","","","","","","","","","","","","",""
"","","","","","","","","","","","","","","","15.0","1.588855203878302","2.831671886022695","2.17930939423292","","","","","","","","","","","","","","","","","",""
"","","","","","","","","","","","","","","","19.0","0.0","1.6730128708430314","2.1934317060303203","","","","","","","","","","","","","","","","","",""
"","","","","","","","","","","","","","","","23.0","1.102742760980774","2.877087556448803","2.201983364066063","","","","","","","","","","","","","","","","","",""
"","","","","","","","","","","","","","","","27.0","0.0","1.682110915806718","2.223608151535239","","","","","","","","","","","","","","","","","",""
"","","","","","","","","","","","","","","","31.0","-1.0991712400376326","0.489808467331488","2.1475852245627296","","","","","","","","","","","","","","","","","",""
"","","","","","","","","","","","","","","","35.0","0.0","1.6547287863110405","2.1137575342716857","","","","","","","","","","","","","","","","","",""
"","","","","","","","","","","","","","","","39.0","-0.7993348603550983","0.5590073969547804","2.252246086184738","","","","","","","","","","","","","","","","","",""
"","","","","","","","","","","","","","","","43.0","0.0","1.6173066558665117","2.1707082973436296","","","","","","","","","","","","","","","","","",""
"","","","","","","","","","","","","","","","47.0","1.4942137815850476","2.8496450416870767","2.208000398903624","","","","","","","","","","","","","","","","","",""
"","","","","","","","","","","","","","","","51.0","0.0","1.6552560383759174","2.269433222390612","","","","","","","","","","","","","","","","","",""
"","","","","","","","","","","","","","","","55.0","-1.978938781737701","0.4087069218695996","2.1949371277903675","","","","","","","","","","","","","","","","","",""
"","","","","","","","","","","","","","","","59.0","0.0","1.620920242516187","2.1815734671082967","","","","","","","","","","","","","","","","","",""
"","","","","","","","","","","","","","","","63.0","1.2849136735310651","2.725655236150682","2.2077260565078864","","","","","","","","","","","","","","","","","",""
"","","","","","","","","","","","","","","","67.0","0.0","1.6859162313557168","2.2315299886402364","","","","","","","","","","","","","","","","","",""
"","","","","","","","","","","","","","","","71.0","1.188277715008185","2.797292656377361","2.142129846199816","","","","","","","","","","","","","","","","","",""
"","","","","","","","","","","","","","","","75.0","0.0","1.60791474773187","2.1607942919272167","","","","","","","","","","","","","","","","","",""
"","","","","","","","","","","","","","","","79.0","-0.1282601886251169","1.4110669311299575","2.1470123736772337","","","","","","","","","","","","","","","","","",""
"","","","","","","","","","","","","","","","83.0","0.0","1.5329939805248889","2.203258770697638","","","","","","","","","","","","","","","","","",""
"","","","","","","","","","","","","","","","87.0","-0.7878702927227459","0.4907841978766903","2.125217591918975","","","","","","","","","","","","","","","","","",""
"","","","","","","","","","","","","","","","91.0","0.0","1.6106818815774948","2.161786998145946","","","","","","","","","","","","","","","","","",""
"","","","","","","","","","","","","","","","95.0","-0.8862975515969067","0.4367989510461633","2.2118428995967148","","","","","","","","","","","","","","","","","",""
"","","","","","","","","","","","","","","","99.0","0.0","1.5663011693247009","2.234460621633892","","","","","","","","","","","","","","","","","",""
"","","","","","","","","","","","","","","","103.0","-0.9805216493835016","0.4157158976118681","2.1063148391165885","","","","","","","","","","","","","","","","","",""
"neural_ode","steady_state_jacobian","low_dim","x1","u","1.280030584616515","0.8566049138447043","26.0","","","6.594437699997798","","","","","","","","","","","160.0","96.0","","108.0","0.001","","","3.0","","","","250.0","177.0","2.176214366045315e-06","8.948147296905518e-06","1e-06"
"neural_ode","steady_state_jacobian","low_dim","x2","u","0.0434897928677785","0.051038582877674","26.0","","","6.594437699997798","","","","","","","","","","","160.0","96.0","","108.0","0.001","","","3.0","","","","250.0","177.0","2.176214366045315e-06","8.948147296905518e-06","1e-06"
"","","","","","","","","","","","","","","","3.0","0.0","1.64","2.2","","","","","","","","","","","","","","","","","",""
"","","","","","","","","","","","","","","","7.0","0.5003818664186679","2.52","2.22","","","","","","","","","","","","","","","","","",""
"","","","","","","","","","","","","","","","11.0","0.0","1.64","2.2","","","","","","","","","","","","","","","","","",""
"","","","","","","","","","","","","","","","15.0","1.588855203878302","2.84","2.18","","","","","","","","","","","","","","","","","",""
"","","","","","","","","","","","","","","","19.0","0.0","1.68","2.2","","","","","","","","","","","","","","","","","",""
"","","","","","","","","","","","","","","","23.0","1.102742760980774","2.88","2.2","","","","","","","","","","","","","","","","","",""
"","","","","","","","","","","","","","","","27.0","0.0","1.68","2.22","","","","","","","","","","","","","","","","","",""
"","","","","","","","","","","","","","","","31.0","-1.0991712400376326","0.48","2.14","","","","","","","","","","","","","","","","","",""
"","","","","","","","","","","","","","","","35.0","0.0","1.66","2.12","","","","","","","","","","","","","","","","","",""
"","","","","","","","","","","","","","","","39.0","-0.7993348603550983","0.56","2.26","","","","","","","","","","","","","","","","","",""
"","","","","","","","","","","","","","","","43.0","0.0","1.62","2.18","","","","","","","","","","","","","","","","","",""
"","","","","","","","","","","","","","","","47.0","1.4942137815850476","2.84","2.2","","","","","","","","","","","","","","","","","",""
"","","","","","","","","","","","","","","","51.0","0.0","1.66","2.26","","","","","","","","","","","","","","","","","",""
"","","","","","","","","","","","","","","","55.0","-1.978938781737701","0.4","2.2","","","","","","","","","","","","","","","","","",""
"","","","","","","","","","","","","","","","59.0","0.0","1.62","2.18","","","","","","","","","","","","","","","","","",""
"","","","","","","","","","","","","","","","63.0","1.2849136735310651","2.72","2.2","","","","","","","","","","","","","","","","","",""
"","","","","","","","","","","","","","","","67.0","0.0","1.68","2.24","","","","","","","","","","","","","","","","","",""
"","","","","","","","","","","","","","","","71.0","1.188277715008185","2.8000000000000003","2.14","","","","","","","","","","","","","","","","","",""
"","","","","","","","","","","","","","","","75.0","0.0","1.6","2.16","","","","","","","","","","","","","","","","","",""
"","","","","","","","","","","","","","","","79.0","-0.1282601886251169","1.42","2.14","","","","","","","","","","","","","","","","","",""
"","","","","","","","","","","","","","","","83.0","0.0","1.54","2.2","","","","","","","","","","","","","","","","","",""
"","","","","","","","","","","","","","","","87.0","-0.7878702927227459","0.5","2.12","","","","","","","","","","","","","","","","","",""
"","","","","","","","","","","","","","","","91.0","0.0","1.62","2.16","","","","","","","","","","","","","","","","","",""
"","","","","","","","","","","","","","","","95.0","-0.8862975515969067","0.44","2.22","","","","","","","","","","","","","","","","","",""
"","","","","","","","","","","","","","","","99.0","0.0","1.56","2.24","","","","","","","","","","","","","","","","","",""
"","","","","","","","","","","","","","","","103.0","-0.9805216493835016","0.42","2.1","","","","","","","","","","","","","","","","","",""
"neural_ode","steady_state_jacobian","low_dim","x1","u","1.0638403923591029","1.1639700424613464","26.0","","","6.396219499991275","","","","","","","","","","","160.0","96.0","","108.0","0.001","","","3.0","","","","250.0","250.0","9.39060773816891e-05","0.002683863043785","1e-06"
"neural_ode","steady_state_jacobian","low_dim","x2","u","-0.1449516722932458","0.640308336504192","26.0","","","6.396219499991275","","","","","","","","","","","160.0","96.0","","108.0","0.001","","","3.0","","","","250.0","250.0","9.39060773816891e-05","0.002683863043785","1e-06"
"","","","","","","","","","","","","","","","3.0","0.0","1.619554827302346","2.101565249452439","","","","","","","","","","","","","","","","","",""
"","","","","","","","","","","","","","","","7.0","0.5003818664186679","2.5104725874296894","2.158490666506182","","","","","","","","","","","","","","","","","",""
"","","","","","","","","","","","","","","","11.0","0.0","1.5328222729130034","2.1225284579954824","","","","","","","","","","","","","","","","","",""
"","","","","","","","","","","","","","","","15.0","1.588855203878302","2.630887888177692","2.1125904118300216","","","","","","","","","","","","","","","","","",""
"","","","","","","","","","","","","","","","19.0","0.0","1.3929196777841433","2.0781980815140004","","","","","","","","","","","","","","","","","",""
"","","","","","","","","","","","","","","","23.0","1.102742760980774","2.52977271512256","2.034977611092257","","","","","","","","","","","","","","","","","",""
"","","","","","","","","","","","","","","","27.0","0.0","1.4062539375889438","2.0759809440024","","","","","","","","","","","","","","","","","",""
"","","","","","","","","","","","","","","","31.0","-1.0991712400376326","0.2401275968339273","2.0806754728452965","","","","","","","","","","","","","","","","","",""
"","","","","","","","","","","","","","","","35.0","0.0","1.359712196401077","2.0501380887499754","","","","","","","","","","","","","","","","","",""
"","","","","","","","","","","","","","","","39.0","-0.7993348603550983","0.3310537431796696","1.998460069583336","","","","","","","","","","","","","","","","","",""
"","","","","","","","","","","","","","","","43.0","0.0","1.3651644106866307","1.99518702554736","","","","","","","","","","","","","","","","","",""
"","","","","","","","","","","","","","","","47.0","1.4942137815850476","2.61939452822852","2.04544099454095","","","","","","","","","","","","","","","","","",""
"","","","","","","","","","","","","","","","51.0","0.0","1.3261361642319598","1.984273410950281","","","","","","","","","","","","","","","","","",""
"","","","","","","","","","","","","","","","55.0","-1.978938781737701","0.0401678111941633","2.0321923639617587","","","","","","","","","","","","","","","","","",""
"","","","","","","","","","","","","","","","59.0","0.0","1.2405865477556062","1.9907071583942284","","","","","","","","","","","","","","","","","",""
"","","","","","","","","","","","","","","","63.0","1.2849136735310651","2.4640648565596583","1.9337759532876289","","","","","","","","","","","","","","","","","",""
"","","","","","","","","","","","","","","","67.0","0.0","1.1607193585197328","1.95745002876782","","","","","","","","","","","","","","","","","",""
"","","","","","","","","","","","","","","","71.0","1.188277715008185","2.383527131877029","1.947642934283984","","","","","","","","","","","","","","","","","",""
"","","","","","","","","","","","","","","","75.0","0.0","1.263158115592864","1.8857129674112376","","","","","","","","","","","","","","","","","",""
"","","","","","","","","","","","","","","","79.0","-0.1282601886251169","0.888134525074296","1.845799140888586","","","","","","","","","","","","","","","","","",""
"","","","","","","","","","","","","","","","83.0","0.0","1.197028650543842","1.7780395961659876","","","","","","","","","","","","","","","","","",""
"","","","","","","","","","","","","","","","87.0","-0.7878702927227459","0.0425784985949835","1.80935058239142","","","","","","","","","","","","","","","","","",""
"","","","","","","","","","","","","","","","91.0","0.0","1.0951210210186435","1.7459317340355844","","","","","","","","","","","","","","","","","",""
"","","","","","","","","","","","","","","","95.0","-0.8862975515969067","0.0587770738205143","1.7413759529859176","","","","","","","","","","","","","","","","","",""
"","","","","","","","","","","","","","","","99.0","0.0","1.1780365571627602","1.811702098658745","","","","","","","","","","","","","","","","","",""
"","","","","","","","","","","","","","","","103.0","-0.9805216493835016","0.0738140866721134","1.9442753967624675","","","","","","","","","","","","","","","","","",""
"neural_ode","steady_state_jacobian","low_dim","x1","u","1.2002745531499386","0.7662653705045276","26.0","","","8.762900899979286","","","","","","","","","","","160.0","96.0","","108.0","0.001","","","3.0","","","","250.0","186.0","1.9414494545344496e-06","9.968876838684082e-06","1e-06"
"neural_ode","steady_state_jacobian","low_dim","x2","u","-0.0112073262481806","0.0289117959114606","26.0","","","8.762900899979286","","","","","","","","","","","160.0","96.0","","108.0","0.001","","","3.0","","","","250.0","186.0","1.9414494545344496e-06","9.968876838684082e-06","1e-06"
"","","","","","","","","","","","","","","","3.0","0.0","1.627772773688431","2.1946875854966104","","","","","","","","","","","","","","","","","",""
"","","","","","","","","","","","","","","","7.0","0.5003818664186679","2.468010255742976","2.2050622254236645","","","","","","","","","","","","","","","","","",""
"","","","","","","","","","","","","","","","11.0","0.0","1.6047175368107889","2.197537345144952","","","","","","","","","","","","","","","","","",""
"","","","","","","","","","","","","","","","15.0","1.588855203878302","2.7753471791643274","2.157466481564143","","","","","","","","","","","","","","","","","",""
"","","","","","","","","","","","","","","","19.0","0.0","1.6742335507684556","2.193931152345705","","","","","","","","","","","","","","","","","",""
"","","","","","","","","","","","","","","","23.0","1.102742760980774","2.873910180406672","2.2000035072475","","","","","","","","","","","","","","","","","",""
"","","","","","","","","","","","","","","","27.0","0.0","1.6823883401967274","2.22464745636036","","","","","","","","","","","","","","","","","",""
"","","","","","","","","","","","","","","","31.0","-1.0991712400376326","0.4866228363465609","2.144241856750022","","","","","","","","","","","","","","","","","",""
"","","","","","","","","","","","","","","","35.0","0.0","1.6458603949169903","2.1104194573877604","","","","","","","","","","","","","","","","","",""
"","","","","","","","","","","","","","","","39.0","-0.7993348603550983","0.5841989016974747","2.26003220870364","","","","","","","","","","","","","","","","","",""
"","","","","","","","","","","","","","","","43.0","0.0","1.651031455299901","2.1815995018222827","","","","","","","","","","","","","","","","","",""
"","","","","","","","","","","","","","","","47.0","1.4942137815850476","2.837225759467629","2.202697210692064","","","","","","","","","","","","","","","","","",""
"","","","","","","","","","","","","","","","51.0","0.0","1.6844034798492835","2.283763880704013","","","","","","","","","","","","","","","","","",""
"","","","","","","","","","","","","","","","55.0","-1.978938781737701","0.4703314947286885","2.2193793406826514","","","","","","","","","","","","","","","","","",""
"","","","","","","","","","","","","","","","59.0","0.0","1.6846686334651693","2.206547808842416","","","","","","","","","","","","","","","","","",""
"","","","","","","","","","","","","","","","63.0","1.2849136735310651","2.791250449966136","2.2331058499008254","","","","","","","","","","","","","","","","","",""
"","","","","","","","","","","","","","","","67.0","0.0","1.7436970067852966","2.2553152218070167","","","","","","","","","","","","","","","","","",""
"","","","","","","","","","","","","","","","71.0","1.188277715008185","2.858136931594124","2.166412745947784","","","","","","","","","","","","","","","","","",""
"","","","","","","","","","","","","","","","75.0","0.0","1.6392549174121758","2.173859325612641","","","","","","","","","","","","","","","","","",""
"","","","","","","","","","","","","","","","79.0","-0.1282601886251169","1.4714877867696494","2.171401613126667","","","","","","","","","","","","","","","","","",""
"","","","","","","","","","","","","","","","83.0","0.0","1.5957389713975096","2.227941331055371","","","","","","","","","","","","","","","","","",""
"","","","","","","","","","","","","","","","87.0","-0.7878702927227459","0.5320434420429578","2.1432570978035344","","","","","","","","","","","","","","","","","",""
"","","","","","","","","","","","","","","","91.0","0.0","1.6743873651550223","2.1867576365628105","","","","","","","","","","","","","","","","","",""
"","","","","","","","","","","","","","","","95.0","-0.8862975515969067","0.4911044257625394","2.2333730255642466","","","","","","","","","","","","","","","","","",""
"","","","","","","","","","","","","","","","99.0","0.0","1.6074238838506258","2.2525403727566826","","","","","","","","","","","","","","","","","",""
"","","","","","","","","","","","","","","","103.0","-0.9805216493835016","0.4762371186365712","2.130522629175632","","","","","","","","","","","","","","","","","",""
"neural_ode","steady_state_jacobian","low_dim","x1","u","1.2025772963937085","0.7967185287763632","26.0","","","8.126924299984239","","","","","","","","","","","160.0","96.0","","108.0","0.001","","","3.0","","","","250.0","188.0","1.628883183002472e-06","7.640570402145386e-06","1e-06"
"neural_ode","steady_state_jacobian","low_dim","x2","u","-0.0066648899720838","0.0187601907732269","26.0","","","8.126924299984239","","","","","","","","","","","160.0","96.0","","108.0","0.001","","","3.0","","","","250.0","188.0","1.628883183002472e-06","7.640570402145386e-06","1e-06"
"","","","","","","","","","","","","","","","3.0","0.0","1.62","2.2","","","","","","","","","","","","","","","","","",""
"","","","","","","","","","","","","","","","7.0","0.5003818664186679","2.46","2.2","","","","","","","","","","","","","","","","","",""
"","","","","","","","","","","","","","","","11.0","0.0","1.6","2.2","","","","","","","","","","","","","","","","","",""
"","","","","","","","","","","","","","","","15.0","1.588855203878302","2.78","2.16","","","","","","","","","","","","","","","","","",""
"","","","","","","","","","","","","","","","19.0","0.0","1.68","2.2","","","","","","","","","","","","","","","","","",""
"","","","","","","","","","","","","","","","23.0","1.102742760980774","2.88","2.2","","","","","","","","","","","","","","","","","",""
"","","","","","","","","","","","","","","","27.0","0.0","1.68","2.22","","","","","","","","","","","","","","","","","",""
"","","","","","","","","","","","","","","","31.0","-1.0991712400376326","0.48","2.14","","","","","","","","","","","","","","","","","",""
"","","","","","","","","","","","","","","","35.0","0.0","1.64","2.12","","","","","","","","","","","","","","","","","",""
"","","","","","","","","","","","","","","","39.0","-0.7993348603550983","0.58","2.26","","","","","","","","","","","","","","","","","",""
"","","","","","","","","","","","","","","","43.0","0.0","1.66","2.18","","","","","","","","","","","","","","","","","",""
"","","","","","","","","","","","","","","","47.0","1.4942137815850476","2.84","2.2","","","","","","","","","","","","","","","","","",""
"","","","","","","","","","","","","","","","51.0","0.0","1.68","2.28","","","","","","","","","","","","","","","","","",""
"","","","","","","","","","","","","","","","55.0","-1.978938781737701","0.48","2.22","","","","","","","","","","","","","","","","","",""
"","","","","","","","","","","","","","","","59.0","0.0","1.68","2.2","","","","","","","","","","","","","","","","","",""
"","","","","","","","","","","","","","","","63.0","1.2849136735310651","2.8000000000000003","2.24","","","","","","","","","","","","","","","","","",""
"","","","","","","","","","","","","","","","67.0","0.0","1.74","2.26","","","","","","","","","","","","","","","","","",""
"","","","","","","","","","","","","","","","71.0","1.188277715008185","2.86","2.16","","","","","","","","","","","","","","","","","",""
"","","","","","","","","","","","","","","","75.0","0.0","1.64","2.18","","","","","","","","","","","","","","","","","",""
"","","","","","","","","","","","","","","","79.0","-0.1282601886251169","1.48","2.18","","","","","","","","","","","","","","","","","",""
"","","","","","","","","","","","","","","","83.0","0.0","1.6","2.22","","","","","","","","","","","","","","","","","",""
"","","","","","","","","","","","","","","","87.0","-0.7878702927227459","0.54","2.14","","","","","","","","","","","","","","","","","",""
"","","","","","","","","","","","","","","","91.0","0.0","1.68","2.18","","","","","","","","","","","","","","","","","",""
"","","","","","","","","","","","","","","","95.0","-0.8862975515969067","0.5","2.24","","","","","","","","","","","","","","","","","",""
"","","","","","","","","","","","","","","","99.0","0.0","1.6","2.26","","","","","","","","","","","","","","","","","",""
"","","","","","","","","","","","","","","","103.0","-0.9805216493835016","0.48","2.14","","","","","","","","","","","","","","","","","",""
"neural_ode","steady_state_jacobian","low_dim","x1","u","1.17770669881541","0.7753872356579096","26.0","","","7.199320100015029","","","","","","","","","","","160.0","96.0","","108.0","0.001","","","3.0","","","","250.0","250.0","0.0008568921475671","0.0190080199390649","1e-06"
"neural_ode","steady_state_jacobian","low_dim","x2","u","-0.0784022411546455","0.0722054958578282","26.0","","","7.199320100015029","","","","","","","","","","","160.0","96.0","","108.0","0.001","","","3.0","","","","250.0","250.0","0.0008568921475671","0.0190080199390649","1e-06"
"","","","","","","","","","","","","","","","3.0","0.0","1.604994831943593","2.0967411756995618","","","","","","","","","","","","","","","","","",""
"","","","","","","","","","","","","","","","7.0","0.5003818664186679","2.453377545730983","2.137004758327686","","","","","","","","","","","","","","","","","",""
"","","","","","","","","","","","","","","","11.0","0.0","1.496352737032468","2.110407071226073","","","","","","","","","","","","","","","","","",""
"","","","","","","","","","","","","","","","15.0","1.588855203878302","2.574563181319324","2.0907474991612447","","","","","","","","","","","","","","","","","",""
"","","","","","","","","","","","","","","","19.0","0.0","1.3941403577095677","2.078697527829385","","","","","","","","","","","","","","","","","",""
"","","","","","","","","","","","","","","","23.0","1.102742760980774","2.526595339080429","2.032997754273694","","","","","","","","","","","","","","","","","",""
"","","","","","","","","","","","","","","","27.0","0.0","1.4065313619789532","2.07702024882752","","","","","","","","","","","","","","","","","",""
"","","","","","","","","","","","","","","","31.0","-1.0991712400376326","0.2369419658490002","2.077332105032589","","","","","","","","","","","","","","","","","",""
"","","","","","","","","","","","","","","","35.0","0.0","1.350843805007027","2.04680001186605","","","","","","","","","","","","","","","","","",""
"","","","","","","","","","","","","","","","39.0","-0.7993348603550983","0.3562452479223639","2.0062461921022376","","","","","","","","","","","","","","","","","",""
"","","","","","","","","","","","","","","","43.0","0.0","1.3988892101200203","2.006078230026013","","","","","","","","","","","","","","","","","",""
"","","","","","","","","","","","","","","","47.0","1.4942137815850476","2.606975246009072","2.04013780632939","","","","","","","","","","","","","","","","","",""
"","","","","","","","","","","","","","","","51.0","0.0","1.355283605705326","1.9986040692636824","","","","","","","","","","","","","","","","","",""
"","","","","","","","","","","","","","","","55.0","-1.978938781737701","0.1017923840532522","2.0566345768540426","","","","","","","","","","","","","","","","","",""
"","","","","","","","","","","","","","","","59.0","0.0","1.3043349387045886","2.0156815001283475","","","","","","","","","","","","","","","","","",""
"","","","","","","","","","","","","","","","63.0","1.2849136735310651","2.5296600703751126","1.959155746680568","","","","","","","","","","","","","","","","","",""
"","","","","","","","","","","","","","","","67.0","0.0","1.218500133949313","1.9812352619346","","","","","","","","","","","","","","","","","",""
"","","","","","","","","","","","","","","","71.0","1.188277715008185","2.4443714070937923","1.9719258340319512","","","","","","","","","","","","","","","","","",""
"","","","","","","","","","","","","","","","75.0","0.0","1.2944982852731697","1.8987780010966624","","","","","","","","","","","","","","","","","",""
"","","","","","","","","","","","","","","","79.0","-0.1282601886251169","0.9485553807139876","1.87018838033802","","","","","","","","","","","","","","","","","",""
"","","","","","","","","","","","","","","","83.0","0.0","1.2597736414164629","1.8027221565237208","","","","","","","","","","","","","","","","","",""
"","","","","","","","","","","","","","","","87.0","-0.7878702927227459","0.083837742761251","1.82739008827598","","","","","","","","","","","","","","","","","",""
"","","","","","","","","","","","","","","","91.0","0.0","1.1588265045961712","1.7709023724524489","","","","","","","","","","","","","","","","","",""
"","","","","","","","","","","","","","","","95.0","-0.8862975515969067","0.1130825485368905","1.7629060789534494","","","","","","","","","","","","","","","","","",""
"","","","","","","","","","","","","","","","99.0","0.0","1.2191592716886852","1.8297818497815364","","","","","","","","","","","","","","","","","",""
"","","","","","","","","","","","","","","","103.0","-0.9805216493835016","0.1343353076968165","1.9684831868215111","","","","","","","","","","","","","","","","","",""
"neural_ode","steady_state_jacobian","low_dim","x1","u","1.276299429914126","0.8547119200398734","26.0","","","5.714436099980958","","","","","","","","","","","160.0","96.0","","108.0","0.001","","","3.0","","","","250.0","172.0","3.2580528568360023e-06","1.2390315532684326e-05","1e-06"
"neural_ode","steady_state_jacobian","low_dim","x2","u","0.0228826486362287","0.0339861629526375","26.0","","","5.714436099980958","","","","","","","","","","","160.0","96.0","","108.0","0.001","","","3.0","","","","250.0","172.0","3.2580528568360023e-06","1.2390315532684326e-05","1e-06"
"","","","","","","","","","","","","","","","3.0","0.0","1.6421213246444035","2.199515847831928","","","","","","","","","","","","","","","","","",""
"","","","","","","","","","","","","","","","7.0","0.5003818664186679","2.482992711350084","2.21013695791548","","","","","","","","","","","","","","","","","",""
"","","","","","","","","","","","","","","","11.0","0.0","1.6328070273097262","2.207796508395289","","","","","","","","","","","","","","","","","",""
"","","","","","","","","","","","","","","","15.0","1.588855203878302","2.8291019001999214","2.178339057020697","","","","","","","","","","","","","","","","","",""
"","","","","","","","","","","","","","","","19.0","0.0","1.6332113914256396","2.1801451484665897","","","","","","","","","","","","","","","","","",""
"","","","","","","","","","","","","","","","23.0","1.102742760980774","2.8849954995377143","2.2039422649179503","","","","","","","","","","","","","","","","","",""
"","","","","","","","","","","","","","","","27.0","0.0","1.6507429556094957","2.210009189013113","","","","","","","","","","","","","","","","","",""
"","","","","","","","","","","","","","","","31.0","-1.0991712400376326","0.4947116109900696","2.14946069486736","","","","","","","","","","","","","","","","","",""
"","","","","","","","","","","","","","","","35.0","0.0","1.668568945832974","2.117752414255844","","","","","","","","","","","","","","","","","",""
"","","","","","","","","","","","","","","","39.0","-0.7993348603550983","0.539469835921346","2.24555440258952","","","","","","","","","","","","","","","","","",""
"","","","","","","","","","","","","","","","43.0","0.0","1.6502232117502462","2.181424854971948","","","","","","","","","","","","","","","","","",""
"","","","","","","","","","","","","","","","47.0","1.4942137815850476","2.8491198857096074","2.2060280724925274","","","","","","","","","","","","","","","","","",""
"","","","","","","","","","","","","","","","51.0","0.0","1.6981646512604267","2.286738741040807","","","","","","","","","","","","","","","","","",""
"","","","","","","","","","","","","","","","55.0","-1.978938781737701","0.4674647077607113","2.21824551110418","","","","","","","","","","","","","","","","","",""
"","","","","","","","","","","","","","","","59.0","0.0","1.6410808476933176","2.1923230630754764","","","","","","","","","","","","","","","","","",""
"","","","","","","","","","","","","","","","63.0","1.2849136735310651","2.790987393819607","2.233032444750171","","","","","","","","","","","","","","","","","",""
"","","","","","","","","","","","","","","","67.0","0.0","1.7088312741999474","2.240361064546215","","","","","","","","","","","","","","","","","",""
"","","","","","","","","","","","","","","","71.0","1.188277715008185","2.8525987580679057","2.1652166198532434","","","","","","","","","","","","","","","","","",""
"","","","","","","","","","","","","","","","75.0","0.0","1.6673676287573411","2.1843817952227336","","","","","","","","","","","","","","","","","",""
"","","","","","","","","","","","","","","","79.0","-0.1282601886251169","1.4312317763054514","2.1577638979212046","","","","","","","","","","","","","","","","","",""
"","","","","","","","","","","","","","","","83.0","0.0","1.5983261640573048","2.22856517226126","","","","","","","","","","","","","","","","","",""
"","","","","","","","","","","","","","","","87.0","-0.7878702927227459","0.5136992408786853","2.134048667916983","","","","","","","","","","","","","","","","","",""
"","","","","","","","","","","","","","","","91.0","0.0","1.665987983269002","2.184873771800009","","","","","","","","","","","","","","","","","",""
"","","","","","","","","","","","","","","","95.0","-0.8862975515969067","0.4962518320716401","2.235430402892236","","","","","","","","","","","","","","","","","",""
"","","","","","","","","","","","","","","","99.0","0.0","1.5864660145001943","2.245212145877862","","","","","","","","","","","","","","","","","",""
"","","","","","","","","","","","","","","","103.0","-0.9805216493835016","0.481048081144284","2.1316212406802104","","","","","","","","","","","","","","","","","",""
"neural_ode","steady_state_jacobian","low_dim","x1","u","1.240128578761449","0.7997657072064849","26.0","","","6.805698600015603","","","","","","","","","","","160.0","96.0","","108.0","0.001","","","3.0","","","","250.0","181.0","2.3798872916813707e-06","9.961426258087158e-06","1e-06"
"neural_ode","steady_state_jacobian","low_dim","x2","u","0.0030650852445083","0.0139537153894627","26.0","","","6.805698600015603","","","","","","","","","","","160.0","96.0","","108.0","0.001","","","3.0","","","","250.0","181.0","2.3798872916813707e-06","9.961426258087158e-06","1e-06"
"","","","","","","","","","","","","","","","3.0","0.0","1.64","2.2","","","","","","","","","","","","","","","","","",""
"","","","","","","","","","","","","","","","7.0","0.5003818664186679","2.48","2.22","","","","","","","","","","","","","","","","","",""
"","","","","","","","","","","","","","","","11.0","0.0","1.64","2.2","","","","","","","","","","","","","","","","","",""
"","","","","","","","","","","","","","","","15.0","1.588855203878302","2.82","2.18","","","","","","","","","","","","","","","","","",""
"","","","","","","","","","","","","","","","19.0","0.0","1.64","2.18","","","","","","","","","","","","","","","","","",""
"","","","","","","","","","","","","","","","23.0","1.102742760980774","2.88","2.2","","","","","","","","","","","","","","","","","",""
"","","","","","","","","","","","","","","","27.0","0.0","1.66","2.22","","","","","","","","","","","","","","","","","",""
"","","","","","","","","","","","","","","","31.0","-1.0991712400376326","0.5","2.14","","","","","","","","","","","","","","","","","",""
"","","","","","","","","","","","","","","","35.0","0.0","1.66","2.12","","","","","","","","","","","","","","","","","",""
"","","","","","","","","","","","","","","","39.0","-0.7993348603550983","0.54","2.24","","","","","","","","","","","","","","","","","",""
"","","","","","","","","","","","","","","","43.0","0.0","1.66","2.18","","","","","","","","","","","","","","","","","",""
"","","","","","","","","","","","","","","","47.0","1.4942137815850476","2.84","2.2","","","","","","","","","","","","","","","","","",""
"","","","","","","","","","","","","","","","51.0","0.0","1.7","2.28","","","","","","","","","","","","","","","","","",""
"","","","","","","","","","","","","","","","55.0","-1.978938781737701","0.46","2.22","","","","","","","","","","","","","","","","","",""
"","","","","","","","","","","","","","","","59.0","0.0","1.64","2.2","","","","","","","","","","","","","","","","","",""
"","","","","","","","","","","","","","","","63.0","1.2849136735310651","2.8000000000000003","2.24","","","","","","","","","","","","","","","","","",""
"","","","","","","","","","","","","","","","67.0","0.0","1.7","2.24","","","","","","","","","","","","","","","","","",""
"","","","","","","","","","","","","","","","71.0","1.188277715008185","2.86","2.16","","","","","","","","","","","","","","","","","",""
"","","","","","","","","","","","","","","","75.0","0.0","1.66","2.18","","","","","","","","","","","","","","","","","",""
"","","","","","","","","","","","","","","","79.0","-0.1282601886251169","1.44","2.16","","","","","","","","","","","","","","","","","",""
"","","","","","","","","","","","","","","","83.0","0.0","1.6","2.22","","","","","","","","","","","","","","","","","",""
"","","","","","","","","","","","","","","","87.0","-0.7878702927227459","0.52","2.14","","","","","","","","","","","","","","","","","",""
"","","","","","","","","","","","","","","","91.0","0.0","1.66","2.18","","","","","","","","","","","","","","","","","",""
"","","","","","","","","","","","","","","","95.0","-0.8862975515969067","0.5","2.24","","","","","","","","","","","","","","","","","",""
"","","","","","","","","","","","","","","","99.0","0.0","1.58","2.24","","","","","","","","","","","","","","","","","",""
"","","","","","","","","","","","","","","","103.0","-0.9805216493835016","0.48","2.14","","","","","","","","","","","","","","","","","",""
"neural_ode","steady_state_jacobian","low_dim","x1","u","48.40801089937584","234.9493358572616","26.0","","","7.036006600013934","","","","","","","","","","","160.0","96.0","","108.0","0.001","","","3.0","","","","250.0","250.0","0.0004250969504937","0.0188612937927246","1e-06"
"neural_ode","steady_state_jacobian","low_dim","x2","u","60.59308828921236","302.5286450891534","26.0","","","7.036006600013934","","","","","","","","","","","160.0","96.0","","108.0","0.001","","","3.0","","","","250.0","250.0","0.0004250969504937","0.0188612937927246","1e-06"
"","","","","","","","","","","","","","","","3.0","0.0","1.6193433828995651","2.101569438034879","","","","","","","","","","","","","","","","","",""
"","","","","","","","","","","","","","","","7.0","0.5003818664186679","2.468360001338092","2.1420794908195018","","","","","","","","","","","","","","","","","",""
"","","","","","","","","","","","","","","","11.0","0.0","1.5244422275314051","2.12066623447641","","","","","","","","","","","","","","","","","",""
"","","","","","","","","","","","","","","","15.0","1.588855203878302","2.628317902354918","2.1116200746177984","","","","","","","","","","","","","","","","","",""
"","","","","","","","","","","","","","","","19.0","0.0","1.3531181983667515","2.06491152395027","","","","","","","","","","","","","","","","","",""
"","","","","","","","","","","","","","","","23.0","1.102742760980774","2.5376806582114706","2.0369365119441443","","","","","","","","","","","","","","","","","",""
"","","","","","","","","","","","","","","","27.0","0.0","1.3748859773917212","2.0623819814802733","","","","","","","","","","","","","","","","","",""
"","","","","","","","","","","","","","","","31.0","-1.0991712400376326","0.245030740492509","2.0825509431499265","","","","","","","","","","","","","","","","","",""
"","","","","","","","","","","","","","","","35.0","0.0","1.3735523559230105","2.054132968734134","","","","","","","","","","","","","","","","","",""
"","","","","","","","","","","","","","","","39.0","-0.7993348603550983","0.3115161821462352","1.9917683859881168","","","","","","","","","","","","","","","","","",""
"","","","","","","","","","","","","","","","43.0","0.0","1.3980809665703655","2.005903583175678","","","","","","","","","","","","","","","","","",""
"","","","","","","","","","","","","","","","47.0","1.4942137815850476","2.61886937225105","2.043468668129853","","","","","","","","","","","","","","","","","",""
"","","","","","","","","","","","","","","","51.0","0.0","1.369044777116469","2.001578929600477","","","","","","","","","","","","","","","","","",""
"","","","","","","","","","","","","","","","55.0","-1.978938781737701","0.0989255970852749","2.055500747275571","","","","","","","","","","","","","","","","","",""
"","","","","","","","","","","","","","","","59.0","0.0","1.260747152932737","2.001456754361408","","","","","","","","","","","","","","","","","",""
"","","","","","","","","","","","","","","","63.0","1.2849136735310651","2.5293970142285835","1.9590823415299128","","","","","","","","","","","","","","","","","",""
"","","","","","","","","","","","","","","","67.0","0.0","1.1836344013639637","1.9662811046737985","","","","","","","","","","","","","","","","","",""
"","","","","","","","","","","","","","","","71.0","1.188277715008185","2.438833233567574","1.9707297079374115","","","","","","","","","","","","","","","","","",""
"","","","","","","","","","","","","","","","75.0","0.0","1.322610996618335","1.909300470706755","","","","","","","","","","","","","","","","","",""
"","","","","","","","","","","","","","","","79.0","-0.1282601886251169","0.9082993702497896","1.856550665132557","","","","","","","","","","","","","","","","","",""
"","","","","","","","","","","","","","","","83.0","0.0","1.262360834076258","1.8033459977296096","","","","","","","","","","","","","","","","","",""
"","","","","","","","","","","","","","","","87.0","-0.7878702927227459","0.0654935415969785","1.818181658389428","","","","","","","","","","","","","","","","","",""
"","","","","","","","","","","","","","","","91.0","0.0","1.150427122710151","1.7690185076896472","","","","","","","","","","","","","","","","","",""
"","","","","","","","","","","","","","","","95.0","-0.8862975515969067","0.1182299548459912","1.764963456281439","","","","","","","","","","","","","","","","","",""
"","","","","","","","","","","","","","","","99.0","0.0","1.1982014023382537","1.822453622902716","","","","","","","","","","","","","","","","","",""
"","","","","","","","","","","","","","","","103.0","-0.9805216493835016","0.1391462702045293","1.9695817983260893","","","","","","","","","","","","","","","","","",""
"neural_ode","steady_state_jacobian","low_dim","x1","u","1.3602814462322457","0.9142800916461752","26.0","","","6.829567100037821","","","","","","","","","","","160.0","96.0","","108.0","0.001","","","3.0","","","","250.0","176.0","2.971420599351404e-06","1.0542571544647217e-05","1e-06"
"neural_ode","steady_state_jacobian","low_dim","x2","u","0.054438831056289","0.0456810268022256","26.0","","","6.829567100037821","","","","","","","","","","","160.0","96.0","","108.0","0.001","","","3.0","","","","250.0","176.0","2.971420599351404e-06","1.0542571544647217e-05","1e-06"
"","","","","","","","","","","","","","","","3.0","0.0","1.6428672729603864","2.1996204746950307","","","","","","","","","","","","","","","","","",""
"","","","","","","","","","","","","","","","7.0","0.5003818664186679","2.5267240239409734","2.226877968262388","","","","","","","","","","","","","","","","","",""
"","","","","","","","","","","","","","","","11.0","0.0","1.6441507473089467","2.210282933741151","","","","","","","","","","","","","","","","","",""
"","","","","","","","","","","","","","","","15.0","1.588855203878302","2.8362988620079603","2.1803247604117826","","","","","","","","","","","","","","","","","",""
"","","","","","","","","","","","","","","","19.0","0.0","1.6796963892126302","2.194966830962329","","","","","","","","","","","","","","","","","",""
"","","","","","","","","","","","","","","","23.0","1.102742760980774","2.8863131589685693","2.204209070094405","","","","","","","","","","","","","","","","","",""
"","","","","","","","","","","","","","","","27.0","0.0","1.6944777555707766","2.2267513197551843","","","","","","","","","","","","","","","","","",""
"","","","","","","","","","","","","","","","31.0","-1.0991712400376326","0.5060553522618385","2.151947127953376","","","","","","","","","","","","","","","","","",""
"","","","","","","","","","","","","","","","35.0","0.0","1.6757659077707732","2.119738117700402","","","","","","","","","","","","","","","","","",""
"","","","","","","","","","","","","","","","39.0","-0.7993348603550983","0.5859548337091283","2.2603760850856283","","","","","","","","","","","","","","","","","",""
"","","","","","","","","","","","","","","","43.0","0.0","1.6515408711811064","2.181691660148405","","","","","","","","","","","","","","","","","",""
"","","","","","","","","","","","","","","","47.0","1.4942137815850476","2.8928546856708888","2.2227702032345986","","","","","","","","","","","","","","","","","",""
"","","","","","","","","","","","","","","","51.0","0.0","1.7095083925321954","2.289225174126824","","","","","","","","","","","","","","","","","",""
"","","","","","","","","","","","","","","","55.0","-1.978938781737701","0.4203357563398244","2.199217609179908","","","","","","","","","","","","","","","","","",""
"","","","","","","","","","","","","","","","59.0","0.0","1.6209911770353351","2.181603038452016","","","","","","","","","","","","","","","","","",""
"","","","","","","","","","","","","","","","63.0","1.2849136735310651","2.725655668842885","2.207726260799014","","","","","","","","","","","","","","","","","",""
"","","","","","","","","","","","","","","","67.0","0.0","1.6859162339950882","2.2315299900515644","","","","","","","","","","","","","","","","","",""
"","","","","","","","","","","","","","","","71.0","1.188277715008185","2.7972926563934606","2.1421298462095666","","","","","","","","","","","","","","","","","",""
"","","","","","","","","","","","","","","","75.0","0.0","1.6079147477319684","2.160794291927284","","","","","","","","","","","","","","","","","",""
"","","","","","","","","","","","","","","","79.0","-0.1282601886251169","1.4110669311299584","2.147012373677234","","","","","","","","","","","","","","","","","",""
"","","","","","","","","","","","","","","","83.0","0.0","1.5329939805248889","2.203258770697638","","","","","","","","","","","","","","","","","",""
"","","","","","","","","","","","","","","","87.0","-0.7878702927227459","0.4907841978766903","2.125217591918975","","","","","","","","","","","","","","","","","",""
"","","","","","","","","","","","","","","","91.0","0.0","1.6106818815774948","2.161786998145946","","","","","","","","","","","","","","","","","",""
"","","","","","","","","","","","","","","","95.0","-0.8862975515969067","0.4367989510461633","2.2118428995967148","","","","","","","","","","","","","","","","","",""
"","","","","","","","","","","","","","","","99.0","0.0","1.5663011693247009","2.234460621633892","","","","","","","","","","","","","","","","","",""
"","","","","","","","","","","","","","","","103.0","-0.9805216493835016","0.4157158976118681","2.1063148391165885","","","","","","","","","","","","","","","","","",""
"neural_ode","steady_state_jacobian","low_dim","x1","u","1.3310638551528635","0.8916383464189842","26.0","","","6.392894300050102","","","","","","","","","","","160.0","96.0","","108.0","0.001","","","3.0","","","","250.0","173.0","3.2667214782122755e-06","1.2502074241638184e-05","1e-06"
"neural_ode","steady_state_jacobian","low_dim","x2","u","0.0343818099667819","0.0435669461057642","26.0","","","6.392894300050102","","","","","","","","","","","160.0","96.0","","108.0","0.001","","","3.0","","","","250.0","173.0","3.2667214782122755e-06","1.2502074241638184e-05","1e-06"
"","","","","","","","","","","","","","","","3.0","0.0","1.64","2.2","","","","","","","","","","","","","","","","","",""
"","","","","","","","","","","","","","","","7.0","0.5003818664186679","2.52","2.22","","","","","","","","","","","","","","","","","",""
"","","","","","","","","","","","","","","","11.0","0.0","1.64","2.22","","","","","","","","","","","","","","","","","",""
"","","","","","","","","","","","","","","","15.0","1.588855203878302","2.84","2.18","","","","","","","","","","","","","","","","","",""
"","","","","","","","","","","","","","","","19.0","0.0","1.68","2.2","","","","","","","","","","","","","","","","","",""
"","","","","","","","","","","","","","","","23.0","1.102742760980774","2.88","2.2","","","","","","","","","","","","","","","","","",""
"","","","","","","","","","","","","","","","27.0","0.0","1.7","2.22","","","","","","","","","","","","","","","","","",""
"","","","","","","","","","","","","","","","31.0","-1.0991712400376326","0.5","2.16","","","","","","","","","","","","","","","","","",""
"","","","","","","","","","","","","","","","35.0","0.0","1.68","2.12","","","","","","","","","","","","","","","","","",""
"","","","","","","","","","","","","","","","39.0","-0.7993348603550983","0.58","2.26","","","","","","","","","","","","","","","","","",""
"","","","","","","","","","","","","","","","43.0","0.0","1.66","2.18","","","","","","","","","","","","","","","","","",""
"","","","","","","","","","","","","","","","47.0","1.4942137815850476","2.9","2.22","","","","","","","","","","","","","","","","","",""
"","","","","","","","","","","","","","","","51.0","0.0","1.7","2.28","","","","","","","","","","","","","","","","","",""
"","","","","","","","","","","","","","","","55.0","-1.978938781737701","0.42","2.2","","","","","","","","","","","","","","","","","",""
"","","","","","","","","","","","","","","","59.0","0.0","1.62","2.18","","","","","","","","","","","","","","","","","",""
"","","","","","","","","","","","","","","","63.0","1.2849136735310651","2.72","2.2","","","","","","","","","","","","","","","","","",""
"","","","","","","","","","","","","","","","67.0","0.0","1.68","2.24","","","","","","","","","","","","","","","","","",""
"","","","","","","","","","","","","","","","71.0","1.188277715008185","2.8000000000000003","2.14","","","","","","","","","","","","","","","","","",""
"","","","","","","","","","","","","","","","75.0","0.0","1.6","2.16","","","","","","","","","","","","","","","","","",""
"","","","","","","","","","","","","","","","79.0","-0.1282601886251169","1.42","2.14","","","","","","","","","","","","","","","","","",""
"","","","","","","","","","","","","","","","83.0","0.0","1.54","2.2","","","","","","","","","","","","","","","","","",""
"","","","","","","","","","","","","","","","87.0","-0.7878702927227459","0.5","2.12","","","","","","","","","","","","","","","","","",""
"","","","","","","","","","","","","","","","91.0","0.0","1.62","2.16","","","","","","","","","","","","","","","","","",""
"","","","","","","","","","","","","","","","95.0","-0.8862975515969067","0.44","2.22","","","","","","","","","","","","","","","","","",""
"","","","","","","","","","","","","","","","99.0","0.0","1.56","2.24","","","","","","","","","","","","","","","","","",""
"","","","","","","","","","","","","","","","103.0","-0.9805216493835016","0.42","2.1","","","","","","","","","","","","","","","","","",""
"neural_ode","steady_state_jacobian","low_dim","x1","u","1.5563625515653536","0.9019560017501363","26.0","","","6.309217099915259","","","","","","","","","","","160.0","96.0","","108.0","0.001","","","3.0","","","","250.0","250.0","0.00078859354835","0.0254144966602325","1e-06"
"neural_ode","steady_state_jacobian","low_dim","x2","u","0.2618069479671808","0.6441655526232684","26.0","","","6.309217099915259","","","","","","","","","","","160.0","96.0","","108.0","0.001","","","3.0","","","","250.0","250.0","0.00078859354835","0.0254144966602325","1e-06"
"","","","","","","","","","","","","","","","3.0","0.0","1.620089331215548","2.101674064897982","","","","","","","","","","","","","","","","","",""
"","","","","","","","","","","","","","","","7.0","0.5003818664186679","2.5120913139289813","2.1588205011664097","","","","","","","","","","","","","","","","","",""
"","","","","","","","","","","","","","","","11.0","0.0","1.5357859475306257","2.123152659822272","","","","","","","","","","","","","","","","","",""
"","","","","","","","","","","","","","","","15.0","1.588855203878302","2.635514864162957","2.113605778008884","","","","","","","","","","","","","","","","","",""
"","","","","","","","","","","","","","","","19.0","0.0","1.399603196153742","2.079733206446009","","","","","","","","","","","","","","","","","",""
"","","","","","","","","","","","","","","","23.0","1.102742760980774","2.5389983176423256","2.037203317120599","","","","","","","","","","","","","","","","","",""
"","","","","","","","","","","","","","","","27.0","0.0","1.4186207773530026","2.0791241122223445","","","","","","","","","","","","","","","","","",""
"","","","","","","","","","","","","","","","31.0","-1.0991712400376326","0.2563744817642778","2.085037376235943","","","","","","","","","","","","","","","","","",""
"","","","","","","","","","","","","","","","35.0","0.0","1.3807493178608097","2.056118672178692","","","","","","","","","","","","","","","","","",""
"","","","","","","","","","","","","","","","39.0","-0.7993348603550983","0.3580011799340175","2.006590068484226","","","","","","","","","","","","","","","","","",""
"","","","","","","","","","","","","","","","43.0","0.0","1.3993986260012257","2.006170388352136","","","","","","","","","","","","","","","","","",""
"","","","","","","","","","","","","","","","47.0","1.4942137815850476","2.6626041722123315","2.0602107988719247","","","","","","","","","","","","","","","","","",""
"","","","","","","","","","","","","","","","51.0","0.0","1.3803885183882378","2.004065362686493","","","","","","","","","","","","","","","","","",""
"","","","","","","","","","","","","","","","55.0","-1.978938781737701","0.0517966456643881","2.036472845351299","","","","","","","","","","","","","","","","","",""
"","","","","","","","","","","","","","","","59.0","0.0","1.2406574822747545","1.990736729737948","","","","","","","","","","","","","","","","","",""
"","","","","","","","","","","","","","","","63.0","1.2849136735310651","2.4640652892518613","1.933776157578756","","","","","","","","","","","","","","","","","",""
"","","","","","","","","","","","","","","","67.0","0.0","1.1607193611591042","1.957450030179148","","","","","","","","","","","","","","","","","",""
"","","","","","","","","","","","","","","","71.0","1.188277715008185","2.383527131893129","1.9476429342937345","","","","","","","","","","","","","","","","","",""
"","","","","","","","","","","","","","","","75.0","0.0","1.263158115592962","1.885712967411305","","","","","","","","","","","","","","","","","",""
"","","","","","","","","","","","","","","","79.0","-0.1282601886251169","0.8881345250742967","1.845799140888587","","","","","","","","","","","","","","","","","",""
"","","","","","","","","","","","","","","","83.0","0.0","1.197028650543842","1.7780395961659876","","","","","","","","","","","","","","","","","",""
"","","","","","","","","","","","","","","","87.0","-0.7878702927227459","0.0425784985949835","1.80935058239142","","","","","","","","","","","","","","","","","",""
"","","","","","","","","","","","","","","","91.0","0.0","1.0951210210186435","1.7459317340355844","","","","","","","","","","","","","","","","","",""
"","","","","","","","","","","","","","","","95.0","-0.8862975515969067","0.0587770738205143","1.7413759529859176","","","","","","","","","","","","","","","","","",""
"","","","","","","","","","","","","","","","99.0","0.0","1.1780365571627602","1.811702098658745","","","","","","","","","","","","","","","","","",""
"","","","","","","","","","","","","","","","103.0","-0.9805216493835016","0.0738140866721134","1.9442753967624675","","","","","","","","","","","","","","","","","",""
"gp_rbf","rbf","low_dim","x1","u","1.9319557154544968","0.8615059787653796","26.0","","","0.2980442999396473","","{""u"": 0.019191939882436095}","","","","","","","1.3**2 * RBF(length_scale=1.18) + WhiteKernel(noise_level=0.00259)","","","","","","","","","","","","","","","","",""
"gp_rbf","rbf","low_dim","x2","u","-0.001347622364104","0.0009853563911448","26.0","","","0.2980442999396473","","{""u"": 0.019191939882436095}","","","","","","","0.0316**2 * RBF(length_scale=0.01) + WhiteKernel(noise_level=1)","","","","","","","","","","","","","","","","",""
"","","","","","","","","","","","","","","","3.0","0.0","1.6094637470293598","2.188433274403022","","","","","","","","","","","","","","","","","",""
"","","","","","","","","","","","","","","","7.0","0.5003818664186679","2.5017658885750884","2.2200554667997823","","","","","","","","","","","","","","","","","",""
"","","","","","","","","","","","","","","","11.0","0.0","1.6294602497945847","2.206236521990606","","","","","","","","","","","","","","","","","",""
"","","","","","","","","","","","","","","","15.0","1.588855203878302","2.802371421283562","2.168983278785245","","","","","","","","","","","","","","","","","",""
"","","","","","","","","","","","","","","","19.0","0.0","1.6169956874373466","2.17128239641392","","","","","","","","","","","","","","","","","",""
"","","","","","","","","","","","","","","","23.0","1.102742760980774","2.820400045700697","2.178938225834216","","","","","","","","","","","","","","","","","",""
"","","","","","","","","","","","","","","","27.0","0.0","1.6310216773758266","2.202442620643412","","","","","","","","","","","","","","","","","",""
"","","","","","","","","","","","","","","","31.0","-1.0991712400376326","0.4877979982039877","2.146989424395212","","","","","","","","","","","","","","","","","",""
"","","","","","","","","","","","","","","","35.0","0.0","1.643080152336614","2.10965266512686","","","","","","","","","","","","","","","","","",""
"","","","","","","","","","","","","","","","39.0","-0.7993348603550983","0.576386100778399","2.258193302178217","","","","","","","","","","","","","","","","","",""
"","","","","","","","","","","","","","","","43.0","0.0","1.6363242075825366","2.1778995233441028","","","","","","","","","","","","","","","","","",""
"","","","","","","","","","","","","","","","47.0","1.4942137815850476","2.8855620323879663","2.221151293840489","","","","","","","","","","","","","","","","","",""
"","","","","","","","","","","","","","","","51.0","0.0","1.692983250040798","2.2843986621623573","","","","","","","","","","","","","","","","","",""
"","","","","","","","","","","","","","","","55.0","-1.978938781737701","0.4556104519815789","2.2152145637569527","","","","","","","","","","","","","","","","","",""
"","","","","","","","","","","","","","","","59.0","0.0","1.6290364521102731","2.186173994043572","","","","","","","","","","","","","","","","","",""
"","","","","","","","","","","","","","","","63.0","1.2849136735310651","2.728116884786166","2.209186071914373","","","","","","","","","","","","","","","","","",""
"","","","","","","","","","","","","","","","67.0","0.0","1.686739890665691","2.2318720075117167","","","","","","","","","","","","","","","","","",""
"","","","","","","","","","","","","","","","71.0","1.188277715008185","2.8243541189347297","2.1555624190109386","","","","","","","","","","","","","","","","","",""
"","","","","","","","","","","","","","","","75.0","0.0","1.6441306797427797","2.176941492972454","","","","","","","","","","","","","","","","","",""
"","","","","","","","","","","","","","","","79.0","-0.1282601886251169","1.4213481986776773","2.152635910588307","","","","","","","","","","","","","","","","","",""
"","","","","","","","","","","","","","","","83.0","0.0","1.557878449239937","2.2150787263418628","","","","","","","","","","","","","","","","","",""
"","","","","","","","","","","","","","","","87.0","-0.7878702927227459","0.5322995578832517","2.1441528051148704","","","","","","","","","","","","","","","","","",""
"","","","","","","","","","","","","","","","91.0","0.0","1.6402909703208102","2.175158502175819","","","","","","","","","","","","","","","","","",""
"","","","","","","","","","","","","","","","95.0","-0.8862975515969067","0.4816514011374243","2.2312666246844617","","","","","","","","","","","","","","","","","",""
"","","","","","","","","","","","","","","","99.0","0.0","1.6189964177536658","2.2568887535645854","","","","","","","","","","","","","","","","","",""
"","","","","","","","","","","","","","","","103.0","-0.9805216493835016","0.4794573785716273","2.131297668975425","","","","","","","","","","","","","","","","","",""
"gp_rbf","rbf","low_dim","x1","u","1.919355279135328","0.8544512086294174","26.0","","","0.3008023999864235","","{""u"": 0.019191939882436095}","","","","","","","1.3**2 * RBF(length_scale=1.18) + WhiteKernel(noise_level=0.00269)","","","","","","","","","","","","","","","","",""
"gp_rbf","rbf","low_dim","x2","u","-0.0012675678382178","0.0010326024860741","26.0","","","0.3008023999864235","","{""u"": 0.019191939882436095}","","","","","","","0.0316**2 * RBF(length_scale=0.01) + WhiteKernel(noise_level=1)","","","","","","","","","","","","","","","","",""
"","","","","","","","","","","","","","","","3.0","0.0","1.6","2.18","","","","","","","","","","","","","","","","","",""
"","","","","","","","","","","","","","","","7.0","0.5003818664186679","2.5","2.22","","","","","","","","","","","","","","","","","",""
"","","","","","","","","","","","","","","","11.0","0.0","1.62","2.2","","","","","","","","","","","","","","","","","",""
"","","","","","","","","","","","","","","","15.0","1.588855203878302","2.8000000000000003","2.16","","","","","","","","","","","","","","","","","",""
"","","","","","","","","","","","","","","","19.0","0.0","1.62","2.18","","","","","","","","","","","","","","","","","",""
"","","","","","","","","","","","","","","","23.0","1.102742760980774","2.82","2.18","","","","","","","","","","","","","","","","","",""
"","","","","","","","","","","","","","","","27.0","0.0","1.64","2.2","","","","","","","","","","","","","","","","","",""
"","","","","","","","","","","","","","","","31.0","-1.0991712400376326","0.48","2.14","","","","","","","","","","","","","","","","","",""
"","","","","","","","","","","","","","","","35.0","0.0","1.64","2.1","","","","","","","","","","","","","","","","","",""
"","","","","","","","","","","","","","","","39.0","-0.7993348603550983","0.58","2.26","","","","","","","","","","","","","","","","","",""
"","","","","","","","","","","","","","","","43.0","0.0","1.64","2.18","","","","","","","","","","","","","","","","","",""
"","","","","","","","","","","","","","","","47.0","1.4942137815850476","2.88","2.22","","","","","","","","","","","","","","","","","",""
"","","","","","","","","","","","","","","","51.0","0.0","1.7","2.28","","","","","","","","","","","","","","","","","",""
"","","","","","","","","","","","","","","","55.0","-1.978938781737701","0.46","2.22","","","","","","","","","","","","","","","","","",""
"","","","","","","","","","","","","","","","59.0","0.0","1.62","2.18","","","","","","","","","","","","","","","","","",""
"","","","","","","","","","","","","","","","63.0","1.2849136735310651","2.72","2.2","","","","","","","","","","","","","","","","","",""
"","","","","","","","","","","","","","","","67.0","0.0","1.68","2.24","","","","","","","","","","","","","","","","","",""
"","","","","","","","","","","","","","","","71.0","1.188277715008185","2.82","2.16","","","","","","","","","","","","","","","","","",""
"","","","","","","","","","","","","","","","75.0","0.0","1.64","2.18","","","","","","","","","","","","","","","","","",""
"","","","","","","","","","","","","","","","79.0","-0.1282601886251169","1.42","2.16","","","","","","","","","","","","","","","","","",""
"","","","","","","","","","","","","","","","83.0","0.0","1.56","2.22","","","","","","","","","","","","","","","","","",""
"","","","","","","","","","","","","","","","87.0","-0.7878702927227459","0.54","2.14","","","","","","","","","","","","","","","","","",""
"","","","","","","","","","","","","","","","91.0","0.0","1.64","2.18","","","","","","","","","","","","","","","","","",""
"","","","","","","","","","","","","","","","95.0","-0.8862975515969067","0.48","2.24","","","","","","","","","","","","","","","","","",""
"","","","","","","","","","","","","","","","99.0","0.0","1.62","2.26","","","","","","","","","","","","","","","","","",""
"","","","","","","","","","","","","","","","103.0","-0.9805216493835016","0.48","2.14","","","","","","","","","","","","","","","","","",""
"gp_rbf","rbf","low_dim","x1","u","2.769527506474639","1.3247729797146193","26.0","","","0.3388418999966234","","{""u"": 0.019191939882436095}","","","","","","","1.29**2 * RBF(length_scale=0.848) + WhiteKernel(noise_level=0.0219)","","","","","","","","","","","","","","","","",""
"gp_rbf","rbf","low_dim","x2","u","0.0005041644806798","0.0003280133411101","26.0","","","0.3388418999966234","","{""u"": 0.019191939882436095}","","","","","","","0.0316**2 * RBF(length_scale=0.675) + WhiteKernel(noise_level=1)","","","","","","","","","","","","","","","","",""
"","","","","","","","","","","","","","","","3.0","0.0","1.5866858052845214","2.0904868646059733","","","","","","","","","","","","","","","","","",""
"","","","","","","","","","","","","","","","7.0","0.5003818664186679","2.4871331785630963","2.151997999703804","","","","","","","","","","","","","","","","","",""
"","","","","","","","","","","","","","","","11.0","0.0","1.5210954500162637","2.1191062480717267","","","","","","","","","","","","","","","","","",""
"","","","","","","","","","","","","","","","15.0","1.588855203878302","2.6015874234385588","2.102264296382346","","","","","","","","","","","","","","","","","",""
"","","","","","","","","","","","","","","","19.0","0.0","1.3369024943784584","2.0560487718976","","","","","","","","","","","","","","","","","",""
"","","","","","","","","","","","","","","","23.0","1.102742760980774","2.4730852043744536","2.0119324728604093","","","","","","","","","","","","","","","","","",""
"","","","","","","","","","","","","","","","27.0","0.0","1.3551646991580526","2.054815413110572","","","","","","","","","","","","","","","","","",""
"","","","","","","","","","","","","","","","31.0","-1.0991712400376326","0.238117127706427","2.080079672677779","","","","","","","","","","","","","","","","","",""
"","","","","","","","","","","","","","","","35.0","0.0","1.3480635624266506","2.0460332196051496","","","","","","","","","","","","","","","","","",""
"","","","","","","","","","","","","","","","39.0","-0.7993348603550983","0.3484324470032882","2.0044072855768147","","","","","","","","","","","","","","","","","",""
"","","","","","","","","","","","","","","","43.0","0.0","1.384181962402656","2.002378251547833","","","","","","","","","","","","","","","","","",""
"","","","","","","","","","","","","","","","47.0","1.4942137815850476","2.655311518929409","2.0585918894778152","","","","","","","","","","","","","","","","","",""
"","","","","","","","","","","","","","","","51.0","0.0","1.3638633758968404","1.9992388507220271","","","","","","","","","","","","","","","","","",""
"","","","","","","","","","","","","","","","55.0","-1.978938781737701","0.0870713413061426","2.052469799928344","","","","","","","","","","","","","","","","","",""
"","","","","","","","","","","","","","","","59.0","0.0","1.2487027573496925","1.9953076853295035","","","","","","","","","","","","","","","","","",""
"","","","","","","","","","","","","","","","63.0","1.2849136735310651","2.4665265051951426","1.9352359686941152","","","","","","","","","","","","","","","","","",""
"","","","","","","","","","","","","","","","67.0","0.0","1.161543017829707","1.9577920476393","","","","","","","","","","","","","","","","","",""
"","","","","","","","","","","","","","","","71.0","1.188277715008185","2.410588594434398","1.9610755070951065","","","","","","","","","","","","","","","","","",""
"","","","","","","","","","","","","","","","75.0","0.0","1.2993740476037736","1.9018601684564755","","","","","","","","","","","","","","","","","",""
"","","","","","","","","","","","","","","","79.0","-0.1282601886251169","0.8984157926220155","1.85142267779966","","","","","","","","","","","","","","","","","",""
"","","","","","","","","","","","","","","","83.0","0.0","1.22191311925889","1.7898595518102125","","","","","","","","","","","","","","","","","",""
"","","","","","","","","","","","","","","","87.0","-0.7878702927227459","0.0840938586015448","1.8282857955873155","","","","","","","","","","","","","","","","","",""
"","","","","","","","","","","","","","","","91.0","0.0","1.124730109761959","1.7593032380654572","","","","","","","","","","","","","","","","","",""
"","","","","","","","","","","","","","","","95.0","-0.8862975515969067","0.1036295239117754","1.7607996780736646","","","","","","","","","","","","","","","","","",""
"","","","","","","","","","","","","","","","99.0","0.0","1.2307318055917251","1.8341302305894391","","","","","","","","","","","","","","","","","",""
"","","","","","","","","","","","","","","","103.0","-0.9805216493835016","0.1375555676318726","1.969258226621304","","","","","","","","","","","","","","","","","",""
"gp_rbf","rbf","low_dim","x1","u","2.0142601507447284","0.909567938807676","26.0","","","0.297821499989368","","{""u"": 0.019191939882436095}","","","","","","","1.36**2 * RBF(length_scale=1.17) + WhiteKernel(noise_level=0.00385)","","","","","","","","","","","","","","","","",""
"gp_rbf","rbf","low_dim","x2","u","-0.0018356163281203","0.0010857287229295","26.0","","","0.297821499989368","","{""u"": 0.019191939882436095}","","","","","","","0.0316**2 * RBF(length_scale=0.01) + WhiteKernel(noise_level=1)","","","","","","","","","","","","","","","","",""
"","","","","","","","","","","","","","","","3.0","0.0","1.6423327690471845","2.199511659249488","","","","","","","","","","","","","","","","","",""
"","","","","","","","","","","","","","","","7.0","0.5003818664186679","2.525105297441681","2.22654813360216","","","","","","","","","","","","","","","","","",""
"","","","","","","","","","","","","","","","11.0","0.0","1.6411870726913245","2.2096587319143617","","","","","","","","","","","","","","","","","",""
"","","","","","","","","","","","","","","","15.0","1.588855203878302","2.831671886022695","2.17930939423292","","","","","","","","","","","","","","","","","",""
"","","","","","","","","","","","","","","","19.0","0.0","1.6730128708430314","2.1934317060303203","","","","","","","","","","","","","","","","","",""
"","","","","","","","","","","","","","","","23.0","1.102742760980774","2.877087556448803","2.201983364066063","","","","","","","","","","","","","","","","","",""
"","","","","","","","","","","","","","","","27.0","0.0","1.682110915806718","2.223608151535239","","","","","","","","","","","","","","","","","",""
"","","","","","","","","","","","","","","","31.0","-1.0991712400376326","0.489808467331488","2.1475852245627296","","","","","","","","","","","","","","","","","",""
"","","","","","","","","","","","","","","","35.0","0.0","1.6547287863110405","2.1137575342716857","","","","","","","","","","","","","","","","","",""
"","","","","","","","","","","","","","","","39.0","-0.7993348603550983","0.5590073969547804","2.252246086184738","","","","","","","","","","","","","","","","","",""
"","","","","","","","","","","","","","","","43.0","0.0","1.6173066558665117","2.1707082973436296","","","","","","","","","","","","","","","","","",""
"","","","","","","","","","","","","","","","47.0","1.4942137815850476","2.8496450416870767","2.208000398903624","","","","","","","","","","","","","","","","","",""
"","","","","","","","","","","","","","","","51.0","0.0","1.6552560383759174","2.269433222390612","","","","","","","","","","","","","","","","","",""
"","","","","","","","","","","","","","","","55.0","-1.978938781737701","0.4087069218695996","2.1949371277903675","","","","","","","","","","","","","","","","","",""
"","","","","","","","","","","","","","","","59.0","0.0","1.620920242516187","2.1815734671082967","","","","","","","","","","","","","","","","","",""
"","","","","","","","","","","","","","","","63.0","1.2849136735310651","2.725655236150682","2.2077260565078864","","","","","","","","","","","","","","","","","",""
"","","","","","","","","","","","","","","","67.0","0.0","1.6859162313557168","2.2315299886402364","","","","","","","","","","","","","","","","","",""
"","","","","","","","","","","","","","","","71.0","1.188277715008185","2.797292656377361","2.142129846199816","","","","","","","","","","","","","","","","","",""
"","","","","","","","","","","","","","","","75.0","0.0","1.60791474773187","2.1607942919272167","","","","","","","","","","","","","","","","","",""
"","","","","","","","","","","","","","","","79.0","-0.1282601886251169","1.4110669311299575","2.1470123736772337","","","","","","","","","","","","","","","","","",""
"","","","","","","","","","","","","","","","83.0","0.0","1.5329939805248889","2.203258770697638","","","","","","","","","","","","","","","","","",""
"","","","","","","","","","","","","","","","87.0","-0.7878702927227459","0.4907841978766903","2.125217591918975","","","","","","","","","","","","","","","","","",""
"","","","","","","","","","","","","","","","91.0","0.0","1.6106818815774948","2.161786998145946","","","","","","","","","","","","","","","","","",""
"","","","","","","","","","","","","","","","95.0","-0.8862975515969067","0.4367989510461633","2.2118428995967148","","","","","","","","","","","","","","","","","",""
"","","","","","","","","","","","","","","","99.0","0.0","1.5663011693247009","2.234460621633892","","","","","","","","","","","","","","","","","",""
"","","","","","","","","","","","","","","","103.0","-0.9805216493835016","0.4157158976118681","2.1063148391165885","","","","","","","","","","","","","","","","","",""
"gp_rbf","rbf","low_dim","x1","u","1.9889743169960683","0.8915415875958461","26.0","","","0.2991857000160962","","{""u"": 0.019191939882436095}","","","","","","","1.36**2 * RBF(length_scale=1.18) + WhiteKernel(noise_level=0.00384)","","","","","","","","","","","","","","","","",""
"gp_rbf","rbf","low_dim","x2","u","-0.0021743407523292","0.0011975860337078","26.0","","","0.2991857000160962","","{""u"": 0.019191939882436095}","","","","","","","0.0316**2 * RBF(length_scale=0.01) + WhiteKernel(noise_level=0.999)","","","","","","","","","","","","","","","","",""
"","","","","","","","","","","","","","","","3.0","0.0","1.64","2.2","","","","","","","","","","","","","","","","","",""
"","","","","","","","","","","","","","","","7.0","0.5003818664186679","2.52","2.22","","","","","","","","","","","","","","","","","",""
"","","","","","","","","","","","","","","","11.0","0.0","1.64","2.2","","","","","","","","","","","","","","","","","",""
"","","","","","","","","","","","","","","","15.0","1.588855203878302","2.84","2.18","","","","","","","","","","","","","","","","","",""
"","","","","","","","","","","","","","","","19.0","0.0","1.68","2.2","","","","","","","","","","","","","","","","","",""
"","","","","","","","","","","","","","","","23.0","1.102742760980774","2.88","2.2","","","","","","","","","","","","","","","","","",""
"","","","","","","","","","","","","","","","27.0","0.0","1.68","2.22","","","","","","","","","","","","","","","","","",""
"","","","","","","","","","","","","","","","31.0","-1.0991712400376326","0.48","2.14","","","","","","","","","","","","","","","","","",""
"","","","","","","","","","","","","","","","35.0","0.0","1.66","2.12","","","","","","","","","","","","","","","","","",""
"","","","","","","","","","","","","","","","39.0","-0.7993348603550983","0.56","2.26","","","","","","","","","","","","","","","","","",""
"","","","","","","","","","","","","","","","43.0","0.0","1.62","2.18","","","","","","","","","","","","","","","","","",""
"","","","","","","","","","","","","","","","47.0","1.4942137815850476","2.84","2.2","","","","","","","","","","","","","","","","","",""
"","","","","","","","","","","","","","","","51.0","0.0","1.66","2.26","","","","","","","","","","","","","","","","","",""
"","","","","","","","","","","","","","","","55.0","-1.978938781737701","0.4","2.2","","","","","","","","","","","","","","","","","",""
"","","","","","","","","","","","","","","","59.0","0.0","1.62","2.18","","","","","","","","","","","","","","","","","",""
"","","","","","","","","","","","","","","","63.0","1.2849136735310651","2.72","2.2","","","","","","","","","","","","","","","","","",""
"","","","","","","","","","","","","","","","67.0","0.0","1.68","2.24","","","","","","","","","","","","","","","","","",""
"","","","","","","","","","","","","","","","71.0","1.188277715008185","2.8000000000000003","2.14","","","","","","","","","","","","","","","","","",""
"","","","","","","","","","","","","","","","75.0","0.0","1.6","2.16","","","","","","","","","","","","","","","","","",""
"","","","","","","","","","","","","","","","79.0","-0.1282601886251169","1.42","2.14","","","","","","","","","","","","","","","","","",""
"","","","","","","","","","","","","","","","83.0","0.0","1.54","2.2","","","","","","","","","","","","","","","","","",""
"","","","","","","","","","","","","","","","87.0","-0.7878702927227459","0.5","2.12","","","","","","","","","","","","","","","","","",""
"","","","","","","","","","","","","","","","91.0","0.0","1.62","2.16","","","","","","","","","","","","","","","","","",""
"","","","","","","","","","","","","","","","95.0","-0.8862975515969067","0.44","2.22","","","","","","","","","","","","","","","","","",""
"","","","","","","","","","","","","","","","99.0","0.0","1.56","2.24","","","","","","","","","","","","","","","","","",""
"","","","","","","","","","","","","","","","103.0","-0.9805216493835016","0.42","2.1","","","","","","","","","","","","","","","","","",""
"gp_rbf","rbf","low_dim","x1","u","2.77594460635936","1.3394490387854527","26.0","","","0.32124289998319","","{""u"": 0.019191939882436095}","","","","","","","1.31**2 * RBF(length_scale=0.871) + WhiteKernel(noise_level=0.0276)","","","","","","","","","","","","","","","","",""
"gp_rbf","rbf","low_dim","x2","u","0.0005553318092742","0.0003476953591801","26.0","","","0.32124289998319","","{""u"": 0.019191939882436095}","","","","","","","0.0316**2 * RBF(length_scale=0.702) + WhiteKernel(noise_level=1)","","","","","","","","","","","","","","","","",""
"","","","","","","","","","","","","","","","3.0","0.0","1.619554827302346","2.101565249452439","","","","","","","","","","","","","","","","","",""
"","","","","","","","","","","","","","","","7.0","0.5003818664186679","2.5104725874296894","2.158490666506182","","","","","","","","","","","","","","","","","",""
"","","","","","","","","","","","","","","","11.0","0.0","1.5328222729130034","2.1225284579954824","","","","","","","","","","","","","","","","","",""
"","","","","","","","","","","","","","","","15.0","1.588855203878302","2.630887888177692","2.1125904118300216","","","","","","","","","","","","","","","","","",""
"","","","","","","","","","","","","","","","19.0","0.0","1.3929196777841433","2.0781980815140004","","","","","","","","","","","","","","","","","",""
"","","","","","","","","","","","","","","","23.0","1.102742760980774","2.52977271512256","2.034977611092257","","","","","","","","","","","","","","","","","",""
"","","","","","","","","","","","","","","","27.0","0.0","1.4062539375889438","2.0759809440024","","","","","","","","","","","","","","","","","",""
"","","","","","","","","","","","","","","","31.0","-1.0991712400376326","0.2401275968339273","2.0806754728452965","","","","","","","","","","","","","","","","","",""
"","","","","","","","","","","","","","","","35.0","0.0","1.359712196401077","2.0501380887499754","","","","","","","","","","","","","","","","","",""
"","","","","","","","","","","","","","","","39.0","-0.7993348603550983","0.3310537431796696","1.998460069583336","","","","","","","","","","","","","","","","","",""
"","","","","","","","","","","","","","","","43.0","0.0","1.3651644106866307","1.99518702554736","","","","","","","","","","","","","","","","","",""
"","","","","","","","","","","","","","","","47.0","1.4942137815850476","2.61939452822852","2.04544099454095","","","","","","","","","","","","","","","","","",""
"","","","","","","","","","","","","","","","51.0","0.0","1.3261361642319598","1.984273410950281","","","","","","","","","","","","","","","","","",""
"","","","","","","","","","","","","","","","55.0","-1.978938781737701","0.0401678111941633","2.0321923639617587","","","","","","","","","","","","","","","","","",""
"","","","","","","","","","","","","","","","59.0","0.0","1.2405865477556062","1.9907071583942284","","","","","","","","","","","","","","","","","",""
"","","","","","","","","","","","","","","","63.0","1.2849136735310651","2.4640648565596583","1.9337759532876289","","","","","","","","","","","","","","","","","",""
"","","","","","","","","","","","","","","","67.0","0.0","1.1607193585197328","1.95745002876782","","","","","","","","","","","","","","","","","",""
"","","","","","","","","","","","","","","","71.0","1.188277715008185","2.383527131877029","1.947642934283984","","","","","","","","","","","","","","","","","",""
"","","","","","","","","","","","","","","","75.0","0.0","1.263158115592864","1.8857129674112376","","","","","","","","","","","","","","","","","",""
"","","","","","","","","","","","","","","","79.0","-0.1282601886251169","0.888134525074296","1.845799140888586","","","","","","","","","","","","","","","","","",""
"","","","","","","","","","","","","","","","83.0","0.0","1.197028650543842","1.7780395961659876","","","","","","","","","","","","","","","","","",""
"","","","","","","","","","","","","","","","87.0","-0.7878702927227459","0.0425784985949835","1.80935058239142","","","","","","","","","","","","","","","","","",""
"","","","","","","","","","","","","","","","91.0","0.0","1.0951210210186435","1.7459317340355844","","","","","","","","","","","","","","","","","",""
"","","","","","","","","","","","","","","","95.0","-0.8862975515969067","0.0587770738205143","1.7413759529859176","","","","","","","","","","","","","","","","","",""
"","","","","","","","","","","","","","","","99.0","0.0","1.1780365571627602","1.811702098658745","","","","","","","","","","","","","","","","","",""
"","","","","","","","","","","","","","","","103.0","-0.9805216493835016","0.0738140866721134","1.9442753967624675","","","","","","","","","","","","","","","","","",""
"gp_rbf","rbf","low_dim","x1","u","1.7852900596574628","0.8207187446781181","26.0","","","0.2918647000333294","","{""u"": 0.019191939882436095}","","","","","","","1.27**2 * RBF(length_scale=1.34) + WhiteKernel(noise_level=0.00264)","","","","","","","","","","","","","","","","",""
"gp_rbf","rbf","low_dim","x2","u","-0.0020160636929276","0.0009997861912134","26.0","","","0.2918647000333294","","{""u"": 0.019191939882436095}","","","","","","","0.0316**2 * RBF(length_scale=0.01) + WhiteKernel(noise_level=1)","","","","","","","","","","","","","","","","",""
"","","","","","","","","","","","","","","","3.0","0.0","1.627772773688431","2.1946875854966104","","","","","","","","","","","","","","","","","",""
"","","","","","","","","","","","","","","","7.0","0.5003818664186679","2.468010255742976","2.2050622254236645","","","","","","","","","","","","","","","","","",""
"","","","","","","","","","","","","","","","11.0","0.0","1.6047175368107889","2.197537345144952","","","","","","","","","","","","","","","","","",""
"","","","","","","","","","","","","","","","15.0","1.588855203878302","2.7753471791643274","2.157466481564143","","","","","","","","","","","","","","","","","",""
"","","","","","","","","","","","","","","","19.0","0.0","1.6742335507684556","2.193931152345705","","","","","","","","","","","","","","","","","",""
"","","","","","","","","","","","","","","","23.0","1.102742760980774","2.873910180406672","2.2000035072475","","","","","","","","","","","","","","","","","",""
"","","","","","","","","","","","","","","","27.0","0.0","1.6823883401967274","2.22464745636036","","","","","","","","","","","","","","","","","",""
"","","","","","","","","","","","","","","","31.0","-1.0991712400376326","0.4866228363465609","2.144241856750022","","","","","","","","","","","","","","","","","",""
"","","","","","","","","","","","","","","","35.0","0.0","1.6458603949169903","2.1104194573877604","","","","","","","","","","","","","","","","","",""
"","","","","","","","","","","","","","","","39.0","-0.7993348603550983","0.5841989016974747","2.26003220870364","","","","","","","","","","","","","","","","","",""
"","","","","","","","","","","","","","","","43.0","0.0","1.651031455299901","2.1815995018222827","","","","","","","","","","","","","","","","","",""
"","","","","","","","","","","","","","","","47.0","1.4942137815850476","2.837225759467629","2.202697210692064","","","","","","","","","","","","","","","","","",""
"","","","","","","","","","","","","","","","51.0","0.0","1.6844034798492835","2.283763880704013","","","","","","","","","","","","","","","","","",""
"","","","","","","","","","","","","","","","55.0","-1.978938781737701","0.4703314947286885","2.2193793406826514","","","","","","","","","","","","","","","","","",""
"","","","","","","","","","","","","","","","59.0","0.0","1.6846686334651693","2.206547808842416","","","","","","","","","","","","","","","","","",""
"","","","","","","","","","","","","","","","63.0","1.2849136735310651","2.791250449966136","2.2331058499008254","","","","","","","","","","","","","","","","","",""
"","","","","","","","","","","","","","","","67.0","0.0","1.7436970067852966","2.2553152218070167","","","","","","","","","","","","","","","","","",""
"","","","","","","","","","","","","","","","71.0","1.188277715008185","2.858136931594124","2.166412745947784","","","","","","","","","","","","","","","","","",""
"","","","","","","","","","","","","","","","75.0","0.0","1.6392549174121758","2.173859325612641","","","","","","","","","","","","","","","","","",""
"","","","","","","","","","","","","","","","79.0","-0.1282601886251169","1.4714877867696494","2.171401613126667","","","","","","","","","","","","","","","","","",""
"","","","","","","","","","","","","","","","83.0","0.0","1.5957389713975096","2.227941331055371","","","","","","","","","","","","","","","","","",""
"","","","","","","","","","","","","","","","87.0","-0.7878702927227459","0.5320434420429578","2.1432570978035344","","","","","","","","","","","","","","","","","",""
"","","","","","","","","","","","","","","","91.0","0.0","1.6743873651550223","2.1867576365628105","","","","","","","","","","","","","","","","","",""
"","","","","","","","","","","","","","","","95.0","-0.8862975515969067","0.4911044257625394","2.2333730255642466","","","","","","","","","","","","","","","","","",""
"","","","","","","","","","","","","","","","99.0","0.0","1.6074238838506258","2.2525403727566826","","","","","","","","","","","","","","","","","",""
"","","","","","","","","","","","","","","","103.0","-0.9805216493835016","0.4762371186365712","2.130522629175632","","","","","","","","","","","","","","","","","",""
"gp_rbf","rbf","low_dim","x1","u","1.7523935724490127","0.8053797870547398","26.0","","","0.3068012000294402","","{""u"": 0.019191939882436095}","","","","","","","1.25**2 * RBF(length_scale=1.38) + WhiteKernel(noise_level=0.00263)","","","","","","","","","","","","","","","","",""
"gp_rbf","rbf","low_dim","x2","u","-0.0019926725573148","0.0010257440865564","26.0","","","0.3068012000294402","","{""u"": 0.019191939882436095}","","","","","","","0.0316**2 * RBF(length_scale=0.01) + WhiteKernel(noise_level=1)","","","","","","","","","","","","","","","","",""
"","","","","","","","","","","","","","","","3.0","0.0","1.62","2.2","","","","","","","","","","","","","","","","","",""
"","","","","","","","","","","","","","","","7.0","0.5003818664186679","2.46","2.2","","","","","","","","","","","","","","","","","",""
"","","","","","","","","","","","","","","","11.0","0.0","1.6","2.2","","","","","","","","","","","","","","","","","",""
"","","","","","","","","","","","","","","","15.0","1.588855203878302","2.78","2.16","","","","","","","","","","","","","","","","","",""
"","","","","","","","","","","","","","","","19.0","0.0","1.68","2.2","","","","","","","","","","","","","","","","","",""
"","","","","","","","","","","","","","","","23.0","1.102742760980774","2.88","2.2","","","","","","","","","","","","","","","","","",""
"","","","","","","","","","","","","","","","27.0","0.0","1.68","2.22","","","","","","","","","","","","","","","","","",""
"","","","","","","","","","","","","","","","31.0","-1.0991712400376326","0.48","2.14","","","","","","","","","","","","","","","","","",""
"","","","","","","","","","","","","","","","35.0","0.0","1.64","2.12","","","","","","","","","","","","","","","","","",""
"","","","","","","","","","","","","","","","39.0","-0.7993348603550983","0.58","2.26","","","","","","","","","","","","","","","","","",""
"","","","","","","","","","","","","","","","43.0","0.0","1.66","2.18","","","","","","","","","","","","","","","","","",""
"","","","","","","","","","","","","","","","47.0","1.4942137815850476","2.84","2.2","","","","","","","","","","","","","","","","","",""
"","","","","","","","","","","","","","","","51.0","0.0","1.68","2.28","","","","","","","","","","","","","","","","","",""
"","","","","","","","","","","","","","","","55.0","-1.978938781737701","0.48","2.22","","","","","","","","","","","","","","","","","",""
"","","","","","","","","","","","","","","","59.0","0.0","1.68","2.2","","","","","","","","","","","","","","","","","",""
"","","","","","","","","","","","","","","","63.0","1.2849136735310651","2.8000000000000003","2.24","","","","","","","","","","","","","","","","","",""
"","","","","","","","","","","","","","","","67.0","0.0","1.74","2.26","","","","","","","","","","","","","","","","","",""
"","","","","","","","","","","","","","","","71.0","1.188277715008185","2.86","2.16","","","","","","","","","","","","","","","","","",""
"","","","","","","","","","","","","","","","75.0","0.0","1.64","2.18","","","","","","","","","","","","","","","","","",""
"","","","","","","","","","","","","","","","79.0","-0.1282601886251169","1.48","2.18","","","","","","","","","","","","","","","","","",""
"","","","","","","","","","","","","","","","83.0","0.0","1.6","2.22","","","","","","","","","","","","","","","","","",""
"","","","","","","","","","","","","","","","87.0","-0.7878702927227459","0.54","2.14","","","","","","","","","","","","","","","","","",""
"","","","","","","","","","","","","","","","91.0","0.0","1.68","2.18","","","","","","","","","","","","","","","","","",""
"","","","","","","","","","","","","","","","95.0","-0.8862975515969067","0.5","2.24","","","","","","","","","","","","","","","","","",""
"","","","","","","","","","","","","","","","99.0","0.0","1.6","2.26","","","","","","","","","","","","","","","","","",""
"","","","","","","","","","","","","","","","103.0","-0.9805216493835016","0.48","2.14","","","","","","","","","","","","","","","","","",""
"gp_rbf","rbf","low_dim","x1","u","2.544333541125712","1.226455431244908","26.0","","","0.2822117999894544","","{""u"": 0.019191939882436095}","","","","","","","1.27**2 * RBF(length_scale=0.924) + WhiteKernel(noise_level=0.0193)","","","","","","","","","","","","","","","","",""
"gp_rbf","rbf","low_dim","x2","u","0.0005043518255526","0.0003234066576722","26.0","","","0.2822117999894544","","{""u"": 0.019191939882436095}","","","","","","","0.0316**2 * RBF(length_scale=0.674) + WhiteKernel(noise_level=1)","","","","","","","","","","","","","","","","",""
"","","","","","","","","","","","","","","","3.0","0.0","1.604994831943593","2.0967411756995618","","","","","","","","","","","","","","","","","",""
"","","","","","","","","","","","","","","","7.0","0.5003818664186679","2.453377545730983","2.137004758327686","","","","","","","","","","","","","","","","","",""
"","","","","","","","","","","","","","","","11.0","0.0","1.496352737032468","2.110407071226073","","","","","","","","","","","","","","","","","",""
"","","","","","","","","","","","","","","","15.0","1.588855203878302","2.574563181319324","2.0907474991612447","","","","","","","","","","","","","","","","","",""
"","","","","","","","","","","","","","","","19.0","0.0","1.3941403577095677","2.078697527829385","","","","","","","","","","","","","","","","","",""
"","","","","","","","","","","","","","","","23.0","1.102742760980774","2.526595339080429","2.032997754273694","","","","","","","","","","","","","","","","","",""
"","","","","","","","","","","","","","","","27.0","0.0","1.4065313619789532","2.07702024882752","","","","","","","","","","","","","","","","","",""
"","","","","","","","","","","","","","","","31.0","-1.0991712400376326","0.2369419658490002","2.077332105032589","","","","","","","","","","","","","","","","","",""
"","","","","","","","","","","","","","","","35.0","0.0","1.350843805007027","2.04680001186605","","","","","","","","","","","","","","","","","",""
"","","","","","","","","","","","","","","","39.0","-0.7993348603550983","0.3562452479223639","2.0062461921022376","","","","","","","","","","","","","","","","","",""
"","","","","","","","","","","","","","","","43.0","0.0","1.3988892101200203","2.006078230026013","","","","","","","","","","","","","","","","","",""
"","","","","","","","","","","","","","","","47.0","1.4942137815850476","2.606975246009072","2.04013780632939","","","","","","","","","","","","","","","","","",""
"","","","","","","","","","","","","","","","51.0","0.0","1.355283605705326","1.9986040692636824","","","","","","","","","","","","","","","","","",""
"","","","","","","","","","","","","","","","55.0","-1.978938781737701","0.1017923840532522","2.0566345768540426","","","","","","","","","","","","","","","","","",""
"","","","","","","","","","","","","","","","59.0","0.0","1.3043349387045886","2.0156815001283475","","","","","","","","","","","","","","","","","",""
"","","","","","","","","","","","","","","","63.0","1.2849136735310651","2.5296600703751126","1.959155746680568","","","","","","","","","","","","","","","","","",""
"","","","","","","","","","","","","","","","67.0","0.0","1.218500133949313","1.9812352619346","","","","","","","","","","","","","","","","","",""
"","","","","","","","","","","","","","","","71.0","1.188277715008185","2.4443714070937923","1.9719258340319512","","","","","","","","","","","","","","","","","",""
"","","","","","","","","","","","","","","","75.0","0.0","1.2944982852731697","1.8987780010966624","","","","","","","","","","","","","","","","","",""
"","","","","","","","","","","","","","","","79.0","-0.1282601886251169","0.9485553807139876","1.87018838033802","","","","","","","","","","","","","","","","","",""
"","","","","","","","","","","","","","","","83.0","0.0","1.2597736414164629","1.8027221565237208","","","","","","","","","","","","","","","","","",""
"","","","","","","","","","","","","","","","87.0","-0.7878702927227459","0.083837742761251","1.82739008827598","","","","","","","","","","","","","","","","","",""
"","","","","","","","","","","","","","","","91.0","0.0","1.1588265045961712","1.7709023724524489","","","","","","","","","","","","","","","","","",""
"","","","","","","","","","","","","","","","95.0","-0.8862975515969067","0.1130825485368905","1.7629060789534494","","","","","","","","","","","","","","","","","",""
"","","","","","","","","","","","","","","","99.0","0.0","1.2191592716886852","1.8297818497815364","","","","","","","","","","","","","","","","","",""
"","","","","","","","","","","","","","","","103.0","-0.9805216493835016","0.1343353076968165","1.9684831868215111","","","","","","","","","","","","","","","","","",""
"gp_rbf","rbf","low_dim","x1","u","1.9206031554613416","0.874051494289287","26.0","","","0.2960431999526918","","{""u"": 0.019191939882436095}","","","","","","","1.34**2 * RBF(length_scale=1.24) + WhiteKernel(noise_level=0.00179)","","","","","","","","","","","","","","","","",""
"gp_rbf","rbf","low_dim","x2","u","-0.0017232938911728","0.0009620503295404","26.0","","","0.2960431999526918","","{""u"": 0.019191939882436095}","","","","","","","0.0316**2 * RBF(length_scale=0.01) + WhiteKernel(noise_level=1)","","","","","","","","","","","","","","","","",""
"","","","","","","","","","","","","","","","3.0","0.0","1.6421213246444035","2.199515847831928","","","","","","","","","","","","","","","","","",""
"","","","","","","","","","","","","","","","7.0","0.5003818664186679","2.482992711350084","2.21013695791548","","","","","","","","","","","","","","","","","",""
"","","","","","","","","","","","","","","","11.0","0.0","1.6328070273097262","2.207796508395289","","","","","","","","","","","","","","","","","",""
"","","","","","","","","","","","","","","","15.0","1.588855203878302","2.8291019001999214","2.178339057020697","","","","","","","","","","","","","","","","","",""
"","","","","","","","","","","","","","","","19.0","0.0","1.6332113914256396","2.1801451484665897","","","","","","","","","","","","","","","","","",""
"","","","","","","","","","","","","","","","23.0","1.102742760980774","2.8849954995377143","2.2039422649179503","","","","","","","","","","","","","","","","","",""
"","","","","","","","","","","","","","","","27.0","0.0","1.6507429556094957","2.210009189013113","","","","","","","","","","","","","","","","","",""
"","","","","","","","","","","","","","","","31.0","-1.0991712400376326","0.4947116109900696","2.14946069486736","","","","","","","","","","","","","","","","","",""
"","","","","","","","","","","","","","","","35.0","0.0","1.668568945832974","2.117752414255844","","","","","","","","","","","","","","","","","",""
"","","","","","","","","","","","","","","","39.0","-0.7993348603550983","0.539469835921346","2.24555440258952","","","","","","","","","","","","","","","","","",""
"","","","","","","","","","","","","","","","43.0","0.0","1.6502232117502462","2.181424854971948","","","","","","","","","","","","","","","","","",""
"","","","","","","","","","","","","","","","47.0","1.4942137815850476","2.8491198857096074","2.2060280724925274","","","","","","","","","","","","","","","","","",""
"","","","","","","","","","","","","","","","51.0","0.0","1.6981646512604267","2.286738741040807","","","","","","","","","","","","","","","","","",""
"","","","","","","","","","","","","","","","55.0","-1.978938781737701","0.4674647077607113","2.21824551110418","","","","","","","","","","","","","","","","","",""
"","","","","","","","","","","","","","","","59.0","0.0","1.6410808476933176","2.1923230630754764","","","","","","","","","","","","","","","","","",""
"","","","","","","","","","","","","","","","63.0","1.2849136735310651","2.790987393819607","2.233032444750171","","","","","","","","","","","","","","","","","",""
"","","","","","","","","","","","","","","","67.0","0.0","1.7088312741999474","2.240361064546215","","","","","","","","","","","","","","","","","",""
"","","","","","","","","","","","","","","","71.0","1.188277715008185","2.8525987580679057","2.1652166198532434","","","","","","","","","","","","","","","","","",""
"","","","","","","","","","","","","","","","75.0","0.0","1.6673676287573411","2.1843817952227336","","","","","","","","","","","","","","","","","",""
"","","","","","","","","","","","","","","","79.0","-0.1282601886251169","1.4312317763054514","2.1577638979212046","","","","","","","","","","","","","","","","","",""
"","","","","","","","","","","","","","","","83.0","0.0","1.5983261640573048","2.22856517226126","","","","","","","","","","","","","","","","","",""
"","","","","","","","","","","","","","","","87.0","-0.7878702927227459","0.5136992408786853","2.134048667916983","","","","","","","","","","","","","","","","","",""
"","","","","","","","","","","","","","","","91.0","0.0","1.665987983269002","2.184873771800009","","","","","","","","","","","","","","","","","",""
"","","","","","","","","","","","","","","","95.0","-0.8862975515969067","0.4962518320716401","2.235430402892236","","","","","","","","","","","","","","","","","",""
"","","","","","","","","","","","","","","","99.0","0.0","1.5864660145001943","2.245212145877862","","","","","","","","","","","","","","","","","",""
"","","","","","","","","","","","","","","","103.0","-0.9805216493835016","0.481048081144284","2.1316212406802104","","","","","","","","","","","","","","","","","",""
"gp_rbf","rbf","low_dim","x1","u","1.905982874039634","0.8712797385043355","26.0","","","0.3165574999293312","","{""u"": 0.019191939882436095}","","","","","","","1.34**2 * RBF(length_scale=1.25) + WhiteKernel(noise_level=0.00165)","","","","","","","","","","","","","","","","",""
"gp_rbf","rbf","low_dim","x2","u","-0.0014489940843842","0.0008633937176422","26.0","","","0.3165574999293312","","{""u"": 0.019191939882436095}","","","","","","","0.0316**2 * RBF(length_scale=0.01) + WhiteKernel(noise_level=1)","","","","","","","","","","","","","","","","",""
"","","","","","","","","","","","","","","","3.0","0.0","1.64","2.2","","","","","","","","","","","","","","","","","",""
"","","","","","","","","","","","","","","","7.0","0.5003818664186679","2.48","2.22","","","","","","","","","","","","","","","","","",""
"","","","","","","","","","","","","","","","11.0","0.0","1.64","2.2","","","","","","","","","","","","","","","","","",""
"","","","","","","","","","","","","","","","15.0","1.588855203878302","2.82","2.18","","","","","","","","","","","","","","","","","",""
"","","","","","","","","","","","","","","","19.0","0.0","1.64","2.18","","","","","","","","","","","","","","","","","",""
"","","","","","","","","","","","","","","","23.0","1.102742760980774","2.88","2.2","","","","","","","","","","","","","","","","","",""
"","","","","","","","","","","","","","","","27.0","0.0","1.66","2.22","","","","","","","","","","","","","","","","","",""
"","","","","","","","","","","","","","","","31.0","-1.0991712400376326","0.5","2.14","","","","","","","","","","","","","","","","","",""
"","","","","","","","","","","","","","","","35.0","0.0","1.66","2.12","","","","","","","","","","","","","","","","","",""
"","","","","","","","","","","","","","","","39.0","-0.7993348603550983","0.54","2.24","","","","","","","","","","","","","","","","","",""
"","","","","","","","","","","","","","","","43.0","0.0","1.66","2.18","","","","","","","","","","","","","","","","","",""
"","","","","","","","","","","","","","","","47.0","1.4942137815850476","2.84","2.2","","","","","","","","","","","","","","","","","",""
"","","","","","","","","","","","","","","","51.0","0.0","1.7","2.28","","","","","","","","","","","","","","","","","",""
"","","","","","","","","","","","","","","","55.0","-1.978938781737701","0.46","2.22","","","","","","","","","","","","","","","","","",""
"","","","","","","","","","","","","","","","59.0","0.0","1.64","2.2","","","","","","","","","","","","","","","","","",""
"","","","","","","","","","","","","","","","63.0","1.2849136735310651","2.8000000000000003","2.24","","","","","","","","","","","","","","","","","",""
"","","","","","","","","","","","","","","","67.0","0.0","1.7","2.24","","","","","","","","","","","","","","","","","",""
"","","","","","","","","","","","","","","","71.0","1.188277715008185","2.86","2.16","","","","","","","","","","","","","","","","","",""
"","","","","","","","","","","","","","","","75.0","0.0","1.66","2.18","","","","","","","","","","","","","","","","","",""
"","","","","","","","","","","","","","","","79.0","-0.1282601886251169","1.44","2.16","","","","","","","","","","","","","","","","","",""
"","","","","","","","","","","","","","","","83.0","0.0","1.6","2.22","","","","","","","","","","","","","","","","","",""
"","","","","","","","","","","","","","","","87.0","-0.7878702927227459","0.52","2.14","","","","","","","","","","","","","","","","","",""
"","","","","","","","","","","","","","","","91.0","0.0","1.66","2.18","","","","","","","","","","","","","","","","","",""
"","","","","","","","","","","","","","","","95.0","-0.8862975515969067","0.5","2.24","","","","","","","","","","","","","","","","","",""
"","","","","","","","","","","","","","","","99.0","0.0","1.58","2.24","","","","","","","","","","","","","","","","","",""
"","","","","","","","","","","","","","","","103.0","-0.9805216493835016","0.48","2.14","","","","","","","","","","","","","","","","","",""
"gp_rbf","rbf","low_dim","x1","u","2.6756448900258416","1.2994491079867732","26.0","","","0.3022681000875309","","{""u"": 0.019191939882436095}","","","","","","","1.29**2 * RBF(length_scale=0.899) + WhiteKernel(noise_level=0.0207)","","","","","","","","","","","","","","","","",""
"gp_rbf","rbf","low_dim","x2","u","0.0005274915553881","0.0003386699366667","26.0","","","0.3022681000875309","","{""u"": 0.019191939882436095}","","","","","","","0.0316**2 * RBF(length_scale=0.706) + WhiteKernel(noise_level=1)","","","","","","","","","","","","","","","","",""
"","","","","","","","","","","","","","","","3.0","0.0","1.6193433828995651","2.101569438034879","","","","","","","","","","","","","","","","","",""
"","","","","","","","","","","","","","","","7.0","0.5003818664186679","2.468360001338092","2.1420794908195018","","","","","","","","","","","","","","","","","",""
"","","","","","","","","","","","","","","","11.0","0.0","1.5244422275314051","2.12066623447641","","","","","","","","","","","","","","","","","",""
"","","","","","","","","","","","","","","","15.0","1.588855203878302","2.628317902354918","2.1116200746177984","","","","","","","","","","","","","","","","","",""
"","","","","","","","","","","","","","","","19.0","0.0","1.3531181983667515","2.06491152395027","","","","","","","","","","","","","","","","","",""
"","","","","","","","","","","","","","","","23.0","1.102742760980774","2.5376806582114706","2.0369365119441443","","","","","","","","","","","","","","","","","",""
"","","","","","","","","","","","","","","","27.0","0.0","1.3748859773917212","2.0623819814802733","","","","","","","","","","","","","","","","","",""
"","","","","","","","","","","","","","","","31.0","-1.0991712400376326","0.245030740492509","2.0825509431499265","","","","","","","","","","","","","","","","","",""
"","","","","","","","","","","","","","","","35.0","0.0","1.3735523559230105","2.054132968734134","","","","","","","","","","","","","","","","","",""
"","","","","","","","","","","","","","","","39.0","-0.7993348603550983","0.3115161821462352","1.9917683859881168","","","","","","","","","","","","","","","","","",""
"","","","","","","","","","","","","","","","43.0","0.0","1.3980809665703655","2.005903583175678","","","","","","","","","","","","","","","","","",""
"","","","","","","","","","","","","","","","47.0","1.4942137815850476","2.61886937225105","2.043468668129853","","","","","","","","","","","","","","","","","",""
"","","","","","","","","","","","","","","","51.0","0.0","1.369044777116469","2.001578929600477","","","","","","","","","","","","","","","","","",""
"","","","","","","","","","","","","","","","55.0","-1.978938781737701","0.0989255970852749","2.055500747275571","","","","","","","","","","","","","","","","","",""
"","","","","","","","","","","","","","","","59.0","0.0","1.260747152932737","2.001456754361408","","","","","","","","","","","","","","","","","",""
"","","","","","","","","","","","","","","","63.0","1.2849136735310651","2.5293970142285835","1.9590823415299128","","","","","","","","","","","","","","","","","",""
"","","","","","","","","","","","","","","","67.0","0.0","1.1836344013639637","1.9662811046737985","","","","","","","","","","","","","","","","","",""
"","","","","","","","","","","","","","","","71.0","1.188277715008185","2.438833233567574","1.9707297079374115","","","","","","","","","","","","","","","","","",""
"","","","","","","","","","","","","","","","75.0","0.0","1.322610996618335","1.909300470706755","","","","","","","","","","","","","","","","","",""
"","","","","","","","","","","","","","","","79.0","-0.1282601886251169","0.9082993702497896","1.856550665132557","","","","","","","","","","","","","","","","","",""
"","","","","","","","","","","","","","","","83.0","0.0","1.262360834076258","1.8033459977296096","","","","","","","","","","","","","","","","","",""
"","","","","","","","","","","","","","","","87.0","-0.7878702927227459","0.0654935415969785","1.818181658389428","","","","","","","","","","","","","","","","","",""
"","","","","","","","","","","","","","","","91.0","0.0","1.150427122710151","1.7690185076896472","","","","","","","","","","","","","","","","","",""
"","","","","","","","","","","","","","","","95.0","-0.8862975515969067","0.1182299548459912","1.764963456281439","","","","","","","","","","","","","","","","","",""
"","","","","","","","","","","","","","","","99.0","0.0","1.1982014023382537","1.822453622902716","","","","","","","","","","","","","","","","","",""
"","","","","","","","","","","","","","","","103.0","-0.9805216493835016","0.1391462702045293","1.9695817983260893","","","","","","","","","","","","","","","","","",""
"gp_rbf","rbf","low_dim","x1","u","1.984703657082205","0.8896056141641405","26.0","","","0.1894056000746786","","{""u"": 0.019191939882436095}","","","","","","","1.32**2 * RBF(length_scale=1.17) + WhiteKernel(noise_level=0.00533)","","","","","","","","","","","","","","","","",""
"gp_rbf","rbf","low_dim","x2","u","-0.0018997420729455","0.0011553894876755","26.0","","","0.1894056000746786","","{""u"": 0.019191939882436095}","","","","","","","0.0316**2 * RBF(length_scale=0.01) + WhiteKernel(noise_level=1)","","","","","","","","","","","","","","","","",""
"","","","","","","","","","","","","","","","3.0","0.0","1.6428672729603864","2.1996204746950307","","","","","","","","","","","","","","","","","",""
"","","","","","","","","","","","","","","","7.0","0.5003818664186679","2.5267240239409734","2.226877968262388","","","","","","","","","","","","","","","","","",""
"","","","","","","","","","","","","","","","11.0","0.0","1.6441507473089467","2.210282933741151","","","","","","","","","","","","","","","","","",""
"","","","","","","","","","","","","","","","15.0","1.588855203878302","2.8362988620079603","2.1803247604117826","","","","","","","","","","","","","","","","","",""
"","","","","","","","","","","","","","","","19.0","0.0","1.6796963892126302","2.194966830962329","","","","","","","","","","","","","","","","","",""
"","","","","","","","","","","","","","","","23.0","1.102742760980774","2.8863131589685693","2.204209070094405","","","","","","","","","","","","","","","","","",""
"","","","","","","","","","","","","","","","27.0","0.0","1.6944777555707766","2.2267513197551843","","","","","","","","","","","","","","","","","",""
"","","","","","","","","","","","","","","","31.0","-1.0991712400376326","0.5060553522618385","2.151947127953376","","","","","","","","","","","","","","","","","",""
"","","","","","","","","","","","","","","","35.0","0.0","1.6757659077707732","2.119738117700402","","","","","","","","","","","","","","","","","",""
"","","","","","","","","","","","","","","","39.0","-0.7993348603550983","0.5859548337091283","2.2603760850856283","","","","","","","","","","","","","","","","","",""
"","","","","","","","","","","","","","","","43.0","0.0","1.6515408711811064","2.181691660148405","","","","","","","","","","","","","","","","","",""
"","","","","","","","","","","","","","","","47.0","1.4942137815850476","2.8928546856708888","2.2227702032345986","","","","","","","","","","","","","","","","","",""
"","","","","","","","","","","","","","","","51.0","0.0","1.7095083925321954","2.289225174126824","","","","","","","","","","","","","","","","","",""
"","","","","","","","","","","","","","","","55.0","-1.978938781737701","0.4203357563398244","2.199217609179908","","","","","","","","","","","","","","","","","",""
"","","","","","","","","","","","","","","","59.0","0.0","1.6209911770353351","2.181603038452016","","","","","","","","","","","","","","","","","",""
"","","","","","","","","","","","","","","","63.0","1.2849136735310651","2.725655668842885","2.207726260799014","","","","","","","","","","","","","","","","","",""
"","","","","","","","","","","","","","","","67.0","0.0","1.6859162339950882","2.2315299900515644","","","","","","","","","","","","","","","","","",""
"","","","","","","","","","","","","","","","71.0","1.188277715008185","2.7972926563934606","2.1421298462095666","","","","","","","","","","","","","","","","","",""
"","","","","","","","","","","","","","","","75.0","0.0","1.6079147477319684","2.160794291927284","","","","","","","","","","","","","","","","","",""
"","","","","","","","","","","","","","","","79.0","-0.1282601886251169","1.4110669311299584","2.147012373677234","","","","","","","","","","","","","","","","","",""
"","","","","","","","","","","","","","","","83.0","0.0","1.5329939805248889","2.203258770697638","","","","","","","","","","","","","","","","","",""
"","","","","","","","","","","","","","","","87.0","-0.7878702927227459","0.4907841978766903","2.125217591918975","","","","","","","","","","","","","","","","","",""
"","","","","","","","","","","","","","","","91.0","0.0","1.6106818815774948","2.161786998145946","","","","","","","","","","","","","","","","","",""
"","","","","","","","","","","","","","","","95.0","-0.8862975515969067","0.4367989510461633","2.2118428995967148","","","","","","","","","","","","","","","","","",""
"","","","","","","","","","","","","","","","99.0","0.0","1.5663011693247009","2.234460621633892","","","","","","","","","","","","","","","","","",""
"","","","","","","","","","","","","","","","103.0","-0.9805216493835016","0.4157158976118681","2.1063148391165885","","","","","","","","","","","","","","","","","",""
"gp_rbf","rbf","low_dim","x1","u","1.9622307972436548","0.871617676895445","26.0","","","0.1922362999757751","","{""u"": 0.019191939882436095}","","","","","","","1.32**2 * RBF(length_scale=1.18) + WhiteKernel(noise_level=0.00519)","","","","","","","","","","","","","","","","",""
"gp_rbf","rbf","low_dim","x2","u","-0.0021741005354449","0.001196826990024","26.0","","","0.1922362999757751","","{""u"": 0.019191939882436095}","","","","","","","0.0316**2 * RBF(length_scale=0.01) + WhiteKernel(noise_level=0.999)","","","","","","","","","","","","","","","","",""
"","","","","","","","","","","","","","","","3.0","0.0","1.64","2.2","","","","","","","","","","","","","","","","","",""
"","","","","","","","","","","","","","","","7.0","0.5003818664186679","2.52","2.22","","","","","","","","","","","","","","","","","",""
"","","","","","","","","","","","","","","","11.0","0.0","1.64","2.22","","","","","","","","","","","","","","","","","",""
"","","","","","","","","","","","","","","","15.0","1.588855203878302","2.84","2.18","","","","","","","","","","","","","","","","","",""
"","","","","","","","","","","","","","","","19.0","0.0","1.68","2.2","","","","","","","","","","","","","","","","","",""
"","","","","","","","","","","","","","","","23.0","1.102742760980774","2.88","2.2","","","","","","","","","","","","","","","","","",""
"","","","","","","","","","","","","","","","27.0","0.0","1.7","2.22","","","","","","","","","","","","","","","","","",""
"","","","","","","","","","","","","","","","31.0","-1.0991712400376326","0.5","2.16","","","","","","","","","","","","","","","","","",""
"","","","","","","","","","","","","","","","35.0","0.0","1.68","2.12","","","","","","","","","","","","","","","","","",""
"","","","","","","","","","","","","","","","39.0","-0.7993348603550983","0.58","2.26","","","","","","","","","","","","","","","","","",""
"","","","","","","","","","","","","","","","43.0","0.0","1.66","2.18","","","","","","","","","","","","","","","","","",""
"","","","","","","","","","","","","","","","47.0","1.4942137815850476","2.9","2.22","","","","","","","","","","","","","","","","","",""
"","","","","","","","","","","","","","","","51.0","0.0","1.7","2.28","","","","","","","","","","","","","","","","","",""
"","","","","","","","","","","","","","","","55.0","-1.978938781737701","0.42","2.2","","","","","","","","","","","","","","","","","",""
"","","","","","","","","","","","","","","","59.0","0.0","1.62","2.18","","","","","","","","","","","","","","","","","",""
"","","","","","","","","","","","","","","","63.0","1.2849136735310651","2.72","2.2","","","","","","","","","","","","","","","","","",""
"","","","","","","","","","","","","","","","67.0","0.0","1.68","2.24","","","","","","","","","","","","","","","","","",""
"","","","","","","","","","","","","","","","71.0","1.188277715008185","2.8000000000000003","2.14","","","","","","","","","","","","","","","","","",""
"","","","","","","","","","","","","","","","75.0","0.0","1.6","2.16","","","","","","","","","","","","","","","","","",""
"","","","","","","","","","","","","","","","79.0","-0.1282601886251169","1.42","2.14","","","","","","","","","","","","","","","","","",""
"","","","","","","","","","","","","","","","83.0","0.0","1.54","2.2","","","","","","","","","","","","","","","","","",""
"","","","","","","","","","","","","","","","87.0","-0.7878702927227459","0.5","2.12","","","","","","","","","","","","","","","","","",""
"","","","","","","","","","","","","","","","91.0","0.0","1.62","2.16","","","","","","","","","","","","","","","","","",""
"","","","","","","","","","","","","","","","95.0","-0.8862975515969067","0.44","2.22","","","","","","","","","","","","","","","","","",""
"","","","","","","","","","","","","","","","99.0","0.0","1.56","2.24","","","","","","","","","","","","","","","","","",""
"","","","","","","","","","","","","","","","103.0","-0.9805216493835016","0.42","2.1","","","","","","","","","","","","","","","","","",""
"gp_rbf","rbf","low_dim","x1","u","2.751856440272727","1.323737986851064","26.0","","","0.213503299979493","","{""u"": 0.019191939882436095}","","","","","","","1.3**2 * RBF(length_scale=0.871) + WhiteKernel(noise_level=0.0301)","","","","","","","","","","","","","","","","",""
"gp_rbf","rbf","low_dim","x2","u","0.0005537795605706","0.0003462843564987","26.0","","","0.213503299979493","","{""u"": 0.019191939882436095}","","","","","","","0.0316**2 * RBF(length_scale=0.704) + WhiteKernel(noise_level=1)","","","","","","","","","","","","","","","","",""
"","","","","","","","","","","","","","","","3.0","0.0","1.620089331215548","2.101674064897982","","","","","","","","","","","","","","","","","",""
"","","","","","","","","","","","","","","","7.0","0.5003818664186679","2.5120913139289813","2.1588205011664097","","","","","","","","","","","","","","","","","",""
"","","","","","","","","","","","","","","","11.0","0.0","1.5357859475306257","2.123152659822272","","","","","","","","","","","","","","","","","",""
"","","","","","","","","","","","","","","","15.0","1.588855203878302","2.635514864162957","2.113605778008884","","","","","","","","","","","","","","","","","",""
"","","","","","","","","","","","","","","","19.0","0.0","1.399603196153742","2.079733206446009","","","","","","","","","","","","","","","","","",""
"","","","","","","","","","","","","","","","23.0","1.102742760980774","2.5389983176423256","2.037203317120599","","","","","","","","","","","","","","","","","",""
"","","","","","","","","","","","","","","","27.0","0.0","1.4186207773530026","2.0791241122223445","","","","","","","","","","","","","","","","","",""
"","","","","","","","","","","","","","","","31.0","-1.0991712400376326","0.2563744817642778","2.085037376235943","","","","","","","","","","","","","","","","","",""
"","","","","","","","","","","","","","","","35.0","0.0","1.3807493178608097","2.056118672178692","","","","","","","","","","","","","","","","","",""
"","","","","","","","","","","","","","","","39.0","-0.7993348603550983","0.3580011799340175","2.006590068484226","","","","","","","","","","","","","","","","","",""
"","","","","","","","","","","","","","","","43.0","0.0","1.3993986260012257","2.006170388352136","","","","","","","","","","","","","","","","","",""
"","","","","","","","","","","","","","","","47.0","1.4942137815850476","2.6626041722123315","2.0602107988719247","","","","","","","","","","","","","","","","","",""
"","","","","","","","","","","","","","","","51.0","0.0","1.3803885183882378","2.004065362686493","","","","","","","","","","","","","","","","","",""
"","","","","","","","","","","","","","","","55.0","-1.978938781737701","0.0517966456643881","2.036472845351299","","","","","","","","","","","","","","","","","",""
"","","","","","","","","","","","","","","","59.0","0.0","1.2406574822747545","1.990736729737948","","","","","","","","","","","","","","","","","",""
"","","","","","","","","","","","","","","","63.0","1.2849136735310651","2.4640652892518613","1.933776157578756","","","","","","","","","","","","","","","","","",""
"","","","","","","","","","","","","","","","67.0","0.0","1.1607193611591042","1.957450030179148","","","","","","","","","","","","","","","","","",""
"","","","","","","","","","","","","","","","71.0","1.188277715008185","2.383527131893129","1.9476429342937345","","","","","","","","","","","","","","","","","",""
"","","","","","","","","","","","","","","","75.0","0.0","1.263158115592962","1.885712967411305","","","","","","","","","","","","","","","","","",""
"","","","","","","","","","","","","","","","79.0","-0.1282601886251169","0.8881345250742967","1.845799140888587","","","","","","","","","","","","","","","","","",""
"","","","","","","","","","","","","","","","83.0","0.0","1.197028650543842","1.7780395961659876","","","","","","","","","","","","","","","","","",""
"","","","","","","","","","","","","","","","87.0","-0.7878702927227459","0.0425784985949835","1.80935058239142","","","","","","","","","","","","","","","","","",""
"","","","","","","","","","","","","","","","91.0","0.0","1.0951210210186435","1.7459317340355844","","","","","","","","","","","","","","","","","",""
"","","","","","","","","","","","","","","","95.0","-0.8862975515969067","0.0587770738205143","1.7413759529859176","","","","","","","","","","","","","","","","","",""
"","","","","","","","","","","","","","","","99.0","0.0","1.1780365571627602","1.811702098658745","","","","","","","","","","","","","","","","","",""
"","","","","","","","","","","","","","","","103.0","-0.9805216493835016","0.0738140866721134","1.9442753967624675","","","","","","","","","","","","","","","","","",""
"lsr_basis","graph_control","low_dim","x1","u","1.1557140448907155","0.1590854207342866","26.0","True","[""u_before"", ""x1_before""]","0.0489711000009265","linear,square,cube,tanh,signed_log1p","","","","","","","","","1.0","","","","","","","","","","","","","","","",""
"lsr_basis","graph_control","low_dim","x2","u","0.0","0.0","26.0","False","[""u_before"", ""x2_before""]","0.0489711000009265","","","","","","","","","","","","","","","","","","","","","","","","","",""
"lsr_basis","graph_zero","low_dim","x1","u","1.1629052206304742","0.169342750133826","26.0","True","[""x1_before"", ""x2_before"", ""u_before""]","0.0389310999998997","linear,square,cube,tanh,signed_log1p","","","1.1629052206304742","","","","","","1.0","","","","","","","","","","","","","","","",""
"lsr_basis","graph_zero","low_dim","x2","u","0.0","0.0314039543054429","26.0","False","[""x1_before"", ""x2_before"", ""u_before""]","0.0389310999998997","linear,square,cube,tanh,signed_log1p","","","0.0540995334460667","","","","","","1.0","","","","","","","","","","","","","","","",""
"lsr_basis","pure","low_dim","x1","u","1.1629052206304742","0.169342750133826","26.0","","[""x1_before"", ""x2_before"", ""u_before""]","0.0487521000013657","linear,square,cube,tanh,signed_log1p","","","","","","","","","1.0","","","","","","","","","","","","","","","",""
"lsr_basis","pure","low_dim","x2","u","0.0540995334460667","0.0314039543054429","26.0","","[""x1_before"", ""x2_before"", ""u_before""]","0.0487521000013657","linear,square,cube,tanh,signed_log1p","","","","","","","","","1.0","","","","","","","","","","","","","","","",""
"lsr_basis","graph_control","low_dim","x1","u","1.158013899582877","0.1612224333429688","26.0","True","[""u_before"", ""x1_before""]","0.0517131000015069","linear,square,cube,tanh,signed_log1p","","","","","","","","","1.0","","","","","","","","","","","","","","","",""
"lsr_basis","graph_control","low_dim","x2","u","0.0","0.0","26.0","False","[""u_before"", ""x2_before""]","0.0517131000015069","","","","","","","","","","","","","","","","","","","","","","","","","",""
"lsr_basis","graph_zero","low_dim","x1","u","1.1642684888521104","0.1702737907988272","26.0","True","[""x1_before"", ""x2_before"", ""u_before""]","0.0413419000014982","linear,square,cube,tanh,signed_log1p","","","1.1642684888521104","","","","","","1.0","","","","","","","","","","","","","","","",""
"lsr_basis","graph_zero","low_dim","x2","u","0.0","0.029936418583544","26.0","False","[""x1_before"", ""x2_before"", ""u_before""]","0.0413419000014982","linear,square,cube,tanh,signed_log1p","","","0.0502869659557531","","","","","","1.0","","","","","","","","","","","","","","","",""
"lsr_basis","pure","low_dim","x1","u","1.1642684888521104","0.1702737907988272","26.0","","[""x1_before"", ""x2_before"", ""u_before""]","0.0544943000004423","linear,square,cube,tanh,signed_log1p","","","","","","","","","1.0","","","","","","","","","","","","","","","",""
"lsr_basis","pure","low_dim","x2","u","0.0502869659557531","0.029936418583544","26.0","","[""x1_before"", ""x2_before"", ""u_before""]","0.0544943000004423","linear,square,cube,tanh,signed_log1p","","","","","","","","","1.0","","","","","","","","","","","","","","","",""
"lsr_basis","graph_control","low_dim","x1","u","1.3249730906037354","0.2082024241449096","26.0","True","[""u_before"", ""x1_before""]","0.0603267000005871","linear,square,cube,tanh,signed_log1p","","","","","","","","","1.0","","","","","","","","","","","","","","","",""
"lsr_basis","graph_control","low_dim","x2","u","0.0","0.0","26.0","False","[""u_before"", ""x2_before""]","0.0603267000005871","","","","","","","","","","","","","","","","","","","","","","","","","",""
"lsr_basis","graph_zero","low_dim","x1","u","1.2998332952262108","0.24237085689622","26.0","True","[""x1_before"", ""x2_before"", ""u_before""]","0.0404873999996198","linear,square,cube,tanh,signed_log1p","","","1.2998332952262108","","","","","","1.0","","","","","","","","","","","","","","","",""
"lsr_basis","graph_zero","low_dim","x2","u","0.0","0.0351651439094843","26.0","False","[""x1_before"", ""x2_before"", ""u_before""]","0.0404873999996198","linear,square,cube,tanh,signed_log1p","","","-0.0144937332145059","","","","","","1.0","","","","","","","","","","","","","","","",""
"lsr_basis","pure","low_dim","x1","u","1.2998332952262108","0.24237085689622","26.0","","[""x1_before"", ""x2_before"", ""u_before""]","0.0470105000003968","linear,square,cube,tanh,signed_log1p","","","","","","","","","1.0","","","","","","","","","","","","","","","",""
"lsr_basis","pure","low_dim","x2","u","-0.0144937332145059","0.0351651439094843","26.0","","[""x1_before"", ""x2_before"", ""u_before""]","0.0470105000003968","linear,square,cube,tanh,signed_log1p","","","","","","","","","1.0","","","","","","","","","","","","","","","",""
"lsr_basis","graph_control","low_dim","x1","u","1.1379971777560651","0.1580005599720786","26.0","True","[""u_before"", ""x1_before""]","0.0384537999998428","linear,square,cube,tanh,signed_log1p","","","","","","","","","1.0","","","","","","","","","","","","","","","",""
"lsr_basis","graph_control","low_dim","x2","u","0.0","0.0","26.0","False","[""u_before"", ""x2_before""]","0.0384537999998428","","","","","","","","","","","","","","","","","","","","","","","","","",""
"lsr_basis","graph_zero","low_dim","x1","u","1.1459226828641524","0.1649462283271173","26.0","True","[""x1_before"", ""x2_before"", ""u_before""]","0.0509010999994643","linear,square,cube,tanh,signed_log1p","","","1.1459226828641524","","","","","","1.0","","","","","","","","","","","","","","","",""
"lsr_basis","graph_zero","low_dim","x2","u","0.0","0.0291343222728828","26.0","False","[""x1_before"", ""x2_before"", ""u_before""]","0.0509010999994643","linear,square,cube,tanh,signed_log1p","","","0.0488018686208537","","","","","","1.0","","","","","","","","","","","","","","","",""
"lsr_basis","pure","low_dim","x1","u","1.1459226828641524","0.1649462283271173","26.0","","[""x1_before"", ""x2_before"", ""u_before""]","0.0399034999991272","linear,square,cube,tanh,signed_log1p","","","","","","","","","1.0","","","","","","","","","","","","","","","",""
"lsr_basis","pure","low_dim","x2","u","0.0488018686208537","0.0291343222728828","26.0","","[""x1_before"", ""x2_before"", ""u_before""]","0.0399034999991272","linear,square,cube,tanh,signed_log1p","","","","","","","","","1.0","","","","","","","","","","","","","","","",""
"lsr_basis","graph_control","low_dim","x1","u","1.128431130680964","0.1556024368239641","26.0","True","[""u_before"", ""x1_before""]","0.0409803000002284","linear,square,cube,tanh,signed_log1p","","","","","","","","","1.0","","","","","","","","","","","","","","","",""
"lsr_basis","graph_control","low_dim","x2","u","0.0","0.0","26.0","False","[""u_before"", ""x2_before""]","0.0409803000002284","","","","","","","","","","","","","","","","","","","","","","","","","",""
"lsr_basis","graph_zero","low_dim","x1","u","1.1350656312120386","0.1602883068594859","26.0","True","[""x1_before"", ""x2_before"", ""u_before""]","0.0654096999987814","linear,square,cube,tanh,signed_log1p","","","1.1350656312120386","","","","","","1.0","","","","","","","","","","","","","","","",""
"lsr_basis","graph_zero","low_dim","x2","u","0.0","0.0349796539703215","26.0","False","[""x1_before"", ""x2_before"", ""u_before""]","0.0654096999987814","linear,square,cube,tanh,signed_log1p","","","0.0523416178172159","","","","","","1.0","","","","","","","","","","","","","","","",""
"lsr_basis","pure","low_dim","x1","u","1.1350656312120386","0.1602883068594859","26.0","","[""x1_before"", ""x2_before"", ""u_before""]","0.048886599999605","linear,square,cube,tanh,signed_log1p","","","","","","","","","1.0","","","","","","","","","","","","","","","",""
"lsr_basis","pure","low_dim","x2","u","0.0523416178172159","0.0349796539703215","26.0","","[""x1_before"", ""x2_before"", ""u_before""]","0.048886599999605","linear,square,cube,tanh,signed_log1p","","","","","","","","","1.0","","","","","","","","","","","","","","","",""
"lsr_basis","graph_control","low_dim","x1","u","1.3104019719826792","0.2036842890233511","26.0","True","[""u_before"", ""x1_before""]","0.0398974000017915","linear,square,cube,tanh,signed_log1p","","","","","","","","","1.0","","","","","","","","","","","","","","","",""
"lsr_basis","graph_control","low_dim","x2","u","0.0","0.0","26.0","False","[""u_before"", ""x2_before""]","0.0398974000017915","","","","","","","","","","","","","","","","","","","","","","","","","",""
"lsr_basis","graph_zero","low_dim","x1","u","1.2846509822164491","0.2351438998890801","26.0","True","[""x1_before"", ""x2_before"", ""u_before""]","0.0586466999993717","linear,square,cube,tanh,signed_log1p","","","1.2846509822164491","","","","","","1.0","","","","","","","","","","","","","","","",""
"lsr_basis","graph_zero","low_dim","x2","u","0.0","0.0363876660751489","26.0","False","[""x1_before"", ""x2_before"", ""u_before""]","0.0586466999993717","linear,square,cube,tanh,signed_log1p","","","-0.0223153072691317","","","","","","1.0","","","","","","","","","","","","","","","",""
"lsr_basis","pure","low_dim","x1","u","1.2846509822164491","0.2351438998890801","26.0","","[""x1_before"", ""x2_before"", ""u_before""]","0.0678459999999177","linear,square,cube,tanh,signed_log1p","","","","","","","","","1.0","","","","","","","","","","","","","","","",""
"lsr_basis","pure","low_dim","x2","u","-0.0223153072691317","0.0363876660751489","26.0","","[""x1_before"", ""x2_before"", ""u_before""]","0.0678459999999177","linear,square,cube,tanh,signed_log1p","","","","","","","","","1.0","","","","","","","","","","","","","","","",""
"lsr_basis","graph_control","low_dim","x1","u","1.1206050884357155","0.1542801622643629","26.0","True","[""u_before"", ""x1_before""]","0.0376384000010148","linear,square,cube,tanh,signed_log1p","","","","","","","","","1.0","","","","","","","","","","","","","","","",""
"lsr_basis","graph_control","low_dim","x2","u","0.0","0.0","26.0","False","[""u_before"", ""x2_before""]","0.0376384000010148","","","","","","","","","","","","","","","","","","","","","","","","","",""
"lsr_basis","graph_zero","low_dim","x1","u","1.1326216670252636","0.1655574818048192","26.0","True","[""x1_before"", ""x2_before"", ""u_before""]","0.0443704999997862","linear,square,cube,tanh,signed_log1p","","","1.1326216670252636","","","","","","1.0","","","","","","","","","","","","","","","",""
"lsr_basis","graph_zero","low_dim","x2","u","0.0","0.0247461428097176","26.0","False","[""x1_before"", ""x2_before"", ""u_before""]","0.0443704999997862","linear,square,cube,tanh,signed_log1p","","","0.0368828047441815","","","","","","1.0","","","","","","","","","","","","","","","",""
"lsr_basis","pure","low_dim","x1","u","1.1326216670252636","0.1655574818048192","26.0","","[""x1_before"", ""x2_before"", ""u_before""]","0.0371806000002834","linear,square,cube,tanh,signed_log1p","","","","","","","","","1.0","","","","","","","","","","","","","","","",""
"lsr_basis","pure","low_dim","x2","u","0.0368828047441815","0.0247461428097176","26.0","","[""x1_before"", ""x2_before"", ""u_before""]","0.0371806000002834","linear,square,cube,tanh,signed_log1p","","","","","","","","","1.0","","","","","","","","","","","","","","","",""
"lsr_basis","graph_control","low_dim","x1","u","1.114816721709596","0.1523349750277934","26.0","True","[""u_before"", ""x1_before""]","0.0348448000004282","linear,square,cube,tanh,signed_log1p","","","","","","","","","1.0","","","","","","","","","","","","","","","",""
"lsr_basis","graph_control","low_dim","x2","u","0.0","0.0","26.0","False","[""u_before"", ""x2_before""]","0.0348448000004282","","","","","","","","","","","","","","","","","","","","","","","","","",""
"lsr_basis","graph_zero","low_dim","x1","u","1.1266165495714024","0.1630252918225655","26.0","True","[""x1_before"", ""x2_before"", ""u_before""]","0.0518468999998731","linear,square,cube,tanh,signed_log1p","","","1.1266165495714024","","","","","","1.0","","","","","","","","","","","","","","","",""
"lsr_basis","graph_zero","low_dim","x2","u","0.0","0.020456178220051","26.0","False","[""x1_before"", ""x2_before"", ""u_before""]","0.0518468999998731","linear,square,cube,tanh,signed_log1p","","","0.0224637955540033","","","","","","1.0","","","","","","","","","","","","","","","",""
"lsr_basis","pure","low_dim","x1","u","1.1266165495714024","0.1630252918225655","26.0","","[""x1_before"", ""x2_before"", ""u_before""]","0.0365126999986387","linear,square,cube,tanh,signed_log1p","","","","","","","","","1.0","","","","","","","","","","","","","","","",""
"lsr_basis","pure","low_dim","x2","u","0.0224637955540033","0.020456178220051","26.0","","[""x1_before"", ""x2_before"", ""u_before""]","0.0365126999986387","linear,square,cube,tanh,signed_log1p","","","","","","","","","1.0","","","","","","","","","","","","","","","",""
"lsr_basis","graph_control","low_dim","x1","u","1.2906658348294786","0.19675762679850176","26","True","[""u_before"", ""x1_before""]","0.01766089999000542","linear,square,cube,tanh,signed_log1p","","","","","","","","","1.0","","","","","","","","","","","","","","","",""
"lsr_basis","graph_control","low_dim","x2","u","-0.0341988914845429","0.03257262624037","26","True","[""u_before"", ""x1_before"", ""x2_before""]","0.01766089999000542","linear,square,cube,tanh,signed_log1p","","","","","","","","","1.0","","","","","","","","","","","","","","","",""
"lsr_basis","graph_zero","low_dim","x1","u","1.2693558526767112","0.23238090281540213","26","True","[""x1_before"", ""x2_before"", ""u_before""]","0.025072299991734326","linear,square,cube,tanh,signed_log1p","","","1.2693558526767112","","","","","","1.0","","","","","","","","","","","","","","","",""
"lsr_basis","graph_zero","low_dim","x2","u","-0.034198891484542956","0.03257262624037","26","True","[""x1_before"", ""x2_before"", ""u_before""]","0.025072299991734326","linear,square,cube,tanh,signed_log1p","","","-0.034198891484542956","","","","","","1.0","","","","","","","","","","","","","","","",""
"lsr_basis","pure","low_dim","x1","u","1.2693558526767112","0.2323809028154021","26.0","","[""x1_before"", ""x2_before"", ""u_before""]","0.0685094999989814","linear,square,cube,tanh,signed_log1p","","","","","","","","","1.0","","","","","","","","","","","","","","","",""
"lsr_basis","pure","low_dim","x2","u","-0.0341988914845429","0.03257262624037","26.0","","[""x1_before"", ""x2_before"", ""u_before""]","0.0685094999989814","linear,square,cube,tanh,signed_log1p","","","","","","","","","1.0","","","","","","","","","","","","","","","",""
"lsr_basis","graph_control","low_dim","x1","u","1.186423909834938","0.1657506018753204","26.0","True","[""u_before"", ""x1_before""]","0.0320003999986511","linear,square,cube,tanh,signed_log1p","","","","","","","","","1.0","","","","","","","","","","","","","","","",""
"lsr_basis","graph_control","low_dim","x2","u","0.0","0.0","26.0","False","[""u_before"", ""x2_before""]","0.0320003999986511","","","","","","","","","","","","","","","","","","","","","","","","","",""
"lsr_basis","graph_zero","low_dim","x1","u","1.2002334770558576","0.185416897148204","26.0","True","[""x1_before"", ""x2_before"", ""u_before""]","0.0428769999998621","linear,square,cube,tanh,signed_log1p","","","1.2002334770558576","","","","","","1.0","","","","","","","","","","","","","","","",""
"lsr_basis","graph_zero","low_dim","x2","u","0.0","0.0365930820883951","26.0","False","[""x1_before"", ""x2_before"", ""u_before""]","0.0428769999998621","linear,square,cube,tanh,signed_log1p","","","0.0632814476243691","","","","","","1.0","","","","","","","","","","","","","","","",""
"lsr_basis","pure","low_dim","x1","u","1.2002334770558576","0.185416897148204","26.0","","[""x1_before"", ""x2_before"", ""u_before""]","0.0432345999997778","linear,square,cube,tanh,signed_log1p","","","","","","","","","1.0","","","","","","","","","","","","","","","",""
"lsr_basis","pure","low_dim","x2","u","0.0632814476243691","0.0365930820883951","26.0","","[""x1_before"", ""x2_before"", ""u_before""]","0.0432345999997778","linear,square,cube,tanh,signed_log1p","","","","","","","","","1.0","","","","","","","","","","","","","","","",""
"lsr_basis","graph_control","low_dim","x1","u","1.1727525601213311","0.1616168171306727","26.0","True","[""u_before"", ""x1_before""]","0.0326997000011033","linear,square,cube,tanh,signed_log1p","","","","","","","","","1.0","","","","","","","","","","","","","","","",""
"lsr_basis","graph_control","low_dim","x2","u","0.0","0.0","26.0","False","[""u_before"", ""x2_before""]","0.0326997000011033","","","","","","","","","","","","","","","","","","","","","","","","","",""
"lsr_basis","graph_zero","low_dim","x1","u","1.1838921502011304","0.176534650870869","26.0","True","[""x1_before"", ""x2_before"", ""u_before""]","0.0535796000003756","linear,square,cube,tanh,signed_log1p","","","1.1838921502011304","","","","","","1.0","","","","","","","","","","","","","","","",""
"lsr_basis","graph_zero","low_dim","x2","u","0.0","0.0303263367798058","26.0","False","[""x1_before"", ""x2_before"", ""u_before""]","0.0535796000003756","linear,square,cube,tanh,signed_log1p","","","0.053442377908715","","","","","","1.0","","","","","","","","","","","","","","","",""
"lsr_basis","pure","low_dim","x1","u","1.1838921502011304","0.176534650870869","26.0","","[""x1_before"", ""x2_before"", ""u_before""]","0.0361850999997841","linear,square,cube,tanh,signed_log1p","","","","","","","","","1.0","","","","","","","","","","","","","","","",""
"lsr_basis","pure","low_dim","x2","u","0.053442377908715","0.0303263367798058","26.0","","[""x1_before"", ""x2_before"", ""u_before""]","0.0361850999997841","linear,square,cube,tanh,signed_log1p","","","","","","","","","1.0","","","","","","","","","","","","","","","",""
"lsr_basis","graph_control","low_dim","x1","u","1.359896332648154","0.2155382919569766","26.0","True","[""u_before"", ""x1_before""]","0.0290308000003278","linear,square,cube,tanh,signed_log1p","","","","","","","","","1.0","","","","","","","","","","","","","","","",""
"lsr_basis","graph_control","low_dim","x2","u","0.0","0.0","26.0","False","[""u_before"", ""x2_before""]","0.0290308000003278","","","","","","","","","","","","","","","","","","","","","","","","","",""
"lsr_basis","graph_zero","low_dim","x1","u","1.3400895889060582","0.2535764798579579","26.0","True","[""x1_before"", ""x2_before"", ""u_before""]","0.0386601999998674","linear,square,cube,tanh,signed_log1p","","","1.3400895889060582","","","","","","1.0","","","","","","","","","","","","","","","",""
"lsr_basis","graph_zero","low_dim","x2","u","0.0","0.0298617829214568","26.0","False","[""x1_before"", ""x2_before"", ""u_before""]","0.0386601999998674","linear,square,cube,tanh,signed_log1p","","","-0.0048731637238295","","","","","","1.0","","","","","","","","","","","","","","","",""
"lsr_basis","pure","low_dim","x1","u","1.3400895889060582","0.2535764798579579","26.0","","[""x1_before"", ""x2_before"", ""u_before""]","0.0553980999993655","linear,square,cube,tanh,signed_log1p","","","","","","","","","1.0","","","","","","","","","","","","","","","",""
"lsr_basis","pure","low_dim","x2","u","-0.0048731637238295","0.0298617829214568","26.0","","[""x1_before"", ""x2_before"", ""u_before""]","0.0553980999993655","linear,square,cube,tanh,signed_log1p","","","","","","","","","1.0","","","","","","","","","","","","","","","",""
"lsr_basis","graph_control","low_dim","x1","u","1.142975425197714","0.1587800247417804","26.0","True","[""u_before"", ""x1_before""]","0.0266226999992795","linear,square,cube,tanh,signed_log1p","","","","","","","","","1.0","","","","","","","","","","","","","","","",""
"lsr_basis","graph_control","low_dim","x2","u","0.0","0.0","26.0","False","[""u_before"", ""x2_before""]","0.0266226999992795","","","","","","","","","","","","","","","","","","","","","","","","","",""
"lsr_basis","graph_zero","low_dim","x1","u","1.1514219984885894","0.1678530197461114","26.0","True","[""x1_before"", ""x2_before"", ""u_before""]","0.0394291999982669","linear,square,cube,tanh,signed_log1p","","","1.1514219984885894","","","","","","1.0","","","","","","","","","","","","","","","",""
"lsr_basis","graph_zero","low_dim","x2","u","0.0","0.0301799753111224","26.0","False","[""x1_before"", ""x2_before"", ""u_before""]","0.0394291999982669","linear,square,cube,tanh,signed_log1p","","","0.0492138037947001","","","","","","1.0","","","","","","","","","","","","","","","",""
"lsr_basis","pure","low_dim","x1","u","1.1514219984885894","0.1678530197461114","26.0","","[""x1_before"", ""x2_before"", ""u_before""]","0.0514269000013882","linear,square,cube,tanh,signed_log1p","","","","","","","","","1.0","","","","","","","","","","","","","","","",""
"lsr_basis","pure","low_dim","x2","u","0.0492138037947001","0.0301799753111224","26.0","","[""x1_before"", ""x2_before"", ""u_before""]","0.0514269000013882","linear,square,cube,tanh,signed_log1p","","","","","","","","","1.0","","","","","","","","","","","","","","","",""
"lsr_basis","graph_control","low_dim","x1","u","1.1332886685592722","0.1560487471376139","26.0","True","[""u_before"", ""x1_before""]","0.0253286000006482","linear,square,cube,tanh,signed_log1p","","","","","","","","","1.0","","","","","","","","","","","","","","","",""
"lsr_basis","graph_control","low_dim","x2","u","0.0","0.0","26.0","False","[""u_before"", ""x2_before""]","0.0253286000006482","","","","","","","","","","","","","","","","","","","","","","","","","",""
"lsr_basis","graph_zero","low_dim","x1","u","1.1419052687831577","0.1645637736907875","26.0","True","[""x1_before"", ""x2_before"", ""u_before""]","0.0364100999977381","linear,square,cube,tanh,signed_log1p","","","1.1419052687831577","","","","","","1.0","","","","","","","","","","","","","","","",""
"lsr_basis","graph_zero","low_dim","x2","u","0.0","0.0368610834887889","26.0","False","[""x1_before"", ""x2_before"", ""u_before""]","0.0364100999977381","linear,square,cube,tanh,signed_log1p","","","0.0508255081335204","","","","","","1.0","","","","","","","","","","","","","","","",""
"lsr_basis","pure","low_dim","x1","u","1.1419052687831577","0.1645637736907875","26.0","","[""x1_before"", ""x2_before"", ""u_before""]","0.0515520000008109","linear,square,cube,tanh,signed_log1p","","","","","","","","","1.0","","","","","","","","","","","","","","","",""
"lsr_basis","pure","low_dim","x2","u","0.0508255081335204","0.0368610834887889","26.0","","[""x1_before"", ""x2_before"", ""u_before""]","0.0515520000008109","linear,square,cube,tanh,signed_log1p","","","","","","","","","1.0","","","","","","","","","","","","","","","",""
"lsr_basis","graph_control","low_dim","x1","u","1.3146401800433594","0.2044515891627529","26.0","True","[""u_before"", ""x1_before""]","0.0217603999990387","linear,square,cube,tanh,signed_log1p","","","","","","","","","1.0","","","","","","","","","","","","","","","",""
"lsr_basis","graph_control","low_dim","x2","u","0.0","0.0","26.0","False","[""u_before"", ""x2_before""]","0.0217603999990387","","","","","","","","","","","","","","","","","","","","","","","","","",""
"lsr_basis","graph_zero","low_dim","x1","u","1.2901982554282716","0.2370309665720587","26.0","True","[""x1_before"", ""x2_before"", ""u_before""]","0.0362233000014384","linear,square,cube,tanh,signed_log1p","","","1.2901982554282716","","","","","","1.0","","","","","","","","","","","","","","","",""
"lsr_basis","graph_zero","low_dim","x2","u","0.0","0.0363250848605402","26.0","False","[""x1_before"", ""x2_before"", ""u_before""]","0.0362233000014384","linear,square,cube,tanh,signed_log1p","","","-0.0218172010732619","","","","","","1.0","","","","","","","","","","","","","","","",""
"lsr_basis","pure","low_dim","x1","u","1.2901982554282716","0.2370309665720587","26.0","","[""x1_before"", ""x2_before"", ""u_before""]","0.0386693000000377","linear,square,cube,tanh,signed_log1p","","","","","","","","","1.0","","","","","","","","","","","","","","","",""
"lsr_basis","pure","low_dim","x2","u","-0.0218172010732619","0.0363250848605402","26.0","","[""x1_before"", ""x2_before"", ""u_before""]","0.0386693000000377","linear,square,cube,tanh,signed_log1p","","","","","","","","","1.0","","","","","","","","","","","","","","","",""
"lsr_linear","graph_control","low_dim","x1","u","0.9056090801340516","0.0","26.0","True","[""u_before"", ""x1_before""]","0.0417971000006218","","","","","","","","","","","","","","","","","","","","","","","","","",""
"lsr_linear","graph_control","low_dim","x2","u","0.0","0.0","26.0","False","[""u_before"", ""x2_before""]","0.0417971000006218","","","","","","","","","","","","","","","","","","","","","","","","","",""
"lsr_linear","graph_zero","low_dim","x1","u","1.110020002722777","0.3220613141750652","26.0","True","[]","0.0385396000001492","","","","1.110020002722777","","","","","","","","","","","","","","","","","","","","","",""
"lsr_linear","graph_zero","low_dim","x2","u","0.0","0.116748373767638","26.0","False","[]","0.0385396000001492","","","","0.0259842371712381","","","","","","","","","","","","","","","","","","","","","",""
"lsr_linear","pure","low_dim","x1","u","1.110020002722777","0.3220613141750652","26.0","","[]","0.080133500001466","","","","","","","","","","","","","","","","","","","","","","","","","",""
"lsr_linear","pure","low_dim","x2","u","0.0259842371712381","0.116748373767638","26.0","","[]","0.080133500001466","","","","","","","","","","","","","","","","","","","","","","","","","",""
"lsr_linear","graph_control","low_dim","x1","u","0.903551776732223","0.0","26.0","True","[""u_before"", ""x1_before""]","0.0293242999996437","","","","","","","","","","","","","","","","","","","","","","","","","",""
"lsr_linear","graph_control","low_dim","x2","u","0.0","0.0","26.0","False","[""u_before"", ""x2_before""]","0.0293242999996437","","","","","","","","","","","","","","","","","","","","","","","","","",""
"lsr_linear","graph_zero","low_dim","x1","u","1.1104905858227172","0.3229286501956372","26.0","True","[]","0.044614399999773","","","","1.1104905858227172","","","","","","","","","","","","","","","","","","","","","",""
"lsr_linear","graph_zero","low_dim","x2","u","0.0","0.1142683398440025","26.0","False","[]","0.044614399999773","","","","0.0228246586126922","","","","","","","","","","","","","","","","","","","","","",""
"lsr_linear","pure","low_dim","x1","u","1.1104905858227172","0.3229286501956372","26.0","","[]","0.0844624999990628","","","","","","","","","","","","","","","","","","","","","","","","","",""
"lsr_linear","pure","low_dim","x2","u","0.0228246586126922","0.1142683398440025","26.0","","[]","0.0844624999990628","","","","","","","","","","","","","","","","","","","","","","","","","",""
"lsr_linear","graph_control","low_dim","x1","u","0.9281374299040822","0.0","26.0","True","[""u_before"", ""x1_before""]","0.0286980999990191","","","","","","","","","","","","","","","","","","","","","","","","","",""
"lsr_linear","graph_control","low_dim","x2","u","0.0","0.0","26.0","False","[""u_before"", ""x2_before""]","0.0286980999990191","","","","","","","","","","","","","","","","","","","","","","","","","",""
"lsr_linear","graph_zero","low_dim","x1","u","1.221338879150435","0.5591546154530727","26.0","True","[]","0.0419797000013204","","","","1.221338879150435","","","","","","","","","","","","","","","","","","","","","",""
"lsr_linear","graph_zero","low_dim","x2","u","0.0","0.1342638739311793","26.0","False","[]","0.0419797000013204","","","","-0.0100326327076173","","","","","","","","","","","","","","","","","","","","","",""
"lsr_linear","pure","low_dim","x1","u","1.221338879150435","0.5591546154530727","26.0","","[]","0.0816362000005028","","","","","","","","","","","","","","","","","","","","","","","","","",""
"lsr_linear","pure","low_dim","x2","u","-0.0100326327076173","0.1342638739311793","26.0","","[]","0.0816362000005028","","","","","","","","","","","","","","","","","","","","","","","","","",""
"lsr_linear","graph_control","low_dim","x1","u","0.9208359788648692","0.0","26.0","True","[""u_before"", ""x1_before""]","0.0390017000008811","","","","","","","","","","","","","","","","","","","","","","","","","",""
"lsr_linear","graph_control","low_dim","x2","u","0.0","0.0","26.0","False","[""u_before"", ""x2_before""]","0.0390017000008811","","","","","","","","","","","","","","","","","","","","","","","","","",""
"lsr_linear","graph_zero","low_dim","x1","u","1.1038317100218649","0.3123102055038639","26.0","True","[]","0.0394909999995434","","","","1.1038317100218649","","","","","","","","","","","","","","","","","","","","","",""
"lsr_linear","graph_zero","low_dim","x2","u","0.0","0.1055214141443744","26.0","False","[]","0.0394909999995434","","","","0.0230221241200443","","","","","","","","","","","","","","","","","","","","","",""
"lsr_linear","pure","low_dim","x1","u","1.1038317100218649","0.3123102055038639","26.0","","[]","0.0772384000010788","","","","","","","","","","","","","","","","","","","","","","","","","",""
"lsr_linear","pure","low_dim","x2","u","0.0230221241200443","0.1055214141443744","26.0","","[]","0.0772384000010788","","","","","","","","","","","","","","","","","","","","","","","","","",""
"lsr_linear","graph_control","low_dim","x1","u","0.9213908800996942","0.0","26.0","True","[""u_before"", ""x1_before""]","0.0277770999982749","","","","","","","","","","","","","","","","","","","","","","","","","",""
"lsr_linear","graph_control","low_dim","x2","u","0.0","0.0","26.0","False","[""u_before"", ""x2_before""]","0.0277770999982749","","","","","","","","","","","","","","","","","","","","","","","","","",""
"lsr_linear","graph_zero","low_dim","x1","u","1.0986754602518838","0.3050535928794405","26.0","True","[]","0.0374969000004057","","","","1.0986754602518838","","","","","","","","","","","","","","","","","","","","","",""
"lsr_linear","graph_zero","low_dim","x2","u","0.0","0.1132675686814738","26.0","False","[]","0.0374969000004057","","","","0.0249290837336166","","","","","","","","","","","","","","","","","","","","","",""
"lsr_linear","pure","low_dim","x1","u","1.0986754602518838","0.3050535928794405","26.0","","[]","0.021801900000355","","","","","","","","","","","","","","","","","","","","","","","","","",""
"lsr_linear","pure","low_dim","x2","u","0.0249290837336166","0.1132675686814738","26.0","","[]","0.021801900000355","","","","","","","","","","","","","","","","","","","","","","","","","",""
"lsr_linear","graph_control","low_dim","x1","u","0.9386269235403988","0.0","26.0","True","[""u_before"", ""x1_before""]","0.025610400000005","","","","","","","","","","","","","","","","","","","","","","","","","",""
"lsr_linear","graph_control","low_dim","x2","u","0.0","0.0","26.0","False","[""u_before"", ""x2_before""]","0.025610400000005","","","","","","","","","","","","","","","","","","","","","","","","","",""
"lsr_linear","graph_zero","low_dim","x1","u","1.2151505864495231","0.5224579383996507","26.0","True","[]","0.0361835999992763","","","","1.2151505864495231","","","","","","","","","","","","","","","","","","","","","",""
"lsr_linear","graph_zero","low_dim","x2","u","0.0","0.1319279897004097","26.0","False","[]","0.0361835999992763","","","","-0.0129947457588111","","","","","","","","","","","","","","","","","","","","","",""
"lsr_linear","pure","low_dim","x1","u","1.2151505864495231","0.5224579383996507","26.0","","[]","0.0193772000002354","","","","","","","","","","","","","","","","","","","","","","","","","",""
"lsr_linear","pure","low_dim","x2","u","-0.0129947457588111","0.1319279897004097","26.0","","[]","0.0193772000002354","","","","","","","","","","","","","","","","","","","","","","","","","",""
"lsr_linear","graph_control","low_dim","x1","u","0.9051332180646746","0.0","26.0","True","[""u_before"", ""x1_before""]","0.029106200001479","","","","","","","","","","","","","","","","","","","","","","","","","",""
"lsr_linear","graph_control","low_dim","x2","u","0.0","0.0","26.0","False","[""u_before"", ""x2_before""]","0.029106200001479","","","","","","","","","","","","","","","","","","","","","","","","","",""
"lsr_linear","graph_zero","low_dim","x1","u","1.0867180081104784","0.298135734932145","26.0","True","[]","0.0402549999998882","","","","1.0867180081104784","","","","","","","","","","","","","","","","","","","","","",""
"lsr_linear","graph_zero","low_dim","x2","u","0.0","0.1055069221346637","26.0","False","[]","0.0402549999998882","","","","0.0160348440454637","","","","","","","","","","","","","","","","","","","","","",""
"lsr_linear","pure","low_dim","x1","u","1.0867180081104784","0.298135734932145","26.0","","[]","0.0212272999997367","","","","","","","","","","","","","","","","","","","","","","","","","",""
"lsr_linear","pure","low_dim","x2","u","0.0160348440454637","0.1055069221346637","26.0","","[]","0.0212272999997367","","","","","","","","","","","","","","","","","","","","","","","","","",""
"lsr_linear","graph_control","low_dim","x1","u","0.905114051684596","0.0","26.0","True","[""u_before"", ""x1_before""]","0.0421889999997802","","","","","","","","","","","","","","","","","","","","","","","","","",""
"lsr_linear","graph_control","low_dim","x2","u","0.0","0.0","26.0","False","[""u_before"", ""x2_before""]","0.0421889999997802","","","","","","","","","","","","","","","","","","","","","","","","","",""
"lsr_linear","graph_zero","low_dim","x1","u","1.0827286085121226","0.29600842229702","26.0","True","[]","0.0564386999994894","","","","1.0827286085121226","","","","","","","","","","","","","","","","","","","","","",""
"lsr_linear","graph_zero","low_dim","x2","u","0.0","0.0861255846665145","26.0","False","[]","0.0564386999994894","","","","0.0080048740923449","","","","","","","","","","","","","","","","","","","","","",""
"lsr_linear","pure","low_dim","x1","u","1.0827286085121226","0.29600842229702","26.0","","[]","0.0181771999996271","","","","","","","","","","","","","","","","","","","","","","","","","",""
"lsr_linear","pure","low_dim","x2","u","0.0080048740923449","0.0861255846665145","26.0","","[]","0.0181771999996271","","","","","","","","","","","","","","","","","","","","","","","","","",""
"lsr_linear","graph_control","low_dim","x1","u","0.9267065466649425","0.0","26","True","[""u_before"", ""x1_before""]","0.01298469997709617","","","","","","","","","","","","","","","","","","","","","","","","","",""
"lsr_linear","graph_control","low_dim","x2","u","-0.011850347484843479","0.0","26","True","[""u_before"", ""x1_before"", ""x2_before""]","0.01298469997709617","","","","","","","","","","","","","","","","","","","","","","","","","",""
"lsr_linear","graph_zero","low_dim","x1","u","1.1980368845381366","0.4954088125119347","26","True","[]","0.01833339998847805","","","","1.1980368845381366","","","","","","","","","","","","","","","","","","","","","",""
"lsr_linear","graph_zero","low_dim","x2","u","-0.019982025833391735","0.12200327959943885","26","True","[]","0.01833339998847805","","","","-0.019982025833391735","","","","","","","","","","","","","","","","","","","","","",""
"lsr_linear","pure","low_dim","x1","u","1.1980368845381366","0.4954088125119347","26.0","","[]","0.0250979999982519","","","","","","","","","","","","","","","","","","","","","","","","","",""
"lsr_linear","pure","low_dim","x2","u","-0.0199820258333917","0.1220032795994388","26.0","","[]","0.0250979999982519","","","","","","","","","","","","","","","","","","","","","","","","","",""
"lsr_linear","graph_control","low_dim","x1","u","0.9145720402006988","0.0","26.0","True","[""u_before"", ""x1_before""]","0.0351843999997072","","","","","","","","","","","","","","","","","","","","","","","","","",""
"lsr_linear","graph_control","low_dim","x2","u","0.0","0.0","26.0","False","[""u_before"", ""x2_before""]","0.0351843999997072","","","","","","","","","","","","","","","","","","","","","","","","","",""
"lsr_linear","graph_zero","low_dim","x1","u","1.129423701269478","0.3275451231030518","26.0","True","[]","0.0482023999993543","","","","1.129423701269478","","","","","","","","","","","","","","","","","","","","","",""
"lsr_linear","graph_zero","low_dim","x2","u","0.0","0.1252753771843571","26.0","False","[]","0.0482023999993543","","","","0.0310291955853226","","","","","","","","","","","","","","","","","","","","","",""
"lsr_linear","pure","low_dim","x1","u","1.129423701269478","0.3275451231030518","26.0","","[]","0.024744099999225","","","","","","","","","","","","","","","","","","","","","","","","","",""
"lsr_linear","pure","low_dim","x2","u","0.0310291955853226","0.1252753771843571","26.0","","[]","0.024744099999225","","","","","","","","","","","","","","","","","","","","","","","","","",""
"lsr_linear","graph_control","low_dim","x1","u","0.9136683733302616","0.0","26.0","True","[""u_before"", ""x1_before""]","0.0407259999992675","","","","","","","","","","","","","","","","","","","","","","","","","",""
"lsr_linear","graph_control","low_dim","x2","u","0.0","0.0","26.0","False","[""u_before"", ""x2_before""]","0.0407259999992675","","","","","","","","","","","","","","","","","","","","","","","","","",""
"lsr_linear","graph_zero","low_dim","x1","u","1.119207123573372","0.3142293557832661","26.0","True","[]","0.036594100000002","","","","1.119207123573372","","","","","","","","","","","","","","","","","","","","","",""
"lsr_linear","graph_zero","low_dim","x2","u","0.0","0.107922985138196","26.0","False","[]","0.036594100000002","","","","0.0259580350248027","","","","","","","","","","","","","","","","","","","","","",""
"lsr_linear","pure","low_dim","x1","u","1.119207123573372","0.3142293557832661","26.0","","[]","0.0253851999987091","","","","","","","","","","","","","","","","","","","","","","","","","",""
"lsr_linear","pure","low_dim","x2","u","0.0259580350248027","0.107922985138196","26.0","","[]","0.0253851999987091","","","","","","","","","","","","","","","","","","","","","","","","","",""
"lsr_linear","graph_control","low_dim","x1","u","0.9374576089860822","0.0","26.0","True","[""u_before"", ""x1_before""]","0.0286288000006607","","","","","","","","","","","","","","","","","","","","","","","","","",""
"lsr_linear","graph_control","low_dim","x2","u","0.0","0.0","26.0","False","[""u_before"", ""x2_before""]","0.0286288000006607","","","","","","","","","","","","","","","","","","","","","","","","","",""
"lsr_linear","graph_zero","low_dim","x1","u","1.240742577697136","0.5909575244791915","26.0","True","[]","0.0495814999994763","","","","1.240742577697136","","","","","","","","","","","","","","","","","","","","","",""
"lsr_linear","graph_zero","low_dim","x2","u","0.0","0.12605137579779","26.0","False","[]","0.0495814999994763","","","","-0.0049876742935325","","","","","","","","","","","","","","","","","","","","","",""
"lsr_linear","pure","low_dim","x1","u","1.240742577697136","0.5909575244791915","26.0","","[]","0.0403036999996402","","","","","","","","","","","","","","","","","","","","","","","","","",""
"lsr_linear","pure","low_dim","x2","u","-0.0049876742935325","0.12605137579779","26.0","","[]","0.0403036999996402","","","","","","","","","","","","","","","","","","","","","","","","","",""
"lsr_linear","graph_control","low_dim","x1","u","0.9220430584836457","0.0","26.0","True","[""u_before"", ""x1_before""]","0.0262424000011378","","","","","","","","","","","","","","","","","","","","","","","","","",""
"lsr_linear","graph_control","low_dim","x2","u","0.0","0.0","26.0","False","[""u_before"", ""x2_before""]","0.0262424000011378","","","","","","","","","","","","","","","","","","","","","","","","","",""
"lsr_linear","graph_zero","low_dim","x1","u","1.104427796884198","0.3114888273259029","26.0","True","[]","0.0452117000004363","","","","1.104427796884198","","","","","","","","","","","","","","","","","","","","","",""
"lsr_linear","graph_zero","low_dim","x2","u","0.0","0.1056807229335732","26.0","False","[]","0.0452117000004363","","","","0.0232395000908218","","","","","","","","","","","","","","","","","","","","","",""
"lsr_linear","pure","low_dim","x1","u","1.104427796884198","0.3114888273259029","26.0","","[]","0.0211851000003662","","","","","","","","","","","","","","","","","","","","","","","","","",""
"lsr_linear","pure","low_dim","x2","u","0.0232395000908218","0.1056807229335732","26.0","","[]","0.0211851000003662","","","","","","","","","","","","","","","","","","","","","","","","","",""
"lsr_linear","graph_control","low_dim","x1","u","0.922036765420294","0.0","26.0","True","[""u_before"", ""x1_before""]","0.0265719999988505","","","","","","","","","","","","","","","","","","","","","","","","","",""
"lsr_linear","graph_control","low_dim","x2","u","0.0","0.0","26.0","False","[""u_before"", ""x2_before""]","0.0265719999988505","","","","","","","","","","","","","","","","","","","","","","","","","",""
"lsr_linear","graph_zero","low_dim","x1","u","1.0999698501739952","0.304916028519382","26.0","True","[]","0.0366746999989118","","","","1.0999698501739952","","","","","","","","","","","","","","","","","","","","","",""
"lsr_linear","graph_zero","low_dim","x2","u","0.0","0.1135904912132121","26.0","False","[]","0.0366746999989118","","","","0.0224115139217592","","","","","","","","","","","","","","","","","","","","","",""
"lsr_linear","pure","low_dim","x1","u","1.0999698501739952","0.304916028519382","26.0","","[]","0.0220196999998734","","","","","","","","","","","","","","","","","","","","","","","","","",""
"lsr_linear","pure","low_dim","x2","u","0.0224115139217592","0.1135904912132121","26.0","","[]","0.0220196999998734","","","","","","","","","","","","","","","","","","","","","","","","","",""
"lsr_linear","graph_control","low_dim","x1","u","0.9407373365870626","0.0","26.0","True","[""u_before"", ""x1_before""]","0.0323188000002119","","","","","","","","","","","","","","","","","","","","","","","","","",""
"lsr_linear","graph_control","low_dim","x2","u","0.0","0.0","26.0","False","[""u_before"", ""x2_before""]","0.0323188000002119","","","","","","","","","","","","","","","","","","","","","","","","","",""
"lsr_linear","graph_zero","low_dim","x1","u","1.2157466733118565","0.5218223050602027","26.0","True","[]","0.0394875000001775","","","","1.2157466733118565","","","","","","","","","","","","","","","","","","","","","",""
"lsr_linear","graph_zero","low_dim","x2","u","0.0","0.1318440808624084","26.0","False","[]","0.0394875000001775","","","","-0.0127773697880339","","","","","","","","","","","","","","","","","","","","","",""
"lsr_linear","pure","low_dim","x1","u","1.2157466733118565","0.5218223050602027","26.0","","[]","0.0184066999991046","","","","","","","","","","","","","","","","","","","","","","","","","",""
"lsr_linear","pure","low_dim","x2","u","-0.0127773697880339","0.1318440808624084","26.0","","[]","0.0184066999991046","","","","","","","","","","","","","","","","","","","","","","","","","",""
"lstm","rollout_fd","low_dim","x1","u","0.9182066917419434","0.0917793719346671","106.0","","","3.0674341959820595","","","","","","","","","","","160.0","96.0","2.0","106.0","0.001","3.0","0.05","","4.0","","","","","","",""
"lstm","rollout_fd","low_dim","x2","u","-0.0039827335515683","0.0034727706232963","106.0","","","3.0674341959820595","","","","","","","","","","","160.0","96.0","2.0","106.0","0.001","3.0","0.05","","4.0","","","","","","",""
"lstm","rollout_fd","low_dim","x1","u","0.9276806087988728","0.0804103096370139","106.0","","","3.0689183920039795","","","","","","","","","","","160.0","96.0","2.0","106.0","0.001","3.0","0.05","","4.0","","","","","","",""
"lstm","rollout_fd","low_dim","x2","u","-0.0044753811654924","0.0034025264691635","106.0","","","3.0689183920039795","","","","","","","","","","","160.0","96.0","2.0","106.0","0.001","3.0","0.05","","4.0","","","","","","",""
"lstm","rollout_fd","low_dim","x1","u","0.9698340099937512","0.1508901606251847","106.0","","","3.299675109999953","","","","","","","","","","","160.0","96.0","2.0","106.0","0.001","3.0","0.05","","4.0","","","","","","",""
"lstm","rollout_fd","low_dim","x2","u","-0.0014500752495566","0.009629801587225","106.0","","","3.299675109999953","","","","","","","","","","","160.0","96.0","2.0","106.0","0.001","3.0","0.05","","4.0","","","","","","",""
"lstm","rollout_fd","low_dim","x1","u","0.9280062925140812","0.0728784631399696","106.0","","","3.277256959991064","","","","","","","","","","","160.0","96.0","2.0","106.0","0.001","3.0","0.05","","4.0","","","","","","",""
"lstm","rollout_fd","low_dim","x2","u","0.0003577195007583","0.0046073092614127","106.0","","","3.277256959991064","","","","","","","","","","","160.0","96.0","2.0","106.0","0.001","3.0","0.05","","4.0","","","","","","",""
"lstm","rollout_fd","low_dim","x1","u","0.9317529313969162","0.0788433815168678","106.0","","","3.3160574459761847","","","","","","","","","","","160.0","96.0","2.0","106.0","0.001","3.0","0.05","","4.0","","","","","","",""
"lstm","rollout_fd","low_dim","x2","u","-0.0005655777780668","0.0079865316985453","106.0","","","3.3160574459761847","","","","","","","","","","","160.0","96.0","2.0","106.0","0.001","3.0","0.05","","4.0","","","","","","",""
"lstm","rollout_fd","low_dim","x1","u","0.9559038118371423","0.1109030319248394","106.0","","","3.2997733149968558","","","","","","","","","","","160.0","96.0","2.0","106.0","0.001","3.0","0.05","","4.0","","","","","","",""
"lstm","rollout_fd","low_dim","x2","u","-0.0028258828497887","0.0066083903900169","106.0","","","3.2997733149968558","","","","","","","","","","","160.0","96.0","2.0","106.0","0.001","3.0","0.05","","4.0","","","","","","",""
"lstm","rollout_fd","low_dim","x1","u","0.9163987630943082","0.0935320617574618","106.0","","","4.829669614002341","","","","","","","","","","","160.0","96.0","2.0","106.0","0.001","3.0","0.05","","4.0","","","","","","",""
"lstm","rollout_fd","low_dim","x2","u","-0.0019141079758827","0.0134413227346532","106.0","","","4.829669614002341","","","","","","","","","","","160.0","96.0","2.0","106.0","0.001","3.0","0.05","","4.0","","","","","","",""
"lstm","rollout_fd","low_dim","x1","u","0.9153412102528338","0.0636555967057664","106.0","","","3.2300555080000777","","","","","","","","","","","160.0","96.0","2.0","106.0","0.001","3.0","0.05","","4.0","","","","","","",""
"lstm","rollout_fd","low_dim","x2","u","-0.0052893405399512","0.013013604530932","106.0","","","3.2300555080000777","","","","","","","","","","","160.0","96.0","2.0","106.0","0.001","3.0","0.05","","4.0","","","","","","",""
"lstm","rollout_fd","low_dim","x1","u","0.9486615117990744","0.1232081757381683","106.0","","","3.185455178987468","","","","","","","","","","","160.0","96.0","2.0","106.0","0.001","3.0","0.05","","4.0","","","","","","",""
"lstm","rollout_fd","low_dim","x2","u","-0.0146117800306353","0.0387310020199221","106.0","","","3.185455178987468","","","","","","","","","","","160.0","96.0","2.0","106.0","0.001","3.0","0.05","","4.0","","","","","","",""
"lstm","rollout_fd","low_dim","x1","u","0.9204431558555028","0.093242128157114","106.0","","","3.138853866985301","","","","","","","","","","","160.0","96.0","2.0","106.0","0.001","3.0","0.05","","4.0","","","","","","",""
"lstm","rollout_fd","low_dim","x2","u","-0.0015805741657733","0.0051168618713017","106.0","","","3.138853866985301","","","","","","","","","","","160.0","96.0","2.0","106.0","0.001","3.0","0.05","","4.0","","","","","","",""
"lstm","rollout_fd","low_dim","x1","u","0.9261629795128444","0.0744621231680065","106.0","","","3.2055175049754325","","","","","","","","","","","160.0","96.0","2.0","106.0","0.001","3.0","0.05","","4.0","","","","","","",""
"lstm","rollout_fd","low_dim","x2","u","-0.0012907621256793","0.003571365418933","106.0","","","3.2055175049754325","","","","","","","","","","","160.0","96.0","2.0","106.0","0.001","3.0","0.05","","4.0","","","","","","",""
"lstm","rollout_fd","low_dim","x1","u","0.9750699996948242","0.1694623185881171","106.0","","","3.167405380983837","","","","","","","","","","","160.0","96.0","2.0","106.0","0.001","3.0","0.05","","4.0","","","","","","",""
"lstm","rollout_fd","low_dim","x2","u","-0.0013651268834822","0.0054991387331737","106.0","","","3.167405380983837","","","","","","","","","","","160.0","96.0","2.0","106.0","0.001","3.0","0.05","","4.0","","","","","","",""
"lstm","rollout_fd","low_dim","x1","u","0.931761234436395","0.076472468364821","106.0","","","3.111466238013236","","","","","","","","","","","160.0","96.0","2.0","106.0","0.001","3.0","0.05","","4.0","","","","","","",""
"lstm","rollout_fd","low_dim","x2","u","0.0002434423887571","0.0043951709498899","106.0","","","3.111466238013236","","","","","","","","","","","160.0","96.0","2.0","106.0","0.001","3.0","0.05","","4.0","","","","","","",""
"lstm","rollout_fd","low_dim","x1","u","0.942942388215155","0.0733031676257319","106.0","","","3.2344107989920303","","","","","","","","","","","160.0","96.0","2.0","106.0","0.001","3.0","0.05","","4.0","","","","","","",""
"lstm","rollout_fd","low_dim","x2","u","-0.0010808953249133","0.0042946146592169","106.0","","","3.2344107989920303","","","","","","","","","","","160.0","96.0","2.0","106.0","0.001","3.0","0.05","","4.0","","","","","","",""
"lstm","rollout_fd","low_dim","x1","u","0.982634572487957","0.1546730419760099","106.0","","","3.2495114280027337","","","","","","","","","","","160.0","96.0","2.0","106.0","0.001","3.0","0.05","","4.0","","","","","","",""
"lstm","rollout_fd","low_dim","x2","u","9.179756602432736e-05","0.0058873383807112","106.0","","","3.2495114280027337","","","","","","","","","","","160.0","96.0","2.0","106.0","0.001","3.0","0.05","","4.0","","","","","","",""
